[2025-08-02T01:42:45.736+0000] {processor.py:161} INFO - Started process (PID=104) to work on /home/airflow/.local/lib/python3.8/site-packages/airflow/example_dags/example_external_task_marker_dag.py
[2025-08-02T01:42:45.739+0000] {processor.py:830} INFO - Processing file /home/airflow/.local/lib/python3.8/site-packages/airflow/example_dags/example_external_task_marker_dag.py for tasks to queue
[2025-08-02T01:42:45.741+0000] {logging_mixin.py:188} INFO - [2025-08-02T01:42:45.741+0000] {dagbag.py:540} INFO - Filling up the DagBag from /home/airflow/.local/lib/python3.8/site-packages/airflow/example_dags/example_external_task_marker_dag.py
[2025-08-02T01:42:45.748+0000] {processor.py:840} INFO - DAG(s) 'example_external_task_marker_child', 'example_external_task_marker_parent' retrieved from /home/airflow/.local/lib/python3.8/site-packages/airflow/example_dags/example_external_task_marker_dag.py
[2025-08-02T01:42:45.864+0000] {logging_mixin.py:188} INFO - [2025-08-02T01:42:45.864+0000] {dag.py:3047} INFO - Sync 2 DAGs
[2025-08-02T01:42:45.875+0000] {logging_mixin.py:188} INFO - [2025-08-02T01:42:45.875+0000] {dag.py:3834} INFO - Setting next_dagrun for example_external_task_marker_child to None, run_after=None
[2025-08-02T01:42:45.878+0000] {logging_mixin.py:188} INFO - [2025-08-02T01:42:45.878+0000] {dag.py:3834} INFO - Setting next_dagrun for example_external_task_marker_parent to None, run_after=None
[2025-08-02T01:42:45.901+0000] {processor.py:183} INFO - Processing /home/airflow/.local/lib/python3.8/site-packages/airflow/example_dags/example_external_task_marker_dag.py took 0.168 seconds
[2025-08-02T01:43:16.591+0000] {processor.py:161} INFO - Started process (PID=160) to work on /home/airflow/.local/lib/python3.8/site-packages/airflow/example_dags/example_external_task_marker_dag.py
[2025-08-02T01:43:16.592+0000] {processor.py:830} INFO - Processing file /home/airflow/.local/lib/python3.8/site-packages/airflow/example_dags/example_external_task_marker_dag.py for tasks to queue
[2025-08-02T01:43:16.593+0000] {logging_mixin.py:188} INFO - [2025-08-02T01:43:16.593+0000] {dagbag.py:540} INFO - Filling up the DagBag from /home/airflow/.local/lib/python3.8/site-packages/airflow/example_dags/example_external_task_marker_dag.py
[2025-08-02T01:43:16.597+0000] {processor.py:840} INFO - DAG(s) 'example_external_task_marker_parent', 'example_external_task_marker_child' retrieved from /home/airflow/.local/lib/python3.8/site-packages/airflow/example_dags/example_external_task_marker_dag.py
[2025-08-02T01:43:16.614+0000] {logging_mixin.py:188} INFO - [2025-08-02T01:43:16.614+0000] {dag.py:3047} INFO - Sync 2 DAGs
[2025-08-02T01:43:16.623+0000] {logging_mixin.py:188} INFO - [2025-08-02T01:43:16.623+0000] {dag.py:3834} INFO - Setting next_dagrun for example_external_task_marker_child to None, run_after=None
[2025-08-02T01:43:16.631+0000] {logging_mixin.py:188} INFO - [2025-08-02T01:43:16.631+0000] {dag.py:3834} INFO - Setting next_dagrun for example_external_task_marker_parent to None, run_after=None
[2025-08-02T01:43:16.660+0000] {processor.py:183} INFO - Processing /home/airflow/.local/lib/python3.8/site-packages/airflow/example_dags/example_external_task_marker_dag.py took 0.071 seconds
[2025-08-02T01:43:46.907+0000] {processor.py:161} INFO - Started process (PID=216) to work on /home/airflow/.local/lib/python3.8/site-packages/airflow/example_dags/example_external_task_marker_dag.py
[2025-08-02T01:43:46.909+0000] {processor.py:830} INFO - Processing file /home/airflow/.local/lib/python3.8/site-packages/airflow/example_dags/example_external_task_marker_dag.py for tasks to queue
[2025-08-02T01:43:46.911+0000] {logging_mixin.py:188} INFO - [2025-08-02T01:43:46.910+0000] {dagbag.py:540} INFO - Filling up the DagBag from /home/airflow/.local/lib/python3.8/site-packages/airflow/example_dags/example_external_task_marker_dag.py
[2025-08-02T01:43:46.915+0000] {processor.py:840} INFO - DAG(s) 'example_external_task_marker_parent', 'example_external_task_marker_child' retrieved from /home/airflow/.local/lib/python3.8/site-packages/airflow/example_dags/example_external_task_marker_dag.py
[2025-08-02T01:43:46.937+0000] {logging_mixin.py:188} INFO - [2025-08-02T01:43:46.937+0000] {dag.py:3047} INFO - Sync 2 DAGs
[2025-08-02T01:43:46.944+0000] {logging_mixin.py:188} INFO - [2025-08-02T01:43:46.944+0000] {dag.py:3834} INFO - Setting next_dagrun for example_external_task_marker_child to None, run_after=None
[2025-08-02T01:43:46.948+0000] {logging_mixin.py:188} INFO - [2025-08-02T01:43:46.948+0000] {dag.py:3834} INFO - Setting next_dagrun for example_external_task_marker_parent to None, run_after=None
[2025-08-02T01:43:46.965+0000] {processor.py:183} INFO - Processing /home/airflow/.local/lib/python3.8/site-packages/airflow/example_dags/example_external_task_marker_dag.py took 0.061 seconds
[2025-08-02T01:44:18.087+0000] {processor.py:161} INFO - Started process (PID=272) to work on /home/airflow/.local/lib/python3.8/site-packages/airflow/example_dags/example_external_task_marker_dag.py
[2025-08-02T01:44:18.089+0000] {processor.py:830} INFO - Processing file /home/airflow/.local/lib/python3.8/site-packages/airflow/example_dags/example_external_task_marker_dag.py for tasks to queue
[2025-08-02T01:44:18.090+0000] {logging_mixin.py:188} INFO - [2025-08-02T01:44:18.090+0000] {dagbag.py:540} INFO - Filling up the DagBag from /home/airflow/.local/lib/python3.8/site-packages/airflow/example_dags/example_external_task_marker_dag.py
[2025-08-02T01:44:18.099+0000] {processor.py:840} INFO - DAG(s) 'example_external_task_marker_parent', 'example_external_task_marker_child' retrieved from /home/airflow/.local/lib/python3.8/site-packages/airflow/example_dags/example_external_task_marker_dag.py
[2025-08-02T01:44:18.124+0000] {logging_mixin.py:188} INFO - [2025-08-02T01:44:18.124+0000] {dag.py:3047} INFO - Sync 2 DAGs
[2025-08-02T01:44:18.174+0000] {logging_mixin.py:188} INFO - [2025-08-02T01:44:18.174+0000] {dag.py:3834} INFO - Setting next_dagrun for example_external_task_marker_child to None, run_after=None
[2025-08-02T01:44:18.180+0000] {logging_mixin.py:188} INFO - [2025-08-02T01:44:18.179+0000] {dag.py:3834} INFO - Setting next_dagrun for example_external_task_marker_parent to None, run_after=None
[2025-08-02T01:44:18.207+0000] {processor.py:183} INFO - Processing /home/airflow/.local/lib/python3.8/site-packages/airflow/example_dags/example_external_task_marker_dag.py took 0.126 seconds
[2025-08-02T01:44:48.893+0000] {processor.py:161} INFO - Started process (PID=328) to work on /home/airflow/.local/lib/python3.8/site-packages/airflow/example_dags/example_external_task_marker_dag.py
[2025-08-02T01:44:48.894+0000] {processor.py:830} INFO - Processing file /home/airflow/.local/lib/python3.8/site-packages/airflow/example_dags/example_external_task_marker_dag.py for tasks to queue
[2025-08-02T01:44:48.896+0000] {logging_mixin.py:188} INFO - [2025-08-02T01:44:48.896+0000] {dagbag.py:540} INFO - Filling up the DagBag from /home/airflow/.local/lib/python3.8/site-packages/airflow/example_dags/example_external_task_marker_dag.py
[2025-08-02T01:44:48.900+0000] {processor.py:840} INFO - DAG(s) 'example_external_task_marker_child', 'example_external_task_marker_parent' retrieved from /home/airflow/.local/lib/python3.8/site-packages/airflow/example_dags/example_external_task_marker_dag.py
[2025-08-02T01:44:48.916+0000] {logging_mixin.py:188} INFO - [2025-08-02T01:44:48.916+0000] {dag.py:3047} INFO - Sync 2 DAGs
[2025-08-02T01:44:48.925+0000] {logging_mixin.py:188} INFO - [2025-08-02T01:44:48.925+0000] {dag.py:3834} INFO - Setting next_dagrun for example_external_task_marker_child to None, run_after=None
[2025-08-02T01:44:48.929+0000] {logging_mixin.py:188} INFO - [2025-08-02T01:44:48.929+0000] {dag.py:3834} INFO - Setting next_dagrun for example_external_task_marker_parent to None, run_after=None
[2025-08-02T01:44:48.942+0000] {processor.py:183} INFO - Processing /home/airflow/.local/lib/python3.8/site-packages/airflow/example_dags/example_external_task_marker_dag.py took 0.051 seconds
[2025-08-02T01:45:20.011+0000] {processor.py:161} INFO - Started process (PID=384) to work on /home/airflow/.local/lib/python3.8/site-packages/airflow/example_dags/example_external_task_marker_dag.py
[2025-08-02T01:45:20.013+0000] {processor.py:830} INFO - Processing file /home/airflow/.local/lib/python3.8/site-packages/airflow/example_dags/example_external_task_marker_dag.py for tasks to queue
[2025-08-02T01:45:20.014+0000] {logging_mixin.py:188} INFO - [2025-08-02T01:45:20.014+0000] {dagbag.py:540} INFO - Filling up the DagBag from /home/airflow/.local/lib/python3.8/site-packages/airflow/example_dags/example_external_task_marker_dag.py
[2025-08-02T01:45:20.019+0000] {processor.py:840} INFO - DAG(s) 'example_external_task_marker_parent', 'example_external_task_marker_child' retrieved from /home/airflow/.local/lib/python3.8/site-packages/airflow/example_dags/example_external_task_marker_dag.py
[2025-08-02T01:45:20.042+0000] {logging_mixin.py:188} INFO - [2025-08-02T01:45:20.042+0000] {dag.py:3047} INFO - Sync 2 DAGs
[2025-08-02T01:45:20.050+0000] {logging_mixin.py:188} INFO - [2025-08-02T01:45:20.050+0000] {dag.py:3834} INFO - Setting next_dagrun for example_external_task_marker_child to None, run_after=None
[2025-08-02T01:45:20.052+0000] {logging_mixin.py:188} INFO - [2025-08-02T01:45:20.052+0000] {dag.py:3834} INFO - Setting next_dagrun for example_external_task_marker_parent to None, run_after=None
[2025-08-02T01:45:20.064+0000] {processor.py:183} INFO - Processing /home/airflow/.local/lib/python3.8/site-packages/airflow/example_dags/example_external_task_marker_dag.py took 0.055 seconds
[2025-08-02T01:45:50.447+0000] {processor.py:161} INFO - Started process (PID=440) to work on /home/airflow/.local/lib/python3.8/site-packages/airflow/example_dags/example_external_task_marker_dag.py
[2025-08-02T01:45:50.449+0000] {processor.py:830} INFO - Processing file /home/airflow/.local/lib/python3.8/site-packages/airflow/example_dags/example_external_task_marker_dag.py for tasks to queue
[2025-08-02T01:45:50.451+0000] {logging_mixin.py:188} INFO - [2025-08-02T01:45:50.451+0000] {dagbag.py:540} INFO - Filling up the DagBag from /home/airflow/.local/lib/python3.8/site-packages/airflow/example_dags/example_external_task_marker_dag.py
[2025-08-02T01:45:50.456+0000] {processor.py:840} INFO - DAG(s) 'example_external_task_marker_child', 'example_external_task_marker_parent' retrieved from /home/airflow/.local/lib/python3.8/site-packages/airflow/example_dags/example_external_task_marker_dag.py
[2025-08-02T01:45:50.475+0000] {logging_mixin.py:188} INFO - [2025-08-02T01:45:50.474+0000] {dag.py:3047} INFO - Sync 2 DAGs
[2025-08-02T01:45:50.483+0000] {logging_mixin.py:188} INFO - [2025-08-02T01:45:50.483+0000] {dag.py:3834} INFO - Setting next_dagrun for example_external_task_marker_child to None, run_after=None
[2025-08-02T01:45:50.486+0000] {logging_mixin.py:188} INFO - [2025-08-02T01:45:50.485+0000] {dag.py:3834} INFO - Setting next_dagrun for example_external_task_marker_parent to None, run_after=None
[2025-08-02T01:45:50.501+0000] {processor.py:183} INFO - Processing /home/airflow/.local/lib/python3.8/site-packages/airflow/example_dags/example_external_task_marker_dag.py took 0.059 seconds
[2025-08-02T01:46:21.298+0000] {processor.py:161} INFO - Started process (PID=497) to work on /home/airflow/.local/lib/python3.8/site-packages/airflow/example_dags/example_external_task_marker_dag.py
[2025-08-02T01:46:21.299+0000] {processor.py:830} INFO - Processing file /home/airflow/.local/lib/python3.8/site-packages/airflow/example_dags/example_external_task_marker_dag.py for tasks to queue
[2025-08-02T01:46:21.300+0000] {logging_mixin.py:188} INFO - [2025-08-02T01:46:21.300+0000] {dagbag.py:540} INFO - Filling up the DagBag from /home/airflow/.local/lib/python3.8/site-packages/airflow/example_dags/example_external_task_marker_dag.py
[2025-08-02T01:46:21.306+0000] {processor.py:840} INFO - DAG(s) 'example_external_task_marker_child', 'example_external_task_marker_parent' retrieved from /home/airflow/.local/lib/python3.8/site-packages/airflow/example_dags/example_external_task_marker_dag.py
[2025-08-02T01:46:21.360+0000] {logging_mixin.py:188} INFO - [2025-08-02T01:46:21.358+0000] {dag.py:3047} INFO - Sync 2 DAGs
[2025-08-02T01:46:21.373+0000] {logging_mixin.py:188} INFO - [2025-08-02T01:46:21.372+0000] {dag.py:3834} INFO - Setting next_dagrun for example_external_task_marker_child to None, run_after=None
[2025-08-02T01:46:21.375+0000] {logging_mixin.py:188} INFO - [2025-08-02T01:46:21.375+0000] {dag.py:3834} INFO - Setting next_dagrun for example_external_task_marker_parent to None, run_after=None
[2025-08-02T01:46:21.385+0000] {processor.py:183} INFO - Processing /home/airflow/.local/lib/python3.8/site-packages/airflow/example_dags/example_external_task_marker_dag.py took 0.090 seconds
[2025-08-02T01:46:51.705+0000] {processor.py:161} INFO - Started process (PID=554) to work on /home/airflow/.local/lib/python3.8/site-packages/airflow/example_dags/example_external_task_marker_dag.py
[2025-08-02T01:46:51.706+0000] {processor.py:830} INFO - Processing file /home/airflow/.local/lib/python3.8/site-packages/airflow/example_dags/example_external_task_marker_dag.py for tasks to queue
[2025-08-02T01:46:51.707+0000] {logging_mixin.py:188} INFO - [2025-08-02T01:46:51.707+0000] {dagbag.py:540} INFO - Filling up the DagBag from /home/airflow/.local/lib/python3.8/site-packages/airflow/example_dags/example_external_task_marker_dag.py
[2025-08-02T01:46:51.711+0000] {processor.py:840} INFO - DAG(s) 'example_external_task_marker_child', 'example_external_task_marker_parent' retrieved from /home/airflow/.local/lib/python3.8/site-packages/airflow/example_dags/example_external_task_marker_dag.py
[2025-08-02T01:46:51.725+0000] {logging_mixin.py:188} INFO - [2025-08-02T01:46:51.725+0000] {dag.py:3047} INFO - Sync 2 DAGs
[2025-08-02T01:46:51.732+0000] {logging_mixin.py:188} INFO - [2025-08-02T01:46:51.732+0000] {dag.py:3834} INFO - Setting next_dagrun for example_external_task_marker_child to None, run_after=None
[2025-08-02T01:46:51.734+0000] {logging_mixin.py:188} INFO - [2025-08-02T01:46:51.734+0000] {dag.py:3834} INFO - Setting next_dagrun for example_external_task_marker_parent to None, run_after=None
[2025-08-02T01:46:51.742+0000] {processor.py:183} INFO - Processing /home/airflow/.local/lib/python3.8/site-packages/airflow/example_dags/example_external_task_marker_dag.py took 0.039 seconds
[2025-08-02T01:47:22.290+0000] {processor.py:161} INFO - Started process (PID=610) to work on /home/airflow/.local/lib/python3.8/site-packages/airflow/example_dags/example_external_task_marker_dag.py
[2025-08-02T01:47:22.291+0000] {processor.py:830} INFO - Processing file /home/airflow/.local/lib/python3.8/site-packages/airflow/example_dags/example_external_task_marker_dag.py for tasks to queue
[2025-08-02T01:47:22.292+0000] {logging_mixin.py:188} INFO - [2025-08-02T01:47:22.292+0000] {dagbag.py:540} INFO - Filling up the DagBag from /home/airflow/.local/lib/python3.8/site-packages/airflow/example_dags/example_external_task_marker_dag.py
[2025-08-02T01:47:22.299+0000] {processor.py:840} INFO - DAG(s) 'example_external_task_marker_child', 'example_external_task_marker_parent' retrieved from /home/airflow/.local/lib/python3.8/site-packages/airflow/example_dags/example_external_task_marker_dag.py
[2025-08-02T01:47:22.326+0000] {logging_mixin.py:188} INFO - [2025-08-02T01:47:22.326+0000] {dag.py:3047} INFO - Sync 2 DAGs
[2025-08-02T01:47:22.333+0000] {logging_mixin.py:188} INFO - [2025-08-02T01:47:22.332+0000] {dag.py:3834} INFO - Setting next_dagrun for example_external_task_marker_child to None, run_after=None
[2025-08-02T01:47:22.334+0000] {logging_mixin.py:188} INFO - [2025-08-02T01:47:22.334+0000] {dag.py:3834} INFO - Setting next_dagrun for example_external_task_marker_parent to None, run_after=None
[2025-08-02T01:47:22.342+0000] {processor.py:183} INFO - Processing /home/airflow/.local/lib/python3.8/site-packages/airflow/example_dags/example_external_task_marker_dag.py took 0.057 seconds
[2025-08-02T01:47:53.214+0000] {processor.py:161} INFO - Started process (PID=666) to work on /home/airflow/.local/lib/python3.8/site-packages/airflow/example_dags/example_external_task_marker_dag.py
[2025-08-02T01:47:53.215+0000] {processor.py:830} INFO - Processing file /home/airflow/.local/lib/python3.8/site-packages/airflow/example_dags/example_external_task_marker_dag.py for tasks to queue
[2025-08-02T01:47:53.216+0000] {logging_mixin.py:188} INFO - [2025-08-02T01:47:53.216+0000] {dagbag.py:540} INFO - Filling up the DagBag from /home/airflow/.local/lib/python3.8/site-packages/airflow/example_dags/example_external_task_marker_dag.py
[2025-08-02T01:47:53.228+0000] {processor.py:840} INFO - DAG(s) 'example_external_task_marker_child', 'example_external_task_marker_parent' retrieved from /home/airflow/.local/lib/python3.8/site-packages/airflow/example_dags/example_external_task_marker_dag.py
[2025-08-02T01:47:53.272+0000] {logging_mixin.py:188} INFO - [2025-08-02T01:47:53.272+0000] {dag.py:3047} INFO - Sync 2 DAGs
[2025-08-02T01:47:53.286+0000] {logging_mixin.py:188} INFO - [2025-08-02T01:47:53.286+0000] {dag.py:3834} INFO - Setting next_dagrun for example_external_task_marker_child to None, run_after=None
[2025-08-02T01:47:53.291+0000] {logging_mixin.py:188} INFO - [2025-08-02T01:47:53.291+0000] {dag.py:3834} INFO - Setting next_dagrun for example_external_task_marker_parent to None, run_after=None
[2025-08-02T01:47:53.311+0000] {processor.py:183} INFO - Processing /home/airflow/.local/lib/python3.8/site-packages/airflow/example_dags/example_external_task_marker_dag.py took 0.103 seconds
[2025-08-02T01:48:23.908+0000] {processor.py:161} INFO - Started process (PID=722) to work on /home/airflow/.local/lib/python3.8/site-packages/airflow/example_dags/example_external_task_marker_dag.py
[2025-08-02T01:48:23.909+0000] {processor.py:830} INFO - Processing file /home/airflow/.local/lib/python3.8/site-packages/airflow/example_dags/example_external_task_marker_dag.py for tasks to queue
[2025-08-02T01:48:23.910+0000] {logging_mixin.py:188} INFO - [2025-08-02T01:48:23.910+0000] {dagbag.py:540} INFO - Filling up the DagBag from /home/airflow/.local/lib/python3.8/site-packages/airflow/example_dags/example_external_task_marker_dag.py
[2025-08-02T01:48:23.915+0000] {processor.py:840} INFO - DAG(s) 'example_external_task_marker_child', 'example_external_task_marker_parent' retrieved from /home/airflow/.local/lib/python3.8/site-packages/airflow/example_dags/example_external_task_marker_dag.py
[2025-08-02T01:48:23.935+0000] {logging_mixin.py:188} INFO - [2025-08-02T01:48:23.935+0000] {dag.py:3047} INFO - Sync 2 DAGs
[2025-08-02T01:48:23.945+0000] {logging_mixin.py:188} INFO - [2025-08-02T01:48:23.945+0000] {dag.py:3834} INFO - Setting next_dagrun for example_external_task_marker_child to None, run_after=None
[2025-08-02T01:48:23.947+0000] {logging_mixin.py:188} INFO - [2025-08-02T01:48:23.947+0000] {dag.py:3834} INFO - Setting next_dagrun for example_external_task_marker_parent to None, run_after=None
[2025-08-02T01:48:23.959+0000] {processor.py:183} INFO - Processing /home/airflow/.local/lib/python3.8/site-packages/airflow/example_dags/example_external_task_marker_dag.py took 0.054 seconds
[2025-08-02T01:48:55.160+0000] {processor.py:161} INFO - Started process (PID=778) to work on /home/airflow/.local/lib/python3.8/site-packages/airflow/example_dags/example_external_task_marker_dag.py
[2025-08-02T01:48:55.161+0000] {processor.py:830} INFO - Processing file /home/airflow/.local/lib/python3.8/site-packages/airflow/example_dags/example_external_task_marker_dag.py for tasks to queue
[2025-08-02T01:48:55.162+0000] {logging_mixin.py:188} INFO - [2025-08-02T01:48:55.162+0000] {dagbag.py:540} INFO - Filling up the DagBag from /home/airflow/.local/lib/python3.8/site-packages/airflow/example_dags/example_external_task_marker_dag.py
[2025-08-02T01:48:55.166+0000] {processor.py:840} INFO - DAG(s) 'example_external_task_marker_parent', 'example_external_task_marker_child' retrieved from /home/airflow/.local/lib/python3.8/site-packages/airflow/example_dags/example_external_task_marker_dag.py
[2025-08-02T01:48:55.181+0000] {logging_mixin.py:188} INFO - [2025-08-02T01:48:55.181+0000] {dag.py:3047} INFO - Sync 2 DAGs
[2025-08-02T01:48:55.189+0000] {logging_mixin.py:188} INFO - [2025-08-02T01:48:55.189+0000] {dag.py:3834} INFO - Setting next_dagrun for example_external_task_marker_child to None, run_after=None
[2025-08-02T01:48:55.194+0000] {logging_mixin.py:188} INFO - [2025-08-02T01:48:55.194+0000] {dag.py:3834} INFO - Setting next_dagrun for example_external_task_marker_parent to None, run_after=None
[2025-08-02T01:48:55.204+0000] {processor.py:183} INFO - Processing /home/airflow/.local/lib/python3.8/site-packages/airflow/example_dags/example_external_task_marker_dag.py took 0.047 seconds
[2025-08-02T01:49:25.994+0000] {processor.py:161} INFO - Started process (PID=834) to work on /home/airflow/.local/lib/python3.8/site-packages/airflow/example_dags/example_external_task_marker_dag.py
[2025-08-02T01:49:25.995+0000] {processor.py:830} INFO - Processing file /home/airflow/.local/lib/python3.8/site-packages/airflow/example_dags/example_external_task_marker_dag.py for tasks to queue
[2025-08-02T01:49:25.996+0000] {logging_mixin.py:188} INFO - [2025-08-02T01:49:25.995+0000] {dagbag.py:540} INFO - Filling up the DagBag from /home/airflow/.local/lib/python3.8/site-packages/airflow/example_dags/example_external_task_marker_dag.py
[2025-08-02T01:49:26.000+0000] {processor.py:840} INFO - DAG(s) 'example_external_task_marker_child', 'example_external_task_marker_parent' retrieved from /home/airflow/.local/lib/python3.8/site-packages/airflow/example_dags/example_external_task_marker_dag.py
[2025-08-02T01:49:26.024+0000] {logging_mixin.py:188} INFO - [2025-08-02T01:49:26.024+0000] {dag.py:3047} INFO - Sync 2 DAGs
[2025-08-02T01:49:26.034+0000] {logging_mixin.py:188} INFO - [2025-08-02T01:49:26.034+0000] {dag.py:3834} INFO - Setting next_dagrun for example_external_task_marker_child to None, run_after=None
[2025-08-02T01:49:26.037+0000] {logging_mixin.py:188} INFO - [2025-08-02T01:49:26.037+0000] {dag.py:3834} INFO - Setting next_dagrun for example_external_task_marker_parent to None, run_after=None
[2025-08-02T01:49:26.052+0000] {processor.py:183} INFO - Processing /home/airflow/.local/lib/python3.8/site-packages/airflow/example_dags/example_external_task_marker_dag.py took 0.060 seconds
[2025-08-02T01:49:56.713+0000] {processor.py:161} INFO - Started process (PID=890) to work on /home/airflow/.local/lib/python3.8/site-packages/airflow/example_dags/example_external_task_marker_dag.py
[2025-08-02T01:49:56.718+0000] {processor.py:830} INFO - Processing file /home/airflow/.local/lib/python3.8/site-packages/airflow/example_dags/example_external_task_marker_dag.py for tasks to queue
[2025-08-02T01:49:56.726+0000] {logging_mixin.py:188} INFO - [2025-08-02T01:49:56.725+0000] {dagbag.py:540} INFO - Filling up the DagBag from /home/airflow/.local/lib/python3.8/site-packages/airflow/example_dags/example_external_task_marker_dag.py
[2025-08-02T01:49:56.743+0000] {processor.py:840} INFO - DAG(s) 'example_external_task_marker_parent', 'example_external_task_marker_child' retrieved from /home/airflow/.local/lib/python3.8/site-packages/airflow/example_dags/example_external_task_marker_dag.py
[2025-08-02T01:49:56.812+0000] {logging_mixin.py:188} INFO - [2025-08-02T01:49:56.811+0000] {dag.py:3047} INFO - Sync 2 DAGs
[2025-08-02T01:49:56.857+0000] {logging_mixin.py:188} INFO - [2025-08-02T01:49:56.855+0000] {dag.py:3834} INFO - Setting next_dagrun for example_external_task_marker_child to None, run_after=None
[2025-08-02T01:49:56.867+0000] {logging_mixin.py:188} INFO - [2025-08-02T01:49:56.867+0000] {dag.py:3834} INFO - Setting next_dagrun for example_external_task_marker_parent to None, run_after=None
[2025-08-02T01:49:56.898+0000] {processor.py:183} INFO - Processing /home/airflow/.local/lib/python3.8/site-packages/airflow/example_dags/example_external_task_marker_dag.py took 0.187 seconds
[2025-08-02T01:50:28.501+0000] {processor.py:161} INFO - Started process (PID=946) to work on /home/airflow/.local/lib/python3.8/site-packages/airflow/example_dags/example_external_task_marker_dag.py
[2025-08-02T01:50:28.502+0000] {processor.py:830} INFO - Processing file /home/airflow/.local/lib/python3.8/site-packages/airflow/example_dags/example_external_task_marker_dag.py for tasks to queue
[2025-08-02T01:50:28.506+0000] {logging_mixin.py:188} INFO - [2025-08-02T01:50:28.506+0000] {dagbag.py:540} INFO - Filling up the DagBag from /home/airflow/.local/lib/python3.8/site-packages/airflow/example_dags/example_external_task_marker_dag.py
[2025-08-02T01:50:28.511+0000] {processor.py:840} INFO - DAG(s) 'example_external_task_marker_child', 'example_external_task_marker_parent' retrieved from /home/airflow/.local/lib/python3.8/site-packages/airflow/example_dags/example_external_task_marker_dag.py
[2025-08-02T01:50:28.541+0000] {logging_mixin.py:188} INFO - [2025-08-02T01:50:28.541+0000] {dag.py:3047} INFO - Sync 2 DAGs
[2025-08-02T01:50:28.554+0000] {logging_mixin.py:188} INFO - [2025-08-02T01:50:28.553+0000] {dag.py:3834} INFO - Setting next_dagrun for example_external_task_marker_child to None, run_after=None
[2025-08-02T01:50:28.558+0000] {logging_mixin.py:188} INFO - [2025-08-02T01:50:28.558+0000] {dag.py:3834} INFO - Setting next_dagrun for example_external_task_marker_parent to None, run_after=None
[2025-08-02T01:50:28.582+0000] {processor.py:183} INFO - Processing /home/airflow/.local/lib/python3.8/site-packages/airflow/example_dags/example_external_task_marker_dag.py took 0.085 seconds
[2025-08-02T01:51:01.639+0000] {processor.py:161} INFO - Started process (PID=1003) to work on /home/airflow/.local/lib/python3.8/site-packages/airflow/example_dags/example_external_task_marker_dag.py
[2025-08-02T01:51:01.641+0000] {processor.py:830} INFO - Processing file /home/airflow/.local/lib/python3.8/site-packages/airflow/example_dags/example_external_task_marker_dag.py for tasks to queue
[2025-08-02T01:51:01.646+0000] {logging_mixin.py:188} INFO - [2025-08-02T01:51:01.646+0000] {dagbag.py:540} INFO - Filling up the DagBag from /home/airflow/.local/lib/python3.8/site-packages/airflow/example_dags/example_external_task_marker_dag.py
[2025-08-02T01:51:01.669+0000] {processor.py:840} INFO - DAG(s) 'example_external_task_marker_parent', 'example_external_task_marker_child' retrieved from /home/airflow/.local/lib/python3.8/site-packages/airflow/example_dags/example_external_task_marker_dag.py
[2025-08-02T01:51:01.792+0000] {logging_mixin.py:188} INFO - [2025-08-02T01:51:01.791+0000] {dag.py:3047} INFO - Sync 2 DAGs
[2025-08-02T01:51:01.838+0000] {logging_mixin.py:188} INFO - [2025-08-02T01:51:01.836+0000] {dag.py:3834} INFO - Setting next_dagrun for example_external_task_marker_child to None, run_after=None
[2025-08-02T01:51:01.846+0000] {logging_mixin.py:188} INFO - [2025-08-02T01:51:01.846+0000] {dag.py:3834} INFO - Setting next_dagrun for example_external_task_marker_parent to None, run_after=None
[2025-08-02T01:51:01.878+0000] {processor.py:183} INFO - Processing /home/airflow/.local/lib/python3.8/site-packages/airflow/example_dags/example_external_task_marker_dag.py took 0.243 seconds
[2025-08-02T01:51:31.967+0000] {processor.py:161} INFO - Started process (PID=1059) to work on /home/airflow/.local/lib/python3.8/site-packages/airflow/example_dags/example_external_task_marker_dag.py
[2025-08-02T01:51:31.967+0000] {processor.py:830} INFO - Processing file /home/airflow/.local/lib/python3.8/site-packages/airflow/example_dags/example_external_task_marker_dag.py for tasks to queue
[2025-08-02T01:51:31.968+0000] {logging_mixin.py:188} INFO - [2025-08-02T01:51:31.968+0000] {dagbag.py:540} INFO - Filling up the DagBag from /home/airflow/.local/lib/python3.8/site-packages/airflow/example_dags/example_external_task_marker_dag.py
[2025-08-02T01:51:31.973+0000] {processor.py:840} INFO - DAG(s) 'example_external_task_marker_child', 'example_external_task_marker_parent' retrieved from /home/airflow/.local/lib/python3.8/site-packages/airflow/example_dags/example_external_task_marker_dag.py
[2025-08-02T01:51:31.985+0000] {logging_mixin.py:188} INFO - [2025-08-02T01:51:31.985+0000] {dag.py:3047} INFO - Sync 2 DAGs
[2025-08-02T01:51:31.994+0000] {logging_mixin.py:188} INFO - [2025-08-02T01:51:31.994+0000] {dag.py:3834} INFO - Setting next_dagrun for example_external_task_marker_child to None, run_after=None
[2025-08-02T01:51:31.997+0000] {logging_mixin.py:188} INFO - [2025-08-02T01:51:31.997+0000] {dag.py:3834} INFO - Setting next_dagrun for example_external_task_marker_parent to None, run_after=None
[2025-08-02T01:51:32.008+0000] {processor.py:183} INFO - Processing /home/airflow/.local/lib/python3.8/site-packages/airflow/example_dags/example_external_task_marker_dag.py took 0.044 seconds
[2025-08-02T01:52:02.467+0000] {processor.py:161} INFO - Started process (PID=1115) to work on /home/airflow/.local/lib/python3.8/site-packages/airflow/example_dags/example_external_task_marker_dag.py
[2025-08-02T01:52:02.468+0000] {processor.py:830} INFO - Processing file /home/airflow/.local/lib/python3.8/site-packages/airflow/example_dags/example_external_task_marker_dag.py for tasks to queue
[2025-08-02T01:52:02.469+0000] {logging_mixin.py:188} INFO - [2025-08-02T01:52:02.469+0000] {dagbag.py:540} INFO - Filling up the DagBag from /home/airflow/.local/lib/python3.8/site-packages/airflow/example_dags/example_external_task_marker_dag.py
[2025-08-02T01:52:02.473+0000] {processor.py:840} INFO - DAG(s) 'example_external_task_marker_child', 'example_external_task_marker_parent' retrieved from /home/airflow/.local/lib/python3.8/site-packages/airflow/example_dags/example_external_task_marker_dag.py
[2025-08-02T01:52:02.486+0000] {logging_mixin.py:188} INFO - [2025-08-02T01:52:02.486+0000] {dag.py:3047} INFO - Sync 2 DAGs
[2025-08-02T01:52:02.492+0000] {logging_mixin.py:188} INFO - [2025-08-02T01:52:02.491+0000] {dag.py:3834} INFO - Setting next_dagrun for example_external_task_marker_child to None, run_after=None
[2025-08-02T01:52:02.493+0000] {logging_mixin.py:188} INFO - [2025-08-02T01:52:02.493+0000] {dag.py:3834} INFO - Setting next_dagrun for example_external_task_marker_parent to None, run_after=None
[2025-08-02T01:52:02.500+0000] {processor.py:183} INFO - Processing /home/airflow/.local/lib/python3.8/site-packages/airflow/example_dags/example_external_task_marker_dag.py took 0.036 seconds
[2025-08-02T01:52:33.403+0000] {processor.py:161} INFO - Started process (PID=1171) to work on /home/airflow/.local/lib/python3.8/site-packages/airflow/example_dags/example_external_task_marker_dag.py
[2025-08-02T01:52:33.404+0000] {processor.py:830} INFO - Processing file /home/airflow/.local/lib/python3.8/site-packages/airflow/example_dags/example_external_task_marker_dag.py for tasks to queue
[2025-08-02T01:52:33.405+0000] {logging_mixin.py:188} INFO - [2025-08-02T01:52:33.405+0000] {dagbag.py:540} INFO - Filling up the DagBag from /home/airflow/.local/lib/python3.8/site-packages/airflow/example_dags/example_external_task_marker_dag.py
[2025-08-02T01:52:33.410+0000] {processor.py:840} INFO - DAG(s) 'example_external_task_marker_child', 'example_external_task_marker_parent' retrieved from /home/airflow/.local/lib/python3.8/site-packages/airflow/example_dags/example_external_task_marker_dag.py
[2025-08-02T01:52:33.424+0000] {logging_mixin.py:188} INFO - [2025-08-02T01:52:33.424+0000] {dag.py:3047} INFO - Sync 2 DAGs
[2025-08-02T01:52:33.432+0000] {logging_mixin.py:188} INFO - [2025-08-02T01:52:33.431+0000] {dag.py:3834} INFO - Setting next_dagrun for example_external_task_marker_child to None, run_after=None
[2025-08-02T01:52:33.433+0000] {logging_mixin.py:188} INFO - [2025-08-02T01:52:33.433+0000] {dag.py:3834} INFO - Setting next_dagrun for example_external_task_marker_parent to None, run_after=None
[2025-08-02T01:52:33.441+0000] {processor.py:183} INFO - Processing /home/airflow/.local/lib/python3.8/site-packages/airflow/example_dags/example_external_task_marker_dag.py took 0.040 seconds
[2025-08-02T01:53:04.740+0000] {processor.py:161} INFO - Started process (PID=1227) to work on /home/airflow/.local/lib/python3.8/site-packages/airflow/example_dags/example_external_task_marker_dag.py
[2025-08-02T01:53:04.741+0000] {processor.py:830} INFO - Processing file /home/airflow/.local/lib/python3.8/site-packages/airflow/example_dags/example_external_task_marker_dag.py for tasks to queue
[2025-08-02T01:53:04.743+0000] {logging_mixin.py:188} INFO - [2025-08-02T01:53:04.742+0000] {dagbag.py:540} INFO - Filling up the DagBag from /home/airflow/.local/lib/python3.8/site-packages/airflow/example_dags/example_external_task_marker_dag.py
[2025-08-02T01:53:04.750+0000] {processor.py:840} INFO - DAG(s) 'example_external_task_marker_parent', 'example_external_task_marker_child' retrieved from /home/airflow/.local/lib/python3.8/site-packages/airflow/example_dags/example_external_task_marker_dag.py
[2025-08-02T01:53:04.772+0000] {logging_mixin.py:188} INFO - [2025-08-02T01:53:04.772+0000] {dag.py:3047} INFO - Sync 2 DAGs
[2025-08-02T01:53:04.789+0000] {logging_mixin.py:188} INFO - [2025-08-02T01:53:04.789+0000] {dag.py:3834} INFO - Setting next_dagrun for example_external_task_marker_child to None, run_after=None
[2025-08-02T01:53:04.792+0000] {logging_mixin.py:188} INFO - [2025-08-02T01:53:04.792+0000] {dag.py:3834} INFO - Setting next_dagrun for example_external_task_marker_parent to None, run_after=None
[2025-08-02T01:53:04.804+0000] {processor.py:183} INFO - Processing /home/airflow/.local/lib/python3.8/site-packages/airflow/example_dags/example_external_task_marker_dag.py took 0.070 seconds
[2025-08-02T01:53:35.469+0000] {processor.py:161} INFO - Started process (PID=1283) to work on /home/airflow/.local/lib/python3.8/site-packages/airflow/example_dags/example_external_task_marker_dag.py
[2025-08-02T01:53:35.470+0000] {processor.py:830} INFO - Processing file /home/airflow/.local/lib/python3.8/site-packages/airflow/example_dags/example_external_task_marker_dag.py for tasks to queue
[2025-08-02T01:53:35.471+0000] {logging_mixin.py:188} INFO - [2025-08-02T01:53:35.471+0000] {dagbag.py:540} INFO - Filling up the DagBag from /home/airflow/.local/lib/python3.8/site-packages/airflow/example_dags/example_external_task_marker_dag.py
[2025-08-02T01:53:35.476+0000] {processor.py:840} INFO - DAG(s) 'example_external_task_marker_child', 'example_external_task_marker_parent' retrieved from /home/airflow/.local/lib/python3.8/site-packages/airflow/example_dags/example_external_task_marker_dag.py
[2025-08-02T01:53:35.499+0000] {logging_mixin.py:188} INFO - [2025-08-02T01:53:35.499+0000] {dag.py:3047} INFO - Sync 2 DAGs
[2025-08-02T01:53:35.510+0000] {logging_mixin.py:188} INFO - [2025-08-02T01:53:35.509+0000] {dag.py:3834} INFO - Setting next_dagrun for example_external_task_marker_child to None, run_after=None
[2025-08-02T01:53:35.514+0000] {logging_mixin.py:188} INFO - [2025-08-02T01:53:35.513+0000] {dag.py:3834} INFO - Setting next_dagrun for example_external_task_marker_parent to None, run_after=None
[2025-08-02T01:53:35.525+0000] {processor.py:183} INFO - Processing /home/airflow/.local/lib/python3.8/site-packages/airflow/example_dags/example_external_task_marker_dag.py took 0.059 seconds
[2025-08-02T01:54:06.228+0000] {processor.py:161} INFO - Started process (PID=1339) to work on /home/airflow/.local/lib/python3.8/site-packages/airflow/example_dags/example_external_task_marker_dag.py
[2025-08-02T01:54:06.229+0000] {processor.py:830} INFO - Processing file /home/airflow/.local/lib/python3.8/site-packages/airflow/example_dags/example_external_task_marker_dag.py for tasks to queue
[2025-08-02T01:54:06.230+0000] {logging_mixin.py:188} INFO - [2025-08-02T01:54:06.230+0000] {dagbag.py:540} INFO - Filling up the DagBag from /home/airflow/.local/lib/python3.8/site-packages/airflow/example_dags/example_external_task_marker_dag.py
[2025-08-02T01:54:06.236+0000] {processor.py:840} INFO - DAG(s) 'example_external_task_marker_child', 'example_external_task_marker_parent' retrieved from /home/airflow/.local/lib/python3.8/site-packages/airflow/example_dags/example_external_task_marker_dag.py
[2025-08-02T01:54:06.254+0000] {logging_mixin.py:188} INFO - [2025-08-02T01:54:06.254+0000] {dag.py:3047} INFO - Sync 2 DAGs
[2025-08-02T01:54:06.263+0000] {logging_mixin.py:188} INFO - [2025-08-02T01:54:06.263+0000] {dag.py:3834} INFO - Setting next_dagrun for example_external_task_marker_child to None, run_after=None
[2025-08-02T01:54:06.267+0000] {logging_mixin.py:188} INFO - [2025-08-02T01:54:06.267+0000] {dag.py:3834} INFO - Setting next_dagrun for example_external_task_marker_parent to None, run_after=None
[2025-08-02T01:54:06.276+0000] {processor.py:183} INFO - Processing /home/airflow/.local/lib/python3.8/site-packages/airflow/example_dags/example_external_task_marker_dag.py took 0.052 seconds
[2025-08-02T01:54:36.710+0000] {processor.py:161} INFO - Started process (PID=1395) to work on /home/airflow/.local/lib/python3.8/site-packages/airflow/example_dags/example_external_task_marker_dag.py
[2025-08-02T01:54:36.711+0000] {processor.py:830} INFO - Processing file /home/airflow/.local/lib/python3.8/site-packages/airflow/example_dags/example_external_task_marker_dag.py for tasks to queue
[2025-08-02T01:54:36.713+0000] {logging_mixin.py:188} INFO - [2025-08-02T01:54:36.712+0000] {dagbag.py:540} INFO - Filling up the DagBag from /home/airflow/.local/lib/python3.8/site-packages/airflow/example_dags/example_external_task_marker_dag.py
[2025-08-02T01:54:36.719+0000] {processor.py:840} INFO - DAG(s) 'example_external_task_marker_child', 'example_external_task_marker_parent' retrieved from /home/airflow/.local/lib/python3.8/site-packages/airflow/example_dags/example_external_task_marker_dag.py
[2025-08-02T01:54:36.735+0000] {logging_mixin.py:188} INFO - [2025-08-02T01:54:36.735+0000] {dag.py:3047} INFO - Sync 2 DAGs
[2025-08-02T01:54:36.742+0000] {logging_mixin.py:188} INFO - [2025-08-02T01:54:36.742+0000] {dag.py:3834} INFO - Setting next_dagrun for example_external_task_marker_child to None, run_after=None
[2025-08-02T01:54:36.744+0000] {logging_mixin.py:188} INFO - [2025-08-02T01:54:36.743+0000] {dag.py:3834} INFO - Setting next_dagrun for example_external_task_marker_parent to None, run_after=None
[2025-08-02T01:54:36.752+0000] {processor.py:183} INFO - Processing /home/airflow/.local/lib/python3.8/site-packages/airflow/example_dags/example_external_task_marker_dag.py took 0.045 seconds
[2025-08-02T01:55:07.359+0000] {processor.py:161} INFO - Started process (PID=1451) to work on /home/airflow/.local/lib/python3.8/site-packages/airflow/example_dags/example_external_task_marker_dag.py
[2025-08-02T01:55:07.360+0000] {processor.py:830} INFO - Processing file /home/airflow/.local/lib/python3.8/site-packages/airflow/example_dags/example_external_task_marker_dag.py for tasks to queue
[2025-08-02T01:55:07.362+0000] {logging_mixin.py:188} INFO - [2025-08-02T01:55:07.362+0000] {dagbag.py:540} INFO - Filling up the DagBag from /home/airflow/.local/lib/python3.8/site-packages/airflow/example_dags/example_external_task_marker_dag.py
[2025-08-02T01:55:07.370+0000] {processor.py:840} INFO - DAG(s) 'example_external_task_marker_child', 'example_external_task_marker_parent' retrieved from /home/airflow/.local/lib/python3.8/site-packages/airflow/example_dags/example_external_task_marker_dag.py
[2025-08-02T01:55:07.441+0000] {logging_mixin.py:188} INFO - [2025-08-02T01:55:07.440+0000] {dag.py:3047} INFO - Sync 2 DAGs
[2025-08-02T01:55:07.451+0000] {logging_mixin.py:188} INFO - [2025-08-02T01:55:07.451+0000] {dag.py:3834} INFO - Setting next_dagrun for example_external_task_marker_child to None, run_after=None
[2025-08-02T01:55:07.457+0000] {logging_mixin.py:188} INFO - [2025-08-02T01:55:07.457+0000] {dag.py:3834} INFO - Setting next_dagrun for example_external_task_marker_parent to None, run_after=None
[2025-08-02T01:55:07.478+0000] {processor.py:183} INFO - Processing /home/airflow/.local/lib/python3.8/site-packages/airflow/example_dags/example_external_task_marker_dag.py took 0.122 seconds
[2025-08-02T01:55:37.549+0000] {processor.py:161} INFO - Started process (PID=1506) to work on /home/airflow/.local/lib/python3.8/site-packages/airflow/example_dags/example_external_task_marker_dag.py
[2025-08-02T01:55:37.550+0000] {processor.py:830} INFO - Processing file /home/airflow/.local/lib/python3.8/site-packages/airflow/example_dags/example_external_task_marker_dag.py for tasks to queue
[2025-08-02T01:55:37.551+0000] {logging_mixin.py:188} INFO - [2025-08-02T01:55:37.551+0000] {dagbag.py:540} INFO - Filling up the DagBag from /home/airflow/.local/lib/python3.8/site-packages/airflow/example_dags/example_external_task_marker_dag.py
[2025-08-02T01:55:37.557+0000] {processor.py:840} INFO - DAG(s) 'example_external_task_marker_child', 'example_external_task_marker_parent' retrieved from /home/airflow/.local/lib/python3.8/site-packages/airflow/example_dags/example_external_task_marker_dag.py
[2025-08-02T01:55:37.582+0000] {logging_mixin.py:188} INFO - [2025-08-02T01:55:37.582+0000] {dag.py:3047} INFO - Sync 2 DAGs
[2025-08-02T01:55:37.616+0000] {logging_mixin.py:188} INFO - [2025-08-02T01:55:37.615+0000] {dag.py:3834} INFO - Setting next_dagrun for example_external_task_marker_child to None, run_after=None
[2025-08-02T01:55:37.620+0000] {logging_mixin.py:188} INFO - [2025-08-02T01:55:37.620+0000] {dag.py:3834} INFO - Setting next_dagrun for example_external_task_marker_parent to None, run_after=None
[2025-08-02T01:55:37.634+0000] {processor.py:183} INFO - Processing /home/airflow/.local/lib/python3.8/site-packages/airflow/example_dags/example_external_task_marker_dag.py took 0.091 seconds
[2025-08-02T01:56:09.075+0000] {processor.py:161} INFO - Started process (PID=1562) to work on /home/airflow/.local/lib/python3.8/site-packages/airflow/example_dags/example_external_task_marker_dag.py
[2025-08-02T01:56:09.077+0000] {processor.py:830} INFO - Processing file /home/airflow/.local/lib/python3.8/site-packages/airflow/example_dags/example_external_task_marker_dag.py for tasks to queue
[2025-08-02T01:56:09.078+0000] {logging_mixin.py:188} INFO - [2025-08-02T01:56:09.078+0000] {dagbag.py:540} INFO - Filling up the DagBag from /home/airflow/.local/lib/python3.8/site-packages/airflow/example_dags/example_external_task_marker_dag.py
[2025-08-02T01:56:09.087+0000] {processor.py:840} INFO - DAG(s) 'example_external_task_marker_parent', 'example_external_task_marker_child' retrieved from /home/airflow/.local/lib/python3.8/site-packages/airflow/example_dags/example_external_task_marker_dag.py
[2025-08-02T01:56:09.124+0000] {logging_mixin.py:188} INFO - [2025-08-02T01:56:09.124+0000] {dag.py:3047} INFO - Sync 2 DAGs
[2025-08-02T01:56:09.134+0000] {logging_mixin.py:188} INFO - [2025-08-02T01:56:09.134+0000] {dag.py:3834} INFO - Setting next_dagrun for example_external_task_marker_child to None, run_after=None
[2025-08-02T01:56:09.137+0000] {logging_mixin.py:188} INFO - [2025-08-02T01:56:09.137+0000] {dag.py:3834} INFO - Setting next_dagrun for example_external_task_marker_parent to None, run_after=None
[2025-08-02T01:56:09.151+0000] {processor.py:183} INFO - Processing /home/airflow/.local/lib/python3.8/site-packages/airflow/example_dags/example_external_task_marker_dag.py took 0.081 seconds
[2025-08-02T01:56:39.776+0000] {processor.py:161} INFO - Started process (PID=1617) to work on /home/airflow/.local/lib/python3.8/site-packages/airflow/example_dags/example_external_task_marker_dag.py
[2025-08-02T01:56:39.777+0000] {processor.py:830} INFO - Processing file /home/airflow/.local/lib/python3.8/site-packages/airflow/example_dags/example_external_task_marker_dag.py for tasks to queue
[2025-08-02T01:56:39.778+0000] {logging_mixin.py:188} INFO - [2025-08-02T01:56:39.778+0000] {dagbag.py:540} INFO - Filling up the DagBag from /home/airflow/.local/lib/python3.8/site-packages/airflow/example_dags/example_external_task_marker_dag.py
[2025-08-02T01:56:39.784+0000] {processor.py:840} INFO - DAG(s) 'example_external_task_marker_child', 'example_external_task_marker_parent' retrieved from /home/airflow/.local/lib/python3.8/site-packages/airflow/example_dags/example_external_task_marker_dag.py
[2025-08-02T01:56:39.834+0000] {logging_mixin.py:188} INFO - [2025-08-02T01:56:39.834+0000] {dag.py:3047} INFO - Sync 2 DAGs
[2025-08-02T01:56:39.842+0000] {logging_mixin.py:188} INFO - [2025-08-02T01:56:39.842+0000] {dag.py:3834} INFO - Setting next_dagrun for example_external_task_marker_child to None, run_after=None
[2025-08-02T01:56:39.845+0000] {logging_mixin.py:188} INFO - [2025-08-02T01:56:39.845+0000] {dag.py:3834} INFO - Setting next_dagrun for example_external_task_marker_parent to None, run_after=None
[2025-08-02T01:56:39.871+0000] {processor.py:183} INFO - Processing /home/airflow/.local/lib/python3.8/site-packages/airflow/example_dags/example_external_task_marker_dag.py took 0.097 seconds
[2025-08-02T01:57:15.263+0000] {processor.py:161} INFO - Started process (PID=1679) to work on /home/airflow/.local/lib/python3.8/site-packages/airflow/example_dags/example_external_task_marker_dag.py
[2025-08-02T01:57:15.268+0000] {processor.py:830} INFO - Processing file /home/airflow/.local/lib/python3.8/site-packages/airflow/example_dags/example_external_task_marker_dag.py for tasks to queue
[2025-08-02T01:57:15.270+0000] {logging_mixin.py:188} INFO - [2025-08-02T01:57:15.270+0000] {dagbag.py:540} INFO - Filling up the DagBag from /home/airflow/.local/lib/python3.8/site-packages/airflow/example_dags/example_external_task_marker_dag.py
[2025-08-02T01:57:15.317+0000] {processor.py:840} INFO - DAG(s) 'example_external_task_marker_parent', 'example_external_task_marker_child' retrieved from /home/airflow/.local/lib/python3.8/site-packages/airflow/example_dags/example_external_task_marker_dag.py
[2025-08-02T01:57:15.408+0000] {logging_mixin.py:188} INFO - [2025-08-02T01:57:15.408+0000] {dag.py:3047} INFO - Sync 2 DAGs
[2025-08-02T01:57:15.432+0000] {logging_mixin.py:188} INFO - [2025-08-02T01:57:15.431+0000] {dag.py:3834} INFO - Setting next_dagrun for example_external_task_marker_child to None, run_after=None
[2025-08-02T01:57:15.437+0000] {logging_mixin.py:188} INFO - [2025-08-02T01:57:15.436+0000] {dag.py:3834} INFO - Setting next_dagrun for example_external_task_marker_parent to None, run_after=None
[2025-08-02T01:57:15.456+0000] {processor.py:183} INFO - Processing /home/airflow/.local/lib/python3.8/site-packages/airflow/example_dags/example_external_task_marker_dag.py took 0.197 seconds
[2025-08-02T01:57:48.827+0000] {processor.py:161} INFO - Started process (PID=1733) to work on /home/airflow/.local/lib/python3.8/site-packages/airflow/example_dags/example_external_task_marker_dag.py
[2025-08-02T01:57:48.828+0000] {processor.py:830} INFO - Processing file /home/airflow/.local/lib/python3.8/site-packages/airflow/example_dags/example_external_task_marker_dag.py for tasks to queue
[2025-08-02T01:57:48.834+0000] {logging_mixin.py:188} INFO - [2025-08-02T01:57:48.832+0000] {dagbag.py:540} INFO - Filling up the DagBag from /home/airflow/.local/lib/python3.8/site-packages/airflow/example_dags/example_external_task_marker_dag.py
[2025-08-02T01:57:48.851+0000] {processor.py:840} INFO - DAG(s) 'example_external_task_marker_parent', 'example_external_task_marker_child' retrieved from /home/airflow/.local/lib/python3.8/site-packages/airflow/example_dags/example_external_task_marker_dag.py
[2025-08-02T01:57:48.895+0000] {logging_mixin.py:188} INFO - [2025-08-02T01:57:48.895+0000] {dag.py:3047} INFO - Sync 2 DAGs
[2025-08-02T01:57:48.912+0000] {logging_mixin.py:188} INFO - [2025-08-02T01:57:48.912+0000] {dag.py:3834} INFO - Setting next_dagrun for example_external_task_marker_child to None, run_after=None
[2025-08-02T01:57:48.918+0000] {logging_mixin.py:188} INFO - [2025-08-02T01:57:48.917+0000] {dag.py:3834} INFO - Setting next_dagrun for example_external_task_marker_parent to None, run_after=None
[2025-08-02T01:57:48.976+0000] {processor.py:183} INFO - Processing /home/airflow/.local/lib/python3.8/site-packages/airflow/example_dags/example_external_task_marker_dag.py took 0.153 seconds
[2025-08-02T01:58:21.272+0000] {processor.py:161} INFO - Started process (PID=1788) to work on /home/airflow/.local/lib/python3.8/site-packages/airflow/example_dags/example_external_task_marker_dag.py
[2025-08-02T01:58:21.273+0000] {processor.py:830} INFO - Processing file /home/airflow/.local/lib/python3.8/site-packages/airflow/example_dags/example_external_task_marker_dag.py for tasks to queue
[2025-08-02T01:58:21.276+0000] {logging_mixin.py:188} INFO - [2025-08-02T01:58:21.276+0000] {dagbag.py:540} INFO - Filling up the DagBag from /home/airflow/.local/lib/python3.8/site-packages/airflow/example_dags/example_external_task_marker_dag.py
[2025-08-02T01:58:21.282+0000] {processor.py:840} INFO - DAG(s) 'example_external_task_marker_child', 'example_external_task_marker_parent' retrieved from /home/airflow/.local/lib/python3.8/site-packages/airflow/example_dags/example_external_task_marker_dag.py
[2025-08-02T01:58:21.336+0000] {logging_mixin.py:188} INFO - [2025-08-02T01:58:21.336+0000] {dag.py:3047} INFO - Sync 2 DAGs
[2025-08-02T01:58:21.351+0000] {logging_mixin.py:188} INFO - [2025-08-02T01:58:21.351+0000] {dag.py:3834} INFO - Setting next_dagrun for example_external_task_marker_child to None, run_after=None
[2025-08-02T01:58:21.356+0000] {logging_mixin.py:188} INFO - [2025-08-02T01:58:21.356+0000] {dag.py:3834} INFO - Setting next_dagrun for example_external_task_marker_parent to None, run_after=None
[2025-08-02T01:58:21.378+0000] {processor.py:183} INFO - Processing /home/airflow/.local/lib/python3.8/site-packages/airflow/example_dags/example_external_task_marker_dag.py took 0.110 seconds
[2025-08-02T01:58:51.657+0000] {processor.py:161} INFO - Started process (PID=1844) to work on /home/airflow/.local/lib/python3.8/site-packages/airflow/example_dags/example_external_task_marker_dag.py
[2025-08-02T01:58:51.660+0000] {processor.py:830} INFO - Processing file /home/airflow/.local/lib/python3.8/site-packages/airflow/example_dags/example_external_task_marker_dag.py for tasks to queue
[2025-08-02T01:58:51.661+0000] {logging_mixin.py:188} INFO - [2025-08-02T01:58:51.661+0000] {dagbag.py:540} INFO - Filling up the DagBag from /home/airflow/.local/lib/python3.8/site-packages/airflow/example_dags/example_external_task_marker_dag.py
[2025-08-02T01:58:51.665+0000] {processor.py:840} INFO - DAG(s) 'example_external_task_marker_child', 'example_external_task_marker_parent' retrieved from /home/airflow/.local/lib/python3.8/site-packages/airflow/example_dags/example_external_task_marker_dag.py
[2025-08-02T01:58:51.689+0000] {logging_mixin.py:188} INFO - [2025-08-02T01:58:51.688+0000] {dag.py:3047} INFO - Sync 2 DAGs
[2025-08-02T01:58:51.706+0000] {logging_mixin.py:188} INFO - [2025-08-02T01:58:51.706+0000] {dag.py:3834} INFO - Setting next_dagrun for example_external_task_marker_child to None, run_after=None
[2025-08-02T01:58:51.709+0000] {logging_mixin.py:188} INFO - [2025-08-02T01:58:51.709+0000] {dag.py:3834} INFO - Setting next_dagrun for example_external_task_marker_parent to None, run_after=None
[2025-08-02T01:58:51.726+0000] {processor.py:183} INFO - Processing /home/airflow/.local/lib/python3.8/site-packages/airflow/example_dags/example_external_task_marker_dag.py took 0.071 seconds
[2025-08-02T01:59:22.241+0000] {processor.py:161} INFO - Started process (PID=1900) to work on /home/airflow/.local/lib/python3.8/site-packages/airflow/example_dags/example_external_task_marker_dag.py
[2025-08-02T01:59:22.242+0000] {processor.py:830} INFO - Processing file /home/airflow/.local/lib/python3.8/site-packages/airflow/example_dags/example_external_task_marker_dag.py for tasks to queue
[2025-08-02T01:59:22.243+0000] {logging_mixin.py:188} INFO - [2025-08-02T01:59:22.243+0000] {dagbag.py:540} INFO - Filling up the DagBag from /home/airflow/.local/lib/python3.8/site-packages/airflow/example_dags/example_external_task_marker_dag.py
[2025-08-02T01:59:22.248+0000] {processor.py:840} INFO - DAG(s) 'example_external_task_marker_child', 'example_external_task_marker_parent' retrieved from /home/airflow/.local/lib/python3.8/site-packages/airflow/example_dags/example_external_task_marker_dag.py
[2025-08-02T01:59:22.265+0000] {logging_mixin.py:188} INFO - [2025-08-02T01:59:22.264+0000] {dag.py:3047} INFO - Sync 2 DAGs
[2025-08-02T01:59:22.273+0000] {logging_mixin.py:188} INFO - [2025-08-02T01:59:22.273+0000] {dag.py:3834} INFO - Setting next_dagrun for example_external_task_marker_child to None, run_after=None
[2025-08-02T01:59:22.275+0000] {logging_mixin.py:188} INFO - [2025-08-02T01:59:22.275+0000] {dag.py:3834} INFO - Setting next_dagrun for example_external_task_marker_parent to None, run_after=None
[2025-08-02T01:59:22.298+0000] {processor.py:183} INFO - Processing /home/airflow/.local/lib/python3.8/site-packages/airflow/example_dags/example_external_task_marker_dag.py took 0.060 seconds
[2025-08-02T01:59:52.887+0000] {processor.py:161} INFO - Started process (PID=1956) to work on /home/airflow/.local/lib/python3.8/site-packages/airflow/example_dags/example_external_task_marker_dag.py
[2025-08-02T01:59:52.889+0000] {processor.py:830} INFO - Processing file /home/airflow/.local/lib/python3.8/site-packages/airflow/example_dags/example_external_task_marker_dag.py for tasks to queue
[2025-08-02T01:59:52.890+0000] {logging_mixin.py:188} INFO - [2025-08-02T01:59:52.890+0000] {dagbag.py:540} INFO - Filling up the DagBag from /home/airflow/.local/lib/python3.8/site-packages/airflow/example_dags/example_external_task_marker_dag.py
[2025-08-02T01:59:52.894+0000] {processor.py:840} INFO - DAG(s) 'example_external_task_marker_parent', 'example_external_task_marker_child' retrieved from /home/airflow/.local/lib/python3.8/site-packages/airflow/example_dags/example_external_task_marker_dag.py
[2025-08-02T01:59:52.914+0000] {logging_mixin.py:188} INFO - [2025-08-02T01:59:52.914+0000] {dag.py:3047} INFO - Sync 2 DAGs
[2025-08-02T01:59:52.923+0000] {logging_mixin.py:188} INFO - [2025-08-02T01:59:52.923+0000] {dag.py:3834} INFO - Setting next_dagrun for example_external_task_marker_child to None, run_after=None
[2025-08-02T01:59:52.926+0000] {logging_mixin.py:188} INFO - [2025-08-02T01:59:52.926+0000] {dag.py:3834} INFO - Setting next_dagrun for example_external_task_marker_parent to None, run_after=None
[2025-08-02T01:59:52.950+0000] {processor.py:183} INFO - Processing /home/airflow/.local/lib/python3.8/site-packages/airflow/example_dags/example_external_task_marker_dag.py took 0.065 seconds
[2025-08-02T02:00:23.851+0000] {processor.py:161} INFO - Started process (PID=2012) to work on /home/airflow/.local/lib/python3.8/site-packages/airflow/example_dags/example_external_task_marker_dag.py
[2025-08-02T02:00:23.853+0000] {processor.py:830} INFO - Processing file /home/airflow/.local/lib/python3.8/site-packages/airflow/example_dags/example_external_task_marker_dag.py for tasks to queue
[2025-08-02T02:00:23.856+0000] {logging_mixin.py:188} INFO - [2025-08-02T02:00:23.855+0000] {dagbag.py:540} INFO - Filling up the DagBag from /home/airflow/.local/lib/python3.8/site-packages/airflow/example_dags/example_external_task_marker_dag.py
[2025-08-02T02:00:23.864+0000] {processor.py:840} INFO - DAG(s) 'example_external_task_marker_child', 'example_external_task_marker_parent' retrieved from /home/airflow/.local/lib/python3.8/site-packages/airflow/example_dags/example_external_task_marker_dag.py
[2025-08-02T02:00:23.890+0000] {logging_mixin.py:188} INFO - [2025-08-02T02:00:23.889+0000] {dag.py:3047} INFO - Sync 2 DAGs
[2025-08-02T02:00:23.904+0000] {logging_mixin.py:188} INFO - [2025-08-02T02:00:23.903+0000] {dag.py:3834} INFO - Setting next_dagrun for example_external_task_marker_child to None, run_after=None
[2025-08-02T02:00:23.909+0000] {logging_mixin.py:188} INFO - [2025-08-02T02:00:23.909+0000] {dag.py:3834} INFO - Setting next_dagrun for example_external_task_marker_parent to None, run_after=None
[2025-08-02T02:00:23.927+0000] {processor.py:183} INFO - Processing /home/airflow/.local/lib/python3.8/site-packages/airflow/example_dags/example_external_task_marker_dag.py took 0.081 seconds
[2025-08-02T02:01:10.744+0000] {processor.py:161} INFO - Started process (PID=2068) to work on /home/airflow/.local/lib/python3.8/site-packages/airflow/example_dags/example_external_task_marker_dag.py
[2025-08-02T02:01:10.752+0000] {processor.py:830} INFO - Processing file /home/airflow/.local/lib/python3.8/site-packages/airflow/example_dags/example_external_task_marker_dag.py for tasks to queue
[2025-08-02T02:01:10.757+0000] {logging_mixin.py:188} INFO - [2025-08-02T02:01:10.757+0000] {dagbag.py:540} INFO - Filling up the DagBag from /home/airflow/.local/lib/python3.8/site-packages/airflow/example_dags/example_external_task_marker_dag.py
[2025-08-02T02:01:10.814+0000] {processor.py:840} INFO - DAG(s) 'example_external_task_marker_child', 'example_external_task_marker_parent' retrieved from /home/airflow/.local/lib/python3.8/site-packages/airflow/example_dags/example_external_task_marker_dag.py
[2025-08-02T02:01:10.920+0000] {logging_mixin.py:188} INFO - [2025-08-02T02:01:10.915+0000] {dag.py:3047} INFO - Sync 2 DAGs
[2025-08-02T02:01:10.968+0000] {logging_mixin.py:188} INFO - [2025-08-02T02:01:10.967+0000] {dag.py:3834} INFO - Setting next_dagrun for example_external_task_marker_child to None, run_after=None
[2025-08-02T02:01:10.987+0000] {logging_mixin.py:188} INFO - [2025-08-02T02:01:10.982+0000] {dag.py:3834} INFO - Setting next_dagrun for example_external_task_marker_parent to None, run_after=None
[2025-08-02T02:01:11.097+0000] {processor.py:183} INFO - Processing /home/airflow/.local/lib/python3.8/site-packages/airflow/example_dags/example_external_task_marker_dag.py took 0.367 seconds
[2025-08-02T02:02:01.172+0000] {processor.py:161} INFO - Started process (PID=2130) to work on /home/airflow/.local/lib/python3.8/site-packages/airflow/example_dags/example_external_task_marker_dag.py
[2025-08-02T02:02:01.733+0000] {processor.py:830} INFO - Processing file /home/airflow/.local/lib/python3.8/site-packages/airflow/example_dags/example_external_task_marker_dag.py for tasks to queue
[2025-08-02T02:02:05.649+0000] {logging_mixin.py:188} INFO - [2025-08-02T02:02:03.491+0000] {dagbag.py:540} INFO - Filling up the DagBag from /home/airflow/.local/lib/python3.8/site-packages/airflow/example_dags/example_external_task_marker_dag.py
[2025-08-02T02:02:24.337+0000] {processor.py:840} INFO - DAG(s) 'example_external_task_marker_parent', 'example_external_task_marker_child' retrieved from /home/airflow/.local/lib/python3.8/site-packages/airflow/example_dags/example_external_task_marker_dag.py
[2025-08-02T02:02:25.154+0000] {logging_mixin.py:188} INFO - [2025-08-02T02:02:25.148+0000] {dag.py:3047} INFO - Sync 2 DAGs
[2025-08-02T02:02:25.268+0000] {logging_mixin.py:188} INFO - [2025-08-02T02:02:25.267+0000] {dag.py:3834} INFO - Setting next_dagrun for example_external_task_marker_child to None, run_after=None
[2025-08-02T02:02:25.322+0000] {logging_mixin.py:188} INFO - [2025-08-02T02:02:25.321+0000] {dag.py:3834} INFO - Setting next_dagrun for example_external_task_marker_parent to None, run_after=None
[2025-08-02T02:02:25.409+0000] {processor.py:183} INFO - Processing /home/airflow/.local/lib/python3.8/site-packages/airflow/example_dags/example_external_task_marker_dag.py took 24.397 seconds
[2025-08-02T02:02:56.229+0000] {processor.py:161} INFO - Started process (PID=2186) to work on /home/airflow/.local/lib/python3.8/site-packages/airflow/example_dags/example_external_task_marker_dag.py
[2025-08-02T02:02:56.254+0000] {processor.py:830} INFO - Processing file /home/airflow/.local/lib/python3.8/site-packages/airflow/example_dags/example_external_task_marker_dag.py for tasks to queue
[2025-08-02T02:02:56.283+0000] {logging_mixin.py:188} INFO - [2025-08-02T02:02:56.274+0000] {dagbag.py:540} INFO - Filling up the DagBag from /home/airflow/.local/lib/python3.8/site-packages/airflow/example_dags/example_external_task_marker_dag.py
[2025-08-02T02:02:56.376+0000] {processor.py:840} INFO - DAG(s) 'example_external_task_marker_parent', 'example_external_task_marker_child' retrieved from /home/airflow/.local/lib/python3.8/site-packages/airflow/example_dags/example_external_task_marker_dag.py
[2025-08-02T02:02:57.503+0000] {logging_mixin.py:188} INFO - [2025-08-02T02:02:57.494+0000] {dag.py:3047} INFO - Sync 2 DAGs
[2025-08-02T02:02:57.609+0000] {logging_mixin.py:188} INFO - [2025-08-02T02:02:57.604+0000] {dag.py:3834} INFO - Setting next_dagrun for example_external_task_marker_child to None, run_after=None
[2025-08-02T02:02:57.686+0000] {logging_mixin.py:188} INFO - [2025-08-02T02:02:57.662+0000] {dag.py:3834} INFO - Setting next_dagrun for example_external_task_marker_parent to None, run_after=None
[2025-08-02T02:02:58.140+0000] {processor.py:183} INFO - Processing /home/airflow/.local/lib/python3.8/site-packages/airflow/example_dags/example_external_task_marker_dag.py took 1.927 seconds
[2025-08-02T02:03:28.584+0000] {processor.py:161} INFO - Started process (PID=2242) to work on /home/airflow/.local/lib/python3.8/site-packages/airflow/example_dags/example_external_task_marker_dag.py
[2025-08-02T02:03:28.594+0000] {processor.py:830} INFO - Processing file /home/airflow/.local/lib/python3.8/site-packages/airflow/example_dags/example_external_task_marker_dag.py for tasks to queue
[2025-08-02T02:03:28.602+0000] {logging_mixin.py:188} INFO - [2025-08-02T02:03:28.602+0000] {dagbag.py:540} INFO - Filling up the DagBag from /home/airflow/.local/lib/python3.8/site-packages/airflow/example_dags/example_external_task_marker_dag.py
[2025-08-02T02:03:28.735+0000] {processor.py:840} INFO - DAG(s) 'example_external_task_marker_parent', 'example_external_task_marker_child' retrieved from /home/airflow/.local/lib/python3.8/site-packages/airflow/example_dags/example_external_task_marker_dag.py
[2025-08-02T02:03:29.110+0000] {logging_mixin.py:188} INFO - [2025-08-02T02:03:29.108+0000] {dag.py:3047} INFO - Sync 2 DAGs
[2025-08-02T02:03:29.164+0000] {logging_mixin.py:188} INFO - [2025-08-02T02:03:29.163+0000] {dag.py:3834} INFO - Setting next_dagrun for example_external_task_marker_child to None, run_after=None
[2025-08-02T02:03:29.190+0000] {logging_mixin.py:188} INFO - [2025-08-02T02:03:29.187+0000] {dag.py:3834} INFO - Setting next_dagrun for example_external_task_marker_parent to None, run_after=None
[2025-08-02T02:03:29.257+0000] {processor.py:183} INFO - Processing /home/airflow/.local/lib/python3.8/site-packages/airflow/example_dags/example_external_task_marker_dag.py took 0.696 seconds
[2025-08-02T02:04:00.989+0000] {processor.py:161} INFO - Started process (PID=2298) to work on /home/airflow/.local/lib/python3.8/site-packages/airflow/example_dags/example_external_task_marker_dag.py
[2025-08-02T02:04:00.997+0000] {processor.py:830} INFO - Processing file /home/airflow/.local/lib/python3.8/site-packages/airflow/example_dags/example_external_task_marker_dag.py for tasks to queue
[2025-08-02T02:04:01.013+0000] {logging_mixin.py:188} INFO - [2025-08-02T02:04:01.012+0000] {dagbag.py:540} INFO - Filling up the DagBag from /home/airflow/.local/lib/python3.8/site-packages/airflow/example_dags/example_external_task_marker_dag.py
[2025-08-02T02:04:01.080+0000] {processor.py:840} INFO - DAG(s) 'example_external_task_marker_parent', 'example_external_task_marker_child' retrieved from /home/airflow/.local/lib/python3.8/site-packages/airflow/example_dags/example_external_task_marker_dag.py
[2025-08-02T02:04:01.248+0000] {logging_mixin.py:188} INFO - [2025-08-02T02:04:01.247+0000] {dag.py:3047} INFO - Sync 2 DAGs
[2025-08-02T02:04:01.296+0000] {logging_mixin.py:188} INFO - [2025-08-02T02:04:01.295+0000] {dag.py:3834} INFO - Setting next_dagrun for example_external_task_marker_child to None, run_after=None
[2025-08-02T02:04:01.307+0000] {logging_mixin.py:188} INFO - [2025-08-02T02:04:01.306+0000] {dag.py:3834} INFO - Setting next_dagrun for example_external_task_marker_parent to None, run_after=None
[2025-08-02T02:04:01.386+0000] {processor.py:183} INFO - Processing /home/airflow/.local/lib/python3.8/site-packages/airflow/example_dags/example_external_task_marker_dag.py took 0.407 seconds
[2025-08-02T02:04:31.993+0000] {processor.py:161} INFO - Started process (PID=2352) to work on /home/airflow/.local/lib/python3.8/site-packages/airflow/example_dags/example_external_task_marker_dag.py
[2025-08-02T02:04:32.015+0000] {processor.py:830} INFO - Processing file /home/airflow/.local/lib/python3.8/site-packages/airflow/example_dags/example_external_task_marker_dag.py for tasks to queue
[2025-08-02T02:04:32.032+0000] {logging_mixin.py:188} INFO - [2025-08-02T02:04:32.029+0000] {dagbag.py:540} INFO - Filling up the DagBag from /home/airflow/.local/lib/python3.8/site-packages/airflow/example_dags/example_external_task_marker_dag.py
[2025-08-02T02:04:32.453+0000] {processor.py:840} INFO - DAG(s) 'example_external_task_marker_parent', 'example_external_task_marker_child' retrieved from /home/airflow/.local/lib/python3.8/site-packages/airflow/example_dags/example_external_task_marker_dag.py
[2025-08-02T02:04:33.790+0000] {logging_mixin.py:188} INFO - [2025-08-02T02:04:33.790+0000] {dag.py:3047} INFO - Sync 2 DAGs
[2025-08-02T02:04:33.826+0000] {logging_mixin.py:188} INFO - [2025-08-02T02:04:33.825+0000] {dag.py:3834} INFO - Setting next_dagrun for example_external_task_marker_child to None, run_after=None
[2025-08-02T02:04:33.830+0000] {logging_mixin.py:188} INFO - [2025-08-02T02:04:33.830+0000] {dag.py:3834} INFO - Setting next_dagrun for example_external_task_marker_parent to None, run_after=None
[2025-08-02T02:04:33.882+0000] {processor.py:183} INFO - Processing /home/airflow/.local/lib/python3.8/site-packages/airflow/example_dags/example_external_task_marker_dag.py took 1.895 seconds
[2025-08-02T02:05:12.206+0000] {processor.py:161} INFO - Started process (PID=2409) to work on /home/airflow/.local/lib/python3.8/site-packages/airflow/example_dags/example_external_task_marker_dag.py
[2025-08-02T02:05:12.214+0000] {processor.py:830} INFO - Processing file /home/airflow/.local/lib/python3.8/site-packages/airflow/example_dags/example_external_task_marker_dag.py for tasks to queue
[2025-08-02T02:05:12.228+0000] {logging_mixin.py:188} INFO - [2025-08-02T02:05:12.226+0000] {dagbag.py:540} INFO - Filling up the DagBag from /home/airflow/.local/lib/python3.8/site-packages/airflow/example_dags/example_external_task_marker_dag.py
[2025-08-02T02:05:12.266+0000] {processor.py:840} INFO - DAG(s) 'example_external_task_marker_parent', 'example_external_task_marker_child' retrieved from /home/airflow/.local/lib/python3.8/site-packages/airflow/example_dags/example_external_task_marker_dag.py
[2025-08-02T02:05:12.384+0000] {logging_mixin.py:188} INFO - [2025-08-02T02:05:12.384+0000] {dag.py:3047} INFO - Sync 2 DAGs
[2025-08-02T02:05:12.420+0000] {logging_mixin.py:188} INFO - [2025-08-02T02:05:12.419+0000] {dag.py:3834} INFO - Setting next_dagrun for example_external_task_marker_child to None, run_after=None
[2025-08-02T02:05:12.440+0000] {logging_mixin.py:188} INFO - [2025-08-02T02:05:12.440+0000] {dag.py:3834} INFO - Setting next_dagrun for example_external_task_marker_parent to None, run_after=None
[2025-08-02T02:05:12.546+0000] {processor.py:183} INFO - Processing /home/airflow/.local/lib/python3.8/site-packages/airflow/example_dags/example_external_task_marker_dag.py took 0.462 seconds
[2025-08-02T02:08:56.210+0000] {processor.py:161} INFO - Started process (PID=2503) to work on /home/airflow/.local/lib/python3.8/site-packages/airflow/example_dags/example_external_task_marker_dag.py
[2025-08-02T02:08:56.227+0000] {processor.py:830} INFO - Processing file /home/airflow/.local/lib/python3.8/site-packages/airflow/example_dags/example_external_task_marker_dag.py for tasks to queue
[2025-08-02T02:08:56.238+0000] {logging_mixin.py:188} INFO - [2025-08-02T02:08:56.235+0000] {dagbag.py:540} INFO - Filling up the DagBag from /home/airflow/.local/lib/python3.8/site-packages/airflow/example_dags/example_external_task_marker_dag.py
[2025-08-02T02:08:56.306+0000] {processor.py:840} INFO - DAG(s) 'example_external_task_marker_child', 'example_external_task_marker_parent' retrieved from /home/airflow/.local/lib/python3.8/site-packages/airflow/example_dags/example_external_task_marker_dag.py
[2025-08-02T02:08:56.445+0000] {logging_mixin.py:188} INFO - [2025-08-02T02:08:56.444+0000] {dag.py:3047} INFO - Sync 2 DAGs
[2025-08-02T02:08:56.485+0000] {logging_mixin.py:188} INFO - [2025-08-02T02:08:56.484+0000] {dag.py:3834} INFO - Setting next_dagrun for example_external_task_marker_child to None, run_after=None
[2025-08-02T02:08:56.507+0000] {logging_mixin.py:188} INFO - [2025-08-02T02:08:56.506+0000] {dag.py:3834} INFO - Setting next_dagrun for example_external_task_marker_parent to None, run_after=None
[2025-08-02T02:08:56.578+0000] {processor.py:183} INFO - Processing /home/airflow/.local/lib/python3.8/site-packages/airflow/example_dags/example_external_task_marker_dag.py took 0.420 seconds
[2025-08-02T02:09:27.841+0000] {processor.py:161} INFO - Started process (PID=2559) to work on /home/airflow/.local/lib/python3.8/site-packages/airflow/example_dags/example_external_task_marker_dag.py
[2025-08-02T02:09:27.873+0000] {processor.py:830} INFO - Processing file /home/airflow/.local/lib/python3.8/site-packages/airflow/example_dags/example_external_task_marker_dag.py for tasks to queue
[2025-08-02T02:09:27.884+0000] {logging_mixin.py:188} INFO - [2025-08-02T02:09:27.882+0000] {dagbag.py:540} INFO - Filling up the DagBag from /home/airflow/.local/lib/python3.8/site-packages/airflow/example_dags/example_external_task_marker_dag.py
[2025-08-02T02:09:27.995+0000] {processor.py:840} INFO - DAG(s) 'example_external_task_marker_child', 'example_external_task_marker_parent' retrieved from /home/airflow/.local/lib/python3.8/site-packages/airflow/example_dags/example_external_task_marker_dag.py
[2025-08-02T02:09:28.476+0000] {logging_mixin.py:188} INFO - [2025-08-02T02:09:28.471+0000] {dag.py:3047} INFO - Sync 2 DAGs
[2025-08-02T02:09:28.653+0000] {logging_mixin.py:188} INFO - [2025-08-02T02:09:28.652+0000] {dag.py:3834} INFO - Setting next_dagrun for example_external_task_marker_child to None, run_after=None
[2025-08-02T02:09:28.671+0000] {logging_mixin.py:188} INFO - [2025-08-02T02:09:28.670+0000] {dag.py:3834} INFO - Setting next_dagrun for example_external_task_marker_parent to None, run_after=None
[2025-08-02T02:09:28.774+0000] {processor.py:183} INFO - Processing /home/airflow/.local/lib/python3.8/site-packages/airflow/example_dags/example_external_task_marker_dag.py took 1.033 seconds
[2025-08-02T02:10:02.063+0000] {processor.py:161} INFO - Started process (PID=2617) to work on /home/airflow/.local/lib/python3.8/site-packages/airflow/example_dags/example_external_task_marker_dag.py
[2025-08-02T02:10:02.064+0000] {processor.py:830} INFO - Processing file /home/airflow/.local/lib/python3.8/site-packages/airflow/example_dags/example_external_task_marker_dag.py for tasks to queue
[2025-08-02T02:10:02.065+0000] {logging_mixin.py:188} INFO - [2025-08-02T02:10:02.065+0000] {dagbag.py:540} INFO - Filling up the DagBag from /home/airflow/.local/lib/python3.8/site-packages/airflow/example_dags/example_external_task_marker_dag.py
[2025-08-02T02:10:02.070+0000] {processor.py:840} INFO - DAG(s) 'example_external_task_marker_parent', 'example_external_task_marker_child' retrieved from /home/airflow/.local/lib/python3.8/site-packages/airflow/example_dags/example_external_task_marker_dag.py
[2025-08-02T02:10:02.087+0000] {logging_mixin.py:188} INFO - [2025-08-02T02:10:02.086+0000] {dag.py:3047} INFO - Sync 2 DAGs
[2025-08-02T02:10:02.096+0000] {logging_mixin.py:188} INFO - [2025-08-02T02:10:02.096+0000] {dag.py:3834} INFO - Setting next_dagrun for example_external_task_marker_child to None, run_after=None
[2025-08-02T02:10:02.101+0000] {logging_mixin.py:188} INFO - [2025-08-02T02:10:02.100+0000] {dag.py:3834} INFO - Setting next_dagrun for example_external_task_marker_parent to None, run_after=None
[2025-08-02T02:10:02.129+0000] {processor.py:183} INFO - Processing /home/airflow/.local/lib/python3.8/site-packages/airflow/example_dags/example_external_task_marker_dag.py took 0.068 seconds
[2025-08-02T02:10:42.210+0000] {processor.py:161} INFO - Started process (PID=2673) to work on /home/airflow/.local/lib/python3.8/site-packages/airflow/example_dags/example_external_task_marker_dag.py
[2025-08-02T02:10:42.212+0000] {processor.py:830} INFO - Processing file /home/airflow/.local/lib/python3.8/site-packages/airflow/example_dags/example_external_task_marker_dag.py for tasks to queue
[2025-08-02T02:10:42.215+0000] {logging_mixin.py:188} INFO - [2025-08-02T02:10:42.214+0000] {dagbag.py:540} INFO - Filling up the DagBag from /home/airflow/.local/lib/python3.8/site-packages/airflow/example_dags/example_external_task_marker_dag.py
[2025-08-02T02:10:42.273+0000] {processor.py:840} INFO - DAG(s) 'example_external_task_marker_parent', 'example_external_task_marker_child' retrieved from /home/airflow/.local/lib/python3.8/site-packages/airflow/example_dags/example_external_task_marker_dag.py
[2025-08-02T02:10:42.441+0000] {logging_mixin.py:188} INFO - [2025-08-02T02:10:42.439+0000] {dag.py:3047} INFO - Sync 2 DAGs
[2025-08-02T02:10:42.528+0000] {logging_mixin.py:188} INFO - [2025-08-02T02:10:42.527+0000] {dag.py:3834} INFO - Setting next_dagrun for example_external_task_marker_child to None, run_after=None
[2025-08-02T02:10:42.550+0000] {logging_mixin.py:188} INFO - [2025-08-02T02:10:42.548+0000] {dag.py:3834} INFO - Setting next_dagrun for example_external_task_marker_parent to None, run_after=None
[2025-08-02T02:10:42.610+0000] {processor.py:183} INFO - Processing /home/airflow/.local/lib/python3.8/site-packages/airflow/example_dags/example_external_task_marker_dag.py took 0.409 seconds
[2025-08-02T02:11:21.084+0000] {processor.py:161} INFO - Started process (PID=2729) to work on /home/airflow/.local/lib/python3.8/site-packages/airflow/example_dags/example_external_task_marker_dag.py
[2025-08-02T02:11:21.284+0000] {processor.py:830} INFO - Processing file /home/airflow/.local/lib/python3.8/site-packages/airflow/example_dags/example_external_task_marker_dag.py for tasks to queue
[2025-08-02T02:11:21.568+0000] {logging_mixin.py:188} INFO - [2025-08-02T02:11:21.515+0000] {dagbag.py:540} INFO - Filling up the DagBag from /home/airflow/.local/lib/python3.8/site-packages/airflow/example_dags/example_external_task_marker_dag.py
[2025-08-02T02:11:21.936+0000] {processor.py:840} INFO - DAG(s) 'example_external_task_marker_child', 'example_external_task_marker_parent' retrieved from /home/airflow/.local/lib/python3.8/site-packages/airflow/example_dags/example_external_task_marker_dag.py
[2025-08-02T02:11:30.542+0000] {logging_mixin.py:188} INFO - [2025-08-02T02:11:30.540+0000] {dag.py:3047} INFO - Sync 2 DAGs
[2025-08-02T02:11:30.674+0000] {logging_mixin.py:188} INFO - [2025-08-02T02:11:30.672+0000] {dag.py:3834} INFO - Setting next_dagrun for example_external_task_marker_child to None, run_after=None
[2025-08-02T02:11:30.768+0000] {logging_mixin.py:188} INFO - [2025-08-02T02:11:30.768+0000] {dag.py:3834} INFO - Setting next_dagrun for example_external_task_marker_parent to None, run_after=None
[2025-08-02T02:11:31.059+0000] {processor.py:183} INFO - Processing /home/airflow/.local/lib/python3.8/site-packages/airflow/example_dags/example_external_task_marker_dag.py took 10.208 seconds
[2025-08-02T02:12:01.385+0000] {processor.py:161} INFO - Started process (PID=2785) to work on /home/airflow/.local/lib/python3.8/site-packages/airflow/example_dags/example_external_task_marker_dag.py
[2025-08-02T02:12:01.389+0000] {processor.py:830} INFO - Processing file /home/airflow/.local/lib/python3.8/site-packages/airflow/example_dags/example_external_task_marker_dag.py for tasks to queue
[2025-08-02T02:12:01.391+0000] {logging_mixin.py:188} INFO - [2025-08-02T02:12:01.391+0000] {dagbag.py:540} INFO - Filling up the DagBag from /home/airflow/.local/lib/python3.8/site-packages/airflow/example_dags/example_external_task_marker_dag.py
[2025-08-02T02:12:01.590+0000] {processor.py:840} INFO - DAG(s) 'example_external_task_marker_child', 'example_external_task_marker_parent' retrieved from /home/airflow/.local/lib/python3.8/site-packages/airflow/example_dags/example_external_task_marker_dag.py
[2025-08-02T02:12:01.882+0000] {logging_mixin.py:188} INFO - [2025-08-02T02:12:01.880+0000] {dag.py:3047} INFO - Sync 2 DAGs
[2025-08-02T02:12:01.923+0000] {logging_mixin.py:188} INFO - [2025-08-02T02:12:01.922+0000] {dag.py:3834} INFO - Setting next_dagrun for example_external_task_marker_child to None, run_after=None
[2025-08-02T02:12:01.942+0000] {logging_mixin.py:188} INFO - [2025-08-02T02:12:01.940+0000] {dag.py:3834} INFO - Setting next_dagrun for example_external_task_marker_parent to None, run_after=None
[2025-08-02T02:12:02.030+0000] {processor.py:183} INFO - Processing /home/airflow/.local/lib/python3.8/site-packages/airflow/example_dags/example_external_task_marker_dag.py took 0.677 seconds
[2025-08-02T02:12:32.639+0000] {processor.py:161} INFO - Started process (PID=2847) to work on /home/airflow/.local/lib/python3.8/site-packages/airflow/example_dags/example_external_task_marker_dag.py
[2025-08-02T02:12:32.648+0000] {processor.py:830} INFO - Processing file /home/airflow/.local/lib/python3.8/site-packages/airflow/example_dags/example_external_task_marker_dag.py for tasks to queue
[2025-08-02T02:12:32.654+0000] {logging_mixin.py:188} INFO - [2025-08-02T02:12:32.653+0000] {dagbag.py:540} INFO - Filling up the DagBag from /home/airflow/.local/lib/python3.8/site-packages/airflow/example_dags/example_external_task_marker_dag.py
[2025-08-02T02:12:32.694+0000] {processor.py:840} INFO - DAG(s) 'example_external_task_marker_parent', 'example_external_task_marker_child' retrieved from /home/airflow/.local/lib/python3.8/site-packages/airflow/example_dags/example_external_task_marker_dag.py
[2025-08-02T02:12:32.991+0000] {logging_mixin.py:188} INFO - [2025-08-02T02:12:32.990+0000] {dag.py:3047} INFO - Sync 2 DAGs
[2025-08-02T02:12:33.042+0000] {logging_mixin.py:188} INFO - [2025-08-02T02:12:33.041+0000] {dag.py:3834} INFO - Setting next_dagrun for example_external_task_marker_child to None, run_after=None
[2025-08-02T02:12:33.053+0000] {logging_mixin.py:188} INFO - [2025-08-02T02:12:33.052+0000] {dag.py:3834} INFO - Setting next_dagrun for example_external_task_marker_parent to None, run_after=None
[2025-08-02T02:12:33.130+0000] {processor.py:183} INFO - Processing /home/airflow/.local/lib/python3.8/site-packages/airflow/example_dags/example_external_task_marker_dag.py took 0.527 seconds
[2025-08-02T02:13:12.072+0000] {processor.py:161} INFO - Started process (PID=2916) to work on /home/airflow/.local/lib/python3.8/site-packages/airflow/example_dags/example_external_task_marker_dag.py
[2025-08-02T02:13:12.074+0000] {processor.py:830} INFO - Processing file /home/airflow/.local/lib/python3.8/site-packages/airflow/example_dags/example_external_task_marker_dag.py for tasks to queue
[2025-08-02T02:13:12.077+0000] {logging_mixin.py:188} INFO - [2025-08-02T02:13:12.076+0000] {dagbag.py:540} INFO - Filling up the DagBag from /home/airflow/.local/lib/python3.8/site-packages/airflow/example_dags/example_external_task_marker_dag.py
[2025-08-02T02:13:12.093+0000] {processor.py:840} INFO - DAG(s) 'example_external_task_marker_parent', 'example_external_task_marker_child' retrieved from /home/airflow/.local/lib/python3.8/site-packages/airflow/example_dags/example_external_task_marker_dag.py
[2025-08-02T02:13:12.196+0000] {logging_mixin.py:188} INFO - [2025-08-02T02:13:12.196+0000] {dag.py:3047} INFO - Sync 2 DAGs
[2025-08-02T02:13:12.240+0000] {logging_mixin.py:188} INFO - [2025-08-02T02:13:12.240+0000] {dag.py:3834} INFO - Setting next_dagrun for example_external_task_marker_child to None, run_after=None
[2025-08-02T02:13:12.251+0000] {logging_mixin.py:188} INFO - [2025-08-02T02:13:12.250+0000] {dag.py:3834} INFO - Setting next_dagrun for example_external_task_marker_parent to None, run_after=None
[2025-08-02T02:13:12.318+0000] {processor.py:183} INFO - Processing /home/airflow/.local/lib/python3.8/site-packages/airflow/example_dags/example_external_task_marker_dag.py took 0.252 seconds
[2025-08-02T02:13:49.586+0000] {processor.py:161} INFO - Started process (PID=2977) to work on /home/airflow/.local/lib/python3.8/site-packages/airflow/example_dags/example_external_task_marker_dag.py
[2025-08-02T02:13:49.591+0000] {processor.py:830} INFO - Processing file /home/airflow/.local/lib/python3.8/site-packages/airflow/example_dags/example_external_task_marker_dag.py for tasks to queue
[2025-08-02T02:13:49.593+0000] {logging_mixin.py:188} INFO - [2025-08-02T02:13:49.592+0000] {dagbag.py:540} INFO - Filling up the DagBag from /home/airflow/.local/lib/python3.8/site-packages/airflow/example_dags/example_external_task_marker_dag.py
[2025-08-02T02:13:49.607+0000] {processor.py:840} INFO - DAG(s) 'example_external_task_marker_child', 'example_external_task_marker_parent' retrieved from /home/airflow/.local/lib/python3.8/site-packages/airflow/example_dags/example_external_task_marker_dag.py
[2025-08-02T02:13:49.649+0000] {logging_mixin.py:188} INFO - [2025-08-02T02:13:49.649+0000] {dag.py:3047} INFO - Sync 2 DAGs
[2025-08-02T02:13:49.680+0000] {logging_mixin.py:188} INFO - [2025-08-02T02:13:49.679+0000] {dag.py:3834} INFO - Setting next_dagrun for example_external_task_marker_child to None, run_after=None
[2025-08-02T02:13:49.694+0000] {logging_mixin.py:188} INFO - [2025-08-02T02:13:49.694+0000] {dag.py:3834} INFO - Setting next_dagrun for example_external_task_marker_parent to None, run_after=None
[2025-08-02T02:13:49.809+0000] {processor.py:183} INFO - Processing /home/airflow/.local/lib/python3.8/site-packages/airflow/example_dags/example_external_task_marker_dag.py took 0.227 seconds
[2025-08-02T02:14:19.963+0000] {processor.py:161} INFO - Started process (PID=3033) to work on /home/airflow/.local/lib/python3.8/site-packages/airflow/example_dags/example_external_task_marker_dag.py
[2025-08-02T02:14:19.968+0000] {processor.py:830} INFO - Processing file /home/airflow/.local/lib/python3.8/site-packages/airflow/example_dags/example_external_task_marker_dag.py for tasks to queue
[2025-08-02T02:14:19.968+0000] {logging_mixin.py:188} INFO - [2025-08-02T02:14:19.968+0000] {dagbag.py:540} INFO - Filling up the DagBag from /home/airflow/.local/lib/python3.8/site-packages/airflow/example_dags/example_external_task_marker_dag.py
[2025-08-02T02:14:19.979+0000] {processor.py:840} INFO - DAG(s) 'example_external_task_marker_parent', 'example_external_task_marker_child' retrieved from /home/airflow/.local/lib/python3.8/site-packages/airflow/example_dags/example_external_task_marker_dag.py
[2025-08-02T02:14:20.038+0000] {logging_mixin.py:188} INFO - [2025-08-02T02:14:20.038+0000] {dag.py:3047} INFO - Sync 2 DAGs
[2025-08-02T02:14:20.056+0000] {logging_mixin.py:188} INFO - [2025-08-02T02:14:20.056+0000] {dag.py:3834} INFO - Setting next_dagrun for example_external_task_marker_child to None, run_after=None
[2025-08-02T02:14:20.061+0000] {logging_mixin.py:188} INFO - [2025-08-02T02:14:20.061+0000] {dag.py:3834} INFO - Setting next_dagrun for example_external_task_marker_parent to None, run_after=None
[2025-08-02T02:14:20.096+0000] {processor.py:183} INFO - Processing /home/airflow/.local/lib/python3.8/site-packages/airflow/example_dags/example_external_task_marker_dag.py took 0.136 seconds
[2025-08-02T02:15:08.472+0000] {processor.py:161} INFO - Started process (PID=3100) to work on /home/airflow/.local/lib/python3.8/site-packages/airflow/example_dags/example_external_task_marker_dag.py
[2025-08-02T02:15:08.474+0000] {processor.py:830} INFO - Processing file /home/airflow/.local/lib/python3.8/site-packages/airflow/example_dags/example_external_task_marker_dag.py for tasks to queue
[2025-08-02T02:15:08.475+0000] {logging_mixin.py:188} INFO - [2025-08-02T02:15:08.474+0000] {dagbag.py:540} INFO - Filling up the DagBag from /home/airflow/.local/lib/python3.8/site-packages/airflow/example_dags/example_external_task_marker_dag.py
[2025-08-02T02:15:08.493+0000] {processor.py:840} INFO - DAG(s) 'example_external_task_marker_parent', 'example_external_task_marker_child' retrieved from /home/airflow/.local/lib/python3.8/site-packages/airflow/example_dags/example_external_task_marker_dag.py
[2025-08-02T02:15:08.539+0000] {logging_mixin.py:188} INFO - [2025-08-02T02:15:08.539+0000] {dag.py:3047} INFO - Sync 2 DAGs
[2025-08-02T02:15:08.580+0000] {logging_mixin.py:188} INFO - [2025-08-02T02:15:08.580+0000] {dag.py:3834} INFO - Setting next_dagrun for example_external_task_marker_child to None, run_after=None
[2025-08-02T02:15:08.590+0000] {logging_mixin.py:188} INFO - [2025-08-02T02:15:08.590+0000] {dag.py:3834} INFO - Setting next_dagrun for example_external_task_marker_parent to None, run_after=None
[2025-08-02T02:15:08.640+0000] {processor.py:183} INFO - Processing /home/airflow/.local/lib/python3.8/site-packages/airflow/example_dags/example_external_task_marker_dag.py took 0.171 seconds
[2025-08-02T02:15:48.395+0000] {processor.py:161} INFO - Started process (PID=3164) to work on /home/airflow/.local/lib/python3.8/site-packages/airflow/example_dags/example_external_task_marker_dag.py
[2025-08-02T02:15:48.402+0000] {processor.py:830} INFO - Processing file /home/airflow/.local/lib/python3.8/site-packages/airflow/example_dags/example_external_task_marker_dag.py for tasks to queue
[2025-08-02T02:15:48.412+0000] {logging_mixin.py:188} INFO - [2025-08-02T02:15:48.408+0000] {dagbag.py:540} INFO - Filling up the DagBag from /home/airflow/.local/lib/python3.8/site-packages/airflow/example_dags/example_external_task_marker_dag.py
[2025-08-02T02:15:48.445+0000] {processor.py:840} INFO - DAG(s) 'example_external_task_marker_parent', 'example_external_task_marker_child' retrieved from /home/airflow/.local/lib/python3.8/site-packages/airflow/example_dags/example_external_task_marker_dag.py
[2025-08-02T02:15:48.586+0000] {logging_mixin.py:188} INFO - [2025-08-02T02:15:48.586+0000] {dag.py:3047} INFO - Sync 2 DAGs
[2025-08-02T02:15:48.622+0000] {logging_mixin.py:188} INFO - [2025-08-02T02:15:48.620+0000] {dag.py:3834} INFO - Setting next_dagrun for example_external_task_marker_child to None, run_after=None
[2025-08-02T02:15:48.628+0000] {logging_mixin.py:188} INFO - [2025-08-02T02:15:48.628+0000] {dag.py:3834} INFO - Setting next_dagrun for example_external_task_marker_parent to None, run_after=None
[2025-08-02T02:15:48.662+0000] {processor.py:183} INFO - Processing /home/airflow/.local/lib/python3.8/site-packages/airflow/example_dags/example_external_task_marker_dag.py took 0.280 seconds
[2025-08-02T02:16:32.467+0000] {processor.py:161} INFO - Started process (PID=3220) to work on /home/airflow/.local/lib/python3.8/site-packages/airflow/example_dags/example_external_task_marker_dag.py
[2025-08-02T02:16:32.469+0000] {processor.py:830} INFO - Processing file /home/airflow/.local/lib/python3.8/site-packages/airflow/example_dags/example_external_task_marker_dag.py for tasks to queue
[2025-08-02T02:16:32.473+0000] {logging_mixin.py:188} INFO - [2025-08-02T02:16:32.471+0000] {dagbag.py:540} INFO - Filling up the DagBag from /home/airflow/.local/lib/python3.8/site-packages/airflow/example_dags/example_external_task_marker_dag.py
[2025-08-02T02:16:32.488+0000] {processor.py:840} INFO - DAG(s) 'example_external_task_marker_child', 'example_external_task_marker_parent' retrieved from /home/airflow/.local/lib/python3.8/site-packages/airflow/example_dags/example_external_task_marker_dag.py
[2025-08-02T02:16:32.624+0000] {logging_mixin.py:188} INFO - [2025-08-02T02:16:32.622+0000] {dag.py:3047} INFO - Sync 2 DAGs
[2025-08-02T02:16:32.728+0000] {logging_mixin.py:188} INFO - [2025-08-02T02:16:32.723+0000] {dag.py:3834} INFO - Setting next_dagrun for example_external_task_marker_child to None, run_after=None
[2025-08-02T02:16:32.739+0000] {logging_mixin.py:188} INFO - [2025-08-02T02:16:32.739+0000] {dag.py:3834} INFO - Setting next_dagrun for example_external_task_marker_parent to None, run_after=None
[2025-08-02T02:16:32.865+0000] {processor.py:183} INFO - Processing /home/airflow/.local/lib/python3.8/site-packages/airflow/example_dags/example_external_task_marker_dag.py took 0.404 seconds
[2025-08-02T02:17:13.421+0000] {processor.py:161} INFO - Started process (PID=3276) to work on /home/airflow/.local/lib/python3.8/site-packages/airflow/example_dags/example_external_task_marker_dag.py
[2025-08-02T02:17:13.425+0000] {processor.py:830} INFO - Processing file /home/airflow/.local/lib/python3.8/site-packages/airflow/example_dags/example_external_task_marker_dag.py for tasks to queue
[2025-08-02T02:17:13.426+0000] {logging_mixin.py:188} INFO - [2025-08-02T02:17:13.426+0000] {dagbag.py:540} INFO - Filling up the DagBag from /home/airflow/.local/lib/python3.8/site-packages/airflow/example_dags/example_external_task_marker_dag.py
[2025-08-02T02:17:13.464+0000] {processor.py:840} INFO - DAG(s) 'example_external_task_marker_child', 'example_external_task_marker_parent' retrieved from /home/airflow/.local/lib/python3.8/site-packages/airflow/example_dags/example_external_task_marker_dag.py
[2025-08-02T02:17:13.552+0000] {logging_mixin.py:188} INFO - [2025-08-02T02:17:13.552+0000] {dag.py:3047} INFO - Sync 2 DAGs
[2025-08-02T02:17:13.579+0000] {logging_mixin.py:188} INFO - [2025-08-02T02:17:13.578+0000] {dag.py:3834} INFO - Setting next_dagrun for example_external_task_marker_child to None, run_after=None
[2025-08-02T02:17:13.587+0000] {logging_mixin.py:188} INFO - [2025-08-02T02:17:13.586+0000] {dag.py:3834} INFO - Setting next_dagrun for example_external_task_marker_parent to None, run_after=None
[2025-08-02T02:17:13.636+0000] {processor.py:183} INFO - Processing /home/airflow/.local/lib/python3.8/site-packages/airflow/example_dags/example_external_task_marker_dag.py took 0.224 seconds
[2025-08-02T02:18:03.464+0000] {processor.py:161} INFO - Started process (PID=3338) to work on /home/airflow/.local/lib/python3.8/site-packages/airflow/example_dags/example_external_task_marker_dag.py
[2025-08-02T02:18:03.469+0000] {processor.py:830} INFO - Processing file /home/airflow/.local/lib/python3.8/site-packages/airflow/example_dags/example_external_task_marker_dag.py for tasks to queue
[2025-08-02T02:18:03.498+0000] {logging_mixin.py:188} INFO - [2025-08-02T02:18:03.491+0000] {dagbag.py:540} INFO - Filling up the DagBag from /home/airflow/.local/lib/python3.8/site-packages/airflow/example_dags/example_external_task_marker_dag.py
[2025-08-02T02:18:03.559+0000] {processor.py:840} INFO - DAG(s) 'example_external_task_marker_parent', 'example_external_task_marker_child' retrieved from /home/airflow/.local/lib/python3.8/site-packages/airflow/example_dags/example_external_task_marker_dag.py
[2025-08-02T02:18:04.964+0000] {logging_mixin.py:188} INFO - [2025-08-02T02:18:04.940+0000] {dag.py:3047} INFO - Sync 2 DAGs
[2025-08-02T02:18:05.088+0000] {logging_mixin.py:188} INFO - [2025-08-02T02:18:05.078+0000] {dag.py:3834} INFO - Setting next_dagrun for example_external_task_marker_child to None, run_after=None
[2025-08-02T02:18:05.127+0000] {logging_mixin.py:188} INFO - [2025-08-02T02:18:05.127+0000] {dag.py:3834} INFO - Setting next_dagrun for example_external_task_marker_parent to None, run_after=None
[2025-08-02T02:18:10.347+0000] {processor.py:183} INFO - Processing /home/airflow/.local/lib/python3.8/site-packages/airflow/example_dags/example_external_task_marker_dag.py took 6.904 seconds
[2025-08-02T02:19:01.506+0000] {processor.py:161} INFO - Started process (PID=3402) to work on /home/airflow/.local/lib/python3.8/site-packages/airflow/example_dags/example_external_task_marker_dag.py
[2025-08-02T02:19:01.513+0000] {processor.py:830} INFO - Processing file /home/airflow/.local/lib/python3.8/site-packages/airflow/example_dags/example_external_task_marker_dag.py for tasks to queue
[2025-08-02T02:19:01.517+0000] {logging_mixin.py:188} INFO - [2025-08-02T02:19:01.517+0000] {dagbag.py:540} INFO - Filling up the DagBag from /home/airflow/.local/lib/python3.8/site-packages/airflow/example_dags/example_external_task_marker_dag.py
[2025-08-02T02:19:01.554+0000] {processor.py:840} INFO - DAG(s) 'example_external_task_marker_parent', 'example_external_task_marker_child' retrieved from /home/airflow/.local/lib/python3.8/site-packages/airflow/example_dags/example_external_task_marker_dag.py
[2025-08-02T02:19:01.674+0000] {logging_mixin.py:188} INFO - [2025-08-02T02:19:01.673+0000] {dag.py:3047} INFO - Sync 2 DAGs
[2025-08-02T02:19:04.717+0000] {logging_mixin.py:188} INFO - [2025-08-02T02:19:04.715+0000] {dag.py:3834} INFO - Setting next_dagrun for example_external_task_marker_child to None, run_after=None
[2025-08-02T02:19:04.729+0000] {logging_mixin.py:188} INFO - [2025-08-02T02:19:04.729+0000] {dag.py:3834} INFO - Setting next_dagrun for example_external_task_marker_parent to None, run_after=None
[2025-08-02T02:19:04.803+0000] {processor.py:183} INFO - Processing /home/airflow/.local/lib/python3.8/site-packages/airflow/example_dags/example_external_task_marker_dag.py took 3.310 seconds
[2025-08-02T02:19:35.901+0000] {processor.py:161} INFO - Started process (PID=3465) to work on /home/airflow/.local/lib/python3.8/site-packages/airflow/example_dags/example_external_task_marker_dag.py
[2025-08-02T02:19:35.923+0000] {processor.py:830} INFO - Processing file /home/airflow/.local/lib/python3.8/site-packages/airflow/example_dags/example_external_task_marker_dag.py for tasks to queue
[2025-08-02T02:19:35.937+0000] {logging_mixin.py:188} INFO - [2025-08-02T02:19:35.936+0000] {dagbag.py:540} INFO - Filling up the DagBag from /home/airflow/.local/lib/python3.8/site-packages/airflow/example_dags/example_external_task_marker_dag.py
[2025-08-02T02:19:35.969+0000] {processor.py:840} INFO - DAG(s) 'example_external_task_marker_child', 'example_external_task_marker_parent' retrieved from /home/airflow/.local/lib/python3.8/site-packages/airflow/example_dags/example_external_task_marker_dag.py
[2025-08-02T02:19:36.303+0000] {logging_mixin.py:188} INFO - [2025-08-02T02:19:36.300+0000] {dag.py:3047} INFO - Sync 2 DAGs
[2025-08-02T02:19:36.359+0000] {logging_mixin.py:188} INFO - [2025-08-02T02:19:36.358+0000] {dag.py:3834} INFO - Setting next_dagrun for example_external_task_marker_child to None, run_after=None
[2025-08-02T02:19:36.393+0000] {logging_mixin.py:188} INFO - [2025-08-02T02:19:36.392+0000] {dag.py:3834} INFO - Setting next_dagrun for example_external_task_marker_parent to None, run_after=None
[2025-08-02T02:19:36.538+0000] {processor.py:183} INFO - Processing /home/airflow/.local/lib/python3.8/site-packages/airflow/example_dags/example_external_task_marker_dag.py took 0.653 seconds
[2025-08-02T02:20:06.801+0000] {processor.py:161} INFO - Started process (PID=3521) to work on /home/airflow/.local/lib/python3.8/site-packages/airflow/example_dags/example_external_task_marker_dag.py
[2025-08-02T02:20:06.802+0000] {processor.py:830} INFO - Processing file /home/airflow/.local/lib/python3.8/site-packages/airflow/example_dags/example_external_task_marker_dag.py for tasks to queue
[2025-08-02T02:20:06.804+0000] {logging_mixin.py:188} INFO - [2025-08-02T02:20:06.803+0000] {dagbag.py:540} INFO - Filling up the DagBag from /home/airflow/.local/lib/python3.8/site-packages/airflow/example_dags/example_external_task_marker_dag.py
[2025-08-02T02:20:06.817+0000] {processor.py:840} INFO - DAG(s) 'example_external_task_marker_parent', 'example_external_task_marker_child' retrieved from /home/airflow/.local/lib/python3.8/site-packages/airflow/example_dags/example_external_task_marker_dag.py
[2025-08-02T02:20:06.879+0000] {logging_mixin.py:188} INFO - [2025-08-02T02:20:06.878+0000] {dag.py:3047} INFO - Sync 2 DAGs
[2025-08-02T02:20:06.921+0000] {logging_mixin.py:188} INFO - [2025-08-02T02:20:06.901+0000] {dag.py:3834} INFO - Setting next_dagrun for example_external_task_marker_child to None, run_after=None
[2025-08-02T02:20:06.933+0000] {logging_mixin.py:188} INFO - [2025-08-02T02:20:06.932+0000] {dag.py:3834} INFO - Setting next_dagrun for example_external_task_marker_parent to None, run_after=None
[2025-08-02T02:20:06.975+0000] {processor.py:183} INFO - Processing /home/airflow/.local/lib/python3.8/site-packages/airflow/example_dags/example_external_task_marker_dag.py took 0.180 seconds
[2025-08-02T02:20:43.692+0000] {processor.py:161} INFO - Started process (PID=3577) to work on /home/airflow/.local/lib/python3.8/site-packages/airflow/example_dags/example_external_task_marker_dag.py
[2025-08-02T02:20:43.695+0000] {processor.py:830} INFO - Processing file /home/airflow/.local/lib/python3.8/site-packages/airflow/example_dags/example_external_task_marker_dag.py for tasks to queue
[2025-08-02T02:20:43.697+0000] {logging_mixin.py:188} INFO - [2025-08-02T02:20:43.696+0000] {dagbag.py:540} INFO - Filling up the DagBag from /home/airflow/.local/lib/python3.8/site-packages/airflow/example_dags/example_external_task_marker_dag.py
[2025-08-02T02:20:43.709+0000] {processor.py:840} INFO - DAG(s) 'example_external_task_marker_parent', 'example_external_task_marker_child' retrieved from /home/airflow/.local/lib/python3.8/site-packages/airflow/example_dags/example_external_task_marker_dag.py
[2025-08-02T02:20:43.983+0000] {logging_mixin.py:188} INFO - [2025-08-02T02:20:43.983+0000] {dag.py:3047} INFO - Sync 2 DAGs
[2025-08-02T02:20:43.999+0000] {logging_mixin.py:188} INFO - [2025-08-02T02:20:43.999+0000] {dag.py:3834} INFO - Setting next_dagrun for example_external_task_marker_child to None, run_after=None
[2025-08-02T02:20:44.004+0000] {logging_mixin.py:188} INFO - [2025-08-02T02:20:44.004+0000] {dag.py:3834} INFO - Setting next_dagrun for example_external_task_marker_parent to None, run_after=None
[2025-08-02T02:20:44.028+0000] {processor.py:183} INFO - Processing /home/airflow/.local/lib/python3.8/site-packages/airflow/example_dags/example_external_task_marker_dag.py took 0.342 seconds
[2025-08-02T02:21:14.412+0000] {processor.py:161} INFO - Started process (PID=3633) to work on /home/airflow/.local/lib/python3.8/site-packages/airflow/example_dags/example_external_task_marker_dag.py
[2025-08-02T02:21:14.418+0000] {processor.py:830} INFO - Processing file /home/airflow/.local/lib/python3.8/site-packages/airflow/example_dags/example_external_task_marker_dag.py for tasks to queue
[2025-08-02T02:21:14.419+0000] {logging_mixin.py:188} INFO - [2025-08-02T02:21:14.419+0000] {dagbag.py:540} INFO - Filling up the DagBag from /home/airflow/.local/lib/python3.8/site-packages/airflow/example_dags/example_external_task_marker_dag.py
[2025-08-02T02:21:14.430+0000] {processor.py:840} INFO - DAG(s) 'example_external_task_marker_child', 'example_external_task_marker_parent' retrieved from /home/airflow/.local/lib/python3.8/site-packages/airflow/example_dags/example_external_task_marker_dag.py
[2025-08-02T02:21:14.481+0000] {logging_mixin.py:188} INFO - [2025-08-02T02:21:14.481+0000] {dag.py:3047} INFO - Sync 2 DAGs
[2025-08-02T02:21:14.507+0000] {logging_mixin.py:188} INFO - [2025-08-02T02:21:14.507+0000] {dag.py:3834} INFO - Setting next_dagrun for example_external_task_marker_child to None, run_after=None
[2025-08-02T02:21:14.517+0000] {logging_mixin.py:188} INFO - [2025-08-02T02:21:14.517+0000] {dag.py:3834} INFO - Setting next_dagrun for example_external_task_marker_parent to None, run_after=None
[2025-08-02T02:21:14.563+0000] {processor.py:183} INFO - Processing /home/airflow/.local/lib/python3.8/site-packages/airflow/example_dags/example_external_task_marker_dag.py took 0.157 seconds
[2025-08-02T02:21:47.622+0000] {processor.py:161} INFO - Started process (PID=3687) to work on /home/airflow/.local/lib/python3.8/site-packages/airflow/example_dags/example_external_task_marker_dag.py
[2025-08-02T02:21:47.626+0000] {processor.py:830} INFO - Processing file /home/airflow/.local/lib/python3.8/site-packages/airflow/example_dags/example_external_task_marker_dag.py for tasks to queue
[2025-08-02T02:21:47.630+0000] {logging_mixin.py:188} INFO - [2025-08-02T02:21:47.626+0000] {dagbag.py:540} INFO - Filling up the DagBag from /home/airflow/.local/lib/python3.8/site-packages/airflow/example_dags/example_external_task_marker_dag.py
[2025-08-02T02:21:47.750+0000] {processor.py:840} INFO - DAG(s) 'example_external_task_marker_parent', 'example_external_task_marker_child' retrieved from /home/airflow/.local/lib/python3.8/site-packages/airflow/example_dags/example_external_task_marker_dag.py
[2025-08-02T02:21:48.251+0000] {logging_mixin.py:188} INFO - [2025-08-02T02:21:48.246+0000] {dag.py:3047} INFO - Sync 2 DAGs
[2025-08-02T02:21:48.284+0000] {logging_mixin.py:188} INFO - [2025-08-02T02:21:48.283+0000] {dag.py:3834} INFO - Setting next_dagrun for example_external_task_marker_child to None, run_after=None
[2025-08-02T02:21:48.332+0000] {logging_mixin.py:188} INFO - [2025-08-02T02:21:48.327+0000] {dag.py:3834} INFO - Setting next_dagrun for example_external_task_marker_parent to None, run_after=None
[2025-08-02T02:21:48.607+0000] {processor.py:183} INFO - Processing /home/airflow/.local/lib/python3.8/site-packages/airflow/example_dags/example_external_task_marker_dag.py took 0.995 seconds
[2025-08-02T02:22:18.872+0000] {processor.py:161} INFO - Started process (PID=3743) to work on /home/airflow/.local/lib/python3.8/site-packages/airflow/example_dags/example_external_task_marker_dag.py
[2025-08-02T02:22:18.880+0000] {processor.py:830} INFO - Processing file /home/airflow/.local/lib/python3.8/site-packages/airflow/example_dags/example_external_task_marker_dag.py for tasks to queue
[2025-08-02T02:22:18.883+0000] {logging_mixin.py:188} INFO - [2025-08-02T02:22:18.883+0000] {dagbag.py:540} INFO - Filling up the DagBag from /home/airflow/.local/lib/python3.8/site-packages/airflow/example_dags/example_external_task_marker_dag.py
[2025-08-02T02:22:18.920+0000] {processor.py:840} INFO - DAG(s) 'example_external_task_marker_child', 'example_external_task_marker_parent' retrieved from /home/airflow/.local/lib/python3.8/site-packages/airflow/example_dags/example_external_task_marker_dag.py
[2025-08-02T02:22:19.059+0000] {logging_mixin.py:188} INFO - [2025-08-02T02:22:19.059+0000] {dag.py:3047} INFO - Sync 2 DAGs
[2025-08-02T02:22:19.091+0000] {logging_mixin.py:188} INFO - [2025-08-02T02:22:19.090+0000] {dag.py:3834} INFO - Setting next_dagrun for example_external_task_marker_child to None, run_after=None
[2025-08-02T02:22:19.112+0000] {logging_mixin.py:188} INFO - [2025-08-02T02:22:19.112+0000] {dag.py:3834} INFO - Setting next_dagrun for example_external_task_marker_parent to None, run_after=None
[2025-08-02T02:22:19.213+0000] {processor.py:183} INFO - Processing /home/airflow/.local/lib/python3.8/site-packages/airflow/example_dags/example_external_task_marker_dag.py took 0.354 seconds
[2025-08-02T02:22:49.904+0000] {processor.py:161} INFO - Started process (PID=3801) to work on /home/airflow/.local/lib/python3.8/site-packages/airflow/example_dags/example_external_task_marker_dag.py
[2025-08-02T02:22:49.909+0000] {processor.py:830} INFO - Processing file /home/airflow/.local/lib/python3.8/site-packages/airflow/example_dags/example_external_task_marker_dag.py for tasks to queue
[2025-08-02T02:22:49.912+0000] {logging_mixin.py:188} INFO - [2025-08-02T02:22:49.910+0000] {dagbag.py:540} INFO - Filling up the DagBag from /home/airflow/.local/lib/python3.8/site-packages/airflow/example_dags/example_external_task_marker_dag.py
[2025-08-02T02:22:50.044+0000] {processor.py:840} INFO - DAG(s) 'example_external_task_marker_parent', 'example_external_task_marker_child' retrieved from /home/airflow/.local/lib/python3.8/site-packages/airflow/example_dags/example_external_task_marker_dag.py
[2025-08-02T02:22:50.767+0000] {logging_mixin.py:188} INFO - [2025-08-02T02:22:50.766+0000] {dag.py:3047} INFO - Sync 2 DAGs
[2025-08-02T02:22:50.792+0000] {logging_mixin.py:188} INFO - [2025-08-02T02:22:50.792+0000] {dag.py:3834} INFO - Setting next_dagrun for example_external_task_marker_child to None, run_after=None
[2025-08-02T02:22:50.800+0000] {logging_mixin.py:188} INFO - [2025-08-02T02:22:50.799+0000] {dag.py:3834} INFO - Setting next_dagrun for example_external_task_marker_parent to None, run_after=None
[2025-08-02T02:22:50.855+0000] {processor.py:183} INFO - Processing /home/airflow/.local/lib/python3.8/site-packages/airflow/example_dags/example_external_task_marker_dag.py took 0.965 seconds
[2025-08-02T02:23:21.683+0000] {processor.py:161} INFO - Started process (PID=3856) to work on /home/airflow/.local/lib/python3.8/site-packages/airflow/example_dags/example_external_task_marker_dag.py
[2025-08-02T02:23:21.687+0000] {processor.py:830} INFO - Processing file /home/airflow/.local/lib/python3.8/site-packages/airflow/example_dags/example_external_task_marker_dag.py for tasks to queue
[2025-08-02T02:23:21.694+0000] {logging_mixin.py:188} INFO - [2025-08-02T02:23:21.688+0000] {dagbag.py:540} INFO - Filling up the DagBag from /home/airflow/.local/lib/python3.8/site-packages/airflow/example_dags/example_external_task_marker_dag.py
[2025-08-02T02:23:21.716+0000] {processor.py:840} INFO - DAG(s) 'example_external_task_marker_child', 'example_external_task_marker_parent' retrieved from /home/airflow/.local/lib/python3.8/site-packages/airflow/example_dags/example_external_task_marker_dag.py
[2025-08-02T02:23:21.845+0000] {logging_mixin.py:188} INFO - [2025-08-02T02:23:21.845+0000] {dag.py:3047} INFO - Sync 2 DAGs
[2025-08-02T02:23:21.858+0000] {logging_mixin.py:188} INFO - [2025-08-02T02:23:21.858+0000] {dag.py:3834} INFO - Setting next_dagrun for example_external_task_marker_child to None, run_after=None
[2025-08-02T02:23:21.863+0000] {logging_mixin.py:188} INFO - [2025-08-02T02:23:21.863+0000] {dag.py:3834} INFO - Setting next_dagrun for example_external_task_marker_parent to None, run_after=None
[2025-08-02T02:23:21.900+0000] {processor.py:183} INFO - Processing /home/airflow/.local/lib/python3.8/site-packages/airflow/example_dags/example_external_task_marker_dag.py took 0.235 seconds
[2025-08-02T02:23:52.603+0000] {processor.py:161} INFO - Started process (PID=3912) to work on /home/airflow/.local/lib/python3.8/site-packages/airflow/example_dags/example_external_task_marker_dag.py
[2025-08-02T02:23:52.606+0000] {processor.py:830} INFO - Processing file /home/airflow/.local/lib/python3.8/site-packages/airflow/example_dags/example_external_task_marker_dag.py for tasks to queue
[2025-08-02T02:23:52.608+0000] {logging_mixin.py:188} INFO - [2025-08-02T02:23:52.608+0000] {dagbag.py:540} INFO - Filling up the DagBag from /home/airflow/.local/lib/python3.8/site-packages/airflow/example_dags/example_external_task_marker_dag.py
[2025-08-02T02:23:52.621+0000] {processor.py:840} INFO - DAG(s) 'example_external_task_marker_parent', 'example_external_task_marker_child' retrieved from /home/airflow/.local/lib/python3.8/site-packages/airflow/example_dags/example_external_task_marker_dag.py
[2025-08-02T02:23:52.681+0000] {logging_mixin.py:188} INFO - [2025-08-02T02:23:52.680+0000] {dag.py:3047} INFO - Sync 2 DAGs
[2025-08-02T02:23:52.701+0000] {logging_mixin.py:188} INFO - [2025-08-02T02:23:52.701+0000] {dag.py:3834} INFO - Setting next_dagrun for example_external_task_marker_child to None, run_after=None
[2025-08-02T02:23:52.705+0000] {logging_mixin.py:188} INFO - [2025-08-02T02:23:52.705+0000] {dag.py:3834} INFO - Setting next_dagrun for example_external_task_marker_parent to None, run_after=None
[2025-08-02T02:23:52.740+0000] {processor.py:183} INFO - Processing /home/airflow/.local/lib/python3.8/site-packages/airflow/example_dags/example_external_task_marker_dag.py took 0.154 seconds
[2025-08-02T02:24:23.377+0000] {processor.py:161} INFO - Started process (PID=3967) to work on /home/airflow/.local/lib/python3.8/site-packages/airflow/example_dags/example_external_task_marker_dag.py
[2025-08-02T02:24:23.399+0000] {processor.py:830} INFO - Processing file /home/airflow/.local/lib/python3.8/site-packages/airflow/example_dags/example_external_task_marker_dag.py for tasks to queue
[2025-08-02T02:24:23.410+0000] {logging_mixin.py:188} INFO - [2025-08-02T02:24:23.408+0000] {dagbag.py:540} INFO - Filling up the DagBag from /home/airflow/.local/lib/python3.8/site-packages/airflow/example_dags/example_external_task_marker_dag.py
[2025-08-02T02:24:23.438+0000] {processor.py:840} INFO - DAG(s) 'example_external_task_marker_child', 'example_external_task_marker_parent' retrieved from /home/airflow/.local/lib/python3.8/site-packages/airflow/example_dags/example_external_task_marker_dag.py
[2025-08-02T02:24:23.614+0000] {logging_mixin.py:188} INFO - [2025-08-02T02:24:23.613+0000] {dag.py:3047} INFO - Sync 2 DAGs
[2025-08-02T02:24:23.648+0000] {logging_mixin.py:188} INFO - [2025-08-02T02:24:23.648+0000] {dag.py:3834} INFO - Setting next_dagrun for example_external_task_marker_child to None, run_after=None
[2025-08-02T02:24:23.653+0000] {logging_mixin.py:188} INFO - [2025-08-02T02:24:23.653+0000] {dag.py:3834} INFO - Setting next_dagrun for example_external_task_marker_parent to None, run_after=None
[2025-08-02T02:24:23.682+0000] {processor.py:183} INFO - Processing /home/airflow/.local/lib/python3.8/site-packages/airflow/example_dags/example_external_task_marker_dag.py took 0.356 seconds
[2025-08-02T02:24:54.115+0000] {processor.py:161} INFO - Started process (PID=4022) to work on /home/airflow/.local/lib/python3.8/site-packages/airflow/example_dags/example_external_task_marker_dag.py
[2025-08-02T02:24:54.129+0000] {processor.py:830} INFO - Processing file /home/airflow/.local/lib/python3.8/site-packages/airflow/example_dags/example_external_task_marker_dag.py for tasks to queue
[2025-08-02T02:24:54.148+0000] {logging_mixin.py:188} INFO - [2025-08-02T02:24:54.139+0000] {dagbag.py:540} INFO - Filling up the DagBag from /home/airflow/.local/lib/python3.8/site-packages/airflow/example_dags/example_external_task_marker_dag.py
[2025-08-02T02:24:54.236+0000] {processor.py:840} INFO - DAG(s) 'example_external_task_marker_child', 'example_external_task_marker_parent' retrieved from /home/airflow/.local/lib/python3.8/site-packages/airflow/example_dags/example_external_task_marker_dag.py
[2025-08-02T02:24:54.526+0000] {logging_mixin.py:188} INFO - [2025-08-02T02:24:54.515+0000] {dag.py:3047} INFO - Sync 2 DAGs
[2025-08-02T02:24:54.593+0000] {logging_mixin.py:188} INFO - [2025-08-02T02:24:54.591+0000] {dag.py:3834} INFO - Setting next_dagrun for example_external_task_marker_child to None, run_after=None
[2025-08-02T02:24:54.602+0000] {logging_mixin.py:188} INFO - [2025-08-02T02:24:54.601+0000] {dag.py:3834} INFO - Setting next_dagrun for example_external_task_marker_parent to None, run_after=None
[2025-08-02T02:24:54.662+0000] {processor.py:183} INFO - Processing /home/airflow/.local/lib/python3.8/site-packages/airflow/example_dags/example_external_task_marker_dag.py took 0.573 seconds
[2025-08-02T02:25:43.781+0000] {processor.py:161} INFO - Started process (PID=4084) to work on /home/airflow/.local/lib/python3.8/site-packages/airflow/example_dags/example_external_task_marker_dag.py
[2025-08-02T02:25:43.782+0000] {processor.py:830} INFO - Processing file /home/airflow/.local/lib/python3.8/site-packages/airflow/example_dags/example_external_task_marker_dag.py for tasks to queue
[2025-08-02T02:25:43.784+0000] {logging_mixin.py:188} INFO - [2025-08-02T02:25:43.783+0000] {dagbag.py:540} INFO - Filling up the DagBag from /home/airflow/.local/lib/python3.8/site-packages/airflow/example_dags/example_external_task_marker_dag.py
[2025-08-02T02:25:43.794+0000] {processor.py:840} INFO - DAG(s) 'example_external_task_marker_child', 'example_external_task_marker_parent' retrieved from /home/airflow/.local/lib/python3.8/site-packages/airflow/example_dags/example_external_task_marker_dag.py
[2025-08-02T02:25:43.951+0000] {logging_mixin.py:188} INFO - [2025-08-02T02:25:43.939+0000] {dag.py:3047} INFO - Sync 2 DAGs
[2025-08-02T02:25:44.054+0000] {logging_mixin.py:188} INFO - [2025-08-02T02:25:44.052+0000] {dag.py:3834} INFO - Setting next_dagrun for example_external_task_marker_child to None, run_after=None
[2025-08-02T02:25:44.061+0000] {logging_mixin.py:188} INFO - [2025-08-02T02:25:44.061+0000] {dag.py:3834} INFO - Setting next_dagrun for example_external_task_marker_parent to None, run_after=None
[2025-08-02T02:25:44.128+0000] {processor.py:183} INFO - Processing /home/airflow/.local/lib/python3.8/site-packages/airflow/example_dags/example_external_task_marker_dag.py took 0.351 seconds
[2025-08-02T02:26:22.668+0000] {processor.py:161} INFO - Started process (PID=4141) to work on /home/airflow/.local/lib/python3.8/site-packages/airflow/example_dags/example_external_task_marker_dag.py
[2025-08-02T02:26:22.670+0000] {processor.py:830} INFO - Processing file /home/airflow/.local/lib/python3.8/site-packages/airflow/example_dags/example_external_task_marker_dag.py for tasks to queue
[2025-08-02T02:26:22.671+0000] {logging_mixin.py:188} INFO - [2025-08-02T02:26:22.671+0000] {dagbag.py:540} INFO - Filling up the DagBag from /home/airflow/.local/lib/python3.8/site-packages/airflow/example_dags/example_external_task_marker_dag.py
[2025-08-02T02:26:22.682+0000] {processor.py:840} INFO - DAG(s) 'example_external_task_marker_child', 'example_external_task_marker_parent' retrieved from /home/airflow/.local/lib/python3.8/site-packages/airflow/example_dags/example_external_task_marker_dag.py
[2025-08-02T02:26:22.710+0000] {logging_mixin.py:188} INFO - [2025-08-02T02:26:22.710+0000] {dag.py:3047} INFO - Sync 2 DAGs
[2025-08-02T02:26:22.726+0000] {logging_mixin.py:188} INFO - [2025-08-02T02:26:22.725+0000] {dag.py:3834} INFO - Setting next_dagrun for example_external_task_marker_child to None, run_after=None
[2025-08-02T02:26:22.729+0000] {logging_mixin.py:188} INFO - [2025-08-02T02:26:22.729+0000] {dag.py:3834} INFO - Setting next_dagrun for example_external_task_marker_parent to None, run_after=None
[2025-08-02T02:26:22.743+0000] {processor.py:183} INFO - Processing /home/airflow/.local/lib/python3.8/site-packages/airflow/example_dags/example_external_task_marker_dag.py took 0.083 seconds
[2025-08-02T02:27:12.469+0000] {processor.py:161} INFO - Started process (PID=4196) to work on /home/airflow/.local/lib/python3.8/site-packages/airflow/example_dags/example_external_task_marker_dag.py
[2025-08-02T02:27:12.480+0000] {processor.py:830} INFO - Processing file /home/airflow/.local/lib/python3.8/site-packages/airflow/example_dags/example_external_task_marker_dag.py for tasks to queue
[2025-08-02T02:27:12.486+0000] {logging_mixin.py:188} INFO - [2025-08-02T02:27:12.485+0000] {dagbag.py:540} INFO - Filling up the DagBag from /home/airflow/.local/lib/python3.8/site-packages/airflow/example_dags/example_external_task_marker_dag.py
[2025-08-02T02:27:12.528+0000] {processor.py:840} INFO - DAG(s) 'example_external_task_marker_child', 'example_external_task_marker_parent' retrieved from /home/airflow/.local/lib/python3.8/site-packages/airflow/example_dags/example_external_task_marker_dag.py
[2025-08-02T02:27:12.627+0000] {logging_mixin.py:188} INFO - [2025-08-02T02:27:12.627+0000] {dag.py:3047} INFO - Sync 2 DAGs
[2025-08-02T02:27:12.656+0000] {logging_mixin.py:188} INFO - [2025-08-02T02:27:12.656+0000] {dag.py:3834} INFO - Setting next_dagrun for example_external_task_marker_child to None, run_after=None
[2025-08-02T02:27:12.661+0000] {logging_mixin.py:188} INFO - [2025-08-02T02:27:12.660+0000] {dag.py:3834} INFO - Setting next_dagrun for example_external_task_marker_parent to None, run_after=None
[2025-08-02T02:27:12.721+0000] {processor.py:183} INFO - Processing /home/airflow/.local/lib/python3.8/site-packages/airflow/example_dags/example_external_task_marker_dag.py took 0.258 seconds
[2025-08-02T02:27:43.535+0000] {processor.py:161} INFO - Started process (PID=4253) to work on /home/airflow/.local/lib/python3.8/site-packages/airflow/example_dags/example_external_task_marker_dag.py
[2025-08-02T02:27:43.541+0000] {processor.py:830} INFO - Processing file /home/airflow/.local/lib/python3.8/site-packages/airflow/example_dags/example_external_task_marker_dag.py for tasks to queue
[2025-08-02T02:27:43.543+0000] {logging_mixin.py:188} INFO - [2025-08-02T02:27:43.543+0000] {dagbag.py:540} INFO - Filling up the DagBag from /home/airflow/.local/lib/python3.8/site-packages/airflow/example_dags/example_external_task_marker_dag.py
[2025-08-02T02:27:43.554+0000] {processor.py:840} INFO - DAG(s) 'example_external_task_marker_child', 'example_external_task_marker_parent' retrieved from /home/airflow/.local/lib/python3.8/site-packages/airflow/example_dags/example_external_task_marker_dag.py
[2025-08-02T02:27:43.597+0000] {logging_mixin.py:188} INFO - [2025-08-02T02:27:43.597+0000] {dag.py:3047} INFO - Sync 2 DAGs
[2025-08-02T02:27:43.668+0000] {logging_mixin.py:188} INFO - [2025-08-02T02:27:43.668+0000] {dag.py:3834} INFO - Setting next_dagrun for example_external_task_marker_child to None, run_after=None
[2025-08-02T02:27:43.675+0000] {logging_mixin.py:188} INFO - [2025-08-02T02:27:43.675+0000] {dag.py:3834} INFO - Setting next_dagrun for example_external_task_marker_parent to None, run_after=None
[2025-08-02T02:27:43.710+0000] {processor.py:183} INFO - Processing /home/airflow/.local/lib/python3.8/site-packages/airflow/example_dags/example_external_task_marker_dag.py took 0.181 seconds
[2025-08-02T02:28:15.917+0000] {processor.py:161} INFO - Started process (PID=4312) to work on /home/airflow/.local/lib/python3.8/site-packages/airflow/example_dags/example_external_task_marker_dag.py
[2025-08-02T02:28:15.927+0000] {processor.py:830} INFO - Processing file /home/airflow/.local/lib/python3.8/site-packages/airflow/example_dags/example_external_task_marker_dag.py for tasks to queue
[2025-08-02T02:28:15.929+0000] {logging_mixin.py:188} INFO - [2025-08-02T02:28:15.928+0000] {dagbag.py:540} INFO - Filling up the DagBag from /home/airflow/.local/lib/python3.8/site-packages/airflow/example_dags/example_external_task_marker_dag.py
[2025-08-02T02:28:15.955+0000] {processor.py:840} INFO - DAG(s) 'example_external_task_marker_parent', 'example_external_task_marker_child' retrieved from /home/airflow/.local/lib/python3.8/site-packages/airflow/example_dags/example_external_task_marker_dag.py
[2025-08-02T02:28:16.020+0000] {logging_mixin.py:188} INFO - [2025-08-02T02:28:16.019+0000] {dag.py:3047} INFO - Sync 2 DAGs
[2025-08-02T02:28:16.056+0000] {logging_mixin.py:188} INFO - [2025-08-02T02:28:16.055+0000] {dag.py:3834} INFO - Setting next_dagrun for example_external_task_marker_child to None, run_after=None
[2025-08-02T02:28:16.062+0000] {logging_mixin.py:188} INFO - [2025-08-02T02:28:16.061+0000] {dag.py:3834} INFO - Setting next_dagrun for example_external_task_marker_parent to None, run_after=None
[2025-08-02T02:28:16.113+0000] {processor.py:183} INFO - Processing /home/airflow/.local/lib/python3.8/site-packages/airflow/example_dags/example_external_task_marker_dag.py took 0.218 seconds
[2025-08-02T02:29:14.930+0000] {processor.py:161} INFO - Started process (PID=4403) to work on /home/airflow/.local/lib/python3.8/site-packages/airflow/example_dags/example_external_task_marker_dag.py
[2025-08-02T02:29:14.934+0000] {processor.py:830} INFO - Processing file /home/airflow/.local/lib/python3.8/site-packages/airflow/example_dags/example_external_task_marker_dag.py for tasks to queue
[2025-08-02T02:29:14.946+0000] {logging_mixin.py:188} INFO - [2025-08-02T02:29:14.942+0000] {dagbag.py:540} INFO - Filling up the DagBag from /home/airflow/.local/lib/python3.8/site-packages/airflow/example_dags/example_external_task_marker_dag.py
[2025-08-02T02:29:14.986+0000] {processor.py:840} INFO - DAG(s) 'example_external_task_marker_child', 'example_external_task_marker_parent' retrieved from /home/airflow/.local/lib/python3.8/site-packages/airflow/example_dags/example_external_task_marker_dag.py
[2025-08-02T02:29:15.076+0000] {logging_mixin.py:188} INFO - [2025-08-02T02:29:15.076+0000] {dag.py:3047} INFO - Sync 2 DAGs
[2025-08-02T02:29:15.119+0000] {logging_mixin.py:188} INFO - [2025-08-02T02:29:15.117+0000] {dag.py:3834} INFO - Setting next_dagrun for example_external_task_marker_child to None, run_after=None
[2025-08-02T02:29:15.133+0000] {logging_mixin.py:188} INFO - [2025-08-02T02:29:15.133+0000] {dag.py:3834} INFO - Setting next_dagrun for example_external_task_marker_parent to None, run_after=None
[2025-08-02T02:29:15.179+0000] {processor.py:183} INFO - Processing /home/airflow/.local/lib/python3.8/site-packages/airflow/example_dags/example_external_task_marker_dag.py took 0.256 seconds
[2025-08-02T02:30:14.507+0000] {processor.py:161} INFO - Started process (PID=4464) to work on /home/airflow/.local/lib/python3.8/site-packages/airflow/example_dags/example_external_task_marker_dag.py
[2025-08-02T02:30:14.519+0000] {processor.py:830} INFO - Processing file /home/airflow/.local/lib/python3.8/site-packages/airflow/example_dags/example_external_task_marker_dag.py for tasks to queue
[2025-08-02T02:30:14.525+0000] {logging_mixin.py:188} INFO - [2025-08-02T02:30:14.523+0000] {dagbag.py:540} INFO - Filling up the DagBag from /home/airflow/.local/lib/python3.8/site-packages/airflow/example_dags/example_external_task_marker_dag.py
[2025-08-02T02:30:14.545+0000] {processor.py:840} INFO - DAG(s) 'example_external_task_marker_parent', 'example_external_task_marker_child' retrieved from /home/airflow/.local/lib/python3.8/site-packages/airflow/example_dags/example_external_task_marker_dag.py
[2025-08-02T02:30:14.729+0000] {logging_mixin.py:188} INFO - [2025-08-02T02:30:14.727+0000] {dag.py:3047} INFO - Sync 2 DAGs
[2025-08-02T02:30:14.758+0000] {logging_mixin.py:188} INFO - [2025-08-02T02:30:14.758+0000] {dag.py:3834} INFO - Setting next_dagrun for example_external_task_marker_child to None, run_after=None
[2025-08-02T02:30:14.763+0000] {logging_mixin.py:188} INFO - [2025-08-02T02:30:14.763+0000] {dag.py:3834} INFO - Setting next_dagrun for example_external_task_marker_parent to None, run_after=None
[2025-08-02T02:30:14.819+0000] {processor.py:183} INFO - Processing /home/airflow/.local/lib/python3.8/site-packages/airflow/example_dags/example_external_task_marker_dag.py took 0.318 seconds
[2025-08-02T02:30:47.870+0000] {processor.py:161} INFO - Started process (PID=4525) to work on /home/airflow/.local/lib/python3.8/site-packages/airflow/example_dags/example_external_task_marker_dag.py
[2025-08-02T02:30:47.872+0000] {processor.py:830} INFO - Processing file /home/airflow/.local/lib/python3.8/site-packages/airflow/example_dags/example_external_task_marker_dag.py for tasks to queue
[2025-08-02T02:30:47.876+0000] {logging_mixin.py:188} INFO - [2025-08-02T02:30:47.875+0000] {dagbag.py:540} INFO - Filling up the DagBag from /home/airflow/.local/lib/python3.8/site-packages/airflow/example_dags/example_external_task_marker_dag.py
[2025-08-02T02:30:47.902+0000] {processor.py:840} INFO - DAG(s) 'example_external_task_marker_child', 'example_external_task_marker_parent' retrieved from /home/airflow/.local/lib/python3.8/site-packages/airflow/example_dags/example_external_task_marker_dag.py
[2025-08-02T02:30:47.968+0000] {logging_mixin.py:188} INFO - [2025-08-02T02:30:47.966+0000] {dag.py:3047} INFO - Sync 2 DAGs
[2025-08-02T02:30:48.034+0000] {logging_mixin.py:188} INFO - [2025-08-02T02:30:48.034+0000] {dag.py:3834} INFO - Setting next_dagrun for example_external_task_marker_child to None, run_after=None
[2025-08-02T02:30:48.044+0000] {logging_mixin.py:188} INFO - [2025-08-02T02:30:48.044+0000] {dag.py:3834} INFO - Setting next_dagrun for example_external_task_marker_parent to None, run_after=None
[2025-08-02T02:30:48.118+0000] {processor.py:183} INFO - Processing /home/airflow/.local/lib/python3.8/site-packages/airflow/example_dags/example_external_task_marker_dag.py took 0.252 seconds
[2025-08-02T02:36:58.533+0000] {processor.py:161} INFO - Started process (PID=104) to work on /home/airflow/.local/lib/python3.8/site-packages/airflow/example_dags/example_external_task_marker_dag.py
[2025-08-02T02:36:58.534+0000] {processor.py:830} INFO - Processing file /home/airflow/.local/lib/python3.8/site-packages/airflow/example_dags/example_external_task_marker_dag.py for tasks to queue
[2025-08-02T02:36:58.536+0000] {logging_mixin.py:188} INFO - [2025-08-02T02:36:58.536+0000] {dagbag.py:540} INFO - Filling up the DagBag from /home/airflow/.local/lib/python3.8/site-packages/airflow/example_dags/example_external_task_marker_dag.py
[2025-08-02T02:36:58.543+0000] {processor.py:840} INFO - DAG(s) 'example_external_task_marker_parent', 'example_external_task_marker_child' retrieved from /home/airflow/.local/lib/python3.8/site-packages/airflow/example_dags/example_external_task_marker_dag.py
[2025-08-02T02:36:58.720+0000] {logging_mixin.py:188} INFO - [2025-08-02T02:36:58.720+0000] {dag.py:3047} INFO - Sync 2 DAGs
[2025-08-02T02:36:58.738+0000] {logging_mixin.py:188} INFO - [2025-08-02T02:36:58.738+0000] {dag.py:3834} INFO - Setting next_dagrun for example_external_task_marker_child to None, run_after=None
[2025-08-02T02:36:58.743+0000] {logging_mixin.py:188} INFO - [2025-08-02T02:36:58.743+0000] {dag.py:3834} INFO - Setting next_dagrun for example_external_task_marker_parent to None, run_after=None
[2025-08-02T02:36:58.771+0000] {processor.py:183} INFO - Processing /home/airflow/.local/lib/python3.8/site-packages/airflow/example_dags/example_external_task_marker_dag.py took 0.241 seconds
[2025-08-02T02:37:29.542+0000] {processor.py:161} INFO - Started process (PID=160) to work on /home/airflow/.local/lib/python3.8/site-packages/airflow/example_dags/example_external_task_marker_dag.py
[2025-08-02T02:37:29.542+0000] {processor.py:830} INFO - Processing file /home/airflow/.local/lib/python3.8/site-packages/airflow/example_dags/example_external_task_marker_dag.py for tasks to queue
[2025-08-02T02:37:29.544+0000] {logging_mixin.py:188} INFO - [2025-08-02T02:37:29.544+0000] {dagbag.py:540} INFO - Filling up the DagBag from /home/airflow/.local/lib/python3.8/site-packages/airflow/example_dags/example_external_task_marker_dag.py
[2025-08-02T02:37:29.549+0000] {processor.py:840} INFO - DAG(s) 'example_external_task_marker_parent', 'example_external_task_marker_child' retrieved from /home/airflow/.local/lib/python3.8/site-packages/airflow/example_dags/example_external_task_marker_dag.py
[2025-08-02T02:37:29.568+0000] {logging_mixin.py:188} INFO - [2025-08-02T02:37:29.568+0000] {dag.py:3047} INFO - Sync 2 DAGs
[2025-08-02T02:37:29.581+0000] {logging_mixin.py:188} INFO - [2025-08-02T02:37:29.581+0000] {dag.py:3834} INFO - Setting next_dagrun for example_external_task_marker_child to None, run_after=None
[2025-08-02T02:37:29.588+0000] {logging_mixin.py:188} INFO - [2025-08-02T02:37:29.587+0000] {dag.py:3834} INFO - Setting next_dagrun for example_external_task_marker_parent to None, run_after=None
[2025-08-02T02:37:29.692+0000] {processor.py:183} INFO - Processing /home/airflow/.local/lib/python3.8/site-packages/airflow/example_dags/example_external_task_marker_dag.py took 0.152 seconds
[2025-08-02T02:37:59.922+0000] {processor.py:161} INFO - Started process (PID=216) to work on /home/airflow/.local/lib/python3.8/site-packages/airflow/example_dags/example_external_task_marker_dag.py
[2025-08-02T02:37:59.924+0000] {processor.py:830} INFO - Processing file /home/airflow/.local/lib/python3.8/site-packages/airflow/example_dags/example_external_task_marker_dag.py for tasks to queue
[2025-08-02T02:37:59.926+0000] {logging_mixin.py:188} INFO - [2025-08-02T02:37:59.925+0000] {dagbag.py:540} INFO - Filling up the DagBag from /home/airflow/.local/lib/python3.8/site-packages/airflow/example_dags/example_external_task_marker_dag.py
[2025-08-02T02:37:59.938+0000] {processor.py:840} INFO - DAG(s) 'example_external_task_marker_parent', 'example_external_task_marker_child' retrieved from /home/airflow/.local/lib/python3.8/site-packages/airflow/example_dags/example_external_task_marker_dag.py
[2025-08-02T02:37:59.973+0000] {logging_mixin.py:188} INFO - [2025-08-02T02:37:59.973+0000] {dag.py:3047} INFO - Sync 2 DAGs
[2025-08-02T02:37:59.982+0000] {logging_mixin.py:188} INFO - [2025-08-02T02:37:59.982+0000] {dag.py:3834} INFO - Setting next_dagrun for example_external_task_marker_child to None, run_after=None
[2025-08-02T02:37:59.985+0000] {logging_mixin.py:188} INFO - [2025-08-02T02:37:59.984+0000] {dag.py:3834} INFO - Setting next_dagrun for example_external_task_marker_parent to None, run_after=None
[2025-08-02T02:38:00.000+0000] {processor.py:183} INFO - Processing /home/airflow/.local/lib/python3.8/site-packages/airflow/example_dags/example_external_task_marker_dag.py took 0.084 seconds
[2025-08-02T02:38:30.543+0000] {processor.py:161} INFO - Started process (PID=272) to work on /home/airflow/.local/lib/python3.8/site-packages/airflow/example_dags/example_external_task_marker_dag.py
[2025-08-02T02:38:30.544+0000] {processor.py:830} INFO - Processing file /home/airflow/.local/lib/python3.8/site-packages/airflow/example_dags/example_external_task_marker_dag.py for tasks to queue
[2025-08-02T02:38:30.546+0000] {logging_mixin.py:188} INFO - [2025-08-02T02:38:30.545+0000] {dagbag.py:540} INFO - Filling up the DagBag from /home/airflow/.local/lib/python3.8/site-packages/airflow/example_dags/example_external_task_marker_dag.py
[2025-08-02T02:38:30.551+0000] {processor.py:840} INFO - DAG(s) 'example_external_task_marker_child', 'example_external_task_marker_parent' retrieved from /home/airflow/.local/lib/python3.8/site-packages/airflow/example_dags/example_external_task_marker_dag.py
[2025-08-02T02:38:30.572+0000] {logging_mixin.py:188} INFO - [2025-08-02T02:38:30.571+0000] {dag.py:3047} INFO - Sync 2 DAGs
[2025-08-02T02:38:30.586+0000] {logging_mixin.py:188} INFO - [2025-08-02T02:38:30.586+0000] {dag.py:3834} INFO - Setting next_dagrun for example_external_task_marker_child to None, run_after=None
[2025-08-02T02:38:30.589+0000] {logging_mixin.py:188} INFO - [2025-08-02T02:38:30.589+0000] {dag.py:3834} INFO - Setting next_dagrun for example_external_task_marker_parent to None, run_after=None
[2025-08-02T02:38:30.602+0000] {processor.py:183} INFO - Processing /home/airflow/.local/lib/python3.8/site-packages/airflow/example_dags/example_external_task_marker_dag.py took 0.066 seconds
[2025-08-02T02:39:01.178+0000] {processor.py:161} INFO - Started process (PID=328) to work on /home/airflow/.local/lib/python3.8/site-packages/airflow/example_dags/example_external_task_marker_dag.py
[2025-08-02T02:39:01.181+0000] {processor.py:830} INFO - Processing file /home/airflow/.local/lib/python3.8/site-packages/airflow/example_dags/example_external_task_marker_dag.py for tasks to queue
[2025-08-02T02:39:01.183+0000] {logging_mixin.py:188} INFO - [2025-08-02T02:39:01.182+0000] {dagbag.py:540} INFO - Filling up the DagBag from /home/airflow/.local/lib/python3.8/site-packages/airflow/example_dags/example_external_task_marker_dag.py
[2025-08-02T02:39:01.196+0000] {processor.py:840} INFO - DAG(s) 'example_external_task_marker_parent', 'example_external_task_marker_child' retrieved from /home/airflow/.local/lib/python3.8/site-packages/airflow/example_dags/example_external_task_marker_dag.py
[2025-08-02T02:39:01.222+0000] {logging_mixin.py:188} INFO - [2025-08-02T02:39:01.221+0000] {dag.py:3047} INFO - Sync 2 DAGs
[2025-08-02T02:39:01.231+0000] {logging_mixin.py:188} INFO - [2025-08-02T02:39:01.231+0000] {dag.py:3834} INFO - Setting next_dagrun for example_external_task_marker_child to None, run_after=None
[2025-08-02T02:39:01.233+0000] {logging_mixin.py:188} INFO - [2025-08-02T02:39:01.233+0000] {dag.py:3834} INFO - Setting next_dagrun for example_external_task_marker_parent to None, run_after=None
[2025-08-02T02:39:01.244+0000] {processor.py:183} INFO - Processing /home/airflow/.local/lib/python3.8/site-packages/airflow/example_dags/example_external_task_marker_dag.py took 0.072 seconds
[2025-08-02T02:39:31.331+0000] {processor.py:161} INFO - Started process (PID=383) to work on /home/airflow/.local/lib/python3.8/site-packages/airflow/example_dags/example_external_task_marker_dag.py
[2025-08-02T02:39:31.333+0000] {processor.py:830} INFO - Processing file /home/airflow/.local/lib/python3.8/site-packages/airflow/example_dags/example_external_task_marker_dag.py for tasks to queue
[2025-08-02T02:39:31.334+0000] {logging_mixin.py:188} INFO - [2025-08-02T02:39:31.334+0000] {dagbag.py:540} INFO - Filling up the DagBag from /home/airflow/.local/lib/python3.8/site-packages/airflow/example_dags/example_external_task_marker_dag.py
[2025-08-02T02:39:31.340+0000] {processor.py:840} INFO - DAG(s) 'example_external_task_marker_child', 'example_external_task_marker_parent' retrieved from /home/airflow/.local/lib/python3.8/site-packages/airflow/example_dags/example_external_task_marker_dag.py
[2025-08-02T02:39:31.358+0000] {logging_mixin.py:188} INFO - [2025-08-02T02:39:31.358+0000] {dag.py:3047} INFO - Sync 2 DAGs
[2025-08-02T02:39:31.373+0000] {logging_mixin.py:188} INFO - [2025-08-02T02:39:31.373+0000] {dag.py:3834} INFO - Setting next_dagrun for example_external_task_marker_child to None, run_after=None
[2025-08-02T02:39:31.377+0000] {logging_mixin.py:188} INFO - [2025-08-02T02:39:31.377+0000] {dag.py:3834} INFO - Setting next_dagrun for example_external_task_marker_parent to None, run_after=None
[2025-08-02T02:39:31.396+0000] {processor.py:183} INFO - Processing /home/airflow/.local/lib/python3.8/site-packages/airflow/example_dags/example_external_task_marker_dag.py took 0.069 seconds
[2025-08-02T02:40:01.698+0000] {processor.py:161} INFO - Started process (PID=439) to work on /home/airflow/.local/lib/python3.8/site-packages/airflow/example_dags/example_external_task_marker_dag.py
[2025-08-02T02:40:01.701+0000] {processor.py:830} INFO - Processing file /home/airflow/.local/lib/python3.8/site-packages/airflow/example_dags/example_external_task_marker_dag.py for tasks to queue
[2025-08-02T02:40:01.703+0000] {logging_mixin.py:188} INFO - [2025-08-02T02:40:01.703+0000] {dagbag.py:540} INFO - Filling up the DagBag from /home/airflow/.local/lib/python3.8/site-packages/airflow/example_dags/example_external_task_marker_dag.py
[2025-08-02T02:40:01.719+0000] {processor.py:840} INFO - DAG(s) 'example_external_task_marker_child', 'example_external_task_marker_parent' retrieved from /home/airflow/.local/lib/python3.8/site-packages/airflow/example_dags/example_external_task_marker_dag.py
[2025-08-02T02:40:01.755+0000] {logging_mixin.py:188} INFO - [2025-08-02T02:40:01.755+0000] {dag.py:3047} INFO - Sync 2 DAGs
[2025-08-02T02:40:01.773+0000] {logging_mixin.py:188} INFO - [2025-08-02T02:40:01.773+0000] {dag.py:3834} INFO - Setting next_dagrun for example_external_task_marker_child to None, run_after=None
[2025-08-02T02:40:01.778+0000] {logging_mixin.py:188} INFO - [2025-08-02T02:40:01.777+0000] {dag.py:3834} INFO - Setting next_dagrun for example_external_task_marker_parent to None, run_after=None
[2025-08-02T02:40:01.795+0000] {processor.py:183} INFO - Processing /home/airflow/.local/lib/python3.8/site-packages/airflow/example_dags/example_external_task_marker_dag.py took 0.109 seconds
[2025-08-02T02:40:32.657+0000] {processor.py:161} INFO - Started process (PID=495) to work on /home/airflow/.local/lib/python3.8/site-packages/airflow/example_dags/example_external_task_marker_dag.py
[2025-08-02T02:40:32.661+0000] {processor.py:830} INFO - Processing file /home/airflow/.local/lib/python3.8/site-packages/airflow/example_dags/example_external_task_marker_dag.py for tasks to queue
[2025-08-02T02:40:32.663+0000] {logging_mixin.py:188} INFO - [2025-08-02T02:40:32.663+0000] {dagbag.py:540} INFO - Filling up the DagBag from /home/airflow/.local/lib/python3.8/site-packages/airflow/example_dags/example_external_task_marker_dag.py
[2025-08-02T02:40:32.673+0000] {processor.py:840} INFO - DAG(s) 'example_external_task_marker_parent', 'example_external_task_marker_child' retrieved from /home/airflow/.local/lib/python3.8/site-packages/airflow/example_dags/example_external_task_marker_dag.py
[2025-08-02T02:40:32.693+0000] {logging_mixin.py:188} INFO - [2025-08-02T02:40:32.693+0000] {dag.py:3047} INFO - Sync 2 DAGs
[2025-08-02T02:40:32.703+0000] {logging_mixin.py:188} INFO - [2025-08-02T02:40:32.703+0000] {dag.py:3834} INFO - Setting next_dagrun for example_external_task_marker_child to None, run_after=None
[2025-08-02T02:40:32.705+0000] {logging_mixin.py:188} INFO - [2025-08-02T02:40:32.705+0000] {dag.py:3834} INFO - Setting next_dagrun for example_external_task_marker_parent to None, run_after=None
[2025-08-02T02:40:32.715+0000] {processor.py:183} INFO - Processing /home/airflow/.local/lib/python3.8/site-packages/airflow/example_dags/example_external_task_marker_dag.py took 0.061 seconds
[2025-08-02T02:41:04.233+0000] {processor.py:161} INFO - Started process (PID=551) to work on /home/airflow/.local/lib/python3.8/site-packages/airflow/example_dags/example_external_task_marker_dag.py
[2025-08-02T02:41:04.234+0000] {processor.py:830} INFO - Processing file /home/airflow/.local/lib/python3.8/site-packages/airflow/example_dags/example_external_task_marker_dag.py for tasks to queue
[2025-08-02T02:41:04.237+0000] {logging_mixin.py:188} INFO - [2025-08-02T02:41:04.236+0000] {dagbag.py:540} INFO - Filling up the DagBag from /home/airflow/.local/lib/python3.8/site-packages/airflow/example_dags/example_external_task_marker_dag.py
[2025-08-02T02:41:04.249+0000] {processor.py:840} INFO - DAG(s) 'example_external_task_marker_parent', 'example_external_task_marker_child' retrieved from /home/airflow/.local/lib/python3.8/site-packages/airflow/example_dags/example_external_task_marker_dag.py
[2025-08-02T02:41:04.278+0000] {logging_mixin.py:188} INFO - [2025-08-02T02:41:04.278+0000] {dag.py:3047} INFO - Sync 2 DAGs
[2025-08-02T02:41:04.303+0000] {logging_mixin.py:188} INFO - [2025-08-02T02:41:04.303+0000] {dag.py:3834} INFO - Setting next_dagrun for example_external_task_marker_child to None, run_after=None
[2025-08-02T02:41:04.308+0000] {logging_mixin.py:188} INFO - [2025-08-02T02:41:04.308+0000] {dag.py:3834} INFO - Setting next_dagrun for example_external_task_marker_parent to None, run_after=None
[2025-08-02T02:41:04.328+0000] {processor.py:183} INFO - Processing /home/airflow/.local/lib/python3.8/site-packages/airflow/example_dags/example_external_task_marker_dag.py took 0.101 seconds
[2025-08-02T02:41:35.118+0000] {processor.py:161} INFO - Started process (PID=607) to work on /home/airflow/.local/lib/python3.8/site-packages/airflow/example_dags/example_external_task_marker_dag.py
[2025-08-02T02:41:35.122+0000] {processor.py:830} INFO - Processing file /home/airflow/.local/lib/python3.8/site-packages/airflow/example_dags/example_external_task_marker_dag.py for tasks to queue
[2025-08-02T02:41:35.126+0000] {logging_mixin.py:188} INFO - [2025-08-02T02:41:35.125+0000] {dagbag.py:540} INFO - Filling up the DagBag from /home/airflow/.local/lib/python3.8/site-packages/airflow/example_dags/example_external_task_marker_dag.py
[2025-08-02T02:41:35.141+0000] {processor.py:840} INFO - DAG(s) 'example_external_task_marker_parent', 'example_external_task_marker_child' retrieved from /home/airflow/.local/lib/python3.8/site-packages/airflow/example_dags/example_external_task_marker_dag.py
[2025-08-02T02:41:35.167+0000] {logging_mixin.py:188} INFO - [2025-08-02T02:41:35.167+0000] {dag.py:3047} INFO - Sync 2 DAGs
[2025-08-02T02:41:35.180+0000] {logging_mixin.py:188} INFO - [2025-08-02T02:41:35.179+0000] {dag.py:3834} INFO - Setting next_dagrun for example_external_task_marker_child to None, run_after=None
[2025-08-02T02:41:35.182+0000] {logging_mixin.py:188} INFO - [2025-08-02T02:41:35.182+0000] {dag.py:3834} INFO - Setting next_dagrun for example_external_task_marker_parent to None, run_after=None
[2025-08-02T02:41:35.213+0000] {processor.py:183} INFO - Processing /home/airflow/.local/lib/python3.8/site-packages/airflow/example_dags/example_external_task_marker_dag.py took 0.101 seconds
[2025-08-02T02:42:05.366+0000] {processor.py:161} INFO - Started process (PID=663) to work on /home/airflow/.local/lib/python3.8/site-packages/airflow/example_dags/example_external_task_marker_dag.py
[2025-08-02T02:42:05.368+0000] {processor.py:830} INFO - Processing file /home/airflow/.local/lib/python3.8/site-packages/airflow/example_dags/example_external_task_marker_dag.py for tasks to queue
[2025-08-02T02:42:05.369+0000] {logging_mixin.py:188} INFO - [2025-08-02T02:42:05.369+0000] {dagbag.py:540} INFO - Filling up the DagBag from /home/airflow/.local/lib/python3.8/site-packages/airflow/example_dags/example_external_task_marker_dag.py
[2025-08-02T02:42:05.378+0000] {processor.py:840} INFO - DAG(s) 'example_external_task_marker_parent', 'example_external_task_marker_child' retrieved from /home/airflow/.local/lib/python3.8/site-packages/airflow/example_dags/example_external_task_marker_dag.py
[2025-08-02T02:42:05.400+0000] {logging_mixin.py:188} INFO - [2025-08-02T02:42:05.400+0000] {dag.py:3047} INFO - Sync 2 DAGs
[2025-08-02T02:42:05.416+0000] {logging_mixin.py:188} INFO - [2025-08-02T02:42:05.416+0000] {dag.py:3834} INFO - Setting next_dagrun for example_external_task_marker_child to None, run_after=None
[2025-08-02T02:42:05.419+0000] {logging_mixin.py:188} INFO - [2025-08-02T02:42:05.419+0000] {dag.py:3834} INFO - Setting next_dagrun for example_external_task_marker_parent to None, run_after=None
[2025-08-02T02:42:05.430+0000] {processor.py:183} INFO - Processing /home/airflow/.local/lib/python3.8/site-packages/airflow/example_dags/example_external_task_marker_dag.py took 0.072 seconds
[2025-08-02T02:42:35.916+0000] {processor.py:161} INFO - Started process (PID=719) to work on /home/airflow/.local/lib/python3.8/site-packages/airflow/example_dags/example_external_task_marker_dag.py
[2025-08-02T02:42:35.921+0000] {processor.py:830} INFO - Processing file /home/airflow/.local/lib/python3.8/site-packages/airflow/example_dags/example_external_task_marker_dag.py for tasks to queue
[2025-08-02T02:42:35.923+0000] {logging_mixin.py:188} INFO - [2025-08-02T02:42:35.923+0000] {dagbag.py:540} INFO - Filling up the DagBag from /home/airflow/.local/lib/python3.8/site-packages/airflow/example_dags/example_external_task_marker_dag.py
[2025-08-02T02:42:35.935+0000] {processor.py:840} INFO - DAG(s) 'example_external_task_marker_child', 'example_external_task_marker_parent' retrieved from /home/airflow/.local/lib/python3.8/site-packages/airflow/example_dags/example_external_task_marker_dag.py
[2025-08-02T02:42:35.975+0000] {logging_mixin.py:188} INFO - [2025-08-02T02:42:35.974+0000] {dag.py:3047} INFO - Sync 2 DAGs
[2025-08-02T02:42:35.992+0000] {logging_mixin.py:188} INFO - [2025-08-02T02:42:35.992+0000] {dag.py:3834} INFO - Setting next_dagrun for example_external_task_marker_child to None, run_after=None
[2025-08-02T02:42:35.995+0000] {logging_mixin.py:188} INFO - [2025-08-02T02:42:35.995+0000] {dag.py:3834} INFO - Setting next_dagrun for example_external_task_marker_parent to None, run_after=None
[2025-08-02T02:42:36.022+0000] {processor.py:183} INFO - Processing /home/airflow/.local/lib/python3.8/site-packages/airflow/example_dags/example_external_task_marker_dag.py took 0.110 seconds
[2025-08-02T02:46:34.406+0000] {processor.py:161} INFO - Started process (PID=104) to work on /home/airflow/.local/lib/python3.8/site-packages/airflow/example_dags/example_external_task_marker_dag.py
[2025-08-02T02:46:34.413+0000] {processor.py:830} INFO - Processing file /home/airflow/.local/lib/python3.8/site-packages/airflow/example_dags/example_external_task_marker_dag.py for tasks to queue
[2025-08-02T02:46:34.435+0000] {logging_mixin.py:188} INFO - [2025-08-02T02:46:34.434+0000] {dagbag.py:540} INFO - Filling up the DagBag from /home/airflow/.local/lib/python3.8/site-packages/airflow/example_dags/example_external_task_marker_dag.py
[2025-08-02T02:46:34.445+0000] {processor.py:840} INFO - DAG(s) 'example_external_task_marker_parent', 'example_external_task_marker_child' retrieved from /home/airflow/.local/lib/python3.8/site-packages/airflow/example_dags/example_external_task_marker_dag.py
[2025-08-02T02:46:34.642+0000] {logging_mixin.py:188} INFO - [2025-08-02T02:46:34.642+0000] {dag.py:3047} INFO - Sync 2 DAGs
[2025-08-02T02:46:34.661+0000] {logging_mixin.py:188} INFO - [2025-08-02T02:46:34.661+0000] {dag.py:3834} INFO - Setting next_dagrun for example_external_task_marker_child to None, run_after=None
[2025-08-02T02:46:34.668+0000] {logging_mixin.py:188} INFO - [2025-08-02T02:46:34.668+0000] {dag.py:3834} INFO - Setting next_dagrun for example_external_task_marker_parent to None, run_after=None
[2025-08-02T02:46:34.711+0000] {processor.py:183} INFO - Processing /home/airflow/.local/lib/python3.8/site-packages/airflow/example_dags/example_external_task_marker_dag.py took 0.316 seconds
[2025-08-02T02:47:09.635+0000] {processor.py:161} INFO - Started process (PID=161) to work on /home/airflow/.local/lib/python3.8/site-packages/airflow/example_dags/example_external_task_marker_dag.py
[2025-08-02T02:47:09.637+0000] {processor.py:830} INFO - Processing file /home/airflow/.local/lib/python3.8/site-packages/airflow/example_dags/example_external_task_marker_dag.py for tasks to queue
[2025-08-02T02:47:09.640+0000] {logging_mixin.py:188} INFO - [2025-08-02T02:47:09.640+0000] {dagbag.py:540} INFO - Filling up the DagBag from /home/airflow/.local/lib/python3.8/site-packages/airflow/example_dags/example_external_task_marker_dag.py
[2025-08-02T02:47:09.662+0000] {processor.py:840} INFO - DAG(s) 'example_external_task_marker_parent', 'example_external_task_marker_child' retrieved from /home/airflow/.local/lib/python3.8/site-packages/airflow/example_dags/example_external_task_marker_dag.py
[2025-08-02T02:47:09.826+0000] {logging_mixin.py:188} INFO - [2025-08-02T02:47:09.825+0000] {dag.py:3047} INFO - Sync 2 DAGs
[2025-08-02T02:47:09.885+0000] {logging_mixin.py:188} INFO - [2025-08-02T02:47:09.885+0000] {dag.py:3834} INFO - Setting next_dagrun for example_external_task_marker_child to None, run_after=None
[2025-08-02T02:47:09.893+0000] {logging_mixin.py:188} INFO - [2025-08-02T02:47:09.892+0000] {dag.py:3834} INFO - Setting next_dagrun for example_external_task_marker_parent to None, run_after=None
[2025-08-02T02:47:09.945+0000] {processor.py:183} INFO - Processing /home/airflow/.local/lib/python3.8/site-packages/airflow/example_dags/example_external_task_marker_dag.py took 0.315 seconds
[2025-08-02T02:47:45.051+0000] {processor.py:161} INFO - Started process (PID=217) to work on /home/airflow/.local/lib/python3.8/site-packages/airflow/example_dags/example_external_task_marker_dag.py
[2025-08-02T02:47:45.055+0000] {processor.py:830} INFO - Processing file /home/airflow/.local/lib/python3.8/site-packages/airflow/example_dags/example_external_task_marker_dag.py for tasks to queue
[2025-08-02T02:47:45.133+0000] {logging_mixin.py:188} INFO - [2025-08-02T02:47:45.083+0000] {dagbag.py:540} INFO - Filling up the DagBag from /home/airflow/.local/lib/python3.8/site-packages/airflow/example_dags/example_external_task_marker_dag.py
[2025-08-02T02:47:45.218+0000] {processor.py:840} INFO - DAG(s) 'example_external_task_marker_child', 'example_external_task_marker_parent' retrieved from /home/airflow/.local/lib/python3.8/site-packages/airflow/example_dags/example_external_task_marker_dag.py
[2025-08-02T02:47:46.016+0000] {logging_mixin.py:188} INFO - [2025-08-02T02:47:46.010+0000] {dag.py:3047} INFO - Sync 2 DAGs
[2025-08-02T02:47:46.158+0000] {logging_mixin.py:188} INFO - [2025-08-02T02:47:46.157+0000] {dag.py:3834} INFO - Setting next_dagrun for example_external_task_marker_child to None, run_after=None
[2025-08-02T02:47:46.193+0000] {logging_mixin.py:188} INFO - [2025-08-02T02:47:46.192+0000] {dag.py:3834} INFO - Setting next_dagrun for example_external_task_marker_parent to None, run_after=None
[2025-08-02T02:47:46.809+0000] {processor.py:183} INFO - Processing /home/airflow/.local/lib/python3.8/site-packages/airflow/example_dags/example_external_task_marker_dag.py took 1.795 seconds
[2025-08-02T02:48:17.463+0000] {processor.py:161} INFO - Started process (PID=272) to work on /home/airflow/.local/lib/python3.8/site-packages/airflow/example_dags/example_external_task_marker_dag.py
[2025-08-02T02:48:17.465+0000] {processor.py:830} INFO - Processing file /home/airflow/.local/lib/python3.8/site-packages/airflow/example_dags/example_external_task_marker_dag.py for tasks to queue
[2025-08-02T02:48:17.471+0000] {logging_mixin.py:188} INFO - [2025-08-02T02:48:17.470+0000] {dagbag.py:540} INFO - Filling up the DagBag from /home/airflow/.local/lib/python3.8/site-packages/airflow/example_dags/example_external_task_marker_dag.py
[2025-08-02T02:48:17.498+0000] {processor.py:840} INFO - DAG(s) 'example_external_task_marker_parent', 'example_external_task_marker_child' retrieved from /home/airflow/.local/lib/python3.8/site-packages/airflow/example_dags/example_external_task_marker_dag.py
[2025-08-02T02:48:17.581+0000] {logging_mixin.py:188} INFO - [2025-08-02T02:48:17.581+0000] {dag.py:3047} INFO - Sync 2 DAGs
[2025-08-02T02:48:17.601+0000] {logging_mixin.py:188} INFO - [2025-08-02T02:48:17.601+0000] {dag.py:3834} INFO - Setting next_dagrun for example_external_task_marker_child to None, run_after=None
[2025-08-02T02:48:17.605+0000] {logging_mixin.py:188} INFO - [2025-08-02T02:48:17.605+0000] {dag.py:3834} INFO - Setting next_dagrun for example_external_task_marker_parent to None, run_after=None
[2025-08-02T02:48:17.645+0000] {processor.py:183} INFO - Processing /home/airflow/.local/lib/python3.8/site-packages/airflow/example_dags/example_external_task_marker_dag.py took 0.190 seconds
[2025-08-02T02:48:48.170+0000] {processor.py:161} INFO - Started process (PID=328) to work on /home/airflow/.local/lib/python3.8/site-packages/airflow/example_dags/example_external_task_marker_dag.py
[2025-08-02T02:48:48.173+0000] {processor.py:830} INFO - Processing file /home/airflow/.local/lib/python3.8/site-packages/airflow/example_dags/example_external_task_marker_dag.py for tasks to queue
[2025-08-02T02:48:48.177+0000] {logging_mixin.py:188} INFO - [2025-08-02T02:48:48.177+0000] {dagbag.py:540} INFO - Filling up the DagBag from /home/airflow/.local/lib/python3.8/site-packages/airflow/example_dags/example_external_task_marker_dag.py
[2025-08-02T02:48:48.199+0000] {processor.py:840} INFO - DAG(s) 'example_external_task_marker_child', 'example_external_task_marker_parent' retrieved from /home/airflow/.local/lib/python3.8/site-packages/airflow/example_dags/example_external_task_marker_dag.py
[2025-08-02T02:48:48.257+0000] {logging_mixin.py:188} INFO - [2025-08-02T02:48:48.257+0000] {dag.py:3047} INFO - Sync 2 DAGs
[2025-08-02T02:48:48.282+0000] {logging_mixin.py:188} INFO - [2025-08-02T02:48:48.282+0000] {dag.py:3834} INFO - Setting next_dagrun for example_external_task_marker_child to None, run_after=None
[2025-08-02T02:48:48.292+0000] {logging_mixin.py:188} INFO - [2025-08-02T02:48:48.292+0000] {dag.py:3834} INFO - Setting next_dagrun for example_external_task_marker_parent to None, run_after=None
[2025-08-02T02:48:48.312+0000] {processor.py:183} INFO - Processing /home/airflow/.local/lib/python3.8/site-packages/airflow/example_dags/example_external_task_marker_dag.py took 0.161 seconds
[2025-08-02T02:49:18.557+0000] {processor.py:161} INFO - Started process (PID=384) to work on /home/airflow/.local/lib/python3.8/site-packages/airflow/example_dags/example_external_task_marker_dag.py
[2025-08-02T02:49:18.560+0000] {processor.py:830} INFO - Processing file /home/airflow/.local/lib/python3.8/site-packages/airflow/example_dags/example_external_task_marker_dag.py for tasks to queue
[2025-08-02T02:49:18.564+0000] {logging_mixin.py:188} INFO - [2025-08-02T02:49:18.564+0000] {dagbag.py:540} INFO - Filling up the DagBag from /home/airflow/.local/lib/python3.8/site-packages/airflow/example_dags/example_external_task_marker_dag.py
[2025-08-02T02:49:18.572+0000] {processor.py:840} INFO - DAG(s) 'example_external_task_marker_parent', 'example_external_task_marker_child' retrieved from /home/airflow/.local/lib/python3.8/site-packages/airflow/example_dags/example_external_task_marker_dag.py
[2025-08-02T02:49:18.599+0000] {logging_mixin.py:188} INFO - [2025-08-02T02:49:18.599+0000] {dag.py:3047} INFO - Sync 2 DAGs
[2025-08-02T02:49:18.611+0000] {logging_mixin.py:188} INFO - [2025-08-02T02:49:18.611+0000] {dag.py:3834} INFO - Setting next_dagrun for example_external_task_marker_child to None, run_after=None
[2025-08-02T02:49:18.613+0000] {logging_mixin.py:188} INFO - [2025-08-02T02:49:18.613+0000] {dag.py:3834} INFO - Setting next_dagrun for example_external_task_marker_parent to None, run_after=None
[2025-08-02T02:49:18.629+0000] {processor.py:183} INFO - Processing /home/airflow/.local/lib/python3.8/site-packages/airflow/example_dags/example_external_task_marker_dag.py took 0.083 seconds
[2025-08-02T02:49:49.291+0000] {processor.py:161} INFO - Started process (PID=440) to work on /home/airflow/.local/lib/python3.8/site-packages/airflow/example_dags/example_external_task_marker_dag.py
[2025-08-02T02:49:49.300+0000] {processor.py:830} INFO - Processing file /home/airflow/.local/lib/python3.8/site-packages/airflow/example_dags/example_external_task_marker_dag.py for tasks to queue
[2025-08-02T02:49:49.306+0000] {logging_mixin.py:188} INFO - [2025-08-02T02:49:49.305+0000] {dagbag.py:540} INFO - Filling up the DagBag from /home/airflow/.local/lib/python3.8/site-packages/airflow/example_dags/example_external_task_marker_dag.py
[2025-08-02T02:49:49.324+0000] {processor.py:840} INFO - DAG(s) 'example_external_task_marker_child', 'example_external_task_marker_parent' retrieved from /home/airflow/.local/lib/python3.8/site-packages/airflow/example_dags/example_external_task_marker_dag.py
[2025-08-02T02:49:49.382+0000] {logging_mixin.py:188} INFO - [2025-08-02T02:49:49.381+0000] {dag.py:3047} INFO - Sync 2 DAGs
[2025-08-02T02:49:49.410+0000] {logging_mixin.py:188} INFO - [2025-08-02T02:49:49.410+0000] {dag.py:3834} INFO - Setting next_dagrun for example_external_task_marker_child to None, run_after=None
[2025-08-02T02:49:49.421+0000] {logging_mixin.py:188} INFO - [2025-08-02T02:49:49.420+0000] {dag.py:3834} INFO - Setting next_dagrun for example_external_task_marker_parent to None, run_after=None
[2025-08-02T02:49:49.440+0000] {processor.py:183} INFO - Processing /home/airflow/.local/lib/python3.8/site-packages/airflow/example_dags/example_external_task_marker_dag.py took 0.176 seconds
[2025-08-02T02:50:19.797+0000] {processor.py:161} INFO - Started process (PID=496) to work on /home/airflow/.local/lib/python3.8/site-packages/airflow/example_dags/example_external_task_marker_dag.py
[2025-08-02T02:50:19.821+0000] {processor.py:830} INFO - Processing file /home/airflow/.local/lib/python3.8/site-packages/airflow/example_dags/example_external_task_marker_dag.py for tasks to queue
[2025-08-02T02:50:19.828+0000] {logging_mixin.py:188} INFO - [2025-08-02T02:50:19.827+0000] {dagbag.py:540} INFO - Filling up the DagBag from /home/airflow/.local/lib/python3.8/site-packages/airflow/example_dags/example_external_task_marker_dag.py
[2025-08-02T02:50:19.927+0000] {processor.py:840} INFO - DAG(s) 'example_external_task_marker_child', 'example_external_task_marker_parent' retrieved from /home/airflow/.local/lib/python3.8/site-packages/airflow/example_dags/example_external_task_marker_dag.py
[2025-08-02T02:50:20.025+0000] {logging_mixin.py:188} INFO - [2025-08-02T02:50:20.024+0000] {dag.py:3047} INFO - Sync 2 DAGs
[2025-08-02T02:50:20.051+0000] {logging_mixin.py:188} INFO - [2025-08-02T02:50:20.051+0000] {dag.py:3834} INFO - Setting next_dagrun for example_external_task_marker_child to None, run_after=None
[2025-08-02T02:50:20.056+0000] {logging_mixin.py:188} INFO - [2025-08-02T02:50:20.056+0000] {dag.py:3834} INFO - Setting next_dagrun for example_external_task_marker_parent to None, run_after=None
[2025-08-02T02:50:20.102+0000] {processor.py:183} INFO - Processing /home/airflow/.local/lib/python3.8/site-packages/airflow/example_dags/example_external_task_marker_dag.py took 0.320 seconds
[2025-08-02T02:50:50.640+0000] {processor.py:161} INFO - Started process (PID=552) to work on /home/airflow/.local/lib/python3.8/site-packages/airflow/example_dags/example_external_task_marker_dag.py
[2025-08-02T02:50:50.641+0000] {processor.py:830} INFO - Processing file /home/airflow/.local/lib/python3.8/site-packages/airflow/example_dags/example_external_task_marker_dag.py for tasks to queue
[2025-08-02T02:50:50.644+0000] {logging_mixin.py:188} INFO - [2025-08-02T02:50:50.643+0000] {dagbag.py:540} INFO - Filling up the DagBag from /home/airflow/.local/lib/python3.8/site-packages/airflow/example_dags/example_external_task_marker_dag.py
[2025-08-02T02:50:50.652+0000] {processor.py:840} INFO - DAG(s) 'example_external_task_marker_parent', 'example_external_task_marker_child' retrieved from /home/airflow/.local/lib/python3.8/site-packages/airflow/example_dags/example_external_task_marker_dag.py
[2025-08-02T02:50:50.709+0000] {logging_mixin.py:188} INFO - [2025-08-02T02:50:50.708+0000] {dag.py:3047} INFO - Sync 2 DAGs
[2025-08-02T02:50:50.720+0000] {logging_mixin.py:188} INFO - [2025-08-02T02:50:50.720+0000] {dag.py:3834} INFO - Setting next_dagrun for example_external_task_marker_child to None, run_after=None
[2025-08-02T02:50:50.724+0000] {logging_mixin.py:188} INFO - [2025-08-02T02:50:50.724+0000] {dag.py:3834} INFO - Setting next_dagrun for example_external_task_marker_parent to None, run_after=None
[2025-08-02T02:50:50.744+0000] {processor.py:183} INFO - Processing /home/airflow/.local/lib/python3.8/site-packages/airflow/example_dags/example_external_task_marker_dag.py took 0.110 seconds
[2025-08-02T02:51:21.388+0000] {processor.py:161} INFO - Started process (PID=608) to work on /home/airflow/.local/lib/python3.8/site-packages/airflow/example_dags/example_external_task_marker_dag.py
[2025-08-02T02:51:21.390+0000] {processor.py:830} INFO - Processing file /home/airflow/.local/lib/python3.8/site-packages/airflow/example_dags/example_external_task_marker_dag.py for tasks to queue
[2025-08-02T02:51:21.393+0000] {logging_mixin.py:188} INFO - [2025-08-02T02:51:21.392+0000] {dagbag.py:540} INFO - Filling up the DagBag from /home/airflow/.local/lib/python3.8/site-packages/airflow/example_dags/example_external_task_marker_dag.py
[2025-08-02T02:51:21.416+0000] {processor.py:840} INFO - DAG(s) 'example_external_task_marker_child', 'example_external_task_marker_parent' retrieved from /home/airflow/.local/lib/python3.8/site-packages/airflow/example_dags/example_external_task_marker_dag.py
[2025-08-02T02:51:21.464+0000] {logging_mixin.py:188} INFO - [2025-08-02T02:51:21.464+0000] {dag.py:3047} INFO - Sync 2 DAGs
[2025-08-02T02:51:21.489+0000] {logging_mixin.py:188} INFO - [2025-08-02T02:51:21.489+0000] {dag.py:3834} INFO - Setting next_dagrun for example_external_task_marker_child to None, run_after=None
[2025-08-02T02:51:21.493+0000] {logging_mixin.py:188} INFO - [2025-08-02T02:51:21.493+0000] {dag.py:3834} INFO - Setting next_dagrun for example_external_task_marker_parent to None, run_after=None
[2025-08-02T02:51:21.514+0000] {processor.py:183} INFO - Processing /home/airflow/.local/lib/python3.8/site-packages/airflow/example_dags/example_external_task_marker_dag.py took 0.134 seconds
[2025-08-02T02:51:51.820+0000] {processor.py:161} INFO - Started process (PID=664) to work on /home/airflow/.local/lib/python3.8/site-packages/airflow/example_dags/example_external_task_marker_dag.py
[2025-08-02T02:51:51.822+0000] {processor.py:830} INFO - Processing file /home/airflow/.local/lib/python3.8/site-packages/airflow/example_dags/example_external_task_marker_dag.py for tasks to queue
[2025-08-02T02:51:51.826+0000] {logging_mixin.py:188} INFO - [2025-08-02T02:51:51.825+0000] {dagbag.py:540} INFO - Filling up the DagBag from /home/airflow/.local/lib/python3.8/site-packages/airflow/example_dags/example_external_task_marker_dag.py
[2025-08-02T02:51:51.834+0000] {processor.py:840} INFO - DAG(s) 'example_external_task_marker_parent', 'example_external_task_marker_child' retrieved from /home/airflow/.local/lib/python3.8/site-packages/airflow/example_dags/example_external_task_marker_dag.py
[2025-08-02T02:51:51.867+0000] {logging_mixin.py:188} INFO - [2025-08-02T02:51:51.866+0000] {dag.py:3047} INFO - Sync 2 DAGs
[2025-08-02T02:51:51.879+0000] {logging_mixin.py:188} INFO - [2025-08-02T02:51:51.879+0000] {dag.py:3834} INFO - Setting next_dagrun for example_external_task_marker_child to None, run_after=None
[2025-08-02T02:51:51.883+0000] {logging_mixin.py:188} INFO - [2025-08-02T02:51:51.883+0000] {dag.py:3834} INFO - Setting next_dagrun for example_external_task_marker_parent to None, run_after=None
[2025-08-02T02:51:51.927+0000] {processor.py:183} INFO - Processing /home/airflow/.local/lib/python3.8/site-packages/airflow/example_dags/example_external_task_marker_dag.py took 0.113 seconds
[2025-08-02T02:52:22.361+0000] {processor.py:161} INFO - Started process (PID=720) to work on /home/airflow/.local/lib/python3.8/site-packages/airflow/example_dags/example_external_task_marker_dag.py
[2025-08-02T02:52:22.364+0000] {processor.py:830} INFO - Processing file /home/airflow/.local/lib/python3.8/site-packages/airflow/example_dags/example_external_task_marker_dag.py for tasks to queue
[2025-08-02T02:52:22.366+0000] {logging_mixin.py:188} INFO - [2025-08-02T02:52:22.366+0000] {dagbag.py:540} INFO - Filling up the DagBag from /home/airflow/.local/lib/python3.8/site-packages/airflow/example_dags/example_external_task_marker_dag.py
[2025-08-02T02:52:22.378+0000] {processor.py:840} INFO - DAG(s) 'example_external_task_marker_child', 'example_external_task_marker_parent' retrieved from /home/airflow/.local/lib/python3.8/site-packages/airflow/example_dags/example_external_task_marker_dag.py
[2025-08-02T02:52:22.406+0000] {logging_mixin.py:188} INFO - [2025-08-02T02:52:22.404+0000] {dag.py:3047} INFO - Sync 2 DAGs
[2025-08-02T02:52:22.415+0000] {logging_mixin.py:188} INFO - [2025-08-02T02:52:22.415+0000] {dag.py:3834} INFO - Setting next_dagrun for example_external_task_marker_child to None, run_after=None
[2025-08-02T02:52:22.418+0000] {logging_mixin.py:188} INFO - [2025-08-02T02:52:22.418+0000] {dag.py:3834} INFO - Setting next_dagrun for example_external_task_marker_parent to None, run_after=None
[2025-08-02T02:52:22.442+0000] {processor.py:183} INFO - Processing /home/airflow/.local/lib/python3.8/site-packages/airflow/example_dags/example_external_task_marker_dag.py took 0.087 seconds
[2025-08-02T02:52:52.795+0000] {processor.py:161} INFO - Started process (PID=776) to work on /home/airflow/.local/lib/python3.8/site-packages/airflow/example_dags/example_external_task_marker_dag.py
[2025-08-02T02:52:52.801+0000] {processor.py:830} INFO - Processing file /home/airflow/.local/lib/python3.8/site-packages/airflow/example_dags/example_external_task_marker_dag.py for tasks to queue
[2025-08-02T02:52:52.808+0000] {logging_mixin.py:188} INFO - [2025-08-02T02:52:52.808+0000] {dagbag.py:540} INFO - Filling up the DagBag from /home/airflow/.local/lib/python3.8/site-packages/airflow/example_dags/example_external_task_marker_dag.py
[2025-08-02T02:52:52.817+0000] {processor.py:840} INFO - DAG(s) 'example_external_task_marker_child', 'example_external_task_marker_parent' retrieved from /home/airflow/.local/lib/python3.8/site-packages/airflow/example_dags/example_external_task_marker_dag.py
[2025-08-02T02:52:52.946+0000] {logging_mixin.py:188} INFO - [2025-08-02T02:52:52.945+0000] {dag.py:3047} INFO - Sync 2 DAGs
[2025-08-02T02:52:52.976+0000] {logging_mixin.py:188} INFO - [2025-08-02T02:52:52.976+0000] {dag.py:3834} INFO - Setting next_dagrun for example_external_task_marker_child to None, run_after=None
[2025-08-02T02:52:52.983+0000] {logging_mixin.py:188} INFO - [2025-08-02T02:52:52.983+0000] {dag.py:3834} INFO - Setting next_dagrun for example_external_task_marker_parent to None, run_after=None
[2025-08-02T02:52:53.019+0000] {processor.py:183} INFO - Processing /home/airflow/.local/lib/python3.8/site-packages/airflow/example_dags/example_external_task_marker_dag.py took 0.232 seconds
[2025-08-02T02:56:48.052+0000] {processor.py:161} INFO - Started process (PID=98) to work on /home/airflow/.local/lib/python3.8/site-packages/airflow/example_dags/example_external_task_marker_dag.py
[2025-08-02T02:56:48.058+0000] {processor.py:830} INFO - Processing file /home/airflow/.local/lib/python3.8/site-packages/airflow/example_dags/example_external_task_marker_dag.py for tasks to queue
[2025-08-02T02:56:48.067+0000] {logging_mixin.py:188} INFO - [2025-08-02T02:56:48.066+0000] {dagbag.py:540} INFO - Filling up the DagBag from /home/airflow/.local/lib/python3.8/site-packages/airflow/example_dags/example_external_task_marker_dag.py
[2025-08-02T02:56:48.119+0000] {processor.py:840} INFO - DAG(s) 'example_external_task_marker_child', 'example_external_task_marker_parent' retrieved from /home/airflow/.local/lib/python3.8/site-packages/airflow/example_dags/example_external_task_marker_dag.py
[2025-08-02T02:56:48.490+0000] {logging_mixin.py:188} INFO - [2025-08-02T02:56:48.489+0000] {dag.py:3047} INFO - Sync 2 DAGs
[2025-08-02T02:56:48.544+0000] {logging_mixin.py:188} INFO - [2025-08-02T02:56:48.542+0000] {dag.py:3834} INFO - Setting next_dagrun for example_external_task_marker_child to None, run_after=None
[2025-08-02T02:56:48.564+0000] {logging_mixin.py:188} INFO - [2025-08-02T02:56:48.562+0000] {dag.py:3834} INFO - Setting next_dagrun for example_external_task_marker_parent to None, run_after=None
[2025-08-02T02:56:48.838+0000] {processor.py:183} INFO - Processing /home/airflow/.local/lib/python3.8/site-packages/airflow/example_dags/example_external_task_marker_dag.py took 0.810 seconds
[2025-08-02T02:57:19.449+0000] {processor.py:161} INFO - Started process (PID=154) to work on /home/airflow/.local/lib/python3.8/site-packages/airflow/example_dags/example_external_task_marker_dag.py
[2025-08-02T02:57:19.451+0000] {processor.py:830} INFO - Processing file /home/airflow/.local/lib/python3.8/site-packages/airflow/example_dags/example_external_task_marker_dag.py for tasks to queue
[2025-08-02T02:57:19.455+0000] {logging_mixin.py:188} INFO - [2025-08-02T02:57:19.454+0000] {dagbag.py:540} INFO - Filling up the DagBag from /home/airflow/.local/lib/python3.8/site-packages/airflow/example_dags/example_external_task_marker_dag.py
[2025-08-02T02:57:19.466+0000] {processor.py:840} INFO - DAG(s) 'example_external_task_marker_parent', 'example_external_task_marker_child' retrieved from /home/airflow/.local/lib/python3.8/site-packages/airflow/example_dags/example_external_task_marker_dag.py
[2025-08-02T02:57:19.513+0000] {logging_mixin.py:188} INFO - [2025-08-02T02:57:19.513+0000] {dag.py:3047} INFO - Sync 2 DAGs
[2025-08-02T02:57:19.527+0000] {logging_mixin.py:188} INFO - [2025-08-02T02:57:19.527+0000] {dag.py:3834} INFO - Setting next_dagrun for example_external_task_marker_child to None, run_after=None
[2025-08-02T02:57:19.530+0000] {logging_mixin.py:188} INFO - [2025-08-02T02:57:19.530+0000] {dag.py:3834} INFO - Setting next_dagrun for example_external_task_marker_parent to None, run_after=None
[2025-08-02T02:57:19.561+0000] {processor.py:183} INFO - Processing /home/airflow/.local/lib/python3.8/site-packages/airflow/example_dags/example_external_task_marker_dag.py took 0.119 seconds
[2025-08-02T02:57:50.197+0000] {processor.py:161} INFO - Started process (PID=210) to work on /home/airflow/.local/lib/python3.8/site-packages/airflow/example_dags/example_external_task_marker_dag.py
[2025-08-02T02:57:50.211+0000] {processor.py:830} INFO - Processing file /home/airflow/.local/lib/python3.8/site-packages/airflow/example_dags/example_external_task_marker_dag.py for tasks to queue
[2025-08-02T02:57:50.249+0000] {logging_mixin.py:188} INFO - [2025-08-02T02:57:50.247+0000] {dagbag.py:540} INFO - Filling up the DagBag from /home/airflow/.local/lib/python3.8/site-packages/airflow/example_dags/example_external_task_marker_dag.py
[2025-08-02T02:57:50.314+0000] {processor.py:840} INFO - DAG(s) 'example_external_task_marker_child', 'example_external_task_marker_parent' retrieved from /home/airflow/.local/lib/python3.8/site-packages/airflow/example_dags/example_external_task_marker_dag.py
[2025-08-02T02:57:50.545+0000] {logging_mixin.py:188} INFO - [2025-08-02T02:57:50.542+0000] {dag.py:3047} INFO - Sync 2 DAGs
[2025-08-02T02:57:50.588+0000] {logging_mixin.py:188} INFO - [2025-08-02T02:57:50.587+0000] {dag.py:3834} INFO - Setting next_dagrun for example_external_task_marker_child to None, run_after=None
[2025-08-02T02:57:50.594+0000] {logging_mixin.py:188} INFO - [2025-08-02T02:57:50.594+0000] {dag.py:3834} INFO - Setting next_dagrun for example_external_task_marker_parent to None, run_after=None
[2025-08-02T02:57:50.676+0000] {processor.py:183} INFO - Processing /home/airflow/.local/lib/python3.8/site-packages/airflow/example_dags/example_external_task_marker_dag.py took 0.551 seconds
[2025-08-02T02:58:21.735+0000] {processor.py:161} INFO - Started process (PID=266) to work on /home/airflow/.local/lib/python3.8/site-packages/airflow/example_dags/example_external_task_marker_dag.py
[2025-08-02T02:58:21.740+0000] {processor.py:830} INFO - Processing file /home/airflow/.local/lib/python3.8/site-packages/airflow/example_dags/example_external_task_marker_dag.py for tasks to queue
[2025-08-02T02:58:21.748+0000] {logging_mixin.py:188} INFO - [2025-08-02T02:58:21.746+0000] {dagbag.py:540} INFO - Filling up the DagBag from /home/airflow/.local/lib/python3.8/site-packages/airflow/example_dags/example_external_task_marker_dag.py
[2025-08-02T02:58:21.789+0000] {processor.py:840} INFO - DAG(s) 'example_external_task_marker_parent', 'example_external_task_marker_child' retrieved from /home/airflow/.local/lib/python3.8/site-packages/airflow/example_dags/example_external_task_marker_dag.py
[2025-08-02T02:58:21.866+0000] {logging_mixin.py:188} INFO - [2025-08-02T02:58:21.865+0000] {dag.py:3047} INFO - Sync 2 DAGs
[2025-08-02T02:58:21.906+0000] {logging_mixin.py:188} INFO - [2025-08-02T02:58:21.906+0000] {dag.py:3834} INFO - Setting next_dagrun for example_external_task_marker_child to None, run_after=None
[2025-08-02T02:58:21.911+0000] {logging_mixin.py:188} INFO - [2025-08-02T02:58:21.911+0000] {dag.py:3834} INFO - Setting next_dagrun for example_external_task_marker_parent to None, run_after=None
[2025-08-02T02:58:21.958+0000] {processor.py:183} INFO - Processing /home/airflow/.local/lib/python3.8/site-packages/airflow/example_dags/example_external_task_marker_dag.py took 0.248 seconds
[2025-08-02T02:58:52.232+0000] {processor.py:161} INFO - Started process (PID=322) to work on /home/airflow/.local/lib/python3.8/site-packages/airflow/example_dags/example_external_task_marker_dag.py
[2025-08-02T02:58:52.234+0000] {processor.py:830} INFO - Processing file /home/airflow/.local/lib/python3.8/site-packages/airflow/example_dags/example_external_task_marker_dag.py for tasks to queue
[2025-08-02T02:58:52.237+0000] {logging_mixin.py:188} INFO - [2025-08-02T02:58:52.237+0000] {dagbag.py:540} INFO - Filling up the DagBag from /home/airflow/.local/lib/python3.8/site-packages/airflow/example_dags/example_external_task_marker_dag.py
[2025-08-02T02:58:52.261+0000] {processor.py:840} INFO - DAG(s) 'example_external_task_marker_child', 'example_external_task_marker_parent' retrieved from /home/airflow/.local/lib/python3.8/site-packages/airflow/example_dags/example_external_task_marker_dag.py
[2025-08-02T02:58:52.302+0000] {logging_mixin.py:188} INFO - [2025-08-02T02:58:52.302+0000] {dag.py:3047} INFO - Sync 2 DAGs
[2025-08-02T02:58:52.316+0000] {logging_mixin.py:188} INFO - [2025-08-02T02:58:52.316+0000] {dag.py:3834} INFO - Setting next_dagrun for example_external_task_marker_child to None, run_after=None
[2025-08-02T02:58:52.320+0000] {logging_mixin.py:188} INFO - [2025-08-02T02:58:52.320+0000] {dag.py:3834} INFO - Setting next_dagrun for example_external_task_marker_parent to None, run_after=None
[2025-08-02T02:58:52.341+0000] {processor.py:183} INFO - Processing /home/airflow/.local/lib/python3.8/site-packages/airflow/example_dags/example_external_task_marker_dag.py took 0.118 seconds
[2025-08-02T02:59:22.917+0000] {processor.py:161} INFO - Started process (PID=378) to work on /home/airflow/.local/lib/python3.8/site-packages/airflow/example_dags/example_external_task_marker_dag.py
[2025-08-02T02:59:22.924+0000] {processor.py:830} INFO - Processing file /home/airflow/.local/lib/python3.8/site-packages/airflow/example_dags/example_external_task_marker_dag.py for tasks to queue
[2025-08-02T02:59:22.928+0000] {logging_mixin.py:188} INFO - [2025-08-02T02:59:22.928+0000] {dagbag.py:540} INFO - Filling up the DagBag from /home/airflow/.local/lib/python3.8/site-packages/airflow/example_dags/example_external_task_marker_dag.py
[2025-08-02T02:59:22.943+0000] {processor.py:840} INFO - DAG(s) 'example_external_task_marker_child', 'example_external_task_marker_parent' retrieved from /home/airflow/.local/lib/python3.8/site-packages/airflow/example_dags/example_external_task_marker_dag.py
[2025-08-02T02:59:23.002+0000] {logging_mixin.py:188} INFO - [2025-08-02T02:59:23.002+0000] {dag.py:3047} INFO - Sync 2 DAGs
[2025-08-02T02:59:23.022+0000] {logging_mixin.py:188} INFO - [2025-08-02T02:59:23.022+0000] {dag.py:3834} INFO - Setting next_dagrun for example_external_task_marker_child to None, run_after=None
[2025-08-02T02:59:23.032+0000] {logging_mixin.py:188} INFO - [2025-08-02T02:59:23.032+0000] {dag.py:3834} INFO - Setting next_dagrun for example_external_task_marker_parent to None, run_after=None
[2025-08-02T02:59:23.061+0000] {processor.py:183} INFO - Processing /home/airflow/.local/lib/python3.8/site-packages/airflow/example_dags/example_external_task_marker_dag.py took 0.167 seconds
[2025-08-02T02:59:53.930+0000] {processor.py:161} INFO - Started process (PID=434) to work on /home/airflow/.local/lib/python3.8/site-packages/airflow/example_dags/example_external_task_marker_dag.py
[2025-08-02T02:59:53.937+0000] {processor.py:830} INFO - Processing file /home/airflow/.local/lib/python3.8/site-packages/airflow/example_dags/example_external_task_marker_dag.py for tasks to queue
[2025-08-02T02:59:53.950+0000] {logging_mixin.py:188} INFO - [2025-08-02T02:59:53.948+0000] {dagbag.py:540} INFO - Filling up the DagBag from /home/airflow/.local/lib/python3.8/site-packages/airflow/example_dags/example_external_task_marker_dag.py
[2025-08-02T02:59:53.970+0000] {processor.py:840} INFO - DAG(s) 'example_external_task_marker_parent', 'example_external_task_marker_child' retrieved from /home/airflow/.local/lib/python3.8/site-packages/airflow/example_dags/example_external_task_marker_dag.py
[2025-08-02T02:59:54.028+0000] {logging_mixin.py:188} INFO - [2025-08-02T02:59:54.028+0000] {dag.py:3047} INFO - Sync 2 DAGs
[2025-08-02T02:59:54.042+0000] {logging_mixin.py:188} INFO - [2025-08-02T02:59:54.042+0000] {dag.py:3834} INFO - Setting next_dagrun for example_external_task_marker_child to None, run_after=None
[2025-08-02T02:59:54.045+0000] {logging_mixin.py:188} INFO - [2025-08-02T02:59:54.045+0000] {dag.py:3834} INFO - Setting next_dagrun for example_external_task_marker_parent to None, run_after=None
[2025-08-02T02:59:54.075+0000] {processor.py:183} INFO - Processing /home/airflow/.local/lib/python3.8/site-packages/airflow/example_dags/example_external_task_marker_dag.py took 0.154 seconds
[2025-08-02T03:00:24.141+0000] {processor.py:161} INFO - Started process (PID=491) to work on /home/airflow/.local/lib/python3.8/site-packages/airflow/example_dags/example_external_task_marker_dag.py
[2025-08-02T03:00:24.145+0000] {processor.py:830} INFO - Processing file /home/airflow/.local/lib/python3.8/site-packages/airflow/example_dags/example_external_task_marker_dag.py for tasks to queue
[2025-08-02T03:00:24.154+0000] {logging_mixin.py:188} INFO - [2025-08-02T03:00:24.153+0000] {dagbag.py:540} INFO - Filling up the DagBag from /home/airflow/.local/lib/python3.8/site-packages/airflow/example_dags/example_external_task_marker_dag.py
[2025-08-02T03:00:24.176+0000] {processor.py:840} INFO - DAG(s) 'example_external_task_marker_parent', 'example_external_task_marker_child' retrieved from /home/airflow/.local/lib/python3.8/site-packages/airflow/example_dags/example_external_task_marker_dag.py
[2025-08-02T03:00:24.296+0000] {logging_mixin.py:188} INFO - [2025-08-02T03:00:24.295+0000] {dag.py:3047} INFO - Sync 2 DAGs
[2025-08-02T03:00:24.318+0000] {logging_mixin.py:188} INFO - [2025-08-02T03:00:24.318+0000] {dag.py:3834} INFO - Setting next_dagrun for example_external_task_marker_child to None, run_after=None
[2025-08-02T03:00:24.322+0000] {logging_mixin.py:188} INFO - [2025-08-02T03:00:24.322+0000] {dag.py:3834} INFO - Setting next_dagrun for example_external_task_marker_parent to None, run_after=None
[2025-08-02T03:00:24.352+0000] {processor.py:183} INFO - Processing /home/airflow/.local/lib/python3.8/site-packages/airflow/example_dags/example_external_task_marker_dag.py took 0.230 seconds
[2025-08-02T03:00:54.555+0000] {processor.py:161} INFO - Started process (PID=547) to work on /home/airflow/.local/lib/python3.8/site-packages/airflow/example_dags/example_external_task_marker_dag.py
[2025-08-02T03:00:54.556+0000] {processor.py:830} INFO - Processing file /home/airflow/.local/lib/python3.8/site-packages/airflow/example_dags/example_external_task_marker_dag.py for tasks to queue
[2025-08-02T03:00:54.558+0000] {logging_mixin.py:188} INFO - [2025-08-02T03:00:54.557+0000] {dagbag.py:540} INFO - Filling up the DagBag from /home/airflow/.local/lib/python3.8/site-packages/airflow/example_dags/example_external_task_marker_dag.py
[2025-08-02T03:00:54.570+0000] {processor.py:840} INFO - DAG(s) 'example_external_task_marker_child', 'example_external_task_marker_parent' retrieved from /home/airflow/.local/lib/python3.8/site-packages/airflow/example_dags/example_external_task_marker_dag.py
[2025-08-02T03:00:54.619+0000] {logging_mixin.py:188} INFO - [2025-08-02T03:00:54.619+0000] {dag.py:3047} INFO - Sync 2 DAGs
[2025-08-02T03:00:54.639+0000] {logging_mixin.py:188} INFO - [2025-08-02T03:00:54.638+0000] {dag.py:3834} INFO - Setting next_dagrun for example_external_task_marker_child to None, run_after=None
[2025-08-02T03:00:54.645+0000] {logging_mixin.py:188} INFO - [2025-08-02T03:00:54.645+0000] {dag.py:3834} INFO - Setting next_dagrun for example_external_task_marker_parent to None, run_after=None
[2025-08-02T03:00:54.666+0000] {processor.py:183} INFO - Processing /home/airflow/.local/lib/python3.8/site-packages/airflow/example_dags/example_external_task_marker_dag.py took 0.115 seconds
[2025-08-02T03:01:25.523+0000] {processor.py:161} INFO - Started process (PID=602) to work on /home/airflow/.local/lib/python3.8/site-packages/airflow/example_dags/example_external_task_marker_dag.py
[2025-08-02T03:01:25.526+0000] {processor.py:830} INFO - Processing file /home/airflow/.local/lib/python3.8/site-packages/airflow/example_dags/example_external_task_marker_dag.py for tasks to queue
[2025-08-02T03:01:25.531+0000] {logging_mixin.py:188} INFO - [2025-08-02T03:01:25.530+0000] {dagbag.py:540} INFO - Filling up the DagBag from /home/airflow/.local/lib/python3.8/site-packages/airflow/example_dags/example_external_task_marker_dag.py
[2025-08-02T03:01:25.545+0000] {processor.py:840} INFO - DAG(s) 'example_external_task_marker_child', 'example_external_task_marker_parent' retrieved from /home/airflow/.local/lib/python3.8/site-packages/airflow/example_dags/example_external_task_marker_dag.py
[2025-08-02T03:01:25.598+0000] {logging_mixin.py:188} INFO - [2025-08-02T03:01:25.598+0000] {dag.py:3047} INFO - Sync 2 DAGs
[2025-08-02T03:01:25.636+0000] {logging_mixin.py:188} INFO - [2025-08-02T03:01:25.636+0000] {dag.py:3834} INFO - Setting next_dagrun for example_external_task_marker_child to None, run_after=None
[2025-08-02T03:01:25.642+0000] {logging_mixin.py:188} INFO - [2025-08-02T03:01:25.642+0000] {dag.py:3834} INFO - Setting next_dagrun for example_external_task_marker_parent to None, run_after=None
[2025-08-02T03:01:25.664+0000] {processor.py:183} INFO - Processing /home/airflow/.local/lib/python3.8/site-packages/airflow/example_dags/example_external_task_marker_dag.py took 0.155 seconds
[2025-08-02T03:01:56.282+0000] {processor.py:161} INFO - Started process (PID=658) to work on /home/airflow/.local/lib/python3.8/site-packages/airflow/example_dags/example_external_task_marker_dag.py
[2025-08-02T03:01:56.286+0000] {processor.py:830} INFO - Processing file /home/airflow/.local/lib/python3.8/site-packages/airflow/example_dags/example_external_task_marker_dag.py for tasks to queue
[2025-08-02T03:01:56.295+0000] {logging_mixin.py:188} INFO - [2025-08-02T03:01:56.294+0000] {dagbag.py:540} INFO - Filling up the DagBag from /home/airflow/.local/lib/python3.8/site-packages/airflow/example_dags/example_external_task_marker_dag.py
[2025-08-02T03:01:56.318+0000] {processor.py:840} INFO - DAG(s) 'example_external_task_marker_child', 'example_external_task_marker_parent' retrieved from /home/airflow/.local/lib/python3.8/site-packages/airflow/example_dags/example_external_task_marker_dag.py
[2025-08-02T03:01:56.480+0000] {logging_mixin.py:188} INFO - [2025-08-02T03:01:56.479+0000] {dag.py:3047} INFO - Sync 2 DAGs
[2025-08-02T03:01:56.496+0000] {logging_mixin.py:188} INFO - [2025-08-02T03:01:56.495+0000] {dag.py:3834} INFO - Setting next_dagrun for example_external_task_marker_child to None, run_after=None
[2025-08-02T03:01:56.506+0000] {logging_mixin.py:188} INFO - [2025-08-02T03:01:56.505+0000] {dag.py:3834} INFO - Setting next_dagrun for example_external_task_marker_parent to None, run_after=None
[2025-08-02T03:01:56.526+0000] {processor.py:183} INFO - Processing /home/airflow/.local/lib/python3.8/site-packages/airflow/example_dags/example_external_task_marker_dag.py took 0.270 seconds
[2025-08-02T03:02:27.245+0000] {processor.py:161} INFO - Started process (PID=714) to work on /home/airflow/.local/lib/python3.8/site-packages/airflow/example_dags/example_external_task_marker_dag.py
[2025-08-02T03:02:27.249+0000] {processor.py:830} INFO - Processing file /home/airflow/.local/lib/python3.8/site-packages/airflow/example_dags/example_external_task_marker_dag.py for tasks to queue
[2025-08-02T03:02:27.256+0000] {logging_mixin.py:188} INFO - [2025-08-02T03:02:27.256+0000] {dagbag.py:540} INFO - Filling up the DagBag from /home/airflow/.local/lib/python3.8/site-packages/airflow/example_dags/example_external_task_marker_dag.py
[2025-08-02T03:02:27.289+0000] {processor.py:840} INFO - DAG(s) 'example_external_task_marker_child', 'example_external_task_marker_parent' retrieved from /home/airflow/.local/lib/python3.8/site-packages/airflow/example_dags/example_external_task_marker_dag.py
[2025-08-02T03:02:27.361+0000] {logging_mixin.py:188} INFO - [2025-08-02T03:02:27.361+0000] {dag.py:3047} INFO - Sync 2 DAGs
[2025-08-02T03:02:27.374+0000] {logging_mixin.py:188} INFO - [2025-08-02T03:02:27.374+0000] {dag.py:3834} INFO - Setting next_dagrun for example_external_task_marker_child to None, run_after=None
[2025-08-02T03:02:27.378+0000] {logging_mixin.py:188} INFO - [2025-08-02T03:02:27.378+0000] {dag.py:3834} INFO - Setting next_dagrun for example_external_task_marker_parent to None, run_after=None
[2025-08-02T03:02:27.406+0000] {processor.py:183} INFO - Processing /home/airflow/.local/lib/python3.8/site-packages/airflow/example_dags/example_external_task_marker_dag.py took 0.175 seconds
[2025-08-02T03:02:58.844+0000] {processor.py:161} INFO - Started process (PID=770) to work on /home/airflow/.local/lib/python3.8/site-packages/airflow/example_dags/example_external_task_marker_dag.py
[2025-08-02T03:02:58.847+0000] {processor.py:830} INFO - Processing file /home/airflow/.local/lib/python3.8/site-packages/airflow/example_dags/example_external_task_marker_dag.py for tasks to queue
[2025-08-02T03:02:58.849+0000] {logging_mixin.py:188} INFO - [2025-08-02T03:02:58.849+0000] {dagbag.py:540} INFO - Filling up the DagBag from /home/airflow/.local/lib/python3.8/site-packages/airflow/example_dags/example_external_task_marker_dag.py
[2025-08-02T03:02:58.857+0000] {processor.py:840} INFO - DAG(s) 'example_external_task_marker_child', 'example_external_task_marker_parent' retrieved from /home/airflow/.local/lib/python3.8/site-packages/airflow/example_dags/example_external_task_marker_dag.py
[2025-08-02T03:02:58.881+0000] {logging_mixin.py:188} INFO - [2025-08-02T03:02:58.880+0000] {dag.py:3047} INFO - Sync 2 DAGs
[2025-08-02T03:02:58.900+0000] {logging_mixin.py:188} INFO - [2025-08-02T03:02:58.900+0000] {dag.py:3834} INFO - Setting next_dagrun for example_external_task_marker_child to None, run_after=None
[2025-08-02T03:02:58.906+0000] {logging_mixin.py:188} INFO - [2025-08-02T03:02:58.906+0000] {dag.py:3834} INFO - Setting next_dagrun for example_external_task_marker_parent to None, run_after=None
[2025-08-02T03:02:58.935+0000] {processor.py:183} INFO - Processing /home/airflow/.local/lib/python3.8/site-packages/airflow/example_dags/example_external_task_marker_dag.py took 0.095 seconds
[2025-08-02T03:03:29.124+0000] {processor.py:161} INFO - Started process (PID=826) to work on /home/airflow/.local/lib/python3.8/site-packages/airflow/example_dags/example_external_task_marker_dag.py
[2025-08-02T03:03:29.125+0000] {processor.py:830} INFO - Processing file /home/airflow/.local/lib/python3.8/site-packages/airflow/example_dags/example_external_task_marker_dag.py for tasks to queue
[2025-08-02T03:03:29.126+0000] {logging_mixin.py:188} INFO - [2025-08-02T03:03:29.126+0000] {dagbag.py:540} INFO - Filling up the DagBag from /home/airflow/.local/lib/python3.8/site-packages/airflow/example_dags/example_external_task_marker_dag.py
[2025-08-02T03:03:29.130+0000] {processor.py:840} INFO - DAG(s) 'example_external_task_marker_child', 'example_external_task_marker_parent' retrieved from /home/airflow/.local/lib/python3.8/site-packages/airflow/example_dags/example_external_task_marker_dag.py
[2025-08-02T03:03:29.144+0000] {logging_mixin.py:188} INFO - [2025-08-02T03:03:29.144+0000] {dag.py:3047} INFO - Sync 2 DAGs
[2025-08-02T03:03:29.152+0000] {logging_mixin.py:188} INFO - [2025-08-02T03:03:29.151+0000] {dag.py:3834} INFO - Setting next_dagrun for example_external_task_marker_child to None, run_after=None
[2025-08-02T03:03:29.157+0000] {logging_mixin.py:188} INFO - [2025-08-02T03:03:29.157+0000] {dag.py:3834} INFO - Setting next_dagrun for example_external_task_marker_parent to None, run_after=None
[2025-08-02T03:03:29.171+0000] {processor.py:183} INFO - Processing /home/airflow/.local/lib/python3.8/site-packages/airflow/example_dags/example_external_task_marker_dag.py took 0.049 seconds
[2025-08-02T03:03:59.932+0000] {processor.py:161} INFO - Started process (PID=882) to work on /home/airflow/.local/lib/python3.8/site-packages/airflow/example_dags/example_external_task_marker_dag.py
[2025-08-02T03:03:59.933+0000] {processor.py:830} INFO - Processing file /home/airflow/.local/lib/python3.8/site-packages/airflow/example_dags/example_external_task_marker_dag.py for tasks to queue
[2025-08-02T03:03:59.934+0000] {logging_mixin.py:188} INFO - [2025-08-02T03:03:59.934+0000] {dagbag.py:540} INFO - Filling up the DagBag from /home/airflow/.local/lib/python3.8/site-packages/airflow/example_dags/example_external_task_marker_dag.py
[2025-08-02T03:03:59.937+0000] {processor.py:840} INFO - DAG(s) 'example_external_task_marker_child', 'example_external_task_marker_parent' retrieved from /home/airflow/.local/lib/python3.8/site-packages/airflow/example_dags/example_external_task_marker_dag.py
[2025-08-02T03:03:59.952+0000] {logging_mixin.py:188} INFO - [2025-08-02T03:03:59.952+0000] {dag.py:3047} INFO - Sync 2 DAGs
[2025-08-02T03:03:59.961+0000] {logging_mixin.py:188} INFO - [2025-08-02T03:03:59.960+0000] {dag.py:3834} INFO - Setting next_dagrun for example_external_task_marker_child to None, run_after=None
[2025-08-02T03:03:59.962+0000] {logging_mixin.py:188} INFO - [2025-08-02T03:03:59.962+0000] {dag.py:3834} INFO - Setting next_dagrun for example_external_task_marker_parent to None, run_after=None
[2025-08-02T03:03:59.978+0000] {processor.py:183} INFO - Processing /home/airflow/.local/lib/python3.8/site-packages/airflow/example_dags/example_external_task_marker_dag.py took 0.049 seconds
[2025-08-02T03:04:30.936+0000] {processor.py:161} INFO - Started process (PID=938) to work on /home/airflow/.local/lib/python3.8/site-packages/airflow/example_dags/example_external_task_marker_dag.py
[2025-08-02T03:04:30.937+0000] {processor.py:830} INFO - Processing file /home/airflow/.local/lib/python3.8/site-packages/airflow/example_dags/example_external_task_marker_dag.py for tasks to queue
[2025-08-02T03:04:30.939+0000] {logging_mixin.py:188} INFO - [2025-08-02T03:04:30.939+0000] {dagbag.py:540} INFO - Filling up the DagBag from /home/airflow/.local/lib/python3.8/site-packages/airflow/example_dags/example_external_task_marker_dag.py
[2025-08-02T03:04:30.943+0000] {processor.py:840} INFO - DAG(s) 'example_external_task_marker_child', 'example_external_task_marker_parent' retrieved from /home/airflow/.local/lib/python3.8/site-packages/airflow/example_dags/example_external_task_marker_dag.py
[2025-08-02T03:04:30.958+0000] {logging_mixin.py:188} INFO - [2025-08-02T03:04:30.957+0000] {dag.py:3047} INFO - Sync 2 DAGs
[2025-08-02T03:04:30.965+0000] {logging_mixin.py:188} INFO - [2025-08-02T03:04:30.965+0000] {dag.py:3834} INFO - Setting next_dagrun for example_external_task_marker_child to None, run_after=None
[2025-08-02T03:04:30.967+0000] {logging_mixin.py:188} INFO - [2025-08-02T03:04:30.967+0000] {dag.py:3834} INFO - Setting next_dagrun for example_external_task_marker_parent to None, run_after=None
[2025-08-02T03:04:30.980+0000] {processor.py:183} INFO - Processing /home/airflow/.local/lib/python3.8/site-packages/airflow/example_dags/example_external_task_marker_dag.py took 0.046 seconds
[2025-08-02T03:05:01.562+0000] {processor.py:161} INFO - Started process (PID=995) to work on /home/airflow/.local/lib/python3.8/site-packages/airflow/example_dags/example_external_task_marker_dag.py
[2025-08-02T03:05:01.563+0000] {processor.py:830} INFO - Processing file /home/airflow/.local/lib/python3.8/site-packages/airflow/example_dags/example_external_task_marker_dag.py for tasks to queue
[2025-08-02T03:05:01.567+0000] {logging_mixin.py:188} INFO - [2025-08-02T03:05:01.567+0000] {dagbag.py:540} INFO - Filling up the DagBag from /home/airflow/.local/lib/python3.8/site-packages/airflow/example_dags/example_external_task_marker_dag.py
[2025-08-02T03:05:01.572+0000] {processor.py:840} INFO - DAG(s) 'example_external_task_marker_parent', 'example_external_task_marker_child' retrieved from /home/airflow/.local/lib/python3.8/site-packages/airflow/example_dags/example_external_task_marker_dag.py
[2025-08-02T03:05:01.593+0000] {logging_mixin.py:188} INFO - [2025-08-02T03:05:01.593+0000] {dag.py:3047} INFO - Sync 2 DAGs
[2025-08-02T03:05:01.602+0000] {logging_mixin.py:188} INFO - [2025-08-02T03:05:01.601+0000] {dag.py:3834} INFO - Setting next_dagrun for example_external_task_marker_child to None, run_after=None
[2025-08-02T03:05:01.605+0000] {logging_mixin.py:188} INFO - [2025-08-02T03:05:01.605+0000] {dag.py:3834} INFO - Setting next_dagrun for example_external_task_marker_parent to None, run_after=None
[2025-08-02T03:05:01.615+0000] {processor.py:183} INFO - Processing /home/airflow/.local/lib/python3.8/site-packages/airflow/example_dags/example_external_task_marker_dag.py took 0.056 seconds
[2025-08-02T03:05:32.020+0000] {processor.py:161} INFO - Started process (PID=1051) to work on /home/airflow/.local/lib/python3.8/site-packages/airflow/example_dags/example_external_task_marker_dag.py
[2025-08-02T03:05:32.021+0000] {processor.py:830} INFO - Processing file /home/airflow/.local/lib/python3.8/site-packages/airflow/example_dags/example_external_task_marker_dag.py for tasks to queue
[2025-08-02T03:05:32.022+0000] {logging_mixin.py:188} INFO - [2025-08-02T03:05:32.022+0000] {dagbag.py:540} INFO - Filling up the DagBag from /home/airflow/.local/lib/python3.8/site-packages/airflow/example_dags/example_external_task_marker_dag.py
[2025-08-02T03:05:32.026+0000] {processor.py:840} INFO - DAG(s) 'example_external_task_marker_parent', 'example_external_task_marker_child' retrieved from /home/airflow/.local/lib/python3.8/site-packages/airflow/example_dags/example_external_task_marker_dag.py
[2025-08-02T03:05:32.046+0000] {logging_mixin.py:188} INFO - [2025-08-02T03:05:32.045+0000] {dag.py:3047} INFO - Sync 2 DAGs
[2025-08-02T03:05:32.053+0000] {logging_mixin.py:188} INFO - [2025-08-02T03:05:32.053+0000] {dag.py:3834} INFO - Setting next_dagrun for example_external_task_marker_child to None, run_after=None
[2025-08-02T03:05:32.058+0000] {logging_mixin.py:188} INFO - [2025-08-02T03:05:32.057+0000] {dag.py:3834} INFO - Setting next_dagrun for example_external_task_marker_parent to None, run_after=None
[2025-08-02T03:05:32.081+0000] {processor.py:183} INFO - Processing /home/airflow/.local/lib/python3.8/site-packages/airflow/example_dags/example_external_task_marker_dag.py took 0.063 seconds
[2025-08-02T03:06:02.951+0000] {processor.py:161} INFO - Started process (PID=1107) to work on /home/airflow/.local/lib/python3.8/site-packages/airflow/example_dags/example_external_task_marker_dag.py
[2025-08-02T03:06:02.952+0000] {processor.py:830} INFO - Processing file /home/airflow/.local/lib/python3.8/site-packages/airflow/example_dags/example_external_task_marker_dag.py for tasks to queue
[2025-08-02T03:06:02.953+0000] {logging_mixin.py:188} INFO - [2025-08-02T03:06:02.952+0000] {dagbag.py:540} INFO - Filling up the DagBag from /home/airflow/.local/lib/python3.8/site-packages/airflow/example_dags/example_external_task_marker_dag.py
[2025-08-02T03:06:02.957+0000] {processor.py:840} INFO - DAG(s) 'example_external_task_marker_parent', 'example_external_task_marker_child' retrieved from /home/airflow/.local/lib/python3.8/site-packages/airflow/example_dags/example_external_task_marker_dag.py
[2025-08-02T03:06:02.975+0000] {logging_mixin.py:188} INFO - [2025-08-02T03:06:02.975+0000] {dag.py:3047} INFO - Sync 2 DAGs
[2025-08-02T03:06:02.982+0000] {logging_mixin.py:188} INFO - [2025-08-02T03:06:02.982+0000] {dag.py:3834} INFO - Setting next_dagrun for example_external_task_marker_child to None, run_after=None
[2025-08-02T03:06:02.988+0000] {logging_mixin.py:188} INFO - [2025-08-02T03:06:02.988+0000] {dag.py:3834} INFO - Setting next_dagrun for example_external_task_marker_parent to None, run_after=None
[2025-08-02T03:06:03.009+0000] {processor.py:183} INFO - Processing /home/airflow/.local/lib/python3.8/site-packages/airflow/example_dags/example_external_task_marker_dag.py took 0.060 seconds
[2025-08-02T03:06:38.200+0000] {processor.py:161} INFO - Started process (PID=1163) to work on /home/airflow/.local/lib/python3.8/site-packages/airflow/example_dags/example_external_task_marker_dag.py
[2025-08-02T03:06:38.202+0000] {processor.py:830} INFO - Processing file /home/airflow/.local/lib/python3.8/site-packages/airflow/example_dags/example_external_task_marker_dag.py for tasks to queue
[2025-08-02T03:06:38.203+0000] {logging_mixin.py:188} INFO - [2025-08-02T03:06:38.203+0000] {dagbag.py:540} INFO - Filling up the DagBag from /home/airflow/.local/lib/python3.8/site-packages/airflow/example_dags/example_external_task_marker_dag.py
[2025-08-02T03:06:38.211+0000] {processor.py:840} INFO - DAG(s) 'example_external_task_marker_child', 'example_external_task_marker_parent' retrieved from /home/airflow/.local/lib/python3.8/site-packages/airflow/example_dags/example_external_task_marker_dag.py
[2025-08-02T03:06:38.240+0000] {logging_mixin.py:188} INFO - [2025-08-02T03:06:38.240+0000] {dag.py:3047} INFO - Sync 2 DAGs
[2025-08-02T03:06:38.254+0000] {logging_mixin.py:188} INFO - [2025-08-02T03:06:38.253+0000] {dag.py:3834} INFO - Setting next_dagrun for example_external_task_marker_child to None, run_after=None
[2025-08-02T03:06:38.257+0000] {logging_mixin.py:188} INFO - [2025-08-02T03:06:38.257+0000] {dag.py:3834} INFO - Setting next_dagrun for example_external_task_marker_parent to None, run_after=None
[2025-08-02T03:06:38.271+0000] {processor.py:183} INFO - Processing /home/airflow/.local/lib/python3.8/site-packages/airflow/example_dags/example_external_task_marker_dag.py took 0.073 seconds
[2025-08-02T03:07:12.702+0000] {processor.py:161} INFO - Started process (PID=1219) to work on /home/airflow/.local/lib/python3.8/site-packages/airflow/example_dags/example_external_task_marker_dag.py
[2025-08-02T03:07:12.705+0000] {processor.py:830} INFO - Processing file /home/airflow/.local/lib/python3.8/site-packages/airflow/example_dags/example_external_task_marker_dag.py for tasks to queue
[2025-08-02T03:07:12.708+0000] {logging_mixin.py:188} INFO - [2025-08-02T03:07:12.707+0000] {dagbag.py:540} INFO - Filling up the DagBag from /home/airflow/.local/lib/python3.8/site-packages/airflow/example_dags/example_external_task_marker_dag.py
[2025-08-02T03:07:12.722+0000] {processor.py:840} INFO - DAG(s) 'example_external_task_marker_child', 'example_external_task_marker_parent' retrieved from /home/airflow/.local/lib/python3.8/site-packages/airflow/example_dags/example_external_task_marker_dag.py
[2025-08-02T03:07:12.764+0000] {logging_mixin.py:188} INFO - [2025-08-02T03:07:12.763+0000] {dag.py:3047} INFO - Sync 2 DAGs
[2025-08-02T03:07:12.776+0000] {logging_mixin.py:188} INFO - [2025-08-02T03:07:12.775+0000] {dag.py:3834} INFO - Setting next_dagrun for example_external_task_marker_child to None, run_after=None
[2025-08-02T03:07:12.781+0000] {logging_mixin.py:188} INFO - [2025-08-02T03:07:12.781+0000] {dag.py:3834} INFO - Setting next_dagrun for example_external_task_marker_parent to None, run_after=None
[2025-08-02T03:07:12.917+0000] {processor.py:183} INFO - Processing /home/airflow/.local/lib/python3.8/site-packages/airflow/example_dags/example_external_task_marker_dag.py took 0.217 seconds
[2025-08-02T03:07:43.850+0000] {processor.py:161} INFO - Started process (PID=1280) to work on /home/airflow/.local/lib/python3.8/site-packages/airflow/example_dags/example_external_task_marker_dag.py
[2025-08-02T03:07:43.853+0000] {processor.py:830} INFO - Processing file /home/airflow/.local/lib/python3.8/site-packages/airflow/example_dags/example_external_task_marker_dag.py for tasks to queue
[2025-08-02T03:07:43.859+0000] {logging_mixin.py:188} INFO - [2025-08-02T03:07:43.857+0000] {dagbag.py:540} INFO - Filling up the DagBag from /home/airflow/.local/lib/python3.8/site-packages/airflow/example_dags/example_external_task_marker_dag.py
[2025-08-02T03:07:43.942+0000] {processor.py:840} INFO - DAG(s) 'example_external_task_marker_parent', 'example_external_task_marker_child' retrieved from /home/airflow/.local/lib/python3.8/site-packages/airflow/example_dags/example_external_task_marker_dag.py
[2025-08-02T03:07:44.105+0000] {logging_mixin.py:188} INFO - [2025-08-02T03:07:44.104+0000] {dag.py:3047} INFO - Sync 2 DAGs
[2025-08-02T03:07:44.151+0000] {logging_mixin.py:188} INFO - [2025-08-02T03:07:44.151+0000] {dag.py:3834} INFO - Setting next_dagrun for example_external_task_marker_child to None, run_after=None
[2025-08-02T03:07:44.158+0000] {logging_mixin.py:188} INFO - [2025-08-02T03:07:44.158+0000] {dag.py:3834} INFO - Setting next_dagrun for example_external_task_marker_parent to None, run_after=None
[2025-08-02T03:07:44.193+0000] {processor.py:183} INFO - Processing /home/airflow/.local/lib/python3.8/site-packages/airflow/example_dags/example_external_task_marker_dag.py took 0.357 seconds
[2025-08-02T03:09:10.004+0000] {processor.py:161} INFO - Started process (PID=108) to work on /home/airflow/.local/lib/python3.8/site-packages/airflow/example_dags/example_external_task_marker_dag.py
[2025-08-02T03:09:10.005+0000] {processor.py:830} INFO - Processing file /home/airflow/.local/lib/python3.8/site-packages/airflow/example_dags/example_external_task_marker_dag.py for tasks to queue
[2025-08-02T03:09:10.008+0000] {logging_mixin.py:188} INFO - [2025-08-02T03:09:10.008+0000] {dagbag.py:540} INFO - Filling up the DagBag from /home/airflow/.local/lib/python3.8/site-packages/airflow/example_dags/example_external_task_marker_dag.py
[2025-08-02T03:09:10.019+0000] {processor.py:840} INFO - DAG(s) 'example_external_task_marker_parent', 'example_external_task_marker_child' retrieved from /home/airflow/.local/lib/python3.8/site-packages/airflow/example_dags/example_external_task_marker_dag.py
[2025-08-02T03:09:10.299+0000] {logging_mixin.py:188} INFO - [2025-08-02T03:09:10.296+0000] {dag.py:3047} INFO - Sync 2 DAGs
[2025-08-02T03:09:10.351+0000] {logging_mixin.py:188} INFO - [2025-08-02T03:09:10.350+0000] {dag.py:3834} INFO - Setting next_dagrun for example_external_task_marker_child to None, run_after=None
[2025-08-02T03:09:10.358+0000] {logging_mixin.py:188} INFO - [2025-08-02T03:09:10.358+0000] {dag.py:3834} INFO - Setting next_dagrun for example_external_task_marker_parent to None, run_after=None
[2025-08-02T03:09:10.412+0000] {processor.py:183} INFO - Processing /home/airflow/.local/lib/python3.8/site-packages/airflow/example_dags/example_external_task_marker_dag.py took 0.416 seconds
[2025-08-02T03:09:41.567+0000] {processor.py:161} INFO - Started process (PID=164) to work on /home/airflow/.local/lib/python3.8/site-packages/airflow/example_dags/example_external_task_marker_dag.py
[2025-08-02T03:09:41.568+0000] {processor.py:830} INFO - Processing file /home/airflow/.local/lib/python3.8/site-packages/airflow/example_dags/example_external_task_marker_dag.py for tasks to queue
[2025-08-02T03:09:41.573+0000] {logging_mixin.py:188} INFO - [2025-08-02T03:09:41.572+0000] {dagbag.py:540} INFO - Filling up the DagBag from /home/airflow/.local/lib/python3.8/site-packages/airflow/example_dags/example_external_task_marker_dag.py
[2025-08-02T03:09:41.588+0000] {processor.py:840} INFO - DAG(s) 'example_external_task_marker_child', 'example_external_task_marker_parent' retrieved from /home/airflow/.local/lib/python3.8/site-packages/airflow/example_dags/example_external_task_marker_dag.py
[2025-08-02T03:09:41.669+0000] {logging_mixin.py:188} INFO - [2025-08-02T03:09:41.668+0000] {dag.py:3047} INFO - Sync 2 DAGs
[2025-08-02T03:09:41.710+0000] {logging_mixin.py:188} INFO - [2025-08-02T03:09:41.709+0000] {dag.py:3834} INFO - Setting next_dagrun for example_external_task_marker_child to None, run_after=None
[2025-08-02T03:09:41.716+0000] {logging_mixin.py:188} INFO - [2025-08-02T03:09:41.716+0000] {dag.py:3834} INFO - Setting next_dagrun for example_external_task_marker_parent to None, run_after=None
[2025-08-02T03:09:41.749+0000] {processor.py:183} INFO - Processing /home/airflow/.local/lib/python3.8/site-packages/airflow/example_dags/example_external_task_marker_dag.py took 0.184 seconds
[2025-08-02T03:10:12.305+0000] {processor.py:161} INFO - Started process (PID=219) to work on /home/airflow/.local/lib/python3.8/site-packages/airflow/example_dags/example_external_task_marker_dag.py
[2025-08-02T03:10:12.309+0000] {processor.py:830} INFO - Processing file /home/airflow/.local/lib/python3.8/site-packages/airflow/example_dags/example_external_task_marker_dag.py for tasks to queue
[2025-08-02T03:10:12.315+0000] {logging_mixin.py:188} INFO - [2025-08-02T03:10:12.314+0000] {dagbag.py:540} INFO - Filling up the DagBag from /home/airflow/.local/lib/python3.8/site-packages/airflow/example_dags/example_external_task_marker_dag.py
[2025-08-02T03:10:12.325+0000] {processor.py:840} INFO - DAG(s) 'example_external_task_marker_child', 'example_external_task_marker_parent' retrieved from /home/airflow/.local/lib/python3.8/site-packages/airflow/example_dags/example_external_task_marker_dag.py
[2025-08-02T03:10:12.372+0000] {logging_mixin.py:188} INFO - [2025-08-02T03:10:12.371+0000] {dag.py:3047} INFO - Sync 2 DAGs
[2025-08-02T03:10:12.387+0000] {logging_mixin.py:188} INFO - [2025-08-02T03:10:12.387+0000] {dag.py:3834} INFO - Setting next_dagrun for example_external_task_marker_child to None, run_after=None
[2025-08-02T03:10:12.393+0000] {logging_mixin.py:188} INFO - [2025-08-02T03:10:12.393+0000] {dag.py:3834} INFO - Setting next_dagrun for example_external_task_marker_parent to None, run_after=None
[2025-08-02T03:10:12.413+0000] {processor.py:183} INFO - Processing /home/airflow/.local/lib/python3.8/site-packages/airflow/example_dags/example_external_task_marker_dag.py took 0.121 seconds
[2025-08-02T03:10:42.814+0000] {processor.py:161} INFO - Started process (PID=275) to work on /home/airflow/.local/lib/python3.8/site-packages/airflow/example_dags/example_external_task_marker_dag.py
[2025-08-02T03:10:42.814+0000] {processor.py:830} INFO - Processing file /home/airflow/.local/lib/python3.8/site-packages/airflow/example_dags/example_external_task_marker_dag.py for tasks to queue
[2025-08-02T03:10:42.816+0000] {logging_mixin.py:188} INFO - [2025-08-02T03:10:42.815+0000] {dagbag.py:540} INFO - Filling up the DagBag from /home/airflow/.local/lib/python3.8/site-packages/airflow/example_dags/example_external_task_marker_dag.py
[2025-08-02T03:10:42.820+0000] {processor.py:840} INFO - DAG(s) 'example_external_task_marker_child', 'example_external_task_marker_parent' retrieved from /home/airflow/.local/lib/python3.8/site-packages/airflow/example_dags/example_external_task_marker_dag.py
[2025-08-02T03:10:42.834+0000] {logging_mixin.py:188} INFO - [2025-08-02T03:10:42.833+0000] {dag.py:3047} INFO - Sync 2 DAGs
[2025-08-02T03:10:42.840+0000] {logging_mixin.py:188} INFO - [2025-08-02T03:10:42.840+0000] {dag.py:3834} INFO - Setting next_dagrun for example_external_task_marker_child to None, run_after=None
[2025-08-02T03:10:42.842+0000] {logging_mixin.py:188} INFO - [2025-08-02T03:10:42.842+0000] {dag.py:3834} INFO - Setting next_dagrun for example_external_task_marker_parent to None, run_after=None
[2025-08-02T03:10:42.850+0000] {processor.py:183} INFO - Processing /home/airflow/.local/lib/python3.8/site-packages/airflow/example_dags/example_external_task_marker_dag.py took 0.038 seconds
[2025-08-02T03:11:13.585+0000] {processor.py:161} INFO - Started process (PID=331) to work on /home/airflow/.local/lib/python3.8/site-packages/airflow/example_dags/example_external_task_marker_dag.py
[2025-08-02T03:11:13.589+0000] {processor.py:830} INFO - Processing file /home/airflow/.local/lib/python3.8/site-packages/airflow/example_dags/example_external_task_marker_dag.py for tasks to queue
[2025-08-02T03:11:13.596+0000] {logging_mixin.py:188} INFO - [2025-08-02T03:11:13.595+0000] {dagbag.py:540} INFO - Filling up the DagBag from /home/airflow/.local/lib/python3.8/site-packages/airflow/example_dags/example_external_task_marker_dag.py
[2025-08-02T03:11:13.672+0000] {processor.py:840} INFO - DAG(s) 'example_external_task_marker_child', 'example_external_task_marker_parent' retrieved from /home/airflow/.local/lib/python3.8/site-packages/airflow/example_dags/example_external_task_marker_dag.py
[2025-08-02T03:11:13.837+0000] {logging_mixin.py:188} INFO - [2025-08-02T03:11:13.836+0000] {dag.py:3047} INFO - Sync 2 DAGs
[2025-08-02T03:11:13.862+0000] {logging_mixin.py:188} INFO - [2025-08-02T03:11:13.861+0000] {dag.py:3834} INFO - Setting next_dagrun for example_external_task_marker_child to None, run_after=None
[2025-08-02T03:11:13.880+0000] {logging_mixin.py:188} INFO - [2025-08-02T03:11:13.878+0000] {dag.py:3834} INFO - Setting next_dagrun for example_external_task_marker_parent to None, run_after=None
[2025-08-02T03:11:13.943+0000] {processor.py:183} INFO - Processing /home/airflow/.local/lib/python3.8/site-packages/airflow/example_dags/example_external_task_marker_dag.py took 0.371 seconds
[2025-08-02T03:11:44.530+0000] {processor.py:161} INFO - Started process (PID=387) to work on /home/airflow/.local/lib/python3.8/site-packages/airflow/example_dags/example_external_task_marker_dag.py
[2025-08-02T03:11:44.534+0000] {processor.py:830} INFO - Processing file /home/airflow/.local/lib/python3.8/site-packages/airflow/example_dags/example_external_task_marker_dag.py for tasks to queue
[2025-08-02T03:11:44.535+0000] {logging_mixin.py:188} INFO - [2025-08-02T03:11:44.535+0000] {dagbag.py:540} INFO - Filling up the DagBag from /home/airflow/.local/lib/python3.8/site-packages/airflow/example_dags/example_external_task_marker_dag.py
[2025-08-02T03:11:44.540+0000] {processor.py:840} INFO - DAG(s) 'example_external_task_marker_parent', 'example_external_task_marker_child' retrieved from /home/airflow/.local/lib/python3.8/site-packages/airflow/example_dags/example_external_task_marker_dag.py
[2025-08-02T03:11:44.570+0000] {logging_mixin.py:188} INFO - [2025-08-02T03:11:44.570+0000] {dag.py:3047} INFO - Sync 2 DAGs
[2025-08-02T03:11:44.587+0000] {logging_mixin.py:188} INFO - [2025-08-02T03:11:44.586+0000] {dag.py:3834} INFO - Setting next_dagrun for example_external_task_marker_child to None, run_after=None
[2025-08-02T03:11:44.594+0000] {logging_mixin.py:188} INFO - [2025-08-02T03:11:44.594+0000] {dag.py:3834} INFO - Setting next_dagrun for example_external_task_marker_parent to None, run_after=None
[2025-08-02T03:11:44.617+0000] {processor.py:183} INFO - Processing /home/airflow/.local/lib/python3.8/site-packages/airflow/example_dags/example_external_task_marker_dag.py took 0.089 seconds
[2025-08-02T03:12:15.708+0000] {processor.py:161} INFO - Started process (PID=443) to work on /home/airflow/.local/lib/python3.8/site-packages/airflow/example_dags/example_external_task_marker_dag.py
[2025-08-02T03:12:15.710+0000] {processor.py:830} INFO - Processing file /home/airflow/.local/lib/python3.8/site-packages/airflow/example_dags/example_external_task_marker_dag.py for tasks to queue
[2025-08-02T03:12:15.713+0000] {logging_mixin.py:188} INFO - [2025-08-02T03:12:15.713+0000] {dagbag.py:540} INFO - Filling up the DagBag from /home/airflow/.local/lib/python3.8/site-packages/airflow/example_dags/example_external_task_marker_dag.py
[2025-08-02T03:12:15.718+0000] {processor.py:840} INFO - DAG(s) 'example_external_task_marker_child', 'example_external_task_marker_parent' retrieved from /home/airflow/.local/lib/python3.8/site-packages/airflow/example_dags/example_external_task_marker_dag.py
[2025-08-02T03:12:15.742+0000] {logging_mixin.py:188} INFO - [2025-08-02T03:12:15.741+0000] {dag.py:3047} INFO - Sync 2 DAGs
[2025-08-02T03:12:15.752+0000] {logging_mixin.py:188} INFO - [2025-08-02T03:12:15.752+0000] {dag.py:3834} INFO - Setting next_dagrun for example_external_task_marker_child to None, run_after=None
[2025-08-02T03:12:15.755+0000] {logging_mixin.py:188} INFO - [2025-08-02T03:12:15.755+0000] {dag.py:3834} INFO - Setting next_dagrun for example_external_task_marker_parent to None, run_after=None
[2025-08-02T03:12:15.773+0000] {processor.py:183} INFO - Processing /home/airflow/.local/lib/python3.8/site-packages/airflow/example_dags/example_external_task_marker_dag.py took 0.072 seconds
[2025-08-02T03:12:46.048+0000] {processor.py:161} INFO - Started process (PID=499) to work on /home/airflow/.local/lib/python3.8/site-packages/airflow/example_dags/example_external_task_marker_dag.py
[2025-08-02T03:12:46.049+0000] {processor.py:830} INFO - Processing file /home/airflow/.local/lib/python3.8/site-packages/airflow/example_dags/example_external_task_marker_dag.py for tasks to queue
[2025-08-02T03:12:46.050+0000] {logging_mixin.py:188} INFO - [2025-08-02T03:12:46.050+0000] {dagbag.py:540} INFO - Filling up the DagBag from /home/airflow/.local/lib/python3.8/site-packages/airflow/example_dags/example_external_task_marker_dag.py
[2025-08-02T03:12:46.054+0000] {processor.py:840} INFO - DAG(s) 'example_external_task_marker_parent', 'example_external_task_marker_child' retrieved from /home/airflow/.local/lib/python3.8/site-packages/airflow/example_dags/example_external_task_marker_dag.py
[2025-08-02T03:12:46.080+0000] {logging_mixin.py:188} INFO - [2025-08-02T03:12:46.078+0000] {dag.py:3047} INFO - Sync 2 DAGs
[2025-08-02T03:12:46.096+0000] {logging_mixin.py:188} INFO - [2025-08-02T03:12:46.096+0000] {dag.py:3834} INFO - Setting next_dagrun for example_external_task_marker_child to None, run_after=None
[2025-08-02T03:12:46.104+0000] {logging_mixin.py:188} INFO - [2025-08-02T03:12:46.103+0000] {dag.py:3834} INFO - Setting next_dagrun for example_external_task_marker_parent to None, run_after=None
[2025-08-02T03:12:46.128+0000] {processor.py:183} INFO - Processing /home/airflow/.local/lib/python3.8/site-packages/airflow/example_dags/example_external_task_marker_dag.py took 0.084 seconds
[2025-08-02T03:13:16.982+0000] {processor.py:161} INFO - Started process (PID=555) to work on /home/airflow/.local/lib/python3.8/site-packages/airflow/example_dags/example_external_task_marker_dag.py
[2025-08-02T03:13:16.983+0000] {processor.py:830} INFO - Processing file /home/airflow/.local/lib/python3.8/site-packages/airflow/example_dags/example_external_task_marker_dag.py for tasks to queue
[2025-08-02T03:13:16.985+0000] {logging_mixin.py:188} INFO - [2025-08-02T03:13:16.985+0000] {dagbag.py:540} INFO - Filling up the DagBag from /home/airflow/.local/lib/python3.8/site-packages/airflow/example_dags/example_external_task_marker_dag.py
[2025-08-02T03:13:16.991+0000] {processor.py:840} INFO - DAG(s) 'example_external_task_marker_child', 'example_external_task_marker_parent' retrieved from /home/airflow/.local/lib/python3.8/site-packages/airflow/example_dags/example_external_task_marker_dag.py
[2025-08-02T03:13:17.007+0000] {logging_mixin.py:188} INFO - [2025-08-02T03:13:17.007+0000] {dag.py:3047} INFO - Sync 2 DAGs
[2025-08-02T03:13:17.015+0000] {logging_mixin.py:188} INFO - [2025-08-02T03:13:17.015+0000] {dag.py:3834} INFO - Setting next_dagrun for example_external_task_marker_child to None, run_after=None
[2025-08-02T03:13:17.018+0000] {logging_mixin.py:188} INFO - [2025-08-02T03:13:17.018+0000] {dag.py:3834} INFO - Setting next_dagrun for example_external_task_marker_parent to None, run_after=None
[2025-08-02T03:13:17.034+0000] {processor.py:183} INFO - Processing /home/airflow/.local/lib/python3.8/site-packages/airflow/example_dags/example_external_task_marker_dag.py took 0.057 seconds
[2025-08-02T03:13:48.185+0000] {processor.py:161} INFO - Started process (PID=611) to work on /home/airflow/.local/lib/python3.8/site-packages/airflow/example_dags/example_external_task_marker_dag.py
[2025-08-02T03:13:48.188+0000] {processor.py:830} INFO - Processing file /home/airflow/.local/lib/python3.8/site-packages/airflow/example_dags/example_external_task_marker_dag.py for tasks to queue
[2025-08-02T03:13:48.189+0000] {logging_mixin.py:188} INFO - [2025-08-02T03:13:48.189+0000] {dagbag.py:540} INFO - Filling up the DagBag from /home/airflow/.local/lib/python3.8/site-packages/airflow/example_dags/example_external_task_marker_dag.py
[2025-08-02T03:13:48.193+0000] {processor.py:840} INFO - DAG(s) 'example_external_task_marker_child', 'example_external_task_marker_parent' retrieved from /home/airflow/.local/lib/python3.8/site-packages/airflow/example_dags/example_external_task_marker_dag.py
[2025-08-02T03:13:48.206+0000] {logging_mixin.py:188} INFO - [2025-08-02T03:13:48.206+0000] {dag.py:3047} INFO - Sync 2 DAGs
[2025-08-02T03:13:48.214+0000] {logging_mixin.py:188} INFO - [2025-08-02T03:13:48.214+0000] {dag.py:3834} INFO - Setting next_dagrun for example_external_task_marker_child to None, run_after=None
[2025-08-02T03:13:48.217+0000] {logging_mixin.py:188} INFO - [2025-08-02T03:13:48.217+0000] {dag.py:3834} INFO - Setting next_dagrun for example_external_task_marker_parent to None, run_after=None
[2025-08-02T03:13:48.236+0000] {processor.py:183} INFO - Processing /home/airflow/.local/lib/python3.8/site-packages/airflow/example_dags/example_external_task_marker_dag.py took 0.053 seconds
[2025-08-02T03:14:19.356+0000] {processor.py:161} INFO - Started process (PID=667) to work on /home/airflow/.local/lib/python3.8/site-packages/airflow/example_dags/example_external_task_marker_dag.py
[2025-08-02T03:14:19.358+0000] {processor.py:830} INFO - Processing file /home/airflow/.local/lib/python3.8/site-packages/airflow/example_dags/example_external_task_marker_dag.py for tasks to queue
[2025-08-02T03:14:19.363+0000] {logging_mixin.py:188} INFO - [2025-08-02T03:14:19.363+0000] {dagbag.py:540} INFO - Filling up the DagBag from /home/airflow/.local/lib/python3.8/site-packages/airflow/example_dags/example_external_task_marker_dag.py
[2025-08-02T03:14:19.369+0000] {processor.py:840} INFO - DAG(s) 'example_external_task_marker_parent', 'example_external_task_marker_child' retrieved from /home/airflow/.local/lib/python3.8/site-packages/airflow/example_dags/example_external_task_marker_dag.py
[2025-08-02T03:14:19.432+0000] {logging_mixin.py:188} INFO - [2025-08-02T03:14:19.432+0000] {dag.py:3047} INFO - Sync 2 DAGs
[2025-08-02T03:14:19.450+0000] {logging_mixin.py:188} INFO - [2025-08-02T03:14:19.449+0000] {dag.py:3834} INFO - Setting next_dagrun for example_external_task_marker_child to None, run_after=None
[2025-08-02T03:14:19.455+0000] {logging_mixin.py:188} INFO - [2025-08-02T03:14:19.455+0000] {dag.py:3834} INFO - Setting next_dagrun for example_external_task_marker_parent to None, run_after=None
[2025-08-02T03:14:19.483+0000] {processor.py:183} INFO - Processing /home/airflow/.local/lib/python3.8/site-packages/airflow/example_dags/example_external_task_marker_dag.py took 0.132 seconds
