[2025-08-02T01:42:42.327+0000] {processor.py:161} INFO - Started process (PID=80) to work on /home/airflow/.local/lib/python3.8/site-packages/airflow/example_dags/example_nested_branch_dag.py
[2025-08-02T01:42:42.329+0000] {processor.py:830} INFO - Processing file /home/airflow/.local/lib/python3.8/site-packages/airflow/example_dags/example_nested_branch_dag.py for tasks to queue
[2025-08-02T01:42:42.331+0000] {logging_mixin.py:188} INFO - [2025-08-02T01:42:42.331+0000] {dagbag.py:540} INFO - Filling up the DagBag from /home/airflow/.local/lib/python3.8/site-packages/airflow/example_dags/example_nested_branch_dag.py
[2025-08-02T01:42:42.355+0000] {processor.py:840} INFO - DAG(s) 'example_nested_branch_dag' retrieved from /home/airflow/.local/lib/python3.8/site-packages/airflow/example_dags/example_nested_branch_dag.py
[2025-08-02T01:42:42.558+0000] {logging_mixin.py:188} INFO - [2025-08-02T01:42:42.558+0000] {dag.py:3047} INFO - Sync 1 DAGs
[2025-08-02T01:42:42.580+0000] {logging_mixin.py:188} INFO - [2025-08-02T01:42:42.580+0000] {dag.py:3834} INFO - Setting next_dagrun for example_nested_branch_dag to 2025-08-01 00:00:00+00:00, run_after=2025-08-02 00:00:00+00:00
[2025-08-02T01:42:42.614+0000] {processor.py:183} INFO - Processing /home/airflow/.local/lib/python3.8/site-packages/airflow/example_dags/example_nested_branch_dag.py took 0.291 seconds
[2025-08-02T01:43:13.266+0000] {processor.py:161} INFO - Started process (PID=136) to work on /home/airflow/.local/lib/python3.8/site-packages/airflow/example_dags/example_nested_branch_dag.py
[2025-08-02T01:43:13.267+0000] {processor.py:830} INFO - Processing file /home/airflow/.local/lib/python3.8/site-packages/airflow/example_dags/example_nested_branch_dag.py for tasks to queue
[2025-08-02T01:43:13.269+0000] {logging_mixin.py:188} INFO - [2025-08-02T01:43:13.269+0000] {dagbag.py:540} INFO - Filling up the DagBag from /home/airflow/.local/lib/python3.8/site-packages/airflow/example_dags/example_nested_branch_dag.py
[2025-08-02T01:43:13.276+0000] {processor.py:840} INFO - DAG(s) 'example_nested_branch_dag' retrieved from /home/airflow/.local/lib/python3.8/site-packages/airflow/example_dags/example_nested_branch_dag.py
[2025-08-02T01:43:13.315+0000] {logging_mixin.py:188} INFO - [2025-08-02T01:43:13.315+0000] {dag.py:3047} INFO - Sync 1 DAGs
[2025-08-02T01:43:13.347+0000] {logging_mixin.py:188} INFO - [2025-08-02T01:43:13.347+0000] {dag.py:3834} INFO - Setting next_dagrun for example_nested_branch_dag to 2025-08-01 00:00:00+00:00, run_after=2025-08-02 00:00:00+00:00
[2025-08-02T01:43:13.367+0000] {processor.py:183} INFO - Processing /home/airflow/.local/lib/python3.8/site-packages/airflow/example_dags/example_nested_branch_dag.py took 0.103 seconds
[2025-08-02T01:43:44.321+0000] {processor.py:161} INFO - Started process (PID=192) to work on /home/airflow/.local/lib/python3.8/site-packages/airflow/example_dags/example_nested_branch_dag.py
[2025-08-02T01:43:44.323+0000] {processor.py:830} INFO - Processing file /home/airflow/.local/lib/python3.8/site-packages/airflow/example_dags/example_nested_branch_dag.py for tasks to queue
[2025-08-02T01:43:44.326+0000] {logging_mixin.py:188} INFO - [2025-08-02T01:43:44.326+0000] {dagbag.py:540} INFO - Filling up the DagBag from /home/airflow/.local/lib/python3.8/site-packages/airflow/example_dags/example_nested_branch_dag.py
[2025-08-02T01:43:44.346+0000] {processor.py:840} INFO - DAG(s) 'example_nested_branch_dag' retrieved from /home/airflow/.local/lib/python3.8/site-packages/airflow/example_dags/example_nested_branch_dag.py
[2025-08-02T01:43:44.399+0000] {logging_mixin.py:188} INFO - [2025-08-02T01:43:44.399+0000] {dag.py:3047} INFO - Sync 1 DAGs
[2025-08-02T01:43:44.423+0000] {logging_mixin.py:188} INFO - [2025-08-02T01:43:44.423+0000] {dag.py:3834} INFO - Setting next_dagrun for example_nested_branch_dag to 2025-08-01 00:00:00+00:00, run_after=2025-08-02 00:00:00+00:00
[2025-08-02T01:43:44.460+0000] {processor.py:183} INFO - Processing /home/airflow/.local/lib/python3.8/site-packages/airflow/example_dags/example_nested_branch_dag.py took 0.144 seconds
[2025-08-02T01:44:14.716+0000] {processor.py:161} INFO - Started process (PID=248) to work on /home/airflow/.local/lib/python3.8/site-packages/airflow/example_dags/example_nested_branch_dag.py
[2025-08-02T01:44:14.717+0000] {processor.py:830} INFO - Processing file /home/airflow/.local/lib/python3.8/site-packages/airflow/example_dags/example_nested_branch_dag.py for tasks to queue
[2025-08-02T01:44:14.719+0000] {logging_mixin.py:188} INFO - [2025-08-02T01:44:14.719+0000] {dagbag.py:540} INFO - Filling up the DagBag from /home/airflow/.local/lib/python3.8/site-packages/airflow/example_dags/example_nested_branch_dag.py
[2025-08-02T01:44:14.733+0000] {processor.py:840} INFO - DAG(s) 'example_nested_branch_dag' retrieved from /home/airflow/.local/lib/python3.8/site-packages/airflow/example_dags/example_nested_branch_dag.py
[2025-08-02T01:44:14.767+0000] {logging_mixin.py:188} INFO - [2025-08-02T01:44:14.767+0000] {dag.py:3047} INFO - Sync 1 DAGs
[2025-08-02T01:44:14.788+0000] {logging_mixin.py:188} INFO - [2025-08-02T01:44:14.788+0000] {dag.py:3834} INFO - Setting next_dagrun for example_nested_branch_dag to 2025-08-01 00:00:00+00:00, run_after=2025-08-02 00:00:00+00:00
[2025-08-02T01:44:14.807+0000] {processor.py:183} INFO - Processing /home/airflow/.local/lib/python3.8/site-packages/airflow/example_dags/example_nested_branch_dag.py took 0.097 seconds
[2025-08-02T01:44:45.503+0000] {processor.py:161} INFO - Started process (PID=304) to work on /home/airflow/.local/lib/python3.8/site-packages/airflow/example_dags/example_nested_branch_dag.py
[2025-08-02T01:44:45.506+0000] {processor.py:830} INFO - Processing file /home/airflow/.local/lib/python3.8/site-packages/airflow/example_dags/example_nested_branch_dag.py for tasks to queue
[2025-08-02T01:44:45.510+0000] {logging_mixin.py:188} INFO - [2025-08-02T01:44:45.510+0000] {dagbag.py:540} INFO - Filling up the DagBag from /home/airflow/.local/lib/python3.8/site-packages/airflow/example_dags/example_nested_branch_dag.py
[2025-08-02T01:44:45.539+0000] {processor.py:840} INFO - DAG(s) 'example_nested_branch_dag' retrieved from /home/airflow/.local/lib/python3.8/site-packages/airflow/example_dags/example_nested_branch_dag.py
[2025-08-02T01:44:45.568+0000] {logging_mixin.py:188} INFO - [2025-08-02T01:44:45.568+0000] {dag.py:3047} INFO - Sync 1 DAGs
[2025-08-02T01:44:45.601+0000] {logging_mixin.py:188} INFO - [2025-08-02T01:44:45.601+0000] {dag.py:3834} INFO - Setting next_dagrun for example_nested_branch_dag to 2025-08-01 00:00:00+00:00, run_after=2025-08-02 00:00:00+00:00
[2025-08-02T01:44:45.620+0000] {processor.py:183} INFO - Processing /home/airflow/.local/lib/python3.8/site-packages/airflow/example_dags/example_nested_branch_dag.py took 0.127 seconds
[2025-08-02T01:45:15.697+0000] {processor.py:161} INFO - Started process (PID=360) to work on /home/airflow/.local/lib/python3.8/site-packages/airflow/example_dags/example_nested_branch_dag.py
[2025-08-02T01:45:15.704+0000] {processor.py:830} INFO - Processing file /home/airflow/.local/lib/python3.8/site-packages/airflow/example_dags/example_nested_branch_dag.py for tasks to queue
[2025-08-02T01:45:15.709+0000] {logging_mixin.py:188} INFO - [2025-08-02T01:45:15.709+0000] {dagbag.py:540} INFO - Filling up the DagBag from /home/airflow/.local/lib/python3.8/site-packages/airflow/example_dags/example_nested_branch_dag.py
[2025-08-02T01:45:15.726+0000] {processor.py:840} INFO - DAG(s) 'example_nested_branch_dag' retrieved from /home/airflow/.local/lib/python3.8/site-packages/airflow/example_dags/example_nested_branch_dag.py
[2025-08-02T01:45:15.768+0000] {logging_mixin.py:188} INFO - [2025-08-02T01:45:15.767+0000] {dag.py:3047} INFO - Sync 1 DAGs
[2025-08-02T01:45:15.809+0000] {logging_mixin.py:188} INFO - [2025-08-02T01:45:15.808+0000] {dag.py:3834} INFO - Setting next_dagrun for example_nested_branch_dag to 2025-08-01 00:00:00+00:00, run_after=2025-08-02 00:00:00+00:00
[2025-08-02T01:45:15.831+0000] {processor.py:183} INFO - Processing /home/airflow/.local/lib/python3.8/site-packages/airflow/example_dags/example_nested_branch_dag.py took 0.158 seconds
[2025-08-02T01:45:46.739+0000] {processor.py:161} INFO - Started process (PID=416) to work on /home/airflow/.local/lib/python3.8/site-packages/airflow/example_dags/example_nested_branch_dag.py
[2025-08-02T01:45:46.742+0000] {processor.py:830} INFO - Processing file /home/airflow/.local/lib/python3.8/site-packages/airflow/example_dags/example_nested_branch_dag.py for tasks to queue
[2025-08-02T01:45:46.748+0000] {logging_mixin.py:188} INFO - [2025-08-02T01:45:46.747+0000] {dagbag.py:540} INFO - Filling up the DagBag from /home/airflow/.local/lib/python3.8/site-packages/airflow/example_dags/example_nested_branch_dag.py
[2025-08-02T01:45:46.832+0000] {processor.py:840} INFO - DAG(s) 'example_nested_branch_dag' retrieved from /home/airflow/.local/lib/python3.8/site-packages/airflow/example_dags/example_nested_branch_dag.py
[2025-08-02T01:45:46.897+0000] {logging_mixin.py:188} INFO - [2025-08-02T01:45:46.895+0000] {dag.py:3047} INFO - Sync 1 DAGs
[2025-08-02T01:45:46.928+0000] {logging_mixin.py:188} INFO - [2025-08-02T01:45:46.928+0000] {dag.py:3834} INFO - Setting next_dagrun for example_nested_branch_dag to 2025-08-01 00:00:00+00:00, run_after=2025-08-02 00:00:00+00:00
[2025-08-02T01:45:46.953+0000] {processor.py:183} INFO - Processing /home/airflow/.local/lib/python3.8/site-packages/airflow/example_dags/example_nested_branch_dag.py took 0.235 seconds
[2025-08-02T01:46:17.392+0000] {processor.py:161} INFO - Started process (PID=473) to work on /home/airflow/.local/lib/python3.8/site-packages/airflow/example_dags/example_nested_branch_dag.py
[2025-08-02T01:46:17.393+0000] {processor.py:830} INFO - Processing file /home/airflow/.local/lib/python3.8/site-packages/airflow/example_dags/example_nested_branch_dag.py for tasks to queue
[2025-08-02T01:46:17.395+0000] {logging_mixin.py:188} INFO - [2025-08-02T01:46:17.394+0000] {dagbag.py:540} INFO - Filling up the DagBag from /home/airflow/.local/lib/python3.8/site-packages/airflow/example_dags/example_nested_branch_dag.py
[2025-08-02T01:46:17.405+0000] {processor.py:840} INFO - DAG(s) 'example_nested_branch_dag' retrieved from /home/airflow/.local/lib/python3.8/site-packages/airflow/example_dags/example_nested_branch_dag.py
[2025-08-02T01:46:17.445+0000] {logging_mixin.py:188} INFO - [2025-08-02T01:46:17.445+0000] {dag.py:3047} INFO - Sync 1 DAGs
[2025-08-02T01:46:17.465+0000] {logging_mixin.py:188} INFO - [2025-08-02T01:46:17.465+0000] {dag.py:3834} INFO - Setting next_dagrun for example_nested_branch_dag to 2025-08-01 00:00:00+00:00, run_after=2025-08-02 00:00:00+00:00
[2025-08-02T01:46:17.479+0000] {processor.py:183} INFO - Processing /home/airflow/.local/lib/python3.8/site-packages/airflow/example_dags/example_nested_branch_dag.py took 0.093 seconds
[2025-08-02T01:46:48.368+0000] {processor.py:161} INFO - Started process (PID=530) to work on /home/airflow/.local/lib/python3.8/site-packages/airflow/example_dags/example_nested_branch_dag.py
[2025-08-02T01:46:48.370+0000] {processor.py:830} INFO - Processing file /home/airflow/.local/lib/python3.8/site-packages/airflow/example_dags/example_nested_branch_dag.py for tasks to queue
[2025-08-02T01:46:48.372+0000] {logging_mixin.py:188} INFO - [2025-08-02T01:46:48.372+0000] {dagbag.py:540} INFO - Filling up the DagBag from /home/airflow/.local/lib/python3.8/site-packages/airflow/example_dags/example_nested_branch_dag.py
[2025-08-02T01:46:48.399+0000] {processor.py:840} INFO - DAG(s) 'example_nested_branch_dag' retrieved from /home/airflow/.local/lib/python3.8/site-packages/airflow/example_dags/example_nested_branch_dag.py
[2025-08-02T01:46:48.441+0000] {logging_mixin.py:188} INFO - [2025-08-02T01:46:48.441+0000] {dag.py:3047} INFO - Sync 1 DAGs
[2025-08-02T01:46:48.465+0000] {logging_mixin.py:188} INFO - [2025-08-02T01:46:48.464+0000] {dag.py:3834} INFO - Setting next_dagrun for example_nested_branch_dag to 2025-08-01 00:00:00+00:00, run_after=2025-08-02 00:00:00+00:00
[2025-08-02T01:46:48.486+0000] {processor.py:183} INFO - Processing /home/airflow/.local/lib/python3.8/site-packages/airflow/example_dags/example_nested_branch_dag.py took 0.122 seconds
[2025-08-02T01:47:18.837+0000] {processor.py:161} INFO - Started process (PID=586) to work on /home/airflow/.local/lib/python3.8/site-packages/airflow/example_dags/example_nested_branch_dag.py
[2025-08-02T01:47:18.845+0000] {processor.py:830} INFO - Processing file /home/airflow/.local/lib/python3.8/site-packages/airflow/example_dags/example_nested_branch_dag.py for tasks to queue
[2025-08-02T01:47:18.849+0000] {logging_mixin.py:188} INFO - [2025-08-02T01:47:18.848+0000] {dagbag.py:540} INFO - Filling up the DagBag from /home/airflow/.local/lib/python3.8/site-packages/airflow/example_dags/example_nested_branch_dag.py
[2025-08-02T01:47:18.871+0000] {processor.py:840} INFO - DAG(s) 'example_nested_branch_dag' retrieved from /home/airflow/.local/lib/python3.8/site-packages/airflow/example_dags/example_nested_branch_dag.py
[2025-08-02T01:47:18.919+0000] {logging_mixin.py:188} INFO - [2025-08-02T01:47:18.919+0000] {dag.py:3047} INFO - Sync 1 DAGs
[2025-08-02T01:47:18.955+0000] {logging_mixin.py:188} INFO - [2025-08-02T01:47:18.955+0000] {dag.py:3834} INFO - Setting next_dagrun for example_nested_branch_dag to 2025-08-01 00:00:00+00:00, run_after=2025-08-02 00:00:00+00:00
[2025-08-02T01:47:18.974+0000] {processor.py:183} INFO - Processing /home/airflow/.local/lib/python3.8/site-packages/airflow/example_dags/example_nested_branch_dag.py took 0.158 seconds
[2025-08-02T01:47:49.230+0000] {processor.py:161} INFO - Started process (PID=642) to work on /home/airflow/.local/lib/python3.8/site-packages/airflow/example_dags/example_nested_branch_dag.py
[2025-08-02T01:47:49.237+0000] {processor.py:830} INFO - Processing file /home/airflow/.local/lib/python3.8/site-packages/airflow/example_dags/example_nested_branch_dag.py for tasks to queue
[2025-08-02T01:47:49.249+0000] {logging_mixin.py:188} INFO - [2025-08-02T01:47:49.249+0000] {dagbag.py:540} INFO - Filling up the DagBag from /home/airflow/.local/lib/python3.8/site-packages/airflow/example_dags/example_nested_branch_dag.py
[2025-08-02T01:47:49.263+0000] {processor.py:840} INFO - DAG(s) 'example_nested_branch_dag' retrieved from /home/airflow/.local/lib/python3.8/site-packages/airflow/example_dags/example_nested_branch_dag.py
[2025-08-02T01:47:49.295+0000] {logging_mixin.py:188} INFO - [2025-08-02T01:47:49.295+0000] {dag.py:3047} INFO - Sync 1 DAGs
[2025-08-02T01:47:49.312+0000] {logging_mixin.py:188} INFO - [2025-08-02T01:47:49.312+0000] {dag.py:3834} INFO - Setting next_dagrun for example_nested_branch_dag to 2025-08-01 00:00:00+00:00, run_after=2025-08-02 00:00:00+00:00
[2025-08-02T01:47:49.357+0000] {processor.py:183} INFO - Processing /home/airflow/.local/lib/python3.8/site-packages/airflow/example_dags/example_nested_branch_dag.py took 0.135 seconds
[2025-08-02T01:48:19.524+0000] {processor.py:161} INFO - Started process (PID=698) to work on /home/airflow/.local/lib/python3.8/site-packages/airflow/example_dags/example_nested_branch_dag.py
[2025-08-02T01:48:19.525+0000] {processor.py:830} INFO - Processing file /home/airflow/.local/lib/python3.8/site-packages/airflow/example_dags/example_nested_branch_dag.py for tasks to queue
[2025-08-02T01:48:19.528+0000] {logging_mixin.py:188} INFO - [2025-08-02T01:48:19.528+0000] {dagbag.py:540} INFO - Filling up the DagBag from /home/airflow/.local/lib/python3.8/site-packages/airflow/example_dags/example_nested_branch_dag.py
[2025-08-02T01:48:19.541+0000] {processor.py:840} INFO - DAG(s) 'example_nested_branch_dag' retrieved from /home/airflow/.local/lib/python3.8/site-packages/airflow/example_dags/example_nested_branch_dag.py
[2025-08-02T01:48:19.562+0000] {logging_mixin.py:188} INFO - [2025-08-02T01:48:19.561+0000] {dag.py:3047} INFO - Sync 1 DAGs
[2025-08-02T01:48:19.593+0000] {logging_mixin.py:188} INFO - [2025-08-02T01:48:19.593+0000] {dag.py:3834} INFO - Setting next_dagrun for example_nested_branch_dag to 2025-08-01 00:00:00+00:00, run_after=2025-08-02 00:00:00+00:00
[2025-08-02T01:48:19.610+0000] {processor.py:183} INFO - Processing /home/airflow/.local/lib/python3.8/site-packages/airflow/example_dags/example_nested_branch_dag.py took 0.091 seconds
[2025-08-02T01:48:50.051+0000] {processor.py:161} INFO - Started process (PID=754) to work on /home/airflow/.local/lib/python3.8/site-packages/airflow/example_dags/example_nested_branch_dag.py
[2025-08-02T01:48:50.056+0000] {processor.py:830} INFO - Processing file /home/airflow/.local/lib/python3.8/site-packages/airflow/example_dags/example_nested_branch_dag.py for tasks to queue
[2025-08-02T01:48:50.059+0000] {logging_mixin.py:188} INFO - [2025-08-02T01:48:50.059+0000] {dagbag.py:540} INFO - Filling up the DagBag from /home/airflow/.local/lib/python3.8/site-packages/airflow/example_dags/example_nested_branch_dag.py
[2025-08-02T01:48:50.072+0000] {processor.py:840} INFO - DAG(s) 'example_nested_branch_dag' retrieved from /home/airflow/.local/lib/python3.8/site-packages/airflow/example_dags/example_nested_branch_dag.py
[2025-08-02T01:48:50.103+0000] {logging_mixin.py:188} INFO - [2025-08-02T01:48:50.102+0000] {dag.py:3047} INFO - Sync 1 DAGs
[2025-08-02T01:48:50.120+0000] {logging_mixin.py:188} INFO - [2025-08-02T01:48:50.120+0000] {dag.py:3834} INFO - Setting next_dagrun for example_nested_branch_dag to 2025-08-01 00:00:00+00:00, run_after=2025-08-02 00:00:00+00:00
[2025-08-02T01:48:50.133+0000] {processor.py:183} INFO - Processing /home/airflow/.local/lib/python3.8/site-packages/airflow/example_dags/example_nested_branch_dag.py took 0.088 seconds
[2025-08-02T01:49:20.794+0000] {processor.py:161} INFO - Started process (PID=810) to work on /home/airflow/.local/lib/python3.8/site-packages/airflow/example_dags/example_nested_branch_dag.py
[2025-08-02T01:49:20.796+0000] {processor.py:830} INFO - Processing file /home/airflow/.local/lib/python3.8/site-packages/airflow/example_dags/example_nested_branch_dag.py for tasks to queue
[2025-08-02T01:49:20.798+0000] {logging_mixin.py:188} INFO - [2025-08-02T01:49:20.798+0000] {dagbag.py:540} INFO - Filling up the DagBag from /home/airflow/.local/lib/python3.8/site-packages/airflow/example_dags/example_nested_branch_dag.py
[2025-08-02T01:49:20.808+0000] {processor.py:840} INFO - DAG(s) 'example_nested_branch_dag' retrieved from /home/airflow/.local/lib/python3.8/site-packages/airflow/example_dags/example_nested_branch_dag.py
[2025-08-02T01:49:20.833+0000] {logging_mixin.py:188} INFO - [2025-08-02T01:49:20.833+0000] {dag.py:3047} INFO - Sync 1 DAGs
[2025-08-02T01:49:20.853+0000] {logging_mixin.py:188} INFO - [2025-08-02T01:49:20.853+0000] {dag.py:3834} INFO - Setting next_dagrun for example_nested_branch_dag to 2025-08-01 00:00:00+00:00, run_after=2025-08-02 00:00:00+00:00
[2025-08-02T01:49:20.870+0000] {processor.py:183} INFO - Processing /home/airflow/.local/lib/python3.8/site-packages/airflow/example_dags/example_nested_branch_dag.py took 0.079 seconds
[2025-08-02T01:49:51.310+0000] {processor.py:161} INFO - Started process (PID=866) to work on /home/airflow/.local/lib/python3.8/site-packages/airflow/example_dags/example_nested_branch_dag.py
[2025-08-02T01:49:51.312+0000] {processor.py:830} INFO - Processing file /home/airflow/.local/lib/python3.8/site-packages/airflow/example_dags/example_nested_branch_dag.py for tasks to queue
[2025-08-02T01:49:51.315+0000] {logging_mixin.py:188} INFO - [2025-08-02T01:49:51.315+0000] {dagbag.py:540} INFO - Filling up the DagBag from /home/airflow/.local/lib/python3.8/site-packages/airflow/example_dags/example_nested_branch_dag.py
[2025-08-02T01:49:51.364+0000] {processor.py:840} INFO - DAG(s) 'example_nested_branch_dag' retrieved from /home/airflow/.local/lib/python3.8/site-packages/airflow/example_dags/example_nested_branch_dag.py
[2025-08-02T01:49:51.486+0000] {logging_mixin.py:188} INFO - [2025-08-02T01:49:51.484+0000] {dag.py:3047} INFO - Sync 1 DAGs
[2025-08-02T01:49:51.534+0000] {logging_mixin.py:188} INFO - [2025-08-02T01:49:51.533+0000] {dag.py:3834} INFO - Setting next_dagrun for example_nested_branch_dag to 2025-08-01 00:00:00+00:00, run_after=2025-08-02 00:00:00+00:00
[2025-08-02T01:49:51.624+0000] {processor.py:183} INFO - Processing /home/airflow/.local/lib/python3.8/site-packages/airflow/example_dags/example_nested_branch_dag.py took 0.319 seconds
[2025-08-02T01:50:24.323+0000] {processor.py:161} INFO - Started process (PID=922) to work on /home/airflow/.local/lib/python3.8/site-packages/airflow/example_dags/example_nested_branch_dag.py
[2025-08-02T01:50:24.326+0000] {processor.py:830} INFO - Processing file /home/airflow/.local/lib/python3.8/site-packages/airflow/example_dags/example_nested_branch_dag.py for tasks to queue
[2025-08-02T01:50:24.333+0000] {logging_mixin.py:188} INFO - [2025-08-02T01:50:24.329+0000] {dagbag.py:540} INFO - Filling up the DagBag from /home/airflow/.local/lib/python3.8/site-packages/airflow/example_dags/example_nested_branch_dag.py
[2025-08-02T01:50:24.402+0000] {processor.py:840} INFO - DAG(s) 'example_nested_branch_dag' retrieved from /home/airflow/.local/lib/python3.8/site-packages/airflow/example_dags/example_nested_branch_dag.py
[2025-08-02T01:50:24.658+0000] {logging_mixin.py:188} INFO - [2025-08-02T01:50:24.652+0000] {dag.py:3047} INFO - Sync 1 DAGs
[2025-08-02T01:50:24.742+0000] {logging_mixin.py:188} INFO - [2025-08-02T01:50:24.737+0000] {dag.py:3834} INFO - Setting next_dagrun for example_nested_branch_dag to 2025-08-01 00:00:00+00:00, run_after=2025-08-02 00:00:00+00:00
[2025-08-02T01:50:25.016+0000] {processor.py:183} INFO - Processing /home/airflow/.local/lib/python3.8/site-packages/airflow/example_dags/example_nested_branch_dag.py took 0.698 seconds
[2025-08-02T01:50:55.168+0000] {processor.py:161} INFO - Started process (PID=978) to work on /home/airflow/.local/lib/python3.8/site-packages/airflow/example_dags/example_nested_branch_dag.py
[2025-08-02T01:50:55.171+0000] {processor.py:830} INFO - Processing file /home/airflow/.local/lib/python3.8/site-packages/airflow/example_dags/example_nested_branch_dag.py for tasks to queue
[2025-08-02T01:50:55.174+0000] {logging_mixin.py:188} INFO - [2025-08-02T01:50:55.173+0000] {dagbag.py:540} INFO - Filling up the DagBag from /home/airflow/.local/lib/python3.8/site-packages/airflow/example_dags/example_nested_branch_dag.py
[2025-08-02T01:50:55.184+0000] {processor.py:840} INFO - DAG(s) 'example_nested_branch_dag' retrieved from /home/airflow/.local/lib/python3.8/site-packages/airflow/example_dags/example_nested_branch_dag.py
[2025-08-02T01:50:55.198+0000] {logging_mixin.py:188} INFO - [2025-08-02T01:50:55.198+0000] {dag.py:3047} INFO - Sync 1 DAGs
[2025-08-02T01:50:55.214+0000] {logging_mixin.py:188} INFO - [2025-08-02T01:50:55.214+0000] {dag.py:3834} INFO - Setting next_dagrun for example_nested_branch_dag to 2025-08-01 00:00:00+00:00, run_after=2025-08-02 00:00:00+00:00
[2025-08-02T01:50:55.225+0000] {processor.py:183} INFO - Processing /home/airflow/.local/lib/python3.8/site-packages/airflow/example_dags/example_nested_branch_dag.py took 0.066 seconds
[2025-08-02T01:51:25.506+0000] {processor.py:161} INFO - Started process (PID=1034) to work on /home/airflow/.local/lib/python3.8/site-packages/airflow/example_dags/example_nested_branch_dag.py
[2025-08-02T01:51:25.511+0000] {processor.py:830} INFO - Processing file /home/airflow/.local/lib/python3.8/site-packages/airflow/example_dags/example_nested_branch_dag.py for tasks to queue
[2025-08-02T01:51:25.519+0000] {logging_mixin.py:188} INFO - [2025-08-02T01:51:25.518+0000] {dagbag.py:540} INFO - Filling up the DagBag from /home/airflow/.local/lib/python3.8/site-packages/airflow/example_dags/example_nested_branch_dag.py
[2025-08-02T01:51:25.541+0000] {processor.py:840} INFO - DAG(s) 'example_nested_branch_dag' retrieved from /home/airflow/.local/lib/python3.8/site-packages/airflow/example_dags/example_nested_branch_dag.py
[2025-08-02T01:51:25.623+0000] {logging_mixin.py:188} INFO - [2025-08-02T01:51:25.622+0000] {dag.py:3047} INFO - Sync 1 DAGs
[2025-08-02T01:51:25.657+0000] {logging_mixin.py:188} INFO - [2025-08-02T01:51:25.656+0000] {dag.py:3834} INFO - Setting next_dagrun for example_nested_branch_dag to 2025-08-01 00:00:00+00:00, run_after=2025-08-02 00:00:00+00:00
[2025-08-02T01:51:25.677+0000] {processor.py:183} INFO - Processing /home/airflow/.local/lib/python3.8/site-packages/airflow/example_dags/example_nested_branch_dag.py took 0.183 seconds
[2025-08-02T01:51:56.467+0000] {processor.py:161} INFO - Started process (PID=1090) to work on /home/airflow/.local/lib/python3.8/site-packages/airflow/example_dags/example_nested_branch_dag.py
[2025-08-02T01:51:56.473+0000] {processor.py:830} INFO - Processing file /home/airflow/.local/lib/python3.8/site-packages/airflow/example_dags/example_nested_branch_dag.py for tasks to queue
[2025-08-02T01:51:56.475+0000] {logging_mixin.py:188} INFO - [2025-08-02T01:51:56.475+0000] {dagbag.py:540} INFO - Filling up the DagBag from /home/airflow/.local/lib/python3.8/site-packages/airflow/example_dags/example_nested_branch_dag.py
[2025-08-02T01:51:56.486+0000] {processor.py:840} INFO - DAG(s) 'example_nested_branch_dag' retrieved from /home/airflow/.local/lib/python3.8/site-packages/airflow/example_dags/example_nested_branch_dag.py
[2025-08-02T01:51:56.505+0000] {logging_mixin.py:188} INFO - [2025-08-02T01:51:56.505+0000] {dag.py:3047} INFO - Sync 1 DAGs
[2025-08-02T01:51:56.523+0000] {logging_mixin.py:188} INFO - [2025-08-02T01:51:56.522+0000] {dag.py:3834} INFO - Setting next_dagrun for example_nested_branch_dag to 2025-08-01 00:00:00+00:00, run_after=2025-08-02 00:00:00+00:00
[2025-08-02T01:51:56.536+0000] {processor.py:183} INFO - Processing /home/airflow/.local/lib/python3.8/site-packages/airflow/example_dags/example_nested_branch_dag.py took 0.073 seconds
[2025-08-02T01:52:27.244+0000] {processor.py:161} INFO - Started process (PID=1146) to work on /home/airflow/.local/lib/python3.8/site-packages/airflow/example_dags/example_nested_branch_dag.py
[2025-08-02T01:52:27.252+0000] {processor.py:830} INFO - Processing file /home/airflow/.local/lib/python3.8/site-packages/airflow/example_dags/example_nested_branch_dag.py for tasks to queue
[2025-08-02T01:52:27.270+0000] {logging_mixin.py:188} INFO - [2025-08-02T01:52:27.266+0000] {dagbag.py:540} INFO - Filling up the DagBag from /home/airflow/.local/lib/python3.8/site-packages/airflow/example_dags/example_nested_branch_dag.py
[2025-08-02T01:52:27.307+0000] {processor.py:840} INFO - DAG(s) 'example_nested_branch_dag' retrieved from /home/airflow/.local/lib/python3.8/site-packages/airflow/example_dags/example_nested_branch_dag.py
[2025-08-02T01:52:27.380+0000] {logging_mixin.py:188} INFO - [2025-08-02T01:52:27.380+0000] {dag.py:3047} INFO - Sync 1 DAGs
[2025-08-02T01:52:27.417+0000] {logging_mixin.py:188} INFO - [2025-08-02T01:52:27.417+0000] {dag.py:3834} INFO - Setting next_dagrun for example_nested_branch_dag to 2025-08-01 00:00:00+00:00, run_after=2025-08-02 00:00:00+00:00
[2025-08-02T01:52:27.445+0000] {processor.py:183} INFO - Processing /home/airflow/.local/lib/python3.8/site-packages/airflow/example_dags/example_nested_branch_dag.py took 0.233 seconds
[2025-08-02T01:52:57.801+0000] {processor.py:161} INFO - Started process (PID=1202) to work on /home/airflow/.local/lib/python3.8/site-packages/airflow/example_dags/example_nested_branch_dag.py
[2025-08-02T01:52:57.802+0000] {processor.py:830} INFO - Processing file /home/airflow/.local/lib/python3.8/site-packages/airflow/example_dags/example_nested_branch_dag.py for tasks to queue
[2025-08-02T01:52:57.804+0000] {logging_mixin.py:188} INFO - [2025-08-02T01:52:57.804+0000] {dagbag.py:540} INFO - Filling up the DagBag from /home/airflow/.local/lib/python3.8/site-packages/airflow/example_dags/example_nested_branch_dag.py
[2025-08-02T01:52:57.815+0000] {processor.py:840} INFO - DAG(s) 'example_nested_branch_dag' retrieved from /home/airflow/.local/lib/python3.8/site-packages/airflow/example_dags/example_nested_branch_dag.py
[2025-08-02T01:52:57.870+0000] {logging_mixin.py:188} INFO - [2025-08-02T01:52:57.869+0000] {dag.py:3047} INFO - Sync 1 DAGs
[2025-08-02T01:52:57.904+0000] {logging_mixin.py:188} INFO - [2025-08-02T01:52:57.903+0000] {dag.py:3834} INFO - Setting next_dagrun for example_nested_branch_dag to 2025-08-01 00:00:00+00:00, run_after=2025-08-02 00:00:00+00:00
[2025-08-02T01:52:57.920+0000] {processor.py:183} INFO - Processing /home/airflow/.local/lib/python3.8/site-packages/airflow/example_dags/example_nested_branch_dag.py took 0.123 seconds
[2025-08-02T01:53:29.381+0000] {processor.py:161} INFO - Started process (PID=1258) to work on /home/airflow/.local/lib/python3.8/site-packages/airflow/example_dags/example_nested_branch_dag.py
[2025-08-02T01:53:29.382+0000] {processor.py:830} INFO - Processing file /home/airflow/.local/lib/python3.8/site-packages/airflow/example_dags/example_nested_branch_dag.py for tasks to queue
[2025-08-02T01:53:29.385+0000] {logging_mixin.py:188} INFO - [2025-08-02T01:53:29.384+0000] {dagbag.py:540} INFO - Filling up the DagBag from /home/airflow/.local/lib/python3.8/site-packages/airflow/example_dags/example_nested_branch_dag.py
[2025-08-02T01:53:29.424+0000] {processor.py:840} INFO - DAG(s) 'example_nested_branch_dag' retrieved from /home/airflow/.local/lib/python3.8/site-packages/airflow/example_dags/example_nested_branch_dag.py
[2025-08-02T01:53:29.486+0000] {logging_mixin.py:188} INFO - [2025-08-02T01:53:29.485+0000] {dag.py:3047} INFO - Sync 1 DAGs
[2025-08-02T01:53:29.624+0000] {logging_mixin.py:188} INFO - [2025-08-02T01:53:29.624+0000] {dag.py:3834} INFO - Setting next_dagrun for example_nested_branch_dag to 2025-08-01 00:00:00+00:00, run_after=2025-08-02 00:00:00+00:00
[2025-08-02T01:53:29.708+0000] {processor.py:183} INFO - Processing /home/airflow/.local/lib/python3.8/site-packages/airflow/example_dags/example_nested_branch_dag.py took 0.330 seconds
[2025-08-02T01:54:00.476+0000] {processor.py:161} INFO - Started process (PID=1314) to work on /home/airflow/.local/lib/python3.8/site-packages/airflow/example_dags/example_nested_branch_dag.py
[2025-08-02T01:54:00.477+0000] {processor.py:830} INFO - Processing file /home/airflow/.local/lib/python3.8/site-packages/airflow/example_dags/example_nested_branch_dag.py for tasks to queue
[2025-08-02T01:54:00.478+0000] {logging_mixin.py:188} INFO - [2025-08-02T01:54:00.477+0000] {dagbag.py:540} INFO - Filling up the DagBag from /home/airflow/.local/lib/python3.8/site-packages/airflow/example_dags/example_nested_branch_dag.py
[2025-08-02T01:54:00.484+0000] {processor.py:840} INFO - DAG(s) 'example_nested_branch_dag' retrieved from /home/airflow/.local/lib/python3.8/site-packages/airflow/example_dags/example_nested_branch_dag.py
[2025-08-02T01:54:00.500+0000] {logging_mixin.py:188} INFO - [2025-08-02T01:54:00.500+0000] {dag.py:3047} INFO - Sync 1 DAGs
[2025-08-02T01:54:00.512+0000] {logging_mixin.py:188} INFO - [2025-08-02T01:54:00.512+0000] {dag.py:3834} INFO - Setting next_dagrun for example_nested_branch_dag to 2025-08-01 00:00:00+00:00, run_after=2025-08-02 00:00:00+00:00
[2025-08-02T01:54:00.521+0000] {processor.py:183} INFO - Processing /home/airflow/.local/lib/python3.8/site-packages/airflow/example_dags/example_nested_branch_dag.py took 0.048 seconds
[2025-08-02T01:54:31.180+0000] {processor.py:161} INFO - Started process (PID=1371) to work on /home/airflow/.local/lib/python3.8/site-packages/airflow/example_dags/example_nested_branch_dag.py
[2025-08-02T01:54:31.182+0000] {processor.py:830} INFO - Processing file /home/airflow/.local/lib/python3.8/site-packages/airflow/example_dags/example_nested_branch_dag.py for tasks to queue
[2025-08-02T01:54:31.185+0000] {logging_mixin.py:188} INFO - [2025-08-02T01:54:31.185+0000] {dagbag.py:540} INFO - Filling up the DagBag from /home/airflow/.local/lib/python3.8/site-packages/airflow/example_dags/example_nested_branch_dag.py
[2025-08-02T01:54:31.199+0000] {processor.py:840} INFO - DAG(s) 'example_nested_branch_dag' retrieved from /home/airflow/.local/lib/python3.8/site-packages/airflow/example_dags/example_nested_branch_dag.py
[2025-08-02T01:54:31.246+0000] {logging_mixin.py:188} INFO - [2025-08-02T01:54:31.246+0000] {dag.py:3047} INFO - Sync 1 DAGs
[2025-08-02T01:54:31.271+0000] {logging_mixin.py:188} INFO - [2025-08-02T01:54:31.270+0000] {dag.py:3834} INFO - Setting next_dagrun for example_nested_branch_dag to 2025-08-01 00:00:00+00:00, run_after=2025-08-02 00:00:00+00:00
[2025-08-02T01:54:31.311+0000] {processor.py:183} INFO - Processing /home/airflow/.local/lib/python3.8/site-packages/airflow/example_dags/example_nested_branch_dag.py took 0.138 seconds
[2025-08-02T01:55:01.881+0000] {processor.py:161} INFO - Started process (PID=1427) to work on /home/airflow/.local/lib/python3.8/site-packages/airflow/example_dags/example_nested_branch_dag.py
[2025-08-02T01:55:01.883+0000] {processor.py:830} INFO - Processing file /home/airflow/.local/lib/python3.8/site-packages/airflow/example_dags/example_nested_branch_dag.py for tasks to queue
[2025-08-02T01:55:01.884+0000] {logging_mixin.py:188} INFO - [2025-08-02T01:55:01.884+0000] {dagbag.py:540} INFO - Filling up the DagBag from /home/airflow/.local/lib/python3.8/site-packages/airflow/example_dags/example_nested_branch_dag.py
[2025-08-02T01:55:01.895+0000] {processor.py:840} INFO - DAG(s) 'example_nested_branch_dag' retrieved from /home/airflow/.local/lib/python3.8/site-packages/airflow/example_dags/example_nested_branch_dag.py
[2025-08-02T01:55:01.916+0000] {logging_mixin.py:188} INFO - [2025-08-02T01:55:01.916+0000] {dag.py:3047} INFO - Sync 1 DAGs
[2025-08-02T01:55:01.936+0000] {logging_mixin.py:188} INFO - [2025-08-02T01:55:01.935+0000] {dag.py:3834} INFO - Setting next_dagrun for example_nested_branch_dag to 2025-08-01 00:00:00+00:00, run_after=2025-08-02 00:00:00+00:00
[2025-08-02T01:55:01.950+0000] {processor.py:183} INFO - Processing /home/airflow/.local/lib/python3.8/site-packages/airflow/example_dags/example_nested_branch_dag.py took 0.071 seconds
[2025-08-02T01:55:33.164+0000] {processor.py:161} INFO - Started process (PID=1482) to work on /home/airflow/.local/lib/python3.8/site-packages/airflow/example_dags/example_nested_branch_dag.py
[2025-08-02T01:55:33.165+0000] {processor.py:830} INFO - Processing file /home/airflow/.local/lib/python3.8/site-packages/airflow/example_dags/example_nested_branch_dag.py for tasks to queue
[2025-08-02T01:55:33.167+0000] {logging_mixin.py:188} INFO - [2025-08-02T01:55:33.166+0000] {dagbag.py:540} INFO - Filling up the DagBag from /home/airflow/.local/lib/python3.8/site-packages/airflow/example_dags/example_nested_branch_dag.py
[2025-08-02T01:55:33.189+0000] {processor.py:840} INFO - DAG(s) 'example_nested_branch_dag' retrieved from /home/airflow/.local/lib/python3.8/site-packages/airflow/example_dags/example_nested_branch_dag.py
[2025-08-02T01:55:33.218+0000] {logging_mixin.py:188} INFO - [2025-08-02T01:55:33.218+0000] {dag.py:3047} INFO - Sync 1 DAGs
[2025-08-02T01:55:33.239+0000] {logging_mixin.py:188} INFO - [2025-08-02T01:55:33.238+0000] {dag.py:3834} INFO - Setting next_dagrun for example_nested_branch_dag to 2025-08-01 00:00:00+00:00, run_after=2025-08-02 00:00:00+00:00
[2025-08-02T01:55:33.257+0000] {processor.py:183} INFO - Processing /home/airflow/.local/lib/python3.8/site-packages/airflow/example_dags/example_nested_branch_dag.py took 0.098 seconds
[2025-08-02T01:56:03.314+0000] {processor.py:161} INFO - Started process (PID=1536) to work on /home/airflow/.local/lib/python3.8/site-packages/airflow/example_dags/example_nested_branch_dag.py
[2025-08-02T01:56:03.315+0000] {processor.py:830} INFO - Processing file /home/airflow/.local/lib/python3.8/site-packages/airflow/example_dags/example_nested_branch_dag.py for tasks to queue
[2025-08-02T01:56:03.316+0000] {logging_mixin.py:188} INFO - [2025-08-02T01:56:03.316+0000] {dagbag.py:540} INFO - Filling up the DagBag from /home/airflow/.local/lib/python3.8/site-packages/airflow/example_dags/example_nested_branch_dag.py
[2025-08-02T01:56:03.322+0000] {processor.py:840} INFO - DAG(s) 'example_nested_branch_dag' retrieved from /home/airflow/.local/lib/python3.8/site-packages/airflow/example_dags/example_nested_branch_dag.py
[2025-08-02T01:56:03.333+0000] {logging_mixin.py:188} INFO - [2025-08-02T01:56:03.333+0000] {dag.py:3047} INFO - Sync 1 DAGs
[2025-08-02T01:56:03.344+0000] {logging_mixin.py:188} INFO - [2025-08-02T01:56:03.344+0000] {dag.py:3834} INFO - Setting next_dagrun for example_nested_branch_dag to 2025-08-01 00:00:00+00:00, run_after=2025-08-02 00:00:00+00:00
[2025-08-02T01:56:03.354+0000] {processor.py:183} INFO - Processing /home/airflow/.local/lib/python3.8/site-packages/airflow/example_dags/example_nested_branch_dag.py took 0.042 seconds
[2025-08-02T01:56:34.735+0000] {processor.py:161} INFO - Started process (PID=1591) to work on /home/airflow/.local/lib/python3.8/site-packages/airflow/example_dags/example_nested_branch_dag.py
[2025-08-02T01:56:34.736+0000] {processor.py:830} INFO - Processing file /home/airflow/.local/lib/python3.8/site-packages/airflow/example_dags/example_nested_branch_dag.py for tasks to queue
[2025-08-02T01:56:34.739+0000] {logging_mixin.py:188} INFO - [2025-08-02T01:56:34.739+0000] {dagbag.py:540} INFO - Filling up the DagBag from /home/airflow/.local/lib/python3.8/site-packages/airflow/example_dags/example_nested_branch_dag.py
[2025-08-02T01:56:34.747+0000] {processor.py:840} INFO - DAG(s) 'example_nested_branch_dag' retrieved from /home/airflow/.local/lib/python3.8/site-packages/airflow/example_dags/example_nested_branch_dag.py
[2025-08-02T01:56:34.765+0000] {logging_mixin.py:188} INFO - [2025-08-02T01:56:34.765+0000] {dag.py:3047} INFO - Sync 1 DAGs
[2025-08-02T01:56:34.779+0000] {logging_mixin.py:188} INFO - [2025-08-02T01:56:34.779+0000] {dag.py:3834} INFO - Setting next_dagrun for example_nested_branch_dag to 2025-08-01 00:00:00+00:00, run_after=2025-08-02 00:00:00+00:00
[2025-08-02T01:56:34.790+0000] {processor.py:183} INFO - Processing /home/airflow/.local/lib/python3.8/site-packages/airflow/example_dags/example_nested_branch_dag.py took 0.057 seconds
[2025-08-02T01:57:06.383+0000] {processor.py:161} INFO - Started process (PID=1647) to work on /home/airflow/.local/lib/python3.8/site-packages/airflow/example_dags/example_nested_branch_dag.py
[2025-08-02T01:57:06.386+0000] {processor.py:830} INFO - Processing file /home/airflow/.local/lib/python3.8/site-packages/airflow/example_dags/example_nested_branch_dag.py for tasks to queue
[2025-08-02T01:57:06.388+0000] {logging_mixin.py:188} INFO - [2025-08-02T01:57:06.387+0000] {dagbag.py:540} INFO - Filling up the DagBag from /home/airflow/.local/lib/python3.8/site-packages/airflow/example_dags/example_nested_branch_dag.py
[2025-08-02T01:57:06.406+0000] {processor.py:840} INFO - DAG(s) 'example_nested_branch_dag' retrieved from /home/airflow/.local/lib/python3.8/site-packages/airflow/example_dags/example_nested_branch_dag.py
[2025-08-02T01:57:06.453+0000] {logging_mixin.py:188} INFO - [2025-08-02T01:57:06.453+0000] {dag.py:3047} INFO - Sync 1 DAGs
[2025-08-02T01:57:06.475+0000] {logging_mixin.py:188} INFO - [2025-08-02T01:57:06.475+0000] {dag.py:3834} INFO - Setting next_dagrun for example_nested_branch_dag to 2025-08-01 00:00:00+00:00, run_after=2025-08-02 00:00:00+00:00
[2025-08-02T01:57:06.496+0000] {processor.py:183} INFO - Processing /home/airflow/.local/lib/python3.8/site-packages/airflow/example_dags/example_nested_branch_dag.py took 0.117 seconds
[2025-08-02T01:57:46.873+0000] {processor.py:161} INFO - Started process (PID=1709) to work on /home/airflow/.local/lib/python3.8/site-packages/airflow/example_dags/example_nested_branch_dag.py
[2025-08-02T01:57:46.877+0000] {processor.py:830} INFO - Processing file /home/airflow/.local/lib/python3.8/site-packages/airflow/example_dags/example_nested_branch_dag.py for tasks to queue
[2025-08-02T01:57:46.883+0000] {logging_mixin.py:188} INFO - [2025-08-02T01:57:46.882+0000] {dagbag.py:540} INFO - Filling up the DagBag from /home/airflow/.local/lib/python3.8/site-packages/airflow/example_dags/example_nested_branch_dag.py
[2025-08-02T01:57:46.891+0000] {processor.py:840} INFO - DAG(s) 'example_nested_branch_dag' retrieved from /home/airflow/.local/lib/python3.8/site-packages/airflow/example_dags/example_nested_branch_dag.py
[2025-08-02T01:57:46.927+0000] {logging_mixin.py:188} INFO - [2025-08-02T01:57:46.927+0000] {dag.py:3047} INFO - Sync 1 DAGs
[2025-08-02T01:57:46.956+0000] {logging_mixin.py:188} INFO - [2025-08-02T01:57:46.956+0000] {dag.py:3834} INFO - Setting next_dagrun for example_nested_branch_dag to 2025-08-01 00:00:00+00:00, run_after=2025-08-02 00:00:00+00:00
[2025-08-02T01:57:46.983+0000] {processor.py:183} INFO - Processing /home/airflow/.local/lib/python3.8/site-packages/airflow/example_dags/example_nested_branch_dag.py took 0.114 seconds
[2025-08-02T01:58:18.588+0000] {processor.py:161} INFO - Started process (PID=1764) to work on /home/airflow/.local/lib/python3.8/site-packages/airflow/example_dags/example_nested_branch_dag.py
[2025-08-02T01:58:18.591+0000] {processor.py:830} INFO - Processing file /home/airflow/.local/lib/python3.8/site-packages/airflow/example_dags/example_nested_branch_dag.py for tasks to queue
[2025-08-02T01:58:18.596+0000] {logging_mixin.py:188} INFO - [2025-08-02T01:58:18.596+0000] {dagbag.py:540} INFO - Filling up the DagBag from /home/airflow/.local/lib/python3.8/site-packages/airflow/example_dags/example_nested_branch_dag.py
[2025-08-02T01:58:18.649+0000] {processor.py:840} INFO - DAG(s) 'example_nested_branch_dag' retrieved from /home/airflow/.local/lib/python3.8/site-packages/airflow/example_dags/example_nested_branch_dag.py
[2025-08-02T01:58:18.765+0000] {logging_mixin.py:188} INFO - [2025-08-02T01:58:18.764+0000] {dag.py:3047} INFO - Sync 1 DAGs
[2025-08-02T01:58:18.836+0000] {logging_mixin.py:188} INFO - [2025-08-02T01:58:18.836+0000] {dag.py:3834} INFO - Setting next_dagrun for example_nested_branch_dag to 2025-08-01 00:00:00+00:00, run_after=2025-08-02 00:00:00+00:00
[2025-08-02T01:58:18.898+0000] {processor.py:183} INFO - Processing /home/airflow/.local/lib/python3.8/site-packages/airflow/example_dags/example_nested_branch_dag.py took 0.323 seconds
[2025-08-02T01:58:49.529+0000] {processor.py:161} INFO - Started process (PID=1820) to work on /home/airflow/.local/lib/python3.8/site-packages/airflow/example_dags/example_nested_branch_dag.py
[2025-08-02T01:58:49.530+0000] {processor.py:830} INFO - Processing file /home/airflow/.local/lib/python3.8/site-packages/airflow/example_dags/example_nested_branch_dag.py for tasks to queue
[2025-08-02T01:58:49.533+0000] {logging_mixin.py:188} INFO - [2025-08-02T01:58:49.532+0000] {dagbag.py:540} INFO - Filling up the DagBag from /home/airflow/.local/lib/python3.8/site-packages/airflow/example_dags/example_nested_branch_dag.py
[2025-08-02T01:58:49.543+0000] {processor.py:840} INFO - DAG(s) 'example_nested_branch_dag' retrieved from /home/airflow/.local/lib/python3.8/site-packages/airflow/example_dags/example_nested_branch_dag.py
[2025-08-02T01:58:49.561+0000] {logging_mixin.py:188} INFO - [2025-08-02T01:58:49.561+0000] {dag.py:3047} INFO - Sync 1 DAGs
[2025-08-02T01:58:49.581+0000] {logging_mixin.py:188} INFO - [2025-08-02T01:58:49.581+0000] {dag.py:3834} INFO - Setting next_dagrun for example_nested_branch_dag to 2025-08-01 00:00:00+00:00, run_after=2025-08-02 00:00:00+00:00
[2025-08-02T01:58:49.596+0000] {processor.py:183} INFO - Processing /home/airflow/.local/lib/python3.8/site-packages/airflow/example_dags/example_nested_branch_dag.py took 0.073 seconds
[2025-08-02T01:59:19.841+0000] {processor.py:161} INFO - Started process (PID=1876) to work on /home/airflow/.local/lib/python3.8/site-packages/airflow/example_dags/example_nested_branch_dag.py
[2025-08-02T01:59:19.843+0000] {processor.py:830} INFO - Processing file /home/airflow/.local/lib/python3.8/site-packages/airflow/example_dags/example_nested_branch_dag.py for tasks to queue
[2025-08-02T01:59:19.844+0000] {logging_mixin.py:188} INFO - [2025-08-02T01:59:19.844+0000] {dagbag.py:540} INFO - Filling up the DagBag from /home/airflow/.local/lib/python3.8/site-packages/airflow/example_dags/example_nested_branch_dag.py
[2025-08-02T01:59:19.855+0000] {processor.py:840} INFO - DAG(s) 'example_nested_branch_dag' retrieved from /home/airflow/.local/lib/python3.8/site-packages/airflow/example_dags/example_nested_branch_dag.py
[2025-08-02T01:59:19.873+0000] {logging_mixin.py:188} INFO - [2025-08-02T01:59:19.873+0000] {dag.py:3047} INFO - Sync 1 DAGs
[2025-08-02T01:59:19.890+0000] {logging_mixin.py:188} INFO - [2025-08-02T01:59:19.890+0000] {dag.py:3834} INFO - Setting next_dagrun for example_nested_branch_dag to 2025-08-01 00:00:00+00:00, run_after=2025-08-02 00:00:00+00:00
[2025-08-02T01:59:19.911+0000] {processor.py:183} INFO - Processing /home/airflow/.local/lib/python3.8/site-packages/airflow/example_dags/example_nested_branch_dag.py took 0.076 seconds
[2025-08-02T01:59:50.621+0000] {processor.py:161} INFO - Started process (PID=1932) to work on /home/airflow/.local/lib/python3.8/site-packages/airflow/example_dags/example_nested_branch_dag.py
[2025-08-02T01:59:50.625+0000] {processor.py:830} INFO - Processing file /home/airflow/.local/lib/python3.8/site-packages/airflow/example_dags/example_nested_branch_dag.py for tasks to queue
[2025-08-02T01:59:50.626+0000] {logging_mixin.py:188} INFO - [2025-08-02T01:59:50.626+0000] {dagbag.py:540} INFO - Filling up the DagBag from /home/airflow/.local/lib/python3.8/site-packages/airflow/example_dags/example_nested_branch_dag.py
[2025-08-02T01:59:50.635+0000] {processor.py:840} INFO - DAG(s) 'example_nested_branch_dag' retrieved from /home/airflow/.local/lib/python3.8/site-packages/airflow/example_dags/example_nested_branch_dag.py
[2025-08-02T01:59:50.654+0000] {logging_mixin.py:188} INFO - [2025-08-02T01:59:50.654+0000] {dag.py:3047} INFO - Sync 1 DAGs
[2025-08-02T01:59:50.669+0000] {logging_mixin.py:188} INFO - [2025-08-02T01:59:50.669+0000] {dag.py:3834} INFO - Setting next_dagrun for example_nested_branch_dag to 2025-08-01 00:00:00+00:00, run_after=2025-08-02 00:00:00+00:00
[2025-08-02T01:59:50.688+0000] {processor.py:183} INFO - Processing /home/airflow/.local/lib/python3.8/site-packages/airflow/example_dags/example_nested_branch_dag.py took 0.072 seconds
[2025-08-02T02:00:21.298+0000] {processor.py:161} INFO - Started process (PID=1988) to work on /home/airflow/.local/lib/python3.8/site-packages/airflow/example_dags/example_nested_branch_dag.py
[2025-08-02T02:00:21.302+0000] {processor.py:830} INFO - Processing file /home/airflow/.local/lib/python3.8/site-packages/airflow/example_dags/example_nested_branch_dag.py for tasks to queue
[2025-08-02T02:00:21.308+0000] {logging_mixin.py:188} INFO - [2025-08-02T02:00:21.307+0000] {dagbag.py:540} INFO - Filling up the DagBag from /home/airflow/.local/lib/python3.8/site-packages/airflow/example_dags/example_nested_branch_dag.py
[2025-08-02T02:00:21.318+0000] {processor.py:840} INFO - DAG(s) 'example_nested_branch_dag' retrieved from /home/airflow/.local/lib/python3.8/site-packages/airflow/example_dags/example_nested_branch_dag.py
[2025-08-02T02:00:21.351+0000] {logging_mixin.py:188} INFO - [2025-08-02T02:00:21.351+0000] {dag.py:3047} INFO - Sync 1 DAGs
[2025-08-02T02:00:21.422+0000] {logging_mixin.py:188} INFO - [2025-08-02T02:00:21.422+0000] {dag.py:3834} INFO - Setting next_dagrun for example_nested_branch_dag to 2025-08-01 00:00:00+00:00, run_after=2025-08-02 00:00:00+00:00
[2025-08-02T02:00:21.473+0000] {processor.py:183} INFO - Processing /home/airflow/.local/lib/python3.8/site-packages/airflow/example_dags/example_nested_branch_dag.py took 0.184 seconds
[2025-08-02T02:01:04.964+0000] {processor.py:161} INFO - Started process (PID=2044) to work on /home/airflow/.local/lib/python3.8/site-packages/airflow/example_dags/example_nested_branch_dag.py
[2025-08-02T02:01:04.968+0000] {processor.py:830} INFO - Processing file /home/airflow/.local/lib/python3.8/site-packages/airflow/example_dags/example_nested_branch_dag.py for tasks to queue
[2025-08-02T02:01:04.985+0000] {logging_mixin.py:188} INFO - [2025-08-02T02:01:04.983+0000] {dagbag.py:540} INFO - Filling up the DagBag from /home/airflow/.local/lib/python3.8/site-packages/airflow/example_dags/example_nested_branch_dag.py
[2025-08-02T02:01:05.040+0000] {processor.py:840} INFO - DAG(s) 'example_nested_branch_dag' retrieved from /home/airflow/.local/lib/python3.8/site-packages/airflow/example_dags/example_nested_branch_dag.py
[2025-08-02T02:01:05.142+0000] {logging_mixin.py:188} INFO - [2025-08-02T02:01:05.141+0000] {dag.py:3047} INFO - Sync 1 DAGs
[2025-08-02T02:01:05.248+0000] {logging_mixin.py:188} INFO - [2025-08-02T02:01:05.246+0000] {dag.py:3834} INFO - Setting next_dagrun for example_nested_branch_dag to 2025-08-01 00:00:00+00:00, run_after=2025-08-02 00:00:00+00:00
[2025-08-02T02:01:05.377+0000] {processor.py:183} INFO - Processing /home/airflow/.local/lib/python3.8/site-packages/airflow/example_dags/example_nested_branch_dag.py took 0.432 seconds
[2025-08-02T02:01:35.999+0000] {processor.py:161} INFO - Started process (PID=2100) to work on /home/airflow/.local/lib/python3.8/site-packages/airflow/example_dags/example_nested_branch_dag.py
[2025-08-02T02:01:36.002+0000] {processor.py:830} INFO - Processing file /home/airflow/.local/lib/python3.8/site-packages/airflow/example_dags/example_nested_branch_dag.py for tasks to queue
[2025-08-02T02:01:36.004+0000] {logging_mixin.py:188} INFO - [2025-08-02T02:01:36.004+0000] {dagbag.py:540} INFO - Filling up the DagBag from /home/airflow/.local/lib/python3.8/site-packages/airflow/example_dags/example_nested_branch_dag.py
[2025-08-02T02:01:36.015+0000] {processor.py:840} INFO - DAG(s) 'example_nested_branch_dag' retrieved from /home/airflow/.local/lib/python3.8/site-packages/airflow/example_dags/example_nested_branch_dag.py
[2025-08-02T02:01:36.069+0000] {logging_mixin.py:188} INFO - [2025-08-02T02:01:36.069+0000] {dag.py:3047} INFO - Sync 1 DAGs
[2025-08-02T02:01:36.095+0000] {logging_mixin.py:188} INFO - [2025-08-02T02:01:36.095+0000] {dag.py:3834} INFO - Setting next_dagrun for example_nested_branch_dag to 2025-08-01 00:00:00+00:00, run_after=2025-08-02 00:00:00+00:00
[2025-08-02T02:01:36.113+0000] {processor.py:183} INFO - Processing /home/airflow/.local/lib/python3.8/site-packages/airflow/example_dags/example_nested_branch_dag.py took 0.120 seconds
[2025-08-02T02:02:32.465+0000] {processor.py:161} INFO - Started process (PID=2148) to work on /home/airflow/.local/lib/python3.8/site-packages/airflow/example_dags/example_nested_branch_dag.py
[2025-08-02T02:02:32.472+0000] {processor.py:830} INFO - Processing file /home/airflow/.local/lib/python3.8/site-packages/airflow/example_dags/example_nested_branch_dag.py for tasks to queue
[2025-08-02T02:02:32.479+0000] {logging_mixin.py:188} INFO - [2025-08-02T02:02:32.478+0000] {dagbag.py:540} INFO - Filling up the DagBag from /home/airflow/.local/lib/python3.8/site-packages/airflow/example_dags/example_nested_branch_dag.py
[2025-08-02T02:02:32.547+0000] {processor.py:840} INFO - DAG(s) 'example_nested_branch_dag' retrieved from /home/airflow/.local/lib/python3.8/site-packages/airflow/example_dags/example_nested_branch_dag.py
[2025-08-02T02:02:32.676+0000] {logging_mixin.py:188} INFO - [2025-08-02T02:02:32.675+0000] {dag.py:3047} INFO - Sync 1 DAGs
[2025-08-02T02:02:32.821+0000] {logging_mixin.py:188} INFO - [2025-08-02T02:02:32.819+0000] {dag.py:3834} INFO - Setting next_dagrun for example_nested_branch_dag to 2025-08-01 00:00:00+00:00, run_after=2025-08-02 00:00:00+00:00
[2025-08-02T02:02:32.941+0000] {processor.py:183} INFO - Processing /home/airflow/.local/lib/python3.8/site-packages/airflow/example_dags/example_nested_branch_dag.py took 0.489 seconds
[2025-08-02T02:03:10.749+0000] {processor.py:161} INFO - Started process (PID=2204) to work on /home/airflow/.local/lib/python3.8/site-packages/airflow/example_dags/example_nested_branch_dag.py
[2025-08-02T02:03:10.752+0000] {processor.py:830} INFO - Processing file /home/airflow/.local/lib/python3.8/site-packages/airflow/example_dags/example_nested_branch_dag.py for tasks to queue
[2025-08-02T02:03:10.756+0000] {logging_mixin.py:188} INFO - [2025-08-02T02:03:10.755+0000] {dagbag.py:540} INFO - Filling up the DagBag from /home/airflow/.local/lib/python3.8/site-packages/airflow/example_dags/example_nested_branch_dag.py
[2025-08-02T02:03:10.817+0000] {processor.py:840} INFO - DAG(s) 'example_nested_branch_dag' retrieved from /home/airflow/.local/lib/python3.8/site-packages/airflow/example_dags/example_nested_branch_dag.py
[2025-08-02T02:03:10.888+0000] {logging_mixin.py:188} INFO - [2025-08-02T02:03:10.888+0000] {dag.py:3047} INFO - Sync 1 DAGs
[2025-08-02T02:03:10.998+0000] {logging_mixin.py:188} INFO - [2025-08-02T02:03:10.997+0000] {dag.py:3834} INFO - Setting next_dagrun for example_nested_branch_dag to 2025-08-01 00:00:00+00:00, run_after=2025-08-02 00:00:00+00:00
[2025-08-02T02:03:11.126+0000] {processor.py:183} INFO - Processing /home/airflow/.local/lib/python3.8/site-packages/airflow/example_dags/example_nested_branch_dag.py took 0.386 seconds
[2025-08-02T02:03:42.005+0000] {processor.py:161} INFO - Started process (PID=2260) to work on /home/airflow/.local/lib/python3.8/site-packages/airflow/example_dags/example_nested_branch_dag.py
[2025-08-02T02:03:42.007+0000] {processor.py:830} INFO - Processing file /home/airflow/.local/lib/python3.8/site-packages/airflow/example_dags/example_nested_branch_dag.py for tasks to queue
[2025-08-02T02:03:42.010+0000] {logging_mixin.py:188} INFO - [2025-08-02T02:03:42.009+0000] {dagbag.py:540} INFO - Filling up the DagBag from /home/airflow/.local/lib/python3.8/site-packages/airflow/example_dags/example_nested_branch_dag.py
[2025-08-02T02:03:42.018+0000] {processor.py:840} INFO - DAG(s) 'example_nested_branch_dag' retrieved from /home/airflow/.local/lib/python3.8/site-packages/airflow/example_dags/example_nested_branch_dag.py
[2025-08-02T02:03:42.039+0000] {logging_mixin.py:188} INFO - [2025-08-02T02:03:42.038+0000] {dag.py:3047} INFO - Sync 1 DAGs
[2025-08-02T02:03:42.073+0000] {logging_mixin.py:188} INFO - [2025-08-02T02:03:42.073+0000] {dag.py:3834} INFO - Setting next_dagrun for example_nested_branch_dag to 2025-08-01 00:00:00+00:00, run_after=2025-08-02 00:00:00+00:00
[2025-08-02T02:03:42.091+0000] {processor.py:183} INFO - Processing /home/airflow/.local/lib/python3.8/site-packages/airflow/example_dags/example_nested_branch_dag.py took 0.090 seconds
[2025-08-02T02:04:20.563+0000] {processor.py:161} INFO - Started process (PID=2316) to work on /home/airflow/.local/lib/python3.8/site-packages/airflow/example_dags/example_nested_branch_dag.py
[2025-08-02T02:04:20.565+0000] {processor.py:830} INFO - Processing file /home/airflow/.local/lib/python3.8/site-packages/airflow/example_dags/example_nested_branch_dag.py for tasks to queue
[2025-08-02T02:04:20.567+0000] {logging_mixin.py:188} INFO - [2025-08-02T02:04:20.566+0000] {dagbag.py:540} INFO - Filling up the DagBag from /home/airflow/.local/lib/python3.8/site-packages/airflow/example_dags/example_nested_branch_dag.py
[2025-08-02T02:04:20.582+0000] {processor.py:840} INFO - DAG(s) 'example_nested_branch_dag' retrieved from /home/airflow/.local/lib/python3.8/site-packages/airflow/example_dags/example_nested_branch_dag.py
[2025-08-02T02:04:20.624+0000] {logging_mixin.py:188} INFO - [2025-08-02T02:04:20.623+0000] {dag.py:3047} INFO - Sync 1 DAGs
[2025-08-02T02:04:20.660+0000] {logging_mixin.py:188} INFO - [2025-08-02T02:04:20.660+0000] {dag.py:3834} INFO - Setting next_dagrun for example_nested_branch_dag to 2025-08-01 00:00:00+00:00, run_after=2025-08-02 00:00:00+00:00
[2025-08-02T02:04:20.686+0000] {processor.py:183} INFO - Processing /home/airflow/.local/lib/python3.8/site-packages/airflow/example_dags/example_nested_branch_dag.py took 0.132 seconds
[2025-08-02T02:04:50.730+0000] {processor.py:161} INFO - Started process (PID=2371) to work on /home/airflow/.local/lib/python3.8/site-packages/airflow/example_dags/example_nested_branch_dag.py
[2025-08-02T02:04:50.734+0000] {processor.py:830} INFO - Processing file /home/airflow/.local/lib/python3.8/site-packages/airflow/example_dags/example_nested_branch_dag.py for tasks to queue
[2025-08-02T02:04:50.739+0000] {logging_mixin.py:188} INFO - [2025-08-02T02:04:50.739+0000] {dagbag.py:540} INFO - Filling up the DagBag from /home/airflow/.local/lib/python3.8/site-packages/airflow/example_dags/example_nested_branch_dag.py
[2025-08-02T02:04:50.751+0000] {processor.py:840} INFO - DAG(s) 'example_nested_branch_dag' retrieved from /home/airflow/.local/lib/python3.8/site-packages/airflow/example_dags/example_nested_branch_dag.py
[2025-08-02T02:04:50.783+0000] {logging_mixin.py:188} INFO - [2025-08-02T02:04:50.782+0000] {dag.py:3047} INFO - Sync 1 DAGs
[2025-08-02T02:04:50.802+0000] {logging_mixin.py:188} INFO - [2025-08-02T02:04:50.802+0000] {dag.py:3834} INFO - Setting next_dagrun for example_nested_branch_dag to 2025-08-01 00:00:00+00:00, run_after=2025-08-02 00:00:00+00:00
[2025-08-02T02:04:50.815+0000] {processor.py:183} INFO - Processing /home/airflow/.local/lib/python3.8/site-packages/airflow/example_dags/example_nested_branch_dag.py took 0.088 seconds
[2025-08-02T02:07:54.964+0000] {processor.py:161} INFO - Started process (PID=2433) to work on /home/airflow/.local/lib/python3.8/site-packages/airflow/example_dags/example_nested_branch_dag.py
[2025-08-02T02:07:55.031+0000] {processor.py:830} INFO - Processing file /home/airflow/.local/lib/python3.8/site-packages/airflow/example_dags/example_nested_branch_dag.py for tasks to queue
[2025-08-02T02:07:55.063+0000] {logging_mixin.py:188} INFO - [2025-08-02T02:07:55.058+0000] {dagbag.py:540} INFO - Filling up the DagBag from /home/airflow/.local/lib/python3.8/site-packages/airflow/example_dags/example_nested_branch_dag.py
[2025-08-02T02:07:55.369+0000] {processor.py:840} INFO - DAG(s) 'example_nested_branch_dag' retrieved from /home/airflow/.local/lib/python3.8/site-packages/airflow/example_dags/example_nested_branch_dag.py
[2025-08-02T02:07:55.962+0000] {logging_mixin.py:188} INFO - [2025-08-02T02:07:55.958+0000] {dag.py:3047} INFO - Sync 1 DAGs
[2025-08-02T02:07:56.166+0000] {logging_mixin.py:188} INFO - [2025-08-02T02:07:56.165+0000] {dag.py:3834} INFO - Setting next_dagrun for example_nested_branch_dag to 2025-08-01 00:00:00+00:00, run_after=2025-08-02 00:00:00+00:00
[2025-08-02T02:07:56.263+0000] {processor.py:183} INFO - Processing /home/airflow/.local/lib/python3.8/site-packages/airflow/example_dags/example_nested_branch_dag.py took 1.530 seconds
[2025-08-02T02:08:51.871+0000] {processor.py:161} INFO - Started process (PID=2491) to work on /home/airflow/.local/lib/python3.8/site-packages/airflow/example_dags/example_nested_branch_dag.py
[2025-08-02T02:08:51.879+0000] {processor.py:830} INFO - Processing file /home/airflow/.local/lib/python3.8/site-packages/airflow/example_dags/example_nested_branch_dag.py for tasks to queue
[2025-08-02T02:08:51.884+0000] {logging_mixin.py:188} INFO - [2025-08-02T02:08:51.882+0000] {dagbag.py:540} INFO - Filling up the DagBag from /home/airflow/.local/lib/python3.8/site-packages/airflow/example_dags/example_nested_branch_dag.py
[2025-08-02T02:08:51.923+0000] {processor.py:840} INFO - DAG(s) 'example_nested_branch_dag' retrieved from /home/airflow/.local/lib/python3.8/site-packages/airflow/example_dags/example_nested_branch_dag.py
[2025-08-02T02:08:52.082+0000] {logging_mixin.py:188} INFO - [2025-08-02T02:08:52.080+0000] {dag.py:3047} INFO - Sync 1 DAGs
[2025-08-02T02:08:52.239+0000] {logging_mixin.py:188} INFO - [2025-08-02T02:08:52.238+0000] {dag.py:3834} INFO - Setting next_dagrun for example_nested_branch_dag to 2025-08-01 00:00:00+00:00, run_after=2025-08-02 00:00:00+00:00
[2025-08-02T02:08:52.310+0000] {processor.py:183} INFO - Processing /home/airflow/.local/lib/python3.8/site-packages/airflow/example_dags/example_nested_branch_dag.py took 0.444 seconds
[2025-08-02T02:09:24.146+0000] {processor.py:161} INFO - Started process (PID=2547) to work on /home/airflow/.local/lib/python3.8/site-packages/airflow/example_dags/example_nested_branch_dag.py
[2025-08-02T02:09:24.151+0000] {processor.py:830} INFO - Processing file /home/airflow/.local/lib/python3.8/site-packages/airflow/example_dags/example_nested_branch_dag.py for tasks to queue
[2025-08-02T02:09:24.154+0000] {logging_mixin.py:188} INFO - [2025-08-02T02:09:24.153+0000] {dagbag.py:540} INFO - Filling up the DagBag from /home/airflow/.local/lib/python3.8/site-packages/airflow/example_dags/example_nested_branch_dag.py
[2025-08-02T02:09:24.168+0000] {processor.py:840} INFO - DAG(s) 'example_nested_branch_dag' retrieved from /home/airflow/.local/lib/python3.8/site-packages/airflow/example_dags/example_nested_branch_dag.py
[2025-08-02T02:09:24.226+0000] {logging_mixin.py:188} INFO - [2025-08-02T02:09:24.226+0000] {dag.py:3047} INFO - Sync 1 DAGs
[2025-08-02T02:09:24.281+0000] {logging_mixin.py:188} INFO - [2025-08-02T02:09:24.280+0000] {dag.py:3834} INFO - Setting next_dagrun for example_nested_branch_dag to 2025-08-01 00:00:00+00:00, run_after=2025-08-02 00:00:00+00:00
[2025-08-02T02:09:24.314+0000] {processor.py:183} INFO - Processing /home/airflow/.local/lib/python3.8/site-packages/airflow/example_dags/example_nested_branch_dag.py took 0.174 seconds
[2025-08-02T02:10:00.508+0000] {processor.py:161} INFO - Started process (PID=2603) to work on /home/airflow/.local/lib/python3.8/site-packages/airflow/example_dags/example_nested_branch_dag.py
[2025-08-02T02:10:00.509+0000] {processor.py:830} INFO - Processing file /home/airflow/.local/lib/python3.8/site-packages/airflow/example_dags/example_nested_branch_dag.py for tasks to queue
[2025-08-02T02:10:00.514+0000] {logging_mixin.py:188} INFO - [2025-08-02T02:10:00.513+0000] {dagbag.py:540} INFO - Filling up the DagBag from /home/airflow/.local/lib/python3.8/site-packages/airflow/example_dags/example_nested_branch_dag.py
[2025-08-02T02:10:00.537+0000] {processor.py:840} INFO - DAG(s) 'example_nested_branch_dag' retrieved from /home/airflow/.local/lib/python3.8/site-packages/airflow/example_dags/example_nested_branch_dag.py
[2025-08-02T02:10:00.572+0000] {logging_mixin.py:188} INFO - [2025-08-02T02:10:00.571+0000] {dag.py:3047} INFO - Sync 1 DAGs
[2025-08-02T02:10:00.615+0000] {logging_mixin.py:188} INFO - [2025-08-02T02:10:00.615+0000] {dag.py:3834} INFO - Setting next_dagrun for example_nested_branch_dag to 2025-08-01 00:00:00+00:00, run_after=2025-08-02 00:00:00+00:00
[2025-08-02T02:10:00.669+0000] {processor.py:183} INFO - Processing /home/airflow/.local/lib/python3.8/site-packages/airflow/example_dags/example_nested_branch_dag.py took 0.166 seconds
[2025-08-02T02:10:38.466+0000] {processor.py:161} INFO - Started process (PID=2659) to work on /home/airflow/.local/lib/python3.8/site-packages/airflow/example_dags/example_nested_branch_dag.py
[2025-08-02T02:10:38.469+0000] {processor.py:830} INFO - Processing file /home/airflow/.local/lib/python3.8/site-packages/airflow/example_dags/example_nested_branch_dag.py for tasks to queue
[2025-08-02T02:10:38.477+0000] {logging_mixin.py:188} INFO - [2025-08-02T02:10:38.473+0000] {dagbag.py:540} INFO - Filling up the DagBag from /home/airflow/.local/lib/python3.8/site-packages/airflow/example_dags/example_nested_branch_dag.py
[2025-08-02T02:10:38.541+0000] {processor.py:840} INFO - DAG(s) 'example_nested_branch_dag' retrieved from /home/airflow/.local/lib/python3.8/site-packages/airflow/example_dags/example_nested_branch_dag.py
[2025-08-02T02:10:38.627+0000] {logging_mixin.py:188} INFO - [2025-08-02T02:10:38.623+0000] {dag.py:3047} INFO - Sync 1 DAGs
[2025-08-02T02:10:38.809+0000] {logging_mixin.py:188} INFO - [2025-08-02T02:10:38.807+0000] {dag.py:3834} INFO - Setting next_dagrun for example_nested_branch_dag to 2025-08-01 00:00:00+00:00, run_after=2025-08-02 00:00:00+00:00
[2025-08-02T02:10:38.907+0000] {processor.py:183} INFO - Processing /home/airflow/.local/lib/python3.8/site-packages/airflow/example_dags/example_nested_branch_dag.py took 0.448 seconds
[2025-08-02T02:11:10.752+0000] {processor.py:161} INFO - Started process (PID=2710) to work on /home/airflow/.local/lib/python3.8/site-packages/airflow/example_dags/example_nested_branch_dag.py
[2025-08-02T02:11:10.758+0000] {processor.py:830} INFO - Processing file /home/airflow/.local/lib/python3.8/site-packages/airflow/example_dags/example_nested_branch_dag.py for tasks to queue
[2025-08-02T02:11:10.764+0000] {logging_mixin.py:188} INFO - [2025-08-02T02:11:10.763+0000] {dagbag.py:540} INFO - Filling up the DagBag from /home/airflow/.local/lib/python3.8/site-packages/airflow/example_dags/example_nested_branch_dag.py
[2025-08-02T02:11:10.833+0000] {processor.py:840} INFO - DAG(s) 'example_nested_branch_dag' retrieved from /home/airflow/.local/lib/python3.8/site-packages/airflow/example_dags/example_nested_branch_dag.py
[2025-08-02T02:11:10.967+0000] {logging_mixin.py:188} INFO - [2025-08-02T02:11:10.966+0000] {dag.py:3047} INFO - Sync 1 DAGs
[2025-08-02T02:11:11.277+0000] {logging_mixin.py:188} INFO - [2025-08-02T02:11:11.275+0000] {dag.py:3834} INFO - Setting next_dagrun for example_nested_branch_dag to 2025-08-01 00:00:00+00:00, run_after=2025-08-02 00:00:00+00:00
[2025-08-02T02:11:11.365+0000] {processor.py:183} INFO - Processing /home/airflow/.local/lib/python3.8/site-packages/airflow/example_dags/example_nested_branch_dag.py took 0.634 seconds
[2025-08-02T02:11:43.366+0000] {processor.py:161} INFO - Started process (PID=2766) to work on /home/airflow/.local/lib/python3.8/site-packages/airflow/example_dags/example_nested_branch_dag.py
[2025-08-02T02:11:43.369+0000] {processor.py:830} INFO - Processing file /home/airflow/.local/lib/python3.8/site-packages/airflow/example_dags/example_nested_branch_dag.py for tasks to queue
[2025-08-02T02:11:43.371+0000] {logging_mixin.py:188} INFO - [2025-08-02T02:11:43.371+0000] {dagbag.py:540} INFO - Filling up the DagBag from /home/airflow/.local/lib/python3.8/site-packages/airflow/example_dags/example_nested_branch_dag.py
[2025-08-02T02:11:43.386+0000] {processor.py:840} INFO - DAG(s) 'example_nested_branch_dag' retrieved from /home/airflow/.local/lib/python3.8/site-packages/airflow/example_dags/example_nested_branch_dag.py
[2025-08-02T02:11:43.433+0000] {logging_mixin.py:188} INFO - [2025-08-02T02:11:43.432+0000] {dag.py:3047} INFO - Sync 1 DAGs
[2025-08-02T02:11:43.455+0000] {logging_mixin.py:188} INFO - [2025-08-02T02:11:43.454+0000] {dag.py:3834} INFO - Setting next_dagrun for example_nested_branch_dag to 2025-08-01 00:00:00+00:00, run_after=2025-08-02 00:00:00+00:00
[2025-08-02T02:11:43.500+0000] {processor.py:183} INFO - Processing /home/airflow/.local/lib/python3.8/site-packages/airflow/example_dags/example_nested_branch_dag.py took 0.145 seconds
[2025-08-02T02:12:14.284+0000] {processor.py:161} INFO - Started process (PID=2822) to work on /home/airflow/.local/lib/python3.8/site-packages/airflow/example_dags/example_nested_branch_dag.py
[2025-08-02T02:12:14.287+0000] {processor.py:830} INFO - Processing file /home/airflow/.local/lib/python3.8/site-packages/airflow/example_dags/example_nested_branch_dag.py for tasks to queue
[2025-08-02T02:12:14.295+0000] {logging_mixin.py:188} INFO - [2025-08-02T02:12:14.291+0000] {dagbag.py:540} INFO - Filling up the DagBag from /home/airflow/.local/lib/python3.8/site-packages/airflow/example_dags/example_nested_branch_dag.py
[2025-08-02T02:12:14.348+0000] {processor.py:840} INFO - DAG(s) 'example_nested_branch_dag' retrieved from /home/airflow/.local/lib/python3.8/site-packages/airflow/example_dags/example_nested_branch_dag.py
[2025-08-02T02:12:15.715+0000] {logging_mixin.py:188} INFO - [2025-08-02T02:12:15.669+0000] {dag.py:3047} INFO - Sync 1 DAGs
[2025-08-02T02:12:15.954+0000] {logging_mixin.py:188} INFO - [2025-08-02T02:12:15.940+0000] {dag.py:3834} INFO - Setting next_dagrun for example_nested_branch_dag to 2025-08-01 00:00:00+00:00, run_after=2025-08-02 00:00:00+00:00
[2025-08-02T02:12:19.122+0000] {processor.py:183} INFO - Processing /home/airflow/.local/lib/python3.8/site-packages/airflow/example_dags/example_nested_branch_dag.py took 4.872 seconds
[2025-08-02T02:12:50.083+0000] {processor.py:161} INFO - Started process (PID=2876) to work on /home/airflow/.local/lib/python3.8/site-packages/airflow/example_dags/example_nested_branch_dag.py
[2025-08-02T02:12:50.096+0000] {processor.py:830} INFO - Processing file /home/airflow/.local/lib/python3.8/site-packages/airflow/example_dags/example_nested_branch_dag.py for tasks to queue
[2025-08-02T02:12:50.107+0000] {logging_mixin.py:188} INFO - [2025-08-02T02:12:50.104+0000] {dagbag.py:540} INFO - Filling up the DagBag from /home/airflow/.local/lib/python3.8/site-packages/airflow/example_dags/example_nested_branch_dag.py
[2025-08-02T02:12:50.147+0000] {processor.py:840} INFO - DAG(s) 'example_nested_branch_dag' retrieved from /home/airflow/.local/lib/python3.8/site-packages/airflow/example_dags/example_nested_branch_dag.py
[2025-08-02T02:12:50.210+0000] {logging_mixin.py:188} INFO - [2025-08-02T02:12:50.210+0000] {dag.py:3047} INFO - Sync 1 DAGs
[2025-08-02T02:12:50.243+0000] {logging_mixin.py:188} INFO - [2025-08-02T02:12:50.242+0000] {dag.py:3834} INFO - Setting next_dagrun for example_nested_branch_dag to 2025-08-01 00:00:00+00:00, run_after=2025-08-02 00:00:00+00:00
[2025-08-02T02:12:50.266+0000] {processor.py:183} INFO - Processing /home/airflow/.local/lib/python3.8/site-packages/airflow/example_dags/example_nested_branch_dag.py took 0.197 seconds
[2025-08-02T02:13:22.183+0000] {processor.py:161} INFO - Started process (PID=2933) to work on /home/airflow/.local/lib/python3.8/site-packages/airflow/example_dags/example_nested_branch_dag.py
[2025-08-02T02:13:22.191+0000] {processor.py:830} INFO - Processing file /home/airflow/.local/lib/python3.8/site-packages/airflow/example_dags/example_nested_branch_dag.py for tasks to queue
[2025-08-02T02:13:22.193+0000] {logging_mixin.py:188} INFO - [2025-08-02T02:13:22.192+0000] {dagbag.py:540} INFO - Filling up the DagBag from /home/airflow/.local/lib/python3.8/site-packages/airflow/example_dags/example_nested_branch_dag.py
[2025-08-02T02:13:22.254+0000] {processor.py:840} INFO - DAG(s) 'example_nested_branch_dag' retrieved from /home/airflow/.local/lib/python3.8/site-packages/airflow/example_dags/example_nested_branch_dag.py
[2025-08-02T02:13:22.420+0000] {logging_mixin.py:188} INFO - [2025-08-02T02:13:22.419+0000] {dag.py:3047} INFO - Sync 1 DAGs
[2025-08-02T02:13:22.514+0000] {logging_mixin.py:188} INFO - [2025-08-02T02:13:22.513+0000] {dag.py:3834} INFO - Setting next_dagrun for example_nested_branch_dag to 2025-08-01 00:00:00+00:00, run_after=2025-08-02 00:00:00+00:00
[2025-08-02T02:13:22.658+0000] {processor.py:183} INFO - Processing /home/airflow/.local/lib/python3.8/site-packages/airflow/example_dags/example_nested_branch_dag.py took 0.484 seconds
[2025-08-02T02:13:54.390+0000] {processor.py:161} INFO - Started process (PID=2989) to work on /home/airflow/.local/lib/python3.8/site-packages/airflow/example_dags/example_nested_branch_dag.py
[2025-08-02T02:13:54.396+0000] {processor.py:830} INFO - Processing file /home/airflow/.local/lib/python3.8/site-packages/airflow/example_dags/example_nested_branch_dag.py for tasks to queue
[2025-08-02T02:13:54.406+0000] {logging_mixin.py:188} INFO - [2025-08-02T02:13:54.400+0000] {dagbag.py:540} INFO - Filling up the DagBag from /home/airflow/.local/lib/python3.8/site-packages/airflow/example_dags/example_nested_branch_dag.py
[2025-08-02T02:13:54.461+0000] {processor.py:840} INFO - DAG(s) 'example_nested_branch_dag' retrieved from /home/airflow/.local/lib/python3.8/site-packages/airflow/example_dags/example_nested_branch_dag.py
[2025-08-02T02:13:54.577+0000] {logging_mixin.py:188} INFO - [2025-08-02T02:13:54.575+0000] {dag.py:3047} INFO - Sync 1 DAGs
[2025-08-02T02:13:54.632+0000] {logging_mixin.py:188} INFO - [2025-08-02T02:13:54.632+0000] {dag.py:3834} INFO - Setting next_dagrun for example_nested_branch_dag to 2025-08-01 00:00:00+00:00, run_after=2025-08-02 00:00:00+00:00
[2025-08-02T02:13:54.703+0000] {processor.py:183} INFO - Processing /home/airflow/.local/lib/python3.8/site-packages/airflow/example_dags/example_nested_branch_dag.py took 0.338 seconds
[2025-08-02T02:14:24.832+0000] {processor.py:161} INFO - Started process (PID=3044) to work on /home/airflow/.local/lib/python3.8/site-packages/airflow/example_dags/example_nested_branch_dag.py
[2025-08-02T02:14:24.833+0000] {processor.py:830} INFO - Processing file /home/airflow/.local/lib/python3.8/site-packages/airflow/example_dags/example_nested_branch_dag.py for tasks to queue
[2025-08-02T02:14:24.833+0000] {logging_mixin.py:188} INFO - [2025-08-02T02:14:24.833+0000] {dagbag.py:540} INFO - Filling up the DagBag from /home/airflow/.local/lib/python3.8/site-packages/airflow/example_dags/example_nested_branch_dag.py
[2025-08-02T02:14:24.857+0000] {processor.py:840} INFO - DAG(s) 'example_nested_branch_dag' retrieved from /home/airflow/.local/lib/python3.8/site-packages/airflow/example_dags/example_nested_branch_dag.py
[2025-08-02T02:14:24.891+0000] {logging_mixin.py:188} INFO - [2025-08-02T02:14:24.891+0000] {dag.py:3047} INFO - Sync 1 DAGs
[2025-08-02T02:14:24.916+0000] {logging_mixin.py:188} INFO - [2025-08-02T02:14:24.916+0000] {dag.py:3834} INFO - Setting next_dagrun for example_nested_branch_dag to 2025-08-01 00:00:00+00:00, run_after=2025-08-02 00:00:00+00:00
[2025-08-02T02:14:24.956+0000] {processor.py:183} INFO - Processing /home/airflow/.local/lib/python3.8/site-packages/airflow/example_dags/example_nested_branch_dag.py took 0.130 seconds
[2025-08-02T02:15:05.212+0000] {processor.py:161} INFO - Started process (PID=3082) to work on /home/airflow/.local/lib/python3.8/site-packages/airflow/example_dags/example_nested_branch_dag.py
[2025-08-02T02:15:05.218+0000] {processor.py:830} INFO - Processing file /home/airflow/.local/lib/python3.8/site-packages/airflow/example_dags/example_nested_branch_dag.py for tasks to queue
[2025-08-02T02:15:05.219+0000] {logging_mixin.py:188} INFO - [2025-08-02T02:15:05.219+0000] {dagbag.py:540} INFO - Filling up the DagBag from /home/airflow/.local/lib/python3.8/site-packages/airflow/example_dags/example_nested_branch_dag.py
[2025-08-02T02:15:05.237+0000] {processor.py:840} INFO - DAG(s) 'example_nested_branch_dag' retrieved from /home/airflow/.local/lib/python3.8/site-packages/airflow/example_dags/example_nested_branch_dag.py
[2025-08-02T02:15:05.319+0000] {logging_mixin.py:188} INFO - [2025-08-02T02:15:05.319+0000] {dag.py:3047} INFO - Sync 1 DAGs
[2025-08-02T02:15:05.369+0000] {logging_mixin.py:188} INFO - [2025-08-02T02:15:05.368+0000] {dag.py:3834} INFO - Setting next_dagrun for example_nested_branch_dag to 2025-08-01 00:00:00+00:00, run_after=2025-08-02 00:00:00+00:00
[2025-08-02T02:15:05.397+0000] {processor.py:183} INFO - Processing /home/airflow/.local/lib/python3.8/site-packages/airflow/example_dags/example_nested_branch_dag.py took 0.203 seconds
[2025-08-02T02:15:45.169+0000] {processor.py:161} INFO - Started process (PID=3136) to work on /home/airflow/.local/lib/python3.8/site-packages/airflow/example_dags/example_nested_branch_dag.py
[2025-08-02T02:15:45.172+0000] {processor.py:830} INFO - Processing file /home/airflow/.local/lib/python3.8/site-packages/airflow/example_dags/example_nested_branch_dag.py for tasks to queue
[2025-08-02T02:15:45.174+0000] {logging_mixin.py:188} INFO - [2025-08-02T02:15:45.174+0000] {dagbag.py:540} INFO - Filling up the DagBag from /home/airflow/.local/lib/python3.8/site-packages/airflow/example_dags/example_nested_branch_dag.py
[2025-08-02T02:15:45.217+0000] {processor.py:840} INFO - DAG(s) 'example_nested_branch_dag' retrieved from /home/airflow/.local/lib/python3.8/site-packages/airflow/example_dags/example_nested_branch_dag.py
[2025-08-02T02:15:45.300+0000] {logging_mixin.py:188} INFO - [2025-08-02T02:15:45.300+0000] {dag.py:3047} INFO - Sync 1 DAGs
[2025-08-02T02:15:45.404+0000] {logging_mixin.py:188} INFO - [2025-08-02T02:15:45.403+0000] {dag.py:3834} INFO - Setting next_dagrun for example_nested_branch_dag to 2025-08-01 00:00:00+00:00, run_after=2025-08-02 00:00:00+00:00
[2025-08-02T02:15:45.445+0000] {processor.py:183} INFO - Processing /home/airflow/.local/lib/python3.8/site-packages/airflow/example_dags/example_nested_branch_dag.py took 0.246 seconds
[2025-08-02T02:16:27.136+0000] {processor.py:161} INFO - Started process (PID=3198) to work on /home/airflow/.local/lib/python3.8/site-packages/airflow/example_dags/example_nested_branch_dag.py
[2025-08-02T02:16:27.140+0000] {processor.py:830} INFO - Processing file /home/airflow/.local/lib/python3.8/site-packages/airflow/example_dags/example_nested_branch_dag.py for tasks to queue
[2025-08-02T02:16:27.147+0000] {logging_mixin.py:188} INFO - [2025-08-02T02:16:27.145+0000] {dagbag.py:540} INFO - Filling up the DagBag from /home/airflow/.local/lib/python3.8/site-packages/airflow/example_dags/example_nested_branch_dag.py
[2025-08-02T02:16:27.242+0000] {processor.py:840} INFO - DAG(s) 'example_nested_branch_dag' retrieved from /home/airflow/.local/lib/python3.8/site-packages/airflow/example_dags/example_nested_branch_dag.py
[2025-08-02T02:16:27.376+0000] {logging_mixin.py:188} INFO - [2025-08-02T02:16:27.376+0000] {dag.py:3047} INFO - Sync 1 DAGs
[2025-08-02T02:16:27.472+0000] {logging_mixin.py:188} INFO - [2025-08-02T02:16:27.471+0000] {dag.py:3834} INFO - Setting next_dagrun for example_nested_branch_dag to 2025-08-01 00:00:00+00:00, run_after=2025-08-02 00:00:00+00:00
[2025-08-02T02:16:27.539+0000] {processor.py:183} INFO - Processing /home/airflow/.local/lib/python3.8/site-packages/airflow/example_dags/example_nested_branch_dag.py took 0.419 seconds
[2025-08-02T02:16:58.980+0000] {processor.py:161} INFO - Started process (PID=3254) to work on /home/airflow/.local/lib/python3.8/site-packages/airflow/example_dags/example_nested_branch_dag.py
[2025-08-02T02:16:58.986+0000] {processor.py:830} INFO - Processing file /home/airflow/.local/lib/python3.8/site-packages/airflow/example_dags/example_nested_branch_dag.py for tasks to queue
[2025-08-02T02:16:59.000+0000] {logging_mixin.py:188} INFO - [2025-08-02T02:16:58.994+0000] {dagbag.py:540} INFO - Filling up the DagBag from /home/airflow/.local/lib/python3.8/site-packages/airflow/example_dags/example_nested_branch_dag.py
[2025-08-02T02:16:59.107+0000] {processor.py:840} INFO - DAG(s) 'example_nested_branch_dag' retrieved from /home/airflow/.local/lib/python3.8/site-packages/airflow/example_dags/example_nested_branch_dag.py
[2025-08-02T02:16:59.291+0000] {logging_mixin.py:188} INFO - [2025-08-02T02:16:59.290+0000] {dag.py:3047} INFO - Sync 1 DAGs
[2025-08-02T02:16:59.359+0000] {logging_mixin.py:188} INFO - [2025-08-02T02:16:59.358+0000] {dag.py:3834} INFO - Setting next_dagrun for example_nested_branch_dag to 2025-08-01 00:00:00+00:00, run_after=2025-08-02 00:00:00+00:00
[2025-08-02T02:17:02.334+0000] {processor.py:183} INFO - Processing /home/airflow/.local/lib/python3.8/site-packages/airflow/example_dags/example_nested_branch_dag.py took 3.422 seconds
[2025-08-02T02:17:32.791+0000] {processor.py:161} INFO - Started process (PID=3310) to work on /home/airflow/.local/lib/python3.8/site-packages/airflow/example_dags/example_nested_branch_dag.py
[2025-08-02T02:17:32.798+0000] {processor.py:830} INFO - Processing file /home/airflow/.local/lib/python3.8/site-packages/airflow/example_dags/example_nested_branch_dag.py for tasks to queue
[2025-08-02T02:17:32.801+0000] {logging_mixin.py:188} INFO - [2025-08-02T02:17:32.800+0000] {dagbag.py:540} INFO - Filling up the DagBag from /home/airflow/.local/lib/python3.8/site-packages/airflow/example_dags/example_nested_branch_dag.py
[2025-08-02T02:17:32.893+0000] {processor.py:840} INFO - DAG(s) 'example_nested_branch_dag' retrieved from /home/airflow/.local/lib/python3.8/site-packages/airflow/example_dags/example_nested_branch_dag.py
[2025-08-02T02:17:33.671+0000] {logging_mixin.py:188} INFO - [2025-08-02T02:17:33.664+0000] {dag.py:3047} INFO - Sync 1 DAGs
[2025-08-02T02:17:34.036+0000] {logging_mixin.py:188} INFO - [2025-08-02T02:17:34.033+0000] {dag.py:3834} INFO - Setting next_dagrun for example_nested_branch_dag to 2025-08-01 00:00:00+00:00, run_after=2025-08-02 00:00:00+00:00
[2025-08-02T02:17:34.201+0000] {processor.py:183} INFO - Processing /home/airflow/.local/lib/python3.8/site-packages/airflow/example_dags/example_nested_branch_dag.py took 1.440 seconds
[2025-08-02T02:18:27.701+0000] {processor.py:161} INFO - Started process (PID=3362) to work on /home/airflow/.local/lib/python3.8/site-packages/airflow/example_dags/example_nested_branch_dag.py
[2025-08-02T02:18:27.707+0000] {processor.py:830} INFO - Processing file /home/airflow/.local/lib/python3.8/site-packages/airflow/example_dags/example_nested_branch_dag.py for tasks to queue
[2025-08-02T02:18:27.710+0000] {logging_mixin.py:188} INFO - [2025-08-02T02:18:27.709+0000] {dagbag.py:540} INFO - Filling up the DagBag from /home/airflow/.local/lib/python3.8/site-packages/airflow/example_dags/example_nested_branch_dag.py
[2025-08-02T02:18:27.758+0000] {processor.py:840} INFO - DAG(s) 'example_nested_branch_dag' retrieved from /home/airflow/.local/lib/python3.8/site-packages/airflow/example_dags/example_nested_branch_dag.py
[2025-08-02T02:18:27.825+0000] {logging_mixin.py:188} INFO - [2025-08-02T02:18:27.825+0000] {dag.py:3047} INFO - Sync 1 DAGs
[2025-08-02T02:18:27.894+0000] {logging_mixin.py:188} INFO - [2025-08-02T02:18:27.894+0000] {dag.py:3834} INFO - Setting next_dagrun for example_nested_branch_dag to 2025-08-01 00:00:00+00:00, run_after=2025-08-02 00:00:00+00:00
[2025-08-02T02:18:27.948+0000] {processor.py:183} INFO - Processing /home/airflow/.local/lib/python3.8/site-packages/airflow/example_dags/example_nested_branch_dag.py took 0.279 seconds
[2025-08-02T02:19:10.481+0000] {processor.py:161} INFO - Started process (PID=3429) to work on /home/airflow/.local/lib/python3.8/site-packages/airflow/example_dags/example_nested_branch_dag.py
[2025-08-02T02:19:10.483+0000] {processor.py:830} INFO - Processing file /home/airflow/.local/lib/python3.8/site-packages/airflow/example_dags/example_nested_branch_dag.py for tasks to queue
[2025-08-02T02:19:10.484+0000] {logging_mixin.py:188} INFO - [2025-08-02T02:19:10.484+0000] {dagbag.py:540} INFO - Filling up the DagBag from /home/airflow/.local/lib/python3.8/site-packages/airflow/example_dags/example_nested_branch_dag.py
[2025-08-02T02:19:10.493+0000] {processor.py:840} INFO - DAG(s) 'example_nested_branch_dag' retrieved from /home/airflow/.local/lib/python3.8/site-packages/airflow/example_dags/example_nested_branch_dag.py
[2025-08-02T02:19:10.524+0000] {logging_mixin.py:188} INFO - [2025-08-02T02:19:10.524+0000] {dag.py:3047} INFO - Sync 1 DAGs
[2025-08-02T02:19:10.548+0000] {logging_mixin.py:188} INFO - [2025-08-02T02:19:10.548+0000] {dag.py:3834} INFO - Setting next_dagrun for example_nested_branch_dag to 2025-08-01 00:00:00+00:00, run_after=2025-08-02 00:00:00+00:00
[2025-08-02T02:19:10.577+0000] {processor.py:183} INFO - Processing /home/airflow/.local/lib/python3.8/site-packages/airflow/example_dags/example_nested_branch_dag.py took 0.101 seconds
[2025-08-02T02:19:50.982+0000] {processor.py:161} INFO - Started process (PID=3485) to work on /home/airflow/.local/lib/python3.8/site-packages/airflow/example_dags/example_nested_branch_dag.py
[2025-08-02T02:19:50.984+0000] {processor.py:830} INFO - Processing file /home/airflow/.local/lib/python3.8/site-packages/airflow/example_dags/example_nested_branch_dag.py for tasks to queue
[2025-08-02T02:19:50.985+0000] {logging_mixin.py:188} INFO - [2025-08-02T02:19:50.985+0000] {dagbag.py:540} INFO - Filling up the DagBag from /home/airflow/.local/lib/python3.8/site-packages/airflow/example_dags/example_nested_branch_dag.py
[2025-08-02T02:19:51.005+0000] {processor.py:840} INFO - DAG(s) 'example_nested_branch_dag' retrieved from /home/airflow/.local/lib/python3.8/site-packages/airflow/example_dags/example_nested_branch_dag.py
[2025-08-02T02:19:51.542+0000] {logging_mixin.py:188} INFO - [2025-08-02T02:19:51.541+0000] {dag.py:3047} INFO - Sync 1 DAGs
[2025-08-02T02:19:51.562+0000] {logging_mixin.py:188} INFO - [2025-08-02T02:19:51.562+0000] {dag.py:3834} INFO - Setting next_dagrun for example_nested_branch_dag to 2025-08-01 00:00:00+00:00, run_after=2025-08-02 00:00:00+00:00
[2025-08-02T02:19:51.577+0000] {processor.py:183} INFO - Processing /home/airflow/.local/lib/python3.8/site-packages/airflow/example_dags/example_nested_branch_dag.py took 0.611 seconds
[2025-08-02T02:20:23.095+0000] {processor.py:161} INFO - Started process (PID=3541) to work on /home/airflow/.local/lib/python3.8/site-packages/airflow/example_dags/example_nested_branch_dag.py
[2025-08-02T02:20:23.097+0000] {processor.py:830} INFO - Processing file /home/airflow/.local/lib/python3.8/site-packages/airflow/example_dags/example_nested_branch_dag.py for tasks to queue
[2025-08-02T02:20:23.099+0000] {logging_mixin.py:188} INFO - [2025-08-02T02:20:23.098+0000] {dagbag.py:540} INFO - Filling up the DagBag from /home/airflow/.local/lib/python3.8/site-packages/airflow/example_dags/example_nested_branch_dag.py
[2025-08-02T02:20:23.141+0000] {processor.py:840} INFO - DAG(s) 'example_nested_branch_dag' retrieved from /home/airflow/.local/lib/python3.8/site-packages/airflow/example_dags/example_nested_branch_dag.py
[2025-08-02T02:20:23.207+0000] {logging_mixin.py:188} INFO - [2025-08-02T02:20:23.207+0000] {dag.py:3047} INFO - Sync 1 DAGs
[2025-08-02T02:20:24.017+0000] {logging_mixin.py:188} INFO - [2025-08-02T02:20:24.014+0000] {dag.py:3834} INFO - Setting next_dagrun for example_nested_branch_dag to 2025-08-01 00:00:00+00:00, run_after=2025-08-02 00:00:00+00:00
[2025-08-02T02:20:24.082+0000] {processor.py:183} INFO - Processing /home/airflow/.local/lib/python3.8/site-packages/airflow/example_dags/example_nested_branch_dag.py took 0.992 seconds
[2025-08-02T02:20:55.329+0000] {processor.py:161} INFO - Started process (PID=3598) to work on /home/airflow/.local/lib/python3.8/site-packages/airflow/example_dags/example_nested_branch_dag.py
[2025-08-02T02:20:55.340+0000] {processor.py:830} INFO - Processing file /home/airflow/.local/lib/python3.8/site-packages/airflow/example_dags/example_nested_branch_dag.py for tasks to queue
[2025-08-02T02:20:55.363+0000] {logging_mixin.py:188} INFO - [2025-08-02T02:20:55.344+0000] {dagbag.py:540} INFO - Filling up the DagBag from /home/airflow/.local/lib/python3.8/site-packages/airflow/example_dags/example_nested_branch_dag.py
[2025-08-02T02:20:55.466+0000] {processor.py:840} INFO - DAG(s) 'example_nested_branch_dag' retrieved from /home/airflow/.local/lib/python3.8/site-packages/airflow/example_dags/example_nested_branch_dag.py
[2025-08-02T02:20:55.683+0000] {logging_mixin.py:188} INFO - [2025-08-02T02:20:55.682+0000] {dag.py:3047} INFO - Sync 1 DAGs
[2025-08-02T02:20:55.752+0000] {logging_mixin.py:188} INFO - [2025-08-02T02:20:55.751+0000] {dag.py:3834} INFO - Setting next_dagrun for example_nested_branch_dag to 2025-08-01 00:00:00+00:00, run_after=2025-08-02 00:00:00+00:00
[2025-08-02T02:20:55.821+0000] {processor.py:183} INFO - Processing /home/airflow/.local/lib/python3.8/site-packages/airflow/example_dags/example_nested_branch_dag.py took 0.510 seconds
[2025-08-02T02:21:26.117+0000] {processor.py:161} INFO - Started process (PID=3654) to work on /home/airflow/.local/lib/python3.8/site-packages/airflow/example_dags/example_nested_branch_dag.py
[2025-08-02T02:21:26.123+0000] {processor.py:830} INFO - Processing file /home/airflow/.local/lib/python3.8/site-packages/airflow/example_dags/example_nested_branch_dag.py for tasks to queue
[2025-08-02T02:21:26.218+0000] {logging_mixin.py:188} INFO - [2025-08-02T02:21:26.198+0000] {dagbag.py:540} INFO - Filling up the DagBag from /home/airflow/.local/lib/python3.8/site-packages/airflow/example_dags/example_nested_branch_dag.py
[2025-08-02T02:21:26.454+0000] {processor.py:840} INFO - DAG(s) 'example_nested_branch_dag' retrieved from /home/airflow/.local/lib/python3.8/site-packages/airflow/example_dags/example_nested_branch_dag.py
[2025-08-02T02:21:27.023+0000] {logging_mixin.py:188} INFO - [2025-08-02T02:21:27.016+0000] {dag.py:3047} INFO - Sync 1 DAGs
[2025-08-02T02:21:27.140+0000] {logging_mixin.py:188} INFO - [2025-08-02T02:21:27.140+0000] {dag.py:3834} INFO - Setting next_dagrun for example_nested_branch_dag to 2025-08-01 00:00:00+00:00, run_after=2025-08-02 00:00:00+00:00
[2025-08-02T02:21:27.189+0000] {processor.py:183} INFO - Processing /home/airflow/.local/lib/python3.8/site-packages/airflow/example_dags/example_nested_branch_dag.py took 1.085 seconds
[2025-08-02T02:21:57.584+0000] {processor.py:161} INFO - Started process (PID=3710) to work on /home/airflow/.local/lib/python3.8/site-packages/airflow/example_dags/example_nested_branch_dag.py
[2025-08-02T02:21:57.585+0000] {processor.py:830} INFO - Processing file /home/airflow/.local/lib/python3.8/site-packages/airflow/example_dags/example_nested_branch_dag.py for tasks to queue
[2025-08-02T02:21:57.587+0000] {logging_mixin.py:188} INFO - [2025-08-02T02:21:57.587+0000] {dagbag.py:540} INFO - Filling up the DagBag from /home/airflow/.local/lib/python3.8/site-packages/airflow/example_dags/example_nested_branch_dag.py
[2025-08-02T02:21:57.624+0000] {processor.py:840} INFO - DAG(s) 'example_nested_branch_dag' retrieved from /home/airflow/.local/lib/python3.8/site-packages/airflow/example_dags/example_nested_branch_dag.py
[2025-08-02T02:21:57.708+0000] {logging_mixin.py:188} INFO - [2025-08-02T02:21:57.707+0000] {dag.py:3047} INFO - Sync 1 DAGs
[2025-08-02T02:21:57.729+0000] {logging_mixin.py:188} INFO - [2025-08-02T02:21:57.729+0000] {dag.py:3834} INFO - Setting next_dagrun for example_nested_branch_dag to 2025-08-01 00:00:00+00:00, run_after=2025-08-02 00:00:00+00:00
[2025-08-02T02:21:57.768+0000] {processor.py:183} INFO - Processing /home/airflow/.local/lib/python3.8/site-packages/airflow/example_dags/example_nested_branch_dag.py took 0.195 seconds
[2025-08-02T02:22:33.051+0000] {processor.py:161} INFO - Started process (PID=3767) to work on /home/airflow/.local/lib/python3.8/site-packages/airflow/example_dags/example_nested_branch_dag.py
[2025-08-02T02:22:33.103+0000] {processor.py:830} INFO - Processing file /home/airflow/.local/lib/python3.8/site-packages/airflow/example_dags/example_nested_branch_dag.py for tasks to queue
[2025-08-02T02:22:33.202+0000] {logging_mixin.py:188} INFO - [2025-08-02T02:22:33.194+0000] {dagbag.py:540} INFO - Filling up the DagBag from /home/airflow/.local/lib/python3.8/site-packages/airflow/example_dags/example_nested_branch_dag.py
[2025-08-02T02:22:33.393+0000] {processor.py:840} INFO - DAG(s) 'example_nested_branch_dag' retrieved from /home/airflow/.local/lib/python3.8/site-packages/airflow/example_dags/example_nested_branch_dag.py
[2025-08-02T02:22:34.004+0000] {logging_mixin.py:188} INFO - [2025-08-02T02:22:33.999+0000] {dag.py:3047} INFO - Sync 1 DAGs
[2025-08-02T02:22:34.238+0000] {logging_mixin.py:188} INFO - [2025-08-02T02:22:34.232+0000] {dag.py:3834} INFO - Setting next_dagrun for example_nested_branch_dag to 2025-08-01 00:00:00+00:00, run_after=2025-08-02 00:00:00+00:00
[2025-08-02T02:22:34.354+0000] {processor.py:183} INFO - Processing /home/airflow/.local/lib/python3.8/site-packages/airflow/example_dags/example_nested_branch_dag.py took 1.326 seconds
[2025-08-02T02:23:04.523+0000] {processor.py:161} INFO - Started process (PID=3823) to work on /home/airflow/.local/lib/python3.8/site-packages/airflow/example_dags/example_nested_branch_dag.py
[2025-08-02T02:23:04.526+0000] {processor.py:830} INFO - Processing file /home/airflow/.local/lib/python3.8/site-packages/airflow/example_dags/example_nested_branch_dag.py for tasks to queue
[2025-08-02T02:23:04.531+0000] {logging_mixin.py:188} INFO - [2025-08-02T02:23:04.529+0000] {dagbag.py:540} INFO - Filling up the DagBag from /home/airflow/.local/lib/python3.8/site-packages/airflow/example_dags/example_nested_branch_dag.py
[2025-08-02T02:23:04.579+0000] {processor.py:840} INFO - DAG(s) 'example_nested_branch_dag' retrieved from /home/airflow/.local/lib/python3.8/site-packages/airflow/example_dags/example_nested_branch_dag.py
[2025-08-02T02:23:04.741+0000] {logging_mixin.py:188} INFO - [2025-08-02T02:23:04.739+0000] {dag.py:3047} INFO - Sync 1 DAGs
[2025-08-02T02:23:04.771+0000] {logging_mixin.py:188} INFO - [2025-08-02T02:23:04.768+0000] {dag.py:3834} INFO - Setting next_dagrun for example_nested_branch_dag to 2025-08-01 00:00:00+00:00, run_after=2025-08-02 00:00:00+00:00
[2025-08-02T02:23:05.142+0000] {processor.py:183} INFO - Processing /home/airflow/.local/lib/python3.8/site-packages/airflow/example_dags/example_nested_branch_dag.py took 0.623 seconds
[2025-08-02T02:23:35.471+0000] {processor.py:161} INFO - Started process (PID=3878) to work on /home/airflow/.local/lib/python3.8/site-packages/airflow/example_dags/example_nested_branch_dag.py
[2025-08-02T02:23:35.479+0000] {processor.py:830} INFO - Processing file /home/airflow/.local/lib/python3.8/site-packages/airflow/example_dags/example_nested_branch_dag.py for tasks to queue
[2025-08-02T02:23:35.486+0000] {logging_mixin.py:188} INFO - [2025-08-02T02:23:35.484+0000] {dagbag.py:540} INFO - Filling up the DagBag from /home/airflow/.local/lib/python3.8/site-packages/airflow/example_dags/example_nested_branch_dag.py
[2025-08-02T02:23:35.607+0000] {processor.py:840} INFO - DAG(s) 'example_nested_branch_dag' retrieved from /home/airflow/.local/lib/python3.8/site-packages/airflow/example_dags/example_nested_branch_dag.py
[2025-08-02T02:23:35.687+0000] {logging_mixin.py:188} INFO - [2025-08-02T02:23:35.687+0000] {dag.py:3047} INFO - Sync 1 DAGs
[2025-08-02T02:23:35.777+0000] {logging_mixin.py:188} INFO - [2025-08-02T02:23:35.776+0000] {dag.py:3834} INFO - Setting next_dagrun for example_nested_branch_dag to 2025-08-01 00:00:00+00:00, run_after=2025-08-02 00:00:00+00:00
[2025-08-02T02:23:35.815+0000] {processor.py:183} INFO - Processing /home/airflow/.local/lib/python3.8/site-packages/airflow/example_dags/example_nested_branch_dag.py took 0.425 seconds
[2025-08-02T02:24:06.625+0000] {processor.py:161} INFO - Started process (PID=3934) to work on /home/airflow/.local/lib/python3.8/site-packages/airflow/example_dags/example_nested_branch_dag.py
[2025-08-02T02:24:06.628+0000] {processor.py:830} INFO - Processing file /home/airflow/.local/lib/python3.8/site-packages/airflow/example_dags/example_nested_branch_dag.py for tasks to queue
[2025-08-02T02:24:06.631+0000] {logging_mixin.py:188} INFO - [2025-08-02T02:24:06.630+0000] {dagbag.py:540} INFO - Filling up the DagBag from /home/airflow/.local/lib/python3.8/site-packages/airflow/example_dags/example_nested_branch_dag.py
[2025-08-02T02:24:06.705+0000] {processor.py:840} INFO - DAG(s) 'example_nested_branch_dag' retrieved from /home/airflow/.local/lib/python3.8/site-packages/airflow/example_dags/example_nested_branch_dag.py
[2025-08-02T02:24:06.797+0000] {logging_mixin.py:188} INFO - [2025-08-02T02:24:06.797+0000] {dag.py:3047} INFO - Sync 1 DAGs
[2025-08-02T02:24:06.821+0000] {logging_mixin.py:188} INFO - [2025-08-02T02:24:06.821+0000] {dag.py:3834} INFO - Setting next_dagrun for example_nested_branch_dag to 2025-08-01 00:00:00+00:00, run_after=2025-08-02 00:00:00+00:00
[2025-08-02T02:24:06.858+0000] {processor.py:183} INFO - Processing /home/airflow/.local/lib/python3.8/site-packages/airflow/example_dags/example_nested_branch_dag.py took 0.243 seconds
[2025-08-02T02:24:37.150+0000] {processor.py:161} INFO - Started process (PID=3987) to work on /home/airflow/.local/lib/python3.8/site-packages/airflow/example_dags/example_nested_branch_dag.py
[2025-08-02T02:24:37.152+0000] {processor.py:830} INFO - Processing file /home/airflow/.local/lib/python3.8/site-packages/airflow/example_dags/example_nested_branch_dag.py for tasks to queue
[2025-08-02T02:24:37.160+0000] {logging_mixin.py:188} INFO - [2025-08-02T02:24:37.159+0000] {dagbag.py:540} INFO - Filling up the DagBag from /home/airflow/.local/lib/python3.8/site-packages/airflow/example_dags/example_nested_branch_dag.py
[2025-08-02T02:24:37.210+0000] {processor.py:840} INFO - DAG(s) 'example_nested_branch_dag' retrieved from /home/airflow/.local/lib/python3.8/site-packages/airflow/example_dags/example_nested_branch_dag.py
[2025-08-02T02:24:37.267+0000] {logging_mixin.py:188} INFO - [2025-08-02T02:24:37.267+0000] {dag.py:3047} INFO - Sync 1 DAGs
[2025-08-02T02:24:37.333+0000] {logging_mixin.py:188} INFO - [2025-08-02T02:24:37.333+0000] {dag.py:3834} INFO - Setting next_dagrun for example_nested_branch_dag to 2025-08-01 00:00:00+00:00, run_after=2025-08-02 00:00:00+00:00
[2025-08-02T02:24:37.401+0000] {processor.py:183} INFO - Processing /home/airflow/.local/lib/python3.8/site-packages/airflow/example_dags/example_nested_branch_dag.py took 0.259 seconds
[2025-08-02T02:25:35.325+0000] {processor.py:161} INFO - Started process (PID=4048) to work on /home/airflow/.local/lib/python3.8/site-packages/airflow/example_dags/example_nested_branch_dag.py
[2025-08-02T02:25:35.328+0000] {processor.py:830} INFO - Processing file /home/airflow/.local/lib/python3.8/site-packages/airflow/example_dags/example_nested_branch_dag.py for tasks to queue
[2025-08-02T02:25:35.335+0000] {logging_mixin.py:188} INFO - [2025-08-02T02:25:35.334+0000] {dagbag.py:540} INFO - Filling up the DagBag from /home/airflow/.local/lib/python3.8/site-packages/airflow/example_dags/example_nested_branch_dag.py
[2025-08-02T02:25:35.388+0000] {processor.py:840} INFO - DAG(s) 'example_nested_branch_dag' retrieved from /home/airflow/.local/lib/python3.8/site-packages/airflow/example_dags/example_nested_branch_dag.py
[2025-08-02T02:25:35.495+0000] {logging_mixin.py:188} INFO - [2025-08-02T02:25:35.495+0000] {dag.py:3047} INFO - Sync 1 DAGs
[2025-08-02T02:25:35.553+0000] {logging_mixin.py:188} INFO - [2025-08-02T02:25:35.551+0000] {dag.py:3834} INFO - Setting next_dagrun for example_nested_branch_dag to 2025-08-01 00:00:00+00:00, run_after=2025-08-02 00:00:00+00:00
[2025-08-02T02:25:35.614+0000] {processor.py:183} INFO - Processing /home/airflow/.local/lib/python3.8/site-packages/airflow/example_dags/example_nested_branch_dag.py took 0.302 seconds
[2025-08-02T02:26:06.433+0000] {processor.py:161} INFO - Started process (PID=4104) to work on /home/airflow/.local/lib/python3.8/site-packages/airflow/example_dags/example_nested_branch_dag.py
[2025-08-02T02:26:06.435+0000] {processor.py:830} INFO - Processing file /home/airflow/.local/lib/python3.8/site-packages/airflow/example_dags/example_nested_branch_dag.py for tasks to queue
[2025-08-02T02:26:06.438+0000] {logging_mixin.py:188} INFO - [2025-08-02T02:26:06.437+0000] {dagbag.py:540} INFO - Filling up the DagBag from /home/airflow/.local/lib/python3.8/site-packages/airflow/example_dags/example_nested_branch_dag.py
[2025-08-02T02:26:06.501+0000] {processor.py:840} INFO - DAG(s) 'example_nested_branch_dag' retrieved from /home/airflow/.local/lib/python3.8/site-packages/airflow/example_dags/example_nested_branch_dag.py
[2025-08-02T02:26:06.629+0000] {logging_mixin.py:188} INFO - [2025-08-02T02:26:06.628+0000] {dag.py:3047} INFO - Sync 1 DAGs
[2025-08-02T02:26:06.662+0000] {logging_mixin.py:188} INFO - [2025-08-02T02:26:06.661+0000] {dag.py:3834} INFO - Setting next_dagrun for example_nested_branch_dag to 2025-08-01 00:00:00+00:00, run_after=2025-08-02 00:00:00+00:00
[2025-08-02T02:26:06.694+0000] {processor.py:183} INFO - Processing /home/airflow/.local/lib/python3.8/site-packages/airflow/example_dags/example_nested_branch_dag.py took 0.284 seconds
[2025-08-02T02:26:39.962+0000] {processor.py:161} INFO - Started process (PID=4160) to work on /home/airflow/.local/lib/python3.8/site-packages/airflow/example_dags/example_nested_branch_dag.py
[2025-08-02T02:26:39.964+0000] {processor.py:830} INFO - Processing file /home/airflow/.local/lib/python3.8/site-packages/airflow/example_dags/example_nested_branch_dag.py for tasks to queue
[2025-08-02T02:26:39.965+0000] {logging_mixin.py:188} INFO - [2025-08-02T02:26:39.965+0000] {dagbag.py:540} INFO - Filling up the DagBag from /home/airflow/.local/lib/python3.8/site-packages/airflow/example_dags/example_nested_branch_dag.py
[2025-08-02T02:26:39.980+0000] {processor.py:840} INFO - DAG(s) 'example_nested_branch_dag' retrieved from /home/airflow/.local/lib/python3.8/site-packages/airflow/example_dags/example_nested_branch_dag.py
[2025-08-02T02:26:40.077+0000] {logging_mixin.py:188} INFO - [2025-08-02T02:26:40.075+0000] {dag.py:3047} INFO - Sync 1 DAGs
[2025-08-02T02:26:40.941+0000] {logging_mixin.py:188} INFO - [2025-08-02T02:26:40.940+0000] {dag.py:3834} INFO - Setting next_dagrun for example_nested_branch_dag to 2025-08-01 00:00:00+00:00, run_after=2025-08-02 00:00:00+00:00
[2025-08-02T02:26:41.539+0000] {processor.py:183} INFO - Processing /home/airflow/.local/lib/python3.8/site-packages/airflow/example_dags/example_nested_branch_dag.py took 1.580 seconds
[2025-08-02T02:27:16.301+0000] {processor.py:161} INFO - Started process (PID=4207) to work on /home/airflow/.local/lib/python3.8/site-packages/airflow/example_dags/example_nested_branch_dag.py
[2025-08-02T02:27:16.312+0000] {processor.py:830} INFO - Processing file /home/airflow/.local/lib/python3.8/site-packages/airflow/example_dags/example_nested_branch_dag.py for tasks to queue
[2025-08-02T02:27:16.320+0000] {logging_mixin.py:188} INFO - [2025-08-02T02:27:16.317+0000] {dagbag.py:540} INFO - Filling up the DagBag from /home/airflow/.local/lib/python3.8/site-packages/airflow/example_dags/example_nested_branch_dag.py
[2025-08-02T02:27:16.379+0000] {processor.py:840} INFO - DAG(s) 'example_nested_branch_dag' retrieved from /home/airflow/.local/lib/python3.8/site-packages/airflow/example_dags/example_nested_branch_dag.py
[2025-08-02T02:27:16.474+0000] {logging_mixin.py:188} INFO - [2025-08-02T02:27:16.473+0000] {dag.py:3047} INFO - Sync 1 DAGs
[2025-08-02T02:27:16.676+0000] {logging_mixin.py:188} INFO - [2025-08-02T02:27:16.676+0000] {dag.py:3834} INFO - Setting next_dagrun for example_nested_branch_dag to 2025-08-01 00:00:00+00:00, run_after=2025-08-02 00:00:00+00:00
[2025-08-02T02:27:16.796+0000] {processor.py:183} INFO - Processing /home/airflow/.local/lib/python3.8/site-packages/airflow/example_dags/example_nested_branch_dag.py took 0.541 seconds
[2025-08-02T02:27:47.831+0000] {processor.py:161} INFO - Started process (PID=4263) to work on /home/airflow/.local/lib/python3.8/site-packages/airflow/example_dags/example_nested_branch_dag.py
[2025-08-02T02:27:47.841+0000] {processor.py:830} INFO - Processing file /home/airflow/.local/lib/python3.8/site-packages/airflow/example_dags/example_nested_branch_dag.py for tasks to queue
[2025-08-02T02:27:47.843+0000] {logging_mixin.py:188} INFO - [2025-08-02T02:27:47.842+0000] {dagbag.py:540} INFO - Filling up the DagBag from /home/airflow/.local/lib/python3.8/site-packages/airflow/example_dags/example_nested_branch_dag.py
[2025-08-02T02:27:47.870+0000] {processor.py:840} INFO - DAG(s) 'example_nested_branch_dag' retrieved from /home/airflow/.local/lib/python3.8/site-packages/airflow/example_dags/example_nested_branch_dag.py
[2025-08-02T02:27:47.951+0000] {logging_mixin.py:188} INFO - [2025-08-02T02:27:47.951+0000] {dag.py:3047} INFO - Sync 1 DAGs
[2025-08-02T02:27:47.982+0000] {logging_mixin.py:188} INFO - [2025-08-02T02:27:47.982+0000] {dag.py:3834} INFO - Setting next_dagrun for example_nested_branch_dag to 2025-08-01 00:00:00+00:00, run_after=2025-08-02 00:00:00+00:00
[2025-08-02T02:27:48.003+0000] {processor.py:183} INFO - Processing /home/airflow/.local/lib/python3.8/site-packages/airflow/example_dags/example_nested_branch_dag.py took 0.195 seconds
[2025-08-02T02:28:18.656+0000] {processor.py:161} INFO - Started process (PID=4319) to work on /home/airflow/.local/lib/python3.8/site-packages/airflow/example_dags/example_nested_branch_dag.py
[2025-08-02T02:28:18.660+0000] {processor.py:830} INFO - Processing file /home/airflow/.local/lib/python3.8/site-packages/airflow/example_dags/example_nested_branch_dag.py for tasks to queue
[2025-08-02T02:28:18.665+0000] {logging_mixin.py:188} INFO - [2025-08-02T02:28:18.663+0000] {dagbag.py:540} INFO - Filling up the DagBag from /home/airflow/.local/lib/python3.8/site-packages/airflow/example_dags/example_nested_branch_dag.py
[2025-08-02T02:28:18.712+0000] {processor.py:840} INFO - DAG(s) 'example_nested_branch_dag' retrieved from /home/airflow/.local/lib/python3.8/site-packages/airflow/example_dags/example_nested_branch_dag.py
[2025-08-02T02:28:18.780+0000] {logging_mixin.py:188} INFO - [2025-08-02T02:28:18.779+0000] {dag.py:3047} INFO - Sync 1 DAGs
[2025-08-02T02:28:18.823+0000] {logging_mixin.py:188} INFO - [2025-08-02T02:28:18.822+0000] {dag.py:3834} INFO - Setting next_dagrun for example_nested_branch_dag to 2025-08-01 00:00:00+00:00, run_after=2025-08-02 00:00:00+00:00
[2025-08-02T02:28:18.876+0000] {processor.py:183} INFO - Processing /home/airflow/.local/lib/python3.8/site-packages/airflow/example_dags/example_nested_branch_dag.py took 0.227 seconds
[2025-08-02T02:29:07.432+0000] {processor.py:161} INFO - Started process (PID=4379) to work on /home/airflow/.local/lib/python3.8/site-packages/airflow/example_dags/example_nested_branch_dag.py
[2025-08-02T02:29:07.438+0000] {processor.py:830} INFO - Processing file /home/airflow/.local/lib/python3.8/site-packages/airflow/example_dags/example_nested_branch_dag.py for tasks to queue
[2025-08-02T02:29:07.440+0000] {logging_mixin.py:188} INFO - [2025-08-02T02:29:07.439+0000] {dagbag.py:540} INFO - Filling up the DagBag from /home/airflow/.local/lib/python3.8/site-packages/airflow/example_dags/example_nested_branch_dag.py
[2025-08-02T02:29:07.481+0000] {processor.py:840} INFO - DAG(s) 'example_nested_branch_dag' retrieved from /home/airflow/.local/lib/python3.8/site-packages/airflow/example_dags/example_nested_branch_dag.py
[2025-08-02T02:29:07.626+0000] {logging_mixin.py:188} INFO - [2025-08-02T02:29:07.625+0000] {dag.py:3047} INFO - Sync 1 DAGs
[2025-08-02T02:29:07.711+0000] {logging_mixin.py:188} INFO - [2025-08-02T02:29:07.710+0000] {dag.py:3834} INFO - Setting next_dagrun for example_nested_branch_dag to 2025-08-01 00:00:00+00:00, run_after=2025-08-02 00:00:00+00:00
[2025-08-02T02:29:07.791+0000] {processor.py:183} INFO - Processing /home/airflow/.local/lib/python3.8/site-packages/airflow/example_dags/example_nested_branch_dag.py took 0.365 seconds
[2025-08-02T02:29:38.119+0000] {processor.py:161} INFO - Started process (PID=4435) to work on /home/airflow/.local/lib/python3.8/site-packages/airflow/example_dags/example_nested_branch_dag.py
[2025-08-02T02:29:38.122+0000] {processor.py:830} INFO - Processing file /home/airflow/.local/lib/python3.8/site-packages/airflow/example_dags/example_nested_branch_dag.py for tasks to queue
[2025-08-02T02:29:38.124+0000] {logging_mixin.py:188} INFO - [2025-08-02T02:29:38.124+0000] {dagbag.py:540} INFO - Filling up the DagBag from /home/airflow/.local/lib/python3.8/site-packages/airflow/example_dags/example_nested_branch_dag.py
[2025-08-02T02:29:38.165+0000] {processor.py:840} INFO - DAG(s) 'example_nested_branch_dag' retrieved from /home/airflow/.local/lib/python3.8/site-packages/airflow/example_dags/example_nested_branch_dag.py
[2025-08-02T02:29:38.279+0000] {logging_mixin.py:188} INFO - [2025-08-02T02:29:38.279+0000] {dag.py:3047} INFO - Sync 1 DAGs
[2025-08-02T02:29:38.337+0000] {logging_mixin.py:188} INFO - [2025-08-02T02:29:38.335+0000] {dag.py:3834} INFO - Setting next_dagrun for example_nested_branch_dag to 2025-08-01 00:00:00+00:00, run_after=2025-08-02 00:00:00+00:00
[2025-08-02T02:29:38.401+0000] {processor.py:183} INFO - Processing /home/airflow/.local/lib/python3.8/site-packages/airflow/example_dags/example_nested_branch_dag.py took 0.315 seconds
[2025-08-02T02:30:20.212+0000] {processor.py:161} INFO - Started process (PID=4483) to work on /home/airflow/.local/lib/python3.8/site-packages/airflow/example_dags/example_nested_branch_dag.py
[2025-08-02T02:30:20.216+0000] {processor.py:830} INFO - Processing file /home/airflow/.local/lib/python3.8/site-packages/airflow/example_dags/example_nested_branch_dag.py for tasks to queue
[2025-08-02T02:30:20.218+0000] {logging_mixin.py:188} INFO - [2025-08-02T02:30:20.217+0000] {dagbag.py:540} INFO - Filling up the DagBag from /home/airflow/.local/lib/python3.8/site-packages/airflow/example_dags/example_nested_branch_dag.py
[2025-08-02T02:30:20.243+0000] {processor.py:840} INFO - DAG(s) 'example_nested_branch_dag' retrieved from /home/airflow/.local/lib/python3.8/site-packages/airflow/example_dags/example_nested_branch_dag.py
[2025-08-02T02:30:20.271+0000] {logging_mixin.py:188} INFO - [2025-08-02T02:30:20.271+0000] {dag.py:3047} INFO - Sync 1 DAGs
[2025-08-02T02:30:20.292+0000] {logging_mixin.py:188} INFO - [2025-08-02T02:30:20.292+0000] {dag.py:3834} INFO - Setting next_dagrun for example_nested_branch_dag to 2025-08-01 00:00:00+00:00, run_after=2025-08-02 00:00:00+00:00
[2025-08-02T02:30:20.310+0000] {processor.py:183} INFO - Processing /home/airflow/.local/lib/python3.8/site-packages/airflow/example_dags/example_nested_branch_dag.py took 0.102 seconds
[2025-08-02T02:30:51.622+0000] {processor.py:161} INFO - Started process (PID=4539) to work on /home/airflow/.local/lib/python3.8/site-packages/airflow/example_dags/example_nested_branch_dag.py
[2025-08-02T02:30:51.629+0000] {processor.py:830} INFO - Processing file /home/airflow/.local/lib/python3.8/site-packages/airflow/example_dags/example_nested_branch_dag.py for tasks to queue
[2025-08-02T02:30:51.637+0000] {logging_mixin.py:188} INFO - [2025-08-02T02:30:51.635+0000] {dagbag.py:540} INFO - Filling up the DagBag from /home/airflow/.local/lib/python3.8/site-packages/airflow/example_dags/example_nested_branch_dag.py
[2025-08-02T02:30:51.774+0000] {processor.py:840} INFO - DAG(s) 'example_nested_branch_dag' retrieved from /home/airflow/.local/lib/python3.8/site-packages/airflow/example_dags/example_nested_branch_dag.py
[2025-08-02T02:30:51.902+0000] {logging_mixin.py:188} INFO - [2025-08-02T02:30:51.901+0000] {dag.py:3047} INFO - Sync 1 DAGs
[2025-08-02T02:30:51.973+0000] {logging_mixin.py:188} INFO - [2025-08-02T02:30:51.972+0000] {dag.py:3834} INFO - Setting next_dagrun for example_nested_branch_dag to 2025-08-01 00:00:00+00:00, run_after=2025-08-02 00:00:00+00:00
[2025-08-02T02:30:52.078+0000] {processor.py:183} INFO - Processing /home/airflow/.local/lib/python3.8/site-packages/airflow/example_dags/example_nested_branch_dag.py took 0.488 seconds
[2025-08-02T02:36:49.752+0000] {processor.py:161} INFO - Started process (PID=80) to work on /home/airflow/.local/lib/python3.8/site-packages/airflow/example_dags/example_nested_branch_dag.py
[2025-08-02T02:36:49.756+0000] {processor.py:830} INFO - Processing file /home/airflow/.local/lib/python3.8/site-packages/airflow/example_dags/example_nested_branch_dag.py for tasks to queue
[2025-08-02T02:36:49.763+0000] {logging_mixin.py:188} INFO - [2025-08-02T02:36:49.762+0000] {dagbag.py:540} INFO - Filling up the DagBag from /home/airflow/.local/lib/python3.8/site-packages/airflow/example_dags/example_nested_branch_dag.py
[2025-08-02T02:36:49.815+0000] {processor.py:840} INFO - DAG(s) 'example_nested_branch_dag' retrieved from /home/airflow/.local/lib/python3.8/site-packages/airflow/example_dags/example_nested_branch_dag.py
[2025-08-02T02:36:50.218+0000] {logging_mixin.py:188} INFO - [2025-08-02T02:36:50.215+0000] {dag.py:3047} INFO - Sync 1 DAGs
[2025-08-02T02:36:50.321+0000] {logging_mixin.py:188} INFO - [2025-08-02T02:36:50.320+0000] {dag.py:3834} INFO - Setting next_dagrun for example_nested_branch_dag to 2025-08-01 00:00:00+00:00, run_after=2025-08-02 00:00:00+00:00
[2025-08-02T02:36:50.444+0000] {processor.py:183} INFO - Processing /home/airflow/.local/lib/python3.8/site-packages/airflow/example_dags/example_nested_branch_dag.py took 0.701 seconds
[2025-08-02T02:37:21.732+0000] {processor.py:161} INFO - Started process (PID=136) to work on /home/airflow/.local/lib/python3.8/site-packages/airflow/example_dags/example_nested_branch_dag.py
[2025-08-02T02:37:21.738+0000] {processor.py:830} INFO - Processing file /home/airflow/.local/lib/python3.8/site-packages/airflow/example_dags/example_nested_branch_dag.py for tasks to queue
[2025-08-02T02:37:21.807+0000] {logging_mixin.py:188} INFO - [2025-08-02T02:37:21.775+0000] {dagbag.py:540} INFO - Filling up the DagBag from /home/airflow/.local/lib/python3.8/site-packages/airflow/example_dags/example_nested_branch_dag.py
[2025-08-02T02:37:21.869+0000] {processor.py:840} INFO - DAG(s) 'example_nested_branch_dag' retrieved from /home/airflow/.local/lib/python3.8/site-packages/airflow/example_dags/example_nested_branch_dag.py
[2025-08-02T02:37:22.052+0000] {logging_mixin.py:188} INFO - [2025-08-02T02:37:22.051+0000] {dag.py:3047} INFO - Sync 1 DAGs
[2025-08-02T02:37:22.237+0000] {logging_mixin.py:188} INFO - [2025-08-02T02:37:22.227+0000] {dag.py:3834} INFO - Setting next_dagrun for example_nested_branch_dag to 2025-08-01 00:00:00+00:00, run_after=2025-08-02 00:00:00+00:00
[2025-08-02T02:37:22.317+0000] {processor.py:183} INFO - Processing /home/airflow/.local/lib/python3.8/site-packages/airflow/example_dags/example_nested_branch_dag.py took 0.629 seconds
[2025-08-02T02:37:52.989+0000] {processor.py:161} INFO - Started process (PID=192) to work on /home/airflow/.local/lib/python3.8/site-packages/airflow/example_dags/example_nested_branch_dag.py
[2025-08-02T02:37:52.995+0000] {processor.py:830} INFO - Processing file /home/airflow/.local/lib/python3.8/site-packages/airflow/example_dags/example_nested_branch_dag.py for tasks to queue
[2025-08-02T02:37:53.000+0000] {logging_mixin.py:188} INFO - [2025-08-02T02:37:52.999+0000] {dagbag.py:540} INFO - Filling up the DagBag from /home/airflow/.local/lib/python3.8/site-packages/airflow/example_dags/example_nested_branch_dag.py
[2025-08-02T02:37:53.033+0000] {processor.py:840} INFO - DAG(s) 'example_nested_branch_dag' retrieved from /home/airflow/.local/lib/python3.8/site-packages/airflow/example_dags/example_nested_branch_dag.py
[2025-08-02T02:37:53.175+0000] {logging_mixin.py:188} INFO - [2025-08-02T02:37:53.174+0000] {dag.py:3047} INFO - Sync 1 DAGs
[2025-08-02T02:37:53.269+0000] {logging_mixin.py:188} INFO - [2025-08-02T02:37:53.269+0000] {dag.py:3834} INFO - Setting next_dagrun for example_nested_branch_dag to 2025-08-01 00:00:00+00:00, run_after=2025-08-02 00:00:00+00:00
[2025-08-02T02:37:53.318+0000] {processor.py:183} INFO - Processing /home/airflow/.local/lib/python3.8/site-packages/airflow/example_dags/example_nested_branch_dag.py took 0.341 seconds
[2025-08-02T02:38:23.819+0000] {processor.py:161} INFO - Started process (PID=248) to work on /home/airflow/.local/lib/python3.8/site-packages/airflow/example_dags/example_nested_branch_dag.py
[2025-08-02T02:38:23.821+0000] {processor.py:830} INFO - Processing file /home/airflow/.local/lib/python3.8/site-packages/airflow/example_dags/example_nested_branch_dag.py for tasks to queue
[2025-08-02T02:38:23.826+0000] {logging_mixin.py:188} INFO - [2025-08-02T02:38:23.825+0000] {dagbag.py:540} INFO - Filling up the DagBag from /home/airflow/.local/lib/python3.8/site-packages/airflow/example_dags/example_nested_branch_dag.py
[2025-08-02T02:38:23.841+0000] {processor.py:840} INFO - DAG(s) 'example_nested_branch_dag' retrieved from /home/airflow/.local/lib/python3.8/site-packages/airflow/example_dags/example_nested_branch_dag.py
[2025-08-02T02:38:23.893+0000] {logging_mixin.py:188} INFO - [2025-08-02T02:38:23.892+0000] {dag.py:3047} INFO - Sync 1 DAGs
[2025-08-02T02:38:23.917+0000] {logging_mixin.py:188} INFO - [2025-08-02T02:38:23.917+0000] {dag.py:3834} INFO - Setting next_dagrun for example_nested_branch_dag to 2025-08-01 00:00:00+00:00, run_after=2025-08-02 00:00:00+00:00
[2025-08-02T02:38:23.956+0000] {processor.py:183} INFO - Processing /home/airflow/.local/lib/python3.8/site-packages/airflow/example_dags/example_nested_branch_dag.py took 0.152 seconds
[2025-08-02T02:38:54.044+0000] {processor.py:161} INFO - Started process (PID=304) to work on /home/airflow/.local/lib/python3.8/site-packages/airflow/example_dags/example_nested_branch_dag.py
[2025-08-02T02:38:54.053+0000] {processor.py:830} INFO - Processing file /home/airflow/.local/lib/python3.8/site-packages/airflow/example_dags/example_nested_branch_dag.py for tasks to queue
[2025-08-02T02:38:54.086+0000] {logging_mixin.py:188} INFO - [2025-08-02T02:38:54.085+0000] {dagbag.py:540} INFO - Filling up the DagBag from /home/airflow/.local/lib/python3.8/site-packages/airflow/example_dags/example_nested_branch_dag.py
[2025-08-02T02:38:54.126+0000] {processor.py:840} INFO - DAG(s) 'example_nested_branch_dag' retrieved from /home/airflow/.local/lib/python3.8/site-packages/airflow/example_dags/example_nested_branch_dag.py
[2025-08-02T02:38:54.299+0000] {logging_mixin.py:188} INFO - [2025-08-02T02:38:54.298+0000] {dag.py:3047} INFO - Sync 1 DAGs
[2025-08-02T02:38:54.382+0000] {logging_mixin.py:188} INFO - [2025-08-02T02:38:54.382+0000] {dag.py:3834} INFO - Setting next_dagrun for example_nested_branch_dag to 2025-08-01 00:00:00+00:00, run_after=2025-08-02 00:00:00+00:00
[2025-08-02T02:38:54.439+0000] {processor.py:183} INFO - Processing /home/airflow/.local/lib/python3.8/site-packages/airflow/example_dags/example_nested_branch_dag.py took 0.441 seconds
[2025-08-02T02:39:25.181+0000] {processor.py:161} INFO - Started process (PID=359) to work on /home/airflow/.local/lib/python3.8/site-packages/airflow/example_dags/example_nested_branch_dag.py
[2025-08-02T02:39:25.185+0000] {processor.py:830} INFO - Processing file /home/airflow/.local/lib/python3.8/site-packages/airflow/example_dags/example_nested_branch_dag.py for tasks to queue
[2025-08-02T02:39:25.189+0000] {logging_mixin.py:188} INFO - [2025-08-02T02:39:25.189+0000] {dagbag.py:540} INFO - Filling up the DagBag from /home/airflow/.local/lib/python3.8/site-packages/airflow/example_dags/example_nested_branch_dag.py
[2025-08-02T02:39:25.214+0000] {processor.py:840} INFO - DAG(s) 'example_nested_branch_dag' retrieved from /home/airflow/.local/lib/python3.8/site-packages/airflow/example_dags/example_nested_branch_dag.py
[2025-08-02T02:39:25.265+0000] {logging_mixin.py:188} INFO - [2025-08-02T02:39:25.265+0000] {dag.py:3047} INFO - Sync 1 DAGs
[2025-08-02T02:39:25.300+0000] {logging_mixin.py:188} INFO - [2025-08-02T02:39:25.299+0000] {dag.py:3834} INFO - Setting next_dagrun for example_nested_branch_dag to 2025-08-01 00:00:00+00:00, run_after=2025-08-02 00:00:00+00:00
[2025-08-02T02:39:25.321+0000] {processor.py:183} INFO - Processing /home/airflow/.local/lib/python3.8/site-packages/airflow/example_dags/example_nested_branch_dag.py took 0.167 seconds
[2025-08-02T02:39:56.051+0000] {processor.py:161} INFO - Started process (PID=415) to work on /home/airflow/.local/lib/python3.8/site-packages/airflow/example_dags/example_nested_branch_dag.py
[2025-08-02T02:39:56.061+0000] {processor.py:830} INFO - Processing file /home/airflow/.local/lib/python3.8/site-packages/airflow/example_dags/example_nested_branch_dag.py for tasks to queue
[2025-08-02T02:39:56.085+0000] {logging_mixin.py:188} INFO - [2025-08-02T02:39:56.084+0000] {dagbag.py:540} INFO - Filling up the DagBag from /home/airflow/.local/lib/python3.8/site-packages/airflow/example_dags/example_nested_branch_dag.py
[2025-08-02T02:39:56.133+0000] {processor.py:840} INFO - DAG(s) 'example_nested_branch_dag' retrieved from /home/airflow/.local/lib/python3.8/site-packages/airflow/example_dags/example_nested_branch_dag.py
[2025-08-02T02:39:56.234+0000] {logging_mixin.py:188} INFO - [2025-08-02T02:39:56.233+0000] {dag.py:3047} INFO - Sync 1 DAGs
[2025-08-02T02:39:56.282+0000] {logging_mixin.py:188} INFO - [2025-08-02T02:39:56.282+0000] {dag.py:3834} INFO - Setting next_dagrun for example_nested_branch_dag to 2025-08-01 00:00:00+00:00, run_after=2025-08-02 00:00:00+00:00
[2025-08-02T02:39:56.305+0000] {processor.py:183} INFO - Processing /home/airflow/.local/lib/python3.8/site-packages/airflow/example_dags/example_nested_branch_dag.py took 0.285 seconds
[2025-08-02T02:40:27.446+0000] {processor.py:161} INFO - Started process (PID=471) to work on /home/airflow/.local/lib/python3.8/site-packages/airflow/example_dags/example_nested_branch_dag.py
[2025-08-02T02:40:27.449+0000] {processor.py:830} INFO - Processing file /home/airflow/.local/lib/python3.8/site-packages/airflow/example_dags/example_nested_branch_dag.py for tasks to queue
[2025-08-02T02:40:27.454+0000] {logging_mixin.py:188} INFO - [2025-08-02T02:40:27.453+0000] {dagbag.py:540} INFO - Filling up the DagBag from /home/airflow/.local/lib/python3.8/site-packages/airflow/example_dags/example_nested_branch_dag.py
[2025-08-02T02:40:27.472+0000] {processor.py:840} INFO - DAG(s) 'example_nested_branch_dag' retrieved from /home/airflow/.local/lib/python3.8/site-packages/airflow/example_dags/example_nested_branch_dag.py
[2025-08-02T02:40:27.529+0000] {logging_mixin.py:188} INFO - [2025-08-02T02:40:27.529+0000] {dag.py:3047} INFO - Sync 1 DAGs
[2025-08-02T02:40:27.576+0000] {logging_mixin.py:188} INFO - [2025-08-02T02:40:27.575+0000] {dag.py:3834} INFO - Setting next_dagrun for example_nested_branch_dag to 2025-08-01 00:00:00+00:00, run_after=2025-08-02 00:00:00+00:00
[2025-08-02T02:40:27.602+0000] {processor.py:183} INFO - Processing /home/airflow/.local/lib/python3.8/site-packages/airflow/example_dags/example_nested_branch_dag.py took 0.187 seconds
[2025-08-02T02:40:58.397+0000] {processor.py:161} INFO - Started process (PID=527) to work on /home/airflow/.local/lib/python3.8/site-packages/airflow/example_dags/example_nested_branch_dag.py
[2025-08-02T02:40:58.404+0000] {processor.py:830} INFO - Processing file /home/airflow/.local/lib/python3.8/site-packages/airflow/example_dags/example_nested_branch_dag.py for tasks to queue
[2025-08-02T02:40:58.408+0000] {logging_mixin.py:188} INFO - [2025-08-02T02:40:58.407+0000] {dagbag.py:540} INFO - Filling up the DagBag from /home/airflow/.local/lib/python3.8/site-packages/airflow/example_dags/example_nested_branch_dag.py
[2025-08-02T02:40:58.431+0000] {processor.py:840} INFO - DAG(s) 'example_nested_branch_dag' retrieved from /home/airflow/.local/lib/python3.8/site-packages/airflow/example_dags/example_nested_branch_dag.py
[2025-08-02T02:40:58.485+0000] {logging_mixin.py:188} INFO - [2025-08-02T02:40:58.485+0000] {dag.py:3047} INFO - Sync 1 DAGs
[2025-08-02T02:40:58.532+0000] {logging_mixin.py:188} INFO - [2025-08-02T02:40:58.532+0000] {dag.py:3834} INFO - Setting next_dagrun for example_nested_branch_dag to 2025-08-01 00:00:00+00:00, run_after=2025-08-02 00:00:00+00:00
[2025-08-02T02:40:58.553+0000] {processor.py:183} INFO - Processing /home/airflow/.local/lib/python3.8/site-packages/airflow/example_dags/example_nested_branch_dag.py took 0.208 seconds
[2025-08-02T02:41:29.473+0000] {processor.py:161} INFO - Started process (PID=583) to work on /home/airflow/.local/lib/python3.8/site-packages/airflow/example_dags/example_nested_branch_dag.py
[2025-08-02T02:41:29.483+0000] {processor.py:830} INFO - Processing file /home/airflow/.local/lib/python3.8/site-packages/airflow/example_dags/example_nested_branch_dag.py for tasks to queue
[2025-08-02T02:41:29.507+0000] {logging_mixin.py:188} INFO - [2025-08-02T02:41:29.506+0000] {dagbag.py:540} INFO - Filling up the DagBag from /home/airflow/.local/lib/python3.8/site-packages/airflow/example_dags/example_nested_branch_dag.py
[2025-08-02T02:41:29.549+0000] {processor.py:840} INFO - DAG(s) 'example_nested_branch_dag' retrieved from /home/airflow/.local/lib/python3.8/site-packages/airflow/example_dags/example_nested_branch_dag.py
[2025-08-02T02:41:29.619+0000] {logging_mixin.py:188} INFO - [2025-08-02T02:41:29.619+0000] {dag.py:3047} INFO - Sync 1 DAGs
[2025-08-02T02:41:29.646+0000] {logging_mixin.py:188} INFO - [2025-08-02T02:41:29.646+0000] {dag.py:3834} INFO - Setting next_dagrun for example_nested_branch_dag to 2025-08-01 00:00:00+00:00, run_after=2025-08-02 00:00:00+00:00
[2025-08-02T02:41:29.677+0000] {processor.py:183} INFO - Processing /home/airflow/.local/lib/python3.8/site-packages/airflow/example_dags/example_nested_branch_dag.py took 0.258 seconds
[2025-08-02T02:41:59.849+0000] {processor.py:161} INFO - Started process (PID=639) to work on /home/airflow/.local/lib/python3.8/site-packages/airflow/example_dags/example_nested_branch_dag.py
[2025-08-02T02:41:59.851+0000] {processor.py:830} INFO - Processing file /home/airflow/.local/lib/python3.8/site-packages/airflow/example_dags/example_nested_branch_dag.py for tasks to queue
[2025-08-02T02:41:59.854+0000] {logging_mixin.py:188} INFO - [2025-08-02T02:41:59.854+0000] {dagbag.py:540} INFO - Filling up the DagBag from /home/airflow/.local/lib/python3.8/site-packages/airflow/example_dags/example_nested_branch_dag.py
[2025-08-02T02:41:59.879+0000] {processor.py:840} INFO - DAG(s) 'example_nested_branch_dag' retrieved from /home/airflow/.local/lib/python3.8/site-packages/airflow/example_dags/example_nested_branch_dag.py
[2025-08-02T02:41:59.937+0000] {logging_mixin.py:188} INFO - [2025-08-02T02:41:59.937+0000] {dag.py:3047} INFO - Sync 1 DAGs
[2025-08-02T02:41:59.981+0000] {logging_mixin.py:188} INFO - [2025-08-02T02:41:59.981+0000] {dag.py:3834} INFO - Setting next_dagrun for example_nested_branch_dag to 2025-08-01 00:00:00+00:00, run_after=2025-08-02 00:00:00+00:00
[2025-08-02T02:42:00.004+0000] {processor.py:183} INFO - Processing /home/airflow/.local/lib/python3.8/site-packages/airflow/example_dags/example_nested_branch_dag.py took 0.161 seconds
[2025-08-02T02:42:30.782+0000] {processor.py:161} INFO - Started process (PID=695) to work on /home/airflow/.local/lib/python3.8/site-packages/airflow/example_dags/example_nested_branch_dag.py
[2025-08-02T02:42:30.787+0000] {processor.py:830} INFO - Processing file /home/airflow/.local/lib/python3.8/site-packages/airflow/example_dags/example_nested_branch_dag.py for tasks to queue
[2025-08-02T02:42:30.814+0000] {logging_mixin.py:188} INFO - [2025-08-02T02:42:30.813+0000] {dagbag.py:540} INFO - Filling up the DagBag from /home/airflow/.local/lib/python3.8/site-packages/airflow/example_dags/example_nested_branch_dag.py
[2025-08-02T02:42:30.847+0000] {processor.py:840} INFO - DAG(s) 'example_nested_branch_dag' retrieved from /home/airflow/.local/lib/python3.8/site-packages/airflow/example_dags/example_nested_branch_dag.py
[2025-08-02T02:42:30.947+0000] {logging_mixin.py:188} INFO - [2025-08-02T02:42:30.946+0000] {dag.py:3047} INFO - Sync 1 DAGs
[2025-08-02T02:42:30.993+0000] {logging_mixin.py:188} INFO - [2025-08-02T02:42:30.993+0000] {dag.py:3834} INFO - Setting next_dagrun for example_nested_branch_dag to 2025-08-01 00:00:00+00:00, run_after=2025-08-02 00:00:00+00:00
[2025-08-02T02:42:31.037+0000] {processor.py:183} INFO - Processing /home/airflow/.local/lib/python3.8/site-packages/airflow/example_dags/example_nested_branch_dag.py took 0.265 seconds
[2025-08-02T02:46:22.524+0000] {processor.py:161} INFO - Started process (PID=80) to work on /home/airflow/.local/lib/python3.8/site-packages/airflow/example_dags/example_nested_branch_dag.py
[2025-08-02T02:46:22.529+0000] {processor.py:830} INFO - Processing file /home/airflow/.local/lib/python3.8/site-packages/airflow/example_dags/example_nested_branch_dag.py for tasks to queue
[2025-08-02T02:46:22.535+0000] {logging_mixin.py:188} INFO - [2025-08-02T02:46:22.535+0000] {dagbag.py:540} INFO - Filling up the DagBag from /home/airflow/.local/lib/python3.8/site-packages/airflow/example_dags/example_nested_branch_dag.py
[2025-08-02T02:46:22.602+0000] {processor.py:840} INFO - DAG(s) 'example_nested_branch_dag' retrieved from /home/airflow/.local/lib/python3.8/site-packages/airflow/example_dags/example_nested_branch_dag.py
[2025-08-02T02:46:22.873+0000] {logging_mixin.py:188} INFO - [2025-08-02T02:46:22.872+0000] {dag.py:3047} INFO - Sync 1 DAGs
[2025-08-02T02:46:22.907+0000] {logging_mixin.py:188} INFO - [2025-08-02T02:46:22.906+0000] {dag.py:3834} INFO - Setting next_dagrun for example_nested_branch_dag to 2025-08-01 00:00:00+00:00, run_after=2025-08-02 00:00:00+00:00
[2025-08-02T02:46:22.968+0000] {processor.py:183} INFO - Processing /home/airflow/.local/lib/python3.8/site-packages/airflow/example_dags/example_nested_branch_dag.py took 0.503 seconds
[2025-08-02T02:47:03.828+0000] {processor.py:161} INFO - Started process (PID=137) to work on /home/airflow/.local/lib/python3.8/site-packages/airflow/example_dags/example_nested_branch_dag.py
[2025-08-02T02:47:03.843+0000] {processor.py:830} INFO - Processing file /home/airflow/.local/lib/python3.8/site-packages/airflow/example_dags/example_nested_branch_dag.py for tasks to queue
[2025-08-02T02:47:03.868+0000] {logging_mixin.py:188} INFO - [2025-08-02T02:47:03.864+0000] {dagbag.py:540} INFO - Filling up the DagBag from /home/airflow/.local/lib/python3.8/site-packages/airflow/example_dags/example_nested_branch_dag.py
[2025-08-02T02:47:03.995+0000] {processor.py:840} INFO - DAG(s) 'example_nested_branch_dag' retrieved from /home/airflow/.local/lib/python3.8/site-packages/airflow/example_dags/example_nested_branch_dag.py
[2025-08-02T02:47:04.121+0000] {logging_mixin.py:188} INFO - [2025-08-02T02:47:04.119+0000] {dag.py:3047} INFO - Sync 1 DAGs
[2025-08-02T02:47:04.266+0000] {logging_mixin.py:188} INFO - [2025-08-02T02:47:04.263+0000] {dag.py:3834} INFO - Setting next_dagrun for example_nested_branch_dag to 2025-08-01 00:00:00+00:00, run_after=2025-08-02 00:00:00+00:00
[2025-08-02T02:47:04.361+0000] {processor.py:183} INFO - Processing /home/airflow/.local/lib/python3.8/site-packages/airflow/example_dags/example_nested_branch_dag.py took 0.554 seconds
[2025-08-02T02:47:35.045+0000] {processor.py:161} INFO - Started process (PID=193) to work on /home/airflow/.local/lib/python3.8/site-packages/airflow/example_dags/example_nested_branch_dag.py
[2025-08-02T02:47:35.048+0000] {processor.py:830} INFO - Processing file /home/airflow/.local/lib/python3.8/site-packages/airflow/example_dags/example_nested_branch_dag.py for tasks to queue
[2025-08-02T02:47:35.050+0000] {logging_mixin.py:188} INFO - [2025-08-02T02:47:35.049+0000] {dagbag.py:540} INFO - Filling up the DagBag from /home/airflow/.local/lib/python3.8/site-packages/airflow/example_dags/example_nested_branch_dag.py
[2025-08-02T02:47:35.059+0000] {processor.py:840} INFO - DAG(s) 'example_nested_branch_dag' retrieved from /home/airflow/.local/lib/python3.8/site-packages/airflow/example_dags/example_nested_branch_dag.py
[2025-08-02T02:47:35.144+0000] {logging_mixin.py:188} INFO - [2025-08-02T02:47:35.144+0000] {dag.py:3047} INFO - Sync 1 DAGs
[2025-08-02T02:47:35.156+0000] {logging_mixin.py:188} INFO - [2025-08-02T02:47:35.156+0000] {dag.py:3834} INFO - Setting next_dagrun for example_nested_branch_dag to 2025-08-01 00:00:00+00:00, run_after=2025-08-02 00:00:00+00:00
[2025-08-02T02:47:35.165+0000] {processor.py:183} INFO - Processing /home/airflow/.local/lib/python3.8/site-packages/airflow/example_dags/example_nested_branch_dag.py took 0.124 seconds
[2025-08-02T02:48:05.236+0000] {processor.py:161} INFO - Started process (PID=248) to work on /home/airflow/.local/lib/python3.8/site-packages/airflow/example_dags/example_nested_branch_dag.py
[2025-08-02T02:48:05.238+0000] {processor.py:830} INFO - Processing file /home/airflow/.local/lib/python3.8/site-packages/airflow/example_dags/example_nested_branch_dag.py for tasks to queue
[2025-08-02T02:48:05.240+0000] {logging_mixin.py:188} INFO - [2025-08-02T02:48:05.240+0000] {dagbag.py:540} INFO - Filling up the DagBag from /home/airflow/.local/lib/python3.8/site-packages/airflow/example_dags/example_nested_branch_dag.py
[2025-08-02T02:48:05.253+0000] {processor.py:840} INFO - DAG(s) 'example_nested_branch_dag' retrieved from /home/airflow/.local/lib/python3.8/site-packages/airflow/example_dags/example_nested_branch_dag.py
[2025-08-02T02:48:05.298+0000] {logging_mixin.py:188} INFO - [2025-08-02T02:48:05.297+0000] {dag.py:3047} INFO - Sync 1 DAGs
[2025-08-02T02:48:05.345+0000] {logging_mixin.py:188} INFO - [2025-08-02T02:48:05.345+0000] {dag.py:3834} INFO - Setting next_dagrun for example_nested_branch_dag to 2025-08-01 00:00:00+00:00, run_after=2025-08-02 00:00:00+00:00
[2025-08-02T02:48:05.373+0000] {processor.py:183} INFO - Processing /home/airflow/.local/lib/python3.8/site-packages/airflow/example_dags/example_nested_branch_dag.py took 0.140 seconds
[2025-08-02T02:48:36.321+0000] {processor.py:161} INFO - Started process (PID=304) to work on /home/airflow/.local/lib/python3.8/site-packages/airflow/example_dags/example_nested_branch_dag.py
[2025-08-02T02:48:36.322+0000] {processor.py:830} INFO - Processing file /home/airflow/.local/lib/python3.8/site-packages/airflow/example_dags/example_nested_branch_dag.py for tasks to queue
[2025-08-02T02:48:36.323+0000] {logging_mixin.py:188} INFO - [2025-08-02T02:48:36.323+0000] {dagbag.py:540} INFO - Filling up the DagBag from /home/airflow/.local/lib/python3.8/site-packages/airflow/example_dags/example_nested_branch_dag.py
[2025-08-02T02:48:36.330+0000] {processor.py:840} INFO - DAG(s) 'example_nested_branch_dag' retrieved from /home/airflow/.local/lib/python3.8/site-packages/airflow/example_dags/example_nested_branch_dag.py
[2025-08-02T02:48:36.351+0000] {logging_mixin.py:188} INFO - [2025-08-02T02:48:36.351+0000] {dag.py:3047} INFO - Sync 1 DAGs
[2025-08-02T02:48:36.365+0000] {logging_mixin.py:188} INFO - [2025-08-02T02:48:36.365+0000] {dag.py:3834} INFO - Setting next_dagrun for example_nested_branch_dag to 2025-08-01 00:00:00+00:00, run_after=2025-08-02 00:00:00+00:00
[2025-08-02T02:48:36.376+0000] {processor.py:183} INFO - Processing /home/airflow/.local/lib/python3.8/site-packages/airflow/example_dags/example_nested_branch_dag.py took 0.057 seconds
[2025-08-02T02:49:06.635+0000] {processor.py:161} INFO - Started process (PID=360) to work on /home/airflow/.local/lib/python3.8/site-packages/airflow/example_dags/example_nested_branch_dag.py
[2025-08-02T02:49:06.636+0000] {processor.py:830} INFO - Processing file /home/airflow/.local/lib/python3.8/site-packages/airflow/example_dags/example_nested_branch_dag.py for tasks to queue
[2025-08-02T02:49:06.637+0000] {logging_mixin.py:188} INFO - [2025-08-02T02:49:06.637+0000] {dagbag.py:540} INFO - Filling up the DagBag from /home/airflow/.local/lib/python3.8/site-packages/airflow/example_dags/example_nested_branch_dag.py
[2025-08-02T02:49:06.646+0000] {processor.py:840} INFO - DAG(s) 'example_nested_branch_dag' retrieved from /home/airflow/.local/lib/python3.8/site-packages/airflow/example_dags/example_nested_branch_dag.py
[2025-08-02T02:49:06.712+0000] {logging_mixin.py:188} INFO - [2025-08-02T02:49:06.711+0000] {dag.py:3047} INFO - Sync 1 DAGs
[2025-08-02T02:49:06.730+0000] {logging_mixin.py:188} INFO - [2025-08-02T02:49:06.730+0000] {dag.py:3834} INFO - Setting next_dagrun for example_nested_branch_dag to 2025-08-01 00:00:00+00:00, run_after=2025-08-02 00:00:00+00:00
[2025-08-02T02:49:06.743+0000] {processor.py:183} INFO - Processing /home/airflow/.local/lib/python3.8/site-packages/airflow/example_dags/example_nested_branch_dag.py took 0.111 seconds
[2025-08-02T02:49:37.377+0000] {processor.py:161} INFO - Started process (PID=416) to work on /home/airflow/.local/lib/python3.8/site-packages/airflow/example_dags/example_nested_branch_dag.py
[2025-08-02T02:49:37.377+0000] {processor.py:830} INFO - Processing file /home/airflow/.local/lib/python3.8/site-packages/airflow/example_dags/example_nested_branch_dag.py for tasks to queue
[2025-08-02T02:49:37.378+0000] {logging_mixin.py:188} INFO - [2025-08-02T02:49:37.378+0000] {dagbag.py:540} INFO - Filling up the DagBag from /home/airflow/.local/lib/python3.8/site-packages/airflow/example_dags/example_nested_branch_dag.py
[2025-08-02T02:49:37.385+0000] {processor.py:840} INFO - DAG(s) 'example_nested_branch_dag' retrieved from /home/airflow/.local/lib/python3.8/site-packages/airflow/example_dags/example_nested_branch_dag.py
[2025-08-02T02:49:37.399+0000] {logging_mixin.py:188} INFO - [2025-08-02T02:49:37.398+0000] {dag.py:3047} INFO - Sync 1 DAGs
[2025-08-02T02:49:37.409+0000] {logging_mixin.py:188} INFO - [2025-08-02T02:49:37.409+0000] {dag.py:3834} INFO - Setting next_dagrun for example_nested_branch_dag to 2025-08-01 00:00:00+00:00, run_after=2025-08-02 00:00:00+00:00
[2025-08-02T02:49:37.417+0000] {processor.py:183} INFO - Processing /home/airflow/.local/lib/python3.8/site-packages/airflow/example_dags/example_nested_branch_dag.py took 0.043 seconds
[2025-08-02T02:50:07.947+0000] {processor.py:161} INFO - Started process (PID=472) to work on /home/airflow/.local/lib/python3.8/site-packages/airflow/example_dags/example_nested_branch_dag.py
[2025-08-02T02:50:07.949+0000] {processor.py:830} INFO - Processing file /home/airflow/.local/lib/python3.8/site-packages/airflow/example_dags/example_nested_branch_dag.py for tasks to queue
[2025-08-02T02:50:07.953+0000] {logging_mixin.py:188} INFO - [2025-08-02T02:50:07.953+0000] {dagbag.py:540} INFO - Filling up the DagBag from /home/airflow/.local/lib/python3.8/site-packages/airflow/example_dags/example_nested_branch_dag.py
[2025-08-02T02:50:07.966+0000] {processor.py:840} INFO - DAG(s) 'example_nested_branch_dag' retrieved from /home/airflow/.local/lib/python3.8/site-packages/airflow/example_dags/example_nested_branch_dag.py
[2025-08-02T02:50:08.013+0000] {logging_mixin.py:188} INFO - [2025-08-02T02:50:08.012+0000] {dag.py:3047} INFO - Sync 1 DAGs
[2025-08-02T02:50:08.044+0000] {logging_mixin.py:188} INFO - [2025-08-02T02:50:08.044+0000] {dag.py:3834} INFO - Setting next_dagrun for example_nested_branch_dag to 2025-08-01 00:00:00+00:00, run_after=2025-08-02 00:00:00+00:00
[2025-08-02T02:50:08.072+0000] {processor.py:183} INFO - Processing /home/airflow/.local/lib/python3.8/site-packages/airflow/example_dags/example_nested_branch_dag.py took 0.131 seconds
[2025-08-02T02:50:39.657+0000] {processor.py:161} INFO - Started process (PID=528) to work on /home/airflow/.local/lib/python3.8/site-packages/airflow/example_dags/example_nested_branch_dag.py
[2025-08-02T02:50:39.660+0000] {processor.py:830} INFO - Processing file /home/airflow/.local/lib/python3.8/site-packages/airflow/example_dags/example_nested_branch_dag.py for tasks to queue
[2025-08-02T02:50:39.663+0000] {logging_mixin.py:188} INFO - [2025-08-02T02:50:39.662+0000] {dagbag.py:540} INFO - Filling up the DagBag from /home/airflow/.local/lib/python3.8/site-packages/airflow/example_dags/example_nested_branch_dag.py
[2025-08-02T02:50:39.698+0000] {processor.py:840} INFO - DAG(s) 'example_nested_branch_dag' retrieved from /home/airflow/.local/lib/python3.8/site-packages/airflow/example_dags/example_nested_branch_dag.py
[2025-08-02T02:50:39.782+0000] {logging_mixin.py:188} INFO - [2025-08-02T02:50:39.781+0000] {dag.py:3047} INFO - Sync 1 DAGs
[2025-08-02T02:50:39.854+0000] {logging_mixin.py:188} INFO - [2025-08-02T02:50:39.852+0000] {dag.py:3834} INFO - Setting next_dagrun for example_nested_branch_dag to 2025-08-01 00:00:00+00:00, run_after=2025-08-02 00:00:00+00:00
[2025-08-02T02:50:39.908+0000] {processor.py:183} INFO - Processing /home/airflow/.local/lib/python3.8/site-packages/airflow/example_dags/example_nested_branch_dag.py took 0.260 seconds
[2025-08-02T02:51:11.003+0000] {processor.py:161} INFO - Started process (PID=584) to work on /home/airflow/.local/lib/python3.8/site-packages/airflow/example_dags/example_nested_branch_dag.py
[2025-08-02T02:51:11.004+0000] {processor.py:830} INFO - Processing file /home/airflow/.local/lib/python3.8/site-packages/airflow/example_dags/example_nested_branch_dag.py for tasks to queue
[2025-08-02T02:51:11.006+0000] {logging_mixin.py:188} INFO - [2025-08-02T02:51:11.005+0000] {dagbag.py:540} INFO - Filling up the DagBag from /home/airflow/.local/lib/python3.8/site-packages/airflow/example_dags/example_nested_branch_dag.py
[2025-08-02T02:51:11.012+0000] {processor.py:840} INFO - DAG(s) 'example_nested_branch_dag' retrieved from /home/airflow/.local/lib/python3.8/site-packages/airflow/example_dags/example_nested_branch_dag.py
[2025-08-02T02:51:11.032+0000] {logging_mixin.py:188} INFO - [2025-08-02T02:51:11.032+0000] {dag.py:3047} INFO - Sync 1 DAGs
[2025-08-02T02:51:11.067+0000] {logging_mixin.py:188} INFO - [2025-08-02T02:51:11.066+0000] {dag.py:3834} INFO - Setting next_dagrun for example_nested_branch_dag to 2025-08-01 00:00:00+00:00, run_after=2025-08-02 00:00:00+00:00
[2025-08-02T02:51:11.082+0000] {processor.py:183} INFO - Processing /home/airflow/.local/lib/python3.8/site-packages/airflow/example_dags/example_nested_branch_dag.py took 0.083 seconds
[2025-08-02T02:51:41.469+0000] {processor.py:161} INFO - Started process (PID=639) to work on /home/airflow/.local/lib/python3.8/site-packages/airflow/example_dags/example_nested_branch_dag.py
[2025-08-02T02:51:41.471+0000] {processor.py:830} INFO - Processing file /home/airflow/.local/lib/python3.8/site-packages/airflow/example_dags/example_nested_branch_dag.py for tasks to queue
[2025-08-02T02:51:41.473+0000] {logging_mixin.py:188} INFO - [2025-08-02T02:51:41.473+0000] {dagbag.py:540} INFO - Filling up the DagBag from /home/airflow/.local/lib/python3.8/site-packages/airflow/example_dags/example_nested_branch_dag.py
[2025-08-02T02:51:41.492+0000] {processor.py:840} INFO - DAG(s) 'example_nested_branch_dag' retrieved from /home/airflow/.local/lib/python3.8/site-packages/airflow/example_dags/example_nested_branch_dag.py
[2025-08-02T02:51:41.541+0000] {logging_mixin.py:188} INFO - [2025-08-02T02:51:41.540+0000] {dag.py:3047} INFO - Sync 1 DAGs
[2025-08-02T02:51:41.593+0000] {logging_mixin.py:188} INFO - [2025-08-02T02:51:41.593+0000] {dag.py:3834} INFO - Setting next_dagrun for example_nested_branch_dag to 2025-08-01 00:00:00+00:00, run_after=2025-08-02 00:00:00+00:00
[2025-08-02T02:51:41.625+0000] {processor.py:183} INFO - Processing /home/airflow/.local/lib/python3.8/site-packages/airflow/example_dags/example_nested_branch_dag.py took 0.163 seconds
[2025-08-02T02:52:12.011+0000] {processor.py:161} INFO - Started process (PID=694) to work on /home/airflow/.local/lib/python3.8/site-packages/airflow/example_dags/example_nested_branch_dag.py
[2025-08-02T02:52:12.012+0000] {processor.py:830} INFO - Processing file /home/airflow/.local/lib/python3.8/site-packages/airflow/example_dags/example_nested_branch_dag.py for tasks to queue
[2025-08-02T02:52:12.013+0000] {logging_mixin.py:188} INFO - [2025-08-02T02:52:12.013+0000] {dagbag.py:540} INFO - Filling up the DagBag from /home/airflow/.local/lib/python3.8/site-packages/airflow/example_dags/example_nested_branch_dag.py
[2025-08-02T02:52:12.019+0000] {processor.py:840} INFO - DAG(s) 'example_nested_branch_dag' retrieved from /home/airflow/.local/lib/python3.8/site-packages/airflow/example_dags/example_nested_branch_dag.py
[2025-08-02T02:52:12.038+0000] {logging_mixin.py:188} INFO - [2025-08-02T02:52:12.038+0000] {dag.py:3047} INFO - Sync 1 DAGs
[2025-08-02T02:52:12.053+0000] {logging_mixin.py:188} INFO - [2025-08-02T02:52:12.053+0000] {dag.py:3834} INFO - Setting next_dagrun for example_nested_branch_dag to 2025-08-01 00:00:00+00:00, run_after=2025-08-02 00:00:00+00:00
[2025-08-02T02:52:12.062+0000] {processor.py:183} INFO - Processing /home/airflow/.local/lib/python3.8/site-packages/airflow/example_dags/example_nested_branch_dag.py took 0.053 seconds
[2025-08-02T02:52:42.365+0000] {processor.py:161} INFO - Started process (PID=750) to work on /home/airflow/.local/lib/python3.8/site-packages/airflow/example_dags/example_nested_branch_dag.py
[2025-08-02T02:52:42.365+0000] {processor.py:830} INFO - Processing file /home/airflow/.local/lib/python3.8/site-packages/airflow/example_dags/example_nested_branch_dag.py for tasks to queue
[2025-08-02T02:52:42.366+0000] {logging_mixin.py:188} INFO - [2025-08-02T02:52:42.366+0000] {dagbag.py:540} INFO - Filling up the DagBag from /home/airflow/.local/lib/python3.8/site-packages/airflow/example_dags/example_nested_branch_dag.py
[2025-08-02T02:52:42.372+0000] {processor.py:840} INFO - DAG(s) 'example_nested_branch_dag' retrieved from /home/airflow/.local/lib/python3.8/site-packages/airflow/example_dags/example_nested_branch_dag.py
[2025-08-02T02:52:42.383+0000] {logging_mixin.py:188} INFO - [2025-08-02T02:52:42.383+0000] {dag.py:3047} INFO - Sync 1 DAGs
[2025-08-02T02:52:42.395+0000] {logging_mixin.py:188} INFO - [2025-08-02T02:52:42.395+0000] {dag.py:3834} INFO - Setting next_dagrun for example_nested_branch_dag to 2025-08-01 00:00:00+00:00, run_after=2025-08-02 00:00:00+00:00
[2025-08-02T02:52:42.404+0000] {processor.py:183} INFO - Processing /home/airflow/.local/lib/python3.8/site-packages/airflow/example_dags/example_nested_branch_dag.py took 0.042 seconds
[2025-08-02T02:56:41.702+0000] {processor.py:161} INFO - Started process (PID=74) to work on /home/airflow/.local/lib/python3.8/site-packages/airflow/example_dags/example_nested_branch_dag.py
[2025-08-02T02:56:41.707+0000] {processor.py:830} INFO - Processing file /home/airflow/.local/lib/python3.8/site-packages/airflow/example_dags/example_nested_branch_dag.py for tasks to queue
[2025-08-02T02:56:41.711+0000] {logging_mixin.py:188} INFO - [2025-08-02T02:56:41.710+0000] {dagbag.py:540} INFO - Filling up the DagBag from /home/airflow/.local/lib/python3.8/site-packages/airflow/example_dags/example_nested_branch_dag.py
[2025-08-02T02:56:41.737+0000] {processor.py:840} INFO - DAG(s) 'example_nested_branch_dag' retrieved from /home/airflow/.local/lib/python3.8/site-packages/airflow/example_dags/example_nested_branch_dag.py
[2025-08-02T02:56:41.792+0000] {logging_mixin.py:188} INFO - [2025-08-02T02:56:41.791+0000] {dag.py:3047} INFO - Sync 1 DAGs
[2025-08-02T02:56:41.874+0000] {logging_mixin.py:188} INFO - [2025-08-02T02:56:41.874+0000] {dag.py:3834} INFO - Setting next_dagrun for example_nested_branch_dag to 2025-08-01 00:00:00+00:00, run_after=2025-08-02 00:00:00+00:00
[2025-08-02T02:56:41.924+0000] {processor.py:183} INFO - Processing /home/airflow/.local/lib/python3.8/site-packages/airflow/example_dags/example_nested_branch_dag.py took 0.227 seconds
[2025-08-02T02:57:12.349+0000] {processor.py:161} INFO - Started process (PID=130) to work on /home/airflow/.local/lib/python3.8/site-packages/airflow/example_dags/example_nested_branch_dag.py
[2025-08-02T02:57:12.350+0000] {processor.py:830} INFO - Processing file /home/airflow/.local/lib/python3.8/site-packages/airflow/example_dags/example_nested_branch_dag.py for tasks to queue
[2025-08-02T02:57:12.352+0000] {logging_mixin.py:188} INFO - [2025-08-02T02:57:12.352+0000] {dagbag.py:540} INFO - Filling up the DagBag from /home/airflow/.local/lib/python3.8/site-packages/airflow/example_dags/example_nested_branch_dag.py
[2025-08-02T02:57:12.362+0000] {processor.py:840} INFO - DAG(s) 'example_nested_branch_dag' retrieved from /home/airflow/.local/lib/python3.8/site-packages/airflow/example_dags/example_nested_branch_dag.py
[2025-08-02T02:57:12.444+0000] {logging_mixin.py:188} INFO - [2025-08-02T02:57:12.443+0000] {dag.py:3047} INFO - Sync 1 DAGs
[2025-08-02T02:57:12.472+0000] {logging_mixin.py:188} INFO - [2025-08-02T02:57:12.471+0000] {dag.py:3834} INFO - Setting next_dagrun for example_nested_branch_dag to 2025-08-01 00:00:00+00:00, run_after=2025-08-02 00:00:00+00:00
[2025-08-02T02:57:12.508+0000] {processor.py:183} INFO - Processing /home/airflow/.local/lib/python3.8/site-packages/airflow/example_dags/example_nested_branch_dag.py took 0.162 seconds
[2025-08-02T02:57:44.377+0000] {processor.py:161} INFO - Started process (PID=186) to work on /home/airflow/.local/lib/python3.8/site-packages/airflow/example_dags/example_nested_branch_dag.py
[2025-08-02T02:57:44.380+0000] {processor.py:830} INFO - Processing file /home/airflow/.local/lib/python3.8/site-packages/airflow/example_dags/example_nested_branch_dag.py for tasks to queue
[2025-08-02T02:57:44.384+0000] {logging_mixin.py:188} INFO - [2025-08-02T02:57:44.384+0000] {dagbag.py:540} INFO - Filling up the DagBag from /home/airflow/.local/lib/python3.8/site-packages/airflow/example_dags/example_nested_branch_dag.py
[2025-08-02T02:57:44.408+0000] {processor.py:840} INFO - DAG(s) 'example_nested_branch_dag' retrieved from /home/airflow/.local/lib/python3.8/site-packages/airflow/example_dags/example_nested_branch_dag.py
[2025-08-02T02:57:44.475+0000] {logging_mixin.py:188} INFO - [2025-08-02T02:57:44.475+0000] {dag.py:3047} INFO - Sync 1 DAGs
[2025-08-02T02:57:44.498+0000] {logging_mixin.py:188} INFO - [2025-08-02T02:57:44.498+0000] {dag.py:3834} INFO - Setting next_dagrun for example_nested_branch_dag to 2025-08-01 00:00:00+00:00, run_after=2025-08-02 00:00:00+00:00
[2025-08-02T02:57:44.532+0000] {processor.py:183} INFO - Processing /home/airflow/.local/lib/python3.8/site-packages/airflow/example_dags/example_nested_branch_dag.py took 0.168 seconds
[2025-08-02T02:58:14.937+0000] {processor.py:161} INFO - Started process (PID=242) to work on /home/airflow/.local/lib/python3.8/site-packages/airflow/example_dags/example_nested_branch_dag.py
[2025-08-02T02:58:14.939+0000] {processor.py:830} INFO - Processing file /home/airflow/.local/lib/python3.8/site-packages/airflow/example_dags/example_nested_branch_dag.py for tasks to queue
[2025-08-02T02:58:14.940+0000] {logging_mixin.py:188} INFO - [2025-08-02T02:58:14.940+0000] {dagbag.py:540} INFO - Filling up the DagBag from /home/airflow/.local/lib/python3.8/site-packages/airflow/example_dags/example_nested_branch_dag.py
[2025-08-02T02:58:14.956+0000] {processor.py:840} INFO - DAG(s) 'example_nested_branch_dag' retrieved from /home/airflow/.local/lib/python3.8/site-packages/airflow/example_dags/example_nested_branch_dag.py
[2025-08-02T02:58:14.981+0000] {logging_mixin.py:188} INFO - [2025-08-02T02:58:14.981+0000] {dag.py:3047} INFO - Sync 1 DAGs
[2025-08-02T02:58:15.046+0000] {logging_mixin.py:188} INFO - [2025-08-02T02:58:15.045+0000] {dag.py:3834} INFO - Setting next_dagrun for example_nested_branch_dag to 2025-08-01 00:00:00+00:00, run_after=2025-08-02 00:00:00+00:00
[2025-08-02T02:58:15.089+0000] {processor.py:183} INFO - Processing /home/airflow/.local/lib/python3.8/site-packages/airflow/example_dags/example_nested_branch_dag.py took 0.157 seconds
[2025-08-02T02:58:45.658+0000] {processor.py:161} INFO - Started process (PID=298) to work on /home/airflow/.local/lib/python3.8/site-packages/airflow/example_dags/example_nested_branch_dag.py
[2025-08-02T02:58:45.659+0000] {processor.py:830} INFO - Processing file /home/airflow/.local/lib/python3.8/site-packages/airflow/example_dags/example_nested_branch_dag.py for tasks to queue
[2025-08-02T02:58:45.660+0000] {logging_mixin.py:188} INFO - [2025-08-02T02:58:45.660+0000] {dagbag.py:540} INFO - Filling up the DagBag from /home/airflow/.local/lib/python3.8/site-packages/airflow/example_dags/example_nested_branch_dag.py
[2025-08-02T02:58:45.671+0000] {processor.py:840} INFO - DAG(s) 'example_nested_branch_dag' retrieved from /home/airflow/.local/lib/python3.8/site-packages/airflow/example_dags/example_nested_branch_dag.py
[2025-08-02T02:58:45.684+0000] {logging_mixin.py:188} INFO - [2025-08-02T02:58:45.684+0000] {dag.py:3047} INFO - Sync 1 DAGs
[2025-08-02T02:58:45.696+0000] {logging_mixin.py:188} INFO - [2025-08-02T02:58:45.696+0000] {dag.py:3834} INFO - Setting next_dagrun for example_nested_branch_dag to 2025-08-01 00:00:00+00:00, run_after=2025-08-02 00:00:00+00:00
[2025-08-02T02:58:45.705+0000] {processor.py:183} INFO - Processing /home/airflow/.local/lib/python3.8/site-packages/airflow/example_dags/example_nested_branch_dag.py took 0.049 seconds
[2025-08-02T02:59:16.184+0000] {processor.py:161} INFO - Started process (PID=354) to work on /home/airflow/.local/lib/python3.8/site-packages/airflow/example_dags/example_nested_branch_dag.py
[2025-08-02T02:59:16.187+0000] {processor.py:830} INFO - Processing file /home/airflow/.local/lib/python3.8/site-packages/airflow/example_dags/example_nested_branch_dag.py for tasks to queue
[2025-08-02T02:59:16.189+0000] {logging_mixin.py:188} INFO - [2025-08-02T02:59:16.189+0000] {dagbag.py:540} INFO - Filling up the DagBag from /home/airflow/.local/lib/python3.8/site-packages/airflow/example_dags/example_nested_branch_dag.py
[2025-08-02T02:59:16.198+0000] {processor.py:840} INFO - DAG(s) 'example_nested_branch_dag' retrieved from /home/airflow/.local/lib/python3.8/site-packages/airflow/example_dags/example_nested_branch_dag.py
[2025-08-02T02:59:16.213+0000] {logging_mixin.py:188} INFO - [2025-08-02T02:59:16.213+0000] {dag.py:3047} INFO - Sync 1 DAGs
[2025-08-02T02:59:16.228+0000] {logging_mixin.py:188} INFO - [2025-08-02T02:59:16.228+0000] {dag.py:3834} INFO - Setting next_dagrun for example_nested_branch_dag to 2025-08-01 00:00:00+00:00, run_after=2025-08-02 00:00:00+00:00
[2025-08-02T02:59:16.244+0000] {processor.py:183} INFO - Processing /home/airflow/.local/lib/python3.8/site-packages/airflow/example_dags/example_nested_branch_dag.py took 0.063 seconds
[2025-08-02T02:59:46.395+0000] {processor.py:161} INFO - Started process (PID=410) to work on /home/airflow/.local/lib/python3.8/site-packages/airflow/example_dags/example_nested_branch_dag.py
[2025-08-02T02:59:46.395+0000] {processor.py:830} INFO - Processing file /home/airflow/.local/lib/python3.8/site-packages/airflow/example_dags/example_nested_branch_dag.py for tasks to queue
[2025-08-02T02:59:46.396+0000] {logging_mixin.py:188} INFO - [2025-08-02T02:59:46.396+0000] {dagbag.py:540} INFO - Filling up the DagBag from /home/airflow/.local/lib/python3.8/site-packages/airflow/example_dags/example_nested_branch_dag.py
[2025-08-02T02:59:46.403+0000] {processor.py:840} INFO - DAG(s) 'example_nested_branch_dag' retrieved from /home/airflow/.local/lib/python3.8/site-packages/airflow/example_dags/example_nested_branch_dag.py
[2025-08-02T02:59:46.416+0000] {logging_mixin.py:188} INFO - [2025-08-02T02:59:46.416+0000] {dag.py:3047} INFO - Sync 1 DAGs
[2025-08-02T02:59:46.431+0000] {logging_mixin.py:188} INFO - [2025-08-02T02:59:46.431+0000] {dag.py:3834} INFO - Setting next_dagrun for example_nested_branch_dag to 2025-08-01 00:00:00+00:00, run_after=2025-08-02 00:00:00+00:00
[2025-08-02T02:59:46.441+0000] {processor.py:183} INFO - Processing /home/airflow/.local/lib/python3.8/site-packages/airflow/example_dags/example_nested_branch_dag.py took 0.048 seconds
[2025-08-02T03:00:16.684+0000] {processor.py:161} INFO - Started process (PID=466) to work on /home/airflow/.local/lib/python3.8/site-packages/airflow/example_dags/example_nested_branch_dag.py
[2025-08-02T03:00:16.685+0000] {processor.py:830} INFO - Processing file /home/airflow/.local/lib/python3.8/site-packages/airflow/example_dags/example_nested_branch_dag.py for tasks to queue
[2025-08-02T03:00:16.686+0000] {logging_mixin.py:188} INFO - [2025-08-02T03:00:16.686+0000] {dagbag.py:540} INFO - Filling up the DagBag from /home/airflow/.local/lib/python3.8/site-packages/airflow/example_dags/example_nested_branch_dag.py
[2025-08-02T03:00:16.693+0000] {processor.py:840} INFO - DAG(s) 'example_nested_branch_dag' retrieved from /home/airflow/.local/lib/python3.8/site-packages/airflow/example_dags/example_nested_branch_dag.py
[2025-08-02T03:00:16.716+0000] {logging_mixin.py:188} INFO - [2025-08-02T03:00:16.716+0000] {dag.py:3047} INFO - Sync 1 DAGs
[2025-08-02T03:00:16.737+0000] {logging_mixin.py:188} INFO - [2025-08-02T03:00:16.737+0000] {dag.py:3834} INFO - Setting next_dagrun for example_nested_branch_dag to 2025-08-01 00:00:00+00:00, run_after=2025-08-02 00:00:00+00:00
[2025-08-02T03:00:16.752+0000] {processor.py:183} INFO - Processing /home/airflow/.local/lib/python3.8/site-packages/airflow/example_dags/example_nested_branch_dag.py took 0.071 seconds
[2025-08-02T03:00:47.508+0000] {processor.py:161} INFO - Started process (PID=522) to work on /home/airflow/.local/lib/python3.8/site-packages/airflow/example_dags/example_nested_branch_dag.py
[2025-08-02T03:00:47.511+0000] {processor.py:830} INFO - Processing file /home/airflow/.local/lib/python3.8/site-packages/airflow/example_dags/example_nested_branch_dag.py for tasks to queue
[2025-08-02T03:00:47.518+0000] {logging_mixin.py:188} INFO - [2025-08-02T03:00:47.516+0000] {dagbag.py:540} INFO - Filling up the DagBag from /home/airflow/.local/lib/python3.8/site-packages/airflow/example_dags/example_nested_branch_dag.py
[2025-08-02T03:00:47.541+0000] {processor.py:840} INFO - DAG(s) 'example_nested_branch_dag' retrieved from /home/airflow/.local/lib/python3.8/site-packages/airflow/example_dags/example_nested_branch_dag.py
[2025-08-02T03:00:47.612+0000] {logging_mixin.py:188} INFO - [2025-08-02T03:00:47.612+0000] {dag.py:3047} INFO - Sync 1 DAGs
[2025-08-02T03:00:47.639+0000] {logging_mixin.py:188} INFO - [2025-08-02T03:00:47.638+0000] {dag.py:3834} INFO - Setting next_dagrun for example_nested_branch_dag to 2025-08-01 00:00:00+00:00, run_after=2025-08-02 00:00:00+00:00
[2025-08-02T03:00:47.681+0000] {processor.py:183} INFO - Processing /home/airflow/.local/lib/python3.8/site-packages/airflow/example_dags/example_nested_branch_dag.py took 0.178 seconds
[2025-08-02T03:01:18.450+0000] {processor.py:161} INFO - Started process (PID=578) to work on /home/airflow/.local/lib/python3.8/site-packages/airflow/example_dags/example_nested_branch_dag.py
[2025-08-02T03:01:18.452+0000] {processor.py:830} INFO - Processing file /home/airflow/.local/lib/python3.8/site-packages/airflow/example_dags/example_nested_branch_dag.py for tasks to queue
[2025-08-02T03:01:18.457+0000] {logging_mixin.py:188} INFO - [2025-08-02T03:01:18.456+0000] {dagbag.py:540} INFO - Filling up the DagBag from /home/airflow/.local/lib/python3.8/site-packages/airflow/example_dags/example_nested_branch_dag.py
[2025-08-02T03:01:18.472+0000] {processor.py:840} INFO - DAG(s) 'example_nested_branch_dag' retrieved from /home/airflow/.local/lib/python3.8/site-packages/airflow/example_dags/example_nested_branch_dag.py
[2025-08-02T03:01:18.528+0000] {logging_mixin.py:188} INFO - [2025-08-02T03:01:18.527+0000] {dag.py:3047} INFO - Sync 1 DAGs
[2025-08-02T03:01:18.563+0000] {logging_mixin.py:188} INFO - [2025-08-02T03:01:18.562+0000] {dag.py:3834} INFO - Setting next_dagrun for example_nested_branch_dag to 2025-08-01 00:00:00+00:00, run_after=2025-08-02 00:00:00+00:00
[2025-08-02T03:01:18.590+0000] {processor.py:183} INFO - Processing /home/airflow/.local/lib/python3.8/site-packages/airflow/example_dags/example_nested_branch_dag.py took 0.174 seconds
[2025-08-02T03:01:48.738+0000] {processor.py:161} INFO - Started process (PID=634) to work on /home/airflow/.local/lib/python3.8/site-packages/airflow/example_dags/example_nested_branch_dag.py
[2025-08-02T03:01:48.738+0000] {processor.py:830} INFO - Processing file /home/airflow/.local/lib/python3.8/site-packages/airflow/example_dags/example_nested_branch_dag.py for tasks to queue
[2025-08-02T03:01:48.741+0000] {logging_mixin.py:188} INFO - [2025-08-02T03:01:48.741+0000] {dagbag.py:540} INFO - Filling up the DagBag from /home/airflow/.local/lib/python3.8/site-packages/airflow/example_dags/example_nested_branch_dag.py
[2025-08-02T03:01:48.747+0000] {processor.py:840} INFO - DAG(s) 'example_nested_branch_dag' retrieved from /home/airflow/.local/lib/python3.8/site-packages/airflow/example_dags/example_nested_branch_dag.py
[2025-08-02T03:01:48.770+0000] {logging_mixin.py:188} INFO - [2025-08-02T03:01:48.770+0000] {dag.py:3047} INFO - Sync 1 DAGs
[2025-08-02T03:01:48.791+0000] {logging_mixin.py:188} INFO - [2025-08-02T03:01:48.791+0000] {dag.py:3834} INFO - Setting next_dagrun for example_nested_branch_dag to 2025-08-01 00:00:00+00:00, run_after=2025-08-02 00:00:00+00:00
[2025-08-02T03:01:48.804+0000] {processor.py:183} INFO - Processing /home/airflow/.local/lib/python3.8/site-packages/airflow/example_dags/example_nested_branch_dag.py took 0.069 seconds
[2025-08-02T03:02:20.867+0000] {processor.py:161} INFO - Started process (PID=690) to work on /home/airflow/.local/lib/python3.8/site-packages/airflow/example_dags/example_nested_branch_dag.py
[2025-08-02T03:02:20.869+0000] {processor.py:830} INFO - Processing file /home/airflow/.local/lib/python3.8/site-packages/airflow/example_dags/example_nested_branch_dag.py for tasks to queue
[2025-08-02T03:02:20.872+0000] {logging_mixin.py:188} INFO - [2025-08-02T03:02:20.871+0000] {dagbag.py:540} INFO - Filling up the DagBag from /home/airflow/.local/lib/python3.8/site-packages/airflow/example_dags/example_nested_branch_dag.py
[2025-08-02T03:02:20.891+0000] {processor.py:840} INFO - DAG(s) 'example_nested_branch_dag' retrieved from /home/airflow/.local/lib/python3.8/site-packages/airflow/example_dags/example_nested_branch_dag.py
[2025-08-02T03:02:20.959+0000] {logging_mixin.py:188} INFO - [2025-08-02T03:02:20.958+0000] {dag.py:3047} INFO - Sync 1 DAGs
[2025-08-02T03:02:20.995+0000] {logging_mixin.py:188} INFO - [2025-08-02T03:02:20.994+0000] {dag.py:3834} INFO - Setting next_dagrun for example_nested_branch_dag to 2025-08-01 00:00:00+00:00, run_after=2025-08-02 00:00:00+00:00
[2025-08-02T03:02:21.070+0000] {processor.py:183} INFO - Processing /home/airflow/.local/lib/python3.8/site-packages/airflow/example_dags/example_nested_branch_dag.py took 0.208 seconds
[2025-08-02T03:02:51.757+0000] {processor.py:161} INFO - Started process (PID=746) to work on /home/airflow/.local/lib/python3.8/site-packages/airflow/example_dags/example_nested_branch_dag.py
[2025-08-02T03:02:51.759+0000] {processor.py:830} INFO - Processing file /home/airflow/.local/lib/python3.8/site-packages/airflow/example_dags/example_nested_branch_dag.py for tasks to queue
[2025-08-02T03:02:51.761+0000] {logging_mixin.py:188} INFO - [2025-08-02T03:02:51.761+0000] {dagbag.py:540} INFO - Filling up the DagBag from /home/airflow/.local/lib/python3.8/site-packages/airflow/example_dags/example_nested_branch_dag.py
[2025-08-02T03:02:51.773+0000] {processor.py:840} INFO - DAG(s) 'example_nested_branch_dag' retrieved from /home/airflow/.local/lib/python3.8/site-packages/airflow/example_dags/example_nested_branch_dag.py
[2025-08-02T03:02:51.834+0000] {logging_mixin.py:188} INFO - [2025-08-02T03:02:51.834+0000] {dag.py:3047} INFO - Sync 1 DAGs
[2025-08-02T03:02:51.909+0000] {logging_mixin.py:188} INFO - [2025-08-02T03:02:51.909+0000] {dag.py:3834} INFO - Setting next_dagrun for example_nested_branch_dag to 2025-08-01 00:00:00+00:00, run_after=2025-08-02 00:00:00+00:00
[2025-08-02T03:02:51.943+0000] {processor.py:183} INFO - Processing /home/airflow/.local/lib/python3.8/site-packages/airflow/example_dags/example_nested_branch_dag.py took 0.189 seconds
[2025-08-02T03:03:22.425+0000] {processor.py:161} INFO - Started process (PID=802) to work on /home/airflow/.local/lib/python3.8/site-packages/airflow/example_dags/example_nested_branch_dag.py
[2025-08-02T03:03:22.428+0000] {processor.py:830} INFO - Processing file /home/airflow/.local/lib/python3.8/site-packages/airflow/example_dags/example_nested_branch_dag.py for tasks to queue
[2025-08-02T03:03:22.429+0000] {logging_mixin.py:188} INFO - [2025-08-02T03:03:22.429+0000] {dagbag.py:540} INFO - Filling up the DagBag from /home/airflow/.local/lib/python3.8/site-packages/airflow/example_dags/example_nested_branch_dag.py
[2025-08-02T03:03:22.440+0000] {processor.py:840} INFO - DAG(s) 'example_nested_branch_dag' retrieved from /home/airflow/.local/lib/python3.8/site-packages/airflow/example_dags/example_nested_branch_dag.py
[2025-08-02T03:03:22.468+0000] {logging_mixin.py:188} INFO - [2025-08-02T03:03:22.468+0000] {dag.py:3047} INFO - Sync 1 DAGs
[2025-08-02T03:03:22.486+0000] {logging_mixin.py:188} INFO - [2025-08-02T03:03:22.486+0000] {dag.py:3834} INFO - Setting next_dagrun for example_nested_branch_dag to 2025-08-01 00:00:00+00:00, run_after=2025-08-02 00:00:00+00:00
[2025-08-02T03:03:22.503+0000] {processor.py:183} INFO - Processing /home/airflow/.local/lib/python3.8/site-packages/airflow/example_dags/example_nested_branch_dag.py took 0.081 seconds
[2025-08-02T03:03:53.126+0000] {processor.py:161} INFO - Started process (PID=858) to work on /home/airflow/.local/lib/python3.8/site-packages/airflow/example_dags/example_nested_branch_dag.py
[2025-08-02T03:03:53.127+0000] {processor.py:830} INFO - Processing file /home/airflow/.local/lib/python3.8/site-packages/airflow/example_dags/example_nested_branch_dag.py for tasks to queue
[2025-08-02T03:03:53.129+0000] {logging_mixin.py:188} INFO - [2025-08-02T03:03:53.129+0000] {dagbag.py:540} INFO - Filling up the DagBag from /home/airflow/.local/lib/python3.8/site-packages/airflow/example_dags/example_nested_branch_dag.py
[2025-08-02T03:03:53.140+0000] {processor.py:840} INFO - DAG(s) 'example_nested_branch_dag' retrieved from /home/airflow/.local/lib/python3.8/site-packages/airflow/example_dags/example_nested_branch_dag.py
[2025-08-02T03:03:53.183+0000] {logging_mixin.py:188} INFO - [2025-08-02T03:03:53.183+0000] {dag.py:3047} INFO - Sync 1 DAGs
[2025-08-02T03:03:53.212+0000] {logging_mixin.py:188} INFO - [2025-08-02T03:03:53.212+0000] {dag.py:3834} INFO - Setting next_dagrun for example_nested_branch_dag to 2025-08-01 00:00:00+00:00, run_after=2025-08-02 00:00:00+00:00
[2025-08-02T03:03:53.233+0000] {processor.py:183} INFO - Processing /home/airflow/.local/lib/python3.8/site-packages/airflow/example_dags/example_nested_branch_dag.py took 0.111 seconds
[2025-08-02T03:04:24.148+0000] {processor.py:161} INFO - Started process (PID=914) to work on /home/airflow/.local/lib/python3.8/site-packages/airflow/example_dags/example_nested_branch_dag.py
[2025-08-02T03:04:24.150+0000] {processor.py:830} INFO - Processing file /home/airflow/.local/lib/python3.8/site-packages/airflow/example_dags/example_nested_branch_dag.py for tasks to queue
[2025-08-02T03:04:24.154+0000] {logging_mixin.py:188} INFO - [2025-08-02T03:04:24.154+0000] {dagbag.py:540} INFO - Filling up the DagBag from /home/airflow/.local/lib/python3.8/site-packages/airflow/example_dags/example_nested_branch_dag.py
[2025-08-02T03:04:24.161+0000] {processor.py:840} INFO - DAG(s) 'example_nested_branch_dag' retrieved from /home/airflow/.local/lib/python3.8/site-packages/airflow/example_dags/example_nested_branch_dag.py
[2025-08-02T03:04:24.213+0000] {logging_mixin.py:188} INFO - [2025-08-02T03:04:24.212+0000] {dag.py:3047} INFO - Sync 1 DAGs
[2025-08-02T03:04:24.336+0000] {logging_mixin.py:188} INFO - [2025-08-02T03:04:24.299+0000] {dag.py:3834} INFO - Setting next_dagrun for example_nested_branch_dag to 2025-08-01 00:00:00+00:00, run_after=2025-08-02 00:00:00+00:00
[2025-08-02T03:04:24.520+0000] {processor.py:183} INFO - Processing /home/airflow/.local/lib/python3.8/site-packages/airflow/example_dags/example_nested_branch_dag.py took 0.374 seconds
[2025-08-02T03:04:54.984+0000] {processor.py:161} INFO - Started process (PID=971) to work on /home/airflow/.local/lib/python3.8/site-packages/airflow/example_dags/example_nested_branch_dag.py
[2025-08-02T03:04:54.986+0000] {processor.py:830} INFO - Processing file /home/airflow/.local/lib/python3.8/site-packages/airflow/example_dags/example_nested_branch_dag.py for tasks to queue
[2025-08-02T03:04:54.989+0000] {logging_mixin.py:188} INFO - [2025-08-02T03:04:54.989+0000] {dagbag.py:540} INFO - Filling up the DagBag from /home/airflow/.local/lib/python3.8/site-packages/airflow/example_dags/example_nested_branch_dag.py
[2025-08-02T03:04:55.001+0000] {processor.py:840} INFO - DAG(s) 'example_nested_branch_dag' retrieved from /home/airflow/.local/lib/python3.8/site-packages/airflow/example_dags/example_nested_branch_dag.py
[2025-08-02T03:04:55.023+0000] {logging_mixin.py:188} INFO - [2025-08-02T03:04:55.023+0000] {dag.py:3047} INFO - Sync 1 DAGs
[2025-08-02T03:04:55.036+0000] {logging_mixin.py:188} INFO - [2025-08-02T03:04:55.036+0000] {dag.py:3834} INFO - Setting next_dagrun for example_nested_branch_dag to 2025-08-01 00:00:00+00:00, run_after=2025-08-02 00:00:00+00:00
[2025-08-02T03:04:55.052+0000] {processor.py:183} INFO - Processing /home/airflow/.local/lib/python3.8/site-packages/airflow/example_dags/example_nested_branch_dag.py took 0.070 seconds
[2025-08-02T03:05:28.288+0000] {processor.py:161} INFO - Started process (PID=1027) to work on /home/airflow/.local/lib/python3.8/site-packages/airflow/example_dags/example_nested_branch_dag.py
[2025-08-02T03:05:28.289+0000] {processor.py:830} INFO - Processing file /home/airflow/.local/lib/python3.8/site-packages/airflow/example_dags/example_nested_branch_dag.py for tasks to queue
[2025-08-02T03:05:28.290+0000] {logging_mixin.py:188} INFO - [2025-08-02T03:05:28.290+0000] {dagbag.py:540} INFO - Filling up the DagBag from /home/airflow/.local/lib/python3.8/site-packages/airflow/example_dags/example_nested_branch_dag.py
[2025-08-02T03:05:28.298+0000] {processor.py:840} INFO - DAG(s) 'example_nested_branch_dag' retrieved from /home/airflow/.local/lib/python3.8/site-packages/airflow/example_dags/example_nested_branch_dag.py
[2025-08-02T03:05:28.324+0000] {logging_mixin.py:188} INFO - [2025-08-02T03:05:28.323+0000] {dag.py:3047} INFO - Sync 1 DAGs
[2025-08-02T03:05:28.341+0000] {logging_mixin.py:188} INFO - [2025-08-02T03:05:28.340+0000] {dag.py:3834} INFO - Setting next_dagrun for example_nested_branch_dag to 2025-08-01 00:00:00+00:00, run_after=2025-08-02 00:00:00+00:00
[2025-08-02T03:05:28.362+0000] {processor.py:183} INFO - Processing /home/airflow/.local/lib/python3.8/site-packages/airflow/example_dags/example_nested_branch_dag.py took 0.076 seconds
[2025-08-02T03:05:58.837+0000] {processor.py:161} INFO - Started process (PID=1083) to work on /home/airflow/.local/lib/python3.8/site-packages/airflow/example_dags/example_nested_branch_dag.py
[2025-08-02T03:05:58.843+0000] {processor.py:830} INFO - Processing file /home/airflow/.local/lib/python3.8/site-packages/airflow/example_dags/example_nested_branch_dag.py for tasks to queue
[2025-08-02T03:05:58.845+0000] {logging_mixin.py:188} INFO - [2025-08-02T03:05:58.845+0000] {dagbag.py:540} INFO - Filling up the DagBag from /home/airflow/.local/lib/python3.8/site-packages/airflow/example_dags/example_nested_branch_dag.py
[2025-08-02T03:05:58.856+0000] {processor.py:840} INFO - DAG(s) 'example_nested_branch_dag' retrieved from /home/airflow/.local/lib/python3.8/site-packages/airflow/example_dags/example_nested_branch_dag.py
[2025-08-02T03:05:58.882+0000] {logging_mixin.py:188} INFO - [2025-08-02T03:05:58.881+0000] {dag.py:3047} INFO - Sync 1 DAGs
[2025-08-02T03:05:58.905+0000] {logging_mixin.py:188} INFO - [2025-08-02T03:05:58.905+0000] {dag.py:3834} INFO - Setting next_dagrun for example_nested_branch_dag to 2025-08-01 00:00:00+00:00, run_after=2025-08-02 00:00:00+00:00
[2025-08-02T03:05:58.923+0000] {processor.py:183} INFO - Processing /home/airflow/.local/lib/python3.8/site-packages/airflow/example_dags/example_nested_branch_dag.py took 0.091 seconds
[2025-08-02T03:06:36.128+0000] {processor.py:161} INFO - Started process (PID=1139) to work on /home/airflow/.local/lib/python3.8/site-packages/airflow/example_dags/example_nested_branch_dag.py
[2025-08-02T03:06:36.130+0000] {processor.py:830} INFO - Processing file /home/airflow/.local/lib/python3.8/site-packages/airflow/example_dags/example_nested_branch_dag.py for tasks to queue
[2025-08-02T03:06:36.133+0000] {logging_mixin.py:188} INFO - [2025-08-02T03:06:36.132+0000] {dagbag.py:540} INFO - Filling up the DagBag from /home/airflow/.local/lib/python3.8/site-packages/airflow/example_dags/example_nested_branch_dag.py
[2025-08-02T03:06:36.162+0000] {processor.py:840} INFO - DAG(s) 'example_nested_branch_dag' retrieved from /home/airflow/.local/lib/python3.8/site-packages/airflow/example_dags/example_nested_branch_dag.py
[2025-08-02T03:06:36.244+0000] {logging_mixin.py:188} INFO - [2025-08-02T03:06:36.243+0000] {dag.py:3047} INFO - Sync 1 DAGs
[2025-08-02T03:06:36.303+0000] {logging_mixin.py:188} INFO - [2025-08-02T03:06:36.302+0000] {dag.py:3834} INFO - Setting next_dagrun for example_nested_branch_dag to 2025-08-01 00:00:00+00:00, run_after=2025-08-02 00:00:00+00:00
[2025-08-02T03:06:36.368+0000] {processor.py:183} INFO - Processing /home/airflow/.local/lib/python3.8/site-packages/airflow/example_dags/example_nested_branch_dag.py took 0.258 seconds
[2025-08-02T03:07:09.176+0000] {processor.py:161} INFO - Started process (PID=1195) to work on /home/airflow/.local/lib/python3.8/site-packages/airflow/example_dags/example_nested_branch_dag.py
[2025-08-02T03:07:09.180+0000] {processor.py:830} INFO - Processing file /home/airflow/.local/lib/python3.8/site-packages/airflow/example_dags/example_nested_branch_dag.py for tasks to queue
[2025-08-02T03:07:09.185+0000] {logging_mixin.py:188} INFO - [2025-08-02T03:07:09.184+0000] {dagbag.py:540} INFO - Filling up the DagBag from /home/airflow/.local/lib/python3.8/site-packages/airflow/example_dags/example_nested_branch_dag.py
[2025-08-02T03:07:09.202+0000] {processor.py:840} INFO - DAG(s) 'example_nested_branch_dag' retrieved from /home/airflow/.local/lib/python3.8/site-packages/airflow/example_dags/example_nested_branch_dag.py
[2025-08-02T03:07:09.260+0000] {logging_mixin.py:188} INFO - [2025-08-02T03:07:09.260+0000] {dag.py:3047} INFO - Sync 1 DAGs
[2025-08-02T03:07:09.308+0000] {logging_mixin.py:188} INFO - [2025-08-02T03:07:09.308+0000] {dag.py:3834} INFO - Setting next_dagrun for example_nested_branch_dag to 2025-08-01 00:00:00+00:00, run_after=2025-08-02 00:00:00+00:00
[2025-08-02T03:07:09.356+0000] {processor.py:183} INFO - Processing /home/airflow/.local/lib/python3.8/site-packages/airflow/example_dags/example_nested_branch_dag.py took 0.189 seconds
[2025-08-02T03:07:40.192+0000] {processor.py:161} INFO - Started process (PID=1251) to work on /home/airflow/.local/lib/python3.8/site-packages/airflow/example_dags/example_nested_branch_dag.py
[2025-08-02T03:07:40.194+0000] {processor.py:830} INFO - Processing file /home/airflow/.local/lib/python3.8/site-packages/airflow/example_dags/example_nested_branch_dag.py for tasks to queue
[2025-08-02T03:07:40.198+0000] {logging_mixin.py:188} INFO - [2025-08-02T03:07:40.198+0000] {dagbag.py:540} INFO - Filling up the DagBag from /home/airflow/.local/lib/python3.8/site-packages/airflow/example_dags/example_nested_branch_dag.py
[2025-08-02T03:07:40.218+0000] {processor.py:840} INFO - DAG(s) 'example_nested_branch_dag' retrieved from /home/airflow/.local/lib/python3.8/site-packages/airflow/example_dags/example_nested_branch_dag.py
[2025-08-02T03:07:40.271+0000] {logging_mixin.py:188} INFO - [2025-08-02T03:07:40.270+0000] {dag.py:3047} INFO - Sync 1 DAGs
[2025-08-02T03:07:40.321+0000] {logging_mixin.py:188} INFO - [2025-08-02T03:07:40.321+0000] {dag.py:3834} INFO - Setting next_dagrun for example_nested_branch_dag to 2025-08-01 00:00:00+00:00, run_after=2025-08-02 00:00:00+00:00
[2025-08-02T03:07:40.357+0000] {processor.py:183} INFO - Processing /home/airflow/.local/lib/python3.8/site-packages/airflow/example_dags/example_nested_branch_dag.py took 0.172 seconds
[2025-08-02T03:09:01.920+0000] {processor.py:161} INFO - Started process (PID=84) to work on /home/airflow/.local/lib/python3.8/site-packages/airflow/example_dags/example_nested_branch_dag.py
[2025-08-02T03:09:01.925+0000] {processor.py:830} INFO - Processing file /home/airflow/.local/lib/python3.8/site-packages/airflow/example_dags/example_nested_branch_dag.py for tasks to queue
[2025-08-02T03:09:01.931+0000] {logging_mixin.py:188} INFO - [2025-08-02T03:09:01.930+0000] {dagbag.py:540} INFO - Filling up the DagBag from /home/airflow/.local/lib/python3.8/site-packages/airflow/example_dags/example_nested_branch_dag.py
[2025-08-02T03:09:01.957+0000] {processor.py:840} INFO - DAG(s) 'example_nested_branch_dag' retrieved from /home/airflow/.local/lib/python3.8/site-packages/airflow/example_dags/example_nested_branch_dag.py
[2025-08-02T03:09:02.120+0000] {logging_mixin.py:188} INFO - [2025-08-02T03:09:02.119+0000] {dag.py:3047} INFO - Sync 1 DAGs
[2025-08-02T03:09:02.143+0000] {logging_mixin.py:188} INFO - [2025-08-02T03:09:02.143+0000] {dag.py:3834} INFO - Setting next_dagrun for example_nested_branch_dag to 2025-08-01 00:00:00+00:00, run_after=2025-08-02 00:00:00+00:00
[2025-08-02T03:09:02.188+0000] {processor.py:183} INFO - Processing /home/airflow/.local/lib/python3.8/site-packages/airflow/example_dags/example_nested_branch_dag.py took 0.276 seconds
[2025-08-02T03:09:32.248+0000] {processor.py:161} INFO - Started process (PID=140) to work on /home/airflow/.local/lib/python3.8/site-packages/airflow/example_dags/example_nested_branch_dag.py
[2025-08-02T03:09:32.250+0000] {processor.py:830} INFO - Processing file /home/airflow/.local/lib/python3.8/site-packages/airflow/example_dags/example_nested_branch_dag.py for tasks to queue
[2025-08-02T03:09:32.254+0000] {logging_mixin.py:188} INFO - [2025-08-02T03:09:32.253+0000] {dagbag.py:540} INFO - Filling up the DagBag from /home/airflow/.local/lib/python3.8/site-packages/airflow/example_dags/example_nested_branch_dag.py
[2025-08-02T03:09:32.285+0000] {processor.py:840} INFO - DAG(s) 'example_nested_branch_dag' retrieved from /home/airflow/.local/lib/python3.8/site-packages/airflow/example_dags/example_nested_branch_dag.py
[2025-08-02T03:09:32.319+0000] {logging_mixin.py:188} INFO - [2025-08-02T03:09:32.319+0000] {dag.py:3047} INFO - Sync 1 DAGs
[2025-08-02T03:09:32.345+0000] {logging_mixin.py:188} INFO - [2025-08-02T03:09:32.344+0000] {dag.py:3834} INFO - Setting next_dagrun for example_nested_branch_dag to 2025-08-01 00:00:00+00:00, run_after=2025-08-02 00:00:00+00:00
[2025-08-02T03:09:32.359+0000] {processor.py:183} INFO - Processing /home/airflow/.local/lib/python3.8/site-packages/airflow/example_dags/example_nested_branch_dag.py took 0.118 seconds
[2025-08-02T03:10:05.662+0000] {processor.py:161} INFO - Started process (PID=195) to work on /home/airflow/.local/lib/python3.8/site-packages/airflow/example_dags/example_nested_branch_dag.py
[2025-08-02T03:10:05.666+0000] {processor.py:830} INFO - Processing file /home/airflow/.local/lib/python3.8/site-packages/airflow/example_dags/example_nested_branch_dag.py for tasks to queue
[2025-08-02T03:10:05.667+0000] {logging_mixin.py:188} INFO - [2025-08-02T03:10:05.667+0000] {dagbag.py:540} INFO - Filling up the DagBag from /home/airflow/.local/lib/python3.8/site-packages/airflow/example_dags/example_nested_branch_dag.py
[2025-08-02T03:10:05.674+0000] {processor.py:840} INFO - DAG(s) 'example_nested_branch_dag' retrieved from /home/airflow/.local/lib/python3.8/site-packages/airflow/example_dags/example_nested_branch_dag.py
[2025-08-02T03:10:05.707+0000] {logging_mixin.py:188} INFO - [2025-08-02T03:10:05.706+0000] {dag.py:3047} INFO - Sync 1 DAGs
[2025-08-02T03:10:05.723+0000] {logging_mixin.py:188} INFO - [2025-08-02T03:10:05.723+0000] {dag.py:3834} INFO - Setting next_dagrun for example_nested_branch_dag to 2025-08-01 00:00:00+00:00, run_after=2025-08-02 00:00:00+00:00
[2025-08-02T03:10:05.741+0000] {processor.py:183} INFO - Processing /home/airflow/.local/lib/python3.8/site-packages/airflow/example_dags/example_nested_branch_dag.py took 0.081 seconds
[2025-08-02T03:10:36.525+0000] {processor.py:161} INFO - Started process (PID=251) to work on /home/airflow/.local/lib/python3.8/site-packages/airflow/example_dags/example_nested_branch_dag.py
[2025-08-02T03:10:36.532+0000] {processor.py:830} INFO - Processing file /home/airflow/.local/lib/python3.8/site-packages/airflow/example_dags/example_nested_branch_dag.py for tasks to queue
[2025-08-02T03:10:36.536+0000] {logging_mixin.py:188} INFO - [2025-08-02T03:10:36.536+0000] {dagbag.py:540} INFO - Filling up the DagBag from /home/airflow/.local/lib/python3.8/site-packages/airflow/example_dags/example_nested_branch_dag.py
[2025-08-02T03:10:36.566+0000] {processor.py:840} INFO - DAG(s) 'example_nested_branch_dag' retrieved from /home/airflow/.local/lib/python3.8/site-packages/airflow/example_dags/example_nested_branch_dag.py
[2025-08-02T03:10:36.646+0000] {logging_mixin.py:188} INFO - [2025-08-02T03:10:36.640+0000] {dag.py:3047} INFO - Sync 1 DAGs
[2025-08-02T03:10:36.718+0000] {logging_mixin.py:188} INFO - [2025-08-02T03:10:36.717+0000] {dag.py:3834} INFO - Setting next_dagrun for example_nested_branch_dag to 2025-08-01 00:00:00+00:00, run_after=2025-08-02 00:00:00+00:00
[2025-08-02T03:10:36.776+0000] {processor.py:183} INFO - Processing /home/airflow/.local/lib/python3.8/site-packages/airflow/example_dags/example_nested_branch_dag.py took 0.270 seconds
[2025-08-02T03:11:07.770+0000] {processor.py:161} INFO - Started process (PID=307) to work on /home/airflow/.local/lib/python3.8/site-packages/airflow/example_dags/example_nested_branch_dag.py
[2025-08-02T03:11:07.774+0000] {processor.py:830} INFO - Processing file /home/airflow/.local/lib/python3.8/site-packages/airflow/example_dags/example_nested_branch_dag.py for tasks to queue
[2025-08-02T03:11:07.777+0000] {logging_mixin.py:188} INFO - [2025-08-02T03:11:07.777+0000] {dagbag.py:540} INFO - Filling up the DagBag from /home/airflow/.local/lib/python3.8/site-packages/airflow/example_dags/example_nested_branch_dag.py
[2025-08-02T03:11:07.791+0000] {processor.py:840} INFO - DAG(s) 'example_nested_branch_dag' retrieved from /home/airflow/.local/lib/python3.8/site-packages/airflow/example_dags/example_nested_branch_dag.py
[2025-08-02T03:11:07.805+0000] {logging_mixin.py:188} INFO - [2025-08-02T03:11:07.805+0000] {dag.py:3047} INFO - Sync 1 DAGs
[2025-08-02T03:11:07.823+0000] {logging_mixin.py:188} INFO - [2025-08-02T03:11:07.822+0000] {dag.py:3834} INFO - Setting next_dagrun for example_nested_branch_dag to 2025-08-01 00:00:00+00:00, run_after=2025-08-02 00:00:00+00:00
[2025-08-02T03:11:07.841+0000] {processor.py:183} INFO - Processing /home/airflow/.local/lib/python3.8/site-packages/airflow/example_dags/example_nested_branch_dag.py took 0.081 seconds
[2025-08-02T03:11:38.044+0000] {processor.py:161} INFO - Started process (PID=363) to work on /home/airflow/.local/lib/python3.8/site-packages/airflow/example_dags/example_nested_branch_dag.py
[2025-08-02T03:11:38.048+0000] {processor.py:830} INFO - Processing file /home/airflow/.local/lib/python3.8/site-packages/airflow/example_dags/example_nested_branch_dag.py for tasks to queue
[2025-08-02T03:11:38.051+0000] {logging_mixin.py:188} INFO - [2025-08-02T03:11:38.050+0000] {dagbag.py:540} INFO - Filling up the DagBag from /home/airflow/.local/lib/python3.8/site-packages/airflow/example_dags/example_nested_branch_dag.py
[2025-08-02T03:11:38.058+0000] {processor.py:840} INFO - DAG(s) 'example_nested_branch_dag' retrieved from /home/airflow/.local/lib/python3.8/site-packages/airflow/example_dags/example_nested_branch_dag.py
[2025-08-02T03:11:38.081+0000] {logging_mixin.py:188} INFO - [2025-08-02T03:11:38.081+0000] {dag.py:3047} INFO - Sync 1 DAGs
[2025-08-02T03:11:38.096+0000] {logging_mixin.py:188} INFO - [2025-08-02T03:11:38.096+0000] {dag.py:3834} INFO - Setting next_dagrun for example_nested_branch_dag to 2025-08-01 00:00:00+00:00, run_after=2025-08-02 00:00:00+00:00
[2025-08-02T03:11:38.113+0000] {processor.py:183} INFO - Processing /home/airflow/.local/lib/python3.8/site-packages/airflow/example_dags/example_nested_branch_dag.py took 0.072 seconds
[2025-08-02T03:12:08.456+0000] {processor.py:161} INFO - Started process (PID=419) to work on /home/airflow/.local/lib/python3.8/site-packages/airflow/example_dags/example_nested_branch_dag.py
[2025-08-02T03:12:08.457+0000] {processor.py:830} INFO - Processing file /home/airflow/.local/lib/python3.8/site-packages/airflow/example_dags/example_nested_branch_dag.py for tasks to queue
[2025-08-02T03:12:08.458+0000] {logging_mixin.py:188} INFO - [2025-08-02T03:12:08.458+0000] {dagbag.py:540} INFO - Filling up the DagBag from /home/airflow/.local/lib/python3.8/site-packages/airflow/example_dags/example_nested_branch_dag.py
[2025-08-02T03:12:08.471+0000] {processor.py:840} INFO - DAG(s) 'example_nested_branch_dag' retrieved from /home/airflow/.local/lib/python3.8/site-packages/airflow/example_dags/example_nested_branch_dag.py
[2025-08-02T03:12:08.489+0000] {logging_mixin.py:188} INFO - [2025-08-02T03:12:08.489+0000] {dag.py:3047} INFO - Sync 1 DAGs
[2025-08-02T03:12:08.505+0000] {logging_mixin.py:188} INFO - [2025-08-02T03:12:08.505+0000] {dag.py:3834} INFO - Setting next_dagrun for example_nested_branch_dag to 2025-08-01 00:00:00+00:00, run_after=2025-08-02 00:00:00+00:00
[2025-08-02T03:12:08.525+0000] {processor.py:183} INFO - Processing /home/airflow/.local/lib/python3.8/site-packages/airflow/example_dags/example_nested_branch_dag.py took 0.072 seconds
[2025-08-02T03:12:39.670+0000] {processor.py:161} INFO - Started process (PID=475) to work on /home/airflow/.local/lib/python3.8/site-packages/airflow/example_dags/example_nested_branch_dag.py
[2025-08-02T03:12:39.671+0000] {processor.py:830} INFO - Processing file /home/airflow/.local/lib/python3.8/site-packages/airflow/example_dags/example_nested_branch_dag.py for tasks to queue
[2025-08-02T03:12:39.674+0000] {logging_mixin.py:188} INFO - [2025-08-02T03:12:39.673+0000] {dagbag.py:540} INFO - Filling up the DagBag from /home/airflow/.local/lib/python3.8/site-packages/airflow/example_dags/example_nested_branch_dag.py
[2025-08-02T03:12:39.682+0000] {processor.py:840} INFO - DAG(s) 'example_nested_branch_dag' retrieved from /home/airflow/.local/lib/python3.8/site-packages/airflow/example_dags/example_nested_branch_dag.py
[2025-08-02T03:12:39.702+0000] {logging_mixin.py:188} INFO - [2025-08-02T03:12:39.702+0000] {dag.py:3047} INFO - Sync 1 DAGs
[2025-08-02T03:12:39.729+0000] {logging_mixin.py:188} INFO - [2025-08-02T03:12:39.729+0000] {dag.py:3834} INFO - Setting next_dagrun for example_nested_branch_dag to 2025-08-01 00:00:00+00:00, run_after=2025-08-02 00:00:00+00:00
[2025-08-02T03:12:39.743+0000] {processor.py:183} INFO - Processing /home/airflow/.local/lib/python3.8/site-packages/airflow/example_dags/example_nested_branch_dag.py took 0.076 seconds
[2025-08-02T03:13:10.794+0000] {processor.py:161} INFO - Started process (PID=531) to work on /home/airflow/.local/lib/python3.8/site-packages/airflow/example_dags/example_nested_branch_dag.py
[2025-08-02T03:13:10.796+0000] {processor.py:830} INFO - Processing file /home/airflow/.local/lib/python3.8/site-packages/airflow/example_dags/example_nested_branch_dag.py for tasks to queue
[2025-08-02T03:13:10.798+0000] {logging_mixin.py:188} INFO - [2025-08-02T03:13:10.798+0000] {dagbag.py:540} INFO - Filling up the DagBag from /home/airflow/.local/lib/python3.8/site-packages/airflow/example_dags/example_nested_branch_dag.py
[2025-08-02T03:13:10.822+0000] {processor.py:840} INFO - DAG(s) 'example_nested_branch_dag' retrieved from /home/airflow/.local/lib/python3.8/site-packages/airflow/example_dags/example_nested_branch_dag.py
[2025-08-02T03:13:10.842+0000] {logging_mixin.py:188} INFO - [2025-08-02T03:13:10.842+0000] {dag.py:3047} INFO - Sync 1 DAGs
[2025-08-02T03:13:10.856+0000] {logging_mixin.py:188} INFO - [2025-08-02T03:13:10.856+0000] {dag.py:3834} INFO - Setting next_dagrun for example_nested_branch_dag to 2025-08-01 00:00:00+00:00, run_after=2025-08-02 00:00:00+00:00
[2025-08-02T03:13:10.867+0000] {processor.py:183} INFO - Processing /home/airflow/.local/lib/python3.8/site-packages/airflow/example_dags/example_nested_branch_dag.py took 0.076 seconds
[2025-08-02T03:13:41.418+0000] {processor.py:161} INFO - Started process (PID=587) to work on /home/airflow/.local/lib/python3.8/site-packages/airflow/example_dags/example_nested_branch_dag.py
[2025-08-02T03:13:41.420+0000] {processor.py:830} INFO - Processing file /home/airflow/.local/lib/python3.8/site-packages/airflow/example_dags/example_nested_branch_dag.py for tasks to queue
[2025-08-02T03:13:41.421+0000] {logging_mixin.py:188} INFO - [2025-08-02T03:13:41.421+0000] {dagbag.py:540} INFO - Filling up the DagBag from /home/airflow/.local/lib/python3.8/site-packages/airflow/example_dags/example_nested_branch_dag.py
[2025-08-02T03:13:41.431+0000] {processor.py:840} INFO - DAG(s) 'example_nested_branch_dag' retrieved from /home/airflow/.local/lib/python3.8/site-packages/airflow/example_dags/example_nested_branch_dag.py
[2025-08-02T03:13:41.464+0000] {logging_mixin.py:188} INFO - [2025-08-02T03:13:41.464+0000] {dag.py:3047} INFO - Sync 1 DAGs
[2025-08-02T03:13:41.484+0000] {logging_mixin.py:188} INFO - [2025-08-02T03:13:41.484+0000] {dag.py:3834} INFO - Setting next_dagrun for example_nested_branch_dag to 2025-08-01 00:00:00+00:00, run_after=2025-08-02 00:00:00+00:00
[2025-08-02T03:13:41.513+0000] {processor.py:183} INFO - Processing /home/airflow/.local/lib/python3.8/site-packages/airflow/example_dags/example_nested_branch_dag.py took 0.097 seconds
[2025-08-02T03:14:11.588+0000] {processor.py:161} INFO - Started process (PID=643) to work on /home/airflow/.local/lib/python3.8/site-packages/airflow/example_dags/example_nested_branch_dag.py
[2025-08-02T03:14:11.592+0000] {processor.py:830} INFO - Processing file /home/airflow/.local/lib/python3.8/site-packages/airflow/example_dags/example_nested_branch_dag.py for tasks to queue
[2025-08-02T03:14:11.593+0000] {logging_mixin.py:188} INFO - [2025-08-02T03:14:11.593+0000] {dagbag.py:540} INFO - Filling up the DagBag from /home/airflow/.local/lib/python3.8/site-packages/airflow/example_dags/example_nested_branch_dag.py
[2025-08-02T03:14:11.603+0000] {processor.py:840} INFO - DAG(s) 'example_nested_branch_dag' retrieved from /home/airflow/.local/lib/python3.8/site-packages/airflow/example_dags/example_nested_branch_dag.py
[2025-08-02T03:14:11.629+0000] {logging_mixin.py:188} INFO - [2025-08-02T03:14:11.628+0000] {dag.py:3047} INFO - Sync 1 DAGs
[2025-08-02T03:14:11.649+0000] {logging_mixin.py:188} INFO - [2025-08-02T03:14:11.649+0000] {dag.py:3834} INFO - Setting next_dagrun for example_nested_branch_dag to 2025-08-01 00:00:00+00:00, run_after=2025-08-02 00:00:00+00:00
[2025-08-02T03:14:11.670+0000] {processor.py:183} INFO - Processing /home/airflow/.local/lib/python3.8/site-packages/airflow/example_dags/example_nested_branch_dag.py took 0.084 seconds
[2025-08-02T03:14:42.170+0000] {processor.py:161} INFO - Started process (PID=699) to work on /home/airflow/.local/lib/python3.8/site-packages/airflow/example_dags/example_nested_branch_dag.py
[2025-08-02T03:14:42.177+0000] {processor.py:830} INFO - Processing file /home/airflow/.local/lib/python3.8/site-packages/airflow/example_dags/example_nested_branch_dag.py for tasks to queue
[2025-08-02T03:14:42.181+0000] {logging_mixin.py:188} INFO - [2025-08-02T03:14:42.180+0000] {dagbag.py:540} INFO - Filling up the DagBag from /home/airflow/.local/lib/python3.8/site-packages/airflow/example_dags/example_nested_branch_dag.py
[2025-08-02T03:14:42.190+0000] {processor.py:840} INFO - DAG(s) 'example_nested_branch_dag' retrieved from /home/airflow/.local/lib/python3.8/site-packages/airflow/example_dags/example_nested_branch_dag.py
[2025-08-02T03:14:42.211+0000] {logging_mixin.py:188} INFO - [2025-08-02T03:14:42.211+0000] {dag.py:3047} INFO - Sync 1 DAGs
[2025-08-02T03:14:42.229+0000] {logging_mixin.py:188} INFO - [2025-08-02T03:14:42.229+0000] {dag.py:3834} INFO - Setting next_dagrun for example_nested_branch_dag to 2025-08-01 00:00:00+00:00, run_after=2025-08-02 00:00:00+00:00
[2025-08-02T03:14:42.248+0000] {processor.py:183} INFO - Processing /home/airflow/.local/lib/python3.8/site-packages/airflow/example_dags/example_nested_branch_dag.py took 0.080 seconds
