[2025-08-02T01:42:43.568+0000] {processor.py:161} INFO - Started process (PID=89) to work on /home/airflow/.local/lib/python3.8/site-packages/airflow/example_dags/example_branch_datetime_operator.py
[2025-08-02T01:42:43.570+0000] {processor.py:830} INFO - Processing file /home/airflow/.local/lib/python3.8/site-packages/airflow/example_dags/example_branch_datetime_operator.py for tasks to queue
[2025-08-02T01:42:43.574+0000] {logging_mixin.py:188} INFO - [2025-08-02T01:42:43.573+0000] {dagbag.py:540} INFO - Filling up the DagBag from /home/airflow/.local/lib/python3.8/site-packages/airflow/example_dags/example_branch_datetime_operator.py
[2025-08-02T01:42:43.593+0000] {processor.py:840} INFO - DAG(s) 'example_branch_datetime_operator', 'example_branch_datetime_operator_2', 'example_branch_datetime_operator_3' retrieved from /home/airflow/.local/lib/python3.8/site-packages/airflow/example_dags/example_branch_datetime_operator.py
[2025-08-02T01:42:43.750+0000] {logging_mixin.py:188} INFO - [2025-08-02T01:42:43.749+0000] {dag.py:3047} INFO - Sync 3 DAGs
[2025-08-02T01:42:43.780+0000] {logging_mixin.py:188} INFO - [2025-08-02T01:42:43.780+0000] {dag.py:3834} INFO - Setting next_dagrun for example_branch_datetime_operator to 2025-08-01 00:00:00+00:00, run_after=2025-08-02 00:00:00+00:00
[2025-08-02T01:42:43.785+0000] {logging_mixin.py:188} INFO - [2025-08-02T01:42:43.785+0000] {dag.py:3834} INFO - Setting next_dagrun for example_branch_datetime_operator_2 to 2025-08-01 00:00:00+00:00, run_after=2025-08-02 00:00:00+00:00
[2025-08-02T01:42:43.787+0000] {logging_mixin.py:188} INFO - [2025-08-02T01:42:43.787+0000] {dag.py:3834} INFO - Setting next_dagrun for example_branch_datetime_operator_3 to 2025-08-01 00:00:00+00:00, run_after=2025-08-02 00:00:00+00:00
[2025-08-02T01:42:43.808+0000] {processor.py:183} INFO - Processing /home/airflow/.local/lib/python3.8/site-packages/airflow/example_dags/example_branch_datetime_operator.py took 0.251 seconds
[2025-08-02T01:43:13.836+0000] {processor.py:161} INFO - Started process (PID=145) to work on /home/airflow/.local/lib/python3.8/site-packages/airflow/example_dags/example_branch_datetime_operator.py
[2025-08-02T01:43:13.837+0000] {processor.py:830} INFO - Processing file /home/airflow/.local/lib/python3.8/site-packages/airflow/example_dags/example_branch_datetime_operator.py for tasks to queue
[2025-08-02T01:43:13.839+0000] {logging_mixin.py:188} INFO - [2025-08-02T01:43:13.838+0000] {dagbag.py:540} INFO - Filling up the DagBag from /home/airflow/.local/lib/python3.8/site-packages/airflow/example_dags/example_branch_datetime_operator.py
[2025-08-02T01:43:13.848+0000] {processor.py:840} INFO - DAG(s) 'example_branch_datetime_operator', 'example_branch_datetime_operator_2', 'example_branch_datetime_operator_3' retrieved from /home/airflow/.local/lib/python3.8/site-packages/airflow/example_dags/example_branch_datetime_operator.py
[2025-08-02T01:43:13.868+0000] {logging_mixin.py:188} INFO - [2025-08-02T01:43:13.868+0000] {dag.py:3047} INFO - Sync 3 DAGs
[2025-08-02T01:43:13.885+0000] {logging_mixin.py:188} INFO - [2025-08-02T01:43:13.885+0000] {dag.py:3834} INFO - Setting next_dagrun for example_branch_datetime_operator to 2025-08-01 00:00:00+00:00, run_after=2025-08-02 00:00:00+00:00
[2025-08-02T01:43:13.888+0000] {logging_mixin.py:188} INFO - [2025-08-02T01:43:13.888+0000] {dag.py:3834} INFO - Setting next_dagrun for example_branch_datetime_operator_2 to 2025-08-01 00:00:00+00:00, run_after=2025-08-02 00:00:00+00:00
[2025-08-02T01:43:13.890+0000] {logging_mixin.py:188} INFO - [2025-08-02T01:43:13.890+0000] {dag.py:3834} INFO - Setting next_dagrun for example_branch_datetime_operator_3 to 2025-08-01 00:00:00+00:00, run_after=2025-08-02 00:00:00+00:00
[2025-08-02T01:43:13.900+0000] {processor.py:183} INFO - Processing /home/airflow/.local/lib/python3.8/site-packages/airflow/example_dags/example_branch_datetime_operator.py took 0.066 seconds
[2025-08-02T01:43:44.819+0000] {processor.py:161} INFO - Started process (PID=201) to work on /home/airflow/.local/lib/python3.8/site-packages/airflow/example_dags/example_branch_datetime_operator.py
[2025-08-02T01:43:44.822+0000] {processor.py:830} INFO - Processing file /home/airflow/.local/lib/python3.8/site-packages/airflow/example_dags/example_branch_datetime_operator.py for tasks to queue
[2025-08-02T01:43:44.823+0000] {logging_mixin.py:188} INFO - [2025-08-02T01:43:44.823+0000] {dagbag.py:540} INFO - Filling up the DagBag from /home/airflow/.local/lib/python3.8/site-packages/airflow/example_dags/example_branch_datetime_operator.py
[2025-08-02T01:43:44.833+0000] {processor.py:840} INFO - DAG(s) 'example_branch_datetime_operator_2', 'example_branch_datetime_operator_3', 'example_branch_datetime_operator' retrieved from /home/airflow/.local/lib/python3.8/site-packages/airflow/example_dags/example_branch_datetime_operator.py
[2025-08-02T01:43:44.860+0000] {logging_mixin.py:188} INFO - [2025-08-02T01:43:44.860+0000] {dag.py:3047} INFO - Sync 3 DAGs
[2025-08-02T01:43:44.880+0000] {logging_mixin.py:188} INFO - [2025-08-02T01:43:44.880+0000] {dag.py:3834} INFO - Setting next_dagrun for example_branch_datetime_operator to 2025-08-01 00:00:00+00:00, run_after=2025-08-02 00:00:00+00:00
[2025-08-02T01:43:44.885+0000] {logging_mixin.py:188} INFO - [2025-08-02T01:43:44.884+0000] {dag.py:3834} INFO - Setting next_dagrun for example_branch_datetime_operator_2 to 2025-08-01 00:00:00+00:00, run_after=2025-08-02 00:00:00+00:00
[2025-08-02T01:43:44.888+0000] {logging_mixin.py:188} INFO - [2025-08-02T01:43:44.888+0000] {dag.py:3834} INFO - Setting next_dagrun for example_branch_datetime_operator_3 to 2025-08-01 00:00:00+00:00, run_after=2025-08-02 00:00:00+00:00
[2025-08-02T01:43:44.910+0000] {processor.py:183} INFO - Processing /home/airflow/.local/lib/python3.8/site-packages/airflow/example_dags/example_branch_datetime_operator.py took 0.093 seconds
[2025-08-02T01:44:15.147+0000] {processor.py:161} INFO - Started process (PID=257) to work on /home/airflow/.local/lib/python3.8/site-packages/airflow/example_dags/example_branch_datetime_operator.py
[2025-08-02T01:44:15.148+0000] {processor.py:830} INFO - Processing file /home/airflow/.local/lib/python3.8/site-packages/airflow/example_dags/example_branch_datetime_operator.py for tasks to queue
[2025-08-02T01:44:15.150+0000] {logging_mixin.py:188} INFO - [2025-08-02T01:44:15.149+0000] {dagbag.py:540} INFO - Filling up the DagBag from /home/airflow/.local/lib/python3.8/site-packages/airflow/example_dags/example_branch_datetime_operator.py
[2025-08-02T01:44:15.156+0000] {processor.py:840} INFO - DAG(s) 'example_branch_datetime_operator', 'example_branch_datetime_operator_3', 'example_branch_datetime_operator_2' retrieved from /home/airflow/.local/lib/python3.8/site-packages/airflow/example_dags/example_branch_datetime_operator.py
[2025-08-02T01:44:15.170+0000] {logging_mixin.py:188} INFO - [2025-08-02T01:44:15.170+0000] {dag.py:3047} INFO - Sync 3 DAGs
[2025-08-02T01:44:15.181+0000] {logging_mixin.py:188} INFO - [2025-08-02T01:44:15.181+0000] {dag.py:3834} INFO - Setting next_dagrun for example_branch_datetime_operator to 2025-08-01 00:00:00+00:00, run_after=2025-08-02 00:00:00+00:00
[2025-08-02T01:44:15.183+0000] {logging_mixin.py:188} INFO - [2025-08-02T01:44:15.183+0000] {dag.py:3834} INFO - Setting next_dagrun for example_branch_datetime_operator_2 to 2025-08-01 00:00:00+00:00, run_after=2025-08-02 00:00:00+00:00
[2025-08-02T01:44:15.184+0000] {logging_mixin.py:188} INFO - [2025-08-02T01:44:15.184+0000] {dag.py:3834} INFO - Setting next_dagrun for example_branch_datetime_operator_3 to 2025-08-01 00:00:00+00:00, run_after=2025-08-02 00:00:00+00:00
[2025-08-02T01:44:15.193+0000] {processor.py:183} INFO - Processing /home/airflow/.local/lib/python3.8/site-packages/airflow/example_dags/example_branch_datetime_operator.py took 0.048 seconds
[2025-08-02T01:44:45.941+0000] {processor.py:161} INFO - Started process (PID=313) to work on /home/airflow/.local/lib/python3.8/site-packages/airflow/example_dags/example_branch_datetime_operator.py
[2025-08-02T01:44:45.942+0000] {processor.py:830} INFO - Processing file /home/airflow/.local/lib/python3.8/site-packages/airflow/example_dags/example_branch_datetime_operator.py for tasks to queue
[2025-08-02T01:44:45.944+0000] {logging_mixin.py:188} INFO - [2025-08-02T01:44:45.943+0000] {dagbag.py:540} INFO - Filling up the DagBag from /home/airflow/.local/lib/python3.8/site-packages/airflow/example_dags/example_branch_datetime_operator.py
[2025-08-02T01:44:45.949+0000] {processor.py:840} INFO - DAG(s) 'example_branch_datetime_operator', 'example_branch_datetime_operator_2', 'example_branch_datetime_operator_3' retrieved from /home/airflow/.local/lib/python3.8/site-packages/airflow/example_dags/example_branch_datetime_operator.py
[2025-08-02T01:44:45.977+0000] {logging_mixin.py:188} INFO - [2025-08-02T01:44:45.976+0000] {dag.py:3047} INFO - Sync 3 DAGs
[2025-08-02T01:44:45.994+0000] {logging_mixin.py:188} INFO - [2025-08-02T01:44:45.994+0000] {dag.py:3834} INFO - Setting next_dagrun for example_branch_datetime_operator to 2025-08-01 00:00:00+00:00, run_after=2025-08-02 00:00:00+00:00
[2025-08-02T01:44:45.997+0000] {logging_mixin.py:188} INFO - [2025-08-02T01:44:45.997+0000] {dag.py:3834} INFO - Setting next_dagrun for example_branch_datetime_operator_2 to 2025-08-01 00:00:00+00:00, run_after=2025-08-02 00:00:00+00:00
[2025-08-02T01:44:45.999+0000] {logging_mixin.py:188} INFO - [2025-08-02T01:44:45.999+0000] {dag.py:3834} INFO - Setting next_dagrun for example_branch_datetime_operator_3 to 2025-08-01 00:00:00+00:00, run_after=2025-08-02 00:00:00+00:00
[2025-08-02T01:44:46.012+0000] {processor.py:183} INFO - Processing /home/airflow/.local/lib/python3.8/site-packages/airflow/example_dags/example_branch_datetime_operator.py took 0.073 seconds
[2025-08-02T01:45:16.228+0000] {processor.py:161} INFO - Started process (PID=369) to work on /home/airflow/.local/lib/python3.8/site-packages/airflow/example_dags/example_branch_datetime_operator.py
[2025-08-02T01:45:16.230+0000] {processor.py:830} INFO - Processing file /home/airflow/.local/lib/python3.8/site-packages/airflow/example_dags/example_branch_datetime_operator.py for tasks to queue
[2025-08-02T01:45:16.234+0000] {logging_mixin.py:188} INFO - [2025-08-02T01:45:16.234+0000] {dagbag.py:540} INFO - Filling up the DagBag from /home/airflow/.local/lib/python3.8/site-packages/airflow/example_dags/example_branch_datetime_operator.py
[2025-08-02T01:45:16.245+0000] {processor.py:840} INFO - DAG(s) 'example_branch_datetime_operator_3', 'example_branch_datetime_operator_2', 'example_branch_datetime_operator' retrieved from /home/airflow/.local/lib/python3.8/site-packages/airflow/example_dags/example_branch_datetime_operator.py
[2025-08-02T01:45:16.268+0000] {logging_mixin.py:188} INFO - [2025-08-02T01:45:16.268+0000] {dag.py:3047} INFO - Sync 3 DAGs
[2025-08-02T01:45:16.281+0000] {logging_mixin.py:188} INFO - [2025-08-02T01:45:16.281+0000] {dag.py:3834} INFO - Setting next_dagrun for example_branch_datetime_operator to 2025-08-01 00:00:00+00:00, run_after=2025-08-02 00:00:00+00:00
[2025-08-02T01:45:16.284+0000] {logging_mixin.py:188} INFO - [2025-08-02T01:45:16.284+0000] {dag.py:3834} INFO - Setting next_dagrun for example_branch_datetime_operator_2 to 2025-08-01 00:00:00+00:00, run_after=2025-08-02 00:00:00+00:00
[2025-08-02T01:45:16.285+0000] {logging_mixin.py:188} INFO - [2025-08-02T01:45:16.285+0000] {dag.py:3834} INFO - Setting next_dagrun for example_branch_datetime_operator_3 to 2025-08-01 00:00:00+00:00, run_after=2025-08-02 00:00:00+00:00
[2025-08-02T01:45:16.298+0000] {processor.py:183} INFO - Processing /home/airflow/.local/lib/python3.8/site-packages/airflow/example_dags/example_branch_datetime_operator.py took 0.073 seconds
[2025-08-02T01:45:47.409+0000] {processor.py:161} INFO - Started process (PID=425) to work on /home/airflow/.local/lib/python3.8/site-packages/airflow/example_dags/example_branch_datetime_operator.py
[2025-08-02T01:45:47.411+0000] {processor.py:830} INFO - Processing file /home/airflow/.local/lib/python3.8/site-packages/airflow/example_dags/example_branch_datetime_operator.py for tasks to queue
[2025-08-02T01:45:47.414+0000] {logging_mixin.py:188} INFO - [2025-08-02T01:45:47.414+0000] {dagbag.py:540} INFO - Filling up the DagBag from /home/airflow/.local/lib/python3.8/site-packages/airflow/example_dags/example_branch_datetime_operator.py
[2025-08-02T01:45:47.426+0000] {processor.py:840} INFO - DAG(s) 'example_branch_datetime_operator_2', 'example_branch_datetime_operator', 'example_branch_datetime_operator_3' retrieved from /home/airflow/.local/lib/python3.8/site-packages/airflow/example_dags/example_branch_datetime_operator.py
[2025-08-02T01:45:47.452+0000] {logging_mixin.py:188} INFO - [2025-08-02T01:45:47.452+0000] {dag.py:3047} INFO - Sync 3 DAGs
[2025-08-02T01:45:47.468+0000] {logging_mixin.py:188} INFO - [2025-08-02T01:45:47.468+0000] {dag.py:3834} INFO - Setting next_dagrun for example_branch_datetime_operator to 2025-08-01 00:00:00+00:00, run_after=2025-08-02 00:00:00+00:00
[2025-08-02T01:45:47.475+0000] {logging_mixin.py:188} INFO - [2025-08-02T01:45:47.474+0000] {dag.py:3834} INFO - Setting next_dagrun for example_branch_datetime_operator_2 to 2025-08-01 00:00:00+00:00, run_after=2025-08-02 00:00:00+00:00
[2025-08-02T01:45:47.481+0000] {logging_mixin.py:188} INFO - [2025-08-02T01:45:47.481+0000] {dag.py:3834} INFO - Setting next_dagrun for example_branch_datetime_operator_3 to 2025-08-01 00:00:00+00:00, run_after=2025-08-02 00:00:00+00:00
[2025-08-02T01:45:47.494+0000] {processor.py:183} INFO - Processing /home/airflow/.local/lib/python3.8/site-packages/airflow/example_dags/example_branch_datetime_operator.py took 0.092 seconds
[2025-08-02T01:46:17.774+0000] {processor.py:161} INFO - Started process (PID=482) to work on /home/airflow/.local/lib/python3.8/site-packages/airflow/example_dags/example_branch_datetime_operator.py
[2025-08-02T01:46:17.776+0000] {processor.py:830} INFO - Processing file /home/airflow/.local/lib/python3.8/site-packages/airflow/example_dags/example_branch_datetime_operator.py for tasks to queue
[2025-08-02T01:46:17.777+0000] {logging_mixin.py:188} INFO - [2025-08-02T01:46:17.777+0000] {dagbag.py:540} INFO - Filling up the DagBag from /home/airflow/.local/lib/python3.8/site-packages/airflow/example_dags/example_branch_datetime_operator.py
[2025-08-02T01:46:17.786+0000] {processor.py:840} INFO - DAG(s) 'example_branch_datetime_operator', 'example_branch_datetime_operator_3', 'example_branch_datetime_operator_2' retrieved from /home/airflow/.local/lib/python3.8/site-packages/airflow/example_dags/example_branch_datetime_operator.py
[2025-08-02T01:46:17.806+0000] {logging_mixin.py:188} INFO - [2025-08-02T01:46:17.806+0000] {dag.py:3047} INFO - Sync 3 DAGs
[2025-08-02T01:46:17.823+0000] {logging_mixin.py:188} INFO - [2025-08-02T01:46:17.823+0000] {dag.py:3834} INFO - Setting next_dagrun for example_branch_datetime_operator to 2025-08-01 00:00:00+00:00, run_after=2025-08-02 00:00:00+00:00
[2025-08-02T01:46:17.826+0000] {logging_mixin.py:188} INFO - [2025-08-02T01:46:17.826+0000] {dag.py:3834} INFO - Setting next_dagrun for example_branch_datetime_operator_2 to 2025-08-01 00:00:00+00:00, run_after=2025-08-02 00:00:00+00:00
[2025-08-02T01:46:17.828+0000] {logging_mixin.py:188} INFO - [2025-08-02T01:46:17.828+0000] {dag.py:3834} INFO - Setting next_dagrun for example_branch_datetime_operator_3 to 2025-08-01 00:00:00+00:00, run_after=2025-08-02 00:00:00+00:00
[2025-08-02T01:46:17.841+0000] {processor.py:183} INFO - Processing /home/airflow/.local/lib/python3.8/site-packages/airflow/example_dags/example_branch_datetime_operator.py took 0.069 seconds
[2025-08-02T01:46:48.966+0000] {processor.py:161} INFO - Started process (PID=539) to work on /home/airflow/.local/lib/python3.8/site-packages/airflow/example_dags/example_branch_datetime_operator.py
[2025-08-02T01:46:48.967+0000] {processor.py:830} INFO - Processing file /home/airflow/.local/lib/python3.8/site-packages/airflow/example_dags/example_branch_datetime_operator.py for tasks to queue
[2025-08-02T01:46:48.969+0000] {logging_mixin.py:188} INFO - [2025-08-02T01:46:48.968+0000] {dagbag.py:540} INFO - Filling up the DagBag from /home/airflow/.local/lib/python3.8/site-packages/airflow/example_dags/example_branch_datetime_operator.py
[2025-08-02T01:46:48.982+0000] {processor.py:840} INFO - DAG(s) 'example_branch_datetime_operator_2', 'example_branch_datetime_operator_3', 'example_branch_datetime_operator' retrieved from /home/airflow/.local/lib/python3.8/site-packages/airflow/example_dags/example_branch_datetime_operator.py
[2025-08-02T01:46:49.005+0000] {logging_mixin.py:188} INFO - [2025-08-02T01:46:49.005+0000] {dag.py:3047} INFO - Sync 3 DAGs
[2025-08-02T01:46:49.025+0000] {logging_mixin.py:188} INFO - [2025-08-02T01:46:49.025+0000] {dag.py:3834} INFO - Setting next_dagrun for example_branch_datetime_operator to 2025-08-01 00:00:00+00:00, run_after=2025-08-02 00:00:00+00:00
[2025-08-02T01:46:49.028+0000] {logging_mixin.py:188} INFO - [2025-08-02T01:46:49.028+0000] {dag.py:3834} INFO - Setting next_dagrun for example_branch_datetime_operator_2 to 2025-08-01 00:00:00+00:00, run_after=2025-08-02 00:00:00+00:00
[2025-08-02T01:46:49.029+0000] {logging_mixin.py:188} INFO - [2025-08-02T01:46:49.029+0000] {dag.py:3834} INFO - Setting next_dagrun for example_branch_datetime_operator_3 to 2025-08-01 00:00:00+00:00, run_after=2025-08-02 00:00:00+00:00
[2025-08-02T01:46:49.038+0000] {processor.py:183} INFO - Processing /home/airflow/.local/lib/python3.8/site-packages/airflow/example_dags/example_branch_datetime_operator.py took 0.076 seconds
[2025-08-02T01:47:19.357+0000] {processor.py:161} INFO - Started process (PID=595) to work on /home/airflow/.local/lib/python3.8/site-packages/airflow/example_dags/example_branch_datetime_operator.py
[2025-08-02T01:47:19.361+0000] {processor.py:830} INFO - Processing file /home/airflow/.local/lib/python3.8/site-packages/airflow/example_dags/example_branch_datetime_operator.py for tasks to queue
[2025-08-02T01:47:19.363+0000] {logging_mixin.py:188} INFO - [2025-08-02T01:47:19.363+0000] {dagbag.py:540} INFO - Filling up the DagBag from /home/airflow/.local/lib/python3.8/site-packages/airflow/example_dags/example_branch_datetime_operator.py
[2025-08-02T01:47:19.370+0000] {processor.py:840} INFO - DAG(s) 'example_branch_datetime_operator', 'example_branch_datetime_operator_2', 'example_branch_datetime_operator_3' retrieved from /home/airflow/.local/lib/python3.8/site-packages/airflow/example_dags/example_branch_datetime_operator.py
[2025-08-02T01:47:19.400+0000] {logging_mixin.py:188} INFO - [2025-08-02T01:47:19.400+0000] {dag.py:3047} INFO - Sync 3 DAGs
[2025-08-02T01:47:19.412+0000] {logging_mixin.py:188} INFO - [2025-08-02T01:47:19.412+0000] {dag.py:3834} INFO - Setting next_dagrun for example_branch_datetime_operator to 2025-08-01 00:00:00+00:00, run_after=2025-08-02 00:00:00+00:00
[2025-08-02T01:47:19.417+0000] {logging_mixin.py:188} INFO - [2025-08-02T01:47:19.417+0000] {dag.py:3834} INFO - Setting next_dagrun for example_branch_datetime_operator_2 to 2025-08-01 00:00:00+00:00, run_after=2025-08-02 00:00:00+00:00
[2025-08-02T01:47:19.419+0000] {logging_mixin.py:188} INFO - [2025-08-02T01:47:19.419+0000] {dag.py:3834} INFO - Setting next_dagrun for example_branch_datetime_operator_3 to 2025-08-01 00:00:00+00:00, run_after=2025-08-02 00:00:00+00:00
[2025-08-02T01:47:19.428+0000] {processor.py:183} INFO - Processing /home/airflow/.local/lib/python3.8/site-packages/airflow/example_dags/example_branch_datetime_operator.py took 0.074 seconds
[2025-08-02T01:47:49.879+0000] {processor.py:161} INFO - Started process (PID=651) to work on /home/airflow/.local/lib/python3.8/site-packages/airflow/example_dags/example_branch_datetime_operator.py
[2025-08-02T01:47:49.880+0000] {processor.py:830} INFO - Processing file /home/airflow/.local/lib/python3.8/site-packages/airflow/example_dags/example_branch_datetime_operator.py for tasks to queue
[2025-08-02T01:47:49.883+0000] {logging_mixin.py:188} INFO - [2025-08-02T01:47:49.882+0000] {dagbag.py:540} INFO - Filling up the DagBag from /home/airflow/.local/lib/python3.8/site-packages/airflow/example_dags/example_branch_datetime_operator.py
[2025-08-02T01:47:49.909+0000] {processor.py:840} INFO - DAG(s) 'example_branch_datetime_operator_2', 'example_branch_datetime_operator_3', 'example_branch_datetime_operator' retrieved from /home/airflow/.local/lib/python3.8/site-packages/airflow/example_dags/example_branch_datetime_operator.py
[2025-08-02T01:47:49.957+0000] {logging_mixin.py:188} INFO - [2025-08-02T01:47:49.957+0000] {dag.py:3047} INFO - Sync 3 DAGs
[2025-08-02T01:47:49.974+0000] {logging_mixin.py:188} INFO - [2025-08-02T01:47:49.974+0000] {dag.py:3834} INFO - Setting next_dagrun for example_branch_datetime_operator to 2025-08-01 00:00:00+00:00, run_after=2025-08-02 00:00:00+00:00
[2025-08-02T01:47:49.978+0000] {logging_mixin.py:188} INFO - [2025-08-02T01:47:49.978+0000] {dag.py:3834} INFO - Setting next_dagrun for example_branch_datetime_operator_2 to 2025-08-01 00:00:00+00:00, run_after=2025-08-02 00:00:00+00:00
[2025-08-02T01:47:49.980+0000] {logging_mixin.py:188} INFO - [2025-08-02T01:47:49.979+0000] {dag.py:3834} INFO - Setting next_dagrun for example_branch_datetime_operator_3 to 2025-08-01 00:00:00+00:00, run_after=2025-08-02 00:00:00+00:00
[2025-08-02T01:47:49.994+0000] {processor.py:183} INFO - Processing /home/airflow/.local/lib/python3.8/site-packages/airflow/example_dags/example_branch_datetime_operator.py took 0.118 seconds
[2025-08-02T01:48:21.031+0000] {processor.py:161} INFO - Started process (PID=707) to work on /home/airflow/.local/lib/python3.8/site-packages/airflow/example_dags/example_branch_datetime_operator.py
[2025-08-02T01:48:21.033+0000] {processor.py:830} INFO - Processing file /home/airflow/.local/lib/python3.8/site-packages/airflow/example_dags/example_branch_datetime_operator.py for tasks to queue
[2025-08-02T01:48:21.034+0000] {logging_mixin.py:188} INFO - [2025-08-02T01:48:21.034+0000] {dagbag.py:540} INFO - Filling up the DagBag from /home/airflow/.local/lib/python3.8/site-packages/airflow/example_dags/example_branch_datetime_operator.py
[2025-08-02T01:48:21.042+0000] {processor.py:840} INFO - DAG(s) 'example_branch_datetime_operator', 'example_branch_datetime_operator_3', 'example_branch_datetime_operator_2' retrieved from /home/airflow/.local/lib/python3.8/site-packages/airflow/example_dags/example_branch_datetime_operator.py
[2025-08-02T01:48:21.061+0000] {logging_mixin.py:188} INFO - [2025-08-02T01:48:21.061+0000] {dag.py:3047} INFO - Sync 3 DAGs
[2025-08-02T01:48:21.075+0000] {logging_mixin.py:188} INFO - [2025-08-02T01:48:21.075+0000] {dag.py:3834} INFO - Setting next_dagrun for example_branch_datetime_operator to 2025-08-01 00:00:00+00:00, run_after=2025-08-02 00:00:00+00:00
[2025-08-02T01:48:21.078+0000] {logging_mixin.py:188} INFO - [2025-08-02T01:48:21.078+0000] {dag.py:3834} INFO - Setting next_dagrun for example_branch_datetime_operator_2 to 2025-08-01 00:00:00+00:00, run_after=2025-08-02 00:00:00+00:00
[2025-08-02T01:48:21.079+0000] {logging_mixin.py:188} INFO - [2025-08-02T01:48:21.079+0000] {dag.py:3834} INFO - Setting next_dagrun for example_branch_datetime_operator_3 to 2025-08-01 00:00:00+00:00, run_after=2025-08-02 00:00:00+00:00
[2025-08-02T01:48:21.088+0000] {processor.py:183} INFO - Processing /home/airflow/.local/lib/python3.8/site-packages/airflow/example_dags/example_branch_datetime_operator.py took 0.059 seconds
[2025-08-02T01:48:51.233+0000] {processor.py:161} INFO - Started process (PID=763) to work on /home/airflow/.local/lib/python3.8/site-packages/airflow/example_dags/example_branch_datetime_operator.py
[2025-08-02T01:48:51.235+0000] {processor.py:830} INFO - Processing file /home/airflow/.local/lib/python3.8/site-packages/airflow/example_dags/example_branch_datetime_operator.py for tasks to queue
[2025-08-02T01:48:51.241+0000] {logging_mixin.py:188} INFO - [2025-08-02T01:48:51.239+0000] {dagbag.py:540} INFO - Filling up the DagBag from /home/airflow/.local/lib/python3.8/site-packages/airflow/example_dags/example_branch_datetime_operator.py
[2025-08-02T01:48:51.265+0000] {processor.py:840} INFO - DAG(s) 'example_branch_datetime_operator', 'example_branch_datetime_operator_2', 'example_branch_datetime_operator_3' retrieved from /home/airflow/.local/lib/python3.8/site-packages/airflow/example_dags/example_branch_datetime_operator.py
[2025-08-02T01:48:51.292+0000] {logging_mixin.py:188} INFO - [2025-08-02T01:48:51.292+0000] {dag.py:3047} INFO - Sync 3 DAGs
[2025-08-02T01:48:51.317+0000] {logging_mixin.py:188} INFO - [2025-08-02T01:48:51.317+0000] {dag.py:3834} INFO - Setting next_dagrun for example_branch_datetime_operator to 2025-08-01 00:00:00+00:00, run_after=2025-08-02 00:00:00+00:00
[2025-08-02T01:48:51.320+0000] {logging_mixin.py:188} INFO - [2025-08-02T01:48:51.320+0000] {dag.py:3834} INFO - Setting next_dagrun for example_branch_datetime_operator_2 to 2025-08-01 00:00:00+00:00, run_after=2025-08-02 00:00:00+00:00
[2025-08-02T01:48:51.322+0000] {logging_mixin.py:188} INFO - [2025-08-02T01:48:51.322+0000] {dag.py:3834} INFO - Setting next_dagrun for example_branch_datetime_operator_3 to 2025-08-01 00:00:00+00:00, run_after=2025-08-02 00:00:00+00:00
[2025-08-02T01:48:51.336+0000] {processor.py:183} INFO - Processing /home/airflow/.local/lib/python3.8/site-packages/airflow/example_dags/example_branch_datetime_operator.py took 0.107 seconds
[2025-08-02T01:49:22.289+0000] {processor.py:161} INFO - Started process (PID=819) to work on /home/airflow/.local/lib/python3.8/site-packages/airflow/example_dags/example_branch_datetime_operator.py
[2025-08-02T01:49:22.291+0000] {processor.py:830} INFO - Processing file /home/airflow/.local/lib/python3.8/site-packages/airflow/example_dags/example_branch_datetime_operator.py for tasks to queue
[2025-08-02T01:49:22.292+0000] {logging_mixin.py:188} INFO - [2025-08-02T01:49:22.292+0000] {dagbag.py:540} INFO - Filling up the DagBag from /home/airflow/.local/lib/python3.8/site-packages/airflow/example_dags/example_branch_datetime_operator.py
[2025-08-02T01:49:22.303+0000] {processor.py:840} INFO - DAG(s) 'example_branch_datetime_operator_2', 'example_branch_datetime_operator', 'example_branch_datetime_operator_3' retrieved from /home/airflow/.local/lib/python3.8/site-packages/airflow/example_dags/example_branch_datetime_operator.py
[2025-08-02T01:49:22.331+0000] {logging_mixin.py:188} INFO - [2025-08-02T01:49:22.330+0000] {dag.py:3047} INFO - Sync 3 DAGs
[2025-08-02T01:49:22.352+0000] {logging_mixin.py:188} INFO - [2025-08-02T01:49:22.352+0000] {dag.py:3834} INFO - Setting next_dagrun for example_branch_datetime_operator to 2025-08-01 00:00:00+00:00, run_after=2025-08-02 00:00:00+00:00
[2025-08-02T01:49:22.357+0000] {logging_mixin.py:188} INFO - [2025-08-02T01:49:22.357+0000] {dag.py:3834} INFO - Setting next_dagrun for example_branch_datetime_operator_2 to 2025-08-01 00:00:00+00:00, run_after=2025-08-02 00:00:00+00:00
[2025-08-02T01:49:22.358+0000] {logging_mixin.py:188} INFO - [2025-08-02T01:49:22.358+0000] {dag.py:3834} INFO - Setting next_dagrun for example_branch_datetime_operator_3 to 2025-08-01 00:00:00+00:00, run_after=2025-08-02 00:00:00+00:00
[2025-08-02T01:49:22.373+0000] {processor.py:183} INFO - Processing /home/airflow/.local/lib/python3.8/site-packages/airflow/example_dags/example_branch_datetime_operator.py took 0.087 seconds
[2025-08-02T01:49:54.008+0000] {processor.py:161} INFO - Started process (PID=875) to work on /home/airflow/.local/lib/python3.8/site-packages/airflow/example_dags/example_branch_datetime_operator.py
[2025-08-02T01:49:54.009+0000] {processor.py:830} INFO - Processing file /home/airflow/.local/lib/python3.8/site-packages/airflow/example_dags/example_branch_datetime_operator.py for tasks to queue
[2025-08-02T01:49:54.012+0000] {logging_mixin.py:188} INFO - [2025-08-02T01:49:54.011+0000] {dagbag.py:540} INFO - Filling up the DagBag from /home/airflow/.local/lib/python3.8/site-packages/airflow/example_dags/example_branch_datetime_operator.py
[2025-08-02T01:49:54.190+0000] {processor.py:840} INFO - DAG(s) 'example_branch_datetime_operator_3', 'example_branch_datetime_operator_2', 'example_branch_datetime_operator' retrieved from /home/airflow/.local/lib/python3.8/site-packages/airflow/example_dags/example_branch_datetime_operator.py
[2025-08-02T01:49:54.515+0000] {logging_mixin.py:188} INFO - [2025-08-02T01:49:54.511+0000] {dag.py:3047} INFO - Sync 3 DAGs
[2025-08-02T01:49:54.557+0000] {logging_mixin.py:188} INFO - [2025-08-02T01:49:54.555+0000] {dag.py:3834} INFO - Setting next_dagrun for example_branch_datetime_operator to 2025-08-01 00:00:00+00:00, run_after=2025-08-02 00:00:00+00:00
[2025-08-02T01:49:54.563+0000] {logging_mixin.py:188} INFO - [2025-08-02T01:49:54.563+0000] {dag.py:3834} INFO - Setting next_dagrun for example_branch_datetime_operator_2 to 2025-08-01 00:00:00+00:00, run_after=2025-08-02 00:00:00+00:00
[2025-08-02T01:49:54.566+0000] {logging_mixin.py:188} INFO - [2025-08-02T01:49:54.565+0000] {dag.py:3834} INFO - Setting next_dagrun for example_branch_datetime_operator_3 to 2025-08-01 00:00:00+00:00, run_after=2025-08-02 00:00:00+00:00
[2025-08-02T01:49:54.616+0000] {processor.py:183} INFO - Processing /home/airflow/.local/lib/python3.8/site-packages/airflow/example_dags/example_branch_datetime_operator.py took 0.612 seconds
[2025-08-02T01:50:27.094+0000] {processor.py:161} INFO - Started process (PID=931) to work on /home/airflow/.local/lib/python3.8/site-packages/airflow/example_dags/example_branch_datetime_operator.py
[2025-08-02T01:50:27.098+0000] {processor.py:830} INFO - Processing file /home/airflow/.local/lib/python3.8/site-packages/airflow/example_dags/example_branch_datetime_operator.py for tasks to queue
[2025-08-02T01:50:27.107+0000] {logging_mixin.py:188} INFO - [2025-08-02T01:50:27.105+0000] {dagbag.py:540} INFO - Filling up the DagBag from /home/airflow/.local/lib/python3.8/site-packages/airflow/example_dags/example_branch_datetime_operator.py
[2025-08-02T01:50:27.154+0000] {processor.py:840} INFO - DAG(s) 'example_branch_datetime_operator_3', 'example_branch_datetime_operator', 'example_branch_datetime_operator_2' retrieved from /home/airflow/.local/lib/python3.8/site-packages/airflow/example_dags/example_branch_datetime_operator.py
[2025-08-02T01:50:27.232+0000] {logging_mixin.py:188} INFO - [2025-08-02T01:50:27.232+0000] {dag.py:3047} INFO - Sync 3 DAGs
[2025-08-02T01:50:27.278+0000] {logging_mixin.py:188} INFO - [2025-08-02T01:50:27.278+0000] {dag.py:3834} INFO - Setting next_dagrun for example_branch_datetime_operator to 2025-08-01 00:00:00+00:00, run_after=2025-08-02 00:00:00+00:00
[2025-08-02T01:50:27.287+0000] {logging_mixin.py:188} INFO - [2025-08-02T01:50:27.286+0000] {dag.py:3834} INFO - Setting next_dagrun for example_branch_datetime_operator_2 to 2025-08-01 00:00:00+00:00, run_after=2025-08-02 00:00:00+00:00
[2025-08-02T01:50:27.293+0000] {logging_mixin.py:188} INFO - [2025-08-02T01:50:27.293+0000] {dag.py:3834} INFO - Setting next_dagrun for example_branch_datetime_operator_3 to 2025-08-01 00:00:00+00:00, run_after=2025-08-02 00:00:00+00:00
[2025-08-02T01:50:27.327+0000] {processor.py:183} INFO - Processing /home/airflow/.local/lib/python3.8/site-packages/airflow/example_dags/example_branch_datetime_operator.py took 0.297 seconds
[2025-08-02T01:50:57.881+0000] {processor.py:161} INFO - Started process (PID=988) to work on /home/airflow/.local/lib/python3.8/site-packages/airflow/example_dags/example_branch_datetime_operator.py
[2025-08-02T01:50:57.882+0000] {processor.py:830} INFO - Processing file /home/airflow/.local/lib/python3.8/site-packages/airflow/example_dags/example_branch_datetime_operator.py for tasks to queue
[2025-08-02T01:50:57.883+0000] {logging_mixin.py:188} INFO - [2025-08-02T01:50:57.883+0000] {dagbag.py:540} INFO - Filling up the DagBag from /home/airflow/.local/lib/python3.8/site-packages/airflow/example_dags/example_branch_datetime_operator.py
[2025-08-02T01:50:57.890+0000] {processor.py:840} INFO - DAG(s) 'example_branch_datetime_operator', 'example_branch_datetime_operator_2', 'example_branch_datetime_operator_3' retrieved from /home/airflow/.local/lib/python3.8/site-packages/airflow/example_dags/example_branch_datetime_operator.py
[2025-08-02T01:50:57.932+0000] {logging_mixin.py:188} INFO - [2025-08-02T01:50:57.931+0000] {dag.py:3047} INFO - Sync 3 DAGs
[2025-08-02T01:50:57.956+0000] {logging_mixin.py:188} INFO - [2025-08-02T01:50:57.955+0000] {dag.py:3834} INFO - Setting next_dagrun for example_branch_datetime_operator to 2025-08-01 00:00:00+00:00, run_after=2025-08-02 00:00:00+00:00
[2025-08-02T01:50:57.963+0000] {logging_mixin.py:188} INFO - [2025-08-02T01:50:57.963+0000] {dag.py:3834} INFO - Setting next_dagrun for example_branch_datetime_operator_2 to 2025-08-01 00:00:00+00:00, run_after=2025-08-02 00:00:00+00:00
[2025-08-02T01:50:57.966+0000] {logging_mixin.py:188} INFO - [2025-08-02T01:50:57.966+0000] {dag.py:3834} INFO - Setting next_dagrun for example_branch_datetime_operator_3 to 2025-08-01 00:00:00+00:00, run_after=2025-08-02 00:00:00+00:00
[2025-08-02T01:50:57.985+0000] {processor.py:183} INFO - Processing /home/airflow/.local/lib/python3.8/site-packages/airflow/example_dags/example_branch_datetime_operator.py took 0.106 seconds
[2025-08-02T01:51:28.235+0000] {processor.py:161} INFO - Started process (PID=1044) to work on /home/airflow/.local/lib/python3.8/site-packages/airflow/example_dags/example_branch_datetime_operator.py
[2025-08-02T01:51:28.236+0000] {processor.py:830} INFO - Processing file /home/airflow/.local/lib/python3.8/site-packages/airflow/example_dags/example_branch_datetime_operator.py for tasks to queue
[2025-08-02T01:51:28.238+0000] {logging_mixin.py:188} INFO - [2025-08-02T01:51:28.238+0000] {dagbag.py:540} INFO - Filling up the DagBag from /home/airflow/.local/lib/python3.8/site-packages/airflow/example_dags/example_branch_datetime_operator.py
[2025-08-02T01:51:28.247+0000] {processor.py:840} INFO - DAG(s) 'example_branch_datetime_operator_3', 'example_branch_datetime_operator_2', 'example_branch_datetime_operator' retrieved from /home/airflow/.local/lib/python3.8/site-packages/airflow/example_dags/example_branch_datetime_operator.py
[2025-08-02T01:51:28.268+0000] {logging_mixin.py:188} INFO - [2025-08-02T01:51:28.268+0000] {dag.py:3047} INFO - Sync 3 DAGs
[2025-08-02T01:51:28.281+0000] {logging_mixin.py:188} INFO - [2025-08-02T01:51:28.281+0000] {dag.py:3834} INFO - Setting next_dagrun for example_branch_datetime_operator to 2025-08-01 00:00:00+00:00, run_after=2025-08-02 00:00:00+00:00
[2025-08-02T01:51:28.284+0000] {logging_mixin.py:188} INFO - [2025-08-02T01:51:28.284+0000] {dag.py:3834} INFO - Setting next_dagrun for example_branch_datetime_operator_2 to 2025-08-01 00:00:00+00:00, run_after=2025-08-02 00:00:00+00:00
[2025-08-02T01:51:28.286+0000] {logging_mixin.py:188} INFO - [2025-08-02T01:51:28.285+0000] {dag.py:3834} INFO - Setting next_dagrun for example_branch_datetime_operator_3 to 2025-08-01 00:00:00+00:00, run_after=2025-08-02 00:00:00+00:00
[2025-08-02T01:51:28.295+0000] {processor.py:183} INFO - Processing /home/airflow/.local/lib/python3.8/site-packages/airflow/example_dags/example_branch_datetime_operator.py took 0.063 seconds
[2025-08-02T01:51:58.905+0000] {processor.py:161} INFO - Started process (PID=1100) to work on /home/airflow/.local/lib/python3.8/site-packages/airflow/example_dags/example_branch_datetime_operator.py
[2025-08-02T01:51:58.906+0000] {processor.py:830} INFO - Processing file /home/airflow/.local/lib/python3.8/site-packages/airflow/example_dags/example_branch_datetime_operator.py for tasks to queue
[2025-08-02T01:51:58.907+0000] {logging_mixin.py:188} INFO - [2025-08-02T01:51:58.907+0000] {dagbag.py:540} INFO - Filling up the DagBag from /home/airflow/.local/lib/python3.8/site-packages/airflow/example_dags/example_branch_datetime_operator.py
[2025-08-02T01:51:58.913+0000] {processor.py:840} INFO - DAG(s) 'example_branch_datetime_operator', 'example_branch_datetime_operator_3', 'example_branch_datetime_operator_2' retrieved from /home/airflow/.local/lib/python3.8/site-packages/airflow/example_dags/example_branch_datetime_operator.py
[2025-08-02T01:51:58.932+0000] {logging_mixin.py:188} INFO - [2025-08-02T01:51:58.932+0000] {dag.py:3047} INFO - Sync 3 DAGs
[2025-08-02T01:51:58.948+0000] {logging_mixin.py:188} INFO - [2025-08-02T01:51:58.948+0000] {dag.py:3834} INFO - Setting next_dagrun for example_branch_datetime_operator to 2025-08-01 00:00:00+00:00, run_after=2025-08-02 00:00:00+00:00
[2025-08-02T01:51:58.952+0000] {logging_mixin.py:188} INFO - [2025-08-02T01:51:58.952+0000] {dag.py:3834} INFO - Setting next_dagrun for example_branch_datetime_operator_2 to 2025-08-01 00:00:00+00:00, run_after=2025-08-02 00:00:00+00:00
[2025-08-02T01:51:58.954+0000] {logging_mixin.py:188} INFO - [2025-08-02T01:51:58.954+0000] {dag.py:3834} INFO - Setting next_dagrun for example_branch_datetime_operator_3 to 2025-08-01 00:00:00+00:00, run_after=2025-08-02 00:00:00+00:00
[2025-08-02T01:51:58.966+0000] {processor.py:183} INFO - Processing /home/airflow/.local/lib/python3.8/site-packages/airflow/example_dags/example_branch_datetime_operator.py took 0.062 seconds
[2025-08-02T01:52:29.662+0000] {processor.py:161} INFO - Started process (PID=1156) to work on /home/airflow/.local/lib/python3.8/site-packages/airflow/example_dags/example_branch_datetime_operator.py
[2025-08-02T01:52:29.664+0000] {processor.py:830} INFO - Processing file /home/airflow/.local/lib/python3.8/site-packages/airflow/example_dags/example_branch_datetime_operator.py for tasks to queue
[2025-08-02T01:52:29.665+0000] {logging_mixin.py:188} INFO - [2025-08-02T01:52:29.665+0000] {dagbag.py:540} INFO - Filling up the DagBag from /home/airflow/.local/lib/python3.8/site-packages/airflow/example_dags/example_branch_datetime_operator.py
[2025-08-02T01:52:29.672+0000] {processor.py:840} INFO - DAG(s) 'example_branch_datetime_operator', 'example_branch_datetime_operator_2', 'example_branch_datetime_operator_3' retrieved from /home/airflow/.local/lib/python3.8/site-packages/airflow/example_dags/example_branch_datetime_operator.py
[2025-08-02T01:52:29.698+0000] {logging_mixin.py:188} INFO - [2025-08-02T01:52:29.697+0000] {dag.py:3047} INFO - Sync 3 DAGs
[2025-08-02T01:52:29.715+0000] {logging_mixin.py:188} INFO - [2025-08-02T01:52:29.715+0000] {dag.py:3834} INFO - Setting next_dagrun for example_branch_datetime_operator to 2025-08-01 00:00:00+00:00, run_after=2025-08-02 00:00:00+00:00
[2025-08-02T01:52:29.721+0000] {logging_mixin.py:188} INFO - [2025-08-02T01:52:29.720+0000] {dag.py:3834} INFO - Setting next_dagrun for example_branch_datetime_operator_2 to 2025-08-01 00:00:00+00:00, run_after=2025-08-02 00:00:00+00:00
[2025-08-02T01:52:29.727+0000] {logging_mixin.py:188} INFO - [2025-08-02T01:52:29.726+0000] {dag.py:3834} INFO - Setting next_dagrun for example_branch_datetime_operator_3 to 2025-08-01 00:00:00+00:00, run_after=2025-08-02 00:00:00+00:00
[2025-08-02T01:52:29.753+0000] {processor.py:183} INFO - Processing /home/airflow/.local/lib/python3.8/site-packages/airflow/example_dags/example_branch_datetime_operator.py took 0.096 seconds
[2025-08-02T01:53:01.194+0000] {processor.py:161} INFO - Started process (PID=1212) to work on /home/airflow/.local/lib/python3.8/site-packages/airflow/example_dags/example_branch_datetime_operator.py
[2025-08-02T01:53:01.196+0000] {processor.py:830} INFO - Processing file /home/airflow/.local/lib/python3.8/site-packages/airflow/example_dags/example_branch_datetime_operator.py for tasks to queue
[2025-08-02T01:53:01.200+0000] {logging_mixin.py:188} INFO - [2025-08-02T01:53:01.200+0000] {dagbag.py:540} INFO - Filling up the DagBag from /home/airflow/.local/lib/python3.8/site-packages/airflow/example_dags/example_branch_datetime_operator.py
[2025-08-02T01:53:01.246+0000] {processor.py:840} INFO - DAG(s) 'example_branch_datetime_operator', 'example_branch_datetime_operator_3', 'example_branch_datetime_operator_2' retrieved from /home/airflow/.local/lib/python3.8/site-packages/airflow/example_dags/example_branch_datetime_operator.py
[2025-08-02T01:53:01.404+0000] {logging_mixin.py:188} INFO - [2025-08-02T01:53:01.404+0000] {dag.py:3047} INFO - Sync 3 DAGs
[2025-08-02T01:53:01.468+0000] {logging_mixin.py:188} INFO - [2025-08-02T01:53:01.468+0000] {dag.py:3834} INFO - Setting next_dagrun for example_branch_datetime_operator to 2025-08-01 00:00:00+00:00, run_after=2025-08-02 00:00:00+00:00
[2025-08-02T01:53:01.473+0000] {logging_mixin.py:188} INFO - [2025-08-02T01:53:01.473+0000] {dag.py:3834} INFO - Setting next_dagrun for example_branch_datetime_operator_2 to 2025-08-01 00:00:00+00:00, run_after=2025-08-02 00:00:00+00:00
[2025-08-02T01:53:01.478+0000] {logging_mixin.py:188} INFO - [2025-08-02T01:53:01.478+0000] {dag.py:3834} INFO - Setting next_dagrun for example_branch_datetime_operator_3 to 2025-08-01 00:00:00+00:00, run_after=2025-08-02 00:00:00+00:00
[2025-08-02T01:53:01.527+0000] {processor.py:183} INFO - Processing /home/airflow/.local/lib/python3.8/site-packages/airflow/example_dags/example_branch_datetime_operator.py took 0.338 seconds
[2025-08-02T01:53:31.620+0000] {processor.py:161} INFO - Started process (PID=1268) to work on /home/airflow/.local/lib/python3.8/site-packages/airflow/example_dags/example_branch_datetime_operator.py
[2025-08-02T01:53:31.625+0000] {processor.py:830} INFO - Processing file /home/airflow/.local/lib/python3.8/site-packages/airflow/example_dags/example_branch_datetime_operator.py for tasks to queue
[2025-08-02T01:53:31.627+0000] {logging_mixin.py:188} INFO - [2025-08-02T01:53:31.626+0000] {dagbag.py:540} INFO - Filling up the DagBag from /home/airflow/.local/lib/python3.8/site-packages/airflow/example_dags/example_branch_datetime_operator.py
[2025-08-02T01:53:31.634+0000] {processor.py:840} INFO - DAG(s) 'example_branch_datetime_operator', 'example_branch_datetime_operator_2', 'example_branch_datetime_operator_3' retrieved from /home/airflow/.local/lib/python3.8/site-packages/airflow/example_dags/example_branch_datetime_operator.py
[2025-08-02T01:53:31.660+0000] {logging_mixin.py:188} INFO - [2025-08-02T01:53:31.659+0000] {dag.py:3047} INFO - Sync 3 DAGs
[2025-08-02T01:53:31.674+0000] {logging_mixin.py:188} INFO - [2025-08-02T01:53:31.674+0000] {dag.py:3834} INFO - Setting next_dagrun for example_branch_datetime_operator to 2025-08-01 00:00:00+00:00, run_after=2025-08-02 00:00:00+00:00
[2025-08-02T01:53:31.678+0000] {logging_mixin.py:188} INFO - [2025-08-02T01:53:31.678+0000] {dag.py:3834} INFO - Setting next_dagrun for example_branch_datetime_operator_2 to 2025-08-01 00:00:00+00:00, run_after=2025-08-02 00:00:00+00:00
[2025-08-02T01:53:31.681+0000] {logging_mixin.py:188} INFO - [2025-08-02T01:53:31.681+0000] {dag.py:3834} INFO - Setting next_dagrun for example_branch_datetime_operator_3 to 2025-08-01 00:00:00+00:00, run_after=2025-08-02 00:00:00+00:00
[2025-08-02T01:53:31.695+0000] {processor.py:183} INFO - Processing /home/airflow/.local/lib/python3.8/site-packages/airflow/example_dags/example_branch_datetime_operator.py took 0.079 seconds
[2025-08-02T01:54:02.314+0000] {processor.py:161} INFO - Started process (PID=1324) to work on /home/airflow/.local/lib/python3.8/site-packages/airflow/example_dags/example_branch_datetime_operator.py
[2025-08-02T01:54:02.316+0000] {processor.py:830} INFO - Processing file /home/airflow/.local/lib/python3.8/site-packages/airflow/example_dags/example_branch_datetime_operator.py for tasks to queue
[2025-08-02T01:54:02.321+0000] {logging_mixin.py:188} INFO - [2025-08-02T01:54:02.321+0000] {dagbag.py:540} INFO - Filling up the DagBag from /home/airflow/.local/lib/python3.8/site-packages/airflow/example_dags/example_branch_datetime_operator.py
[2025-08-02T01:54:02.333+0000] {processor.py:840} INFO - DAG(s) 'example_branch_datetime_operator_2', 'example_branch_datetime_operator_3', 'example_branch_datetime_operator' retrieved from /home/airflow/.local/lib/python3.8/site-packages/airflow/example_dags/example_branch_datetime_operator.py
[2025-08-02T01:54:02.398+0000] {logging_mixin.py:188} INFO - [2025-08-02T01:54:02.398+0000] {dag.py:3047} INFO - Sync 3 DAGs
[2025-08-02T01:54:02.415+0000] {logging_mixin.py:188} INFO - [2025-08-02T01:54:02.415+0000] {dag.py:3834} INFO - Setting next_dagrun for example_branch_datetime_operator to 2025-08-01 00:00:00+00:00, run_after=2025-08-02 00:00:00+00:00
[2025-08-02T01:54:02.420+0000] {logging_mixin.py:188} INFO - [2025-08-02T01:54:02.419+0000] {dag.py:3834} INFO - Setting next_dagrun for example_branch_datetime_operator_2 to 2025-08-01 00:00:00+00:00, run_after=2025-08-02 00:00:00+00:00
[2025-08-02T01:54:02.423+0000] {logging_mixin.py:188} INFO - [2025-08-02T01:54:02.423+0000] {dag.py:3834} INFO - Setting next_dagrun for example_branch_datetime_operator_3 to 2025-08-01 00:00:00+00:00, run_after=2025-08-02 00:00:00+00:00
[2025-08-02T01:54:02.489+0000] {processor.py:183} INFO - Processing /home/airflow/.local/lib/python3.8/site-packages/airflow/example_dags/example_branch_datetime_operator.py took 0.178 seconds
[2025-08-02T01:54:33.367+0000] {processor.py:161} INFO - Started process (PID=1380) to work on /home/airflow/.local/lib/python3.8/site-packages/airflow/example_dags/example_branch_datetime_operator.py
[2025-08-02T01:54:33.374+0000] {processor.py:830} INFO - Processing file /home/airflow/.local/lib/python3.8/site-packages/airflow/example_dags/example_branch_datetime_operator.py for tasks to queue
[2025-08-02T01:54:33.376+0000] {logging_mixin.py:188} INFO - [2025-08-02T01:54:33.375+0000] {dagbag.py:540} INFO - Filling up the DagBag from /home/airflow/.local/lib/python3.8/site-packages/airflow/example_dags/example_branch_datetime_operator.py
[2025-08-02T01:54:33.385+0000] {processor.py:840} INFO - DAG(s) 'example_branch_datetime_operator_2', 'example_branch_datetime_operator_3', 'example_branch_datetime_operator' retrieved from /home/airflow/.local/lib/python3.8/site-packages/airflow/example_dags/example_branch_datetime_operator.py
[2025-08-02T01:54:33.447+0000] {logging_mixin.py:188} INFO - [2025-08-02T01:54:33.447+0000] {dag.py:3047} INFO - Sync 3 DAGs
[2025-08-02T01:54:33.480+0000] {logging_mixin.py:188} INFO - [2025-08-02T01:54:33.479+0000] {dag.py:3834} INFO - Setting next_dagrun for example_branch_datetime_operator to 2025-08-01 00:00:00+00:00, run_after=2025-08-02 00:00:00+00:00
[2025-08-02T01:54:33.491+0000] {logging_mixin.py:188} INFO - [2025-08-02T01:54:33.490+0000] {dag.py:3834} INFO - Setting next_dagrun for example_branch_datetime_operator_2 to 2025-08-01 00:00:00+00:00, run_after=2025-08-02 00:00:00+00:00
[2025-08-02T01:54:33.502+0000] {logging_mixin.py:188} INFO - [2025-08-02T01:54:33.501+0000] {dag.py:3834} INFO - Setting next_dagrun for example_branch_datetime_operator_3 to 2025-08-01 00:00:00+00:00, run_after=2025-08-02 00:00:00+00:00
[2025-08-02T01:54:33.540+0000] {processor.py:183} INFO - Processing /home/airflow/.local/lib/python3.8/site-packages/airflow/example_dags/example_branch_datetime_operator.py took 0.176 seconds
[2025-08-02T01:55:04.436+0000] {processor.py:161} INFO - Started process (PID=1436) to work on /home/airflow/.local/lib/python3.8/site-packages/airflow/example_dags/example_branch_datetime_operator.py
[2025-08-02T01:55:04.440+0000] {processor.py:830} INFO - Processing file /home/airflow/.local/lib/python3.8/site-packages/airflow/example_dags/example_branch_datetime_operator.py for tasks to queue
[2025-08-02T01:55:04.443+0000] {logging_mixin.py:188} INFO - [2025-08-02T01:55:04.443+0000] {dagbag.py:540} INFO - Filling up the DagBag from /home/airflow/.local/lib/python3.8/site-packages/airflow/example_dags/example_branch_datetime_operator.py
[2025-08-02T01:55:04.455+0000] {processor.py:840} INFO - DAG(s) 'example_branch_datetime_operator', 'example_branch_datetime_operator_2', 'example_branch_datetime_operator_3' retrieved from /home/airflow/.local/lib/python3.8/site-packages/airflow/example_dags/example_branch_datetime_operator.py
[2025-08-02T01:55:04.499+0000] {logging_mixin.py:188} INFO - [2025-08-02T01:55:04.498+0000] {dag.py:3047} INFO - Sync 3 DAGs
[2025-08-02T01:55:04.517+0000] {logging_mixin.py:188} INFO - [2025-08-02T01:55:04.517+0000] {dag.py:3834} INFO - Setting next_dagrun for example_branch_datetime_operator to 2025-08-01 00:00:00+00:00, run_after=2025-08-02 00:00:00+00:00
[2025-08-02T01:55:04.522+0000] {logging_mixin.py:188} INFO - [2025-08-02T01:55:04.522+0000] {dag.py:3834} INFO - Setting next_dagrun for example_branch_datetime_operator_2 to 2025-08-01 00:00:00+00:00, run_after=2025-08-02 00:00:00+00:00
[2025-08-02T01:55:04.524+0000] {logging_mixin.py:188} INFO - [2025-08-02T01:55:04.524+0000] {dag.py:3834} INFO - Setting next_dagrun for example_branch_datetime_operator_3 to 2025-08-01 00:00:00+00:00, run_after=2025-08-02 00:00:00+00:00
[2025-08-02T01:55:04.543+0000] {processor.py:183} INFO - Processing /home/airflow/.local/lib/python3.8/site-packages/airflow/example_dags/example_branch_datetime_operator.py took 0.113 seconds
[2025-08-02T01:55:34.634+0000] {processor.py:161} INFO - Started process (PID=1491) to work on /home/airflow/.local/lib/python3.8/site-packages/airflow/example_dags/example_branch_datetime_operator.py
[2025-08-02T01:55:34.636+0000] {processor.py:830} INFO - Processing file /home/airflow/.local/lib/python3.8/site-packages/airflow/example_dags/example_branch_datetime_operator.py for tasks to queue
[2025-08-02T01:55:34.640+0000] {logging_mixin.py:188} INFO - [2025-08-02T01:55:34.640+0000] {dagbag.py:540} INFO - Filling up the DagBag from /home/airflow/.local/lib/python3.8/site-packages/airflow/example_dags/example_branch_datetime_operator.py
[2025-08-02T01:55:34.658+0000] {processor.py:840} INFO - DAG(s) 'example_branch_datetime_operator_3', 'example_branch_datetime_operator', 'example_branch_datetime_operator_2' retrieved from /home/airflow/.local/lib/python3.8/site-packages/airflow/example_dags/example_branch_datetime_operator.py
[2025-08-02T01:55:34.711+0000] {logging_mixin.py:188} INFO - [2025-08-02T01:55:34.710+0000] {dag.py:3047} INFO - Sync 3 DAGs
[2025-08-02T01:55:34.737+0000] {logging_mixin.py:188} INFO - [2025-08-02T01:55:34.737+0000] {dag.py:3834} INFO - Setting next_dagrun for example_branch_datetime_operator to 2025-08-01 00:00:00+00:00, run_after=2025-08-02 00:00:00+00:00
[2025-08-02T01:55:34.741+0000] {logging_mixin.py:188} INFO - [2025-08-02T01:55:34.740+0000] {dag.py:3834} INFO - Setting next_dagrun for example_branch_datetime_operator_2 to 2025-08-01 00:00:00+00:00, run_after=2025-08-02 00:00:00+00:00
[2025-08-02T01:55:34.743+0000] {logging_mixin.py:188} INFO - [2025-08-02T01:55:34.743+0000] {dag.py:3834} INFO - Setting next_dagrun for example_branch_datetime_operator_3 to 2025-08-01 00:00:00+00:00, run_after=2025-08-02 00:00:00+00:00
[2025-08-02T01:55:34.759+0000] {processor.py:183} INFO - Processing /home/airflow/.local/lib/python3.8/site-packages/airflow/example_dags/example_branch_datetime_operator.py took 0.133 seconds
[2025-08-02T01:56:05.155+0000] {processor.py:161} INFO - Started process (PID=1547) to work on /home/airflow/.local/lib/python3.8/site-packages/airflow/example_dags/example_branch_datetime_operator.py
[2025-08-02T01:56:05.171+0000] {processor.py:830} INFO - Processing file /home/airflow/.local/lib/python3.8/site-packages/airflow/example_dags/example_branch_datetime_operator.py for tasks to queue
[2025-08-02T01:56:05.183+0000] {logging_mixin.py:188} INFO - [2025-08-02T01:56:05.180+0000] {dagbag.py:540} INFO - Filling up the DagBag from /home/airflow/.local/lib/python3.8/site-packages/airflow/example_dags/example_branch_datetime_operator.py
[2025-08-02T01:56:05.382+0000] {processor.py:840} INFO - DAG(s) 'example_branch_datetime_operator_2', 'example_branch_datetime_operator_3', 'example_branch_datetime_operator' retrieved from /home/airflow/.local/lib/python3.8/site-packages/airflow/example_dags/example_branch_datetime_operator.py
[2025-08-02T01:56:05.593+0000] {logging_mixin.py:188} INFO - [2025-08-02T01:56:05.591+0000] {dag.py:3047} INFO - Sync 3 DAGs
[2025-08-02T01:56:05.653+0000] {logging_mixin.py:188} INFO - [2025-08-02T01:56:05.653+0000] {dag.py:3834} INFO - Setting next_dagrun for example_branch_datetime_operator to 2025-08-01 00:00:00+00:00, run_after=2025-08-02 00:00:00+00:00
[2025-08-02T01:56:05.672+0000] {logging_mixin.py:188} INFO - [2025-08-02T01:56:05.672+0000] {dag.py:3834} INFO - Setting next_dagrun for example_branch_datetime_operator_2 to 2025-08-01 00:00:00+00:00, run_after=2025-08-02 00:00:00+00:00
[2025-08-02T01:56:05.677+0000] {logging_mixin.py:188} INFO - [2025-08-02T01:56:05.676+0000] {dag.py:3834} INFO - Setting next_dagrun for example_branch_datetime_operator_3 to 2025-08-01 00:00:00+00:00, run_after=2025-08-02 00:00:00+00:00
[2025-08-02T01:56:05.723+0000] {processor.py:183} INFO - Processing /home/airflow/.local/lib/python3.8/site-packages/airflow/example_dags/example_branch_datetime_operator.py took 0.587 seconds
[2025-08-02T01:56:35.825+0000] {processor.py:161} INFO - Started process (PID=1602) to work on /home/airflow/.local/lib/python3.8/site-packages/airflow/example_dags/example_branch_datetime_operator.py
[2025-08-02T01:56:35.827+0000] {processor.py:830} INFO - Processing file /home/airflow/.local/lib/python3.8/site-packages/airflow/example_dags/example_branch_datetime_operator.py for tasks to queue
[2025-08-02T01:56:35.830+0000] {logging_mixin.py:188} INFO - [2025-08-02T01:56:35.830+0000] {dagbag.py:540} INFO - Filling up the DagBag from /home/airflow/.local/lib/python3.8/site-packages/airflow/example_dags/example_branch_datetime_operator.py
[2025-08-02T01:56:35.846+0000] {processor.py:840} INFO - DAG(s) 'example_branch_datetime_operator_2', 'example_branch_datetime_operator_3', 'example_branch_datetime_operator' retrieved from /home/airflow/.local/lib/python3.8/site-packages/airflow/example_dags/example_branch_datetime_operator.py
[2025-08-02T01:56:35.897+0000] {logging_mixin.py:188} INFO - [2025-08-02T01:56:35.897+0000] {dag.py:3047} INFO - Sync 3 DAGs
[2025-08-02T01:56:35.940+0000] {logging_mixin.py:188} INFO - [2025-08-02T01:56:35.939+0000] {dag.py:3834} INFO - Setting next_dagrun for example_branch_datetime_operator to 2025-08-01 00:00:00+00:00, run_after=2025-08-02 00:00:00+00:00
[2025-08-02T01:56:35.945+0000] {logging_mixin.py:188} INFO - [2025-08-02T01:56:35.945+0000] {dag.py:3834} INFO - Setting next_dagrun for example_branch_datetime_operator_2 to 2025-08-01 00:00:00+00:00, run_after=2025-08-02 00:00:00+00:00
[2025-08-02T01:56:35.947+0000] {logging_mixin.py:188} INFO - [2025-08-02T01:56:35.947+0000] {dag.py:3834} INFO - Setting next_dagrun for example_branch_datetime_operator_3 to 2025-08-01 00:00:00+00:00, run_after=2025-08-02 00:00:00+00:00
[2025-08-02T01:56:35.963+0000] {processor.py:183} INFO - Processing /home/airflow/.local/lib/python3.8/site-packages/airflow/example_dags/example_branch_datetime_operator.py took 0.140 seconds
[2025-08-02T01:57:06.939+0000] {processor.py:161} INFO - Started process (PID=1656) to work on /home/airflow/.local/lib/python3.8/site-packages/airflow/example_dags/example_branch_datetime_operator.py
[2025-08-02T01:57:06.942+0000] {processor.py:830} INFO - Processing file /home/airflow/.local/lib/python3.8/site-packages/airflow/example_dags/example_branch_datetime_operator.py for tasks to queue
[2025-08-02T01:57:06.944+0000] {logging_mixin.py:188} INFO - [2025-08-02T01:57:06.944+0000] {dagbag.py:540} INFO - Filling up the DagBag from /home/airflow/.local/lib/python3.8/site-packages/airflow/example_dags/example_branch_datetime_operator.py
[2025-08-02T01:57:06.954+0000] {processor.py:840} INFO - DAG(s) 'example_branch_datetime_operator', 'example_branch_datetime_operator_3', 'example_branch_datetime_operator_2' retrieved from /home/airflow/.local/lib/python3.8/site-packages/airflow/example_dags/example_branch_datetime_operator.py
[2025-08-02T01:57:06.990+0000] {logging_mixin.py:188} INFO - [2025-08-02T01:57:06.988+0000] {dag.py:3047} INFO - Sync 3 DAGs
[2025-08-02T01:57:07.008+0000] {logging_mixin.py:188} INFO - [2025-08-02T01:57:07.008+0000] {dag.py:3834} INFO - Setting next_dagrun for example_branch_datetime_operator to 2025-08-01 00:00:00+00:00, run_after=2025-08-02 00:00:00+00:00
[2025-08-02T01:57:07.012+0000] {logging_mixin.py:188} INFO - [2025-08-02T01:57:07.012+0000] {dag.py:3834} INFO - Setting next_dagrun for example_branch_datetime_operator_2 to 2025-08-01 00:00:00+00:00, run_after=2025-08-02 00:00:00+00:00
[2025-08-02T01:57:07.014+0000] {logging_mixin.py:188} INFO - [2025-08-02T01:57:07.014+0000] {dag.py:3834} INFO - Setting next_dagrun for example_branch_datetime_operator_3 to 2025-08-01 00:00:00+00:00, run_after=2025-08-02 00:00:00+00:00
[2025-08-02T01:57:07.042+0000] {processor.py:183} INFO - Processing /home/airflow/.local/lib/python3.8/site-packages/airflow/example_dags/example_branch_datetime_operator.py took 0.107 seconds
[2025-08-02T01:57:47.592+0000] {processor.py:161} INFO - Started process (PID=1718) to work on /home/airflow/.local/lib/python3.8/site-packages/airflow/example_dags/example_branch_datetime_operator.py
[2025-08-02T01:57:47.593+0000] {processor.py:830} INFO - Processing file /home/airflow/.local/lib/python3.8/site-packages/airflow/example_dags/example_branch_datetime_operator.py for tasks to queue
[2025-08-02T01:57:47.594+0000] {logging_mixin.py:188} INFO - [2025-08-02T01:57:47.594+0000] {dagbag.py:540} INFO - Filling up the DagBag from /home/airflow/.local/lib/python3.8/site-packages/airflow/example_dags/example_branch_datetime_operator.py
[2025-08-02T01:57:47.604+0000] {processor.py:840} INFO - DAG(s) 'example_branch_datetime_operator_3', 'example_branch_datetime_operator', 'example_branch_datetime_operator_2' retrieved from /home/airflow/.local/lib/python3.8/site-packages/airflow/example_dags/example_branch_datetime_operator.py
[2025-08-02T01:57:47.649+0000] {logging_mixin.py:188} INFO - [2025-08-02T01:57:47.649+0000] {dag.py:3047} INFO - Sync 3 DAGs
[2025-08-02T01:57:47.668+0000] {logging_mixin.py:188} INFO - [2025-08-02T01:57:47.668+0000] {dag.py:3834} INFO - Setting next_dagrun for example_branch_datetime_operator to 2025-08-01 00:00:00+00:00, run_after=2025-08-02 00:00:00+00:00
[2025-08-02T01:57:47.674+0000] {logging_mixin.py:188} INFO - [2025-08-02T01:57:47.674+0000] {dag.py:3834} INFO - Setting next_dagrun for example_branch_datetime_operator_2 to 2025-08-01 00:00:00+00:00, run_after=2025-08-02 00:00:00+00:00
[2025-08-02T01:57:47.681+0000] {logging_mixin.py:188} INFO - [2025-08-02T01:57:47.681+0000] {dag.py:3834} INFO - Setting next_dagrun for example_branch_datetime_operator_3 to 2025-08-01 00:00:00+00:00, run_after=2025-08-02 00:00:00+00:00
[2025-08-02T01:57:47.727+0000] {processor.py:183} INFO - Processing /home/airflow/.local/lib/python3.8/site-packages/airflow/example_dags/example_branch_datetime_operator.py took 0.138 seconds
[2025-08-02T01:58:19.856+0000] {processor.py:161} INFO - Started process (PID=1773) to work on /home/airflow/.local/lib/python3.8/site-packages/airflow/example_dags/example_branch_datetime_operator.py
[2025-08-02T01:58:19.858+0000] {processor.py:830} INFO - Processing file /home/airflow/.local/lib/python3.8/site-packages/airflow/example_dags/example_branch_datetime_operator.py for tasks to queue
[2025-08-02T01:58:19.863+0000] {logging_mixin.py:188} INFO - [2025-08-02T01:58:19.862+0000] {dagbag.py:540} INFO - Filling up the DagBag from /home/airflow/.local/lib/python3.8/site-packages/airflow/example_dags/example_branch_datetime_operator.py
[2025-08-02T01:58:19.875+0000] {processor.py:840} INFO - DAG(s) 'example_branch_datetime_operator', 'example_branch_datetime_operator_2', 'example_branch_datetime_operator_3' retrieved from /home/airflow/.local/lib/python3.8/site-packages/airflow/example_dags/example_branch_datetime_operator.py
[2025-08-02T01:58:19.918+0000] {logging_mixin.py:188} INFO - [2025-08-02T01:58:19.918+0000] {dag.py:3047} INFO - Sync 3 DAGs
[2025-08-02T01:58:19.988+0000] {logging_mixin.py:188} INFO - [2025-08-02T01:58:19.987+0000] {dag.py:3834} INFO - Setting next_dagrun for example_branch_datetime_operator to 2025-08-01 00:00:00+00:00, run_after=2025-08-02 00:00:00+00:00
[2025-08-02T01:58:19.998+0000] {logging_mixin.py:188} INFO - [2025-08-02T01:58:19.997+0000] {dag.py:3834} INFO - Setting next_dagrun for example_branch_datetime_operator_2 to 2025-08-01 00:00:00+00:00, run_after=2025-08-02 00:00:00+00:00
[2025-08-02T01:58:20.003+0000] {logging_mixin.py:188} INFO - [2025-08-02T01:58:20.003+0000] {dag.py:3834} INFO - Setting next_dagrun for example_branch_datetime_operator_3 to 2025-08-01 00:00:00+00:00, run_after=2025-08-02 00:00:00+00:00
[2025-08-02T01:58:20.067+0000] {processor.py:183} INFO - Processing /home/airflow/.local/lib/python3.8/site-packages/airflow/example_dags/example_branch_datetime_operator.py took 0.225 seconds
[2025-08-02T01:58:50.992+0000] {processor.py:161} INFO - Started process (PID=1829) to work on /home/airflow/.local/lib/python3.8/site-packages/airflow/example_dags/example_branch_datetime_operator.py
[2025-08-02T01:58:50.994+0000] {processor.py:830} INFO - Processing file /home/airflow/.local/lib/python3.8/site-packages/airflow/example_dags/example_branch_datetime_operator.py for tasks to queue
[2025-08-02T01:58:50.999+0000] {logging_mixin.py:188} INFO - [2025-08-02T01:58:50.999+0000] {dagbag.py:540} INFO - Filling up the DagBag from /home/airflow/.local/lib/python3.8/site-packages/airflow/example_dags/example_branch_datetime_operator.py
[2025-08-02T01:58:51.015+0000] {processor.py:840} INFO - DAG(s) 'example_branch_datetime_operator_2', 'example_branch_datetime_operator', 'example_branch_datetime_operator_3' retrieved from /home/airflow/.local/lib/python3.8/site-packages/airflow/example_dags/example_branch_datetime_operator.py
[2025-08-02T01:58:51.056+0000] {logging_mixin.py:188} INFO - [2025-08-02T01:58:51.055+0000] {dag.py:3047} INFO - Sync 3 DAGs
[2025-08-02T01:58:51.098+0000] {logging_mixin.py:188} INFO - [2025-08-02T01:58:51.098+0000] {dag.py:3834} INFO - Setting next_dagrun for example_branch_datetime_operator to 2025-08-01 00:00:00+00:00, run_after=2025-08-02 00:00:00+00:00
[2025-08-02T01:58:51.103+0000] {logging_mixin.py:188} INFO - [2025-08-02T01:58:51.103+0000] {dag.py:3834} INFO - Setting next_dagrun for example_branch_datetime_operator_2 to 2025-08-01 00:00:00+00:00, run_after=2025-08-02 00:00:00+00:00
[2025-08-02T01:58:51.106+0000] {logging_mixin.py:188} INFO - [2025-08-02T01:58:51.106+0000] {dag.py:3834} INFO - Setting next_dagrun for example_branch_datetime_operator_3 to 2025-08-01 00:00:00+00:00, run_after=2025-08-02 00:00:00+00:00
[2025-08-02T01:58:51.124+0000] {processor.py:183} INFO - Processing /home/airflow/.local/lib/python3.8/site-packages/airflow/example_dags/example_branch_datetime_operator.py took 0.139 seconds
[2025-08-02T01:59:21.177+0000] {processor.py:161} INFO - Started process (PID=1885) to work on /home/airflow/.local/lib/python3.8/site-packages/airflow/example_dags/example_branch_datetime_operator.py
[2025-08-02T01:59:21.182+0000] {processor.py:830} INFO - Processing file /home/airflow/.local/lib/python3.8/site-packages/airflow/example_dags/example_branch_datetime_operator.py for tasks to queue
[2025-08-02T01:59:21.184+0000] {logging_mixin.py:188} INFO - [2025-08-02T01:59:21.184+0000] {dagbag.py:540} INFO - Filling up the DagBag from /home/airflow/.local/lib/python3.8/site-packages/airflow/example_dags/example_branch_datetime_operator.py
[2025-08-02T01:59:21.206+0000] {processor.py:840} INFO - DAG(s) 'example_branch_datetime_operator_2', 'example_branch_datetime_operator', 'example_branch_datetime_operator_3' retrieved from /home/airflow/.local/lib/python3.8/site-packages/airflow/example_dags/example_branch_datetime_operator.py
[2025-08-02T01:59:21.251+0000] {logging_mixin.py:188} INFO - [2025-08-02T01:59:21.251+0000] {dag.py:3047} INFO - Sync 3 DAGs
[2025-08-02T01:59:21.276+0000] {logging_mixin.py:188} INFO - [2025-08-02T01:59:21.276+0000] {dag.py:3834} INFO - Setting next_dagrun for example_branch_datetime_operator to 2025-08-01 00:00:00+00:00, run_after=2025-08-02 00:00:00+00:00
[2025-08-02T01:59:21.279+0000] {logging_mixin.py:188} INFO - [2025-08-02T01:59:21.279+0000] {dag.py:3834} INFO - Setting next_dagrun for example_branch_datetime_operator_2 to 2025-08-01 00:00:00+00:00, run_after=2025-08-02 00:00:00+00:00
[2025-08-02T01:59:21.280+0000] {logging_mixin.py:188} INFO - [2025-08-02T01:59:21.280+0000] {dag.py:3834} INFO - Setting next_dagrun for example_branch_datetime_operator_3 to 2025-08-01 00:00:00+00:00, run_after=2025-08-02 00:00:00+00:00
[2025-08-02T01:59:21.302+0000] {processor.py:183} INFO - Processing /home/airflow/.local/lib/python3.8/site-packages/airflow/example_dags/example_branch_datetime_operator.py took 0.130 seconds
[2025-08-02T01:59:52.035+0000] {processor.py:161} INFO - Started process (PID=1941) to work on /home/airflow/.local/lib/python3.8/site-packages/airflow/example_dags/example_branch_datetime_operator.py
[2025-08-02T01:59:52.040+0000] {processor.py:830} INFO - Processing file /home/airflow/.local/lib/python3.8/site-packages/airflow/example_dags/example_branch_datetime_operator.py for tasks to queue
[2025-08-02T01:59:52.046+0000] {logging_mixin.py:188} INFO - [2025-08-02T01:59:52.044+0000] {dagbag.py:540} INFO - Filling up the DagBag from /home/airflow/.local/lib/python3.8/site-packages/airflow/example_dags/example_branch_datetime_operator.py
[2025-08-02T01:59:52.078+0000] {processor.py:840} INFO - DAG(s) 'example_branch_datetime_operator', 'example_branch_datetime_operator_3', 'example_branch_datetime_operator_2' retrieved from /home/airflow/.local/lib/python3.8/site-packages/airflow/example_dags/example_branch_datetime_operator.py
[2025-08-02T01:59:52.155+0000] {logging_mixin.py:188} INFO - [2025-08-02T01:59:52.155+0000] {dag.py:3047} INFO - Sync 3 DAGs
[2025-08-02T01:59:52.179+0000] {logging_mixin.py:188} INFO - [2025-08-02T01:59:52.179+0000] {dag.py:3834} INFO - Setting next_dagrun for example_branch_datetime_operator to 2025-08-01 00:00:00+00:00, run_after=2025-08-02 00:00:00+00:00
[2025-08-02T01:59:52.196+0000] {logging_mixin.py:188} INFO - [2025-08-02T01:59:52.196+0000] {dag.py:3834} INFO - Setting next_dagrun for example_branch_datetime_operator_2 to 2025-08-01 00:00:00+00:00, run_after=2025-08-02 00:00:00+00:00
[2025-08-02T01:59:52.201+0000] {logging_mixin.py:188} INFO - [2025-08-02T01:59:52.201+0000] {dag.py:3834} INFO - Setting next_dagrun for example_branch_datetime_operator_3 to 2025-08-01 00:00:00+00:00, run_after=2025-08-02 00:00:00+00:00
[2025-08-02T01:59:52.226+0000] {processor.py:183} INFO - Processing /home/airflow/.local/lib/python3.8/site-packages/airflow/example_dags/example_branch_datetime_operator.py took 0.203 seconds
[2025-08-02T02:00:23.180+0000] {processor.py:161} INFO - Started process (PID=1997) to work on /home/airflow/.local/lib/python3.8/site-packages/airflow/example_dags/example_branch_datetime_operator.py
[2025-08-02T02:00:23.183+0000] {processor.py:830} INFO - Processing file /home/airflow/.local/lib/python3.8/site-packages/airflow/example_dags/example_branch_datetime_operator.py for tasks to queue
[2025-08-02T02:00:23.186+0000] {logging_mixin.py:188} INFO - [2025-08-02T02:00:23.186+0000] {dagbag.py:540} INFO - Filling up the DagBag from /home/airflow/.local/lib/python3.8/site-packages/airflow/example_dags/example_branch_datetime_operator.py
[2025-08-02T02:00:23.199+0000] {processor.py:840} INFO - DAG(s) 'example_branch_datetime_operator_2', 'example_branch_datetime_operator', 'example_branch_datetime_operator_3' retrieved from /home/airflow/.local/lib/python3.8/site-packages/airflow/example_dags/example_branch_datetime_operator.py
[2025-08-02T02:00:23.232+0000] {logging_mixin.py:188} INFO - [2025-08-02T02:00:23.232+0000] {dag.py:3047} INFO - Sync 3 DAGs
[2025-08-02T02:00:23.260+0000] {logging_mixin.py:188} INFO - [2025-08-02T02:00:23.260+0000] {dag.py:3834} INFO - Setting next_dagrun for example_branch_datetime_operator to 2025-08-01 00:00:00+00:00, run_after=2025-08-02 00:00:00+00:00
[2025-08-02T02:00:23.266+0000] {logging_mixin.py:188} INFO - [2025-08-02T02:00:23.266+0000] {dag.py:3834} INFO - Setting next_dagrun for example_branch_datetime_operator_2 to 2025-08-01 00:00:00+00:00, run_after=2025-08-02 00:00:00+00:00
[2025-08-02T02:00:23.268+0000] {logging_mixin.py:188} INFO - [2025-08-02T02:00:23.268+0000] {dag.py:3834} INFO - Setting next_dagrun for example_branch_datetime_operator_3 to 2025-08-01 00:00:00+00:00, run_after=2025-08-02 00:00:00+00:00
[2025-08-02T02:00:23.279+0000] {processor.py:183} INFO - Processing /home/airflow/.local/lib/python3.8/site-packages/airflow/example_dags/example_branch_datetime_operator.py took 0.114 seconds
[2025-08-02T02:01:07.215+0000] {processor.py:161} INFO - Started process (PID=2053) to work on /home/airflow/.local/lib/python3.8/site-packages/airflow/example_dags/example_branch_datetime_operator.py
[2025-08-02T02:01:07.219+0000] {processor.py:830} INFO - Processing file /home/airflow/.local/lib/python3.8/site-packages/airflow/example_dags/example_branch_datetime_operator.py for tasks to queue
[2025-08-02T02:01:07.228+0000] {logging_mixin.py:188} INFO - [2025-08-02T02:01:07.223+0000] {dagbag.py:540} INFO - Filling up the DagBag from /home/airflow/.local/lib/python3.8/site-packages/airflow/example_dags/example_branch_datetime_operator.py
[2025-08-02T02:01:07.294+0000] {processor.py:840} INFO - DAG(s) 'example_branch_datetime_operator_2', 'example_branch_datetime_operator', 'example_branch_datetime_operator_3' retrieved from /home/airflow/.local/lib/python3.8/site-packages/airflow/example_dags/example_branch_datetime_operator.py
[2025-08-02T02:01:07.565+0000] {logging_mixin.py:188} INFO - [2025-08-02T02:01:07.564+0000] {dag.py:3047} INFO - Sync 3 DAGs
[2025-08-02T02:01:07.801+0000] {logging_mixin.py:188} INFO - [2025-08-02T02:01:07.801+0000] {dag.py:3834} INFO - Setting next_dagrun for example_branch_datetime_operator to 2025-08-01 00:00:00+00:00, run_after=2025-08-02 00:00:00+00:00
[2025-08-02T02:01:07.825+0000] {logging_mixin.py:188} INFO - [2025-08-02T02:01:07.824+0000] {dag.py:3834} INFO - Setting next_dagrun for example_branch_datetime_operator_2 to 2025-08-01 00:00:00+00:00, run_after=2025-08-02 00:00:00+00:00
[2025-08-02T02:01:07.842+0000] {logging_mixin.py:188} INFO - [2025-08-02T02:01:07.842+0000] {dag.py:3834} INFO - Setting next_dagrun for example_branch_datetime_operator_3 to 2025-08-01 00:00:00+00:00, run_after=2025-08-02 00:00:00+00:00
[2025-08-02T02:01:07.939+0000] {processor.py:183} INFO - Processing /home/airflow/.local/lib/python3.8/site-packages/airflow/example_dags/example_branch_datetime_operator.py took 0.758 seconds
[2025-08-02T02:01:38.795+0000] {processor.py:161} INFO - Started process (PID=2109) to work on /home/airflow/.local/lib/python3.8/site-packages/airflow/example_dags/example_branch_datetime_operator.py
[2025-08-02T02:01:38.801+0000] {processor.py:830} INFO - Processing file /home/airflow/.local/lib/python3.8/site-packages/airflow/example_dags/example_branch_datetime_operator.py for tasks to queue
[2025-08-02T02:01:38.807+0000] {logging_mixin.py:188} INFO - [2025-08-02T02:01:38.806+0000] {dagbag.py:540} INFO - Filling up the DagBag from /home/airflow/.local/lib/python3.8/site-packages/airflow/example_dags/example_branch_datetime_operator.py
[2025-08-02T02:01:38.883+0000] {processor.py:840} INFO - DAG(s) 'example_branch_datetime_operator', 'example_branch_datetime_operator_3', 'example_branch_datetime_operator_2' retrieved from /home/airflow/.local/lib/python3.8/site-packages/airflow/example_dags/example_branch_datetime_operator.py
[2025-08-02T02:01:39.048+0000] {logging_mixin.py:188} INFO - [2025-08-02T02:01:39.042+0000] {dag.py:3047} INFO - Sync 3 DAGs
[2025-08-02T02:01:39.167+0000] {logging_mixin.py:188} INFO - [2025-08-02T02:01:39.166+0000] {dag.py:3834} INFO - Setting next_dagrun for example_branch_datetime_operator to 2025-08-01 00:00:00+00:00, run_after=2025-08-02 00:00:00+00:00
[2025-08-02T02:01:39.175+0000] {logging_mixin.py:188} INFO - [2025-08-02T02:01:39.175+0000] {dag.py:3834} INFO - Setting next_dagrun for example_branch_datetime_operator_2 to 2025-08-01 00:00:00+00:00, run_after=2025-08-02 00:00:00+00:00
[2025-08-02T02:01:39.178+0000] {logging_mixin.py:188} INFO - [2025-08-02T02:01:39.178+0000] {dag.py:3834} INFO - Setting next_dagrun for example_branch_datetime_operator_3 to 2025-08-01 00:00:00+00:00, run_after=2025-08-02 00:00:00+00:00
[2025-08-02T02:01:39.227+0000] {processor.py:183} INFO - Processing /home/airflow/.local/lib/python3.8/site-packages/airflow/example_dags/example_branch_datetime_operator.py took 0.444 seconds
[2025-08-02T02:02:37.012+0000] {processor.py:161} INFO - Started process (PID=2157) to work on /home/airflow/.local/lib/python3.8/site-packages/airflow/example_dags/example_branch_datetime_operator.py
[2025-08-02T02:02:37.034+0000] {processor.py:830} INFO - Processing file /home/airflow/.local/lib/python3.8/site-packages/airflow/example_dags/example_branch_datetime_operator.py for tasks to queue
[2025-08-02T02:02:37.073+0000] {logging_mixin.py:188} INFO - [2025-08-02T02:02:37.070+0000] {dagbag.py:540} INFO - Filling up the DagBag from /home/airflow/.local/lib/python3.8/site-packages/airflow/example_dags/example_branch_datetime_operator.py
[2025-08-02T02:02:37.164+0000] {processor.py:840} INFO - DAG(s) 'example_branch_datetime_operator', 'example_branch_datetime_operator_2', 'example_branch_datetime_operator_3' retrieved from /home/airflow/.local/lib/python3.8/site-packages/airflow/example_dags/example_branch_datetime_operator.py
[2025-08-02T02:02:37.340+0000] {logging_mixin.py:188} INFO - [2025-08-02T02:02:37.334+0000] {dag.py:3047} INFO - Sync 3 DAGs
[2025-08-02T02:02:37.526+0000] {logging_mixin.py:188} INFO - [2025-08-02T02:02:37.523+0000] {dag.py:3834} INFO - Setting next_dagrun for example_branch_datetime_operator to 2025-08-01 00:00:00+00:00, run_after=2025-08-02 00:00:00+00:00
[2025-08-02T02:02:37.558+0000] {logging_mixin.py:188} INFO - [2025-08-02T02:02:37.557+0000] {dag.py:3834} INFO - Setting next_dagrun for example_branch_datetime_operator_2 to 2025-08-01 00:00:00+00:00, run_after=2025-08-02 00:00:00+00:00
[2025-08-02T02:02:37.579+0000] {logging_mixin.py:188} INFO - [2025-08-02T02:02:37.578+0000] {dag.py:3834} INFO - Setting next_dagrun for example_branch_datetime_operator_3 to 2025-08-01 00:00:00+00:00, run_after=2025-08-02 00:00:00+00:00
[2025-08-02T02:02:37.683+0000] {processor.py:183} INFO - Processing /home/airflow/.local/lib/python3.8/site-packages/airflow/example_dags/example_branch_datetime_operator.py took 0.736 seconds
[2025-08-02T02:03:13.476+0000] {processor.py:161} INFO - Started process (PID=2213) to work on /home/airflow/.local/lib/python3.8/site-packages/airflow/example_dags/example_branch_datetime_operator.py
[2025-08-02T02:03:13.486+0000] {processor.py:830} INFO - Processing file /home/airflow/.local/lib/python3.8/site-packages/airflow/example_dags/example_branch_datetime_operator.py for tasks to queue
[2025-08-02T02:03:13.501+0000] {logging_mixin.py:188} INFO - [2025-08-02T02:03:13.500+0000] {dagbag.py:540} INFO - Filling up the DagBag from /home/airflow/.local/lib/python3.8/site-packages/airflow/example_dags/example_branch_datetime_operator.py
[2025-08-02T02:03:13.532+0000] {processor.py:840} INFO - DAG(s) 'example_branch_datetime_operator_2', 'example_branch_datetime_operator_3', 'example_branch_datetime_operator' retrieved from /home/airflow/.local/lib/python3.8/site-packages/airflow/example_dags/example_branch_datetime_operator.py
[2025-08-02T02:03:13.722+0000] {logging_mixin.py:188} INFO - [2025-08-02T02:03:13.719+0000] {dag.py:3047} INFO - Sync 3 DAGs
[2025-08-02T02:03:13.861+0000] {logging_mixin.py:188} INFO - [2025-08-02T02:03:13.860+0000] {dag.py:3834} INFO - Setting next_dagrun for example_branch_datetime_operator to 2025-08-01 00:00:00+00:00, run_after=2025-08-02 00:00:00+00:00
[2025-08-02T02:03:13.877+0000] {logging_mixin.py:188} INFO - [2025-08-02T02:03:13.877+0000] {dag.py:3834} INFO - Setting next_dagrun for example_branch_datetime_operator_2 to 2025-08-01 00:00:00+00:00, run_after=2025-08-02 00:00:00+00:00
[2025-08-02T02:03:13.907+0000] {logging_mixin.py:188} INFO - [2025-08-02T02:03:13.906+0000] {dag.py:3834} INFO - Setting next_dagrun for example_branch_datetime_operator_3 to 2025-08-01 00:00:00+00:00, run_after=2025-08-02 00:00:00+00:00
[2025-08-02T02:03:14.050+0000] {processor.py:183} INFO - Processing /home/airflow/.local/lib/python3.8/site-packages/airflow/example_dags/example_branch_datetime_operator.py took 0.623 seconds
[2025-08-02T02:03:44.788+0000] {processor.py:161} INFO - Started process (PID=2269) to work on /home/airflow/.local/lib/python3.8/site-packages/airflow/example_dags/example_branch_datetime_operator.py
[2025-08-02T02:03:44.790+0000] {processor.py:830} INFO - Processing file /home/airflow/.local/lib/python3.8/site-packages/airflow/example_dags/example_branch_datetime_operator.py for tasks to queue
[2025-08-02T02:03:44.792+0000] {logging_mixin.py:188} INFO - [2025-08-02T02:03:44.792+0000] {dagbag.py:540} INFO - Filling up the DagBag from /home/airflow/.local/lib/python3.8/site-packages/airflow/example_dags/example_branch_datetime_operator.py
[2025-08-02T02:03:44.807+0000] {processor.py:840} INFO - DAG(s) 'example_branch_datetime_operator_2', 'example_branch_datetime_operator', 'example_branch_datetime_operator_3' retrieved from /home/airflow/.local/lib/python3.8/site-packages/airflow/example_dags/example_branch_datetime_operator.py
[2025-08-02T02:03:44.863+0000] {logging_mixin.py:188} INFO - [2025-08-02T02:03:44.863+0000] {dag.py:3047} INFO - Sync 3 DAGs
[2025-08-02T02:03:44.884+0000] {logging_mixin.py:188} INFO - [2025-08-02T02:03:44.884+0000] {dag.py:3834} INFO - Setting next_dagrun for example_branch_datetime_operator to 2025-08-01 00:00:00+00:00, run_after=2025-08-02 00:00:00+00:00
[2025-08-02T02:03:44.890+0000] {logging_mixin.py:188} INFO - [2025-08-02T02:03:44.890+0000] {dag.py:3834} INFO - Setting next_dagrun for example_branch_datetime_operator_2 to 2025-08-01 00:00:00+00:00, run_after=2025-08-02 00:00:00+00:00
[2025-08-02T02:03:44.892+0000] {logging_mixin.py:188} INFO - [2025-08-02T02:03:44.892+0000] {dag.py:3834} INFO - Setting next_dagrun for example_branch_datetime_operator_3 to 2025-08-01 00:00:00+00:00, run_after=2025-08-02 00:00:00+00:00
[2025-08-02T02:03:44.909+0000] {processor.py:183} INFO - Processing /home/airflow/.local/lib/python3.8/site-packages/airflow/example_dags/example_branch_datetime_operator.py took 0.125 seconds
[2025-08-02T02:04:23.132+0000] {processor.py:161} INFO - Started process (PID=2325) to work on /home/airflow/.local/lib/python3.8/site-packages/airflow/example_dags/example_branch_datetime_operator.py
[2025-08-02T02:04:23.135+0000] {processor.py:830} INFO - Processing file /home/airflow/.local/lib/python3.8/site-packages/airflow/example_dags/example_branch_datetime_operator.py for tasks to queue
[2025-08-02T02:04:23.139+0000] {logging_mixin.py:188} INFO - [2025-08-02T02:04:23.139+0000] {dagbag.py:540} INFO - Filling up the DagBag from /home/airflow/.local/lib/python3.8/site-packages/airflow/example_dags/example_branch_datetime_operator.py
[2025-08-02T02:04:23.201+0000] {processor.py:840} INFO - DAG(s) 'example_branch_datetime_operator_3', 'example_branch_datetime_operator_2', 'example_branch_datetime_operator' retrieved from /home/airflow/.local/lib/python3.8/site-packages/airflow/example_dags/example_branch_datetime_operator.py
[2025-08-02T02:04:23.296+0000] {logging_mixin.py:188} INFO - [2025-08-02T02:04:23.296+0000] {dag.py:3047} INFO - Sync 3 DAGs
[2025-08-02T02:04:23.381+0000] {logging_mixin.py:188} INFO - [2025-08-02T02:04:23.380+0000] {dag.py:3834} INFO - Setting next_dagrun for example_branch_datetime_operator to 2025-08-01 00:00:00+00:00, run_after=2025-08-02 00:00:00+00:00
[2025-08-02T02:04:23.404+0000] {logging_mixin.py:188} INFO - [2025-08-02T02:04:23.403+0000] {dag.py:3834} INFO - Setting next_dagrun for example_branch_datetime_operator_2 to 2025-08-01 00:00:00+00:00, run_after=2025-08-02 00:00:00+00:00
[2025-08-02T02:04:23.409+0000] {logging_mixin.py:188} INFO - [2025-08-02T02:04:23.409+0000] {dag.py:3834} INFO - Setting next_dagrun for example_branch_datetime_operator_3 to 2025-08-01 00:00:00+00:00, run_after=2025-08-02 00:00:00+00:00
[2025-08-02T02:04:23.471+0000] {processor.py:183} INFO - Processing /home/airflow/.local/lib/python3.8/site-packages/airflow/example_dags/example_branch_datetime_operator.py took 0.351 seconds
[2025-08-02T02:04:54.683+0000] {processor.py:161} INFO - Started process (PID=2381) to work on /home/airflow/.local/lib/python3.8/site-packages/airflow/example_dags/example_branch_datetime_operator.py
[2025-08-02T02:04:54.725+0000] {processor.py:830} INFO - Processing file /home/airflow/.local/lib/python3.8/site-packages/airflow/example_dags/example_branch_datetime_operator.py for tasks to queue
[2025-08-02T02:04:54.732+0000] {logging_mixin.py:188} INFO - [2025-08-02T02:04:54.731+0000] {dagbag.py:540} INFO - Filling up the DagBag from /home/airflow/.local/lib/python3.8/site-packages/airflow/example_dags/example_branch_datetime_operator.py
[2025-08-02T02:04:54.830+0000] {processor.py:840} INFO - DAG(s) 'example_branch_datetime_operator_3', 'example_branch_datetime_operator', 'example_branch_datetime_operator_2' retrieved from /home/airflow/.local/lib/python3.8/site-packages/airflow/example_dags/example_branch_datetime_operator.py
[2025-08-02T02:04:55.167+0000] {logging_mixin.py:188} INFO - [2025-08-02T02:04:55.166+0000] {dag.py:3047} INFO - Sync 3 DAGs
[2025-08-02T02:04:55.329+0000] {logging_mixin.py:188} INFO - [2025-08-02T02:04:55.327+0000] {dag.py:3834} INFO - Setting next_dagrun for example_branch_datetime_operator to 2025-08-01 00:00:00+00:00, run_after=2025-08-02 00:00:00+00:00
[2025-08-02T02:04:55.382+0000] {logging_mixin.py:188} INFO - [2025-08-02T02:04:55.381+0000] {dag.py:3834} INFO - Setting next_dagrun for example_branch_datetime_operator_2 to 2025-08-01 00:00:00+00:00, run_after=2025-08-02 00:00:00+00:00
[2025-08-02T02:04:55.396+0000] {logging_mixin.py:188} INFO - [2025-08-02T02:04:55.392+0000] {dag.py:3834} INFO - Setting next_dagrun for example_branch_datetime_operator_3 to 2025-08-01 00:00:00+00:00, run_after=2025-08-02 00:00:00+00:00
[2025-08-02T02:04:55.476+0000] {processor.py:183} INFO - Processing /home/airflow/.local/lib/python3.8/site-packages/airflow/example_dags/example_branch_datetime_operator.py took 0.833 seconds
[2025-08-02T02:08:02.428+0000] {processor.py:161} INFO - Started process (PID=2442) to work on /home/airflow/.local/lib/python3.8/site-packages/airflow/example_dags/example_branch_datetime_operator.py
[2025-08-02T02:08:02.454+0000] {processor.py:830} INFO - Processing file /home/airflow/.local/lib/python3.8/site-packages/airflow/example_dags/example_branch_datetime_operator.py for tasks to queue
[2025-08-02T02:08:02.464+0000] {logging_mixin.py:188} INFO - [2025-08-02T02:08:02.458+0000] {dagbag.py:540} INFO - Filling up the DagBag from /home/airflow/.local/lib/python3.8/site-packages/airflow/example_dags/example_branch_datetime_operator.py
[2025-08-02T02:08:02.642+0000] {processor.py:840} INFO - DAG(s) 'example_branch_datetime_operator_2', 'example_branch_datetime_operator', 'example_branch_datetime_operator_3' retrieved from /home/airflow/.local/lib/python3.8/site-packages/airflow/example_dags/example_branch_datetime_operator.py
[2025-08-02T02:08:02.971+0000] {logging_mixin.py:188} INFO - [2025-08-02T02:08:02.970+0000] {dag.py:3047} INFO - Sync 3 DAGs
[2025-08-02T02:08:03.379+0000] {logging_mixin.py:188} INFO - [2025-08-02T02:08:03.378+0000] {dag.py:3834} INFO - Setting next_dagrun for example_branch_datetime_operator to 2025-08-01 00:00:00+00:00, run_after=2025-08-02 00:00:00+00:00
[2025-08-02T02:08:03.396+0000] {logging_mixin.py:188} INFO - [2025-08-02T02:08:03.396+0000] {dag.py:3834} INFO - Setting next_dagrun for example_branch_datetime_operator_2 to 2025-08-01 00:00:00+00:00, run_after=2025-08-02 00:00:00+00:00
[2025-08-02T02:08:03.414+0000] {logging_mixin.py:188} INFO - [2025-08-02T02:08:03.413+0000] {dag.py:3834} INFO - Setting next_dagrun for example_branch_datetime_operator_3 to 2025-08-01 00:00:00+00:00, run_after=2025-08-02 00:00:00+00:00
[2025-08-02T02:08:03.547+0000] {processor.py:183} INFO - Processing /home/airflow/.local/lib/python3.8/site-packages/airflow/example_dags/example_branch_datetime_operator.py took 1.196 seconds
[2025-08-02T02:08:55.524+0000] {processor.py:161} INFO - Started process (PID=2500) to work on /home/airflow/.local/lib/python3.8/site-packages/airflow/example_dags/example_branch_datetime_operator.py
[2025-08-02T02:08:55.528+0000] {processor.py:830} INFO - Processing file /home/airflow/.local/lib/python3.8/site-packages/airflow/example_dags/example_branch_datetime_operator.py for tasks to queue
[2025-08-02T02:08:55.531+0000] {logging_mixin.py:188} INFO - [2025-08-02T02:08:55.530+0000] {dagbag.py:540} INFO - Filling up the DagBag from /home/airflow/.local/lib/python3.8/site-packages/airflow/example_dags/example_branch_datetime_operator.py
[2025-08-02T02:08:55.607+0000] {processor.py:840} INFO - DAG(s) 'example_branch_datetime_operator_3', 'example_branch_datetime_operator_2', 'example_branch_datetime_operator' retrieved from /home/airflow/.local/lib/python3.8/site-packages/airflow/example_dags/example_branch_datetime_operator.py
[2025-08-02T02:08:55.776+0000] {logging_mixin.py:188} INFO - [2025-08-02T02:08:55.775+0000] {dag.py:3047} INFO - Sync 3 DAGs
[2025-08-02T02:08:55.886+0000] {logging_mixin.py:188} INFO - [2025-08-02T02:08:55.884+0000] {dag.py:3834} INFO - Setting next_dagrun for example_branch_datetime_operator to 2025-08-01 00:00:00+00:00, run_after=2025-08-02 00:00:00+00:00
[2025-08-02T02:08:55.927+0000] {logging_mixin.py:188} INFO - [2025-08-02T02:08:55.925+0000] {dag.py:3834} INFO - Setting next_dagrun for example_branch_datetime_operator_2 to 2025-08-01 00:00:00+00:00, run_after=2025-08-02 00:00:00+00:00
[2025-08-02T02:08:55.944+0000] {logging_mixin.py:188} INFO - [2025-08-02T02:08:55.943+0000] {dag.py:3834} INFO - Setting next_dagrun for example_branch_datetime_operator_3 to 2025-08-01 00:00:00+00:00, run_after=2025-08-02 00:00:00+00:00
[2025-08-02T02:08:56.059+0000] {processor.py:183} INFO - Processing /home/airflow/.local/lib/python3.8/site-packages/airflow/example_dags/example_branch_datetime_operator.py took 0.558 seconds
[2025-08-02T02:09:26.425+0000] {processor.py:161} INFO - Started process (PID=2556) to work on /home/airflow/.local/lib/python3.8/site-packages/airflow/example_dags/example_branch_datetime_operator.py
[2025-08-02T02:09:26.442+0000] {processor.py:830} INFO - Processing file /home/airflow/.local/lib/python3.8/site-packages/airflow/example_dags/example_branch_datetime_operator.py for tasks to queue
[2025-08-02T02:09:26.453+0000] {logging_mixin.py:188} INFO - [2025-08-02T02:09:26.452+0000] {dagbag.py:540} INFO - Filling up the DagBag from /home/airflow/.local/lib/python3.8/site-packages/airflow/example_dags/example_branch_datetime_operator.py
[2025-08-02T02:09:26.601+0000] {processor.py:840} INFO - DAG(s) 'example_branch_datetime_operator_3', 'example_branch_datetime_operator', 'example_branch_datetime_operator_2' retrieved from /home/airflow/.local/lib/python3.8/site-packages/airflow/example_dags/example_branch_datetime_operator.py
[2025-08-02T02:09:26.982+0000] {logging_mixin.py:188} INFO - [2025-08-02T02:09:26.978+0000] {dag.py:3047} INFO - Sync 3 DAGs
[2025-08-02T02:09:27.270+0000] {logging_mixin.py:188} INFO - [2025-08-02T02:09:27.268+0000] {dag.py:3834} INFO - Setting next_dagrun for example_branch_datetime_operator to 2025-08-01 00:00:00+00:00, run_after=2025-08-02 00:00:00+00:00
[2025-08-02T02:09:27.319+0000] {logging_mixin.py:188} INFO - [2025-08-02T02:09:27.318+0000] {dag.py:3834} INFO - Setting next_dagrun for example_branch_datetime_operator_2 to 2025-08-01 00:00:00+00:00, run_after=2025-08-02 00:00:00+00:00
[2025-08-02T02:09:27.337+0000] {logging_mixin.py:188} INFO - [2025-08-02T02:09:27.336+0000] {dag.py:3834} INFO - Setting next_dagrun for example_branch_datetime_operator_3 to 2025-08-01 00:00:00+00:00, run_after=2025-08-02 00:00:00+00:00
[2025-08-02T02:09:27.531+0000] {processor.py:183} INFO - Processing /home/airflow/.local/lib/python3.8/site-packages/airflow/example_dags/example_branch_datetime_operator.py took 1.127 seconds
[2025-08-02T02:10:01.681+0000] {processor.py:161} INFO - Started process (PID=2612) to work on /home/airflow/.local/lib/python3.8/site-packages/airflow/example_dags/example_branch_datetime_operator.py
[2025-08-02T02:10:01.683+0000] {processor.py:830} INFO - Processing file /home/airflow/.local/lib/python3.8/site-packages/airflow/example_dags/example_branch_datetime_operator.py for tasks to queue
[2025-08-02T02:10:01.684+0000] {logging_mixin.py:188} INFO - [2025-08-02T02:10:01.684+0000] {dagbag.py:540} INFO - Filling up the DagBag from /home/airflow/.local/lib/python3.8/site-packages/airflow/example_dags/example_branch_datetime_operator.py
[2025-08-02T02:10:01.692+0000] {processor.py:840} INFO - DAG(s) 'example_branch_datetime_operator', 'example_branch_datetime_operator_2', 'example_branch_datetime_operator_3' retrieved from /home/airflow/.local/lib/python3.8/site-packages/airflow/example_dags/example_branch_datetime_operator.py
[2025-08-02T02:10:01.718+0000] {logging_mixin.py:188} INFO - [2025-08-02T02:10:01.718+0000] {dag.py:3047} INFO - Sync 3 DAGs
[2025-08-02T02:10:01.742+0000] {logging_mixin.py:188} INFO - [2025-08-02T02:10:01.741+0000] {dag.py:3834} INFO - Setting next_dagrun for example_branch_datetime_operator to 2025-08-01 00:00:00+00:00, run_after=2025-08-02 00:00:00+00:00
[2025-08-02T02:10:01.750+0000] {logging_mixin.py:188} INFO - [2025-08-02T02:10:01.750+0000] {dag.py:3834} INFO - Setting next_dagrun for example_branch_datetime_operator_2 to 2025-08-01 00:00:00+00:00, run_after=2025-08-02 00:00:00+00:00
[2025-08-02T02:10:01.753+0000] {logging_mixin.py:188} INFO - [2025-08-02T02:10:01.753+0000] {dag.py:3834} INFO - Setting next_dagrun for example_branch_datetime_operator_3 to 2025-08-01 00:00:00+00:00, run_after=2025-08-02 00:00:00+00:00
[2025-08-02T02:10:01.795+0000] {processor.py:183} INFO - Processing /home/airflow/.local/lib/python3.8/site-packages/airflow/example_dags/example_branch_datetime_operator.py took 0.118 seconds
[2025-08-02T02:10:41.156+0000] {processor.py:161} INFO - Started process (PID=2668) to work on /home/airflow/.local/lib/python3.8/site-packages/airflow/example_dags/example_branch_datetime_operator.py
[2025-08-02T02:10:41.161+0000] {processor.py:830} INFO - Processing file /home/airflow/.local/lib/python3.8/site-packages/airflow/example_dags/example_branch_datetime_operator.py for tasks to queue
[2025-08-02T02:10:41.167+0000] {logging_mixin.py:188} INFO - [2025-08-02T02:10:41.166+0000] {dagbag.py:540} INFO - Filling up the DagBag from /home/airflow/.local/lib/python3.8/site-packages/airflow/example_dags/example_branch_datetime_operator.py
[2025-08-02T02:10:41.190+0000] {processor.py:840} INFO - DAG(s) 'example_branch_datetime_operator_3', 'example_branch_datetime_operator_2', 'example_branch_datetime_operator' retrieved from /home/airflow/.local/lib/python3.8/site-packages/airflow/example_dags/example_branch_datetime_operator.py
[2025-08-02T02:10:41.272+0000] {logging_mixin.py:188} INFO - [2025-08-02T02:10:41.272+0000] {dag.py:3047} INFO - Sync 3 DAGs
[2025-08-02T02:10:41.352+0000] {logging_mixin.py:188} INFO - [2025-08-02T02:10:41.352+0000] {dag.py:3834} INFO - Setting next_dagrun for example_branch_datetime_operator to 2025-08-01 00:00:00+00:00, run_after=2025-08-02 00:00:00+00:00
[2025-08-02T02:10:41.372+0000] {logging_mixin.py:188} INFO - [2025-08-02T02:10:41.367+0000] {dag.py:3834} INFO - Setting next_dagrun for example_branch_datetime_operator_2 to 2025-08-01 00:00:00+00:00, run_after=2025-08-02 00:00:00+00:00
[2025-08-02T02:10:41.402+0000] {logging_mixin.py:188} INFO - [2025-08-02T02:10:41.402+0000] {dag.py:3834} INFO - Setting next_dagrun for example_branch_datetime_operator_3 to 2025-08-01 00:00:00+00:00, run_after=2025-08-02 00:00:00+00:00
[2025-08-02T02:10:41.476+0000] {processor.py:183} INFO - Processing /home/airflow/.local/lib/python3.8/site-packages/airflow/example_dags/example_branch_datetime_operator.py took 0.344 seconds
[2025-08-02T02:11:15.865+0000] {processor.py:161} INFO - Started process (PID=2724) to work on /home/airflow/.local/lib/python3.8/site-packages/airflow/example_dags/example_branch_datetime_operator.py
[2025-08-02T02:11:15.871+0000] {processor.py:830} INFO - Processing file /home/airflow/.local/lib/python3.8/site-packages/airflow/example_dags/example_branch_datetime_operator.py for tasks to queue
[2025-08-02T02:11:15.880+0000] {logging_mixin.py:188} INFO - [2025-08-02T02:11:15.874+0000] {dagbag.py:540} INFO - Filling up the DagBag from /home/airflow/.local/lib/python3.8/site-packages/airflow/example_dags/example_branch_datetime_operator.py
[2025-08-02T02:11:15.960+0000] {processor.py:840} INFO - DAG(s) 'example_branch_datetime_operator_2', 'example_branch_datetime_operator_3', 'example_branch_datetime_operator' retrieved from /home/airflow/.local/lib/python3.8/site-packages/airflow/example_dags/example_branch_datetime_operator.py
[2025-08-02T02:11:16.203+0000] {logging_mixin.py:188} INFO - [2025-08-02T02:11:16.196+0000] {dag.py:3047} INFO - Sync 3 DAGs
[2025-08-02T02:11:16.259+0000] {logging_mixin.py:188} INFO - [2025-08-02T02:11:16.258+0000] {dag.py:3834} INFO - Setting next_dagrun for example_branch_datetime_operator to 2025-08-01 00:00:00+00:00, run_after=2025-08-02 00:00:00+00:00
[2025-08-02T02:11:16.265+0000] {logging_mixin.py:188} INFO - [2025-08-02T02:11:16.265+0000] {dag.py:3834} INFO - Setting next_dagrun for example_branch_datetime_operator_2 to 2025-08-01 00:00:00+00:00, run_after=2025-08-02 00:00:00+00:00
[2025-08-02T02:11:16.271+0000] {logging_mixin.py:188} INFO - [2025-08-02T02:11:16.270+0000] {dag.py:3834} INFO - Setting next_dagrun for example_branch_datetime_operator_3 to 2025-08-01 00:00:00+00:00, run_after=2025-08-02 00:00:00+00:00
[2025-08-02T02:11:16.351+0000] {processor.py:183} INFO - Processing /home/airflow/.local/lib/python3.8/site-packages/airflow/example_dags/example_branch_datetime_operator.py took 0.494 seconds
[2025-08-02T02:11:46.535+0000] {processor.py:161} INFO - Started process (PID=2780) to work on /home/airflow/.local/lib/python3.8/site-packages/airflow/example_dags/example_branch_datetime_operator.py
[2025-08-02T02:11:46.538+0000] {processor.py:830} INFO - Processing file /home/airflow/.local/lib/python3.8/site-packages/airflow/example_dags/example_branch_datetime_operator.py for tasks to queue
[2025-08-02T02:11:46.539+0000] {logging_mixin.py:188} INFO - [2025-08-02T02:11:46.539+0000] {dagbag.py:540} INFO - Filling up the DagBag from /home/airflow/.local/lib/python3.8/site-packages/airflow/example_dags/example_branch_datetime_operator.py
[2025-08-02T02:11:46.589+0000] {processor.py:840} INFO - DAG(s) 'example_branch_datetime_operator_2', 'example_branch_datetime_operator', 'example_branch_datetime_operator_3' retrieved from /home/airflow/.local/lib/python3.8/site-packages/airflow/example_dags/example_branch_datetime_operator.py
[2025-08-02T02:11:46.690+0000] {logging_mixin.py:188} INFO - [2025-08-02T02:11:46.689+0000] {dag.py:3047} INFO - Sync 3 DAGs
[2025-08-02T02:11:46.824+0000] {logging_mixin.py:188} INFO - [2025-08-02T02:11:46.824+0000] {dag.py:3834} INFO - Setting next_dagrun for example_branch_datetime_operator to 2025-08-01 00:00:00+00:00, run_after=2025-08-02 00:00:00+00:00
[2025-08-02T02:11:46.855+0000] {logging_mixin.py:188} INFO - [2025-08-02T02:11:46.854+0000] {dag.py:3834} INFO - Setting next_dagrun for example_branch_datetime_operator_2 to 2025-08-01 00:00:00+00:00, run_after=2025-08-02 00:00:00+00:00
[2025-08-02T02:11:46.859+0000] {logging_mixin.py:188} INFO - [2025-08-02T02:11:46.859+0000] {dag.py:3834} INFO - Setting next_dagrun for example_branch_datetime_operator_3 to 2025-08-01 00:00:00+00:00, run_after=2025-08-02 00:00:00+00:00
[2025-08-02T02:11:46.893+0000] {processor.py:183} INFO - Processing /home/airflow/.local/lib/python3.8/site-packages/airflow/example_dags/example_branch_datetime_operator.py took 0.366 seconds
[2025-08-02T02:12:27.725+0000] {processor.py:161} INFO - Started process (PID=2836) to work on /home/airflow/.local/lib/python3.8/site-packages/airflow/example_dags/example_branch_datetime_operator.py
[2025-08-02T02:12:27.733+0000] {processor.py:830} INFO - Processing file /home/airflow/.local/lib/python3.8/site-packages/airflow/example_dags/example_branch_datetime_operator.py for tasks to queue
[2025-08-02T02:12:27.740+0000] {logging_mixin.py:188} INFO - [2025-08-02T02:12:27.739+0000] {dagbag.py:540} INFO - Filling up the DagBag from /home/airflow/.local/lib/python3.8/site-packages/airflow/example_dags/example_branch_datetime_operator.py
[2025-08-02T02:12:27.782+0000] {processor.py:840} INFO - DAG(s) 'example_branch_datetime_operator_3', 'example_branch_datetime_operator_2', 'example_branch_datetime_operator' retrieved from /home/airflow/.local/lib/python3.8/site-packages/airflow/example_dags/example_branch_datetime_operator.py
[2025-08-02T02:12:27.868+0000] {logging_mixin.py:188} INFO - [2025-08-02T02:12:27.868+0000] {dag.py:3047} INFO - Sync 3 DAGs
[2025-08-02T02:12:27.914+0000] {logging_mixin.py:188} INFO - [2025-08-02T02:12:27.911+0000] {dag.py:3834} INFO - Setting next_dagrun for example_branch_datetime_operator to 2025-08-01 00:00:00+00:00, run_after=2025-08-02 00:00:00+00:00
[2025-08-02T02:12:27.953+0000] {logging_mixin.py:188} INFO - [2025-08-02T02:12:27.952+0000] {dag.py:3834} INFO - Setting next_dagrun for example_branch_datetime_operator_2 to 2025-08-01 00:00:00+00:00, run_after=2025-08-02 00:00:00+00:00
[2025-08-02T02:12:27.962+0000] {logging_mixin.py:188} INFO - [2025-08-02T02:12:27.962+0000] {dag.py:3834} INFO - Setting next_dagrun for example_branch_datetime_operator_3 to 2025-08-01 00:00:00+00:00, run_after=2025-08-02 00:00:00+00:00
[2025-08-02T02:12:28.013+0000] {processor.py:183} INFO - Processing /home/airflow/.local/lib/python3.8/site-packages/airflow/example_dags/example_branch_datetime_operator.py took 0.295 seconds
[2025-08-02T02:13:08.017+0000] {processor.py:161} INFO - Started process (PID=2898) to work on /home/airflow/.local/lib/python3.8/site-packages/airflow/example_dags/example_branch_datetime_operator.py
[2025-08-02T02:13:08.023+0000] {processor.py:830} INFO - Processing file /home/airflow/.local/lib/python3.8/site-packages/airflow/example_dags/example_branch_datetime_operator.py for tasks to queue
[2025-08-02T02:13:08.026+0000] {logging_mixin.py:188} INFO - [2025-08-02T02:13:08.026+0000] {dagbag.py:540} INFO - Filling up the DagBag from /home/airflow/.local/lib/python3.8/site-packages/airflow/example_dags/example_branch_datetime_operator.py
[2025-08-02T02:13:08.105+0000] {processor.py:840} INFO - DAG(s) 'example_branch_datetime_operator', 'example_branch_datetime_operator_3', 'example_branch_datetime_operator_2' retrieved from /home/airflow/.local/lib/python3.8/site-packages/airflow/example_dags/example_branch_datetime_operator.py
[2025-08-02T02:13:08.299+0000] {logging_mixin.py:188} INFO - [2025-08-02T02:13:08.297+0000] {dag.py:3047} INFO - Sync 3 DAGs
[2025-08-02T02:13:08.385+0000] {logging_mixin.py:188} INFO - [2025-08-02T02:13:08.384+0000] {dag.py:3834} INFO - Setting next_dagrun for example_branch_datetime_operator to 2025-08-01 00:00:00+00:00, run_after=2025-08-02 00:00:00+00:00
[2025-08-02T02:13:08.405+0000] {logging_mixin.py:188} INFO - [2025-08-02T02:13:08.404+0000] {dag.py:3834} INFO - Setting next_dagrun for example_branch_datetime_operator_2 to 2025-08-01 00:00:00+00:00, run_after=2025-08-02 00:00:00+00:00
[2025-08-02T02:13:08.419+0000] {logging_mixin.py:188} INFO - [2025-08-02T02:13:08.418+0000] {dag.py:3834} INFO - Setting next_dagrun for example_branch_datetime_operator_3 to 2025-08-01 00:00:00+00:00, run_after=2025-08-02 00:00:00+00:00
[2025-08-02T02:13:08.473+0000] {processor.py:183} INFO - Processing /home/airflow/.local/lib/python3.8/site-packages/airflow/example_dags/example_branch_datetime_operator.py took 0.470 seconds
[2025-08-02T02:13:46.559+0000] {processor.py:161} INFO - Started process (PID=2962) to work on /home/airflow/.local/lib/python3.8/site-packages/airflow/example_dags/example_branch_datetime_operator.py
[2025-08-02T02:13:46.580+0000] {processor.py:830} INFO - Processing file /home/airflow/.local/lib/python3.8/site-packages/airflow/example_dags/example_branch_datetime_operator.py for tasks to queue
[2025-08-02T02:13:46.593+0000] {logging_mixin.py:188} INFO - [2025-08-02T02:13:46.592+0000] {dagbag.py:540} INFO - Filling up the DagBag from /home/airflow/.local/lib/python3.8/site-packages/airflow/example_dags/example_branch_datetime_operator.py
[2025-08-02T02:13:46.712+0000] {processor.py:840} INFO - DAG(s) 'example_branch_datetime_operator_2', 'example_branch_datetime_operator_3', 'example_branch_datetime_operator' retrieved from /home/airflow/.local/lib/python3.8/site-packages/airflow/example_dags/example_branch_datetime_operator.py
[2025-08-02T02:13:46.899+0000] {logging_mixin.py:188} INFO - [2025-08-02T02:13:46.899+0000] {dag.py:3047} INFO - Sync 3 DAGs
[2025-08-02T02:13:47.024+0000] {logging_mixin.py:188} INFO - [2025-08-02T02:13:47.024+0000] {dag.py:3834} INFO - Setting next_dagrun for example_branch_datetime_operator to 2025-08-01 00:00:00+00:00, run_after=2025-08-02 00:00:00+00:00
[2025-08-02T02:13:47.047+0000] {logging_mixin.py:188} INFO - [2025-08-02T02:13:47.045+0000] {dag.py:3834} INFO - Setting next_dagrun for example_branch_datetime_operator_2 to 2025-08-01 00:00:00+00:00, run_after=2025-08-02 00:00:00+00:00
[2025-08-02T02:13:47.062+0000] {logging_mixin.py:188} INFO - [2025-08-02T02:13:47.062+0000] {dag.py:3834} INFO - Setting next_dagrun for example_branch_datetime_operator_3 to 2025-08-01 00:00:00+00:00, run_after=2025-08-02 00:00:00+00:00
[2025-08-02T02:13:47.116+0000] {processor.py:183} INFO - Processing /home/airflow/.local/lib/python3.8/site-packages/airflow/example_dags/example_branch_datetime_operator.py took 0.613 seconds
[2025-08-02T02:14:17.510+0000] {processor.py:161} INFO - Started process (PID=3018) to work on /home/airflow/.local/lib/python3.8/site-packages/airflow/example_dags/example_branch_datetime_operator.py
[2025-08-02T02:14:17.526+0000] {processor.py:830} INFO - Processing file /home/airflow/.local/lib/python3.8/site-packages/airflow/example_dags/example_branch_datetime_operator.py for tasks to queue
[2025-08-02T02:14:17.530+0000] {logging_mixin.py:188} INFO - [2025-08-02T02:14:17.529+0000] {dagbag.py:540} INFO - Filling up the DagBag from /home/airflow/.local/lib/python3.8/site-packages/airflow/example_dags/example_branch_datetime_operator.py
[2025-08-02T02:14:17.569+0000] {processor.py:840} INFO - DAG(s) 'example_branch_datetime_operator_3', 'example_branch_datetime_operator_2', 'example_branch_datetime_operator' retrieved from /home/airflow/.local/lib/python3.8/site-packages/airflow/example_dags/example_branch_datetime_operator.py
[2025-08-02T02:14:17.635+0000] {logging_mixin.py:188} INFO - [2025-08-02T02:14:17.635+0000] {dag.py:3047} INFO - Sync 3 DAGs
[2025-08-02T02:14:17.666+0000] {logging_mixin.py:188} INFO - [2025-08-02T02:14:17.666+0000] {dag.py:3834} INFO - Setting next_dagrun for example_branch_datetime_operator to 2025-08-01 00:00:00+00:00, run_after=2025-08-02 00:00:00+00:00
[2025-08-02T02:14:17.674+0000] {logging_mixin.py:188} INFO - [2025-08-02T02:14:17.674+0000] {dag.py:3834} INFO - Setting next_dagrun for example_branch_datetime_operator_2 to 2025-08-01 00:00:00+00:00, run_after=2025-08-02 00:00:00+00:00
[2025-08-02T02:14:17.678+0000] {logging_mixin.py:188} INFO - [2025-08-02T02:14:17.678+0000] {dag.py:3834} INFO - Setting next_dagrun for example_branch_datetime_operator_3 to 2025-08-01 00:00:00+00:00, run_after=2025-08-02 00:00:00+00:00
[2025-08-02T02:14:17.705+0000] {processor.py:183} INFO - Processing /home/airflow/.local/lib/python3.8/site-packages/airflow/example_dags/example_branch_datetime_operator.py took 0.217 seconds
[2025-08-02T02:15:05.850+0000] {processor.py:161} INFO - Started process (PID=3085) to work on /home/airflow/.local/lib/python3.8/site-packages/airflow/example_dags/example_branch_datetime_operator.py
[2025-08-02T02:15:05.852+0000] {processor.py:830} INFO - Processing file /home/airflow/.local/lib/python3.8/site-packages/airflow/example_dags/example_branch_datetime_operator.py for tasks to queue
[2025-08-02T02:15:05.854+0000] {logging_mixin.py:188} INFO - [2025-08-02T02:15:05.853+0000] {dagbag.py:540} INFO - Filling up the DagBag from /home/airflow/.local/lib/python3.8/site-packages/airflow/example_dags/example_branch_datetime_operator.py
[2025-08-02T02:15:05.888+0000] {processor.py:840} INFO - DAG(s) 'example_branch_datetime_operator', 'example_branch_datetime_operator_3', 'example_branch_datetime_operator_2' retrieved from /home/airflow/.local/lib/python3.8/site-packages/airflow/example_dags/example_branch_datetime_operator.py
[2025-08-02T02:15:05.945+0000] {logging_mixin.py:188} INFO - [2025-08-02T02:15:05.945+0000] {dag.py:3047} INFO - Sync 3 DAGs
[2025-08-02T02:15:05.980+0000] {logging_mixin.py:188} INFO - [2025-08-02T02:15:05.979+0000] {dag.py:3834} INFO - Setting next_dagrun for example_branch_datetime_operator to 2025-08-01 00:00:00+00:00, run_after=2025-08-02 00:00:00+00:00
[2025-08-02T02:15:05.984+0000] {logging_mixin.py:188} INFO - [2025-08-02T02:15:05.984+0000] {dag.py:3834} INFO - Setting next_dagrun for example_branch_datetime_operator_2 to 2025-08-01 00:00:00+00:00, run_after=2025-08-02 00:00:00+00:00
[2025-08-02T02:15:05.985+0000] {logging_mixin.py:188} INFO - [2025-08-02T02:15:05.985+0000] {dag.py:3834} INFO - Setting next_dagrun for example_branch_datetime_operator_3 to 2025-08-01 00:00:00+00:00, run_after=2025-08-02 00:00:00+00:00
[2025-08-02T02:15:05.998+0000] {processor.py:183} INFO - Processing /home/airflow/.local/lib/python3.8/site-packages/airflow/example_dags/example_branch_datetime_operator.py took 0.157 seconds
[2025-08-02T02:15:45.994+0000] {processor.py:161} INFO - Started process (PID=3143) to work on /home/airflow/.local/lib/python3.8/site-packages/airflow/example_dags/example_branch_datetime_operator.py
[2025-08-02T02:15:45.997+0000] {processor.py:830} INFO - Processing file /home/airflow/.local/lib/python3.8/site-packages/airflow/example_dags/example_branch_datetime_operator.py for tasks to queue
[2025-08-02T02:15:46.008+0000] {logging_mixin.py:188} INFO - [2025-08-02T02:15:46.007+0000] {dagbag.py:540} INFO - Filling up the DagBag from /home/airflow/.local/lib/python3.8/site-packages/airflow/example_dags/example_branch_datetime_operator.py
[2025-08-02T02:15:46.043+0000] {processor.py:840} INFO - DAG(s) 'example_branch_datetime_operator', 'example_branch_datetime_operator_2', 'example_branch_datetime_operator_3' retrieved from /home/airflow/.local/lib/python3.8/site-packages/airflow/example_dags/example_branch_datetime_operator.py
[2025-08-02T02:15:46.110+0000] {logging_mixin.py:188} INFO - [2025-08-02T02:15:46.109+0000] {dag.py:3047} INFO - Sync 3 DAGs
[2025-08-02T02:15:46.156+0000] {logging_mixin.py:188} INFO - [2025-08-02T02:15:46.156+0000] {dag.py:3834} INFO - Setting next_dagrun for example_branch_datetime_operator to 2025-08-01 00:00:00+00:00, run_after=2025-08-02 00:00:00+00:00
[2025-08-02T02:15:46.162+0000] {logging_mixin.py:188} INFO - [2025-08-02T02:15:46.162+0000] {dag.py:3834} INFO - Setting next_dagrun for example_branch_datetime_operator_2 to 2025-08-01 00:00:00+00:00, run_after=2025-08-02 00:00:00+00:00
[2025-08-02T02:15:46.165+0000] {logging_mixin.py:188} INFO - [2025-08-02T02:15:46.164+0000] {dag.py:3834} INFO - Setting next_dagrun for example_branch_datetime_operator_3 to 2025-08-01 00:00:00+00:00, run_after=2025-08-02 00:00:00+00:00
[2025-08-02T02:15:46.220+0000] {processor.py:183} INFO - Processing /home/airflow/.local/lib/python3.8/site-packages/airflow/example_dags/example_branch_datetime_operator.py took 0.233 seconds
[2025-08-02T02:16:28.436+0000] {processor.py:161} INFO - Started process (PID=3205) to work on /home/airflow/.local/lib/python3.8/site-packages/airflow/example_dags/example_branch_datetime_operator.py
[2025-08-02T02:16:28.437+0000] {processor.py:830} INFO - Processing file /home/airflow/.local/lib/python3.8/site-packages/airflow/example_dags/example_branch_datetime_operator.py for tasks to queue
[2025-08-02T02:16:28.438+0000] {logging_mixin.py:188} INFO - [2025-08-02T02:16:28.438+0000] {dagbag.py:540} INFO - Filling up the DagBag from /home/airflow/.local/lib/python3.8/site-packages/airflow/example_dags/example_branch_datetime_operator.py
[2025-08-02T02:16:28.464+0000] {processor.py:840} INFO - DAG(s) 'example_branch_datetime_operator', 'example_branch_datetime_operator_2', 'example_branch_datetime_operator_3' retrieved from /home/airflow/.local/lib/python3.8/site-packages/airflow/example_dags/example_branch_datetime_operator.py
[2025-08-02T02:16:28.677+0000] {logging_mixin.py:188} INFO - [2025-08-02T02:16:28.677+0000] {dag.py:3047} INFO - Sync 3 DAGs
[2025-08-02T02:16:28.767+0000] {logging_mixin.py:188} INFO - [2025-08-02T02:16:28.766+0000] {dag.py:3834} INFO - Setting next_dagrun for example_branch_datetime_operator to 2025-08-01 00:00:00+00:00, run_after=2025-08-02 00:00:00+00:00
[2025-08-02T02:16:28.785+0000] {logging_mixin.py:188} INFO - [2025-08-02T02:16:28.784+0000] {dag.py:3834} INFO - Setting next_dagrun for example_branch_datetime_operator_2 to 2025-08-01 00:00:00+00:00, run_after=2025-08-02 00:00:00+00:00
[2025-08-02T02:16:28.801+0000] {logging_mixin.py:188} INFO - [2025-08-02T02:16:28.799+0000] {dag.py:3834} INFO - Setting next_dagrun for example_branch_datetime_operator_3 to 2025-08-01 00:00:00+00:00, run_after=2025-08-02 00:00:00+00:00
[2025-08-02T02:16:28.936+0000] {processor.py:183} INFO - Processing /home/airflow/.local/lib/python3.8/site-packages/airflow/example_dags/example_branch_datetime_operator.py took 0.505 seconds
[2025-08-02T02:17:04.036+0000] {processor.py:161} INFO - Started process (PID=3261) to work on /home/airflow/.local/lib/python3.8/site-packages/airflow/example_dags/example_branch_datetime_operator.py
[2025-08-02T02:17:04.039+0000] {processor.py:830} INFO - Processing file /home/airflow/.local/lib/python3.8/site-packages/airflow/example_dags/example_branch_datetime_operator.py for tasks to queue
[2025-08-02T02:17:04.040+0000] {logging_mixin.py:188} INFO - [2025-08-02T02:17:04.040+0000] {dagbag.py:540} INFO - Filling up the DagBag from /home/airflow/.local/lib/python3.8/site-packages/airflow/example_dags/example_branch_datetime_operator.py
[2025-08-02T02:17:04.063+0000] {processor.py:840} INFO - DAG(s) 'example_branch_datetime_operator', 'example_branch_datetime_operator_2', 'example_branch_datetime_operator_3' retrieved from /home/airflow/.local/lib/python3.8/site-packages/airflow/example_dags/example_branch_datetime_operator.py
[2025-08-02T02:17:04.205+0000] {logging_mixin.py:188} INFO - [2025-08-02T02:17:04.204+0000] {dag.py:3047} INFO - Sync 3 DAGs
[2025-08-02T02:17:04.295+0000] {logging_mixin.py:188} INFO - [2025-08-02T02:17:04.293+0000] {dag.py:3834} INFO - Setting next_dagrun for example_branch_datetime_operator to 2025-08-01 00:00:00+00:00, run_after=2025-08-02 00:00:00+00:00
[2025-08-02T02:17:04.308+0000] {logging_mixin.py:188} INFO - [2025-08-02T02:17:04.308+0000] {dag.py:3834} INFO - Setting next_dagrun for example_branch_datetime_operator_2 to 2025-08-01 00:00:00+00:00, run_after=2025-08-02 00:00:00+00:00
[2025-08-02T02:17:04.314+0000] {logging_mixin.py:188} INFO - [2025-08-02T02:17:04.314+0000] {dag.py:3834} INFO - Setting next_dagrun for example_branch_datetime_operator_3 to 2025-08-01 00:00:00+00:00, run_after=2025-08-02 00:00:00+00:00
[2025-08-02T02:17:05.932+0000] {processor.py:183} INFO - Processing /home/airflow/.local/lib/python3.8/site-packages/airflow/example_dags/example_branch_datetime_operator.py took 1.904 seconds
[2025-08-02T02:17:38.500+0000] {processor.py:161} INFO - Started process (PID=3317) to work on /home/airflow/.local/lib/python3.8/site-packages/airflow/example_dags/example_branch_datetime_operator.py
[2025-08-02T02:17:38.503+0000] {processor.py:830} INFO - Processing file /home/airflow/.local/lib/python3.8/site-packages/airflow/example_dags/example_branch_datetime_operator.py for tasks to queue
[2025-08-02T02:17:38.510+0000] {logging_mixin.py:188} INFO - [2025-08-02T02:17:38.508+0000] {dagbag.py:540} INFO - Filling up the DagBag from /home/airflow/.local/lib/python3.8/site-packages/airflow/example_dags/example_branch_datetime_operator.py
[2025-08-02T02:17:38.569+0000] {processor.py:840} INFO - DAG(s) 'example_branch_datetime_operator_3', 'example_branch_datetime_operator_2', 'example_branch_datetime_operator' retrieved from /home/airflow/.local/lib/python3.8/site-packages/airflow/example_dags/example_branch_datetime_operator.py
[2025-08-02T02:17:38.720+0000] {logging_mixin.py:188} INFO - [2025-08-02T02:17:38.719+0000] {dag.py:3047} INFO - Sync 3 DAGs
[2025-08-02T02:17:38.788+0000] {logging_mixin.py:188} INFO - [2025-08-02T02:17:38.787+0000] {dag.py:3834} INFO - Setting next_dagrun for example_branch_datetime_operator to 2025-08-01 00:00:00+00:00, run_after=2025-08-02 00:00:00+00:00
[2025-08-02T02:17:38.798+0000] {logging_mixin.py:188} INFO - [2025-08-02T02:17:38.798+0000] {dag.py:3834} INFO - Setting next_dagrun for example_branch_datetime_operator_2 to 2025-08-01 00:00:00+00:00, run_after=2025-08-02 00:00:00+00:00
[2025-08-02T02:17:38.804+0000] {logging_mixin.py:188} INFO - [2025-08-02T02:17:38.803+0000] {dag.py:3834} INFO - Setting next_dagrun for example_branch_datetime_operator_3 to 2025-08-01 00:00:00+00:00, run_after=2025-08-02 00:00:00+00:00
[2025-08-02T02:17:38.880+0000] {processor.py:183} INFO - Processing /home/airflow/.local/lib/python3.8/site-packages/airflow/example_dags/example_branch_datetime_operator.py took 0.390 seconds
[2025-08-02T02:18:29.758+0000] {processor.py:161} INFO - Started process (PID=3371) to work on /home/airflow/.local/lib/python3.8/site-packages/airflow/example_dags/example_branch_datetime_operator.py
[2025-08-02T02:18:29.766+0000] {processor.py:830} INFO - Processing file /home/airflow/.local/lib/python3.8/site-packages/airflow/example_dags/example_branch_datetime_operator.py for tasks to queue
[2025-08-02T02:18:29.769+0000] {logging_mixin.py:188} INFO - [2025-08-02T02:18:29.768+0000] {dagbag.py:540} INFO - Filling up the DagBag from /home/airflow/.local/lib/python3.8/site-packages/airflow/example_dags/example_branch_datetime_operator.py
[2025-08-02T02:18:29.811+0000] {processor.py:840} INFO - DAG(s) 'example_branch_datetime_operator_2', 'example_branch_datetime_operator_3', 'example_branch_datetime_operator' retrieved from /home/airflow/.local/lib/python3.8/site-packages/airflow/example_dags/example_branch_datetime_operator.py
[2025-08-02T02:18:29.909+0000] {logging_mixin.py:188} INFO - [2025-08-02T02:18:29.909+0000] {dag.py:3047} INFO - Sync 3 DAGs
[2025-08-02T02:18:29.964+0000] {logging_mixin.py:188} INFO - [2025-08-02T02:18:29.964+0000] {dag.py:3834} INFO - Setting next_dagrun for example_branch_datetime_operator to 2025-08-01 00:00:00+00:00, run_after=2025-08-02 00:00:00+00:00
[2025-08-02T02:18:29.974+0000] {logging_mixin.py:188} INFO - [2025-08-02T02:18:29.973+0000] {dag.py:3834} INFO - Setting next_dagrun for example_branch_datetime_operator_2 to 2025-08-01 00:00:00+00:00, run_after=2025-08-02 00:00:00+00:00
[2025-08-02T02:18:29.978+0000] {logging_mixin.py:188} INFO - [2025-08-02T02:18:29.978+0000] {dag.py:3834} INFO - Setting next_dagrun for example_branch_datetime_operator_3 to 2025-08-01 00:00:00+00:00, run_after=2025-08-02 00:00:00+00:00
[2025-08-02T02:18:30.037+0000] {processor.py:183} INFO - Processing /home/airflow/.local/lib/python3.8/site-packages/airflow/example_dags/example_branch_datetime_operator.py took 0.284 seconds
[2025-08-02T02:19:11.232+0000] {processor.py:161} INFO - Started process (PID=3438) to work on /home/airflow/.local/lib/python3.8/site-packages/airflow/example_dags/example_branch_datetime_operator.py
[2025-08-02T02:19:11.233+0000] {processor.py:830} INFO - Processing file /home/airflow/.local/lib/python3.8/site-packages/airflow/example_dags/example_branch_datetime_operator.py for tasks to queue
[2025-08-02T02:19:11.234+0000] {logging_mixin.py:188} INFO - [2025-08-02T02:19:11.234+0000] {dagbag.py:540} INFO - Filling up the DagBag from /home/airflow/.local/lib/python3.8/site-packages/airflow/example_dags/example_branch_datetime_operator.py
[2025-08-02T02:19:11.243+0000] {processor.py:840} INFO - DAG(s) 'example_branch_datetime_operator_2', 'example_branch_datetime_operator_3', 'example_branch_datetime_operator' retrieved from /home/airflow/.local/lib/python3.8/site-packages/airflow/example_dags/example_branch_datetime_operator.py
[2025-08-02T02:19:11.271+0000] {logging_mixin.py:188} INFO - [2025-08-02T02:19:11.270+0000] {dag.py:3047} INFO - Sync 3 DAGs
[2025-08-02T02:19:11.290+0000] {logging_mixin.py:188} INFO - [2025-08-02T02:19:11.290+0000] {dag.py:3834} INFO - Setting next_dagrun for example_branch_datetime_operator to 2025-08-01 00:00:00+00:00, run_after=2025-08-02 00:00:00+00:00
[2025-08-02T02:19:11.294+0000] {logging_mixin.py:188} INFO - [2025-08-02T02:19:11.293+0000] {dag.py:3834} INFO - Setting next_dagrun for example_branch_datetime_operator_2 to 2025-08-01 00:00:00+00:00, run_after=2025-08-02 00:00:00+00:00
[2025-08-02T02:19:11.295+0000] {logging_mixin.py:188} INFO - [2025-08-02T02:19:11.295+0000] {dag.py:3834} INFO - Setting next_dagrun for example_branch_datetime_operator_3 to 2025-08-01 00:00:00+00:00, run_after=2025-08-02 00:00:00+00:00
[2025-08-02T02:19:11.308+0000] {processor.py:183} INFO - Processing /home/airflow/.local/lib/python3.8/site-packages/airflow/example_dags/example_branch_datetime_operator.py took 0.081 seconds
[2025-08-02T02:19:53.957+0000] {processor.py:161} INFO - Started process (PID=3494) to work on /home/airflow/.local/lib/python3.8/site-packages/airflow/example_dags/example_branch_datetime_operator.py
[2025-08-02T02:19:53.958+0000] {processor.py:830} INFO - Processing file /home/airflow/.local/lib/python3.8/site-packages/airflow/example_dags/example_branch_datetime_operator.py for tasks to queue
[2025-08-02T02:19:53.959+0000] {logging_mixin.py:188} INFO - [2025-08-02T02:19:53.959+0000] {dagbag.py:540} INFO - Filling up the DagBag from /home/airflow/.local/lib/python3.8/site-packages/airflow/example_dags/example_branch_datetime_operator.py
[2025-08-02T02:19:53.969+0000] {processor.py:840} INFO - DAG(s) 'example_branch_datetime_operator_2', 'example_branch_datetime_operator', 'example_branch_datetime_operator_3' retrieved from /home/airflow/.local/lib/python3.8/site-packages/airflow/example_dags/example_branch_datetime_operator.py
[2025-08-02T02:19:54.058+0000] {logging_mixin.py:188} INFO - [2025-08-02T02:19:54.058+0000] {dag.py:3047} INFO - Sync 3 DAGs
[2025-08-02T02:19:54.122+0000] {logging_mixin.py:188} INFO - [2025-08-02T02:19:54.122+0000] {dag.py:3834} INFO - Setting next_dagrun for example_branch_datetime_operator to 2025-08-01 00:00:00+00:00, run_after=2025-08-02 00:00:00+00:00
[2025-08-02T02:19:54.128+0000] {logging_mixin.py:188} INFO - [2025-08-02T02:19:54.127+0000] {dag.py:3834} INFO - Setting next_dagrun for example_branch_datetime_operator_2 to 2025-08-01 00:00:00+00:00, run_after=2025-08-02 00:00:00+00:00
[2025-08-02T02:19:54.133+0000] {logging_mixin.py:188} INFO - [2025-08-02T02:19:54.132+0000] {dag.py:3834} INFO - Setting next_dagrun for example_branch_datetime_operator_3 to 2025-08-01 00:00:00+00:00, run_after=2025-08-02 00:00:00+00:00
[2025-08-02T02:19:54.158+0000] {processor.py:183} INFO - Processing /home/airflow/.local/lib/python3.8/site-packages/airflow/example_dags/example_branch_datetime_operator.py took 0.213 seconds
[2025-08-02T02:20:27.806+0000] {processor.py:161} INFO - Started process (PID=3550) to work on /home/airflow/.local/lib/python3.8/site-packages/airflow/example_dags/example_branch_datetime_operator.py
[2025-08-02T02:20:27.808+0000] {processor.py:830} INFO - Processing file /home/airflow/.local/lib/python3.8/site-packages/airflow/example_dags/example_branch_datetime_operator.py for tasks to queue
[2025-08-02T02:20:27.808+0000] {logging_mixin.py:188} INFO - [2025-08-02T02:20:27.808+0000] {dagbag.py:540} INFO - Filling up the DagBag from /home/airflow/.local/lib/python3.8/site-packages/airflow/example_dags/example_branch_datetime_operator.py
[2025-08-02T02:20:27.818+0000] {processor.py:840} INFO - DAG(s) 'example_branch_datetime_operator_3', 'example_branch_datetime_operator_2', 'example_branch_datetime_operator' retrieved from /home/airflow/.local/lib/python3.8/site-packages/airflow/example_dags/example_branch_datetime_operator.py
[2025-08-02T02:20:27.847+0000] {logging_mixin.py:188} INFO - [2025-08-02T02:20:27.847+0000] {dag.py:3047} INFO - Sync 3 DAGs
[2025-08-02T02:20:28.155+0000] {logging_mixin.py:188} INFO - [2025-08-02T02:20:28.155+0000] {dag.py:3834} INFO - Setting next_dagrun for example_branch_datetime_operator to 2025-08-01 00:00:00+00:00, run_after=2025-08-02 00:00:00+00:00
[2025-08-02T02:20:28.160+0000] {logging_mixin.py:188} INFO - [2025-08-02T02:20:28.160+0000] {dag.py:3834} INFO - Setting next_dagrun for example_branch_datetime_operator_2 to 2025-08-01 00:00:00+00:00, run_after=2025-08-02 00:00:00+00:00
[2025-08-02T02:20:28.162+0000] {logging_mixin.py:188} INFO - [2025-08-02T02:20:28.161+0000] {dag.py:3834} INFO - Setting next_dagrun for example_branch_datetime_operator_3 to 2025-08-01 00:00:00+00:00, run_after=2025-08-02 00:00:00+00:00
[2025-08-02T02:20:28.175+0000] {processor.py:183} INFO - Processing /home/airflow/.local/lib/python3.8/site-packages/airflow/example_dags/example_branch_datetime_operator.py took 0.377 seconds
[2025-08-02T02:20:58.957+0000] {processor.py:161} INFO - Started process (PID=3607) to work on /home/airflow/.local/lib/python3.8/site-packages/airflow/example_dags/example_branch_datetime_operator.py
[2025-08-02T02:20:58.958+0000] {processor.py:830} INFO - Processing file /home/airflow/.local/lib/python3.8/site-packages/airflow/example_dags/example_branch_datetime_operator.py for tasks to queue
[2025-08-02T02:20:58.959+0000] {logging_mixin.py:188} INFO - [2025-08-02T02:20:58.958+0000] {dagbag.py:540} INFO - Filling up the DagBag from /home/airflow/.local/lib/python3.8/site-packages/airflow/example_dags/example_branch_datetime_operator.py
[2025-08-02T02:20:58.974+0000] {processor.py:840} INFO - DAG(s) 'example_branch_datetime_operator', 'example_branch_datetime_operator_3', 'example_branch_datetime_operator_2' retrieved from /home/airflow/.local/lib/python3.8/site-packages/airflow/example_dags/example_branch_datetime_operator.py
[2025-08-02T02:20:59.138+0000] {logging_mixin.py:188} INFO - [2025-08-02T02:20:59.137+0000] {dag.py:3047} INFO - Sync 3 DAGs
[2025-08-02T02:20:59.188+0000] {logging_mixin.py:188} INFO - [2025-08-02T02:20:59.188+0000] {dag.py:3834} INFO - Setting next_dagrun for example_branch_datetime_operator to 2025-08-01 00:00:00+00:00, run_after=2025-08-02 00:00:00+00:00
[2025-08-02T02:20:59.194+0000] {logging_mixin.py:188} INFO - [2025-08-02T02:20:59.194+0000] {dag.py:3834} INFO - Setting next_dagrun for example_branch_datetime_operator_2 to 2025-08-01 00:00:00+00:00, run_after=2025-08-02 00:00:00+00:00
[2025-08-02T02:20:59.204+0000] {logging_mixin.py:188} INFO - [2025-08-02T02:20:59.204+0000] {dag.py:3834} INFO - Setting next_dagrun for example_branch_datetime_operator_3 to 2025-08-01 00:00:00+00:00, run_after=2025-08-02 00:00:00+00:00
[2025-08-02T02:20:59.270+0000] {processor.py:183} INFO - Processing /home/airflow/.local/lib/python3.8/site-packages/airflow/example_dags/example_branch_datetime_operator.py took 0.317 seconds
[2025-08-02T02:21:29.477+0000] {processor.py:161} INFO - Started process (PID=3663) to work on /home/airflow/.local/lib/python3.8/site-packages/airflow/example_dags/example_branch_datetime_operator.py
[2025-08-02T02:21:29.481+0000] {processor.py:830} INFO - Processing file /home/airflow/.local/lib/python3.8/site-packages/airflow/example_dags/example_branch_datetime_operator.py for tasks to queue
[2025-08-02T02:21:29.483+0000] {logging_mixin.py:188} INFO - [2025-08-02T02:21:29.482+0000] {dagbag.py:540} INFO - Filling up the DagBag from /home/airflow/.local/lib/python3.8/site-packages/airflow/example_dags/example_branch_datetime_operator.py
[2025-08-02T02:21:29.505+0000] {processor.py:840} INFO - DAG(s) 'example_branch_datetime_operator_3', 'example_branch_datetime_operator', 'example_branch_datetime_operator_2' retrieved from /home/airflow/.local/lib/python3.8/site-packages/airflow/example_dags/example_branch_datetime_operator.py
[2025-08-02T02:21:29.575+0000] {logging_mixin.py:188} INFO - [2025-08-02T02:21:29.574+0000] {dag.py:3047} INFO - Sync 3 DAGs
[2025-08-02T02:21:29.627+0000] {logging_mixin.py:188} INFO - [2025-08-02T02:21:29.626+0000] {dag.py:3834} INFO - Setting next_dagrun for example_branch_datetime_operator to 2025-08-01 00:00:00+00:00, run_after=2025-08-02 00:00:00+00:00
[2025-08-02T02:21:29.633+0000] {logging_mixin.py:188} INFO - [2025-08-02T02:21:29.633+0000] {dag.py:3834} INFO - Setting next_dagrun for example_branch_datetime_operator_2 to 2025-08-01 00:00:00+00:00, run_after=2025-08-02 00:00:00+00:00
[2025-08-02T02:21:29.640+0000] {logging_mixin.py:188} INFO - [2025-08-02T02:21:29.640+0000] {dag.py:3834} INFO - Setting next_dagrun for example_branch_datetime_operator_3 to 2025-08-01 00:00:00+00:00, run_after=2025-08-02 00:00:00+00:00
[2025-08-02T02:21:29.683+0000] {processor.py:183} INFO - Processing /home/airflow/.local/lib/python3.8/site-packages/airflow/example_dags/example_branch_datetime_operator.py took 0.209 seconds
[2025-08-02T02:22:00.010+0000] {processor.py:161} INFO - Started process (PID=3719) to work on /home/airflow/.local/lib/python3.8/site-packages/airflow/example_dags/example_branch_datetime_operator.py
[2025-08-02T02:22:00.033+0000] {processor.py:830} INFO - Processing file /home/airflow/.local/lib/python3.8/site-packages/airflow/example_dags/example_branch_datetime_operator.py for tasks to queue
[2025-08-02T02:22:00.040+0000] {logging_mixin.py:188} INFO - [2025-08-02T02:22:00.039+0000] {dagbag.py:540} INFO - Filling up the DagBag from /home/airflow/.local/lib/python3.8/site-packages/airflow/example_dags/example_branch_datetime_operator.py
[2025-08-02T02:22:00.206+0000] {processor.py:840} INFO - DAG(s) 'example_branch_datetime_operator_3', 'example_branch_datetime_operator', 'example_branch_datetime_operator_2' retrieved from /home/airflow/.local/lib/python3.8/site-packages/airflow/example_dags/example_branch_datetime_operator.py
[2025-08-02T02:22:00.298+0000] {logging_mixin.py:188} INFO - [2025-08-02T02:22:00.298+0000] {dag.py:3047} INFO - Sync 3 DAGs
[2025-08-02T02:22:00.339+0000] {logging_mixin.py:188} INFO - [2025-08-02T02:22:00.338+0000] {dag.py:3834} INFO - Setting next_dagrun for example_branch_datetime_operator to 2025-08-01 00:00:00+00:00, run_after=2025-08-02 00:00:00+00:00
[2025-08-02T02:22:00.347+0000] {logging_mixin.py:188} INFO - [2025-08-02T02:22:00.347+0000] {dag.py:3834} INFO - Setting next_dagrun for example_branch_datetime_operator_2 to 2025-08-01 00:00:00+00:00, run_after=2025-08-02 00:00:00+00:00
[2025-08-02T02:22:00.351+0000] {logging_mixin.py:188} INFO - [2025-08-02T02:22:00.351+0000] {dag.py:3834} INFO - Setting next_dagrun for example_branch_datetime_operator_3 to 2025-08-01 00:00:00+00:00, run_after=2025-08-02 00:00:00+00:00
[2025-08-02T02:22:00.378+0000] {processor.py:183} INFO - Processing /home/airflow/.local/lib/python3.8/site-packages/airflow/example_dags/example_branch_datetime_operator.py took 0.385 seconds
[2025-08-02T02:22:37.946+0000] {processor.py:161} INFO - Started process (PID=3777) to work on /home/airflow/.local/lib/python3.8/site-packages/airflow/example_dags/example_branch_datetime_operator.py
[2025-08-02T02:22:37.971+0000] {processor.py:830} INFO - Processing file /home/airflow/.local/lib/python3.8/site-packages/airflow/example_dags/example_branch_datetime_operator.py for tasks to queue
[2025-08-02T02:22:37.979+0000] {logging_mixin.py:188} INFO - [2025-08-02T02:22:37.976+0000] {dagbag.py:540} INFO - Filling up the DagBag from /home/airflow/.local/lib/python3.8/site-packages/airflow/example_dags/example_branch_datetime_operator.py
[2025-08-02T02:22:38.058+0000] {processor.py:840} INFO - DAG(s) 'example_branch_datetime_operator_3', 'example_branch_datetime_operator', 'example_branch_datetime_operator_2' retrieved from /home/airflow/.local/lib/python3.8/site-packages/airflow/example_dags/example_branch_datetime_operator.py
[2025-08-02T02:22:38.318+0000] {logging_mixin.py:188} INFO - [2025-08-02T02:22:38.317+0000] {dag.py:3047} INFO - Sync 3 DAGs
[2025-08-02T02:22:38.414+0000] {logging_mixin.py:188} INFO - [2025-08-02T02:22:38.413+0000] {dag.py:3834} INFO - Setting next_dagrun for example_branch_datetime_operator to 2025-08-01 00:00:00+00:00, run_after=2025-08-02 00:00:00+00:00
[2025-08-02T02:22:38.424+0000] {logging_mixin.py:188} INFO - [2025-08-02T02:22:38.424+0000] {dag.py:3834} INFO - Setting next_dagrun for example_branch_datetime_operator_2 to 2025-08-01 00:00:00+00:00, run_after=2025-08-02 00:00:00+00:00
[2025-08-02T02:22:38.427+0000] {logging_mixin.py:188} INFO - [2025-08-02T02:22:38.427+0000] {dag.py:3834} INFO - Setting next_dagrun for example_branch_datetime_operator_3 to 2025-08-01 00:00:00+00:00, run_after=2025-08-02 00:00:00+00:00
[2025-08-02T02:22:38.469+0000] {processor.py:183} INFO - Processing /home/airflow/.local/lib/python3.8/site-packages/airflow/example_dags/example_branch_datetime_operator.py took 0.545 seconds
[2025-08-02T02:23:09.946+0000] {processor.py:161} INFO - Started process (PID=3833) to work on /home/airflow/.local/lib/python3.8/site-packages/airflow/example_dags/example_branch_datetime_operator.py
[2025-08-02T02:23:09.948+0000] {processor.py:830} INFO - Processing file /home/airflow/.local/lib/python3.8/site-packages/airflow/example_dags/example_branch_datetime_operator.py for tasks to queue
[2025-08-02T02:23:09.949+0000] {logging_mixin.py:188} INFO - [2025-08-02T02:23:09.948+0000] {dagbag.py:540} INFO - Filling up the DagBag from /home/airflow/.local/lib/python3.8/site-packages/airflow/example_dags/example_branch_datetime_operator.py
[2025-08-02T02:23:09.964+0000] {processor.py:840} INFO - DAG(s) 'example_branch_datetime_operator_2', 'example_branch_datetime_operator', 'example_branch_datetime_operator_3' retrieved from /home/airflow/.local/lib/python3.8/site-packages/airflow/example_dags/example_branch_datetime_operator.py
[2025-08-02T02:23:10.025+0000] {logging_mixin.py:188} INFO - [2025-08-02T02:23:10.024+0000] {dag.py:3047} INFO - Sync 3 DAGs
[2025-08-02T02:23:10.054+0000] {logging_mixin.py:188} INFO - [2025-08-02T02:23:10.054+0000] {dag.py:3834} INFO - Setting next_dagrun for example_branch_datetime_operator to 2025-08-01 00:00:00+00:00, run_after=2025-08-02 00:00:00+00:00
[2025-08-02T02:23:10.058+0000] {logging_mixin.py:188} INFO - [2025-08-02T02:23:10.058+0000] {dag.py:3834} INFO - Setting next_dagrun for example_branch_datetime_operator_2 to 2025-08-01 00:00:00+00:00, run_after=2025-08-02 00:00:00+00:00
[2025-08-02T02:23:10.060+0000] {logging_mixin.py:188} INFO - [2025-08-02T02:23:10.060+0000] {dag.py:3834} INFO - Setting next_dagrun for example_branch_datetime_operator_3 to 2025-08-01 00:00:00+00:00, run_after=2025-08-02 00:00:00+00:00
[2025-08-02T02:23:10.089+0000] {processor.py:183} INFO - Processing /home/airflow/.local/lib/python3.8/site-packages/airflow/example_dags/example_branch_datetime_operator.py took 0.146 seconds
[2025-08-02T02:23:40.405+0000] {processor.py:161} INFO - Started process (PID=3888) to work on /home/airflow/.local/lib/python3.8/site-packages/airflow/example_dags/example_branch_datetime_operator.py
[2025-08-02T02:23:40.405+0000] {processor.py:830} INFO - Processing file /home/airflow/.local/lib/python3.8/site-packages/airflow/example_dags/example_branch_datetime_operator.py for tasks to queue
[2025-08-02T02:23:40.406+0000] {logging_mixin.py:188} INFO - [2025-08-02T02:23:40.406+0000] {dagbag.py:540} INFO - Filling up the DagBag from /home/airflow/.local/lib/python3.8/site-packages/airflow/example_dags/example_branch_datetime_operator.py
[2025-08-02T02:23:40.433+0000] {processor.py:840} INFO - DAG(s) 'example_branch_datetime_operator', 'example_branch_datetime_operator_2', 'example_branch_datetime_operator_3' retrieved from /home/airflow/.local/lib/python3.8/site-packages/airflow/example_dags/example_branch_datetime_operator.py
[2025-08-02T02:23:40.475+0000] {logging_mixin.py:188} INFO - [2025-08-02T02:23:40.475+0000] {dag.py:3047} INFO - Sync 3 DAGs
[2025-08-02T02:23:40.492+0000] {logging_mixin.py:188} INFO - [2025-08-02T02:23:40.492+0000] {dag.py:3834} INFO - Setting next_dagrun for example_branch_datetime_operator to 2025-08-01 00:00:00+00:00, run_after=2025-08-02 00:00:00+00:00
[2025-08-02T02:23:40.498+0000] {logging_mixin.py:188} INFO - [2025-08-02T02:23:40.497+0000] {dag.py:3834} INFO - Setting next_dagrun for example_branch_datetime_operator_2 to 2025-08-01 00:00:00+00:00, run_after=2025-08-02 00:00:00+00:00
[2025-08-02T02:23:40.500+0000] {logging_mixin.py:188} INFO - [2025-08-02T02:23:40.500+0000] {dag.py:3834} INFO - Setting next_dagrun for example_branch_datetime_operator_3 to 2025-08-01 00:00:00+00:00, run_after=2025-08-02 00:00:00+00:00
[2025-08-02T02:23:40.517+0000] {processor.py:183} INFO - Processing /home/airflow/.local/lib/python3.8/site-packages/airflow/example_dags/example_branch_datetime_operator.py took 0.116 seconds
[2025-08-02T02:24:11.244+0000] {processor.py:161} INFO - Started process (PID=3944) to work on /home/airflow/.local/lib/python3.8/site-packages/airflow/example_dags/example_branch_datetime_operator.py
[2025-08-02T02:24:11.249+0000] {processor.py:830} INFO - Processing file /home/airflow/.local/lib/python3.8/site-packages/airflow/example_dags/example_branch_datetime_operator.py for tasks to queue
[2025-08-02T02:24:11.253+0000] {logging_mixin.py:188} INFO - [2025-08-02T02:24:11.251+0000] {dagbag.py:540} INFO - Filling up the DagBag from /home/airflow/.local/lib/python3.8/site-packages/airflow/example_dags/example_branch_datetime_operator.py
[2025-08-02T02:24:11.288+0000] {processor.py:840} INFO - DAG(s) 'example_branch_datetime_operator_3', 'example_branch_datetime_operator_2', 'example_branch_datetime_operator' retrieved from /home/airflow/.local/lib/python3.8/site-packages/airflow/example_dags/example_branch_datetime_operator.py
[2025-08-02T02:24:11.361+0000] {logging_mixin.py:188} INFO - [2025-08-02T02:24:11.361+0000] {dag.py:3047} INFO - Sync 3 DAGs
[2025-08-02T02:24:11.413+0000] {logging_mixin.py:188} INFO - [2025-08-02T02:24:11.412+0000] {dag.py:3834} INFO - Setting next_dagrun for example_branch_datetime_operator to 2025-08-01 00:00:00+00:00, run_after=2025-08-02 00:00:00+00:00
[2025-08-02T02:24:11.425+0000] {logging_mixin.py:188} INFO - [2025-08-02T02:24:11.424+0000] {dag.py:3834} INFO - Setting next_dagrun for example_branch_datetime_operator_2 to 2025-08-01 00:00:00+00:00, run_after=2025-08-02 00:00:00+00:00
[2025-08-02T02:24:11.429+0000] {logging_mixin.py:188} INFO - [2025-08-02T02:24:11.428+0000] {dag.py:3834} INFO - Setting next_dagrun for example_branch_datetime_operator_3 to 2025-08-01 00:00:00+00:00, run_after=2025-08-02 00:00:00+00:00
[2025-08-02T02:24:11.452+0000] {processor.py:183} INFO - Processing /home/airflow/.local/lib/python3.8/site-packages/airflow/example_dags/example_branch_datetime_operator.py took 0.223 seconds
[2025-08-02T02:24:43.098+0000] {processor.py:161} INFO - Started process (PID=3999) to work on /home/airflow/.local/lib/python3.8/site-packages/airflow/example_dags/example_branch_datetime_operator.py
[2025-08-02T02:24:43.103+0000] {processor.py:830} INFO - Processing file /home/airflow/.local/lib/python3.8/site-packages/airflow/example_dags/example_branch_datetime_operator.py for tasks to queue
[2025-08-02T02:24:43.106+0000] {logging_mixin.py:188} INFO - [2025-08-02T02:24:43.105+0000] {dagbag.py:540} INFO - Filling up the DagBag from /home/airflow/.local/lib/python3.8/site-packages/airflow/example_dags/example_branch_datetime_operator.py
[2025-08-02T02:24:43.203+0000] {processor.py:840} INFO - DAG(s) 'example_branch_datetime_operator', 'example_branch_datetime_operator_3', 'example_branch_datetime_operator_2' retrieved from /home/airflow/.local/lib/python3.8/site-packages/airflow/example_dags/example_branch_datetime_operator.py
[2025-08-02T02:24:43.398+0000] {logging_mixin.py:188} INFO - [2025-08-02T02:24:43.398+0000] {dag.py:3047} INFO - Sync 3 DAGs
[2025-08-02T02:24:43.455+0000] {logging_mixin.py:188} INFO - [2025-08-02T02:24:43.455+0000] {dag.py:3834} INFO - Setting next_dagrun for example_branch_datetime_operator to 2025-08-01 00:00:00+00:00, run_after=2025-08-02 00:00:00+00:00
[2025-08-02T02:24:43.462+0000] {logging_mixin.py:188} INFO - [2025-08-02T02:24:43.462+0000] {dag.py:3834} INFO - Setting next_dagrun for example_branch_datetime_operator_2 to 2025-08-01 00:00:00+00:00, run_after=2025-08-02 00:00:00+00:00
[2025-08-02T02:24:43.466+0000] {logging_mixin.py:188} INFO - [2025-08-02T02:24:43.466+0000] {dag.py:3834} INFO - Setting next_dagrun for example_branch_datetime_operator_3 to 2025-08-01 00:00:00+00:00, run_after=2025-08-02 00:00:00+00:00
[2025-08-02T02:24:43.523+0000] {processor.py:183} INFO - Processing /home/airflow/.local/lib/python3.8/site-packages/airflow/example_dags/example_branch_datetime_operator.py took 0.449 seconds
[2025-08-02T02:25:37.127+0000] {processor.py:161} INFO - Started process (PID=4057) to work on /home/airflow/.local/lib/python3.8/site-packages/airflow/example_dags/example_branch_datetime_operator.py
[2025-08-02T02:25:37.132+0000] {processor.py:830} INFO - Processing file /home/airflow/.local/lib/python3.8/site-packages/airflow/example_dags/example_branch_datetime_operator.py for tasks to queue
[2025-08-02T02:25:37.137+0000] {logging_mixin.py:188} INFO - [2025-08-02T02:25:37.135+0000] {dagbag.py:540} INFO - Filling up the DagBag from /home/airflow/.local/lib/python3.8/site-packages/airflow/example_dags/example_branch_datetime_operator.py
[2025-08-02T02:25:37.177+0000] {processor.py:840} INFO - DAG(s) 'example_branch_datetime_operator', 'example_branch_datetime_operator_3', 'example_branch_datetime_operator_2' retrieved from /home/airflow/.local/lib/python3.8/site-packages/airflow/example_dags/example_branch_datetime_operator.py
[2025-08-02T02:25:37.302+0000] {logging_mixin.py:188} INFO - [2025-08-02T02:25:37.301+0000] {dag.py:3047} INFO - Sync 3 DAGs
[2025-08-02T02:25:37.366+0000] {logging_mixin.py:188} INFO - [2025-08-02T02:25:37.364+0000] {dag.py:3834} INFO - Setting next_dagrun for example_branch_datetime_operator to 2025-08-01 00:00:00+00:00, run_after=2025-08-02 00:00:00+00:00
[2025-08-02T02:25:37.373+0000] {logging_mixin.py:188} INFO - [2025-08-02T02:25:37.373+0000] {dag.py:3834} INFO - Setting next_dagrun for example_branch_datetime_operator_2 to 2025-08-01 00:00:00+00:00, run_after=2025-08-02 00:00:00+00:00
[2025-08-02T02:25:37.376+0000] {logging_mixin.py:188} INFO - [2025-08-02T02:25:37.375+0000] {dag.py:3834} INFO - Setting next_dagrun for example_branch_datetime_operator_3 to 2025-08-01 00:00:00+00:00, run_after=2025-08-02 00:00:00+00:00
[2025-08-02T02:25:37.445+0000] {processor.py:183} INFO - Processing /home/airflow/.local/lib/python3.8/site-packages/airflow/example_dags/example_branch_datetime_operator.py took 0.334 seconds
[2025-08-02T02:26:07.811+0000] {processor.py:161} INFO - Started process (PID=4113) to work on /home/airflow/.local/lib/python3.8/site-packages/airflow/example_dags/example_branch_datetime_operator.py
[2025-08-02T02:26:07.820+0000] {processor.py:830} INFO - Processing file /home/airflow/.local/lib/python3.8/site-packages/airflow/example_dags/example_branch_datetime_operator.py for tasks to queue
[2025-08-02T02:26:07.822+0000] {logging_mixin.py:188} INFO - [2025-08-02T02:26:07.822+0000] {dagbag.py:540} INFO - Filling up the DagBag from /home/airflow/.local/lib/python3.8/site-packages/airflow/example_dags/example_branch_datetime_operator.py
[2025-08-02T02:26:07.847+0000] {processor.py:840} INFO - DAG(s) 'example_branch_datetime_operator_2', 'example_branch_datetime_operator_3', 'example_branch_datetime_operator' retrieved from /home/airflow/.local/lib/python3.8/site-packages/airflow/example_dags/example_branch_datetime_operator.py
[2025-08-02T02:26:08.157+0000] {logging_mixin.py:188} INFO - [2025-08-02T02:26:08.155+0000] {dag.py:3047} INFO - Sync 3 DAGs
[2025-08-02T02:26:08.246+0000] {logging_mixin.py:188} INFO - [2025-08-02T02:26:08.245+0000] {dag.py:3834} INFO - Setting next_dagrun for example_branch_datetime_operator to 2025-08-01 00:00:00+00:00, run_after=2025-08-02 00:00:00+00:00
[2025-08-02T02:26:08.256+0000] {logging_mixin.py:188} INFO - [2025-08-02T02:26:08.255+0000] {dag.py:3834} INFO - Setting next_dagrun for example_branch_datetime_operator_2 to 2025-08-01 00:00:00+00:00, run_after=2025-08-02 00:00:00+00:00
[2025-08-02T02:26:08.259+0000] {logging_mixin.py:188} INFO - [2025-08-02T02:26:08.259+0000] {dag.py:3834} INFO - Setting next_dagrun for example_branch_datetime_operator_3 to 2025-08-01 00:00:00+00:00, run_after=2025-08-02 00:00:00+00:00
[2025-08-02T02:26:08.300+0000] {processor.py:183} INFO - Processing /home/airflow/.local/lib/python3.8/site-packages/airflow/example_dags/example_branch_datetime_operator.py took 0.515 seconds
[2025-08-02T02:26:42.827+0000] {processor.py:161} INFO - Started process (PID=4169) to work on /home/airflow/.local/lib/python3.8/site-packages/airflow/example_dags/example_branch_datetime_operator.py
[2025-08-02T02:26:42.830+0000] {processor.py:830} INFO - Processing file /home/airflow/.local/lib/python3.8/site-packages/airflow/example_dags/example_branch_datetime_operator.py for tasks to queue
[2025-08-02T02:26:42.832+0000] {logging_mixin.py:188} INFO - [2025-08-02T02:26:42.832+0000] {dagbag.py:540} INFO - Filling up the DagBag from /home/airflow/.local/lib/python3.8/site-packages/airflow/example_dags/example_branch_datetime_operator.py
[2025-08-02T02:26:42.842+0000] {processor.py:840} INFO - DAG(s) 'example_branch_datetime_operator_2', 'example_branch_datetime_operator_3', 'example_branch_datetime_operator' retrieved from /home/airflow/.local/lib/python3.8/site-packages/airflow/example_dags/example_branch_datetime_operator.py
[2025-08-02T02:26:42.868+0000] {logging_mixin.py:188} INFO - [2025-08-02T02:26:42.868+0000] {dag.py:3047} INFO - Sync 3 DAGs
[2025-08-02T02:26:42.903+0000] {logging_mixin.py:188} INFO - [2025-08-02T02:26:42.903+0000] {dag.py:3834} INFO - Setting next_dagrun for example_branch_datetime_operator to 2025-08-01 00:00:00+00:00, run_after=2025-08-02 00:00:00+00:00
[2025-08-02T02:26:42.913+0000] {logging_mixin.py:188} INFO - [2025-08-02T02:26:42.913+0000] {dag.py:3834} INFO - Setting next_dagrun for example_branch_datetime_operator_2 to 2025-08-01 00:00:00+00:00, run_after=2025-08-02 00:00:00+00:00
[2025-08-02T02:26:42.921+0000] {logging_mixin.py:188} INFO - [2025-08-02T02:26:42.920+0000] {dag.py:3834} INFO - Setting next_dagrun for example_branch_datetime_operator_3 to 2025-08-01 00:00:00+00:00, run_after=2025-08-02 00:00:00+00:00
[2025-08-02T02:26:42.944+0000] {processor.py:183} INFO - Processing /home/airflow/.local/lib/python3.8/site-packages/airflow/example_dags/example_branch_datetime_operator.py took 0.135 seconds
[2025-08-02T02:27:22.695+0000] {processor.py:161} INFO - Started process (PID=4232) to work on /home/airflow/.local/lib/python3.8/site-packages/airflow/example_dags/example_branch_datetime_operator.py
[2025-08-02T02:27:22.700+0000] {processor.py:830} INFO - Processing file /home/airflow/.local/lib/python3.8/site-packages/airflow/example_dags/example_branch_datetime_operator.py for tasks to queue
[2025-08-02T02:27:22.702+0000] {logging_mixin.py:188} INFO - [2025-08-02T02:27:22.701+0000] {dagbag.py:540} INFO - Filling up the DagBag from /home/airflow/.local/lib/python3.8/site-packages/airflow/example_dags/example_branch_datetime_operator.py
[2025-08-02T02:27:22.723+0000] {processor.py:840} INFO - DAG(s) 'example_branch_datetime_operator_3', 'example_branch_datetime_operator_2', 'example_branch_datetime_operator' retrieved from /home/airflow/.local/lib/python3.8/site-packages/airflow/example_dags/example_branch_datetime_operator.py
[2025-08-02T02:27:22.819+0000] {logging_mixin.py:188} INFO - [2025-08-02T02:27:22.812+0000] {dag.py:3047} INFO - Sync 3 DAGs
[2025-08-02T02:27:22.920+0000] {logging_mixin.py:188} INFO - [2025-08-02T02:27:22.919+0000] {dag.py:3834} INFO - Setting next_dagrun for example_branch_datetime_operator to 2025-08-01 00:00:00+00:00, run_after=2025-08-02 00:00:00+00:00
[2025-08-02T02:27:22.937+0000] {logging_mixin.py:188} INFO - [2025-08-02T02:27:22.931+0000] {dag.py:3834} INFO - Setting next_dagrun for example_branch_datetime_operator_2 to 2025-08-01 00:00:00+00:00, run_after=2025-08-02 00:00:00+00:00
[2025-08-02T02:27:22.945+0000] {logging_mixin.py:188} INFO - [2025-08-02T02:27:22.944+0000] {dag.py:3834} INFO - Setting next_dagrun for example_branch_datetime_operator_3 to 2025-08-01 00:00:00+00:00, run_after=2025-08-02 00:00:00+00:00
[2025-08-02T02:27:22.978+0000] {processor.py:183} INFO - Processing /home/airflow/.local/lib/python3.8/site-packages/airflow/example_dags/example_branch_datetime_operator.py took 0.294 seconds
[2025-08-02T02:27:54.719+0000] {processor.py:161} INFO - Started process (PID=4286) to work on /home/airflow/.local/lib/python3.8/site-packages/airflow/example_dags/example_branch_datetime_operator.py
[2025-08-02T02:27:54.788+0000] {processor.py:830} INFO - Processing file /home/airflow/.local/lib/python3.8/site-packages/airflow/example_dags/example_branch_datetime_operator.py for tasks to queue
[2025-08-02T02:27:54.798+0000] {logging_mixin.py:188} INFO - [2025-08-02T02:27:54.794+0000] {dagbag.py:540} INFO - Filling up the DagBag from /home/airflow/.local/lib/python3.8/site-packages/airflow/example_dags/example_branch_datetime_operator.py
[2025-08-02T02:27:54.887+0000] {processor.py:840} INFO - DAG(s) 'example_branch_datetime_operator', 'example_branch_datetime_operator_3', 'example_branch_datetime_operator_2' retrieved from /home/airflow/.local/lib/python3.8/site-packages/airflow/example_dags/example_branch_datetime_operator.py
[2025-08-02T02:27:55.407+0000] {logging_mixin.py:188} INFO - [2025-08-02T02:27:55.403+0000] {dag.py:3047} INFO - Sync 3 DAGs
[2025-08-02T02:27:56.294+0000] {logging_mixin.py:188} INFO - [2025-08-02T02:27:56.291+0000] {dag.py:3834} INFO - Setting next_dagrun for example_branch_datetime_operator to 2025-08-01 00:00:00+00:00, run_after=2025-08-02 00:00:00+00:00
[2025-08-02T02:27:56.316+0000] {logging_mixin.py:188} INFO - [2025-08-02T02:27:56.316+0000] {dag.py:3834} INFO - Setting next_dagrun for example_branch_datetime_operator_2 to 2025-08-01 00:00:00+00:00, run_after=2025-08-02 00:00:00+00:00
[2025-08-02T02:27:56.325+0000] {logging_mixin.py:188} INFO - [2025-08-02T02:27:56.325+0000] {dag.py:3834} INFO - Setting next_dagrun for example_branch_datetime_operator_3 to 2025-08-01 00:00:00+00:00, run_after=2025-08-02 00:00:00+00:00
[2025-08-02T02:27:56.421+0000] {processor.py:183} INFO - Processing /home/airflow/.local/lib/python3.8/site-packages/airflow/example_dags/example_branch_datetime_operator.py took 1.729 seconds
[2025-08-02T02:28:28.533+0000] {processor.py:161} INFO - Started process (PID=4343) to work on /home/airflow/.local/lib/python3.8/site-packages/airflow/example_dags/example_branch_datetime_operator.py
[2025-08-02T02:28:28.537+0000] {processor.py:830} INFO - Processing file /home/airflow/.local/lib/python3.8/site-packages/airflow/example_dags/example_branch_datetime_operator.py for tasks to queue
[2025-08-02T02:28:28.540+0000] {logging_mixin.py:188} INFO - [2025-08-02T02:28:28.538+0000] {dagbag.py:540} INFO - Filling up the DagBag from /home/airflow/.local/lib/python3.8/site-packages/airflow/example_dags/example_branch_datetime_operator.py
[2025-08-02T02:28:28.598+0000] {processor.py:840} INFO - DAG(s) 'example_branch_datetime_operator', 'example_branch_datetime_operator_2', 'example_branch_datetime_operator_3' retrieved from /home/airflow/.local/lib/python3.8/site-packages/airflow/example_dags/example_branch_datetime_operator.py
[2025-08-02T02:28:29.201+0000] {logging_mixin.py:188} INFO - [2025-08-02T02:28:29.182+0000] {dag.py:3047} INFO - Sync 3 DAGs
[2025-08-02T02:28:29.340+0000] {logging_mixin.py:188} INFO - [2025-08-02T02:28:29.335+0000] {dag.py:3834} INFO - Setting next_dagrun for example_branch_datetime_operator to 2025-08-01 00:00:00+00:00, run_after=2025-08-02 00:00:00+00:00
[2025-08-02T02:28:29.351+0000] {logging_mixin.py:188} INFO - [2025-08-02T02:28:29.351+0000] {dag.py:3834} INFO - Setting next_dagrun for example_branch_datetime_operator_2 to 2025-08-01 00:00:00+00:00, run_after=2025-08-02 00:00:00+00:00
[2025-08-02T02:28:29.353+0000] {logging_mixin.py:188} INFO - [2025-08-02T02:28:29.353+0000] {dag.py:3834} INFO - Setting next_dagrun for example_branch_datetime_operator_3 to 2025-08-01 00:00:00+00:00, run_after=2025-08-02 00:00:00+00:00
[2025-08-02T02:28:29.394+0000] {processor.py:183} INFO - Processing /home/airflow/.local/lib/python3.8/site-packages/airflow/example_dags/example_branch_datetime_operator.py took 0.869 seconds
[2025-08-02T02:29:11.080+0000] {processor.py:161} INFO - Started process (PID=4388) to work on /home/airflow/.local/lib/python3.8/site-packages/airflow/example_dags/example_branch_datetime_operator.py
[2025-08-02T02:29:11.088+0000] {processor.py:830} INFO - Processing file /home/airflow/.local/lib/python3.8/site-packages/airflow/example_dags/example_branch_datetime_operator.py for tasks to queue
[2025-08-02T02:29:11.096+0000] {logging_mixin.py:188} INFO - [2025-08-02T02:29:11.093+0000] {dagbag.py:540} INFO - Filling up the DagBag from /home/airflow/.local/lib/python3.8/site-packages/airflow/example_dags/example_branch_datetime_operator.py
[2025-08-02T02:29:11.218+0000] {processor.py:840} INFO - DAG(s) 'example_branch_datetime_operator_2', 'example_branch_datetime_operator_3', 'example_branch_datetime_operator' retrieved from /home/airflow/.local/lib/python3.8/site-packages/airflow/example_dags/example_branch_datetime_operator.py
[2025-08-02T02:29:11.425+0000] {logging_mixin.py:188} INFO - [2025-08-02T02:29:11.421+0000] {dag.py:3047} INFO - Sync 3 DAGs
[2025-08-02T02:29:11.550+0000] {logging_mixin.py:188} INFO - [2025-08-02T02:29:11.548+0000] {dag.py:3834} INFO - Setting next_dagrun for example_branch_datetime_operator to 2025-08-01 00:00:00+00:00, run_after=2025-08-02 00:00:00+00:00
[2025-08-02T02:29:11.570+0000] {logging_mixin.py:188} INFO - [2025-08-02T02:29:11.569+0000] {dag.py:3834} INFO - Setting next_dagrun for example_branch_datetime_operator_2 to 2025-08-01 00:00:00+00:00, run_after=2025-08-02 00:00:00+00:00
[2025-08-02T02:29:11.582+0000] {logging_mixin.py:188} INFO - [2025-08-02T02:29:11.582+0000] {dag.py:3834} INFO - Setting next_dagrun for example_branch_datetime_operator_3 to 2025-08-01 00:00:00+00:00, run_after=2025-08-02 00:00:00+00:00
[2025-08-02T02:29:11.680+0000] {processor.py:183} INFO - Processing /home/airflow/.local/lib/python3.8/site-packages/airflow/example_dags/example_branch_datetime_operator.py took 0.616 seconds
[2025-08-02T02:29:42.311+0000] {processor.py:161} INFO - Started process (PID=4444) to work on /home/airflow/.local/lib/python3.8/site-packages/airflow/example_dags/example_branch_datetime_operator.py
[2025-08-02T02:29:42.314+0000] {processor.py:830} INFO - Processing file /home/airflow/.local/lib/python3.8/site-packages/airflow/example_dags/example_branch_datetime_operator.py for tasks to queue
[2025-08-02T02:29:42.315+0000] {logging_mixin.py:188} INFO - [2025-08-02T02:29:42.314+0000] {dagbag.py:540} INFO - Filling up the DagBag from /home/airflow/.local/lib/python3.8/site-packages/airflow/example_dags/example_branch_datetime_operator.py
[2025-08-02T02:29:42.399+0000] {processor.py:840} INFO - DAG(s) 'example_branch_datetime_operator', 'example_branch_datetime_operator_3', 'example_branch_datetime_operator_2' retrieved from /home/airflow/.local/lib/python3.8/site-packages/airflow/example_dags/example_branch_datetime_operator.py
[2025-08-02T02:29:42.584+0000] {logging_mixin.py:188} INFO - [2025-08-02T02:29:42.583+0000] {dag.py:3047} INFO - Sync 3 DAGs
[2025-08-02T02:29:42.673+0000] {logging_mixin.py:188} INFO - [2025-08-02T02:29:42.671+0000] {dag.py:3834} INFO - Setting next_dagrun for example_branch_datetime_operator to 2025-08-01 00:00:00+00:00, run_after=2025-08-02 00:00:00+00:00
[2025-08-02T02:29:42.738+0000] {logging_mixin.py:188} INFO - [2025-08-02T02:29:42.737+0000] {dag.py:3834} INFO - Setting next_dagrun for example_branch_datetime_operator_2 to 2025-08-01 00:00:00+00:00, run_after=2025-08-02 00:00:00+00:00
[2025-08-02T02:29:42.744+0000] {logging_mixin.py:188} INFO - [2025-08-02T02:29:42.744+0000] {dag.py:3834} INFO - Setting next_dagrun for example_branch_datetime_operator_3 to 2025-08-01 00:00:00+00:00, run_after=2025-08-02 00:00:00+00:00
[2025-08-02T02:29:42.804+0000] {processor.py:183} INFO - Processing /home/airflow/.local/lib/python3.8/site-packages/airflow/example_dags/example_branch_datetime_operator.py took 0.510 seconds
[2025-08-02T02:30:20.884+0000] {processor.py:161} INFO - Started process (PID=4492) to work on /home/airflow/.local/lib/python3.8/site-packages/airflow/example_dags/example_branch_datetime_operator.py
[2025-08-02T02:30:20.886+0000] {processor.py:830} INFO - Processing file /home/airflow/.local/lib/python3.8/site-packages/airflow/example_dags/example_branch_datetime_operator.py for tasks to queue
[2025-08-02T02:30:20.886+0000] {logging_mixin.py:188} INFO - [2025-08-02T02:30:20.886+0000] {dagbag.py:540} INFO - Filling up the DagBag from /home/airflow/.local/lib/python3.8/site-packages/airflow/example_dags/example_branch_datetime_operator.py
[2025-08-02T02:30:20.893+0000] {processor.py:840} INFO - DAG(s) 'example_branch_datetime_operator', 'example_branch_datetime_operator_3', 'example_branch_datetime_operator_2' retrieved from /home/airflow/.local/lib/python3.8/site-packages/airflow/example_dags/example_branch_datetime_operator.py
[2025-08-02T02:30:20.941+0000] {logging_mixin.py:188} INFO - [2025-08-02T02:30:20.941+0000] {dag.py:3047} INFO - Sync 3 DAGs
[2025-08-02T02:30:20.966+0000] {logging_mixin.py:188} INFO - [2025-08-02T02:30:20.965+0000] {dag.py:3834} INFO - Setting next_dagrun for example_branch_datetime_operator to 2025-08-01 00:00:00+00:00, run_after=2025-08-02 00:00:00+00:00
[2025-08-02T02:30:20.969+0000] {logging_mixin.py:188} INFO - [2025-08-02T02:30:20.969+0000] {dag.py:3834} INFO - Setting next_dagrun for example_branch_datetime_operator_2 to 2025-08-01 00:00:00+00:00, run_after=2025-08-02 00:00:00+00:00
[2025-08-02T02:30:20.971+0000] {logging_mixin.py:188} INFO - [2025-08-02T02:30:20.971+0000] {dag.py:3834} INFO - Setting next_dagrun for example_branch_datetime_operator_3 to 2025-08-01 00:00:00+00:00, run_after=2025-08-02 00:00:00+00:00
[2025-08-02T02:30:21.000+0000] {processor.py:183} INFO - Processing /home/airflow/.local/lib/python3.8/site-packages/airflow/example_dags/example_branch_datetime_operator.py took 0.120 seconds
[2025-08-02T02:30:53.338+0000] {processor.py:161} INFO - Started process (PID=4548) to work on /home/airflow/.local/lib/python3.8/site-packages/airflow/example_dags/example_branch_datetime_operator.py
[2025-08-02T02:30:53.342+0000] {processor.py:830} INFO - Processing file /home/airflow/.local/lib/python3.8/site-packages/airflow/example_dags/example_branch_datetime_operator.py for tasks to queue
[2025-08-02T02:30:53.347+0000] {logging_mixin.py:188} INFO - [2025-08-02T02:30:53.345+0000] {dagbag.py:540} INFO - Filling up the DagBag from /home/airflow/.local/lib/python3.8/site-packages/airflow/example_dags/example_branch_datetime_operator.py
[2025-08-02T02:30:53.384+0000] {processor.py:840} INFO - DAG(s) 'example_branch_datetime_operator_3', 'example_branch_datetime_operator', 'example_branch_datetime_operator_2' retrieved from /home/airflow/.local/lib/python3.8/site-packages/airflow/example_dags/example_branch_datetime_operator.py
[2025-08-02T02:30:53.513+0000] {logging_mixin.py:188} INFO - [2025-08-02T02:30:53.512+0000] {dag.py:3047} INFO - Sync 3 DAGs
[2025-08-02T02:30:53.631+0000] {logging_mixin.py:188} INFO - [2025-08-02T02:30:53.630+0000] {dag.py:3834} INFO - Setting next_dagrun for example_branch_datetime_operator to 2025-08-01 00:00:00+00:00, run_after=2025-08-02 00:00:00+00:00
[2025-08-02T02:30:53.638+0000] {logging_mixin.py:188} INFO - [2025-08-02T02:30:53.638+0000] {dag.py:3834} INFO - Setting next_dagrun for example_branch_datetime_operator_2 to 2025-08-01 00:00:00+00:00, run_after=2025-08-02 00:00:00+00:00
[2025-08-02T02:30:53.642+0000] {logging_mixin.py:188} INFO - [2025-08-02T02:30:53.642+0000] {dag.py:3834} INFO - Setting next_dagrun for example_branch_datetime_operator_3 to 2025-08-01 00:00:00+00:00, run_after=2025-08-02 00:00:00+00:00
[2025-08-02T02:30:53.694+0000] {processor.py:183} INFO - Processing /home/airflow/.local/lib/python3.8/site-packages/airflow/example_dags/example_branch_datetime_operator.py took 0.371 seconds
[2025-08-02T02:36:54.444+0000] {processor.py:161} INFO - Started process (PID=89) to work on /home/airflow/.local/lib/python3.8/site-packages/airflow/example_dags/example_branch_datetime_operator.py
[2025-08-02T02:36:54.446+0000] {processor.py:830} INFO - Processing file /home/airflow/.local/lib/python3.8/site-packages/airflow/example_dags/example_branch_datetime_operator.py for tasks to queue
[2025-08-02T02:36:54.449+0000] {logging_mixin.py:188} INFO - [2025-08-02T02:36:54.448+0000] {dagbag.py:540} INFO - Filling up the DagBag from /home/airflow/.local/lib/python3.8/site-packages/airflow/example_dags/example_branch_datetime_operator.py
[2025-08-02T02:36:54.485+0000] {processor.py:840} INFO - DAG(s) 'example_branch_datetime_operator', 'example_branch_datetime_operator_2', 'example_branch_datetime_operator_3' retrieved from /home/airflow/.local/lib/python3.8/site-packages/airflow/example_dags/example_branch_datetime_operator.py
[2025-08-02T02:36:55.125+0000] {logging_mixin.py:188} INFO - [2025-08-02T02:36:55.121+0000] {dag.py:3047} INFO - Sync 3 DAGs
[2025-08-02T02:36:55.294+0000] {logging_mixin.py:188} INFO - [2025-08-02T02:36:55.293+0000] {dag.py:3834} INFO - Setting next_dagrun for example_branch_datetime_operator to 2025-08-01 00:00:00+00:00, run_after=2025-08-02 00:00:00+00:00
[2025-08-02T02:36:55.299+0000] {logging_mixin.py:188} INFO - [2025-08-02T02:36:55.298+0000] {dag.py:3834} INFO - Setting next_dagrun for example_branch_datetime_operator_2 to 2025-08-01 00:00:00+00:00, run_after=2025-08-02 00:00:00+00:00
[2025-08-02T02:36:55.301+0000] {logging_mixin.py:188} INFO - [2025-08-02T02:36:55.301+0000] {dag.py:3834} INFO - Setting next_dagrun for example_branch_datetime_operator_3 to 2025-08-01 00:00:00+00:00, run_after=2025-08-02 00:00:00+00:00
[2025-08-02T02:36:55.349+0000] {processor.py:183} INFO - Processing /home/airflow/.local/lib/python3.8/site-packages/airflow/example_dags/example_branch_datetime_operator.py took 0.922 seconds
[2025-08-02T02:37:26.262+0000] {processor.py:161} INFO - Started process (PID=145) to work on /home/airflow/.local/lib/python3.8/site-packages/airflow/example_dags/example_branch_datetime_operator.py
[2025-08-02T02:37:26.278+0000] {processor.py:830} INFO - Processing file /home/airflow/.local/lib/python3.8/site-packages/airflow/example_dags/example_branch_datetime_operator.py for tasks to queue
[2025-08-02T02:37:26.293+0000] {logging_mixin.py:188} INFO - [2025-08-02T02:37:26.292+0000] {dagbag.py:540} INFO - Filling up the DagBag from /home/airflow/.local/lib/python3.8/site-packages/airflow/example_dags/example_branch_datetime_operator.py
[2025-08-02T02:37:26.337+0000] {processor.py:840} INFO - DAG(s) 'example_branch_datetime_operator_3', 'example_branch_datetime_operator', 'example_branch_datetime_operator_2' retrieved from /home/airflow/.local/lib/python3.8/site-packages/airflow/example_dags/example_branch_datetime_operator.py
[2025-08-02T02:37:26.385+0000] {logging_mixin.py:188} INFO - [2025-08-02T02:37:26.385+0000] {dag.py:3047} INFO - Sync 3 DAGs
[2025-08-02T02:37:26.416+0000] {logging_mixin.py:188} INFO - [2025-08-02T02:37:26.416+0000] {dag.py:3834} INFO - Setting next_dagrun for example_branch_datetime_operator to 2025-08-01 00:00:00+00:00, run_after=2025-08-02 00:00:00+00:00
[2025-08-02T02:37:26.421+0000] {logging_mixin.py:188} INFO - [2025-08-02T02:37:26.421+0000] {dag.py:3834} INFO - Setting next_dagrun for example_branch_datetime_operator_2 to 2025-08-01 00:00:00+00:00, run_after=2025-08-02 00:00:00+00:00
[2025-08-02T02:37:26.425+0000] {logging_mixin.py:188} INFO - [2025-08-02T02:37:26.424+0000] {dag.py:3834} INFO - Setting next_dagrun for example_branch_datetime_operator_3 to 2025-08-01 00:00:00+00:00, run_after=2025-08-02 00:00:00+00:00
[2025-08-02T02:37:26.439+0000] {processor.py:183} INFO - Processing /home/airflow/.local/lib/python3.8/site-packages/airflow/example_dags/example_branch_datetime_operator.py took 0.190 seconds
[2025-08-02T02:37:57.362+0000] {processor.py:161} INFO - Started process (PID=201) to work on /home/airflow/.local/lib/python3.8/site-packages/airflow/example_dags/example_branch_datetime_operator.py
[2025-08-02T02:37:57.367+0000] {processor.py:830} INFO - Processing file /home/airflow/.local/lib/python3.8/site-packages/airflow/example_dags/example_branch_datetime_operator.py for tasks to queue
[2025-08-02T02:37:57.421+0000] {logging_mixin.py:188} INFO - [2025-08-02T02:37:57.418+0000] {dagbag.py:540} INFO - Filling up the DagBag from /home/airflow/.local/lib/python3.8/site-packages/airflow/example_dags/example_branch_datetime_operator.py
[2025-08-02T02:37:57.528+0000] {processor.py:840} INFO - DAG(s) 'example_branch_datetime_operator', 'example_branch_datetime_operator_3', 'example_branch_datetime_operator_2' retrieved from /home/airflow/.local/lib/python3.8/site-packages/airflow/example_dags/example_branch_datetime_operator.py
[2025-08-02T02:37:57.732+0000] {logging_mixin.py:188} INFO - [2025-08-02T02:37:57.730+0000] {dag.py:3047} INFO - Sync 3 DAGs
[2025-08-02T02:37:57.815+0000] {logging_mixin.py:188} INFO - [2025-08-02T02:37:57.814+0000] {dag.py:3834} INFO - Setting next_dagrun for example_branch_datetime_operator to 2025-08-01 00:00:00+00:00, run_after=2025-08-02 00:00:00+00:00
[2025-08-02T02:37:57.824+0000] {logging_mixin.py:188} INFO - [2025-08-02T02:37:57.824+0000] {dag.py:3834} INFO - Setting next_dagrun for example_branch_datetime_operator_2 to 2025-08-01 00:00:00+00:00, run_after=2025-08-02 00:00:00+00:00
[2025-08-02T02:37:57.828+0000] {logging_mixin.py:188} INFO - [2025-08-02T02:37:57.827+0000] {dag.py:3834} INFO - Setting next_dagrun for example_branch_datetime_operator_3 to 2025-08-01 00:00:00+00:00, run_after=2025-08-02 00:00:00+00:00
[2025-08-02T02:37:57.868+0000] {processor.py:183} INFO - Processing /home/airflow/.local/lib/python3.8/site-packages/airflow/example_dags/example_branch_datetime_operator.py took 0.556 seconds
[2025-08-02T02:38:28.648+0000] {processor.py:161} INFO - Started process (PID=257) to work on /home/airflow/.local/lib/python3.8/site-packages/airflow/example_dags/example_branch_datetime_operator.py
[2025-08-02T02:38:28.651+0000] {processor.py:830} INFO - Processing file /home/airflow/.local/lib/python3.8/site-packages/airflow/example_dags/example_branch_datetime_operator.py for tasks to queue
[2025-08-02T02:38:28.658+0000] {logging_mixin.py:188} INFO - [2025-08-02T02:38:28.657+0000] {dagbag.py:540} INFO - Filling up the DagBag from /home/airflow/.local/lib/python3.8/site-packages/airflow/example_dags/example_branch_datetime_operator.py
[2025-08-02T02:38:28.690+0000] {processor.py:840} INFO - DAG(s) 'example_branch_datetime_operator', 'example_branch_datetime_operator_2', 'example_branch_datetime_operator_3' retrieved from /home/airflow/.local/lib/python3.8/site-packages/airflow/example_dags/example_branch_datetime_operator.py
[2025-08-02T02:38:28.762+0000] {logging_mixin.py:188} INFO - [2025-08-02T02:38:28.761+0000] {dag.py:3047} INFO - Sync 3 DAGs
[2025-08-02T02:38:28.819+0000] {logging_mixin.py:188} INFO - [2025-08-02T02:38:28.818+0000] {dag.py:3834} INFO - Setting next_dagrun for example_branch_datetime_operator to 2025-08-01 00:00:00+00:00, run_after=2025-08-02 00:00:00+00:00
[2025-08-02T02:38:28.830+0000] {logging_mixin.py:188} INFO - [2025-08-02T02:38:28.830+0000] {dag.py:3834} INFO - Setting next_dagrun for example_branch_datetime_operator_2 to 2025-08-01 00:00:00+00:00, run_after=2025-08-02 00:00:00+00:00
[2025-08-02T02:38:28.838+0000] {logging_mixin.py:188} INFO - [2025-08-02T02:38:28.838+0000] {dag.py:3834} INFO - Setting next_dagrun for example_branch_datetime_operator_3 to 2025-08-01 00:00:00+00:00, run_after=2025-08-02 00:00:00+00:00
[2025-08-02T02:38:28.853+0000] {processor.py:183} INFO - Processing /home/airflow/.local/lib/python3.8/site-packages/airflow/example_dags/example_branch_datetime_operator.py took 0.236 seconds
[2025-08-02T02:38:59.124+0000] {processor.py:161} INFO - Started process (PID=313) to work on /home/airflow/.local/lib/python3.8/site-packages/airflow/example_dags/example_branch_datetime_operator.py
[2025-08-02T02:38:59.136+0000] {processor.py:830} INFO - Processing file /home/airflow/.local/lib/python3.8/site-packages/airflow/example_dags/example_branch_datetime_operator.py for tasks to queue
[2025-08-02T02:38:59.151+0000] {logging_mixin.py:188} INFO - [2025-08-02T02:38:59.150+0000] {dagbag.py:540} INFO - Filling up the DagBag from /home/airflow/.local/lib/python3.8/site-packages/airflow/example_dags/example_branch_datetime_operator.py
[2025-08-02T02:38:59.169+0000] {processor.py:840} INFO - DAG(s) 'example_branch_datetime_operator_3', 'example_branch_datetime_operator', 'example_branch_datetime_operator_2' retrieved from /home/airflow/.local/lib/python3.8/site-packages/airflow/example_dags/example_branch_datetime_operator.py
[2025-08-02T02:38:59.222+0000] {logging_mixin.py:188} INFO - [2025-08-02T02:38:59.222+0000] {dag.py:3047} INFO - Sync 3 DAGs
[2025-08-02T02:38:59.246+0000] {logging_mixin.py:188} INFO - [2025-08-02T02:38:59.246+0000] {dag.py:3834} INFO - Setting next_dagrun for example_branch_datetime_operator to 2025-08-01 00:00:00+00:00, run_after=2025-08-02 00:00:00+00:00
[2025-08-02T02:38:59.250+0000] {logging_mixin.py:188} INFO - [2025-08-02T02:38:59.250+0000] {dag.py:3834} INFO - Setting next_dagrun for example_branch_datetime_operator_2 to 2025-08-01 00:00:00+00:00, run_after=2025-08-02 00:00:00+00:00
[2025-08-02T02:38:59.251+0000] {logging_mixin.py:188} INFO - [2025-08-02T02:38:59.251+0000] {dag.py:3834} INFO - Setting next_dagrun for example_branch_datetime_operator_3 to 2025-08-01 00:00:00+00:00, run_after=2025-08-02 00:00:00+00:00
[2025-08-02T02:38:59.269+0000] {processor.py:183} INFO - Processing /home/airflow/.local/lib/python3.8/site-packages/airflow/example_dags/example_branch_datetime_operator.py took 0.153 seconds
[2025-08-02T02:39:29.684+0000] {processor.py:161} INFO - Started process (PID=368) to work on /home/airflow/.local/lib/python3.8/site-packages/airflow/example_dags/example_branch_datetime_operator.py
[2025-08-02T02:39:29.687+0000] {processor.py:830} INFO - Processing file /home/airflow/.local/lib/python3.8/site-packages/airflow/example_dags/example_branch_datetime_operator.py for tasks to queue
[2025-08-02T02:39:29.693+0000] {logging_mixin.py:188} INFO - [2025-08-02T02:39:29.692+0000] {dagbag.py:540} INFO - Filling up the DagBag from /home/airflow/.local/lib/python3.8/site-packages/airflow/example_dags/example_branch_datetime_operator.py
[2025-08-02T02:39:29.727+0000] {processor.py:840} INFO - DAG(s) 'example_branch_datetime_operator_2', 'example_branch_datetime_operator', 'example_branch_datetime_operator_3' retrieved from /home/airflow/.local/lib/python3.8/site-packages/airflow/example_dags/example_branch_datetime_operator.py
[2025-08-02T02:39:29.952+0000] {logging_mixin.py:188} INFO - [2025-08-02T02:39:29.951+0000] {dag.py:3047} INFO - Sync 3 DAGs
[2025-08-02T02:39:30.063+0000] {logging_mixin.py:188} INFO - [2025-08-02T02:39:30.062+0000] {dag.py:3834} INFO - Setting next_dagrun for example_branch_datetime_operator to 2025-08-01 00:00:00+00:00, run_after=2025-08-02 00:00:00+00:00
[2025-08-02T02:39:30.087+0000] {logging_mixin.py:188} INFO - [2025-08-02T02:39:30.086+0000] {dag.py:3834} INFO - Setting next_dagrun for example_branch_datetime_operator_2 to 2025-08-01 00:00:00+00:00, run_after=2025-08-02 00:00:00+00:00
[2025-08-02T02:39:30.105+0000] {logging_mixin.py:188} INFO - [2025-08-02T02:39:30.104+0000] {dag.py:3834} INFO - Setting next_dagrun for example_branch_datetime_operator_3 to 2025-08-01 00:00:00+00:00, run_after=2025-08-02 00:00:00+00:00
[2025-08-02T02:39:30.183+0000] {processor.py:183} INFO - Processing /home/airflow/.local/lib/python3.8/site-packages/airflow/example_dags/example_branch_datetime_operator.py took 0.516 seconds
[2025-08-02T02:40:00.413+0000] {processor.py:161} INFO - Started process (PID=425) to work on /home/airflow/.local/lib/python3.8/site-packages/airflow/example_dags/example_branch_datetime_operator.py
[2025-08-02T02:40:00.424+0000] {processor.py:830} INFO - Processing file /home/airflow/.local/lib/python3.8/site-packages/airflow/example_dags/example_branch_datetime_operator.py for tasks to queue
[2025-08-02T02:40:00.498+0000] {logging_mixin.py:188} INFO - [2025-08-02T02:40:00.497+0000] {dagbag.py:540} INFO - Filling up the DagBag from /home/airflow/.local/lib/python3.8/site-packages/airflow/example_dags/example_branch_datetime_operator.py
[2025-08-02T02:40:00.541+0000] {processor.py:840} INFO - DAG(s) 'example_branch_datetime_operator_2', 'example_branch_datetime_operator_3', 'example_branch_datetime_operator' retrieved from /home/airflow/.local/lib/python3.8/site-packages/airflow/example_dags/example_branch_datetime_operator.py
[2025-08-02T02:40:00.628+0000] {logging_mixin.py:188} INFO - [2025-08-02T02:40:00.627+0000] {dag.py:3047} INFO - Sync 3 DAGs
[2025-08-02T02:40:00.666+0000] {logging_mixin.py:188} INFO - [2025-08-02T02:40:00.666+0000] {dag.py:3834} INFO - Setting next_dagrun for example_branch_datetime_operator to 2025-08-01 00:00:00+00:00, run_after=2025-08-02 00:00:00+00:00
[2025-08-02T02:40:00.671+0000] {logging_mixin.py:188} INFO - [2025-08-02T02:40:00.671+0000] {dag.py:3834} INFO - Setting next_dagrun for example_branch_datetime_operator_2 to 2025-08-01 00:00:00+00:00, run_after=2025-08-02 00:00:00+00:00
[2025-08-02T02:40:00.675+0000] {logging_mixin.py:188} INFO - [2025-08-02T02:40:00.674+0000] {dag.py:3834} INFO - Setting next_dagrun for example_branch_datetime_operator_3 to 2025-08-01 00:00:00+00:00, run_after=2025-08-02 00:00:00+00:00
[2025-08-02T02:40:00.697+0000] {processor.py:183} INFO - Processing /home/airflow/.local/lib/python3.8/site-packages/airflow/example_dags/example_branch_datetime_operator.py took 0.294 seconds
[2025-08-02T02:40:30.909+0000] {processor.py:161} INFO - Started process (PID=480) to work on /home/airflow/.local/lib/python3.8/site-packages/airflow/example_dags/example_branch_datetime_operator.py
[2025-08-02T02:40:30.911+0000] {processor.py:830} INFO - Processing file /home/airflow/.local/lib/python3.8/site-packages/airflow/example_dags/example_branch_datetime_operator.py for tasks to queue
[2025-08-02T02:40:30.914+0000] {logging_mixin.py:188} INFO - [2025-08-02T02:40:30.914+0000] {dagbag.py:540} INFO - Filling up the DagBag from /home/airflow/.local/lib/python3.8/site-packages/airflow/example_dags/example_branch_datetime_operator.py
[2025-08-02T02:40:30.958+0000] {processor.py:840} INFO - DAG(s) 'example_branch_datetime_operator_3', 'example_branch_datetime_operator', 'example_branch_datetime_operator_2' retrieved from /home/airflow/.local/lib/python3.8/site-packages/airflow/example_dags/example_branch_datetime_operator.py
[2025-08-02T02:40:31.017+0000] {logging_mixin.py:188} INFO - [2025-08-02T02:40:31.017+0000] {dag.py:3047} INFO - Sync 3 DAGs
[2025-08-02T02:40:31.068+0000] {logging_mixin.py:188} INFO - [2025-08-02T02:40:31.068+0000] {dag.py:3834} INFO - Setting next_dagrun for example_branch_datetime_operator to 2025-08-01 00:00:00+00:00, run_after=2025-08-02 00:00:00+00:00
[2025-08-02T02:40:31.072+0000] {logging_mixin.py:188} INFO - [2025-08-02T02:40:31.072+0000] {dag.py:3834} INFO - Setting next_dagrun for example_branch_datetime_operator_2 to 2025-08-01 00:00:00+00:00, run_after=2025-08-02 00:00:00+00:00
[2025-08-02T02:40:31.079+0000] {logging_mixin.py:188} INFO - [2025-08-02T02:40:31.078+0000] {dag.py:3834} INFO - Setting next_dagrun for example_branch_datetime_operator_3 to 2025-08-01 00:00:00+00:00, run_after=2025-08-02 00:00:00+00:00
[2025-08-02T02:40:31.097+0000] {processor.py:183} INFO - Processing /home/airflow/.local/lib/python3.8/site-packages/airflow/example_dags/example_branch_datetime_operator.py took 0.197 seconds
[2025-08-02T02:41:01.253+0000] {processor.py:161} INFO - Started process (PID=536) to work on /home/airflow/.local/lib/python3.8/site-packages/airflow/example_dags/example_branch_datetime_operator.py
[2025-08-02T02:41:01.268+0000] {processor.py:830} INFO - Processing file /home/airflow/.local/lib/python3.8/site-packages/airflow/example_dags/example_branch_datetime_operator.py for tasks to queue
[2025-08-02T02:41:01.274+0000] {logging_mixin.py:188} INFO - [2025-08-02T02:41:01.274+0000] {dagbag.py:540} INFO - Filling up the DagBag from /home/airflow/.local/lib/python3.8/site-packages/airflow/example_dags/example_branch_datetime_operator.py
[2025-08-02T02:41:01.299+0000] {processor.py:840} INFO - DAG(s) 'example_branch_datetime_operator_2', 'example_branch_datetime_operator', 'example_branch_datetime_operator_3' retrieved from /home/airflow/.local/lib/python3.8/site-packages/airflow/example_dags/example_branch_datetime_operator.py
[2025-08-02T02:41:01.366+0000] {logging_mixin.py:188} INFO - [2025-08-02T02:41:01.365+0000] {dag.py:3047} INFO - Sync 3 DAGs
[2025-08-02T02:41:01.402+0000] {logging_mixin.py:188} INFO - [2025-08-02T02:41:01.402+0000] {dag.py:3834} INFO - Setting next_dagrun for example_branch_datetime_operator to 2025-08-01 00:00:00+00:00, run_after=2025-08-02 00:00:00+00:00
[2025-08-02T02:41:01.408+0000] {logging_mixin.py:188} INFO - [2025-08-02T02:41:01.408+0000] {dag.py:3834} INFO - Setting next_dagrun for example_branch_datetime_operator_2 to 2025-08-01 00:00:00+00:00, run_after=2025-08-02 00:00:00+00:00
[2025-08-02T02:41:01.410+0000] {logging_mixin.py:188} INFO - [2025-08-02T02:41:01.410+0000] {dag.py:3834} INFO - Setting next_dagrun for example_branch_datetime_operator_3 to 2025-08-01 00:00:00+00:00, run_after=2025-08-02 00:00:00+00:00
[2025-08-02T02:41:01.425+0000] {processor.py:183} INFO - Processing /home/airflow/.local/lib/python3.8/site-packages/airflow/example_dags/example_branch_datetime_operator.py took 0.182 seconds
[2025-08-02T02:41:32.071+0000] {processor.py:161} INFO - Started process (PID=592) to work on /home/airflow/.local/lib/python3.8/site-packages/airflow/example_dags/example_branch_datetime_operator.py
[2025-08-02T02:41:32.073+0000] {processor.py:830} INFO - Processing file /home/airflow/.local/lib/python3.8/site-packages/airflow/example_dags/example_branch_datetime_operator.py for tasks to queue
[2025-08-02T02:41:32.075+0000] {logging_mixin.py:188} INFO - [2025-08-02T02:41:32.075+0000] {dagbag.py:540} INFO - Filling up the DagBag from /home/airflow/.local/lib/python3.8/site-packages/airflow/example_dags/example_branch_datetime_operator.py
[2025-08-02T02:41:32.083+0000] {processor.py:840} INFO - DAG(s) 'example_branch_datetime_operator', 'example_branch_datetime_operator_2', 'example_branch_datetime_operator_3' retrieved from /home/airflow/.local/lib/python3.8/site-packages/airflow/example_dags/example_branch_datetime_operator.py
[2025-08-02T02:41:32.116+0000] {logging_mixin.py:188} INFO - [2025-08-02T02:41:32.116+0000] {dag.py:3047} INFO - Sync 3 DAGs
[2025-08-02T02:41:32.134+0000] {logging_mixin.py:188} INFO - [2025-08-02T02:41:32.134+0000] {dag.py:3834} INFO - Setting next_dagrun for example_branch_datetime_operator to 2025-08-01 00:00:00+00:00, run_after=2025-08-02 00:00:00+00:00
[2025-08-02T02:41:32.141+0000] {logging_mixin.py:188} INFO - [2025-08-02T02:41:32.140+0000] {dag.py:3834} INFO - Setting next_dagrun for example_branch_datetime_operator_2 to 2025-08-01 00:00:00+00:00, run_after=2025-08-02 00:00:00+00:00
[2025-08-02T02:41:32.142+0000] {logging_mixin.py:188} INFO - [2025-08-02T02:41:32.142+0000] {dag.py:3834} INFO - Setting next_dagrun for example_branch_datetime_operator_3 to 2025-08-01 00:00:00+00:00, run_after=2025-08-02 00:00:00+00:00
[2025-08-02T02:41:32.168+0000] {processor.py:183} INFO - Processing /home/airflow/.local/lib/python3.8/site-packages/airflow/example_dags/example_branch_datetime_operator.py took 0.102 seconds
[2025-08-02T02:42:02.381+0000] {processor.py:161} INFO - Started process (PID=648) to work on /home/airflow/.local/lib/python3.8/site-packages/airflow/example_dags/example_branch_datetime_operator.py
[2025-08-02T02:42:02.384+0000] {processor.py:830} INFO - Processing file /home/airflow/.local/lib/python3.8/site-packages/airflow/example_dags/example_branch_datetime_operator.py for tasks to queue
[2025-08-02T02:42:02.388+0000] {logging_mixin.py:188} INFO - [2025-08-02T02:42:02.387+0000] {dagbag.py:540} INFO - Filling up the DagBag from /home/airflow/.local/lib/python3.8/site-packages/airflow/example_dags/example_branch_datetime_operator.py
[2025-08-02T02:42:02.418+0000] {processor.py:840} INFO - DAG(s) 'example_branch_datetime_operator_3', 'example_branch_datetime_operator', 'example_branch_datetime_operator_2' retrieved from /home/airflow/.local/lib/python3.8/site-packages/airflow/example_dags/example_branch_datetime_operator.py
[2025-08-02T02:42:02.471+0000] {logging_mixin.py:188} INFO - [2025-08-02T02:42:02.471+0000] {dag.py:3047} INFO - Sync 3 DAGs
[2025-08-02T02:42:02.500+0000] {logging_mixin.py:188} INFO - [2025-08-02T02:42:02.500+0000] {dag.py:3834} INFO - Setting next_dagrun for example_branch_datetime_operator to 2025-08-01 00:00:00+00:00, run_after=2025-08-02 00:00:00+00:00
[2025-08-02T02:42:02.504+0000] {logging_mixin.py:188} INFO - [2025-08-02T02:42:02.504+0000] {dag.py:3834} INFO - Setting next_dagrun for example_branch_datetime_operator_2 to 2025-08-01 00:00:00+00:00, run_after=2025-08-02 00:00:00+00:00
[2025-08-02T02:42:02.506+0000] {logging_mixin.py:188} INFO - [2025-08-02T02:42:02.506+0000] {dag.py:3834} INFO - Setting next_dagrun for example_branch_datetime_operator_3 to 2025-08-01 00:00:00+00:00, run_after=2025-08-02 00:00:00+00:00
[2025-08-02T02:42:02.518+0000] {processor.py:183} INFO - Processing /home/airflow/.local/lib/python3.8/site-packages/airflow/example_dags/example_branch_datetime_operator.py took 0.149 seconds
[2025-08-02T02:42:32.652+0000] {processor.py:161} INFO - Started process (PID=704) to work on /home/airflow/.local/lib/python3.8/site-packages/airflow/example_dags/example_branch_datetime_operator.py
[2025-08-02T02:42:32.654+0000] {processor.py:830} INFO - Processing file /home/airflow/.local/lib/python3.8/site-packages/airflow/example_dags/example_branch_datetime_operator.py for tasks to queue
[2025-08-02T02:42:32.657+0000] {logging_mixin.py:188} INFO - [2025-08-02T02:42:32.657+0000] {dagbag.py:540} INFO - Filling up the DagBag from /home/airflow/.local/lib/python3.8/site-packages/airflow/example_dags/example_branch_datetime_operator.py
[2025-08-02T02:42:32.674+0000] {processor.py:840} INFO - DAG(s) 'example_branch_datetime_operator_3', 'example_branch_datetime_operator_2', 'example_branch_datetime_operator' retrieved from /home/airflow/.local/lib/python3.8/site-packages/airflow/example_dags/example_branch_datetime_operator.py
[2025-08-02T02:42:32.724+0000] {logging_mixin.py:188} INFO - [2025-08-02T02:42:32.723+0000] {dag.py:3047} INFO - Sync 3 DAGs
[2025-08-02T02:42:32.755+0000] {logging_mixin.py:188} INFO - [2025-08-02T02:42:32.755+0000] {dag.py:3834} INFO - Setting next_dagrun for example_branch_datetime_operator to 2025-08-01 00:00:00+00:00, run_after=2025-08-02 00:00:00+00:00
[2025-08-02T02:42:32.760+0000] {logging_mixin.py:188} INFO - [2025-08-02T02:42:32.759+0000] {dag.py:3834} INFO - Setting next_dagrun for example_branch_datetime_operator_2 to 2025-08-01 00:00:00+00:00, run_after=2025-08-02 00:00:00+00:00
[2025-08-02T02:42:32.762+0000] {logging_mixin.py:188} INFO - [2025-08-02T02:42:32.762+0000] {dag.py:3834} INFO - Setting next_dagrun for example_branch_datetime_operator_3 to 2025-08-01 00:00:00+00:00, run_after=2025-08-02 00:00:00+00:00
[2025-08-02T02:42:32.798+0000] {processor.py:183} INFO - Processing /home/airflow/.local/lib/python3.8/site-packages/airflow/example_dags/example_branch_datetime_operator.py took 0.167 seconds
[2025-08-02T02:46:26.742+0000] {processor.py:161} INFO - Started process (PID=89) to work on /home/airflow/.local/lib/python3.8/site-packages/airflow/example_dags/example_branch_datetime_operator.py
[2025-08-02T02:46:26.745+0000] {processor.py:830} INFO - Processing file /home/airflow/.local/lib/python3.8/site-packages/airflow/example_dags/example_branch_datetime_operator.py for tasks to queue
[2025-08-02T02:46:26.754+0000] {logging_mixin.py:188} INFO - [2025-08-02T02:46:26.753+0000] {dagbag.py:540} INFO - Filling up the DagBag from /home/airflow/.local/lib/python3.8/site-packages/airflow/example_dags/example_branch_datetime_operator.py
[2025-08-02T02:46:26.831+0000] {processor.py:840} INFO - DAG(s) 'example_branch_datetime_operator_2', 'example_branch_datetime_operator_3', 'example_branch_datetime_operator' retrieved from /home/airflow/.local/lib/python3.8/site-packages/airflow/example_dags/example_branch_datetime_operator.py
[2025-08-02T02:46:27.304+0000] {logging_mixin.py:188} INFO - [2025-08-02T02:46:27.304+0000] {dag.py:3047} INFO - Sync 3 DAGs
[2025-08-02T02:46:27.428+0000] {logging_mixin.py:188} INFO - [2025-08-02T02:46:27.428+0000] {dag.py:3834} INFO - Setting next_dagrun for example_branch_datetime_operator to 2025-08-01 00:00:00+00:00, run_after=2025-08-02 00:00:00+00:00
[2025-08-02T02:46:27.442+0000] {logging_mixin.py:188} INFO - [2025-08-02T02:46:27.441+0000] {dag.py:3834} INFO - Setting next_dagrun for example_branch_datetime_operator_2 to 2025-08-01 00:00:00+00:00, run_after=2025-08-02 00:00:00+00:00
[2025-08-02T02:46:27.454+0000] {logging_mixin.py:188} INFO - [2025-08-02T02:46:27.454+0000] {dag.py:3834} INFO - Setting next_dagrun for example_branch_datetime_operator_3 to 2025-08-01 00:00:00+00:00, run_after=2025-08-02 00:00:00+00:00
[2025-08-02T02:46:27.537+0000] {processor.py:183} INFO - Processing /home/airflow/.local/lib/python3.8/site-packages/airflow/example_dags/example_branch_datetime_operator.py took 0.806 seconds
[2025-08-02T02:47:06.932+0000] {processor.py:161} INFO - Started process (PID=146) to work on /home/airflow/.local/lib/python3.8/site-packages/airflow/example_dags/example_branch_datetime_operator.py
[2025-08-02T02:47:06.939+0000] {processor.py:830} INFO - Processing file /home/airflow/.local/lib/python3.8/site-packages/airflow/example_dags/example_branch_datetime_operator.py for tasks to queue
[2025-08-02T02:47:06.947+0000] {logging_mixin.py:188} INFO - [2025-08-02T02:47:06.945+0000] {dagbag.py:540} INFO - Filling up the DagBag from /home/airflow/.local/lib/python3.8/site-packages/airflow/example_dags/example_branch_datetime_operator.py
[2025-08-02T02:47:06.997+0000] {processor.py:840} INFO - DAG(s) 'example_branch_datetime_operator_2', 'example_branch_datetime_operator_3', 'example_branch_datetime_operator' retrieved from /home/airflow/.local/lib/python3.8/site-packages/airflow/example_dags/example_branch_datetime_operator.py
[2025-08-02T02:47:07.139+0000] {logging_mixin.py:188} INFO - [2025-08-02T02:47:07.137+0000] {dag.py:3047} INFO - Sync 3 DAGs
[2025-08-02T02:47:07.234+0000] {logging_mixin.py:188} INFO - [2025-08-02T02:47:07.234+0000] {dag.py:3834} INFO - Setting next_dagrun for example_branch_datetime_operator to 2025-08-01 00:00:00+00:00, run_after=2025-08-02 00:00:00+00:00
[2025-08-02T02:47:07.248+0000] {logging_mixin.py:188} INFO - [2025-08-02T02:47:07.248+0000] {dag.py:3834} INFO - Setting next_dagrun for example_branch_datetime_operator_2 to 2025-08-01 00:00:00+00:00, run_after=2025-08-02 00:00:00+00:00
[2025-08-02T02:47:07.262+0000] {logging_mixin.py:188} INFO - [2025-08-02T02:47:07.261+0000] {dag.py:3834} INFO - Setting next_dagrun for example_branch_datetime_operator_3 to 2025-08-01 00:00:00+00:00, run_after=2025-08-02 00:00:00+00:00
[2025-08-02T02:47:07.299+0000] {processor.py:183} INFO - Processing /home/airflow/.local/lib/python3.8/site-packages/airflow/example_dags/example_branch_datetime_operator.py took 0.383 seconds
[2025-08-02T02:47:39.008+0000] {processor.py:161} INFO - Started process (PID=202) to work on /home/airflow/.local/lib/python3.8/site-packages/airflow/example_dags/example_branch_datetime_operator.py
[2025-08-02T02:47:39.010+0000] {processor.py:830} INFO - Processing file /home/airflow/.local/lib/python3.8/site-packages/airflow/example_dags/example_branch_datetime_operator.py for tasks to queue
[2025-08-02T02:47:39.016+0000] {logging_mixin.py:188} INFO - [2025-08-02T02:47:39.016+0000] {dagbag.py:540} INFO - Filling up the DagBag from /home/airflow/.local/lib/python3.8/site-packages/airflow/example_dags/example_branch_datetime_operator.py
[2025-08-02T02:47:39.096+0000] {processor.py:840} INFO - DAG(s) 'example_branch_datetime_operator', 'example_branch_datetime_operator_3', 'example_branch_datetime_operator_2' retrieved from /home/airflow/.local/lib/python3.8/site-packages/airflow/example_dags/example_branch_datetime_operator.py
[2025-08-02T02:47:40.159+0000] {logging_mixin.py:188} INFO - [2025-08-02T02:47:40.154+0000] {dag.py:3047} INFO - Sync 3 DAGs
[2025-08-02T02:47:40.311+0000] {logging_mixin.py:188} INFO - [2025-08-02T02:47:40.310+0000] {dag.py:3834} INFO - Setting next_dagrun for example_branch_datetime_operator to 2025-08-01 00:00:00+00:00, run_after=2025-08-02 00:00:00+00:00
[2025-08-02T02:47:40.324+0000] {logging_mixin.py:188} INFO - [2025-08-02T02:47:40.323+0000] {dag.py:3834} INFO - Setting next_dagrun for example_branch_datetime_operator_2 to 2025-08-01 00:00:00+00:00, run_after=2025-08-02 00:00:00+00:00
[2025-08-02T02:47:40.330+0000] {logging_mixin.py:188} INFO - [2025-08-02T02:47:40.330+0000] {dag.py:3834} INFO - Setting next_dagrun for example_branch_datetime_operator_3 to 2025-08-01 00:00:00+00:00, run_after=2025-08-02 00:00:00+00:00
[2025-08-02T02:47:40.441+0000] {processor.py:183} INFO - Processing /home/airflow/.local/lib/python3.8/site-packages/airflow/example_dags/example_branch_datetime_operator.py took 1.450 seconds
[2025-08-02T02:48:10.871+0000] {processor.py:161} INFO - Started process (PID=257) to work on /home/airflow/.local/lib/python3.8/site-packages/airflow/example_dags/example_branch_datetime_operator.py
[2025-08-02T02:48:10.875+0000] {processor.py:830} INFO - Processing file /home/airflow/.local/lib/python3.8/site-packages/airflow/example_dags/example_branch_datetime_operator.py for tasks to queue
[2025-08-02T02:48:10.877+0000] {logging_mixin.py:188} INFO - [2025-08-02T02:48:10.877+0000] {dagbag.py:540} INFO - Filling up the DagBag from /home/airflow/.local/lib/python3.8/site-packages/airflow/example_dags/example_branch_datetime_operator.py
[2025-08-02T02:48:10.894+0000] {processor.py:840} INFO - DAG(s) 'example_branch_datetime_operator_3', 'example_branch_datetime_operator', 'example_branch_datetime_operator_2' retrieved from /home/airflow/.local/lib/python3.8/site-packages/airflow/example_dags/example_branch_datetime_operator.py
[2025-08-02T02:48:10.962+0000] {logging_mixin.py:188} INFO - [2025-08-02T02:48:10.962+0000] {dag.py:3047} INFO - Sync 3 DAGs
[2025-08-02T02:48:11.000+0000] {logging_mixin.py:188} INFO - [2025-08-02T02:48:11.000+0000] {dag.py:3834} INFO - Setting next_dagrun for example_branch_datetime_operator to 2025-08-01 00:00:00+00:00, run_after=2025-08-02 00:00:00+00:00
[2025-08-02T02:48:11.008+0000] {logging_mixin.py:188} INFO - [2025-08-02T02:48:11.008+0000] {dag.py:3834} INFO - Setting next_dagrun for example_branch_datetime_operator_2 to 2025-08-01 00:00:00+00:00, run_after=2025-08-02 00:00:00+00:00
[2025-08-02T02:48:11.011+0000] {logging_mixin.py:188} INFO - [2025-08-02T02:48:11.011+0000] {dag.py:3834} INFO - Setting next_dagrun for example_branch_datetime_operator_3 to 2025-08-01 00:00:00+00:00, run_after=2025-08-02 00:00:00+00:00
[2025-08-02T02:48:11.034+0000] {processor.py:183} INFO - Processing /home/airflow/.local/lib/python3.8/site-packages/airflow/example_dags/example_branch_datetime_operator.py took 0.169 seconds
[2025-08-02T02:48:41.119+0000] {processor.py:161} INFO - Started process (PID=314) to work on /home/airflow/.local/lib/python3.8/site-packages/airflow/example_dags/example_branch_datetime_operator.py
[2025-08-02T02:48:41.122+0000] {processor.py:830} INFO - Processing file /home/airflow/.local/lib/python3.8/site-packages/airflow/example_dags/example_branch_datetime_operator.py for tasks to queue
[2025-08-02T02:48:41.125+0000] {logging_mixin.py:188} INFO - [2025-08-02T02:48:41.124+0000] {dagbag.py:540} INFO - Filling up the DagBag from /home/airflow/.local/lib/python3.8/site-packages/airflow/example_dags/example_branch_datetime_operator.py
[2025-08-02T02:48:41.135+0000] {processor.py:840} INFO - DAG(s) 'example_branch_datetime_operator_3', 'example_branch_datetime_operator_2', 'example_branch_datetime_operator' retrieved from /home/airflow/.local/lib/python3.8/site-packages/airflow/example_dags/example_branch_datetime_operator.py
[2025-08-02T02:48:41.155+0000] {logging_mixin.py:188} INFO - [2025-08-02T02:48:41.155+0000] {dag.py:3047} INFO - Sync 3 DAGs
[2025-08-02T02:48:41.173+0000] {logging_mixin.py:188} INFO - [2025-08-02T02:48:41.173+0000] {dag.py:3834} INFO - Setting next_dagrun for example_branch_datetime_operator to 2025-08-01 00:00:00+00:00, run_after=2025-08-02 00:00:00+00:00
[2025-08-02T02:48:41.177+0000] {logging_mixin.py:188} INFO - [2025-08-02T02:48:41.177+0000] {dag.py:3834} INFO - Setting next_dagrun for example_branch_datetime_operator_2 to 2025-08-01 00:00:00+00:00, run_after=2025-08-02 00:00:00+00:00
[2025-08-02T02:48:41.179+0000] {logging_mixin.py:188} INFO - [2025-08-02T02:48:41.179+0000] {dag.py:3834} INFO - Setting next_dagrun for example_branch_datetime_operator_3 to 2025-08-01 00:00:00+00:00, run_after=2025-08-02 00:00:00+00:00
[2025-08-02T02:48:41.194+0000] {processor.py:183} INFO - Processing /home/airflow/.local/lib/python3.8/site-packages/airflow/example_dags/example_branch_datetime_operator.py took 0.082 seconds
[2025-08-02T02:49:11.606+0000] {processor.py:161} INFO - Started process (PID=369) to work on /home/airflow/.local/lib/python3.8/site-packages/airflow/example_dags/example_branch_datetime_operator.py
[2025-08-02T02:49:11.610+0000] {processor.py:830} INFO - Processing file /home/airflow/.local/lib/python3.8/site-packages/airflow/example_dags/example_branch_datetime_operator.py for tasks to queue
[2025-08-02T02:49:11.614+0000] {logging_mixin.py:188} INFO - [2025-08-02T02:49:11.614+0000] {dagbag.py:540} INFO - Filling up the DagBag from /home/airflow/.local/lib/python3.8/site-packages/airflow/example_dags/example_branch_datetime_operator.py
[2025-08-02T02:49:11.628+0000] {processor.py:840} INFO - DAG(s) 'example_branch_datetime_operator', 'example_branch_datetime_operator_2', 'example_branch_datetime_operator_3' retrieved from /home/airflow/.local/lib/python3.8/site-packages/airflow/example_dags/example_branch_datetime_operator.py
[2025-08-02T02:49:11.659+0000] {logging_mixin.py:188} INFO - [2025-08-02T02:49:11.659+0000] {dag.py:3047} INFO - Sync 3 DAGs
[2025-08-02T02:49:11.693+0000] {logging_mixin.py:188} INFO - [2025-08-02T02:49:11.692+0000] {dag.py:3834} INFO - Setting next_dagrun for example_branch_datetime_operator to 2025-08-01 00:00:00+00:00, run_after=2025-08-02 00:00:00+00:00
[2025-08-02T02:49:11.697+0000] {logging_mixin.py:188} INFO - [2025-08-02T02:49:11.697+0000] {dag.py:3834} INFO - Setting next_dagrun for example_branch_datetime_operator_2 to 2025-08-01 00:00:00+00:00, run_after=2025-08-02 00:00:00+00:00
[2025-08-02T02:49:11.698+0000] {logging_mixin.py:188} INFO - [2025-08-02T02:49:11.698+0000] {dag.py:3834} INFO - Setting next_dagrun for example_branch_datetime_operator_3 to 2025-08-01 00:00:00+00:00, run_after=2025-08-02 00:00:00+00:00
[2025-08-02T02:49:11.712+0000] {processor.py:183} INFO - Processing /home/airflow/.local/lib/python3.8/site-packages/airflow/example_dags/example_branch_datetime_operator.py took 0.121 seconds
[2025-08-02T02:49:42.040+0000] {processor.py:161} INFO - Started process (PID=425) to work on /home/airflow/.local/lib/python3.8/site-packages/airflow/example_dags/example_branch_datetime_operator.py
[2025-08-02T02:49:42.048+0000] {processor.py:830} INFO - Processing file /home/airflow/.local/lib/python3.8/site-packages/airflow/example_dags/example_branch_datetime_operator.py for tasks to queue
[2025-08-02T02:49:42.052+0000] {logging_mixin.py:188} INFO - [2025-08-02T02:49:42.052+0000] {dagbag.py:540} INFO - Filling up the DagBag from /home/airflow/.local/lib/python3.8/site-packages/airflow/example_dags/example_branch_datetime_operator.py
[2025-08-02T02:49:42.097+0000] {processor.py:840} INFO - DAG(s) 'example_branch_datetime_operator_2', 'example_branch_datetime_operator_3', 'example_branch_datetime_operator' retrieved from /home/airflow/.local/lib/python3.8/site-packages/airflow/example_dags/example_branch_datetime_operator.py
[2025-08-02T02:49:42.183+0000] {logging_mixin.py:188} INFO - [2025-08-02T02:49:42.183+0000] {dag.py:3047} INFO - Sync 3 DAGs
[2025-08-02T02:49:42.246+0000] {logging_mixin.py:188} INFO - [2025-08-02T02:49:42.245+0000] {dag.py:3834} INFO - Setting next_dagrun for example_branch_datetime_operator to 2025-08-01 00:00:00+00:00, run_after=2025-08-02 00:00:00+00:00
[2025-08-02T02:49:42.251+0000] {logging_mixin.py:188} INFO - [2025-08-02T02:49:42.251+0000] {dag.py:3834} INFO - Setting next_dagrun for example_branch_datetime_operator_2 to 2025-08-01 00:00:00+00:00, run_after=2025-08-02 00:00:00+00:00
[2025-08-02T02:49:42.253+0000] {logging_mixin.py:188} INFO - [2025-08-02T02:49:42.252+0000] {dag.py:3834} INFO - Setting next_dagrun for example_branch_datetime_operator_3 to 2025-08-01 00:00:00+00:00, run_after=2025-08-02 00:00:00+00:00
[2025-08-02T02:49:42.284+0000] {processor.py:183} INFO - Processing /home/airflow/.local/lib/python3.8/site-packages/airflow/example_dags/example_branch_datetime_operator.py took 0.291 seconds
[2025-08-02T02:50:12.710+0000] {processor.py:161} INFO - Started process (PID=481) to work on /home/airflow/.local/lib/python3.8/site-packages/airflow/example_dags/example_branch_datetime_operator.py
[2025-08-02T02:50:12.712+0000] {processor.py:830} INFO - Processing file /home/airflow/.local/lib/python3.8/site-packages/airflow/example_dags/example_branch_datetime_operator.py for tasks to queue
[2025-08-02T02:50:12.715+0000] {logging_mixin.py:188} INFO - [2025-08-02T02:50:12.715+0000] {dagbag.py:540} INFO - Filling up the DagBag from /home/airflow/.local/lib/python3.8/site-packages/airflow/example_dags/example_branch_datetime_operator.py
[2025-08-02T02:50:12.733+0000] {processor.py:840} INFO - DAG(s) 'example_branch_datetime_operator_2', 'example_branch_datetime_operator_3', 'example_branch_datetime_operator' retrieved from /home/airflow/.local/lib/python3.8/site-packages/airflow/example_dags/example_branch_datetime_operator.py
[2025-08-02T02:50:12.800+0000] {logging_mixin.py:188} INFO - [2025-08-02T02:50:12.800+0000] {dag.py:3047} INFO - Sync 3 DAGs
[2025-08-02T02:50:12.821+0000] {logging_mixin.py:188} INFO - [2025-08-02T02:50:12.821+0000] {dag.py:3834} INFO - Setting next_dagrun for example_branch_datetime_operator to 2025-08-01 00:00:00+00:00, run_after=2025-08-02 00:00:00+00:00
[2025-08-02T02:50:12.825+0000] {logging_mixin.py:188} INFO - [2025-08-02T02:50:12.825+0000] {dag.py:3834} INFO - Setting next_dagrun for example_branch_datetime_operator_2 to 2025-08-01 00:00:00+00:00, run_after=2025-08-02 00:00:00+00:00
[2025-08-02T02:50:12.828+0000] {logging_mixin.py:188} INFO - [2025-08-02T02:50:12.827+0000] {dag.py:3834} INFO - Setting next_dagrun for example_branch_datetime_operator_3 to 2025-08-01 00:00:00+00:00, run_after=2025-08-02 00:00:00+00:00
[2025-08-02T02:50:12.842+0000] {processor.py:183} INFO - Processing /home/airflow/.local/lib/python3.8/site-packages/airflow/example_dags/example_branch_datetime_operator.py took 0.139 seconds
[2025-08-02T02:50:43.384+0000] {processor.py:161} INFO - Started process (PID=537) to work on /home/airflow/.local/lib/python3.8/site-packages/airflow/example_dags/example_branch_datetime_operator.py
[2025-08-02T02:50:43.387+0000] {processor.py:830} INFO - Processing file /home/airflow/.local/lib/python3.8/site-packages/airflow/example_dags/example_branch_datetime_operator.py for tasks to queue
[2025-08-02T02:50:43.390+0000] {logging_mixin.py:188} INFO - [2025-08-02T02:50:43.389+0000] {dagbag.py:540} INFO - Filling up the DagBag from /home/airflow/.local/lib/python3.8/site-packages/airflow/example_dags/example_branch_datetime_operator.py
[2025-08-02T02:50:43.404+0000] {processor.py:840} INFO - DAG(s) 'example_branch_datetime_operator_2', 'example_branch_datetime_operator_3', 'example_branch_datetime_operator' retrieved from /home/airflow/.local/lib/python3.8/site-packages/airflow/example_dags/example_branch_datetime_operator.py
[2025-08-02T02:50:43.426+0000] {logging_mixin.py:188} INFO - [2025-08-02T02:50:43.426+0000] {dag.py:3047} INFO - Sync 3 DAGs
[2025-08-02T02:50:43.457+0000] {logging_mixin.py:188} INFO - [2025-08-02T02:50:43.457+0000] {dag.py:3834} INFO - Setting next_dagrun for example_branch_datetime_operator to 2025-08-01 00:00:00+00:00, run_after=2025-08-02 00:00:00+00:00
[2025-08-02T02:50:43.462+0000] {logging_mixin.py:188} INFO - [2025-08-02T02:50:43.461+0000] {dag.py:3834} INFO - Setting next_dagrun for example_branch_datetime_operator_2 to 2025-08-01 00:00:00+00:00, run_after=2025-08-02 00:00:00+00:00
[2025-08-02T02:50:43.463+0000] {logging_mixin.py:188} INFO - [2025-08-02T02:50:43.463+0000] {dag.py:3834} INFO - Setting next_dagrun for example_branch_datetime_operator_3 to 2025-08-01 00:00:00+00:00, run_after=2025-08-02 00:00:00+00:00
[2025-08-02T02:50:43.485+0000] {processor.py:183} INFO - Processing /home/airflow/.local/lib/python3.8/site-packages/airflow/example_dags/example_branch_datetime_operator.py took 0.105 seconds
[2025-08-02T02:51:13.866+0000] {processor.py:161} INFO - Started process (PID=593) to work on /home/airflow/.local/lib/python3.8/site-packages/airflow/example_dags/example_branch_datetime_operator.py
[2025-08-02T02:51:13.869+0000] {processor.py:830} INFO - Processing file /home/airflow/.local/lib/python3.8/site-packages/airflow/example_dags/example_branch_datetime_operator.py for tasks to queue
[2025-08-02T02:51:13.873+0000] {logging_mixin.py:188} INFO - [2025-08-02T02:51:13.872+0000] {dagbag.py:540} INFO - Filling up the DagBag from /home/airflow/.local/lib/python3.8/site-packages/airflow/example_dags/example_branch_datetime_operator.py
[2025-08-02T02:51:13.887+0000] {processor.py:840} INFO - DAG(s) 'example_branch_datetime_operator_2', 'example_branch_datetime_operator', 'example_branch_datetime_operator_3' retrieved from /home/airflow/.local/lib/python3.8/site-packages/airflow/example_dags/example_branch_datetime_operator.py
[2025-08-02T02:51:13.927+0000] {logging_mixin.py:188} INFO - [2025-08-02T02:51:13.926+0000] {dag.py:3047} INFO - Sync 3 DAGs
[2025-08-02T02:51:13.963+0000] {logging_mixin.py:188} INFO - [2025-08-02T02:51:13.962+0000] {dag.py:3834} INFO - Setting next_dagrun for example_branch_datetime_operator to 2025-08-01 00:00:00+00:00, run_after=2025-08-02 00:00:00+00:00
[2025-08-02T02:51:13.977+0000] {logging_mixin.py:188} INFO - [2025-08-02T02:51:13.976+0000] {dag.py:3834} INFO - Setting next_dagrun for example_branch_datetime_operator_2 to 2025-08-01 00:00:00+00:00, run_after=2025-08-02 00:00:00+00:00
[2025-08-02T02:51:13.983+0000] {logging_mixin.py:188} INFO - [2025-08-02T02:51:13.983+0000] {dag.py:3834} INFO - Setting next_dagrun for example_branch_datetime_operator_3 to 2025-08-01 00:00:00+00:00, run_after=2025-08-02 00:00:00+00:00
[2025-08-02T02:51:14.038+0000] {processor.py:183} INFO - Processing /home/airflow/.local/lib/python3.8/site-packages/airflow/example_dags/example_branch_datetime_operator.py took 0.179 seconds
[2025-08-02T02:51:44.100+0000] {processor.py:161} INFO - Started process (PID=649) to work on /home/airflow/.local/lib/python3.8/site-packages/airflow/example_dags/example_branch_datetime_operator.py
[2025-08-02T02:51:44.102+0000] {processor.py:830} INFO - Processing file /home/airflow/.local/lib/python3.8/site-packages/airflow/example_dags/example_branch_datetime_operator.py for tasks to queue
[2025-08-02T02:51:44.104+0000] {logging_mixin.py:188} INFO - [2025-08-02T02:51:44.104+0000] {dagbag.py:540} INFO - Filling up the DagBag from /home/airflow/.local/lib/python3.8/site-packages/airflow/example_dags/example_branch_datetime_operator.py
[2025-08-02T02:51:44.117+0000] {processor.py:840} INFO - DAG(s) 'example_branch_datetime_operator', 'example_branch_datetime_operator_3', 'example_branch_datetime_operator_2' retrieved from /home/airflow/.local/lib/python3.8/site-packages/airflow/example_dags/example_branch_datetime_operator.py
[2025-08-02T02:51:44.147+0000] {logging_mixin.py:188} INFO - [2025-08-02T02:51:44.147+0000] {dag.py:3047} INFO - Sync 3 DAGs
[2025-08-02T02:51:44.166+0000] {logging_mixin.py:188} INFO - [2025-08-02T02:51:44.166+0000] {dag.py:3834} INFO - Setting next_dagrun for example_branch_datetime_operator to 2025-08-01 00:00:00+00:00, run_after=2025-08-02 00:00:00+00:00
[2025-08-02T02:51:44.170+0000] {logging_mixin.py:188} INFO - [2025-08-02T02:51:44.170+0000] {dag.py:3834} INFO - Setting next_dagrun for example_branch_datetime_operator_2 to 2025-08-01 00:00:00+00:00, run_after=2025-08-02 00:00:00+00:00
[2025-08-02T02:51:44.173+0000] {logging_mixin.py:188} INFO - [2025-08-02T02:51:44.173+0000] {dag.py:3834} INFO - Setting next_dagrun for example_branch_datetime_operator_3 to 2025-08-01 00:00:00+00:00, run_after=2025-08-02 00:00:00+00:00
[2025-08-02T02:51:44.198+0000] {processor.py:183} INFO - Processing /home/airflow/.local/lib/python3.8/site-packages/airflow/example_dags/example_branch_datetime_operator.py took 0.101 seconds
[2025-08-02T02:52:14.409+0000] {processor.py:161} INFO - Started process (PID=705) to work on /home/airflow/.local/lib/python3.8/site-packages/airflow/example_dags/example_branch_datetime_operator.py
[2025-08-02T02:52:14.411+0000] {processor.py:830} INFO - Processing file /home/airflow/.local/lib/python3.8/site-packages/airflow/example_dags/example_branch_datetime_operator.py for tasks to queue
[2025-08-02T02:52:14.416+0000] {logging_mixin.py:188} INFO - [2025-08-02T02:52:14.415+0000] {dagbag.py:540} INFO - Filling up the DagBag from /home/airflow/.local/lib/python3.8/site-packages/airflow/example_dags/example_branch_datetime_operator.py
[2025-08-02T02:52:14.425+0000] {processor.py:840} INFO - DAG(s) 'example_branch_datetime_operator', 'example_branch_datetime_operator_3', 'example_branch_datetime_operator_2' retrieved from /home/airflow/.local/lib/python3.8/site-packages/airflow/example_dags/example_branch_datetime_operator.py
[2025-08-02T02:52:14.443+0000] {logging_mixin.py:188} INFO - [2025-08-02T02:52:14.442+0000] {dag.py:3047} INFO - Sync 3 DAGs
[2025-08-02T02:52:14.458+0000] {logging_mixin.py:188} INFO - [2025-08-02T02:52:14.458+0000] {dag.py:3834} INFO - Setting next_dagrun for example_branch_datetime_operator to 2025-08-01 00:00:00+00:00, run_after=2025-08-02 00:00:00+00:00
[2025-08-02T02:52:14.461+0000] {logging_mixin.py:188} INFO - [2025-08-02T02:52:14.461+0000] {dag.py:3834} INFO - Setting next_dagrun for example_branch_datetime_operator_2 to 2025-08-01 00:00:00+00:00, run_after=2025-08-02 00:00:00+00:00
[2025-08-02T02:52:14.463+0000] {logging_mixin.py:188} INFO - [2025-08-02T02:52:14.463+0000] {dag.py:3834} INFO - Setting next_dagrun for example_branch_datetime_operator_3 to 2025-08-01 00:00:00+00:00, run_after=2025-08-02 00:00:00+00:00
[2025-08-02T02:52:14.474+0000] {processor.py:183} INFO - Processing /home/airflow/.local/lib/python3.8/site-packages/airflow/example_dags/example_branch_datetime_operator.py took 0.069 seconds
[2025-08-02T02:52:44.862+0000] {processor.py:161} INFO - Started process (PID=760) to work on /home/airflow/.local/lib/python3.8/site-packages/airflow/example_dags/example_branch_datetime_operator.py
[2025-08-02T02:52:44.864+0000] {processor.py:830} INFO - Processing file /home/airflow/.local/lib/python3.8/site-packages/airflow/example_dags/example_branch_datetime_operator.py for tasks to queue
[2025-08-02T02:52:44.865+0000] {logging_mixin.py:188} INFO - [2025-08-02T02:52:44.865+0000] {dagbag.py:540} INFO - Filling up the DagBag from /home/airflow/.local/lib/python3.8/site-packages/airflow/example_dags/example_branch_datetime_operator.py
[2025-08-02T02:52:44.874+0000] {processor.py:840} INFO - DAG(s) 'example_branch_datetime_operator', 'example_branch_datetime_operator_2', 'example_branch_datetime_operator_3' retrieved from /home/airflow/.local/lib/python3.8/site-packages/airflow/example_dags/example_branch_datetime_operator.py
[2025-08-02T02:52:44.895+0000] {logging_mixin.py:188} INFO - [2025-08-02T02:52:44.894+0000] {dag.py:3047} INFO - Sync 3 DAGs
[2025-08-02T02:52:44.914+0000] {logging_mixin.py:188} INFO - [2025-08-02T02:52:44.914+0000] {dag.py:3834} INFO - Setting next_dagrun for example_branch_datetime_operator to 2025-08-01 00:00:00+00:00, run_after=2025-08-02 00:00:00+00:00
[2025-08-02T02:52:44.924+0000] {logging_mixin.py:188} INFO - [2025-08-02T02:52:44.923+0000] {dag.py:3834} INFO - Setting next_dagrun for example_branch_datetime_operator_2 to 2025-08-01 00:00:00+00:00, run_after=2025-08-02 00:00:00+00:00
[2025-08-02T02:52:44.930+0000] {logging_mixin.py:188} INFO - [2025-08-02T02:52:44.929+0000] {dag.py:3834} INFO - Setting next_dagrun for example_branch_datetime_operator_3 to 2025-08-01 00:00:00+00:00, run_after=2025-08-02 00:00:00+00:00
[2025-08-02T02:52:44.956+0000] {processor.py:183} INFO - Processing /home/airflow/.local/lib/python3.8/site-packages/airflow/example_dags/example_branch_datetime_operator.py took 0.096 seconds
[2025-08-02T02:56:43.138+0000] {processor.py:161} INFO - Started process (PID=83) to work on /home/airflow/.local/lib/python3.8/site-packages/airflow/example_dags/example_branch_datetime_operator.py
[2025-08-02T02:56:43.140+0000] {processor.py:830} INFO - Processing file /home/airflow/.local/lib/python3.8/site-packages/airflow/example_dags/example_branch_datetime_operator.py for tasks to queue
[2025-08-02T02:56:43.144+0000] {logging_mixin.py:188} INFO - [2025-08-02T02:56:43.143+0000] {dagbag.py:540} INFO - Filling up the DagBag from /home/airflow/.local/lib/python3.8/site-packages/airflow/example_dags/example_branch_datetime_operator.py
[2025-08-02T02:56:43.173+0000] {processor.py:840} INFO - DAG(s) 'example_branch_datetime_operator_2', 'example_branch_datetime_operator_3', 'example_branch_datetime_operator' retrieved from /home/airflow/.local/lib/python3.8/site-packages/airflow/example_dags/example_branch_datetime_operator.py
[2025-08-02T02:56:43.246+0000] {logging_mixin.py:188} INFO - [2025-08-02T02:56:43.245+0000] {dag.py:3047} INFO - Sync 3 DAGs
[2025-08-02T02:56:43.307+0000] {logging_mixin.py:188} INFO - [2025-08-02T02:56:43.306+0000] {dag.py:3834} INFO - Setting next_dagrun for example_branch_datetime_operator to 2025-08-01 00:00:00+00:00, run_after=2025-08-02 00:00:00+00:00
[2025-08-02T02:56:43.314+0000] {logging_mixin.py:188} INFO - [2025-08-02T02:56:43.313+0000] {dag.py:3834} INFO - Setting next_dagrun for example_branch_datetime_operator_2 to 2025-08-01 00:00:00+00:00, run_after=2025-08-02 00:00:00+00:00
[2025-08-02T02:56:43.320+0000] {logging_mixin.py:188} INFO - [2025-08-02T02:56:43.319+0000] {dag.py:3834} INFO - Setting next_dagrun for example_branch_datetime_operator_3 to 2025-08-01 00:00:00+00:00, run_after=2025-08-02 00:00:00+00:00
[2025-08-02T02:56:43.377+0000] {processor.py:183} INFO - Processing /home/airflow/.local/lib/python3.8/site-packages/airflow/example_dags/example_branch_datetime_operator.py took 0.248 seconds
[2025-08-02T02:57:14.360+0000] {processor.py:161} INFO - Started process (PID=139) to work on /home/airflow/.local/lib/python3.8/site-packages/airflow/example_dags/example_branch_datetime_operator.py
[2025-08-02T02:57:14.361+0000] {processor.py:830} INFO - Processing file /home/airflow/.local/lib/python3.8/site-packages/airflow/example_dags/example_branch_datetime_operator.py for tasks to queue
[2025-08-02T02:57:14.362+0000] {logging_mixin.py:188} INFO - [2025-08-02T02:57:14.362+0000] {dagbag.py:540} INFO - Filling up the DagBag from /home/airflow/.local/lib/python3.8/site-packages/airflow/example_dags/example_branch_datetime_operator.py
[2025-08-02T02:57:14.369+0000] {processor.py:840} INFO - DAG(s) 'example_branch_datetime_operator', 'example_branch_datetime_operator_3', 'example_branch_datetime_operator_2' retrieved from /home/airflow/.local/lib/python3.8/site-packages/airflow/example_dags/example_branch_datetime_operator.py
[2025-08-02T02:57:14.428+0000] {logging_mixin.py:188} INFO - [2025-08-02T02:57:14.427+0000] {dag.py:3047} INFO - Sync 3 DAGs
[2025-08-02T02:57:14.438+0000] {logging_mixin.py:188} INFO - [2025-08-02T02:57:14.438+0000] {dag.py:3834} INFO - Setting next_dagrun for example_branch_datetime_operator to 2025-08-01 00:00:00+00:00, run_after=2025-08-02 00:00:00+00:00
[2025-08-02T02:57:14.440+0000] {logging_mixin.py:188} INFO - [2025-08-02T02:57:14.440+0000] {dag.py:3834} INFO - Setting next_dagrun for example_branch_datetime_operator_2 to 2025-08-01 00:00:00+00:00, run_after=2025-08-02 00:00:00+00:00
[2025-08-02T02:57:14.442+0000] {logging_mixin.py:188} INFO - [2025-08-02T02:57:14.442+0000] {dag.py:3834} INFO - Setting next_dagrun for example_branch_datetime_operator_3 to 2025-08-01 00:00:00+00:00, run_after=2025-08-02 00:00:00+00:00
[2025-08-02T02:57:14.454+0000] {processor.py:183} INFO - Processing /home/airflow/.local/lib/python3.8/site-packages/airflow/example_dags/example_branch_datetime_operator.py took 0.096 seconds
[2025-08-02T02:57:45.013+0000] {processor.py:161} INFO - Started process (PID=195) to work on /home/airflow/.local/lib/python3.8/site-packages/airflow/example_dags/example_branch_datetime_operator.py
[2025-08-02T02:57:45.016+0000] {processor.py:830} INFO - Processing file /home/airflow/.local/lib/python3.8/site-packages/airflow/example_dags/example_branch_datetime_operator.py for tasks to queue
[2025-08-02T02:57:45.017+0000] {logging_mixin.py:188} INFO - [2025-08-02T02:57:45.017+0000] {dagbag.py:540} INFO - Filling up the DagBag from /home/airflow/.local/lib/python3.8/site-packages/airflow/example_dags/example_branch_datetime_operator.py
[2025-08-02T02:57:45.025+0000] {processor.py:840} INFO - DAG(s) 'example_branch_datetime_operator_2', 'example_branch_datetime_operator_3', 'example_branch_datetime_operator' retrieved from /home/airflow/.local/lib/python3.8/site-packages/airflow/example_dags/example_branch_datetime_operator.py
[2025-08-02T02:57:45.053+0000] {logging_mixin.py:188} INFO - [2025-08-02T02:57:45.052+0000] {dag.py:3047} INFO - Sync 3 DAGs
[2025-08-02T02:57:45.071+0000] {logging_mixin.py:188} INFO - [2025-08-02T02:57:45.071+0000] {dag.py:3834} INFO - Setting next_dagrun for example_branch_datetime_operator to 2025-08-01 00:00:00+00:00, run_after=2025-08-02 00:00:00+00:00
[2025-08-02T02:57:45.075+0000] {logging_mixin.py:188} INFO - [2025-08-02T02:57:45.075+0000] {dag.py:3834} INFO - Setting next_dagrun for example_branch_datetime_operator_2 to 2025-08-01 00:00:00+00:00, run_after=2025-08-02 00:00:00+00:00
[2025-08-02T02:57:45.089+0000] {logging_mixin.py:188} INFO - [2025-08-02T02:57:45.088+0000] {dag.py:3834} INFO - Setting next_dagrun for example_branch_datetime_operator_3 to 2025-08-01 00:00:00+00:00, run_after=2025-08-02 00:00:00+00:00
[2025-08-02T02:57:45.131+0000] {processor.py:183} INFO - Processing /home/airflow/.local/lib/python3.8/site-packages/airflow/example_dags/example_branch_datetime_operator.py took 0.120 seconds
[2025-08-02T02:58:15.541+0000] {processor.py:161} INFO - Started process (PID=251) to work on /home/airflow/.local/lib/python3.8/site-packages/airflow/example_dags/example_branch_datetime_operator.py
[2025-08-02T02:58:15.544+0000] {processor.py:830} INFO - Processing file /home/airflow/.local/lib/python3.8/site-packages/airflow/example_dags/example_branch_datetime_operator.py for tasks to queue
[2025-08-02T02:58:15.550+0000] {logging_mixin.py:188} INFO - [2025-08-02T02:58:15.550+0000] {dagbag.py:540} INFO - Filling up the DagBag from /home/airflow/.local/lib/python3.8/site-packages/airflow/example_dags/example_branch_datetime_operator.py
[2025-08-02T02:58:15.563+0000] {processor.py:840} INFO - DAG(s) 'example_branch_datetime_operator_3', 'example_branch_datetime_operator', 'example_branch_datetime_operator_2' retrieved from /home/airflow/.local/lib/python3.8/site-packages/airflow/example_dags/example_branch_datetime_operator.py
[2025-08-02T02:58:15.598+0000] {logging_mixin.py:188} INFO - [2025-08-02T02:58:15.598+0000] {dag.py:3047} INFO - Sync 3 DAGs
[2025-08-02T02:58:15.637+0000] {logging_mixin.py:188} INFO - [2025-08-02T02:58:15.636+0000] {dag.py:3834} INFO - Setting next_dagrun for example_branch_datetime_operator to 2025-08-01 00:00:00+00:00, run_after=2025-08-02 00:00:00+00:00
[2025-08-02T02:58:15.648+0000] {logging_mixin.py:188} INFO - [2025-08-02T02:58:15.648+0000] {dag.py:3834} INFO - Setting next_dagrun for example_branch_datetime_operator_2 to 2025-08-01 00:00:00+00:00, run_after=2025-08-02 00:00:00+00:00
[2025-08-02T02:58:15.654+0000] {logging_mixin.py:188} INFO - [2025-08-02T02:58:15.654+0000] {dag.py:3834} INFO - Setting next_dagrun for example_branch_datetime_operator_3 to 2025-08-01 00:00:00+00:00, run_after=2025-08-02 00:00:00+00:00
[2025-08-02T02:58:15.673+0000] {processor.py:183} INFO - Processing /home/airflow/.local/lib/python3.8/site-packages/airflow/example_dags/example_branch_datetime_operator.py took 0.141 seconds
[2025-08-02T02:58:47.211+0000] {processor.py:161} INFO - Started process (PID=307) to work on /home/airflow/.local/lib/python3.8/site-packages/airflow/example_dags/example_branch_datetime_operator.py
[2025-08-02T02:58:47.213+0000] {processor.py:830} INFO - Processing file /home/airflow/.local/lib/python3.8/site-packages/airflow/example_dags/example_branch_datetime_operator.py for tasks to queue
[2025-08-02T02:58:47.217+0000] {logging_mixin.py:188} INFO - [2025-08-02T02:58:47.216+0000] {dagbag.py:540} INFO - Filling up the DagBag from /home/airflow/.local/lib/python3.8/site-packages/airflow/example_dags/example_branch_datetime_operator.py
[2025-08-02T02:58:47.238+0000] {processor.py:840} INFO - DAG(s) 'example_branch_datetime_operator', 'example_branch_datetime_operator_2', 'example_branch_datetime_operator_3' retrieved from /home/airflow/.local/lib/python3.8/site-packages/airflow/example_dags/example_branch_datetime_operator.py
[2025-08-02T02:58:47.265+0000] {logging_mixin.py:188} INFO - [2025-08-02T02:58:47.265+0000] {dag.py:3047} INFO - Sync 3 DAGs
[2025-08-02T02:58:47.287+0000] {logging_mixin.py:188} INFO - [2025-08-02T02:58:47.287+0000] {dag.py:3834} INFO - Setting next_dagrun for example_branch_datetime_operator to 2025-08-01 00:00:00+00:00, run_after=2025-08-02 00:00:00+00:00
[2025-08-02T02:58:47.290+0000] {logging_mixin.py:188} INFO - [2025-08-02T02:58:47.290+0000] {dag.py:3834} INFO - Setting next_dagrun for example_branch_datetime_operator_2 to 2025-08-01 00:00:00+00:00, run_after=2025-08-02 00:00:00+00:00
[2025-08-02T02:58:47.295+0000] {logging_mixin.py:188} INFO - [2025-08-02T02:58:47.294+0000] {dag.py:3834} INFO - Setting next_dagrun for example_branch_datetime_operator_3 to 2025-08-01 00:00:00+00:00, run_after=2025-08-02 00:00:00+00:00
[2025-08-02T02:58:47.315+0000] {processor.py:183} INFO - Processing /home/airflow/.local/lib/python3.8/site-packages/airflow/example_dags/example_branch_datetime_operator.py took 0.109 seconds
[2025-08-02T02:59:17.789+0000] {processor.py:161} INFO - Started process (PID=363) to work on /home/airflow/.local/lib/python3.8/site-packages/airflow/example_dags/example_branch_datetime_operator.py
[2025-08-02T02:59:17.790+0000] {processor.py:830} INFO - Processing file /home/airflow/.local/lib/python3.8/site-packages/airflow/example_dags/example_branch_datetime_operator.py for tasks to queue
[2025-08-02T02:59:17.791+0000] {logging_mixin.py:188} INFO - [2025-08-02T02:59:17.791+0000] {dagbag.py:540} INFO - Filling up the DagBag from /home/airflow/.local/lib/python3.8/site-packages/airflow/example_dags/example_branch_datetime_operator.py
[2025-08-02T02:59:17.797+0000] {processor.py:840} INFO - DAG(s) 'example_branch_datetime_operator_2', 'example_branch_datetime_operator_3', 'example_branch_datetime_operator' retrieved from /home/airflow/.local/lib/python3.8/site-packages/airflow/example_dags/example_branch_datetime_operator.py
[2025-08-02T02:59:17.827+0000] {logging_mixin.py:188} INFO - [2025-08-02T02:59:17.826+0000] {dag.py:3047} INFO - Sync 3 DAGs
[2025-08-02T02:59:17.851+0000] {logging_mixin.py:188} INFO - [2025-08-02T02:59:17.850+0000] {dag.py:3834} INFO - Setting next_dagrun for example_branch_datetime_operator to 2025-08-01 00:00:00+00:00, run_after=2025-08-02 00:00:00+00:00
[2025-08-02T02:59:17.854+0000] {logging_mixin.py:188} INFO - [2025-08-02T02:59:17.854+0000] {dag.py:3834} INFO - Setting next_dagrun for example_branch_datetime_operator_2 to 2025-08-01 00:00:00+00:00, run_after=2025-08-02 00:00:00+00:00
[2025-08-02T02:59:17.858+0000] {logging_mixin.py:188} INFO - [2025-08-02T02:59:17.858+0000] {dag.py:3834} INFO - Setting next_dagrun for example_branch_datetime_operator_3 to 2025-08-01 00:00:00+00:00, run_after=2025-08-02 00:00:00+00:00
[2025-08-02T02:59:17.891+0000] {processor.py:183} INFO - Processing /home/airflow/.local/lib/python3.8/site-packages/airflow/example_dags/example_branch_datetime_operator.py took 0.103 seconds
[2025-08-02T02:59:49.044+0000] {processor.py:161} INFO - Started process (PID=419) to work on /home/airflow/.local/lib/python3.8/site-packages/airflow/example_dags/example_branch_datetime_operator.py
[2025-08-02T02:59:49.045+0000] {processor.py:830} INFO - Processing file /home/airflow/.local/lib/python3.8/site-packages/airflow/example_dags/example_branch_datetime_operator.py for tasks to queue
[2025-08-02T02:59:49.046+0000] {logging_mixin.py:188} INFO - [2025-08-02T02:59:49.046+0000] {dagbag.py:540} INFO - Filling up the DagBag from /home/airflow/.local/lib/python3.8/site-packages/airflow/example_dags/example_branch_datetime_operator.py
[2025-08-02T02:59:49.053+0000] {processor.py:840} INFO - DAG(s) 'example_branch_datetime_operator', 'example_branch_datetime_operator_3', 'example_branch_datetime_operator_2' retrieved from /home/airflow/.local/lib/python3.8/site-packages/airflow/example_dags/example_branch_datetime_operator.py
[2025-08-02T02:59:49.074+0000] {logging_mixin.py:188} INFO - [2025-08-02T02:59:49.074+0000] {dag.py:3047} INFO - Sync 3 DAGs
[2025-08-02T02:59:49.119+0000] {logging_mixin.py:188} INFO - [2025-08-02T02:59:49.118+0000] {dag.py:3834} INFO - Setting next_dagrun for example_branch_datetime_operator to 2025-08-01 00:00:00+00:00, run_after=2025-08-02 00:00:00+00:00
[2025-08-02T02:59:49.128+0000] {logging_mixin.py:188} INFO - [2025-08-02T02:59:49.128+0000] {dag.py:3834} INFO - Setting next_dagrun for example_branch_datetime_operator_2 to 2025-08-01 00:00:00+00:00, run_after=2025-08-02 00:00:00+00:00
[2025-08-02T02:59:49.133+0000] {logging_mixin.py:188} INFO - [2025-08-02T02:59:49.133+0000] {dag.py:3834} INFO - Setting next_dagrun for example_branch_datetime_operator_3 to 2025-08-01 00:00:00+00:00, run_after=2025-08-02 00:00:00+00:00
[2025-08-02T02:59:49.159+0000] {processor.py:183} INFO - Processing /home/airflow/.local/lib/python3.8/site-packages/airflow/example_dags/example_branch_datetime_operator.py took 0.118 seconds
[2025-08-02T03:00:19.300+0000] {processor.py:161} INFO - Started process (PID=475) to work on /home/airflow/.local/lib/python3.8/site-packages/airflow/example_dags/example_branch_datetime_operator.py
[2025-08-02T03:00:19.301+0000] {processor.py:830} INFO - Processing file /home/airflow/.local/lib/python3.8/site-packages/airflow/example_dags/example_branch_datetime_operator.py for tasks to queue
[2025-08-02T03:00:19.303+0000] {logging_mixin.py:188} INFO - [2025-08-02T03:00:19.303+0000] {dagbag.py:540} INFO - Filling up the DagBag from /home/airflow/.local/lib/python3.8/site-packages/airflow/example_dags/example_branch_datetime_operator.py
[2025-08-02T03:00:19.310+0000] {processor.py:840} INFO - DAG(s) 'example_branch_datetime_operator_2', 'example_branch_datetime_operator_3', 'example_branch_datetime_operator' retrieved from /home/airflow/.local/lib/python3.8/site-packages/airflow/example_dags/example_branch_datetime_operator.py
[2025-08-02T03:00:19.337+0000] {logging_mixin.py:188} INFO - [2025-08-02T03:00:19.337+0000] {dag.py:3047} INFO - Sync 3 DAGs
[2025-08-02T03:00:19.353+0000] {logging_mixin.py:188} INFO - [2025-08-02T03:00:19.353+0000] {dag.py:3834} INFO - Setting next_dagrun for example_branch_datetime_operator to 2025-08-01 00:00:00+00:00, run_after=2025-08-02 00:00:00+00:00
[2025-08-02T03:00:19.356+0000] {logging_mixin.py:188} INFO - [2025-08-02T03:00:19.356+0000] {dag.py:3834} INFO - Setting next_dagrun for example_branch_datetime_operator_2 to 2025-08-01 00:00:00+00:00, run_after=2025-08-02 00:00:00+00:00
[2025-08-02T03:00:19.357+0000] {logging_mixin.py:188} INFO - [2025-08-02T03:00:19.357+0000] {dag.py:3834} INFO - Setting next_dagrun for example_branch_datetime_operator_3 to 2025-08-01 00:00:00+00:00, run_after=2025-08-02 00:00:00+00:00
[2025-08-02T03:00:19.367+0000] {processor.py:183} INFO - Processing /home/airflow/.local/lib/python3.8/site-packages/airflow/example_dags/example_branch_datetime_operator.py took 0.069 seconds
[2025-08-02T03:00:50.563+0000] {processor.py:161} INFO - Started process (PID=531) to work on /home/airflow/.local/lib/python3.8/site-packages/airflow/example_dags/example_branch_datetime_operator.py
[2025-08-02T03:00:50.564+0000] {processor.py:830} INFO - Processing file /home/airflow/.local/lib/python3.8/site-packages/airflow/example_dags/example_branch_datetime_operator.py for tasks to queue
[2025-08-02T03:00:50.566+0000] {logging_mixin.py:188} INFO - [2025-08-02T03:00:50.566+0000] {dagbag.py:540} INFO - Filling up the DagBag from /home/airflow/.local/lib/python3.8/site-packages/airflow/example_dags/example_branch_datetime_operator.py
[2025-08-02T03:00:50.575+0000] {processor.py:840} INFO - DAG(s) 'example_branch_datetime_operator_3', 'example_branch_datetime_operator_2', 'example_branch_datetime_operator' retrieved from /home/airflow/.local/lib/python3.8/site-packages/airflow/example_dags/example_branch_datetime_operator.py
[2025-08-02T03:00:50.648+0000] {logging_mixin.py:188} INFO - [2025-08-02T03:00:50.648+0000] {dag.py:3047} INFO - Sync 3 DAGs
[2025-08-02T03:00:50.687+0000] {logging_mixin.py:188} INFO - [2025-08-02T03:00:50.686+0000] {dag.py:3834} INFO - Setting next_dagrun for example_branch_datetime_operator to 2025-08-01 00:00:00+00:00, run_after=2025-08-02 00:00:00+00:00
[2025-08-02T03:00:50.699+0000] {logging_mixin.py:188} INFO - [2025-08-02T03:00:50.699+0000] {dag.py:3834} INFO - Setting next_dagrun for example_branch_datetime_operator_2 to 2025-08-01 00:00:00+00:00, run_after=2025-08-02 00:00:00+00:00
[2025-08-02T03:00:50.703+0000] {logging_mixin.py:188} INFO - [2025-08-02T03:00:50.703+0000] {dag.py:3834} INFO - Setting next_dagrun for example_branch_datetime_operator_3 to 2025-08-01 00:00:00+00:00, run_after=2025-08-02 00:00:00+00:00
[2025-08-02T03:00:50.838+0000] {processor.py:183} INFO - Processing /home/airflow/.local/lib/python3.8/site-packages/airflow/example_dags/example_branch_datetime_operator.py took 0.278 seconds
[2025-08-02T03:01:21.394+0000] {processor.py:161} INFO - Started process (PID=587) to work on /home/airflow/.local/lib/python3.8/site-packages/airflow/example_dags/example_branch_datetime_operator.py
[2025-08-02T03:01:21.395+0000] {processor.py:830} INFO - Processing file /home/airflow/.local/lib/python3.8/site-packages/airflow/example_dags/example_branch_datetime_operator.py for tasks to queue
[2025-08-02T03:01:21.396+0000] {logging_mixin.py:188} INFO - [2025-08-02T03:01:21.395+0000] {dagbag.py:540} INFO - Filling up the DagBag from /home/airflow/.local/lib/python3.8/site-packages/airflow/example_dags/example_branch_datetime_operator.py
[2025-08-02T03:01:21.401+0000] {processor.py:840} INFO - DAG(s) 'example_branch_datetime_operator', 'example_branch_datetime_operator_3', 'example_branch_datetime_operator_2' retrieved from /home/airflow/.local/lib/python3.8/site-packages/airflow/example_dags/example_branch_datetime_operator.py
[2025-08-02T03:01:21.417+0000] {logging_mixin.py:188} INFO - [2025-08-02T03:01:21.417+0000] {dag.py:3047} INFO - Sync 3 DAGs
[2025-08-02T03:01:21.430+0000] {logging_mixin.py:188} INFO - [2025-08-02T03:01:21.430+0000] {dag.py:3834} INFO - Setting next_dagrun for example_branch_datetime_operator to 2025-08-01 00:00:00+00:00, run_after=2025-08-02 00:00:00+00:00
[2025-08-02T03:01:21.433+0000] {logging_mixin.py:188} INFO - [2025-08-02T03:01:21.433+0000] {dag.py:3834} INFO - Setting next_dagrun for example_branch_datetime_operator_2 to 2025-08-01 00:00:00+00:00, run_after=2025-08-02 00:00:00+00:00
[2025-08-02T03:01:21.434+0000] {logging_mixin.py:188} INFO - [2025-08-02T03:01:21.434+0000] {dag.py:3834} INFO - Setting next_dagrun for example_branch_datetime_operator_3 to 2025-08-01 00:00:00+00:00, run_after=2025-08-02 00:00:00+00:00
[2025-08-02T03:01:21.445+0000] {processor.py:183} INFO - Processing /home/airflow/.local/lib/python3.8/site-packages/airflow/example_dags/example_branch_datetime_operator.py took 0.055 seconds
[2025-08-02T03:01:52.337+0000] {processor.py:161} INFO - Started process (PID=643) to work on /home/airflow/.local/lib/python3.8/site-packages/airflow/example_dags/example_branch_datetime_operator.py
[2025-08-02T03:01:52.341+0000] {processor.py:830} INFO - Processing file /home/airflow/.local/lib/python3.8/site-packages/airflow/example_dags/example_branch_datetime_operator.py for tasks to queue
[2025-08-02T03:01:52.344+0000] {logging_mixin.py:188} INFO - [2025-08-02T03:01:52.344+0000] {dagbag.py:540} INFO - Filling up the DagBag from /home/airflow/.local/lib/python3.8/site-packages/airflow/example_dags/example_branch_datetime_operator.py
[2025-08-02T03:01:52.380+0000] {processor.py:840} INFO - DAG(s) 'example_branch_datetime_operator_2', 'example_branch_datetime_operator', 'example_branch_datetime_operator_3' retrieved from /home/airflow/.local/lib/python3.8/site-packages/airflow/example_dags/example_branch_datetime_operator.py
[2025-08-02T03:01:52.421+0000] {logging_mixin.py:188} INFO - [2025-08-02T03:01:52.421+0000] {dag.py:3047} INFO - Sync 3 DAGs
[2025-08-02T03:01:52.443+0000] {logging_mixin.py:188} INFO - [2025-08-02T03:01:52.443+0000] {dag.py:3834} INFO - Setting next_dagrun for example_branch_datetime_operator to 2025-08-01 00:00:00+00:00, run_after=2025-08-02 00:00:00+00:00
[2025-08-02T03:01:52.447+0000] {logging_mixin.py:188} INFO - [2025-08-02T03:01:52.447+0000] {dag.py:3834} INFO - Setting next_dagrun for example_branch_datetime_operator_2 to 2025-08-01 00:00:00+00:00, run_after=2025-08-02 00:00:00+00:00
[2025-08-02T03:01:52.448+0000] {logging_mixin.py:188} INFO - [2025-08-02T03:01:52.448+0000] {dag.py:3834} INFO - Setting next_dagrun for example_branch_datetime_operator_3 to 2025-08-01 00:00:00+00:00, run_after=2025-08-02 00:00:00+00:00
[2025-08-02T03:01:52.460+0000] {processor.py:183} INFO - Processing /home/airflow/.local/lib/python3.8/site-packages/airflow/example_dags/example_branch_datetime_operator.py took 0.126 seconds
[2025-08-02T03:02:23.141+0000] {processor.py:161} INFO - Started process (PID=699) to work on /home/airflow/.local/lib/python3.8/site-packages/airflow/example_dags/example_branch_datetime_operator.py
[2025-08-02T03:02:23.142+0000] {processor.py:830} INFO - Processing file /home/airflow/.local/lib/python3.8/site-packages/airflow/example_dags/example_branch_datetime_operator.py for tasks to queue
[2025-08-02T03:02:23.146+0000] {logging_mixin.py:188} INFO - [2025-08-02T03:02:23.145+0000] {dagbag.py:540} INFO - Filling up the DagBag from /home/airflow/.local/lib/python3.8/site-packages/airflow/example_dags/example_branch_datetime_operator.py
[2025-08-02T03:02:23.179+0000] {processor.py:840} INFO - DAG(s) 'example_branch_datetime_operator_3', 'example_branch_datetime_operator_2', 'example_branch_datetime_operator' retrieved from /home/airflow/.local/lib/python3.8/site-packages/airflow/example_dags/example_branch_datetime_operator.py
[2025-08-02T03:02:23.222+0000] {logging_mixin.py:188} INFO - [2025-08-02T03:02:23.222+0000] {dag.py:3047} INFO - Sync 3 DAGs
[2025-08-02T03:02:23.253+0000] {logging_mixin.py:188} INFO - [2025-08-02T03:02:23.252+0000] {dag.py:3834} INFO - Setting next_dagrun for example_branch_datetime_operator to 2025-08-01 00:00:00+00:00, run_after=2025-08-02 00:00:00+00:00
[2025-08-02T03:02:23.271+0000] {logging_mixin.py:188} INFO - [2025-08-02T03:02:23.271+0000] {dag.py:3834} INFO - Setting next_dagrun for example_branch_datetime_operator_2 to 2025-08-01 00:00:00+00:00, run_after=2025-08-02 00:00:00+00:00
[2025-08-02T03:02:23.275+0000] {logging_mixin.py:188} INFO - [2025-08-02T03:02:23.275+0000] {dag.py:3834} INFO - Setting next_dagrun for example_branch_datetime_operator_3 to 2025-08-01 00:00:00+00:00, run_after=2025-08-02 00:00:00+00:00
[2025-08-02T03:02:23.294+0000] {processor.py:183} INFO - Processing /home/airflow/.local/lib/python3.8/site-packages/airflow/example_dags/example_branch_datetime_operator.py took 0.158 seconds
[2025-08-02T03:02:54.640+0000] {processor.py:161} INFO - Started process (PID=755) to work on /home/airflow/.local/lib/python3.8/site-packages/airflow/example_dags/example_branch_datetime_operator.py
[2025-08-02T03:02:54.648+0000] {processor.py:830} INFO - Processing file /home/airflow/.local/lib/python3.8/site-packages/airflow/example_dags/example_branch_datetime_operator.py for tasks to queue
[2025-08-02T03:02:54.658+0000] {logging_mixin.py:188} INFO - [2025-08-02T03:02:54.656+0000] {dagbag.py:540} INFO - Filling up the DagBag from /home/airflow/.local/lib/python3.8/site-packages/airflow/example_dags/example_branch_datetime_operator.py
[2025-08-02T03:02:54.691+0000] {processor.py:840} INFO - DAG(s) 'example_branch_datetime_operator_3', 'example_branch_datetime_operator', 'example_branch_datetime_operator_2' retrieved from /home/airflow/.local/lib/python3.8/site-packages/airflow/example_dags/example_branch_datetime_operator.py
[2025-08-02T03:02:54.804+0000] {logging_mixin.py:188} INFO - [2025-08-02T03:02:54.803+0000] {dag.py:3047} INFO - Sync 3 DAGs
[2025-08-02T03:02:54.884+0000] {logging_mixin.py:188} INFO - [2025-08-02T03:02:54.882+0000] {dag.py:3834} INFO - Setting next_dagrun for example_branch_datetime_operator to 2025-08-01 00:00:00+00:00, run_after=2025-08-02 00:00:00+00:00
[2025-08-02T03:02:54.901+0000] {logging_mixin.py:188} INFO - [2025-08-02T03:02:54.900+0000] {dag.py:3834} INFO - Setting next_dagrun for example_branch_datetime_operator_2 to 2025-08-01 00:00:00+00:00, run_after=2025-08-02 00:00:00+00:00
[2025-08-02T03:02:54.917+0000] {logging_mixin.py:188} INFO - [2025-08-02T03:02:54.916+0000] {dag.py:3834} INFO - Setting next_dagrun for example_branch_datetime_operator_3 to 2025-08-01 00:00:00+00:00, run_after=2025-08-02 00:00:00+00:00
[2025-08-02T03:02:54.981+0000] {processor.py:183} INFO - Processing /home/airflow/.local/lib/python3.8/site-packages/airflow/example_dags/example_branch_datetime_operator.py took 0.359 seconds
[2025-08-02T03:03:25.057+0000] {processor.py:161} INFO - Started process (PID=811) to work on /home/airflow/.local/lib/python3.8/site-packages/airflow/example_dags/example_branch_datetime_operator.py
[2025-08-02T03:03:25.058+0000] {processor.py:830} INFO - Processing file /home/airflow/.local/lib/python3.8/site-packages/airflow/example_dags/example_branch_datetime_operator.py for tasks to queue
[2025-08-02T03:03:25.060+0000] {logging_mixin.py:188} INFO - [2025-08-02T03:03:25.060+0000] {dagbag.py:540} INFO - Filling up the DagBag from /home/airflow/.local/lib/python3.8/site-packages/airflow/example_dags/example_branch_datetime_operator.py
[2025-08-02T03:03:25.072+0000] {processor.py:840} INFO - DAG(s) 'example_branch_datetime_operator', 'example_branch_datetime_operator_3', 'example_branch_datetime_operator_2' retrieved from /home/airflow/.local/lib/python3.8/site-packages/airflow/example_dags/example_branch_datetime_operator.py
[2025-08-02T03:03:25.097+0000] {logging_mixin.py:188} INFO - [2025-08-02T03:03:25.097+0000] {dag.py:3047} INFO - Sync 3 DAGs
[2025-08-02T03:03:25.113+0000] {logging_mixin.py:188} INFO - [2025-08-02T03:03:25.113+0000] {dag.py:3834} INFO - Setting next_dagrun for example_branch_datetime_operator to 2025-08-01 00:00:00+00:00, run_after=2025-08-02 00:00:00+00:00
[2025-08-02T03:03:25.116+0000] {logging_mixin.py:188} INFO - [2025-08-02T03:03:25.116+0000] {dag.py:3834} INFO - Setting next_dagrun for example_branch_datetime_operator_2 to 2025-08-01 00:00:00+00:00, run_after=2025-08-02 00:00:00+00:00
[2025-08-02T03:03:25.118+0000] {logging_mixin.py:188} INFO - [2025-08-02T03:03:25.118+0000] {dag.py:3834} INFO - Setting next_dagrun for example_branch_datetime_operator_3 to 2025-08-01 00:00:00+00:00, run_after=2025-08-02 00:00:00+00:00
[2025-08-02T03:03:25.130+0000] {processor.py:183} INFO - Processing /home/airflow/.local/lib/python3.8/site-packages/airflow/example_dags/example_branch_datetime_operator.py took 0.076 seconds
[2025-08-02T03:03:55.831+0000] {processor.py:161} INFO - Started process (PID=867) to work on /home/airflow/.local/lib/python3.8/site-packages/airflow/example_dags/example_branch_datetime_operator.py
[2025-08-02T03:03:55.833+0000] {processor.py:830} INFO - Processing file /home/airflow/.local/lib/python3.8/site-packages/airflow/example_dags/example_branch_datetime_operator.py for tasks to queue
[2025-08-02T03:03:55.837+0000] {logging_mixin.py:188} INFO - [2025-08-02T03:03:55.836+0000] {dagbag.py:540} INFO - Filling up the DagBag from /home/airflow/.local/lib/python3.8/site-packages/airflow/example_dags/example_branch_datetime_operator.py
[2025-08-02T03:03:55.852+0000] {processor.py:840} INFO - DAG(s) 'example_branch_datetime_operator', 'example_branch_datetime_operator_2', 'example_branch_datetime_operator_3' retrieved from /home/airflow/.local/lib/python3.8/site-packages/airflow/example_dags/example_branch_datetime_operator.py
[2025-08-02T03:03:55.888+0000] {logging_mixin.py:188} INFO - [2025-08-02T03:03:55.888+0000] {dag.py:3047} INFO - Sync 3 DAGs
[2025-08-02T03:03:55.937+0000] {logging_mixin.py:188} INFO - [2025-08-02T03:03:55.937+0000] {dag.py:3834} INFO - Setting next_dagrun for example_branch_datetime_operator to 2025-08-01 00:00:00+00:00, run_after=2025-08-02 00:00:00+00:00
[2025-08-02T03:03:55.941+0000] {logging_mixin.py:188} INFO - [2025-08-02T03:03:55.941+0000] {dag.py:3834} INFO - Setting next_dagrun for example_branch_datetime_operator_2 to 2025-08-01 00:00:00+00:00, run_after=2025-08-02 00:00:00+00:00
[2025-08-02T03:03:55.962+0000] {logging_mixin.py:188} INFO - [2025-08-02T03:03:55.948+0000] {dag.py:3834} INFO - Setting next_dagrun for example_branch_datetime_operator_3 to 2025-08-01 00:00:00+00:00, run_after=2025-08-02 00:00:00+00:00
[2025-08-02T03:03:56.046+0000] {processor.py:183} INFO - Processing /home/airflow/.local/lib/python3.8/site-packages/airflow/example_dags/example_branch_datetime_operator.py took 0.219 seconds
[2025-08-02T03:04:26.245+0000] {processor.py:161} INFO - Started process (PID=923) to work on /home/airflow/.local/lib/python3.8/site-packages/airflow/example_dags/example_branch_datetime_operator.py
[2025-08-02T03:04:26.247+0000] {processor.py:830} INFO - Processing file /home/airflow/.local/lib/python3.8/site-packages/airflow/example_dags/example_branch_datetime_operator.py for tasks to queue
[2025-08-02T03:04:26.248+0000] {logging_mixin.py:188} INFO - [2025-08-02T03:04:26.248+0000] {dagbag.py:540} INFO - Filling up the DagBag from /home/airflow/.local/lib/python3.8/site-packages/airflow/example_dags/example_branch_datetime_operator.py
[2025-08-02T03:04:26.255+0000] {processor.py:840} INFO - DAG(s) 'example_branch_datetime_operator_2', 'example_branch_datetime_operator_3', 'example_branch_datetime_operator' retrieved from /home/airflow/.local/lib/python3.8/site-packages/airflow/example_dags/example_branch_datetime_operator.py
[2025-08-02T03:04:26.277+0000] {logging_mixin.py:188} INFO - [2025-08-02T03:04:26.277+0000] {dag.py:3047} INFO - Sync 3 DAGs
[2025-08-02T03:04:26.294+0000] {logging_mixin.py:188} INFO - [2025-08-02T03:04:26.294+0000] {dag.py:3834} INFO - Setting next_dagrun for example_branch_datetime_operator to 2025-08-01 00:00:00+00:00, run_after=2025-08-02 00:00:00+00:00
[2025-08-02T03:04:26.299+0000] {logging_mixin.py:188} INFO - [2025-08-02T03:04:26.298+0000] {dag.py:3834} INFO - Setting next_dagrun for example_branch_datetime_operator_2 to 2025-08-01 00:00:00+00:00, run_after=2025-08-02 00:00:00+00:00
[2025-08-02T03:04:26.300+0000] {logging_mixin.py:188} INFO - [2025-08-02T03:04:26.300+0000] {dag.py:3834} INFO - Setting next_dagrun for example_branch_datetime_operator_3 to 2025-08-01 00:00:00+00:00, run_after=2025-08-02 00:00:00+00:00
[2025-08-02T03:04:26.313+0000] {processor.py:183} INFO - Processing /home/airflow/.local/lib/python3.8/site-packages/airflow/example_dags/example_branch_datetime_operator.py took 0.071 seconds
[2025-08-02T03:04:56.531+0000] {processor.py:161} INFO - Started process (PID=980) to work on /home/airflow/.local/lib/python3.8/site-packages/airflow/example_dags/example_branch_datetime_operator.py
[2025-08-02T03:04:56.534+0000] {processor.py:830} INFO - Processing file /home/airflow/.local/lib/python3.8/site-packages/airflow/example_dags/example_branch_datetime_operator.py for tasks to queue
[2025-08-02T03:04:56.541+0000] {logging_mixin.py:188} INFO - [2025-08-02T03:04:56.540+0000] {dagbag.py:540} INFO - Filling up the DagBag from /home/airflow/.local/lib/python3.8/site-packages/airflow/example_dags/example_branch_datetime_operator.py
[2025-08-02T03:04:56.572+0000] {processor.py:840} INFO - DAG(s) 'example_branch_datetime_operator_2', 'example_branch_datetime_operator_3', 'example_branch_datetime_operator' retrieved from /home/airflow/.local/lib/python3.8/site-packages/airflow/example_dags/example_branch_datetime_operator.py
[2025-08-02T03:04:56.596+0000] {logging_mixin.py:188} INFO - [2025-08-02T03:04:56.595+0000] {dag.py:3047} INFO - Sync 3 DAGs
[2025-08-02T03:04:56.615+0000] {logging_mixin.py:188} INFO - [2025-08-02T03:04:56.615+0000] {dag.py:3834} INFO - Setting next_dagrun for example_branch_datetime_operator to 2025-08-01 00:00:00+00:00, run_after=2025-08-02 00:00:00+00:00
[2025-08-02T03:04:56.618+0000] {logging_mixin.py:188} INFO - [2025-08-02T03:04:56.617+0000] {dag.py:3834} INFO - Setting next_dagrun for example_branch_datetime_operator_2 to 2025-08-01 00:00:00+00:00, run_after=2025-08-02 00:00:00+00:00
[2025-08-02T03:04:56.620+0000] {logging_mixin.py:188} INFO - [2025-08-02T03:04:56.620+0000] {dag.py:3834} INFO - Setting next_dagrun for example_branch_datetime_operator_3 to 2025-08-01 00:00:00+00:00, run_after=2025-08-02 00:00:00+00:00
[2025-08-02T03:04:56.630+0000] {processor.py:183} INFO - Processing /home/airflow/.local/lib/python3.8/site-packages/airflow/example_dags/example_branch_datetime_operator.py took 0.113 seconds
[2025-08-02T03:05:28.693+0000] {processor.py:161} INFO - Started process (PID=1036) to work on /home/airflow/.local/lib/python3.8/site-packages/airflow/example_dags/example_branch_datetime_operator.py
[2025-08-02T03:05:28.694+0000] {processor.py:830} INFO - Processing file /home/airflow/.local/lib/python3.8/site-packages/airflow/example_dags/example_branch_datetime_operator.py for tasks to queue
[2025-08-02T03:05:28.697+0000] {logging_mixin.py:188} INFO - [2025-08-02T03:05:28.696+0000] {dagbag.py:540} INFO - Filling up the DagBag from /home/airflow/.local/lib/python3.8/site-packages/airflow/example_dags/example_branch_datetime_operator.py
[2025-08-02T03:05:28.706+0000] {processor.py:840} INFO - DAG(s) 'example_branch_datetime_operator_3', 'example_branch_datetime_operator', 'example_branch_datetime_operator_2' retrieved from /home/airflow/.local/lib/python3.8/site-packages/airflow/example_dags/example_branch_datetime_operator.py
[2025-08-02T03:05:28.742+0000] {logging_mixin.py:188} INFO - [2025-08-02T03:05:28.742+0000] {dag.py:3047} INFO - Sync 3 DAGs
[2025-08-02T03:05:28.762+0000] {logging_mixin.py:188} INFO - [2025-08-02T03:05:28.761+0000] {dag.py:3834} INFO - Setting next_dagrun for example_branch_datetime_operator to 2025-08-01 00:00:00+00:00, run_after=2025-08-02 00:00:00+00:00
[2025-08-02T03:05:28.766+0000] {logging_mixin.py:188} INFO - [2025-08-02T03:05:28.766+0000] {dag.py:3834} INFO - Setting next_dagrun for example_branch_datetime_operator_2 to 2025-08-01 00:00:00+00:00, run_after=2025-08-02 00:00:00+00:00
[2025-08-02T03:05:28.768+0000] {logging_mixin.py:188} INFO - [2025-08-02T03:05:28.768+0000] {dag.py:3834} INFO - Setting next_dagrun for example_branch_datetime_operator_3 to 2025-08-01 00:00:00+00:00, run_after=2025-08-02 00:00:00+00:00
[2025-08-02T03:05:28.783+0000] {processor.py:183} INFO - Processing /home/airflow/.local/lib/python3.8/site-packages/airflow/example_dags/example_branch_datetime_operator.py took 0.093 seconds
[2025-08-02T03:05:59.302+0000] {processor.py:161} INFO - Started process (PID=1092) to work on /home/airflow/.local/lib/python3.8/site-packages/airflow/example_dags/example_branch_datetime_operator.py
[2025-08-02T03:05:59.305+0000] {processor.py:830} INFO - Processing file /home/airflow/.local/lib/python3.8/site-packages/airflow/example_dags/example_branch_datetime_operator.py for tasks to queue
[2025-08-02T03:05:59.308+0000] {logging_mixin.py:188} INFO - [2025-08-02T03:05:59.308+0000] {dagbag.py:540} INFO - Filling up the DagBag from /home/airflow/.local/lib/python3.8/site-packages/airflow/example_dags/example_branch_datetime_operator.py
[2025-08-02T03:05:59.316+0000] {processor.py:840} INFO - DAG(s) 'example_branch_datetime_operator_2', 'example_branch_datetime_operator_3', 'example_branch_datetime_operator' retrieved from /home/airflow/.local/lib/python3.8/site-packages/airflow/example_dags/example_branch_datetime_operator.py
[2025-08-02T03:05:59.343+0000] {logging_mixin.py:188} INFO - [2025-08-02T03:05:59.343+0000] {dag.py:3047} INFO - Sync 3 DAGs
[2025-08-02T03:05:59.362+0000] {logging_mixin.py:188} INFO - [2025-08-02T03:05:59.362+0000] {dag.py:3834} INFO - Setting next_dagrun for example_branch_datetime_operator to 2025-08-01 00:00:00+00:00, run_after=2025-08-02 00:00:00+00:00
[2025-08-02T03:05:59.366+0000] {logging_mixin.py:188} INFO - [2025-08-02T03:05:59.366+0000] {dag.py:3834} INFO - Setting next_dagrun for example_branch_datetime_operator_2 to 2025-08-01 00:00:00+00:00, run_after=2025-08-02 00:00:00+00:00
[2025-08-02T03:05:59.370+0000] {logging_mixin.py:188} INFO - [2025-08-02T03:05:59.369+0000] {dag.py:3834} INFO - Setting next_dagrun for example_branch_datetime_operator_3 to 2025-08-01 00:00:00+00:00, run_after=2025-08-02 00:00:00+00:00
[2025-08-02T03:05:59.379+0000] {processor.py:183} INFO - Processing /home/airflow/.local/lib/python3.8/site-packages/airflow/example_dags/example_branch_datetime_operator.py took 0.081 seconds
[2025-08-02T03:06:36.943+0000] {processor.py:161} INFO - Started process (PID=1148) to work on /home/airflow/.local/lib/python3.8/site-packages/airflow/example_dags/example_branch_datetime_operator.py
[2025-08-02T03:06:36.946+0000] {processor.py:830} INFO - Processing file /home/airflow/.local/lib/python3.8/site-packages/airflow/example_dags/example_branch_datetime_operator.py for tasks to queue
[2025-08-02T03:06:36.948+0000] {logging_mixin.py:188} INFO - [2025-08-02T03:06:36.948+0000] {dagbag.py:540} INFO - Filling up the DagBag from /home/airflow/.local/lib/python3.8/site-packages/airflow/example_dags/example_branch_datetime_operator.py
[2025-08-02T03:06:36.978+0000] {processor.py:840} INFO - DAG(s) 'example_branch_datetime_operator_2', 'example_branch_datetime_operator', 'example_branch_datetime_operator_3' retrieved from /home/airflow/.local/lib/python3.8/site-packages/airflow/example_dags/example_branch_datetime_operator.py
[2025-08-02T03:06:37.088+0000] {logging_mixin.py:188} INFO - [2025-08-02T03:06:37.087+0000] {dag.py:3047} INFO - Sync 3 DAGs
[2025-08-02T03:06:37.140+0000] {logging_mixin.py:188} INFO - [2025-08-02T03:06:37.140+0000] {dag.py:3834} INFO - Setting next_dagrun for example_branch_datetime_operator to 2025-08-01 00:00:00+00:00, run_after=2025-08-02 00:00:00+00:00
[2025-08-02T03:06:37.154+0000] {logging_mixin.py:188} INFO - [2025-08-02T03:06:37.154+0000] {dag.py:3834} INFO - Setting next_dagrun for example_branch_datetime_operator_2 to 2025-08-01 00:00:00+00:00, run_after=2025-08-02 00:00:00+00:00
[2025-08-02T03:06:37.160+0000] {logging_mixin.py:188} INFO - [2025-08-02T03:06:37.160+0000] {dag.py:3834} INFO - Setting next_dagrun for example_branch_datetime_operator_3 to 2025-08-01 00:00:00+00:00, run_after=2025-08-02 00:00:00+00:00
[2025-08-02T03:06:37.198+0000] {processor.py:183} INFO - Processing /home/airflow/.local/lib/python3.8/site-packages/airflow/example_dags/example_branch_datetime_operator.py took 0.260 seconds
[2025-08-02T03:07:10.657+0000] {processor.py:161} INFO - Started process (PID=1204) to work on /home/airflow/.local/lib/python3.8/site-packages/airflow/example_dags/example_branch_datetime_operator.py
[2025-08-02T03:07:10.660+0000] {processor.py:830} INFO - Processing file /home/airflow/.local/lib/python3.8/site-packages/airflow/example_dags/example_branch_datetime_operator.py for tasks to queue
[2025-08-02T03:07:10.667+0000] {logging_mixin.py:188} INFO - [2025-08-02T03:07:10.666+0000] {dagbag.py:540} INFO - Filling up the DagBag from /home/airflow/.local/lib/python3.8/site-packages/airflow/example_dags/example_branch_datetime_operator.py
[2025-08-02T03:07:10.677+0000] {processor.py:840} INFO - DAG(s) 'example_branch_datetime_operator_3', 'example_branch_datetime_operator_2', 'example_branch_datetime_operator' retrieved from /home/airflow/.local/lib/python3.8/site-packages/airflow/example_dags/example_branch_datetime_operator.py
[2025-08-02T03:07:10.726+0000] {logging_mixin.py:188} INFO - [2025-08-02T03:07:10.726+0000] {dag.py:3047} INFO - Sync 3 DAGs
[2025-08-02T03:07:10.759+0000] {logging_mixin.py:188} INFO - [2025-08-02T03:07:10.759+0000] {dag.py:3834} INFO - Setting next_dagrun for example_branch_datetime_operator to 2025-08-01 00:00:00+00:00, run_after=2025-08-02 00:00:00+00:00
[2025-08-02T03:07:10.763+0000] {logging_mixin.py:188} INFO - [2025-08-02T03:07:10.763+0000] {dag.py:3834} INFO - Setting next_dagrun for example_branch_datetime_operator_2 to 2025-08-01 00:00:00+00:00, run_after=2025-08-02 00:00:00+00:00
[2025-08-02T03:07:10.767+0000] {logging_mixin.py:188} INFO - [2025-08-02T03:07:10.767+0000] {dag.py:3834} INFO - Setting next_dagrun for example_branch_datetime_operator_3 to 2025-08-01 00:00:00+00:00, run_after=2025-08-02 00:00:00+00:00
[2025-08-02T03:07:10.837+0000] {processor.py:183} INFO - Processing /home/airflow/.local/lib/python3.8/site-packages/airflow/example_dags/example_branch_datetime_operator.py took 0.187 seconds
[2025-08-02T03:07:41.856+0000] {processor.py:161} INFO - Started process (PID=1260) to work on /home/airflow/.local/lib/python3.8/site-packages/airflow/example_dags/example_branch_datetime_operator.py
[2025-08-02T03:07:41.860+0000] {processor.py:830} INFO - Processing file /home/airflow/.local/lib/python3.8/site-packages/airflow/example_dags/example_branch_datetime_operator.py for tasks to queue
[2025-08-02T03:07:41.865+0000] {logging_mixin.py:188} INFO - [2025-08-02T03:07:41.865+0000] {dagbag.py:540} INFO - Filling up the DagBag from /home/airflow/.local/lib/python3.8/site-packages/airflow/example_dags/example_branch_datetime_operator.py
[2025-08-02T03:07:41.914+0000] {processor.py:840} INFO - DAG(s) 'example_branch_datetime_operator_2', 'example_branch_datetime_operator_3', 'example_branch_datetime_operator' retrieved from /home/airflow/.local/lib/python3.8/site-packages/airflow/example_dags/example_branch_datetime_operator.py
[2025-08-02T03:07:41.979+0000] {logging_mixin.py:188} INFO - [2025-08-02T03:07:41.979+0000] {dag.py:3047} INFO - Sync 3 DAGs
[2025-08-02T03:07:42.013+0000] {logging_mixin.py:188} INFO - [2025-08-02T03:07:42.013+0000] {dag.py:3834} INFO - Setting next_dagrun for example_branch_datetime_operator to 2025-08-01 00:00:00+00:00, run_after=2025-08-02 00:00:00+00:00
[2025-08-02T03:07:42.023+0000] {logging_mixin.py:188} INFO - [2025-08-02T03:07:42.022+0000] {dag.py:3834} INFO - Setting next_dagrun for example_branch_datetime_operator_2 to 2025-08-01 00:00:00+00:00, run_after=2025-08-02 00:00:00+00:00
[2025-08-02T03:07:42.026+0000] {logging_mixin.py:188} INFO - [2025-08-02T03:07:42.026+0000] {dag.py:3834} INFO - Setting next_dagrun for example_branch_datetime_operator_3 to 2025-08-01 00:00:00+00:00, run_after=2025-08-02 00:00:00+00:00
[2025-08-02T03:07:42.051+0000] {processor.py:183} INFO - Processing /home/airflow/.local/lib/python3.8/site-packages/airflow/example_dags/example_branch_datetime_operator.py took 0.203 seconds
[2025-08-02T03:09:04.008+0000] {processor.py:161} INFO - Started process (PID=93) to work on /home/airflow/.local/lib/python3.8/site-packages/airflow/example_dags/example_branch_datetime_operator.py
[2025-08-02T03:09:04.011+0000] {processor.py:830} INFO - Processing file /home/airflow/.local/lib/python3.8/site-packages/airflow/example_dags/example_branch_datetime_operator.py for tasks to queue
[2025-08-02T03:09:04.014+0000] {logging_mixin.py:188} INFO - [2025-08-02T03:09:04.014+0000] {dagbag.py:540} INFO - Filling up the DagBag from /home/airflow/.local/lib/python3.8/site-packages/airflow/example_dags/example_branch_datetime_operator.py
[2025-08-02T03:09:04.043+0000] {processor.py:840} INFO - DAG(s) 'example_branch_datetime_operator_3', 'example_branch_datetime_operator_2', 'example_branch_datetime_operator' retrieved from /home/airflow/.local/lib/python3.8/site-packages/airflow/example_dags/example_branch_datetime_operator.py
[2025-08-02T03:09:04.367+0000] {logging_mixin.py:188} INFO - [2025-08-02T03:09:04.366+0000] {dag.py:3047} INFO - Sync 3 DAGs
[2025-08-02T03:09:04.411+0000] {logging_mixin.py:188} INFO - [2025-08-02T03:09:04.411+0000] {dag.py:3834} INFO - Setting next_dagrun for example_branch_datetime_operator to 2025-08-01 00:00:00+00:00, run_after=2025-08-02 00:00:00+00:00
[2025-08-02T03:09:04.418+0000] {logging_mixin.py:188} INFO - [2025-08-02T03:09:04.417+0000] {dag.py:3834} INFO - Setting next_dagrun for example_branch_datetime_operator_2 to 2025-08-01 00:00:00+00:00, run_after=2025-08-02 00:00:00+00:00
[2025-08-02T03:09:04.421+0000] {logging_mixin.py:188} INFO - [2025-08-02T03:09:04.421+0000] {dag.py:3834} INFO - Setting next_dagrun for example_branch_datetime_operator_3 to 2025-08-01 00:00:00+00:00, run_after=2025-08-02 00:00:00+00:00
[2025-08-02T03:09:04.480+0000] {processor.py:183} INFO - Processing /home/airflow/.local/lib/python3.8/site-packages/airflow/example_dags/example_branch_datetime_operator.py took 0.483 seconds
[2025-08-02T03:09:35.070+0000] {processor.py:161} INFO - Started process (PID=149) to work on /home/airflow/.local/lib/python3.8/site-packages/airflow/example_dags/example_branch_datetime_operator.py
[2025-08-02T03:09:35.072+0000] {processor.py:830} INFO - Processing file /home/airflow/.local/lib/python3.8/site-packages/airflow/example_dags/example_branch_datetime_operator.py for tasks to queue
[2025-08-02T03:09:35.074+0000] {logging_mixin.py:188} INFO - [2025-08-02T03:09:35.074+0000] {dagbag.py:540} INFO - Filling up the DagBag from /home/airflow/.local/lib/python3.8/site-packages/airflow/example_dags/example_branch_datetime_operator.py
[2025-08-02T03:09:35.089+0000] {processor.py:840} INFO - DAG(s) 'example_branch_datetime_operator_2', 'example_branch_datetime_operator', 'example_branch_datetime_operator_3' retrieved from /home/airflow/.local/lib/python3.8/site-packages/airflow/example_dags/example_branch_datetime_operator.py
[2025-08-02T03:09:35.139+0000] {logging_mixin.py:188} INFO - [2025-08-02T03:09:35.139+0000] {dag.py:3047} INFO - Sync 3 DAGs
[2025-08-02T03:09:35.162+0000] {logging_mixin.py:188} INFO - [2025-08-02T03:09:35.162+0000] {dag.py:3834} INFO - Setting next_dagrun for example_branch_datetime_operator to 2025-08-01 00:00:00+00:00, run_after=2025-08-02 00:00:00+00:00
[2025-08-02T03:09:35.167+0000] {logging_mixin.py:188} INFO - [2025-08-02T03:09:35.167+0000] {dag.py:3834} INFO - Setting next_dagrun for example_branch_datetime_operator_2 to 2025-08-01 00:00:00+00:00, run_after=2025-08-02 00:00:00+00:00
[2025-08-02T03:09:35.169+0000] {logging_mixin.py:188} INFO - [2025-08-02T03:09:35.169+0000] {dag.py:3834} INFO - Setting next_dagrun for example_branch_datetime_operator_3 to 2025-08-01 00:00:00+00:00, run_after=2025-08-02 00:00:00+00:00
[2025-08-02T03:09:35.178+0000] {processor.py:183} INFO - Processing /home/airflow/.local/lib/python3.8/site-packages/airflow/example_dags/example_branch_datetime_operator.py took 0.114 seconds
[2025-08-02T03:10:07.007+0000] {processor.py:161} INFO - Started process (PID=204) to work on /home/airflow/.local/lib/python3.8/site-packages/airflow/example_dags/example_branch_datetime_operator.py
[2025-08-02T03:10:07.013+0000] {processor.py:830} INFO - Processing file /home/airflow/.local/lib/python3.8/site-packages/airflow/example_dags/example_branch_datetime_operator.py for tasks to queue
[2025-08-02T03:10:07.021+0000] {logging_mixin.py:188} INFO - [2025-08-02T03:10:07.020+0000] {dagbag.py:540} INFO - Filling up the DagBag from /home/airflow/.local/lib/python3.8/site-packages/airflow/example_dags/example_branch_datetime_operator.py
[2025-08-02T03:10:07.068+0000] {processor.py:840} INFO - DAG(s) 'example_branch_datetime_operator_3', 'example_branch_datetime_operator_2', 'example_branch_datetime_operator' retrieved from /home/airflow/.local/lib/python3.8/site-packages/airflow/example_dags/example_branch_datetime_operator.py
[2025-08-02T03:10:07.183+0000] {logging_mixin.py:188} INFO - [2025-08-02T03:10:07.183+0000] {dag.py:3047} INFO - Sync 3 DAGs
[2025-08-02T03:10:07.232+0000] {logging_mixin.py:188} INFO - [2025-08-02T03:10:07.232+0000] {dag.py:3834} INFO - Setting next_dagrun for example_branch_datetime_operator to 2025-08-01 00:00:00+00:00, run_after=2025-08-02 00:00:00+00:00
[2025-08-02T03:10:07.239+0000] {logging_mixin.py:188} INFO - [2025-08-02T03:10:07.239+0000] {dag.py:3834} INFO - Setting next_dagrun for example_branch_datetime_operator_2 to 2025-08-01 00:00:00+00:00, run_after=2025-08-02 00:00:00+00:00
[2025-08-02T03:10:07.244+0000] {logging_mixin.py:188} INFO - [2025-08-02T03:10:07.243+0000] {dag.py:3834} INFO - Setting next_dagrun for example_branch_datetime_operator_3 to 2025-08-01 00:00:00+00:00, run_after=2025-08-02 00:00:00+00:00
[2025-08-02T03:10:07.266+0000] {processor.py:183} INFO - Processing /home/airflow/.local/lib/python3.8/site-packages/airflow/example_dags/example_branch_datetime_operator.py took 0.286 seconds
[2025-08-02T03:10:37.540+0000] {processor.py:161} INFO - Started process (PID=260) to work on /home/airflow/.local/lib/python3.8/site-packages/airflow/example_dags/example_branch_datetime_operator.py
[2025-08-02T03:10:37.541+0000] {processor.py:830} INFO - Processing file /home/airflow/.local/lib/python3.8/site-packages/airflow/example_dags/example_branch_datetime_operator.py for tasks to queue
[2025-08-02T03:10:37.543+0000] {logging_mixin.py:188} INFO - [2025-08-02T03:10:37.543+0000] {dagbag.py:540} INFO - Filling up the DagBag from /home/airflow/.local/lib/python3.8/site-packages/airflow/example_dags/example_branch_datetime_operator.py
[2025-08-02T03:10:37.558+0000] {processor.py:840} INFO - DAG(s) 'example_branch_datetime_operator_2', 'example_branch_datetime_operator', 'example_branch_datetime_operator_3' retrieved from /home/airflow/.local/lib/python3.8/site-packages/airflow/example_dags/example_branch_datetime_operator.py
[2025-08-02T03:10:37.601+0000] {logging_mixin.py:188} INFO - [2025-08-02T03:10:37.601+0000] {dag.py:3047} INFO - Sync 3 DAGs
[2025-08-02T03:10:37.624+0000] {logging_mixin.py:188} INFO - [2025-08-02T03:10:37.624+0000] {dag.py:3834} INFO - Setting next_dagrun for example_branch_datetime_operator to 2025-08-01 00:00:00+00:00, run_after=2025-08-02 00:00:00+00:00
[2025-08-02T03:10:37.628+0000] {logging_mixin.py:188} INFO - [2025-08-02T03:10:37.628+0000] {dag.py:3834} INFO - Setting next_dagrun for example_branch_datetime_operator_2 to 2025-08-01 00:00:00+00:00, run_after=2025-08-02 00:00:00+00:00
[2025-08-02T03:10:37.631+0000] {logging_mixin.py:188} INFO - [2025-08-02T03:10:37.631+0000] {dag.py:3834} INFO - Setting next_dagrun for example_branch_datetime_operator_3 to 2025-08-01 00:00:00+00:00, run_after=2025-08-02 00:00:00+00:00
[2025-08-02T03:10:37.642+0000] {processor.py:183} INFO - Processing /home/airflow/.local/lib/python3.8/site-packages/airflow/example_dags/example_branch_datetime_operator.py took 0.105 seconds
[2025-08-02T03:11:08.383+0000] {processor.py:161} INFO - Started process (PID=316) to work on /home/airflow/.local/lib/python3.8/site-packages/airflow/example_dags/example_branch_datetime_operator.py
[2025-08-02T03:11:08.385+0000] {processor.py:830} INFO - Processing file /home/airflow/.local/lib/python3.8/site-packages/airflow/example_dags/example_branch_datetime_operator.py for tasks to queue
[2025-08-02T03:11:08.388+0000] {logging_mixin.py:188} INFO - [2025-08-02T03:11:08.388+0000] {dagbag.py:540} INFO - Filling up the DagBag from /home/airflow/.local/lib/python3.8/site-packages/airflow/example_dags/example_branch_datetime_operator.py
[2025-08-02T03:11:08.416+0000] {processor.py:840} INFO - DAG(s) 'example_branch_datetime_operator_3', 'example_branch_datetime_operator_2', 'example_branch_datetime_operator' retrieved from /home/airflow/.local/lib/python3.8/site-packages/airflow/example_dags/example_branch_datetime_operator.py
[2025-08-02T03:11:08.515+0000] {logging_mixin.py:188} INFO - [2025-08-02T03:11:08.514+0000] {dag.py:3047} INFO - Sync 3 DAGs
[2025-08-02T03:11:08.700+0000] {logging_mixin.py:188} INFO - [2025-08-02T03:11:08.698+0000] {dag.py:3834} INFO - Setting next_dagrun for example_branch_datetime_operator to 2025-08-01 00:00:00+00:00, run_after=2025-08-02 00:00:00+00:00
[2025-08-02T03:11:08.713+0000] {logging_mixin.py:188} INFO - [2025-08-02T03:11:08.711+0000] {dag.py:3834} INFO - Setting next_dagrun for example_branch_datetime_operator_2 to 2025-08-01 00:00:00+00:00, run_after=2025-08-02 00:00:00+00:00
[2025-08-02T03:11:08.722+0000] {logging_mixin.py:188} INFO - [2025-08-02T03:11:08.722+0000] {dag.py:3834} INFO - Setting next_dagrun for example_branch_datetime_operator_3 to 2025-08-01 00:00:00+00:00, run_after=2025-08-02 00:00:00+00:00
[2025-08-02T03:11:08.792+0000] {processor.py:183} INFO - Processing /home/airflow/.local/lib/python3.8/site-packages/airflow/example_dags/example_branch_datetime_operator.py took 0.415 seconds
[2025-08-02T03:11:39.479+0000] {processor.py:161} INFO - Started process (PID=372) to work on /home/airflow/.local/lib/python3.8/site-packages/airflow/example_dags/example_branch_datetime_operator.py
[2025-08-02T03:11:39.491+0000] {processor.py:830} INFO - Processing file /home/airflow/.local/lib/python3.8/site-packages/airflow/example_dags/example_branch_datetime_operator.py for tasks to queue
[2025-08-02T03:11:39.521+0000] {logging_mixin.py:188} INFO - [2025-08-02T03:11:39.517+0000] {dagbag.py:540} INFO - Filling up the DagBag from /home/airflow/.local/lib/python3.8/site-packages/airflow/example_dags/example_branch_datetime_operator.py
[2025-08-02T03:11:39.548+0000] {processor.py:840} INFO - DAG(s) 'example_branch_datetime_operator_3', 'example_branch_datetime_operator', 'example_branch_datetime_operator_2' retrieved from /home/airflow/.local/lib/python3.8/site-packages/airflow/example_dags/example_branch_datetime_operator.py
[2025-08-02T03:11:39.596+0000] {logging_mixin.py:188} INFO - [2025-08-02T03:11:39.595+0000] {dag.py:3047} INFO - Sync 3 DAGs
[2025-08-02T03:11:39.637+0000] {logging_mixin.py:188} INFO - [2025-08-02T03:11:39.636+0000] {dag.py:3834} INFO - Setting next_dagrun for example_branch_datetime_operator to 2025-08-01 00:00:00+00:00, run_after=2025-08-02 00:00:00+00:00
[2025-08-02T03:11:39.641+0000] {logging_mixin.py:188} INFO - [2025-08-02T03:11:39.641+0000] {dag.py:3834} INFO - Setting next_dagrun for example_branch_datetime_operator_2 to 2025-08-01 00:00:00+00:00, run_after=2025-08-02 00:00:00+00:00
[2025-08-02T03:11:39.644+0000] {logging_mixin.py:188} INFO - [2025-08-02T03:11:39.644+0000] {dag.py:3834} INFO - Setting next_dagrun for example_branch_datetime_operator_3 to 2025-08-01 00:00:00+00:00, run_after=2025-08-02 00:00:00+00:00
[2025-08-02T03:11:39.661+0000] {processor.py:183} INFO - Processing /home/airflow/.local/lib/python3.8/site-packages/airflow/example_dags/example_branch_datetime_operator.py took 0.196 seconds
[2025-08-02T03:12:10.115+0000] {processor.py:161} INFO - Started process (PID=428) to work on /home/airflow/.local/lib/python3.8/site-packages/airflow/example_dags/example_branch_datetime_operator.py
[2025-08-02T03:12:10.117+0000] {processor.py:830} INFO - Processing file /home/airflow/.local/lib/python3.8/site-packages/airflow/example_dags/example_branch_datetime_operator.py for tasks to queue
[2025-08-02T03:12:10.129+0000] {logging_mixin.py:188} INFO - [2025-08-02T03:12:10.128+0000] {dagbag.py:540} INFO - Filling up the DagBag from /home/airflow/.local/lib/python3.8/site-packages/airflow/example_dags/example_branch_datetime_operator.py
[2025-08-02T03:12:10.147+0000] {processor.py:840} INFO - DAG(s) 'example_branch_datetime_operator', 'example_branch_datetime_operator_2', 'example_branch_datetime_operator_3' retrieved from /home/airflow/.local/lib/python3.8/site-packages/airflow/example_dags/example_branch_datetime_operator.py
[2025-08-02T03:12:10.197+0000] {logging_mixin.py:188} INFO - [2025-08-02T03:12:10.197+0000] {dag.py:3047} INFO - Sync 3 DAGs
[2025-08-02T03:12:10.218+0000] {logging_mixin.py:188} INFO - [2025-08-02T03:12:10.217+0000] {dag.py:3834} INFO - Setting next_dagrun for example_branch_datetime_operator to 2025-08-01 00:00:00+00:00, run_after=2025-08-02 00:00:00+00:00
[2025-08-02T03:12:10.221+0000] {logging_mixin.py:188} INFO - [2025-08-02T03:12:10.220+0000] {dag.py:3834} INFO - Setting next_dagrun for example_branch_datetime_operator_2 to 2025-08-01 00:00:00+00:00, run_after=2025-08-02 00:00:00+00:00
[2025-08-02T03:12:10.223+0000] {logging_mixin.py:188} INFO - [2025-08-02T03:12:10.222+0000] {dag.py:3834} INFO - Setting next_dagrun for example_branch_datetime_operator_3 to 2025-08-01 00:00:00+00:00, run_after=2025-08-02 00:00:00+00:00
[2025-08-02T03:12:10.237+0000] {processor.py:183} INFO - Processing /home/airflow/.local/lib/python3.8/site-packages/airflow/example_dags/example_branch_datetime_operator.py took 0.130 seconds
[2025-08-02T03:12:41.170+0000] {processor.py:161} INFO - Started process (PID=484) to work on /home/airflow/.local/lib/python3.8/site-packages/airflow/example_dags/example_branch_datetime_operator.py
[2025-08-02T03:12:41.172+0000] {processor.py:830} INFO - Processing file /home/airflow/.local/lib/python3.8/site-packages/airflow/example_dags/example_branch_datetime_operator.py for tasks to queue
[2025-08-02T03:12:41.174+0000] {logging_mixin.py:188} INFO - [2025-08-02T03:12:41.174+0000] {dagbag.py:540} INFO - Filling up the DagBag from /home/airflow/.local/lib/python3.8/site-packages/airflow/example_dags/example_branch_datetime_operator.py
[2025-08-02T03:12:41.188+0000] {processor.py:840} INFO - DAG(s) 'example_branch_datetime_operator_2', 'example_branch_datetime_operator_3', 'example_branch_datetime_operator' retrieved from /home/airflow/.local/lib/python3.8/site-packages/airflow/example_dags/example_branch_datetime_operator.py
[2025-08-02T03:12:41.230+0000] {logging_mixin.py:188} INFO - [2025-08-02T03:12:41.230+0000] {dag.py:3047} INFO - Sync 3 DAGs
[2025-08-02T03:12:41.249+0000] {logging_mixin.py:188} INFO - [2025-08-02T03:12:41.248+0000] {dag.py:3834} INFO - Setting next_dagrun for example_branch_datetime_operator to 2025-08-01 00:00:00+00:00, run_after=2025-08-02 00:00:00+00:00
[2025-08-02T03:12:41.253+0000] {logging_mixin.py:188} INFO - [2025-08-02T03:12:41.253+0000] {dag.py:3834} INFO - Setting next_dagrun for example_branch_datetime_operator_2 to 2025-08-01 00:00:00+00:00, run_after=2025-08-02 00:00:00+00:00
[2025-08-02T03:12:41.255+0000] {logging_mixin.py:188} INFO - [2025-08-02T03:12:41.255+0000] {dag.py:3834} INFO - Setting next_dagrun for example_branch_datetime_operator_3 to 2025-08-01 00:00:00+00:00, run_after=2025-08-02 00:00:00+00:00
[2025-08-02T03:12:41.267+0000] {processor.py:183} INFO - Processing /home/airflow/.local/lib/python3.8/site-packages/airflow/example_dags/example_branch_datetime_operator.py took 0.101 seconds
[2025-08-02T03:13:12.163+0000] {processor.py:161} INFO - Started process (PID=540) to work on /home/airflow/.local/lib/python3.8/site-packages/airflow/example_dags/example_branch_datetime_operator.py
[2025-08-02T03:13:12.165+0000] {processor.py:830} INFO - Processing file /home/airflow/.local/lib/python3.8/site-packages/airflow/example_dags/example_branch_datetime_operator.py for tasks to queue
[2025-08-02T03:13:12.167+0000] {logging_mixin.py:188} INFO - [2025-08-02T03:13:12.167+0000] {dagbag.py:540} INFO - Filling up the DagBag from /home/airflow/.local/lib/python3.8/site-packages/airflow/example_dags/example_branch_datetime_operator.py
[2025-08-02T03:13:12.176+0000] {processor.py:840} INFO - DAG(s) 'example_branch_datetime_operator', 'example_branch_datetime_operator_3', 'example_branch_datetime_operator_2' retrieved from /home/airflow/.local/lib/python3.8/site-packages/airflow/example_dags/example_branch_datetime_operator.py
[2025-08-02T03:13:12.215+0000] {logging_mixin.py:188} INFO - [2025-08-02T03:13:12.215+0000] {dag.py:3047} INFO - Sync 3 DAGs
[2025-08-02T03:13:12.231+0000] {logging_mixin.py:188} INFO - [2025-08-02T03:13:12.231+0000] {dag.py:3834} INFO - Setting next_dagrun for example_branch_datetime_operator to 2025-08-01 00:00:00+00:00, run_after=2025-08-02 00:00:00+00:00
[2025-08-02T03:13:12.234+0000] {logging_mixin.py:188} INFO - [2025-08-02T03:13:12.234+0000] {dag.py:3834} INFO - Setting next_dagrun for example_branch_datetime_operator_2 to 2025-08-01 00:00:00+00:00, run_after=2025-08-02 00:00:00+00:00
[2025-08-02T03:13:12.236+0000] {logging_mixin.py:188} INFO - [2025-08-02T03:13:12.236+0000] {dag.py:3834} INFO - Setting next_dagrun for example_branch_datetime_operator_3 to 2025-08-01 00:00:00+00:00, run_after=2025-08-02 00:00:00+00:00
[2025-08-02T03:13:12.249+0000] {processor.py:183} INFO - Processing /home/airflow/.local/lib/python3.8/site-packages/airflow/example_dags/example_branch_datetime_operator.py took 0.091 seconds
[2025-08-02T03:13:42.897+0000] {processor.py:161} INFO - Started process (PID=596) to work on /home/airflow/.local/lib/python3.8/site-packages/airflow/example_dags/example_branch_datetime_operator.py
[2025-08-02T03:13:42.902+0000] {processor.py:830} INFO - Processing file /home/airflow/.local/lib/python3.8/site-packages/airflow/example_dags/example_branch_datetime_operator.py for tasks to queue
[2025-08-02T03:13:42.905+0000] {logging_mixin.py:188} INFO - [2025-08-02T03:13:42.904+0000] {dagbag.py:540} INFO - Filling up the DagBag from /home/airflow/.local/lib/python3.8/site-packages/airflow/example_dags/example_branch_datetime_operator.py
[2025-08-02T03:13:42.917+0000] {processor.py:840} INFO - DAG(s) 'example_branch_datetime_operator_2', 'example_branch_datetime_operator_3', 'example_branch_datetime_operator' retrieved from /home/airflow/.local/lib/python3.8/site-packages/airflow/example_dags/example_branch_datetime_operator.py
[2025-08-02T03:13:42.950+0000] {logging_mixin.py:188} INFO - [2025-08-02T03:13:42.949+0000] {dag.py:3047} INFO - Sync 3 DAGs
[2025-08-02T03:13:42.977+0000] {logging_mixin.py:188} INFO - [2025-08-02T03:13:42.977+0000] {dag.py:3834} INFO - Setting next_dagrun for example_branch_datetime_operator to 2025-08-01 00:00:00+00:00, run_after=2025-08-02 00:00:00+00:00
[2025-08-02T03:13:42.981+0000] {logging_mixin.py:188} INFO - [2025-08-02T03:13:42.981+0000] {dag.py:3834} INFO - Setting next_dagrun for example_branch_datetime_operator_2 to 2025-08-01 00:00:00+00:00, run_after=2025-08-02 00:00:00+00:00
[2025-08-02T03:13:42.983+0000] {logging_mixin.py:188} INFO - [2025-08-02T03:13:42.983+0000] {dag.py:3834} INFO - Setting next_dagrun for example_branch_datetime_operator_3 to 2025-08-01 00:00:00+00:00, run_after=2025-08-02 00:00:00+00:00
[2025-08-02T03:13:42.995+0000] {processor.py:183} INFO - Processing /home/airflow/.local/lib/python3.8/site-packages/airflow/example_dags/example_branch_datetime_operator.py took 0.103 seconds
[2025-08-02T03:14:13.376+0000] {processor.py:161} INFO - Started process (PID=652) to work on /home/airflow/.local/lib/python3.8/site-packages/airflow/example_dags/example_branch_datetime_operator.py
[2025-08-02T03:14:13.379+0000] {processor.py:830} INFO - Processing file /home/airflow/.local/lib/python3.8/site-packages/airflow/example_dags/example_branch_datetime_operator.py for tasks to queue
[2025-08-02T03:14:13.383+0000] {logging_mixin.py:188} INFO - [2025-08-02T03:14:13.383+0000] {dagbag.py:540} INFO - Filling up the DagBag from /home/airflow/.local/lib/python3.8/site-packages/airflow/example_dags/example_branch_datetime_operator.py
[2025-08-02T03:14:13.429+0000] {processor.py:840} INFO - DAG(s) 'example_branch_datetime_operator_3', 'example_branch_datetime_operator', 'example_branch_datetime_operator_2' retrieved from /home/airflow/.local/lib/python3.8/site-packages/airflow/example_dags/example_branch_datetime_operator.py
[2025-08-02T03:14:13.502+0000] {logging_mixin.py:188} INFO - [2025-08-02T03:14:13.502+0000] {dag.py:3047} INFO - Sync 3 DAGs
[2025-08-02T03:14:13.534+0000] {logging_mixin.py:188} INFO - [2025-08-02T03:14:13.534+0000] {dag.py:3834} INFO - Setting next_dagrun for example_branch_datetime_operator to 2025-08-01 00:00:00+00:00, run_after=2025-08-02 00:00:00+00:00
[2025-08-02T03:14:13.543+0000] {logging_mixin.py:188} INFO - [2025-08-02T03:14:13.543+0000] {dag.py:3834} INFO - Setting next_dagrun for example_branch_datetime_operator_2 to 2025-08-01 00:00:00+00:00, run_after=2025-08-02 00:00:00+00:00
[2025-08-02T03:14:13.548+0000] {logging_mixin.py:188} INFO - [2025-08-02T03:14:13.548+0000] {dag.py:3834} INFO - Setting next_dagrun for example_branch_datetime_operator_3 to 2025-08-01 00:00:00+00:00, run_after=2025-08-02 00:00:00+00:00
[2025-08-02T03:14:13.578+0000] {processor.py:183} INFO - Processing /home/airflow/.local/lib/python3.8/site-packages/airflow/example_dags/example_branch_datetime_operator.py took 0.238 seconds
[2025-08-02T03:14:43.774+0000] {processor.py:161} INFO - Started process (PID=708) to work on /home/airflow/.local/lib/python3.8/site-packages/airflow/example_dags/example_branch_datetime_operator.py
[2025-08-02T03:14:43.776+0000] {processor.py:830} INFO - Processing file /home/airflow/.local/lib/python3.8/site-packages/airflow/example_dags/example_branch_datetime_operator.py for tasks to queue
[2025-08-02T03:14:43.783+0000] {logging_mixin.py:188} INFO - [2025-08-02T03:14:43.782+0000] {dagbag.py:540} INFO - Filling up the DagBag from /home/airflow/.local/lib/python3.8/site-packages/airflow/example_dags/example_branch_datetime_operator.py
[2025-08-02T03:14:43.830+0000] {processor.py:840} INFO - DAG(s) 'example_branch_datetime_operator', 'example_branch_datetime_operator_2', 'example_branch_datetime_operator_3' retrieved from /home/airflow/.local/lib/python3.8/site-packages/airflow/example_dags/example_branch_datetime_operator.py
[2025-08-02T03:14:43.885+0000] {logging_mixin.py:188} INFO - [2025-08-02T03:14:43.885+0000] {dag.py:3047} INFO - Sync 3 DAGs
[2025-08-02T03:14:43.924+0000] {logging_mixin.py:188} INFO - [2025-08-02T03:14:43.924+0000] {dag.py:3834} INFO - Setting next_dagrun for example_branch_datetime_operator to 2025-08-01 00:00:00+00:00, run_after=2025-08-02 00:00:00+00:00
[2025-08-02T03:14:43.928+0000] {logging_mixin.py:188} INFO - [2025-08-02T03:14:43.928+0000] {dag.py:3834} INFO - Setting next_dagrun for example_branch_datetime_operator_2 to 2025-08-01 00:00:00+00:00, run_after=2025-08-02 00:00:00+00:00
[2025-08-02T03:14:43.930+0000] {logging_mixin.py:188} INFO - [2025-08-02T03:14:43.930+0000] {dag.py:3834} INFO - Setting next_dagrun for example_branch_datetime_operator_3 to 2025-08-01 00:00:00+00:00, run_after=2025-08-02 00:00:00+00:00
[2025-08-02T03:14:43.947+0000] {processor.py:183} INFO - Processing /home/airflow/.local/lib/python3.8/site-packages/airflow/example_dags/example_branch_datetime_operator.py took 0.196 seconds
