[2025-08-02T01:42:44.081+0000] {processor.py:161} INFO - Started process (PID=92) to work on /home/airflow/.local/lib/python3.8/site-packages/airflow/example_dags/example_branch_day_of_week_operator.py
[2025-08-02T01:42:44.086+0000] {processor.py:830} INFO - Processing file /home/airflow/.local/lib/python3.8/site-packages/airflow/example_dags/example_branch_day_of_week_operator.py for tasks to queue
[2025-08-02T01:42:44.090+0000] {logging_mixin.py:188} INFO - [2025-08-02T01:42:44.090+0000] {dagbag.py:540} INFO - Filling up the DagBag from /home/airflow/.local/lib/python3.8/site-packages/airflow/example_dags/example_branch_day_of_week_operator.py
[2025-08-02T01:42:44.115+0000] {processor.py:840} INFO - DAG(s) 'example_weekday_branch_operator' retrieved from /home/airflow/.local/lib/python3.8/site-packages/airflow/example_dags/example_branch_day_of_week_operator.py
[2025-08-02T01:42:44.278+0000] {logging_mixin.py:188} INFO - [2025-08-02T01:42:44.278+0000] {dag.py:3047} INFO - Sync 1 DAGs
[2025-08-02T01:42:44.305+0000] {logging_mixin.py:188} INFO - [2025-08-02T01:42:44.305+0000] {dag.py:3834} INFO - Setting next_dagrun for example_weekday_branch_operator to 2025-08-01 00:00:00+00:00, run_after=2025-08-02 00:00:00+00:00
[2025-08-02T01:42:44.360+0000] {processor.py:183} INFO - Processing /home/airflow/.local/lib/python3.8/site-packages/airflow/example_dags/example_branch_day_of_week_operator.py took 0.304 seconds
[2025-08-02T01:43:14.977+0000] {processor.py:161} INFO - Started process (PID=148) to work on /home/airflow/.local/lib/python3.8/site-packages/airflow/example_dags/example_branch_day_of_week_operator.py
[2025-08-02T01:43:14.978+0000] {processor.py:830} INFO - Processing file /home/airflow/.local/lib/python3.8/site-packages/airflow/example_dags/example_branch_day_of_week_operator.py for tasks to queue
[2025-08-02T01:43:14.980+0000] {logging_mixin.py:188} INFO - [2025-08-02T01:43:14.980+0000] {dagbag.py:540} INFO - Filling up the DagBag from /home/airflow/.local/lib/python3.8/site-packages/airflow/example_dags/example_branch_day_of_week_operator.py
[2025-08-02T01:43:14.985+0000] {processor.py:840} INFO - DAG(s) 'example_weekday_branch_operator' retrieved from /home/airflow/.local/lib/python3.8/site-packages/airflow/example_dags/example_branch_day_of_week_operator.py
[2025-08-02T01:43:15.006+0000] {logging_mixin.py:188} INFO - [2025-08-02T01:43:15.005+0000] {dag.py:3047} INFO - Sync 1 DAGs
[2025-08-02T01:43:15.028+0000] {logging_mixin.py:188} INFO - [2025-08-02T01:43:15.027+0000] {dag.py:3834} INFO - Setting next_dagrun for example_weekday_branch_operator to 2025-08-01 00:00:00+00:00, run_after=2025-08-02 00:00:00+00:00
[2025-08-02T01:43:15.044+0000] {processor.py:183} INFO - Processing /home/airflow/.local/lib/python3.8/site-packages/airflow/example_dags/example_branch_day_of_week_operator.py took 0.070 seconds
[2025-08-02T01:43:46.118+0000] {processor.py:161} INFO - Started process (PID=204) to work on /home/airflow/.local/lib/python3.8/site-packages/airflow/example_dags/example_branch_day_of_week_operator.py
[2025-08-02T01:43:46.119+0000] {processor.py:830} INFO - Processing file /home/airflow/.local/lib/python3.8/site-packages/airflow/example_dags/example_branch_day_of_week_operator.py for tasks to queue
[2025-08-02T01:43:46.122+0000] {logging_mixin.py:188} INFO - [2025-08-02T01:43:46.122+0000] {dagbag.py:540} INFO - Filling up the DagBag from /home/airflow/.local/lib/python3.8/site-packages/airflow/example_dags/example_branch_day_of_week_operator.py
[2025-08-02T01:43:46.139+0000] {processor.py:840} INFO - DAG(s) 'example_weekday_branch_operator' retrieved from /home/airflow/.local/lib/python3.8/site-packages/airflow/example_dags/example_branch_day_of_week_operator.py
[2025-08-02T01:43:46.164+0000] {logging_mixin.py:188} INFO - [2025-08-02T01:43:46.163+0000] {dag.py:3047} INFO - Sync 1 DAGs
[2025-08-02T01:43:46.187+0000] {logging_mixin.py:188} INFO - [2025-08-02T01:43:46.186+0000] {dag.py:3834} INFO - Setting next_dagrun for example_weekday_branch_operator to 2025-08-01 00:00:00+00:00, run_after=2025-08-02 00:00:00+00:00
[2025-08-02T01:43:46.211+0000] {processor.py:183} INFO - Processing /home/airflow/.local/lib/python3.8/site-packages/airflow/example_dags/example_branch_day_of_week_operator.py took 0.095 seconds
[2025-08-02T01:44:16.255+0000] {processor.py:161} INFO - Started process (PID=260) to work on /home/airflow/.local/lib/python3.8/site-packages/airflow/example_dags/example_branch_day_of_week_operator.py
[2025-08-02T01:44:16.260+0000] {processor.py:830} INFO - Processing file /home/airflow/.local/lib/python3.8/site-packages/airflow/example_dags/example_branch_day_of_week_operator.py for tasks to queue
[2025-08-02T01:44:16.261+0000] {logging_mixin.py:188} INFO - [2025-08-02T01:44:16.261+0000] {dagbag.py:540} INFO - Filling up the DagBag from /home/airflow/.local/lib/python3.8/site-packages/airflow/example_dags/example_branch_day_of_week_operator.py
[2025-08-02T01:44:16.266+0000] {processor.py:840} INFO - DAG(s) 'example_weekday_branch_operator' retrieved from /home/airflow/.local/lib/python3.8/site-packages/airflow/example_dags/example_branch_day_of_week_operator.py
[2025-08-02T01:44:16.279+0000] {logging_mixin.py:188} INFO - [2025-08-02T01:44:16.279+0000] {dag.py:3047} INFO - Sync 1 DAGs
[2025-08-02T01:44:16.293+0000] {logging_mixin.py:188} INFO - [2025-08-02T01:44:16.293+0000] {dag.py:3834} INFO - Setting next_dagrun for example_weekday_branch_operator to 2025-08-01 00:00:00+00:00, run_after=2025-08-02 00:00:00+00:00
[2025-08-02T01:44:16.305+0000] {processor.py:183} INFO - Processing /home/airflow/.local/lib/python3.8/site-packages/airflow/example_dags/example_branch_day_of_week_operator.py took 0.052 seconds
[2025-08-02T01:44:47.209+0000] {processor.py:161} INFO - Started process (PID=316) to work on /home/airflow/.local/lib/python3.8/site-packages/airflow/example_dags/example_branch_day_of_week_operator.py
[2025-08-02T01:44:47.212+0000] {processor.py:830} INFO - Processing file /home/airflow/.local/lib/python3.8/site-packages/airflow/example_dags/example_branch_day_of_week_operator.py for tasks to queue
[2025-08-02T01:44:47.217+0000] {logging_mixin.py:188} INFO - [2025-08-02T01:44:47.216+0000] {dagbag.py:540} INFO - Filling up the DagBag from /home/airflow/.local/lib/python3.8/site-packages/airflow/example_dags/example_branch_day_of_week_operator.py
[2025-08-02T01:44:47.227+0000] {processor.py:840} INFO - DAG(s) 'example_weekday_branch_operator' retrieved from /home/airflow/.local/lib/python3.8/site-packages/airflow/example_dags/example_branch_day_of_week_operator.py
[2025-08-02T01:44:47.267+0000] {logging_mixin.py:188} INFO - [2025-08-02T01:44:47.267+0000] {dag.py:3047} INFO - Sync 1 DAGs
[2025-08-02T01:44:47.339+0000] {logging_mixin.py:188} INFO - [2025-08-02T01:44:47.338+0000] {dag.py:3834} INFO - Setting next_dagrun for example_weekday_branch_operator to 2025-08-01 00:00:00+00:00, run_after=2025-08-02 00:00:00+00:00
[2025-08-02T01:44:47.381+0000] {processor.py:183} INFO - Processing /home/airflow/.local/lib/python3.8/site-packages/airflow/example_dags/example_branch_day_of_week_operator.py took 0.179 seconds
[2025-08-02T01:45:17.554+0000] {processor.py:161} INFO - Started process (PID=372) to work on /home/airflow/.local/lib/python3.8/site-packages/airflow/example_dags/example_branch_day_of_week_operator.py
[2025-08-02T01:45:17.555+0000] {processor.py:830} INFO - Processing file /home/airflow/.local/lib/python3.8/site-packages/airflow/example_dags/example_branch_day_of_week_operator.py for tasks to queue
[2025-08-02T01:45:17.557+0000] {logging_mixin.py:188} INFO - [2025-08-02T01:45:17.557+0000] {dagbag.py:540} INFO - Filling up the DagBag from /home/airflow/.local/lib/python3.8/site-packages/airflow/example_dags/example_branch_day_of_week_operator.py
[2025-08-02T01:45:17.564+0000] {processor.py:840} INFO - DAG(s) 'example_weekday_branch_operator' retrieved from /home/airflow/.local/lib/python3.8/site-packages/airflow/example_dags/example_branch_day_of_week_operator.py
[2025-08-02T01:45:17.586+0000] {logging_mixin.py:188} INFO - [2025-08-02T01:45:17.585+0000] {dag.py:3047} INFO - Sync 1 DAGs
[2025-08-02T01:45:17.601+0000] {logging_mixin.py:188} INFO - [2025-08-02T01:45:17.601+0000] {dag.py:3834} INFO - Setting next_dagrun for example_weekday_branch_operator to 2025-08-01 00:00:00+00:00, run_after=2025-08-02 00:00:00+00:00
[2025-08-02T01:45:17.614+0000] {processor.py:183} INFO - Processing /home/airflow/.local/lib/python3.8/site-packages/airflow/example_dags/example_branch_day_of_week_operator.py took 0.065 seconds
[2025-08-02T01:45:48.749+0000] {processor.py:161} INFO - Started process (PID=428) to work on /home/airflow/.local/lib/python3.8/site-packages/airflow/example_dags/example_branch_day_of_week_operator.py
[2025-08-02T01:45:48.752+0000] {processor.py:830} INFO - Processing file /home/airflow/.local/lib/python3.8/site-packages/airflow/example_dags/example_branch_day_of_week_operator.py for tasks to queue
[2025-08-02T01:45:48.757+0000] {logging_mixin.py:188} INFO - [2025-08-02T01:45:48.756+0000] {dagbag.py:540} INFO - Filling up the DagBag from /home/airflow/.local/lib/python3.8/site-packages/airflow/example_dags/example_branch_day_of_week_operator.py
[2025-08-02T01:45:48.776+0000] {processor.py:840} INFO - DAG(s) 'example_weekday_branch_operator' retrieved from /home/airflow/.local/lib/python3.8/site-packages/airflow/example_dags/example_branch_day_of_week_operator.py
[2025-08-02T01:45:48.799+0000] {logging_mixin.py:188} INFO - [2025-08-02T01:45:48.799+0000] {dag.py:3047} INFO - Sync 1 DAGs
[2025-08-02T01:45:48.822+0000] {logging_mixin.py:188} INFO - [2025-08-02T01:45:48.822+0000] {dag.py:3834} INFO - Setting next_dagrun for example_weekday_branch_operator to 2025-08-01 00:00:00+00:00, run_after=2025-08-02 00:00:00+00:00
[2025-08-02T01:45:48.856+0000] {processor.py:183} INFO - Processing /home/airflow/.local/lib/python3.8/site-packages/airflow/example_dags/example_branch_day_of_week_operator.py took 0.119 seconds
[2025-08-02T01:46:19.277+0000] {processor.py:161} INFO - Started process (PID=485) to work on /home/airflow/.local/lib/python3.8/site-packages/airflow/example_dags/example_branch_day_of_week_operator.py
[2025-08-02T01:46:19.279+0000] {processor.py:830} INFO - Processing file /home/airflow/.local/lib/python3.8/site-packages/airflow/example_dags/example_branch_day_of_week_operator.py for tasks to queue
[2025-08-02T01:46:19.282+0000] {logging_mixin.py:188} INFO - [2025-08-02T01:46:19.282+0000] {dagbag.py:540} INFO - Filling up the DagBag from /home/airflow/.local/lib/python3.8/site-packages/airflow/example_dags/example_branch_day_of_week_operator.py
[2025-08-02T01:46:19.302+0000] {processor.py:840} INFO - DAG(s) 'example_weekday_branch_operator' retrieved from /home/airflow/.local/lib/python3.8/site-packages/airflow/example_dags/example_branch_day_of_week_operator.py
[2025-08-02T01:46:19.365+0000] {logging_mixin.py:188} INFO - [2025-08-02T01:46:19.365+0000] {dag.py:3047} INFO - Sync 1 DAGs
[2025-08-02T01:46:19.383+0000] {logging_mixin.py:188} INFO - [2025-08-02T01:46:19.383+0000] {dag.py:3834} INFO - Setting next_dagrun for example_weekday_branch_operator to 2025-08-01 00:00:00+00:00, run_after=2025-08-02 00:00:00+00:00
[2025-08-02T01:46:19.410+0000] {processor.py:183} INFO - Processing /home/airflow/.local/lib/python3.8/site-packages/airflow/example_dags/example_branch_day_of_week_operator.py took 0.137 seconds
[2025-08-02T01:46:50.193+0000] {processor.py:161} INFO - Started process (PID=542) to work on /home/airflow/.local/lib/python3.8/site-packages/airflow/example_dags/example_branch_day_of_week_operator.py
[2025-08-02T01:46:50.195+0000] {processor.py:830} INFO - Processing file /home/airflow/.local/lib/python3.8/site-packages/airflow/example_dags/example_branch_day_of_week_operator.py for tasks to queue
[2025-08-02T01:46:50.197+0000] {logging_mixin.py:188} INFO - [2025-08-02T01:46:50.197+0000] {dagbag.py:540} INFO - Filling up the DagBag from /home/airflow/.local/lib/python3.8/site-packages/airflow/example_dags/example_branch_day_of_week_operator.py
[2025-08-02T01:46:50.208+0000] {processor.py:840} INFO - DAG(s) 'example_weekday_branch_operator' retrieved from /home/airflow/.local/lib/python3.8/site-packages/airflow/example_dags/example_branch_day_of_week_operator.py
[2025-08-02T01:46:50.233+0000] {logging_mixin.py:188} INFO - [2025-08-02T01:46:50.233+0000] {dag.py:3047} INFO - Sync 1 DAGs
[2025-08-02T01:46:50.247+0000] {logging_mixin.py:188} INFO - [2025-08-02T01:46:50.247+0000] {dag.py:3834} INFO - Setting next_dagrun for example_weekday_branch_operator to 2025-08-01 00:00:00+00:00, run_after=2025-08-02 00:00:00+00:00
[2025-08-02T01:46:50.263+0000] {processor.py:183} INFO - Processing /home/airflow/.local/lib/python3.8/site-packages/airflow/example_dags/example_branch_day_of_week_operator.py took 0.074 seconds
[2025-08-02T01:47:20.608+0000] {processor.py:161} INFO - Started process (PID=598) to work on /home/airflow/.local/lib/python3.8/site-packages/airflow/example_dags/example_branch_day_of_week_operator.py
[2025-08-02T01:47:20.609+0000] {processor.py:830} INFO - Processing file /home/airflow/.local/lib/python3.8/site-packages/airflow/example_dags/example_branch_day_of_week_operator.py for tasks to queue
[2025-08-02T01:47:20.622+0000] {logging_mixin.py:188} INFO - [2025-08-02T01:47:20.621+0000] {dagbag.py:540} INFO - Filling up the DagBag from /home/airflow/.local/lib/python3.8/site-packages/airflow/example_dags/example_branch_day_of_week_operator.py
[2025-08-02T01:47:20.632+0000] {processor.py:840} INFO - DAG(s) 'example_weekday_branch_operator' retrieved from /home/airflow/.local/lib/python3.8/site-packages/airflow/example_dags/example_branch_day_of_week_operator.py
[2025-08-02T01:47:20.649+0000] {logging_mixin.py:188} INFO - [2025-08-02T01:47:20.649+0000] {dag.py:3047} INFO - Sync 1 DAGs
[2025-08-02T01:47:20.672+0000] {logging_mixin.py:188} INFO - [2025-08-02T01:47:20.672+0000] {dag.py:3834} INFO - Setting next_dagrun for example_weekday_branch_operator to 2025-08-01 00:00:00+00:00, run_after=2025-08-02 00:00:00+00:00
[2025-08-02T01:47:20.686+0000] {processor.py:183} INFO - Processing /home/airflow/.local/lib/python3.8/site-packages/airflow/example_dags/example_branch_day_of_week_operator.py took 0.080 seconds
[2025-08-02T01:47:51.094+0000] {processor.py:161} INFO - Started process (PID=654) to work on /home/airflow/.local/lib/python3.8/site-packages/airflow/example_dags/example_branch_day_of_week_operator.py
[2025-08-02T01:47:51.095+0000] {processor.py:830} INFO - Processing file /home/airflow/.local/lib/python3.8/site-packages/airflow/example_dags/example_branch_day_of_week_operator.py for tasks to queue
[2025-08-02T01:47:51.096+0000] {logging_mixin.py:188} INFO - [2025-08-02T01:47:51.096+0000] {dagbag.py:540} INFO - Filling up the DagBag from /home/airflow/.local/lib/python3.8/site-packages/airflow/example_dags/example_branch_day_of_week_operator.py
[2025-08-02T01:47:51.107+0000] {processor.py:840} INFO - DAG(s) 'example_weekday_branch_operator' retrieved from /home/airflow/.local/lib/python3.8/site-packages/airflow/example_dags/example_branch_day_of_week_operator.py
[2025-08-02T01:47:51.124+0000] {logging_mixin.py:188} INFO - [2025-08-02T01:47:51.124+0000] {dag.py:3047} INFO - Sync 1 DAGs
[2025-08-02T01:47:51.140+0000] {logging_mixin.py:188} INFO - [2025-08-02T01:47:51.139+0000] {dag.py:3834} INFO - Setting next_dagrun for example_weekday_branch_operator to 2025-08-01 00:00:00+00:00, run_after=2025-08-02 00:00:00+00:00
[2025-08-02T01:47:51.157+0000] {processor.py:183} INFO - Processing /home/airflow/.local/lib/python3.8/site-packages/airflow/example_dags/example_branch_day_of_week_operator.py took 0.065 seconds
[2025-08-02T01:48:21.184+0000] {processor.py:161} INFO - Started process (PID=710) to work on /home/airflow/.local/lib/python3.8/site-packages/airflow/example_dags/example_branch_day_of_week_operator.py
[2025-08-02T01:48:21.186+0000] {processor.py:830} INFO - Processing file /home/airflow/.local/lib/python3.8/site-packages/airflow/example_dags/example_branch_day_of_week_operator.py for tasks to queue
[2025-08-02T01:48:21.189+0000] {logging_mixin.py:188} INFO - [2025-08-02T01:48:21.188+0000] {dagbag.py:540} INFO - Filling up the DagBag from /home/airflow/.local/lib/python3.8/site-packages/airflow/example_dags/example_branch_day_of_week_operator.py
[2025-08-02T01:48:21.196+0000] {processor.py:840} INFO - DAG(s) 'example_weekday_branch_operator' retrieved from /home/airflow/.local/lib/python3.8/site-packages/airflow/example_dags/example_branch_day_of_week_operator.py
[2025-08-02T01:48:21.218+0000] {logging_mixin.py:188} INFO - [2025-08-02T01:48:21.217+0000] {dag.py:3047} INFO - Sync 1 DAGs
[2025-08-02T01:48:21.232+0000] {logging_mixin.py:188} INFO - [2025-08-02T01:48:21.231+0000] {dag.py:3834} INFO - Setting next_dagrun for example_weekday_branch_operator to 2025-08-01 00:00:00+00:00, run_after=2025-08-02 00:00:00+00:00
[2025-08-02T01:48:21.248+0000] {processor.py:183} INFO - Processing /home/airflow/.local/lib/python3.8/site-packages/airflow/example_dags/example_branch_day_of_week_operator.py took 0.067 seconds
[2025-08-02T01:48:51.357+0000] {processor.py:161} INFO - Started process (PID=766) to work on /home/airflow/.local/lib/python3.8/site-packages/airflow/example_dags/example_branch_day_of_week_operator.py
[2025-08-02T01:48:51.358+0000] {processor.py:830} INFO - Processing file /home/airflow/.local/lib/python3.8/site-packages/airflow/example_dags/example_branch_day_of_week_operator.py for tasks to queue
[2025-08-02T01:48:51.359+0000] {logging_mixin.py:188} INFO - [2025-08-02T01:48:51.359+0000] {dagbag.py:540} INFO - Filling up the DagBag from /home/airflow/.local/lib/python3.8/site-packages/airflow/example_dags/example_branch_day_of_week_operator.py
[2025-08-02T01:48:51.369+0000] {processor.py:840} INFO - DAG(s) 'example_weekday_branch_operator' retrieved from /home/airflow/.local/lib/python3.8/site-packages/airflow/example_dags/example_branch_day_of_week_operator.py
[2025-08-02T01:48:51.390+0000] {logging_mixin.py:188} INFO - [2025-08-02T01:48:51.390+0000] {dag.py:3047} INFO - Sync 1 DAGs
[2025-08-02T01:48:51.406+0000] {logging_mixin.py:188} INFO - [2025-08-02T01:48:51.406+0000] {dag.py:3834} INFO - Setting next_dagrun for example_weekday_branch_operator to 2025-08-01 00:00:00+00:00, run_after=2025-08-02 00:00:00+00:00
[2025-08-02T01:48:51.439+0000] {processor.py:183} INFO - Processing /home/airflow/.local/lib/python3.8/site-packages/airflow/example_dags/example_branch_day_of_week_operator.py took 0.085 seconds
[2025-08-02T01:49:22.391+0000] {processor.py:161} INFO - Started process (PID=822) to work on /home/airflow/.local/lib/python3.8/site-packages/airflow/example_dags/example_branch_day_of_week_operator.py
[2025-08-02T01:49:22.394+0000] {processor.py:830} INFO - Processing file /home/airflow/.local/lib/python3.8/site-packages/airflow/example_dags/example_branch_day_of_week_operator.py for tasks to queue
[2025-08-02T01:49:22.395+0000] {logging_mixin.py:188} INFO - [2025-08-02T01:49:22.395+0000] {dagbag.py:540} INFO - Filling up the DagBag from /home/airflow/.local/lib/python3.8/site-packages/airflow/example_dags/example_branch_day_of_week_operator.py
[2025-08-02T01:49:22.399+0000] {processor.py:840} INFO - DAG(s) 'example_weekday_branch_operator' retrieved from /home/airflow/.local/lib/python3.8/site-packages/airflow/example_dags/example_branch_day_of_week_operator.py
[2025-08-02T01:49:22.433+0000] {logging_mixin.py:188} INFO - [2025-08-02T01:49:22.433+0000] {dag.py:3047} INFO - Sync 1 DAGs
[2025-08-02T01:49:22.455+0000] {logging_mixin.py:188} INFO - [2025-08-02T01:49:22.455+0000] {dag.py:3834} INFO - Setting next_dagrun for example_weekday_branch_operator to 2025-08-01 00:00:00+00:00, run_after=2025-08-02 00:00:00+00:00
[2025-08-02T01:49:22.477+0000] {processor.py:183} INFO - Processing /home/airflow/.local/lib/python3.8/site-packages/airflow/example_dags/example_branch_day_of_week_operator.py took 0.088 seconds
[2025-08-02T01:49:55.026+0000] {processor.py:161} INFO - Started process (PID=878) to work on /home/airflow/.local/lib/python3.8/site-packages/airflow/example_dags/example_branch_day_of_week_operator.py
[2025-08-02T01:49:55.027+0000] {processor.py:830} INFO - Processing file /home/airflow/.local/lib/python3.8/site-packages/airflow/example_dags/example_branch_day_of_week_operator.py for tasks to queue
[2025-08-02T01:49:55.028+0000] {logging_mixin.py:188} INFO - [2025-08-02T01:49:55.028+0000] {dagbag.py:540} INFO - Filling up the DagBag from /home/airflow/.local/lib/python3.8/site-packages/airflow/example_dags/example_branch_day_of_week_operator.py
[2025-08-02T01:49:55.034+0000] {processor.py:840} INFO - DAG(s) 'example_weekday_branch_operator' retrieved from /home/airflow/.local/lib/python3.8/site-packages/airflow/example_dags/example_branch_day_of_week_operator.py
[2025-08-02T01:49:55.056+0000] {logging_mixin.py:188} INFO - [2025-08-02T01:49:55.056+0000] {dag.py:3047} INFO - Sync 1 DAGs
[2025-08-02T01:49:55.069+0000] {logging_mixin.py:188} INFO - [2025-08-02T01:49:55.069+0000] {dag.py:3834} INFO - Setting next_dagrun for example_weekday_branch_operator to 2025-08-01 00:00:00+00:00, run_after=2025-08-02 00:00:00+00:00
[2025-08-02T01:49:55.082+0000] {processor.py:183} INFO - Processing /home/airflow/.local/lib/python3.8/site-packages/airflow/example_dags/example_branch_day_of_week_operator.py took 0.060 seconds
[2025-08-02T01:50:27.556+0000] {processor.py:161} INFO - Started process (PID=934) to work on /home/airflow/.local/lib/python3.8/site-packages/airflow/example_dags/example_branch_day_of_week_operator.py
[2025-08-02T01:50:27.558+0000] {processor.py:830} INFO - Processing file /home/airflow/.local/lib/python3.8/site-packages/airflow/example_dags/example_branch_day_of_week_operator.py for tasks to queue
[2025-08-02T01:50:27.564+0000] {logging_mixin.py:188} INFO - [2025-08-02T01:50:27.563+0000] {dagbag.py:540} INFO - Filling up the DagBag from /home/airflow/.local/lib/python3.8/site-packages/airflow/example_dags/example_branch_day_of_week_operator.py
[2025-08-02T01:50:27.576+0000] {processor.py:840} INFO - DAG(s) 'example_weekday_branch_operator' retrieved from /home/airflow/.local/lib/python3.8/site-packages/airflow/example_dags/example_branch_day_of_week_operator.py
[2025-08-02T01:50:27.618+0000] {logging_mixin.py:188} INFO - [2025-08-02T01:50:27.617+0000] {dag.py:3047} INFO - Sync 1 DAGs
[2025-08-02T01:50:27.669+0000] {logging_mixin.py:188} INFO - [2025-08-02T01:50:27.668+0000] {dag.py:3834} INFO - Setting next_dagrun for example_weekday_branch_operator to 2025-08-01 00:00:00+00:00, run_after=2025-08-02 00:00:00+00:00
[2025-08-02T01:50:27.719+0000] {processor.py:183} INFO - Processing /home/airflow/.local/lib/python3.8/site-packages/airflow/example_dags/example_branch_day_of_week_operator.py took 0.173 seconds
[2025-08-02T01:50:58.001+0000] {processor.py:161} INFO - Started process (PID=991) to work on /home/airflow/.local/lib/python3.8/site-packages/airflow/example_dags/example_branch_day_of_week_operator.py
[2025-08-02T01:50:58.004+0000] {processor.py:830} INFO - Processing file /home/airflow/.local/lib/python3.8/site-packages/airflow/example_dags/example_branch_day_of_week_operator.py for tasks to queue
[2025-08-02T01:50:58.007+0000] {logging_mixin.py:188} INFO - [2025-08-02T01:50:58.007+0000] {dagbag.py:540} INFO - Filling up the DagBag from /home/airflow/.local/lib/python3.8/site-packages/airflow/example_dags/example_branch_day_of_week_operator.py
[2025-08-02T01:50:58.014+0000] {processor.py:840} INFO - DAG(s) 'example_weekday_branch_operator' retrieved from /home/airflow/.local/lib/python3.8/site-packages/airflow/example_dags/example_branch_day_of_week_operator.py
[2025-08-02T01:50:58.080+0000] {logging_mixin.py:188} INFO - [2025-08-02T01:50:58.079+0000] {dag.py:3047} INFO - Sync 1 DAGs
[2025-08-02T01:50:58.100+0000] {logging_mixin.py:188} INFO - [2025-08-02T01:50:58.099+0000] {dag.py:3834} INFO - Setting next_dagrun for example_weekday_branch_operator to 2025-08-01 00:00:00+00:00, run_after=2025-08-02 00:00:00+00:00
[2025-08-02T01:50:58.119+0000] {processor.py:183} INFO - Processing /home/airflow/.local/lib/python3.8/site-packages/airflow/example_dags/example_branch_day_of_week_operator.py took 0.120 seconds
[2025-08-02T01:51:28.356+0000] {processor.py:161} INFO - Started process (PID=1047) to work on /home/airflow/.local/lib/python3.8/site-packages/airflow/example_dags/example_branch_day_of_week_operator.py
[2025-08-02T01:51:28.357+0000] {processor.py:830} INFO - Processing file /home/airflow/.local/lib/python3.8/site-packages/airflow/example_dags/example_branch_day_of_week_operator.py for tasks to queue
[2025-08-02T01:51:28.359+0000] {logging_mixin.py:188} INFO - [2025-08-02T01:51:28.359+0000] {dagbag.py:540} INFO - Filling up the DagBag from /home/airflow/.local/lib/python3.8/site-packages/airflow/example_dags/example_branch_day_of_week_operator.py
[2025-08-02T01:51:28.363+0000] {processor.py:840} INFO - DAG(s) 'example_weekday_branch_operator' retrieved from /home/airflow/.local/lib/python3.8/site-packages/airflow/example_dags/example_branch_day_of_week_operator.py
[2025-08-02T01:51:28.381+0000] {logging_mixin.py:188} INFO - [2025-08-02T01:51:28.381+0000] {dag.py:3047} INFO - Sync 1 DAGs
[2025-08-02T01:51:28.397+0000] {logging_mixin.py:188} INFO - [2025-08-02T01:51:28.397+0000] {dag.py:3834} INFO - Setting next_dagrun for example_weekday_branch_operator to 2025-08-01 00:00:00+00:00, run_after=2025-08-02 00:00:00+00:00
[2025-08-02T01:51:28.411+0000] {processor.py:183} INFO - Processing /home/airflow/.local/lib/python3.8/site-packages/airflow/example_dags/example_branch_day_of_week_operator.py took 0.057 seconds
[2025-08-02T01:51:58.985+0000] {processor.py:161} INFO - Started process (PID=1103) to work on /home/airflow/.local/lib/python3.8/site-packages/airflow/example_dags/example_branch_day_of_week_operator.py
[2025-08-02T01:51:58.987+0000] {processor.py:830} INFO - Processing file /home/airflow/.local/lib/python3.8/site-packages/airflow/example_dags/example_branch_day_of_week_operator.py for tasks to queue
[2025-08-02T01:51:58.988+0000] {logging_mixin.py:188} INFO - [2025-08-02T01:51:58.988+0000] {dagbag.py:540} INFO - Filling up the DagBag from /home/airflow/.local/lib/python3.8/site-packages/airflow/example_dags/example_branch_day_of_week_operator.py
[2025-08-02T01:51:58.993+0000] {processor.py:840} INFO - DAG(s) 'example_weekday_branch_operator' retrieved from /home/airflow/.local/lib/python3.8/site-packages/airflow/example_dags/example_branch_day_of_week_operator.py
[2025-08-02T01:51:59.014+0000] {logging_mixin.py:188} INFO - [2025-08-02T01:51:59.013+0000] {dag.py:3047} INFO - Sync 1 DAGs
[2025-08-02T01:51:59.026+0000] {logging_mixin.py:188} INFO - [2025-08-02T01:51:59.026+0000] {dag.py:3834} INFO - Setting next_dagrun for example_weekday_branch_operator to 2025-08-01 00:00:00+00:00, run_after=2025-08-02 00:00:00+00:00
[2025-08-02T01:51:59.039+0000] {processor.py:183} INFO - Processing /home/airflow/.local/lib/python3.8/site-packages/airflow/example_dags/example_branch_day_of_week_operator.py took 0.058 seconds
[2025-08-02T01:52:29.906+0000] {processor.py:161} INFO - Started process (PID=1159) to work on /home/airflow/.local/lib/python3.8/site-packages/airflow/example_dags/example_branch_day_of_week_operator.py
[2025-08-02T01:52:29.907+0000] {processor.py:830} INFO - Processing file /home/airflow/.local/lib/python3.8/site-packages/airflow/example_dags/example_branch_day_of_week_operator.py for tasks to queue
[2025-08-02T01:52:29.908+0000] {logging_mixin.py:188} INFO - [2025-08-02T01:52:29.908+0000] {dagbag.py:540} INFO - Filling up the DagBag from /home/airflow/.local/lib/python3.8/site-packages/airflow/example_dags/example_branch_day_of_week_operator.py
[2025-08-02T01:52:29.914+0000] {processor.py:840} INFO - DAG(s) 'example_weekday_branch_operator' retrieved from /home/airflow/.local/lib/python3.8/site-packages/airflow/example_dags/example_branch_day_of_week_operator.py
[2025-08-02T01:52:29.932+0000] {logging_mixin.py:188} INFO - [2025-08-02T01:52:29.931+0000] {dag.py:3047} INFO - Sync 1 DAGs
[2025-08-02T01:52:29.946+0000] {logging_mixin.py:188} INFO - [2025-08-02T01:52:29.946+0000] {dag.py:3834} INFO - Setting next_dagrun for example_weekday_branch_operator to 2025-08-01 00:00:00+00:00, run_after=2025-08-02 00:00:00+00:00
[2025-08-02T01:52:29.962+0000] {processor.py:183} INFO - Processing /home/airflow/.local/lib/python3.8/site-packages/airflow/example_dags/example_branch_day_of_week_operator.py took 0.059 seconds
[2025-08-02T01:53:01.690+0000] {processor.py:161} INFO - Started process (PID=1215) to work on /home/airflow/.local/lib/python3.8/site-packages/airflow/example_dags/example_branch_day_of_week_operator.py
[2025-08-02T01:53:01.691+0000] {processor.py:830} INFO - Processing file /home/airflow/.local/lib/python3.8/site-packages/airflow/example_dags/example_branch_day_of_week_operator.py for tasks to queue
[2025-08-02T01:53:01.694+0000] {logging_mixin.py:188} INFO - [2025-08-02T01:53:01.694+0000] {dagbag.py:540} INFO - Filling up the DagBag from /home/airflow/.local/lib/python3.8/site-packages/airflow/example_dags/example_branch_day_of_week_operator.py
[2025-08-02T01:53:01.700+0000] {processor.py:840} INFO - DAG(s) 'example_weekday_branch_operator' retrieved from /home/airflow/.local/lib/python3.8/site-packages/airflow/example_dags/example_branch_day_of_week_operator.py
[2025-08-02T01:53:01.723+0000] {logging_mixin.py:188} INFO - [2025-08-02T01:53:01.722+0000] {dag.py:3047} INFO - Sync 1 DAGs
[2025-08-02T01:53:01.743+0000] {logging_mixin.py:188} INFO - [2025-08-02T01:53:01.743+0000] {dag.py:3834} INFO - Setting next_dagrun for example_weekday_branch_operator to 2025-08-01 00:00:00+00:00, run_after=2025-08-02 00:00:00+00:00
[2025-08-02T01:53:01.778+0000] {processor.py:183} INFO - Processing /home/airflow/.local/lib/python3.8/site-packages/airflow/example_dags/example_branch_day_of_week_operator.py took 0.091 seconds
[2025-08-02T01:53:32.744+0000] {processor.py:161} INFO - Started process (PID=1271) to work on /home/airflow/.local/lib/python3.8/site-packages/airflow/example_dags/example_branch_day_of_week_operator.py
[2025-08-02T01:53:32.747+0000] {processor.py:830} INFO - Processing file /home/airflow/.local/lib/python3.8/site-packages/airflow/example_dags/example_branch_day_of_week_operator.py for tasks to queue
[2025-08-02T01:53:32.750+0000] {logging_mixin.py:188} INFO - [2025-08-02T01:53:32.750+0000] {dagbag.py:540} INFO - Filling up the DagBag from /home/airflow/.local/lib/python3.8/site-packages/airflow/example_dags/example_branch_day_of_week_operator.py
[2025-08-02T01:53:32.758+0000] {processor.py:840} INFO - DAG(s) 'example_weekday_branch_operator' retrieved from /home/airflow/.local/lib/python3.8/site-packages/airflow/example_dags/example_branch_day_of_week_operator.py
[2025-08-02T01:53:32.795+0000] {logging_mixin.py:188} INFO - [2025-08-02T01:53:32.795+0000] {dag.py:3047} INFO - Sync 1 DAGs
[2025-08-02T01:53:32.818+0000] {logging_mixin.py:188} INFO - [2025-08-02T01:53:32.818+0000] {dag.py:3834} INFO - Setting next_dagrun for example_weekday_branch_operator to 2025-08-01 00:00:00+00:00, run_after=2025-08-02 00:00:00+00:00
[2025-08-02T01:53:32.836+0000] {processor.py:183} INFO - Processing /home/airflow/.local/lib/python3.8/site-packages/airflow/example_dags/example_branch_day_of_week_operator.py took 0.097 seconds
[2025-08-02T01:54:03.544+0000] {processor.py:161} INFO - Started process (PID=1327) to work on /home/airflow/.local/lib/python3.8/site-packages/airflow/example_dags/example_branch_day_of_week_operator.py
[2025-08-02T01:54:03.546+0000] {processor.py:830} INFO - Processing file /home/airflow/.local/lib/python3.8/site-packages/airflow/example_dags/example_branch_day_of_week_operator.py for tasks to queue
[2025-08-02T01:54:03.550+0000] {logging_mixin.py:188} INFO - [2025-08-02T01:54:03.550+0000] {dagbag.py:540} INFO - Filling up the DagBag from /home/airflow/.local/lib/python3.8/site-packages/airflow/example_dags/example_branch_day_of_week_operator.py
[2025-08-02T01:54:03.561+0000] {processor.py:840} INFO - DAG(s) 'example_weekday_branch_operator' retrieved from /home/airflow/.local/lib/python3.8/site-packages/airflow/example_dags/example_branch_day_of_week_operator.py
[2025-08-02T01:54:03.603+0000] {logging_mixin.py:188} INFO - [2025-08-02T01:54:03.603+0000] {dag.py:3047} INFO - Sync 1 DAGs
[2025-08-02T01:54:03.624+0000] {logging_mixin.py:188} INFO - [2025-08-02T01:54:03.624+0000] {dag.py:3834} INFO - Setting next_dagrun for example_weekday_branch_operator to 2025-08-01 00:00:00+00:00, run_after=2025-08-02 00:00:00+00:00
[2025-08-02T01:54:03.652+0000] {processor.py:183} INFO - Processing /home/airflow/.local/lib/python3.8/site-packages/airflow/example_dags/example_branch_day_of_week_operator.py took 0.113 seconds
[2025-08-02T01:54:34.618+0000] {processor.py:161} INFO - Started process (PID=1383) to work on /home/airflow/.local/lib/python3.8/site-packages/airflow/example_dags/example_branch_day_of_week_operator.py
[2025-08-02T01:54:34.620+0000] {processor.py:830} INFO - Processing file /home/airflow/.local/lib/python3.8/site-packages/airflow/example_dags/example_branch_day_of_week_operator.py for tasks to queue
[2025-08-02T01:54:34.628+0000] {logging_mixin.py:188} INFO - [2025-08-02T01:54:34.626+0000] {dagbag.py:540} INFO - Filling up the DagBag from /home/airflow/.local/lib/python3.8/site-packages/airflow/example_dags/example_branch_day_of_week_operator.py
[2025-08-02T01:54:34.662+0000] {processor.py:840} INFO - DAG(s) 'example_weekday_branch_operator' retrieved from /home/airflow/.local/lib/python3.8/site-packages/airflow/example_dags/example_branch_day_of_week_operator.py
[2025-08-02T01:54:34.737+0000] {logging_mixin.py:188} INFO - [2025-08-02T01:54:34.737+0000] {dag.py:3047} INFO - Sync 1 DAGs
[2025-08-02T01:54:34.764+0000] {logging_mixin.py:188} INFO - [2025-08-02T01:54:34.764+0000] {dag.py:3834} INFO - Setting next_dagrun for example_weekday_branch_operator to 2025-08-01 00:00:00+00:00, run_after=2025-08-02 00:00:00+00:00
[2025-08-02T01:54:34.783+0000] {processor.py:183} INFO - Processing /home/airflow/.local/lib/python3.8/site-packages/airflow/example_dags/example_branch_day_of_week_operator.py took 0.169 seconds
[2025-08-02T01:55:05.588+0000] {processor.py:161} INFO - Started process (PID=1439) to work on /home/airflow/.local/lib/python3.8/site-packages/airflow/example_dags/example_branch_day_of_week_operator.py
[2025-08-02T01:55:05.590+0000] {processor.py:830} INFO - Processing file /home/airflow/.local/lib/python3.8/site-packages/airflow/example_dags/example_branch_day_of_week_operator.py for tasks to queue
[2025-08-02T01:55:05.592+0000] {logging_mixin.py:188} INFO - [2025-08-02T01:55:05.591+0000] {dagbag.py:540} INFO - Filling up the DagBag from /home/airflow/.local/lib/python3.8/site-packages/airflow/example_dags/example_branch_day_of_week_operator.py
[2025-08-02T01:55:05.606+0000] {processor.py:840} INFO - DAG(s) 'example_weekday_branch_operator' retrieved from /home/airflow/.local/lib/python3.8/site-packages/airflow/example_dags/example_branch_day_of_week_operator.py
[2025-08-02T01:55:05.663+0000] {logging_mixin.py:188} INFO - [2025-08-02T01:55:05.662+0000] {dag.py:3047} INFO - Sync 1 DAGs
[2025-08-02T01:55:05.686+0000] {logging_mixin.py:188} INFO - [2025-08-02T01:55:05.686+0000] {dag.py:3834} INFO - Setting next_dagrun for example_weekday_branch_operator to 2025-08-01 00:00:00+00:00, run_after=2025-08-02 00:00:00+00:00
[2025-08-02T01:55:05.722+0000] {processor.py:183} INFO - Processing /home/airflow/.local/lib/python3.8/site-packages/airflow/example_dags/example_branch_day_of_week_operator.py took 0.137 seconds
[2025-08-02T01:55:35.804+0000] {processor.py:161} INFO - Started process (PID=1494) to work on /home/airflow/.local/lib/python3.8/site-packages/airflow/example_dags/example_branch_day_of_week_operator.py
[2025-08-02T01:55:35.808+0000] {processor.py:830} INFO - Processing file /home/airflow/.local/lib/python3.8/site-packages/airflow/example_dags/example_branch_day_of_week_operator.py for tasks to queue
[2025-08-02T01:55:35.812+0000] {logging_mixin.py:188} INFO - [2025-08-02T01:55:35.812+0000] {dagbag.py:540} INFO - Filling up the DagBag from /home/airflow/.local/lib/python3.8/site-packages/airflow/example_dags/example_branch_day_of_week_operator.py
[2025-08-02T01:55:35.823+0000] {processor.py:840} INFO - DAG(s) 'example_weekday_branch_operator' retrieved from /home/airflow/.local/lib/python3.8/site-packages/airflow/example_dags/example_branch_day_of_week_operator.py
[2025-08-02T01:55:35.849+0000] {logging_mixin.py:188} INFO - [2025-08-02T01:55:35.849+0000] {dag.py:3047} INFO - Sync 1 DAGs
[2025-08-02T01:55:35.866+0000] {logging_mixin.py:188} INFO - [2025-08-02T01:55:35.866+0000] {dag.py:3834} INFO - Setting next_dagrun for example_weekday_branch_operator to 2025-08-01 00:00:00+00:00, run_after=2025-08-02 00:00:00+00:00
[2025-08-02T01:55:35.885+0000] {processor.py:183} INFO - Processing /home/airflow/.local/lib/python3.8/site-packages/airflow/example_dags/example_branch_day_of_week_operator.py took 0.085 seconds
[2025-08-02T01:56:06.975+0000] {processor.py:161} INFO - Started process (PID=1550) to work on /home/airflow/.local/lib/python3.8/site-packages/airflow/example_dags/example_branch_day_of_week_operator.py
[2025-08-02T01:56:06.990+0000] {processor.py:830} INFO - Processing file /home/airflow/.local/lib/python3.8/site-packages/airflow/example_dags/example_branch_day_of_week_operator.py for tasks to queue
[2025-08-02T01:56:07.002+0000] {logging_mixin.py:188} INFO - [2025-08-02T01:56:07.001+0000] {dagbag.py:540} INFO - Filling up the DagBag from /home/airflow/.local/lib/python3.8/site-packages/airflow/example_dags/example_branch_day_of_week_operator.py
[2025-08-02T01:56:07.047+0000] {processor.py:840} INFO - DAG(s) 'example_weekday_branch_operator' retrieved from /home/airflow/.local/lib/python3.8/site-packages/airflow/example_dags/example_branch_day_of_week_operator.py
[2025-08-02T01:56:07.143+0000] {logging_mixin.py:188} INFO - [2025-08-02T01:56:07.143+0000] {dag.py:3047} INFO - Sync 1 DAGs
[2025-08-02T01:56:07.221+0000] {logging_mixin.py:188} INFO - [2025-08-02T01:56:07.220+0000] {dag.py:3834} INFO - Setting next_dagrun for example_weekday_branch_operator to 2025-08-01 00:00:00+00:00, run_after=2025-08-02 00:00:00+00:00
[2025-08-02T01:56:07.284+0000] {processor.py:183} INFO - Processing /home/airflow/.local/lib/python3.8/site-packages/airflow/example_dags/example_branch_day_of_week_operator.py took 0.346 seconds
[2025-08-02T01:56:38.068+0000] {processor.py:161} INFO - Started process (PID=1605) to work on /home/airflow/.local/lib/python3.8/site-packages/airflow/example_dags/example_branch_day_of_week_operator.py
[2025-08-02T01:56:38.072+0000] {processor.py:830} INFO - Processing file /home/airflow/.local/lib/python3.8/site-packages/airflow/example_dags/example_branch_day_of_week_operator.py for tasks to queue
[2025-08-02T01:56:38.082+0000] {logging_mixin.py:188} INFO - [2025-08-02T01:56:38.081+0000] {dagbag.py:540} INFO - Filling up the DagBag from /home/airflow/.local/lib/python3.8/site-packages/airflow/example_dags/example_branch_day_of_week_operator.py
[2025-08-02T01:56:38.096+0000] {processor.py:840} INFO - DAG(s) 'example_weekday_branch_operator' retrieved from /home/airflow/.local/lib/python3.8/site-packages/airflow/example_dags/example_branch_day_of_week_operator.py
[2025-08-02T01:56:38.156+0000] {logging_mixin.py:188} INFO - [2025-08-02T01:56:38.155+0000] {dag.py:3047} INFO - Sync 1 DAGs
[2025-08-02T01:56:38.183+0000] {logging_mixin.py:188} INFO - [2025-08-02T01:56:38.183+0000] {dag.py:3834} INFO - Setting next_dagrun for example_weekday_branch_operator to 2025-08-01 00:00:00+00:00, run_after=2025-08-02 00:00:00+00:00
[2025-08-02T01:56:38.210+0000] {processor.py:183} INFO - Processing /home/airflow/.local/lib/python3.8/site-packages/airflow/example_dags/example_branch_day_of_week_operator.py took 0.149 seconds
[2025-08-02T01:57:13.881+0000] {processor.py:161} INFO - Started process (PID=1661) to work on /home/airflow/.local/lib/python3.8/site-packages/airflow/example_dags/example_branch_day_of_week_operator.py
[2025-08-02T01:57:13.890+0000] {processor.py:830} INFO - Processing file /home/airflow/.local/lib/python3.8/site-packages/airflow/example_dags/example_branch_day_of_week_operator.py for tasks to queue
[2025-08-02T01:57:13.904+0000] {logging_mixin.py:188} INFO - [2025-08-02T01:57:13.897+0000] {dagbag.py:540} INFO - Filling up the DagBag from /home/airflow/.local/lib/python3.8/site-packages/airflow/example_dags/example_branch_day_of_week_operator.py
[2025-08-02T01:57:13.960+0000] {processor.py:840} INFO - DAG(s) 'example_weekday_branch_operator' retrieved from /home/airflow/.local/lib/python3.8/site-packages/airflow/example_dags/example_branch_day_of_week_operator.py
[2025-08-02T01:57:14.123+0000] {logging_mixin.py:188} INFO - [2025-08-02T01:57:14.122+0000] {dag.py:3047} INFO - Sync 1 DAGs
[2025-08-02T01:57:14.169+0000] {logging_mixin.py:188} INFO - [2025-08-02T01:57:14.169+0000] {dag.py:3834} INFO - Setting next_dagrun for example_weekday_branch_operator to 2025-08-01 00:00:00+00:00, run_after=2025-08-02 00:00:00+00:00
[2025-08-02T01:57:14.197+0000] {processor.py:183} INFO - Processing /home/airflow/.local/lib/python3.8/site-packages/airflow/example_dags/example_branch_day_of_week_operator.py took 0.342 seconds
[2025-08-02T01:57:47.783+0000] {processor.py:161} INFO - Started process (PID=1721) to work on /home/airflow/.local/lib/python3.8/site-packages/airflow/example_dags/example_branch_day_of_week_operator.py
[2025-08-02T01:57:47.784+0000] {processor.py:830} INFO - Processing file /home/airflow/.local/lib/python3.8/site-packages/airflow/example_dags/example_branch_day_of_week_operator.py for tasks to queue
[2025-08-02T01:57:47.786+0000] {logging_mixin.py:188} INFO - [2025-08-02T01:57:47.786+0000] {dagbag.py:540} INFO - Filling up the DagBag from /home/airflow/.local/lib/python3.8/site-packages/airflow/example_dags/example_branch_day_of_week_operator.py
[2025-08-02T01:57:47.792+0000] {processor.py:840} INFO - DAG(s) 'example_weekday_branch_operator' retrieved from /home/airflow/.local/lib/python3.8/site-packages/airflow/example_dags/example_branch_day_of_week_operator.py
[2025-08-02T01:57:47.818+0000] {logging_mixin.py:188} INFO - [2025-08-02T01:57:47.817+0000] {dag.py:3047} INFO - Sync 1 DAGs
[2025-08-02T01:57:47.848+0000] {logging_mixin.py:188} INFO - [2025-08-02T01:57:47.848+0000] {dag.py:3834} INFO - Setting next_dagrun for example_weekday_branch_operator to 2025-08-01 00:00:00+00:00, run_after=2025-08-02 00:00:00+00:00
[2025-08-02T01:57:47.880+0000] {processor.py:183} INFO - Processing /home/airflow/.local/lib/python3.8/site-packages/airflow/example_dags/example_branch_day_of_week_operator.py took 0.105 seconds
[2025-08-02T01:58:20.385+0000] {processor.py:161} INFO - Started process (PID=1776) to work on /home/airflow/.local/lib/python3.8/site-packages/airflow/example_dags/example_branch_day_of_week_operator.py
[2025-08-02T01:58:20.387+0000] {processor.py:830} INFO - Processing file /home/airflow/.local/lib/python3.8/site-packages/airflow/example_dags/example_branch_day_of_week_operator.py for tasks to queue
[2025-08-02T01:58:20.389+0000] {logging_mixin.py:188} INFO - [2025-08-02T01:58:20.388+0000] {dagbag.py:540} INFO - Filling up the DagBag from /home/airflow/.local/lib/python3.8/site-packages/airflow/example_dags/example_branch_day_of_week_operator.py
[2025-08-02T01:58:20.398+0000] {processor.py:840} INFO - DAG(s) 'example_weekday_branch_operator' retrieved from /home/airflow/.local/lib/python3.8/site-packages/airflow/example_dags/example_branch_day_of_week_operator.py
[2025-08-02T01:58:20.489+0000] {logging_mixin.py:188} INFO - [2025-08-02T01:58:20.488+0000] {dag.py:3047} INFO - Sync 1 DAGs
[2025-08-02T01:58:20.525+0000] {logging_mixin.py:188} INFO - [2025-08-02T01:58:20.525+0000] {dag.py:3834} INFO - Setting next_dagrun for example_weekday_branch_operator to 2025-08-01 00:00:00+00:00, run_after=2025-08-02 00:00:00+00:00
[2025-08-02T01:58:20.572+0000] {processor.py:183} INFO - Processing /home/airflow/.local/lib/python3.8/site-packages/airflow/example_dags/example_branch_day_of_week_operator.py took 0.191 seconds
[2025-08-02T01:58:51.150+0000] {processor.py:161} INFO - Started process (PID=1832) to work on /home/airflow/.local/lib/python3.8/site-packages/airflow/example_dags/example_branch_day_of_week_operator.py
[2025-08-02T01:58:51.152+0000] {processor.py:830} INFO - Processing file /home/airflow/.local/lib/python3.8/site-packages/airflow/example_dags/example_branch_day_of_week_operator.py for tasks to queue
[2025-08-02T01:58:51.155+0000] {logging_mixin.py:188} INFO - [2025-08-02T01:58:51.155+0000] {dagbag.py:540} INFO - Filling up the DagBag from /home/airflow/.local/lib/python3.8/site-packages/airflow/example_dags/example_branch_day_of_week_operator.py
[2025-08-02T01:58:51.162+0000] {processor.py:840} INFO - DAG(s) 'example_weekday_branch_operator' retrieved from /home/airflow/.local/lib/python3.8/site-packages/airflow/example_dags/example_branch_day_of_week_operator.py
[2025-08-02T01:58:51.185+0000] {logging_mixin.py:188} INFO - [2025-08-02T01:58:51.184+0000] {dag.py:3047} INFO - Sync 1 DAGs
[2025-08-02T01:58:51.210+0000] {logging_mixin.py:188} INFO - [2025-08-02T01:58:51.210+0000] {dag.py:3834} INFO - Setting next_dagrun for example_weekday_branch_operator to 2025-08-01 00:00:00+00:00, run_after=2025-08-02 00:00:00+00:00
[2025-08-02T01:58:51.225+0000] {processor.py:183} INFO - Processing /home/airflow/.local/lib/python3.8/site-packages/airflow/example_dags/example_branch_day_of_week_operator.py took 0.077 seconds
[2025-08-02T01:59:21.327+0000] {processor.py:161} INFO - Started process (PID=1888) to work on /home/airflow/.local/lib/python3.8/site-packages/airflow/example_dags/example_branch_day_of_week_operator.py
[2025-08-02T01:59:21.330+0000] {processor.py:830} INFO - Processing file /home/airflow/.local/lib/python3.8/site-packages/airflow/example_dags/example_branch_day_of_week_operator.py for tasks to queue
[2025-08-02T01:59:21.333+0000] {logging_mixin.py:188} INFO - [2025-08-02T01:59:21.332+0000] {dagbag.py:540} INFO - Filling up the DagBag from /home/airflow/.local/lib/python3.8/site-packages/airflow/example_dags/example_branch_day_of_week_operator.py
[2025-08-02T01:59:21.352+0000] {processor.py:840} INFO - DAG(s) 'example_weekday_branch_operator' retrieved from /home/airflow/.local/lib/python3.8/site-packages/airflow/example_dags/example_branch_day_of_week_operator.py
[2025-08-02T01:59:21.383+0000] {logging_mixin.py:188} INFO - [2025-08-02T01:59:21.383+0000] {dag.py:3047} INFO - Sync 1 DAGs
[2025-08-02T01:59:21.432+0000] {logging_mixin.py:188} INFO - [2025-08-02T01:59:21.432+0000] {dag.py:3834} INFO - Setting next_dagrun for example_weekday_branch_operator to 2025-08-01 00:00:00+00:00, run_after=2025-08-02 00:00:00+00:00
[2025-08-02T01:59:21.455+0000] {processor.py:183} INFO - Processing /home/airflow/.local/lib/python3.8/site-packages/airflow/example_dags/example_branch_day_of_week_operator.py took 0.130 seconds
[2025-08-02T01:59:52.334+0000] {processor.py:161} INFO - Started process (PID=1944) to work on /home/airflow/.local/lib/python3.8/site-packages/airflow/example_dags/example_branch_day_of_week_operator.py
[2025-08-02T01:59:52.336+0000] {processor.py:830} INFO - Processing file /home/airflow/.local/lib/python3.8/site-packages/airflow/example_dags/example_branch_day_of_week_operator.py for tasks to queue
[2025-08-02T01:59:52.339+0000] {logging_mixin.py:188} INFO - [2025-08-02T01:59:52.339+0000] {dagbag.py:540} INFO - Filling up the DagBag from /home/airflow/.local/lib/python3.8/site-packages/airflow/example_dags/example_branch_day_of_week_operator.py
[2025-08-02T01:59:52.350+0000] {processor.py:840} INFO - DAG(s) 'example_weekday_branch_operator' retrieved from /home/airflow/.local/lib/python3.8/site-packages/airflow/example_dags/example_branch_day_of_week_operator.py
[2025-08-02T01:59:52.380+0000] {logging_mixin.py:188} INFO - [2025-08-02T01:59:52.379+0000] {dag.py:3047} INFO - Sync 1 DAGs
[2025-08-02T01:59:52.402+0000] {logging_mixin.py:188} INFO - [2025-08-02T01:59:52.402+0000] {dag.py:3834} INFO - Setting next_dagrun for example_weekday_branch_operator to 2025-08-01 00:00:00+00:00, run_after=2025-08-02 00:00:00+00:00
[2025-08-02T01:59:52.429+0000] {processor.py:183} INFO - Processing /home/airflow/.local/lib/python3.8/site-packages/airflow/example_dags/example_branch_day_of_week_operator.py took 0.100 seconds
[2025-08-02T02:00:23.298+0000] {processor.py:161} INFO - Started process (PID=2000) to work on /home/airflow/.local/lib/python3.8/site-packages/airflow/example_dags/example_branch_day_of_week_operator.py
[2025-08-02T02:00:23.300+0000] {processor.py:830} INFO - Processing file /home/airflow/.local/lib/python3.8/site-packages/airflow/example_dags/example_branch_day_of_week_operator.py for tasks to queue
[2025-08-02T02:00:23.303+0000] {logging_mixin.py:188} INFO - [2025-08-02T02:00:23.303+0000] {dagbag.py:540} INFO - Filling up the DagBag from /home/airflow/.local/lib/python3.8/site-packages/airflow/example_dags/example_branch_day_of_week_operator.py
[2025-08-02T02:00:23.313+0000] {processor.py:840} INFO - DAG(s) 'example_weekday_branch_operator' retrieved from /home/airflow/.local/lib/python3.8/site-packages/airflow/example_dags/example_branch_day_of_week_operator.py
[2025-08-02T02:00:23.329+0000] {logging_mixin.py:188} INFO - [2025-08-02T02:00:23.329+0000] {dag.py:3047} INFO - Sync 1 DAGs
[2025-08-02T02:00:23.346+0000] {logging_mixin.py:188} INFO - [2025-08-02T02:00:23.346+0000] {dag.py:3834} INFO - Setting next_dagrun for example_weekday_branch_operator to 2025-08-01 00:00:00+00:00, run_after=2025-08-02 00:00:00+00:00
[2025-08-02T02:00:23.361+0000] {processor.py:183} INFO - Processing /home/airflow/.local/lib/python3.8/site-packages/airflow/example_dags/example_branch_day_of_week_operator.py took 0.067 seconds
[2025-08-02T02:01:08.578+0000] {processor.py:161} INFO - Started process (PID=2056) to work on /home/airflow/.local/lib/python3.8/site-packages/airflow/example_dags/example_branch_day_of_week_operator.py
[2025-08-02T02:01:08.581+0000] {processor.py:830} INFO - Processing file /home/airflow/.local/lib/python3.8/site-packages/airflow/example_dags/example_branch_day_of_week_operator.py for tasks to queue
[2025-08-02T02:01:08.586+0000] {logging_mixin.py:188} INFO - [2025-08-02T02:01:08.585+0000] {dagbag.py:540} INFO - Filling up the DagBag from /home/airflow/.local/lib/python3.8/site-packages/airflow/example_dags/example_branch_day_of_week_operator.py
[2025-08-02T02:01:08.601+0000] {processor.py:840} INFO - DAG(s) 'example_weekday_branch_operator' retrieved from /home/airflow/.local/lib/python3.8/site-packages/airflow/example_dags/example_branch_day_of_week_operator.py
[2025-08-02T02:01:08.672+0000] {logging_mixin.py:188} INFO - [2025-08-02T02:01:08.671+0000] {dag.py:3047} INFO - Sync 1 DAGs
[2025-08-02T02:01:08.721+0000] {logging_mixin.py:188} INFO - [2025-08-02T02:01:08.721+0000] {dag.py:3834} INFO - Setting next_dagrun for example_weekday_branch_operator to 2025-08-01 00:00:00+00:00, run_after=2025-08-02 00:00:00+00:00
[2025-08-02T02:01:08.847+0000] {processor.py:183} INFO - Processing /home/airflow/.local/lib/python3.8/site-packages/airflow/example_dags/example_branch_day_of_week_operator.py took 0.277 seconds
[2025-08-02T02:01:39.944+0000] {processor.py:161} INFO - Started process (PID=2112) to work on /home/airflow/.local/lib/python3.8/site-packages/airflow/example_dags/example_branch_day_of_week_operator.py
[2025-08-02T02:01:39.946+0000] {processor.py:830} INFO - Processing file /home/airflow/.local/lib/python3.8/site-packages/airflow/example_dags/example_branch_day_of_week_operator.py for tasks to queue
[2025-08-02T02:01:39.954+0000] {logging_mixin.py:188} INFO - [2025-08-02T02:01:39.953+0000] {dagbag.py:540} INFO - Filling up the DagBag from /home/airflow/.local/lib/python3.8/site-packages/airflow/example_dags/example_branch_day_of_week_operator.py
[2025-08-02T02:01:39.976+0000] {processor.py:840} INFO - DAG(s) 'example_weekday_branch_operator' retrieved from /home/airflow/.local/lib/python3.8/site-packages/airflow/example_dags/example_branch_day_of_week_operator.py
[2025-08-02T02:01:40.050+0000] {logging_mixin.py:188} INFO - [2025-08-02T02:01:40.047+0000] {dag.py:3047} INFO - Sync 1 DAGs
[2025-08-02T02:01:40.124+0000] {logging_mixin.py:188} INFO - [2025-08-02T02:01:40.124+0000] {dag.py:3834} INFO - Setting next_dagrun for example_weekday_branch_operator to 2025-08-01 00:00:00+00:00, run_after=2025-08-02 00:00:00+00:00
[2025-08-02T02:01:40.206+0000] {processor.py:183} INFO - Processing /home/airflow/.local/lib/python3.8/site-packages/airflow/example_dags/example_branch_day_of_week_operator.py took 0.270 seconds
[2025-08-02T02:02:38.435+0000] {processor.py:161} INFO - Started process (PID=2160) to work on /home/airflow/.local/lib/python3.8/site-packages/airflow/example_dags/example_branch_day_of_week_operator.py
[2025-08-02T02:02:38.442+0000] {processor.py:830} INFO - Processing file /home/airflow/.local/lib/python3.8/site-packages/airflow/example_dags/example_branch_day_of_week_operator.py for tasks to queue
[2025-08-02T02:02:38.453+0000] {logging_mixin.py:188} INFO - [2025-08-02T02:02:38.452+0000] {dagbag.py:540} INFO - Filling up the DagBag from /home/airflow/.local/lib/python3.8/site-packages/airflow/example_dags/example_branch_day_of_week_operator.py
[2025-08-02T02:02:38.517+0000] {processor.py:840} INFO - DAG(s) 'example_weekday_branch_operator' retrieved from /home/airflow/.local/lib/python3.8/site-packages/airflow/example_dags/example_branch_day_of_week_operator.py
[2025-08-02T02:02:38.607+0000] {logging_mixin.py:188} INFO - [2025-08-02T02:02:38.606+0000] {dag.py:3047} INFO - Sync 1 DAGs
[2025-08-02T02:02:38.695+0000] {logging_mixin.py:188} INFO - [2025-08-02T02:02:38.693+0000] {dag.py:3834} INFO - Setting next_dagrun for example_weekday_branch_operator to 2025-08-01 00:00:00+00:00, run_after=2025-08-02 00:00:00+00:00
[2025-08-02T02:02:38.771+0000] {processor.py:183} INFO - Processing /home/airflow/.local/lib/python3.8/site-packages/airflow/example_dags/example_branch_day_of_week_operator.py took 0.363 seconds
[2025-08-02T02:03:15.805+0000] {processor.py:161} INFO - Started process (PID=2216) to work on /home/airflow/.local/lib/python3.8/site-packages/airflow/example_dags/example_branch_day_of_week_operator.py
[2025-08-02T02:03:15.815+0000] {processor.py:830} INFO - Processing file /home/airflow/.local/lib/python3.8/site-packages/airflow/example_dags/example_branch_day_of_week_operator.py for tasks to queue
[2025-08-02T02:03:15.876+0000] {logging_mixin.py:188} INFO - [2025-08-02T02:03:15.873+0000] {dagbag.py:540} INFO - Filling up the DagBag from /home/airflow/.local/lib/python3.8/site-packages/airflow/example_dags/example_branch_day_of_week_operator.py
[2025-08-02T02:03:15.986+0000] {processor.py:840} INFO - DAG(s) 'example_weekday_branch_operator' retrieved from /home/airflow/.local/lib/python3.8/site-packages/airflow/example_dags/example_branch_day_of_week_operator.py
[2025-08-02T02:03:16.098+0000] {logging_mixin.py:188} INFO - [2025-08-02T02:03:16.097+0000] {dag.py:3047} INFO - Sync 1 DAGs
[2025-08-02T02:03:16.177+0000] {logging_mixin.py:188} INFO - [2025-08-02T02:03:16.176+0000] {dag.py:3834} INFO - Setting next_dagrun for example_weekday_branch_operator to 2025-08-01 00:00:00+00:00, run_after=2025-08-02 00:00:00+00:00
[2025-08-02T02:03:16.260+0000] {processor.py:183} INFO - Processing /home/airflow/.local/lib/python3.8/site-packages/airflow/example_dags/example_branch_day_of_week_operator.py took 0.548 seconds
[2025-08-02T02:03:46.565+0000] {processor.py:161} INFO - Started process (PID=2272) to work on /home/airflow/.local/lib/python3.8/site-packages/airflow/example_dags/example_branch_day_of_week_operator.py
[2025-08-02T02:03:46.566+0000] {processor.py:830} INFO - Processing file /home/airflow/.local/lib/python3.8/site-packages/airflow/example_dags/example_branch_day_of_week_operator.py for tasks to queue
[2025-08-02T02:03:46.568+0000] {logging_mixin.py:188} INFO - [2025-08-02T02:03:46.568+0000] {dagbag.py:540} INFO - Filling up the DagBag from /home/airflow/.local/lib/python3.8/site-packages/airflow/example_dags/example_branch_day_of_week_operator.py
[2025-08-02T02:03:46.577+0000] {processor.py:840} INFO - DAG(s) 'example_weekday_branch_operator' retrieved from /home/airflow/.local/lib/python3.8/site-packages/airflow/example_dags/example_branch_day_of_week_operator.py
[2025-08-02T02:03:46.616+0000] {logging_mixin.py:188} INFO - [2025-08-02T02:03:46.615+0000] {dag.py:3047} INFO - Sync 1 DAGs
[2025-08-02T02:03:46.652+0000] {logging_mixin.py:188} INFO - [2025-08-02T02:03:46.652+0000] {dag.py:3834} INFO - Setting next_dagrun for example_weekday_branch_operator to 2025-08-01 00:00:00+00:00, run_after=2025-08-02 00:00:00+00:00
[2025-08-02T02:03:46.675+0000] {processor.py:183} INFO - Processing /home/airflow/.local/lib/python3.8/site-packages/airflow/example_dags/example_branch_day_of_week_operator.py took 0.112 seconds
[2025-08-02T02:04:23.843+0000] {processor.py:161} INFO - Started process (PID=2328) to work on /home/airflow/.local/lib/python3.8/site-packages/airflow/example_dags/example_branch_day_of_week_operator.py
[2025-08-02T02:04:23.849+0000] {processor.py:830} INFO - Processing file /home/airflow/.local/lib/python3.8/site-packages/airflow/example_dags/example_branch_day_of_week_operator.py for tasks to queue
[2025-08-02T02:04:23.851+0000] {logging_mixin.py:188} INFO - [2025-08-02T02:04:23.851+0000] {dagbag.py:540} INFO - Filling up the DagBag from /home/airflow/.local/lib/python3.8/site-packages/airflow/example_dags/example_branch_day_of_week_operator.py
[2025-08-02T02:04:23.858+0000] {processor.py:840} INFO - DAG(s) 'example_weekday_branch_operator' retrieved from /home/airflow/.local/lib/python3.8/site-packages/airflow/example_dags/example_branch_day_of_week_operator.py
[2025-08-02T02:04:23.924+0000] {logging_mixin.py:188} INFO - [2025-08-02T02:04:23.924+0000] {dag.py:3047} INFO - Sync 1 DAGs
[2025-08-02T02:04:23.957+0000] {logging_mixin.py:188} INFO - [2025-08-02T02:04:23.956+0000] {dag.py:3834} INFO - Setting next_dagrun for example_weekday_branch_operator to 2025-08-01 00:00:00+00:00, run_after=2025-08-02 00:00:00+00:00
[2025-08-02T02:04:23.979+0000] {processor.py:183} INFO - Processing /home/airflow/.local/lib/python3.8/site-packages/airflow/example_dags/example_branch_day_of_week_operator.py took 0.141 seconds
[2025-08-02T02:04:56.671+0000] {processor.py:161} INFO - Started process (PID=2384) to work on /home/airflow/.local/lib/python3.8/site-packages/airflow/example_dags/example_branch_day_of_week_operator.py
[2025-08-02T02:04:56.673+0000] {processor.py:830} INFO - Processing file /home/airflow/.local/lib/python3.8/site-packages/airflow/example_dags/example_branch_day_of_week_operator.py for tasks to queue
[2025-08-02T02:04:56.678+0000] {logging_mixin.py:188} INFO - [2025-08-02T02:04:56.677+0000] {dagbag.py:540} INFO - Filling up the DagBag from /home/airflow/.local/lib/python3.8/site-packages/airflow/example_dags/example_branch_day_of_week_operator.py
[2025-08-02T02:04:56.719+0000] {processor.py:840} INFO - DAG(s) 'example_weekday_branch_operator' retrieved from /home/airflow/.local/lib/python3.8/site-packages/airflow/example_dags/example_branch_day_of_week_operator.py
[2025-08-02T02:04:57.090+0000] {logging_mixin.py:188} INFO - [2025-08-02T02:04:57.084+0000] {dag.py:3047} INFO - Sync 1 DAGs
[2025-08-02T02:04:58.246+0000] {logging_mixin.py:188} INFO - [2025-08-02T02:04:58.204+0000] {dag.py:3834} INFO - Setting next_dagrun for example_weekday_branch_operator to 2025-08-01 00:00:00+00:00, run_after=2025-08-02 00:00:00+00:00
[2025-08-02T02:04:58.659+0000] {processor.py:183} INFO - Processing /home/airflow/.local/lib/python3.8/site-packages/airflow/example_dags/example_branch_day_of_week_operator.py took 1.993 seconds
[2025-08-02T02:08:04.631+0000] {processor.py:161} INFO - Started process (PID=2445) to work on /home/airflow/.local/lib/python3.8/site-packages/airflow/example_dags/example_branch_day_of_week_operator.py
[2025-08-02T02:08:04.647+0000] {processor.py:830} INFO - Processing file /home/airflow/.local/lib/python3.8/site-packages/airflow/example_dags/example_branch_day_of_week_operator.py for tasks to queue
[2025-08-02T02:08:04.654+0000] {logging_mixin.py:188} INFO - [2025-08-02T02:08:04.651+0000] {dagbag.py:540} INFO - Filling up the DagBag from /home/airflow/.local/lib/python3.8/site-packages/airflow/example_dags/example_branch_day_of_week_operator.py
[2025-08-02T02:08:04.721+0000] {processor.py:840} INFO - DAG(s) 'example_weekday_branch_operator' retrieved from /home/airflow/.local/lib/python3.8/site-packages/airflow/example_dags/example_branch_day_of_week_operator.py
[2025-08-02T02:08:05.514+0000] {logging_mixin.py:188} INFO - [2025-08-02T02:08:05.508+0000] {dag.py:3047} INFO - Sync 1 DAGs
[2025-08-02T02:08:05.900+0000] {logging_mixin.py:188} INFO - [2025-08-02T02:08:05.898+0000] {dag.py:3834} INFO - Setting next_dagrun for example_weekday_branch_operator to 2025-08-01 00:00:00+00:00, run_after=2025-08-02 00:00:00+00:00
[2025-08-02T02:08:07.402+0000] {processor.py:183} INFO - Processing /home/airflow/.local/lib/python3.8/site-packages/airflow/example_dags/example_branch_day_of_week_operator.py took 2.788 seconds
[2025-08-02T02:08:57.989+0000] {processor.py:161} INFO - Started process (PID=2507) to work on /home/airflow/.local/lib/python3.8/site-packages/airflow/example_dags/example_branch_day_of_week_operator.py
[2025-08-02T02:08:57.997+0000] {processor.py:830} INFO - Processing file /home/airflow/.local/lib/python3.8/site-packages/airflow/example_dags/example_branch_day_of_week_operator.py for tasks to queue
[2025-08-02T02:08:58.000+0000] {logging_mixin.py:188} INFO - [2025-08-02T02:08:57.999+0000] {dagbag.py:540} INFO - Filling up the DagBag from /home/airflow/.local/lib/python3.8/site-packages/airflow/example_dags/example_branch_day_of_week_operator.py
[2025-08-02T02:08:58.127+0000] {processor.py:840} INFO - DAG(s) 'example_weekday_branch_operator' retrieved from /home/airflow/.local/lib/python3.8/site-packages/airflow/example_dags/example_branch_day_of_week_operator.py
[2025-08-02T02:08:58.583+0000] {logging_mixin.py:188} INFO - [2025-08-02T02:08:58.564+0000] {dag.py:3047} INFO - Sync 1 DAGs
[2025-08-02T02:08:58.700+0000] {logging_mixin.py:188} INFO - [2025-08-02T02:08:58.699+0000] {dag.py:3834} INFO - Setting next_dagrun for example_weekday_branch_operator to 2025-08-01 00:00:00+00:00, run_after=2025-08-02 00:00:00+00:00
[2025-08-02T02:08:58.865+0000] {processor.py:183} INFO - Processing /home/airflow/.local/lib/python3.8/site-packages/airflow/example_dags/example_branch_day_of_week_operator.py took 0.916 seconds
[2025-08-02T02:09:29.453+0000] {processor.py:161} INFO - Started process (PID=2561) to work on /home/airflow/.local/lib/python3.8/site-packages/airflow/example_dags/example_branch_day_of_week_operator.py
[2025-08-02T02:09:29.455+0000] {processor.py:830} INFO - Processing file /home/airflow/.local/lib/python3.8/site-packages/airflow/example_dags/example_branch_day_of_week_operator.py for tasks to queue
[2025-08-02T02:09:29.456+0000] {logging_mixin.py:188} INFO - [2025-08-02T02:09:29.456+0000] {dagbag.py:540} INFO - Filling up the DagBag from /home/airflow/.local/lib/python3.8/site-packages/airflow/example_dags/example_branch_day_of_week_operator.py
[2025-08-02T02:09:29.471+0000] {processor.py:840} INFO - DAG(s) 'example_weekday_branch_operator' retrieved from /home/airflow/.local/lib/python3.8/site-packages/airflow/example_dags/example_branch_day_of_week_operator.py
[2025-08-02T02:09:29.586+0000] {logging_mixin.py:188} INFO - [2025-08-02T02:09:29.585+0000] {dag.py:3047} INFO - Sync 1 DAGs
[2025-08-02T02:09:29.707+0000] {logging_mixin.py:188} INFO - [2025-08-02T02:09:29.705+0000] {dag.py:3834} INFO - Setting next_dagrun for example_weekday_branch_operator to 2025-08-01 00:00:00+00:00, run_after=2025-08-02 00:00:00+00:00
[2025-08-02T02:09:29.897+0000] {processor.py:183} INFO - Processing /home/airflow/.local/lib/python3.8/site-packages/airflow/example_dags/example_branch_day_of_week_operator.py took 0.448 seconds
[2025-08-02T02:10:01.928+0000] {processor.py:161} INFO - Started process (PID=2615) to work on /home/airflow/.local/lib/python3.8/site-packages/airflow/example_dags/example_branch_day_of_week_operator.py
[2025-08-02T02:10:01.929+0000] {processor.py:830} INFO - Processing file /home/airflow/.local/lib/python3.8/site-packages/airflow/example_dags/example_branch_day_of_week_operator.py for tasks to queue
[2025-08-02T02:10:01.930+0000] {logging_mixin.py:188} INFO - [2025-08-02T02:10:01.930+0000] {dagbag.py:540} INFO - Filling up the DagBag from /home/airflow/.local/lib/python3.8/site-packages/airflow/example_dags/example_branch_day_of_week_operator.py
[2025-08-02T02:10:01.937+0000] {processor.py:840} INFO - DAG(s) 'example_weekday_branch_operator' retrieved from /home/airflow/.local/lib/python3.8/site-packages/airflow/example_dags/example_branch_day_of_week_operator.py
[2025-08-02T02:10:01.985+0000] {logging_mixin.py:188} INFO - [2025-08-02T02:10:01.984+0000] {dag.py:3047} INFO - Sync 1 DAGs
[2025-08-02T02:10:02.011+0000] {logging_mixin.py:188} INFO - [2025-08-02T02:10:02.011+0000] {dag.py:3834} INFO - Setting next_dagrun for example_weekday_branch_operator to 2025-08-01 00:00:00+00:00, run_after=2025-08-02 00:00:00+00:00
[2025-08-02T02:10:02.044+0000] {processor.py:183} INFO - Processing /home/airflow/.local/lib/python3.8/site-packages/airflow/example_dags/example_branch_day_of_week_operator.py took 0.119 seconds
[2025-08-02T02:10:41.725+0000] {processor.py:161} INFO - Started process (PID=2671) to work on /home/airflow/.local/lib/python3.8/site-packages/airflow/example_dags/example_branch_day_of_week_operator.py
[2025-08-02T02:10:41.728+0000] {processor.py:830} INFO - Processing file /home/airflow/.local/lib/python3.8/site-packages/airflow/example_dags/example_branch_day_of_week_operator.py for tasks to queue
[2025-08-02T02:10:41.729+0000] {logging_mixin.py:188} INFO - [2025-08-02T02:10:41.729+0000] {dagbag.py:540} INFO - Filling up the DagBag from /home/airflow/.local/lib/python3.8/site-packages/airflow/example_dags/example_branch_day_of_week_operator.py
[2025-08-02T02:10:41.741+0000] {processor.py:840} INFO - DAG(s) 'example_weekday_branch_operator' retrieved from /home/airflow/.local/lib/python3.8/site-packages/airflow/example_dags/example_branch_day_of_week_operator.py
[2025-08-02T02:10:41.834+0000] {logging_mixin.py:188} INFO - [2025-08-02T02:10:41.834+0000] {dag.py:3047} INFO - Sync 1 DAGs
[2025-08-02T02:10:41.908+0000] {logging_mixin.py:188} INFO - [2025-08-02T02:10:41.907+0000] {dag.py:3834} INFO - Setting next_dagrun for example_weekday_branch_operator to 2025-08-01 00:00:00+00:00, run_after=2025-08-02 00:00:00+00:00
[2025-08-02T02:10:42.075+0000] {processor.py:183} INFO - Processing /home/airflow/.local/lib/python3.8/site-packages/airflow/example_dags/example_branch_day_of_week_operator.py took 0.359 seconds
[2025-08-02T02:11:17.366+0000] {processor.py:161} INFO - Started process (PID=2727) to work on /home/airflow/.local/lib/python3.8/site-packages/airflow/example_dags/example_branch_day_of_week_operator.py
[2025-08-02T02:11:17.370+0000] {processor.py:830} INFO - Processing file /home/airflow/.local/lib/python3.8/site-packages/airflow/example_dags/example_branch_day_of_week_operator.py for tasks to queue
[2025-08-02T02:11:17.373+0000] {logging_mixin.py:188} INFO - [2025-08-02T02:11:17.372+0000] {dagbag.py:540} INFO - Filling up the DagBag from /home/airflow/.local/lib/python3.8/site-packages/airflow/example_dags/example_branch_day_of_week_operator.py
[2025-08-02T02:11:17.414+0000] {processor.py:840} INFO - DAG(s) 'example_weekday_branch_operator' retrieved from /home/airflow/.local/lib/python3.8/site-packages/airflow/example_dags/example_branch_day_of_week_operator.py
[2025-08-02T02:11:17.713+0000] {logging_mixin.py:188} INFO - [2025-08-02T02:11:17.708+0000] {dag.py:3047} INFO - Sync 1 DAGs
[2025-08-02T02:11:18.086+0000] {logging_mixin.py:188} INFO - [2025-08-02T02:11:18.067+0000] {dag.py:3834} INFO - Setting next_dagrun for example_weekday_branch_operator to 2025-08-01 00:00:00+00:00, run_after=2025-08-02 00:00:00+00:00
[2025-08-02T02:11:19.830+0000] {processor.py:183} INFO - Processing /home/airflow/.local/lib/python3.8/site-packages/airflow/example_dags/example_branch_day_of_week_operator.py took 2.482 seconds
[2025-08-02T02:11:50.180+0000] {processor.py:161} INFO - Started process (PID=2783) to work on /home/airflow/.local/lib/python3.8/site-packages/airflow/example_dags/example_branch_day_of_week_operator.py
[2025-08-02T02:11:50.185+0000] {processor.py:830} INFO - Processing file /home/airflow/.local/lib/python3.8/site-packages/airflow/example_dags/example_branch_day_of_week_operator.py for tasks to queue
[2025-08-02T02:11:50.190+0000] {logging_mixin.py:188} INFO - [2025-08-02T02:11:50.189+0000] {dagbag.py:540} INFO - Filling up the DagBag from /home/airflow/.local/lib/python3.8/site-packages/airflow/example_dags/example_branch_day_of_week_operator.py
[2025-08-02T02:11:50.220+0000] {processor.py:840} INFO - DAG(s) 'example_weekday_branch_operator' retrieved from /home/airflow/.local/lib/python3.8/site-packages/airflow/example_dags/example_branch_day_of_week_operator.py
[2025-08-02T02:11:50.533+0000] {logging_mixin.py:188} INFO - [2025-08-02T02:11:50.501+0000] {dag.py:3047} INFO - Sync 1 DAGs
[2025-08-02T02:11:50.615+0000] {logging_mixin.py:188} INFO - [2025-08-02T02:11:50.613+0000] {dag.py:3834} INFO - Setting next_dagrun for example_weekday_branch_operator to 2025-08-01 00:00:00+00:00, run_after=2025-08-02 00:00:00+00:00
[2025-08-02T02:11:51.878+0000] {processor.py:183} INFO - Processing /home/airflow/.local/lib/python3.8/site-packages/airflow/example_dags/example_branch_day_of_week_operator.py took 1.685 seconds
[2025-08-02T02:12:28.213+0000] {processor.py:161} INFO - Started process (PID=2839) to work on /home/airflow/.local/lib/python3.8/site-packages/airflow/example_dags/example_branch_day_of_week_operator.py
[2025-08-02T02:12:28.216+0000] {processor.py:830} INFO - Processing file /home/airflow/.local/lib/python3.8/site-packages/airflow/example_dags/example_branch_day_of_week_operator.py for tasks to queue
[2025-08-02T02:12:28.217+0000] {logging_mixin.py:188} INFO - [2025-08-02T02:12:28.217+0000] {dagbag.py:540} INFO - Filling up the DagBag from /home/airflow/.local/lib/python3.8/site-packages/airflow/example_dags/example_branch_day_of_week_operator.py
[2025-08-02T02:12:28.242+0000] {processor.py:840} INFO - DAG(s) 'example_weekday_branch_operator' retrieved from /home/airflow/.local/lib/python3.8/site-packages/airflow/example_dags/example_branch_day_of_week_operator.py
[2025-08-02T02:12:28.305+0000] {logging_mixin.py:188} INFO - [2025-08-02T02:12:28.304+0000] {dag.py:3047} INFO - Sync 1 DAGs
[2025-08-02T02:12:28.405+0000] {logging_mixin.py:188} INFO - [2025-08-02T02:12:28.404+0000] {dag.py:3834} INFO - Setting next_dagrun for example_weekday_branch_operator to 2025-08-01 00:00:00+00:00, run_after=2025-08-02 00:00:00+00:00
[2025-08-02T02:12:28.446+0000] {processor.py:183} INFO - Processing /home/airflow/.local/lib/python3.8/site-packages/airflow/example_dags/example_branch_day_of_week_operator.py took 0.239 seconds
[2025-08-02T02:13:08.762+0000] {processor.py:161} INFO - Started process (PID=2901) to work on /home/airflow/.local/lib/python3.8/site-packages/airflow/example_dags/example_branch_day_of_week_operator.py
[2025-08-02T02:13:08.804+0000] {processor.py:830} INFO - Processing file /home/airflow/.local/lib/python3.8/site-packages/airflow/example_dags/example_branch_day_of_week_operator.py for tasks to queue
[2025-08-02T02:13:08.811+0000] {logging_mixin.py:188} INFO - [2025-08-02T02:13:08.810+0000] {dagbag.py:540} INFO - Filling up the DagBag from /home/airflow/.local/lib/python3.8/site-packages/airflow/example_dags/example_branch_day_of_week_operator.py
[2025-08-02T02:13:08.882+0000] {processor.py:840} INFO - DAG(s) 'example_weekday_branch_operator' retrieved from /home/airflow/.local/lib/python3.8/site-packages/airflow/example_dags/example_branch_day_of_week_operator.py
[2025-08-02T02:13:09.033+0000] {logging_mixin.py:188} INFO - [2025-08-02T02:13:09.032+0000] {dag.py:3047} INFO - Sync 1 DAGs
[2025-08-02T02:13:09.089+0000] {logging_mixin.py:188} INFO - [2025-08-02T02:13:09.088+0000] {dag.py:3834} INFO - Setting next_dagrun for example_weekday_branch_operator to 2025-08-01 00:00:00+00:00, run_after=2025-08-02 00:00:00+00:00
[2025-08-02T02:13:09.130+0000] {processor.py:183} INFO - Processing /home/airflow/.local/lib/python3.8/site-packages/airflow/example_dags/example_branch_day_of_week_operator.py took 0.424 seconds
[2025-08-02T02:13:47.629+0000] {processor.py:161} INFO - Started process (PID=2965) to work on /home/airflow/.local/lib/python3.8/site-packages/airflow/example_dags/example_branch_day_of_week_operator.py
[2025-08-02T02:13:47.635+0000] {processor.py:830} INFO - Processing file /home/airflow/.local/lib/python3.8/site-packages/airflow/example_dags/example_branch_day_of_week_operator.py for tasks to queue
[2025-08-02T02:13:47.640+0000] {logging_mixin.py:188} INFO - [2025-08-02T02:13:47.638+0000] {dagbag.py:540} INFO - Filling up the DagBag from /home/airflow/.local/lib/python3.8/site-packages/airflow/example_dags/example_branch_day_of_week_operator.py
[2025-08-02T02:13:47.679+0000] {processor.py:840} INFO - DAG(s) 'example_weekday_branch_operator' retrieved from /home/airflow/.local/lib/python3.8/site-packages/airflow/example_dags/example_branch_day_of_week_operator.py
[2025-08-02T02:13:47.857+0000] {logging_mixin.py:188} INFO - [2025-08-02T02:13:47.855+0000] {dag.py:3047} INFO - Sync 1 DAGs
[2025-08-02T02:13:47.952+0000] {logging_mixin.py:188} INFO - [2025-08-02T02:13:47.951+0000] {dag.py:3834} INFO - Setting next_dagrun for example_weekday_branch_operator to 2025-08-01 00:00:00+00:00, run_after=2025-08-02 00:00:00+00:00
[2025-08-02T02:13:48.049+0000] {processor.py:183} INFO - Processing /home/airflow/.local/lib/python3.8/site-packages/airflow/example_dags/example_branch_day_of_week_operator.py took 0.444 seconds
[2025-08-02T02:14:18.825+0000] {processor.py:161} INFO - Started process (PID=3021) to work on /home/airflow/.local/lib/python3.8/site-packages/airflow/example_dags/example_branch_day_of_week_operator.py
[2025-08-02T02:14:18.828+0000] {processor.py:830} INFO - Processing file /home/airflow/.local/lib/python3.8/site-packages/airflow/example_dags/example_branch_day_of_week_operator.py for tasks to queue
[2025-08-02T02:14:18.831+0000] {logging_mixin.py:188} INFO - [2025-08-02T02:14:18.829+0000] {dagbag.py:540} INFO - Filling up the DagBag from /home/airflow/.local/lib/python3.8/site-packages/airflow/example_dags/example_branch_day_of_week_operator.py
[2025-08-02T02:14:18.874+0000] {processor.py:840} INFO - DAG(s) 'example_weekday_branch_operator' retrieved from /home/airflow/.local/lib/python3.8/site-packages/airflow/example_dags/example_branch_day_of_week_operator.py
[2025-08-02T02:14:18.933+0000] {logging_mixin.py:188} INFO - [2025-08-02T02:14:18.933+0000] {dag.py:3047} INFO - Sync 1 DAGs
[2025-08-02T02:14:18.984+0000] {logging_mixin.py:188} INFO - [2025-08-02T02:14:18.984+0000] {dag.py:3834} INFO - Setting next_dagrun for example_weekday_branch_operator to 2025-08-01 00:00:00+00:00, run_after=2025-08-02 00:00:00+00:00
[2025-08-02T02:14:19.091+0000] {processor.py:183} INFO - Processing /home/airflow/.local/lib/python3.8/site-packages/airflow/example_dags/example_branch_day_of_week_operator.py took 0.284 seconds
[2025-08-02T02:15:06.210+0000] {processor.py:161} INFO - Started process (PID=3088) to work on /home/airflow/.local/lib/python3.8/site-packages/airflow/example_dags/example_branch_day_of_week_operator.py
[2025-08-02T02:15:06.211+0000] {processor.py:830} INFO - Processing file /home/airflow/.local/lib/python3.8/site-packages/airflow/example_dags/example_branch_day_of_week_operator.py for tasks to queue
[2025-08-02T02:15:06.212+0000] {logging_mixin.py:188} INFO - [2025-08-02T02:15:06.212+0000] {dagbag.py:540} INFO - Filling up the DagBag from /home/airflow/.local/lib/python3.8/site-packages/airflow/example_dags/example_branch_day_of_week_operator.py
[2025-08-02T02:15:06.255+0000] {processor.py:840} INFO - DAG(s) 'example_weekday_branch_operator' retrieved from /home/airflow/.local/lib/python3.8/site-packages/airflow/example_dags/example_branch_day_of_week_operator.py
[2025-08-02T02:15:06.304+0000] {logging_mixin.py:188} INFO - [2025-08-02T02:15:06.304+0000] {dag.py:3047} INFO - Sync 1 DAGs
[2025-08-02T02:15:06.362+0000] {logging_mixin.py:188} INFO - [2025-08-02T02:15:06.361+0000] {dag.py:3834} INFO - Setting next_dagrun for example_weekday_branch_operator to 2025-08-01 00:00:00+00:00, run_after=2025-08-02 00:00:00+00:00
[2025-08-02T02:15:06.422+0000] {processor.py:183} INFO - Processing /home/airflow/.local/lib/python3.8/site-packages/airflow/example_dags/example_branch_day_of_week_operator.py took 0.216 seconds
[2025-08-02T02:15:46.316+0000] {processor.py:161} INFO - Started process (PID=3146) to work on /home/airflow/.local/lib/python3.8/site-packages/airflow/example_dags/example_branch_day_of_week_operator.py
[2025-08-02T02:15:46.323+0000] {processor.py:830} INFO - Processing file /home/airflow/.local/lib/python3.8/site-packages/airflow/example_dags/example_branch_day_of_week_operator.py for tasks to queue
[2025-08-02T02:15:46.327+0000] {logging_mixin.py:188} INFO - [2025-08-02T02:15:46.326+0000] {dagbag.py:540} INFO - Filling up the DagBag from /home/airflow/.local/lib/python3.8/site-packages/airflow/example_dags/example_branch_day_of_week_operator.py
[2025-08-02T02:15:46.343+0000] {processor.py:840} INFO - DAG(s) 'example_weekday_branch_operator' retrieved from /home/airflow/.local/lib/python3.8/site-packages/airflow/example_dags/example_branch_day_of_week_operator.py
[2025-08-02T02:15:46.430+0000] {logging_mixin.py:188} INFO - [2025-08-02T02:15:46.430+0000] {dag.py:3047} INFO - Sync 1 DAGs
[2025-08-02T02:15:46.503+0000] {logging_mixin.py:188} INFO - [2025-08-02T02:15:46.503+0000] {dag.py:3834} INFO - Setting next_dagrun for example_weekday_branch_operator to 2025-08-01 00:00:00+00:00, run_after=2025-08-02 00:00:00+00:00
[2025-08-02T02:15:46.547+0000] {processor.py:183} INFO - Processing /home/airflow/.local/lib/python3.8/site-packages/airflow/example_dags/example_branch_day_of_week_operator.py took 0.238 seconds
[2025-08-02T02:16:29.020+0000] {processor.py:161} INFO - Started process (PID=3208) to work on /home/airflow/.local/lib/python3.8/site-packages/airflow/example_dags/example_branch_day_of_week_operator.py
[2025-08-02T02:16:29.028+0000] {processor.py:830} INFO - Processing file /home/airflow/.local/lib/python3.8/site-packages/airflow/example_dags/example_branch_day_of_week_operator.py for tasks to queue
[2025-08-02T02:16:29.030+0000] {logging_mixin.py:188} INFO - [2025-08-02T02:16:29.029+0000] {dagbag.py:540} INFO - Filling up the DagBag from /home/airflow/.local/lib/python3.8/site-packages/airflow/example_dags/example_branch_day_of_week_operator.py
[2025-08-02T02:16:29.183+0000] {processor.py:840} INFO - DAG(s) 'example_weekday_branch_operator' retrieved from /home/airflow/.local/lib/python3.8/site-packages/airflow/example_dags/example_branch_day_of_week_operator.py
[2025-08-02T02:16:29.523+0000] {logging_mixin.py:188} INFO - [2025-08-02T02:16:29.521+0000] {dag.py:3047} INFO - Sync 1 DAGs
[2025-08-02T02:16:29.656+0000] {logging_mixin.py:188} INFO - [2025-08-02T02:16:29.655+0000] {dag.py:3834} INFO - Setting next_dagrun for example_weekday_branch_operator to 2025-08-01 00:00:00+00:00, run_after=2025-08-02 00:00:00+00:00
[2025-08-02T02:16:29.740+0000] {processor.py:183} INFO - Processing /home/airflow/.local/lib/python3.8/site-packages/airflow/example_dags/example_branch_day_of_week_operator.py took 0.737 seconds
[2025-08-02T02:17:06.484+0000] {processor.py:161} INFO - Started process (PID=3264) to work on /home/airflow/.local/lib/python3.8/site-packages/airflow/example_dags/example_branch_day_of_week_operator.py
[2025-08-02T02:17:06.487+0000] {processor.py:830} INFO - Processing file /home/airflow/.local/lib/python3.8/site-packages/airflow/example_dags/example_branch_day_of_week_operator.py for tasks to queue
[2025-08-02T02:17:06.493+0000] {logging_mixin.py:188} INFO - [2025-08-02T02:17:06.491+0000] {dagbag.py:540} INFO - Filling up the DagBag from /home/airflow/.local/lib/python3.8/site-packages/airflow/example_dags/example_branch_day_of_week_operator.py
[2025-08-02T02:17:06.529+0000] {processor.py:840} INFO - DAG(s) 'example_weekday_branch_operator' retrieved from /home/airflow/.local/lib/python3.8/site-packages/airflow/example_dags/example_branch_day_of_week_operator.py
[2025-08-02T02:17:06.599+0000] {logging_mixin.py:188} INFO - [2025-08-02T02:17:06.598+0000] {dag.py:3047} INFO - Sync 1 DAGs
[2025-08-02T02:17:09.022+0000] {logging_mixin.py:188} INFO - [2025-08-02T02:17:09.002+0000] {dag.py:3834} INFO - Setting next_dagrun for example_weekday_branch_operator to 2025-08-01 00:00:00+00:00, run_after=2025-08-02 00:00:00+00:00
[2025-08-02T02:17:09.309+0000] {processor.py:183} INFO - Processing /home/airflow/.local/lib/python3.8/site-packages/airflow/example_dags/example_branch_day_of_week_operator.py took 2.831 seconds
[2025-08-02T02:17:40.129+0000] {processor.py:161} INFO - Started process (PID=3320) to work on /home/airflow/.local/lib/python3.8/site-packages/airflow/example_dags/example_branch_day_of_week_operator.py
[2025-08-02T02:17:40.202+0000] {processor.py:830} INFO - Processing file /home/airflow/.local/lib/python3.8/site-packages/airflow/example_dags/example_branch_day_of_week_operator.py for tasks to queue
[2025-08-02T02:17:40.217+0000] {logging_mixin.py:188} INFO - [2025-08-02T02:17:40.208+0000] {dagbag.py:540} INFO - Filling up the DagBag from /home/airflow/.local/lib/python3.8/site-packages/airflow/example_dags/example_branch_day_of_week_operator.py
[2025-08-02T02:17:40.296+0000] {processor.py:840} INFO - DAG(s) 'example_weekday_branch_operator' retrieved from /home/airflow/.local/lib/python3.8/site-packages/airflow/example_dags/example_branch_day_of_week_operator.py
[2025-08-02T02:17:40.502+0000] {logging_mixin.py:188} INFO - [2025-08-02T02:17:40.500+0000] {dag.py:3047} INFO - Sync 1 DAGs
[2025-08-02T02:17:40.680+0000] {logging_mixin.py:188} INFO - [2025-08-02T02:17:40.676+0000] {dag.py:3834} INFO - Setting next_dagrun for example_weekday_branch_operator to 2025-08-01 00:00:00+00:00, run_after=2025-08-02 00:00:00+00:00
[2025-08-02T02:17:40.792+0000] {processor.py:183} INFO - Processing /home/airflow/.local/lib/python3.8/site-packages/airflow/example_dags/example_branch_day_of_week_operator.py took 0.727 seconds
[2025-08-02T02:18:30.459+0000] {processor.py:161} INFO - Started process (PID=3374) to work on /home/airflow/.local/lib/python3.8/site-packages/airflow/example_dags/example_branch_day_of_week_operator.py
[2025-08-02T02:18:30.471+0000] {processor.py:830} INFO - Processing file /home/airflow/.local/lib/python3.8/site-packages/airflow/example_dags/example_branch_day_of_week_operator.py for tasks to queue
[2025-08-02T02:18:30.475+0000] {logging_mixin.py:188} INFO - [2025-08-02T02:18:30.474+0000] {dagbag.py:540} INFO - Filling up the DagBag from /home/airflow/.local/lib/python3.8/site-packages/airflow/example_dags/example_branch_day_of_week_operator.py
[2025-08-02T02:18:30.512+0000] {processor.py:840} INFO - DAG(s) 'example_weekday_branch_operator' retrieved from /home/airflow/.local/lib/python3.8/site-packages/airflow/example_dags/example_branch_day_of_week_operator.py
[2025-08-02T02:18:30.922+0000] {logging_mixin.py:188} INFO - [2025-08-02T02:18:30.905+0000] {dag.py:3047} INFO - Sync 1 DAGs
[2025-08-02T02:18:31.074+0000] {logging_mixin.py:188} INFO - [2025-08-02T02:18:31.072+0000] {dag.py:3834} INFO - Setting next_dagrun for example_weekday_branch_operator to 2025-08-01 00:00:00+00:00, run_after=2025-08-02 00:00:00+00:00
[2025-08-02T02:18:31.164+0000] {processor.py:183} INFO - Processing /home/airflow/.local/lib/python3.8/site-packages/airflow/example_dags/example_branch_day_of_week_operator.py took 0.736 seconds
[2025-08-02T02:19:11.390+0000] {processor.py:161} INFO - Started process (PID=3441) to work on /home/airflow/.local/lib/python3.8/site-packages/airflow/example_dags/example_branch_day_of_week_operator.py
[2025-08-02T02:19:11.391+0000] {processor.py:830} INFO - Processing file /home/airflow/.local/lib/python3.8/site-packages/airflow/example_dags/example_branch_day_of_week_operator.py for tasks to queue
[2025-08-02T02:19:11.395+0000] {logging_mixin.py:188} INFO - [2025-08-02T02:19:11.395+0000] {dagbag.py:540} INFO - Filling up the DagBag from /home/airflow/.local/lib/python3.8/site-packages/airflow/example_dags/example_branch_day_of_week_operator.py
[2025-08-02T02:19:11.405+0000] {processor.py:840} INFO - DAG(s) 'example_weekday_branch_operator' retrieved from /home/airflow/.local/lib/python3.8/site-packages/airflow/example_dags/example_branch_day_of_week_operator.py
[2025-08-02T02:19:11.431+0000] {logging_mixin.py:188} INFO - [2025-08-02T02:19:11.431+0000] {dag.py:3047} INFO - Sync 1 DAGs
[2025-08-02T02:19:11.449+0000] {logging_mixin.py:188} INFO - [2025-08-02T02:19:11.448+0000] {dag.py:3834} INFO - Setting next_dagrun for example_weekday_branch_operator to 2025-08-01 00:00:00+00:00, run_after=2025-08-02 00:00:00+00:00
[2025-08-02T02:19:11.469+0000] {processor.py:183} INFO - Processing /home/airflow/.local/lib/python3.8/site-packages/airflow/example_dags/example_branch_day_of_week_operator.py took 0.081 seconds
[2025-08-02T02:19:54.336+0000] {processor.py:161} INFO - Started process (PID=3497) to work on /home/airflow/.local/lib/python3.8/site-packages/airflow/example_dags/example_branch_day_of_week_operator.py
[2025-08-02T02:19:54.338+0000] {processor.py:830} INFO - Processing file /home/airflow/.local/lib/python3.8/site-packages/airflow/example_dags/example_branch_day_of_week_operator.py for tasks to queue
[2025-08-02T02:19:54.339+0000] {logging_mixin.py:188} INFO - [2025-08-02T02:19:54.339+0000] {dagbag.py:540} INFO - Filling up the DagBag from /home/airflow/.local/lib/python3.8/site-packages/airflow/example_dags/example_branch_day_of_week_operator.py
[2025-08-02T02:19:54.365+0000] {processor.py:840} INFO - DAG(s) 'example_weekday_branch_operator' retrieved from /home/airflow/.local/lib/python3.8/site-packages/airflow/example_dags/example_branch_day_of_week_operator.py
[2025-08-02T02:19:54.395+0000] {logging_mixin.py:188} INFO - [2025-08-02T02:19:54.395+0000] {dag.py:3047} INFO - Sync 1 DAGs
[2025-08-02T02:19:54.437+0000] {logging_mixin.py:188} INFO - [2025-08-02T02:19:54.436+0000] {dag.py:3834} INFO - Setting next_dagrun for example_weekday_branch_operator to 2025-08-01 00:00:00+00:00, run_after=2025-08-02 00:00:00+00:00
[2025-08-02T02:19:54.455+0000] {processor.py:183} INFO - Processing /home/airflow/.local/lib/python3.8/site-packages/airflow/example_dags/example_branch_day_of_week_operator.py took 0.126 seconds
[2025-08-02T02:20:29.089+0000] {processor.py:161} INFO - Started process (PID=3553) to work on /home/airflow/.local/lib/python3.8/site-packages/airflow/example_dags/example_branch_day_of_week_operator.py
[2025-08-02T02:20:29.091+0000] {processor.py:830} INFO - Processing file /home/airflow/.local/lib/python3.8/site-packages/airflow/example_dags/example_branch_day_of_week_operator.py for tasks to queue
[2025-08-02T02:20:29.092+0000] {logging_mixin.py:188} INFO - [2025-08-02T02:20:29.091+0000] {dagbag.py:540} INFO - Filling up the DagBag from /home/airflow/.local/lib/python3.8/site-packages/airflow/example_dags/example_branch_day_of_week_operator.py
[2025-08-02T02:20:29.116+0000] {processor.py:840} INFO - DAG(s) 'example_weekday_branch_operator' retrieved from /home/airflow/.local/lib/python3.8/site-packages/airflow/example_dags/example_branch_day_of_week_operator.py
[2025-08-02T02:20:29.147+0000] {logging_mixin.py:188} INFO - [2025-08-02T02:20:29.147+0000] {dag.py:3047} INFO - Sync 1 DAGs
[2025-08-02T02:20:29.513+0000] {logging_mixin.py:188} INFO - [2025-08-02T02:20:29.510+0000] {dag.py:3834} INFO - Setting next_dagrun for example_weekday_branch_operator to 2025-08-01 00:00:00+00:00, run_after=2025-08-02 00:00:00+00:00
[2025-08-02T02:20:29.532+0000] {processor.py:183} INFO - Processing /home/airflow/.local/lib/python3.8/site-packages/airflow/example_dags/example_branch_day_of_week_operator.py took 0.447 seconds
[2025-08-02T02:20:59.736+0000] {processor.py:161} INFO - Started process (PID=3610) to work on /home/airflow/.local/lib/python3.8/site-packages/airflow/example_dags/example_branch_day_of_week_operator.py
[2025-08-02T02:20:59.738+0000] {processor.py:830} INFO - Processing file /home/airflow/.local/lib/python3.8/site-packages/airflow/example_dags/example_branch_day_of_week_operator.py for tasks to queue
[2025-08-02T02:20:59.739+0000] {logging_mixin.py:188} INFO - [2025-08-02T02:20:59.739+0000] {dagbag.py:540} INFO - Filling up the DagBag from /home/airflow/.local/lib/python3.8/site-packages/airflow/example_dags/example_branch_day_of_week_operator.py
[2025-08-02T02:20:59.751+0000] {processor.py:840} INFO - DAG(s) 'example_weekday_branch_operator' retrieved from /home/airflow/.local/lib/python3.8/site-packages/airflow/example_dags/example_branch_day_of_week_operator.py
[2025-08-02T02:20:59.813+0000] {logging_mixin.py:188} INFO - [2025-08-02T02:20:59.813+0000] {dag.py:3047} INFO - Sync 1 DAGs
[2025-08-02T02:20:59.856+0000] {logging_mixin.py:188} INFO - [2025-08-02T02:20:59.855+0000] {dag.py:3834} INFO - Setting next_dagrun for example_weekday_branch_operator to 2025-08-01 00:00:00+00:00, run_after=2025-08-02 00:00:00+00:00
[2025-08-02T02:20:59.906+0000] {processor.py:183} INFO - Processing /home/airflow/.local/lib/python3.8/site-packages/airflow/example_dags/example_branch_day_of_week_operator.py took 0.174 seconds
[2025-08-02T02:21:30.240+0000] {processor.py:161} INFO - Started process (PID=3666) to work on /home/airflow/.local/lib/python3.8/site-packages/airflow/example_dags/example_branch_day_of_week_operator.py
[2025-08-02T02:21:30.260+0000] {processor.py:830} INFO - Processing file /home/airflow/.local/lib/python3.8/site-packages/airflow/example_dags/example_branch_day_of_week_operator.py for tasks to queue
[2025-08-02T02:21:30.359+0000] {logging_mixin.py:188} INFO - [2025-08-02T02:21:30.300+0000] {dagbag.py:540} INFO - Filling up the DagBag from /home/airflow/.local/lib/python3.8/site-packages/airflow/example_dags/example_branch_day_of_week_operator.py
[2025-08-02T02:21:30.400+0000] {processor.py:840} INFO - DAG(s) 'example_weekday_branch_operator' retrieved from /home/airflow/.local/lib/python3.8/site-packages/airflow/example_dags/example_branch_day_of_week_operator.py
[2025-08-02T02:21:30.529+0000] {logging_mixin.py:188} INFO - [2025-08-02T02:21:30.527+0000] {dag.py:3047} INFO - Sync 1 DAGs
[2025-08-02T02:21:30.593+0000] {logging_mixin.py:188} INFO - [2025-08-02T02:21:30.593+0000] {dag.py:3834} INFO - Setting next_dagrun for example_weekday_branch_operator to 2025-08-01 00:00:00+00:00, run_after=2025-08-02 00:00:00+00:00
[2025-08-02T02:21:30.633+0000] {processor.py:183} INFO - Processing /home/airflow/.local/lib/python3.8/site-packages/airflow/example_dags/example_branch_day_of_week_operator.py took 0.602 seconds
[2025-08-02T02:22:01.495+0000] {processor.py:161} INFO - Started process (PID=3722) to work on /home/airflow/.local/lib/python3.8/site-packages/airflow/example_dags/example_branch_day_of_week_operator.py
[2025-08-02T02:22:01.497+0000] {processor.py:830} INFO - Processing file /home/airflow/.local/lib/python3.8/site-packages/airflow/example_dags/example_branch_day_of_week_operator.py for tasks to queue
[2025-08-02T02:22:01.500+0000] {logging_mixin.py:188} INFO - [2025-08-02T02:22:01.498+0000] {dagbag.py:540} INFO - Filling up the DagBag from /home/airflow/.local/lib/python3.8/site-packages/airflow/example_dags/example_branch_day_of_week_operator.py
[2025-08-02T02:22:01.521+0000] {processor.py:840} INFO - DAG(s) 'example_weekday_branch_operator' retrieved from /home/airflow/.local/lib/python3.8/site-packages/airflow/example_dags/example_branch_day_of_week_operator.py
[2025-08-02T02:22:01.889+0000] {logging_mixin.py:188} INFO - [2025-08-02T02:22:01.877+0000] {dag.py:3047} INFO - Sync 1 DAGs
[2025-08-02T02:22:02.144+0000] {logging_mixin.py:188} INFO - [2025-08-02T02:22:02.119+0000] {dag.py:3834} INFO - Setting next_dagrun for example_weekday_branch_operator to 2025-08-01 00:00:00+00:00, run_after=2025-08-02 00:00:00+00:00
[2025-08-02T02:22:02.384+0000] {processor.py:183} INFO - Processing /home/airflow/.local/lib/python3.8/site-packages/airflow/example_dags/example_branch_day_of_week_operator.py took 0.897 seconds
[2025-08-02T02:22:39.046+0000] {processor.py:161} INFO - Started process (PID=3780) to work on /home/airflow/.local/lib/python3.8/site-packages/airflow/example_dags/example_branch_day_of_week_operator.py
[2025-08-02T02:22:39.124+0000] {processor.py:830} INFO - Processing file /home/airflow/.local/lib/python3.8/site-packages/airflow/example_dags/example_branch_day_of_week_operator.py for tasks to queue
[2025-08-02T02:22:39.136+0000] {logging_mixin.py:188} INFO - [2025-08-02T02:22:39.133+0000] {dagbag.py:540} INFO - Filling up the DagBag from /home/airflow/.local/lib/python3.8/site-packages/airflow/example_dags/example_branch_day_of_week_operator.py
[2025-08-02T02:22:39.203+0000] {processor.py:840} INFO - DAG(s) 'example_weekday_branch_operator' retrieved from /home/airflow/.local/lib/python3.8/site-packages/airflow/example_dags/example_branch_day_of_week_operator.py
[2025-08-02T02:22:39.395+0000] {logging_mixin.py:188} INFO - [2025-08-02T02:22:39.394+0000] {dag.py:3047} INFO - Sync 1 DAGs
[2025-08-02T02:22:39.531+0000] {logging_mixin.py:188} INFO - [2025-08-02T02:22:39.529+0000] {dag.py:3834} INFO - Setting next_dagrun for example_weekday_branch_operator to 2025-08-01 00:00:00+00:00, run_after=2025-08-02 00:00:00+00:00
[2025-08-02T02:22:39.615+0000] {processor.py:183} INFO - Processing /home/airflow/.local/lib/python3.8/site-packages/airflow/example_dags/example_branch_day_of_week_operator.py took 0.662 seconds
[2025-08-02T02:23:10.224+0000] {processor.py:161} INFO - Started process (PID=3836) to work on /home/airflow/.local/lib/python3.8/site-packages/airflow/example_dags/example_branch_day_of_week_operator.py
[2025-08-02T02:23:10.229+0000] {processor.py:830} INFO - Processing file /home/airflow/.local/lib/python3.8/site-packages/airflow/example_dags/example_branch_day_of_week_operator.py for tasks to queue
[2025-08-02T02:23:10.234+0000] {logging_mixin.py:188} INFO - [2025-08-02T02:23:10.233+0000] {dagbag.py:540} INFO - Filling up the DagBag from /home/airflow/.local/lib/python3.8/site-packages/airflow/example_dags/example_branch_day_of_week_operator.py
[2025-08-02T02:23:10.255+0000] {processor.py:840} INFO - DAG(s) 'example_weekday_branch_operator' retrieved from /home/airflow/.local/lib/python3.8/site-packages/airflow/example_dags/example_branch_day_of_week_operator.py
[2025-08-02T02:23:10.378+0000] {logging_mixin.py:188} INFO - [2025-08-02T02:23:10.378+0000] {dag.py:3047} INFO - Sync 1 DAGs
[2025-08-02T02:23:10.443+0000] {logging_mixin.py:188} INFO - [2025-08-02T02:23:10.442+0000] {dag.py:3834} INFO - Setting next_dagrun for example_weekday_branch_operator to 2025-08-01 00:00:00+00:00, run_after=2025-08-02 00:00:00+00:00
[2025-08-02T02:23:10.471+0000] {processor.py:183} INFO - Processing /home/airflow/.local/lib/python3.8/site-packages/airflow/example_dags/example_branch_day_of_week_operator.py took 0.272 seconds
[2025-08-02T02:23:40.553+0000] {processor.py:161} INFO - Started process (PID=3891) to work on /home/airflow/.local/lib/python3.8/site-packages/airflow/example_dags/example_branch_day_of_week_operator.py
[2025-08-02T02:23:40.555+0000] {processor.py:830} INFO - Processing file /home/airflow/.local/lib/python3.8/site-packages/airflow/example_dags/example_branch_day_of_week_operator.py for tasks to queue
[2025-08-02T02:23:40.556+0000] {logging_mixin.py:188} INFO - [2025-08-02T02:23:40.555+0000] {dagbag.py:540} INFO - Filling up the DagBag from /home/airflow/.local/lib/python3.8/site-packages/airflow/example_dags/example_branch_day_of_week_operator.py
[2025-08-02T02:23:40.565+0000] {processor.py:840} INFO - DAG(s) 'example_weekday_branch_operator' retrieved from /home/airflow/.local/lib/python3.8/site-packages/airflow/example_dags/example_branch_day_of_week_operator.py
[2025-08-02T02:23:40.586+0000] {logging_mixin.py:188} INFO - [2025-08-02T02:23:40.585+0000] {dag.py:3047} INFO - Sync 1 DAGs
[2025-08-02T02:23:40.604+0000] {logging_mixin.py:188} INFO - [2025-08-02T02:23:40.604+0000] {dag.py:3834} INFO - Setting next_dagrun for example_weekday_branch_operator to 2025-08-01 00:00:00+00:00, run_after=2025-08-02 00:00:00+00:00
[2025-08-02T02:23:40.631+0000] {processor.py:183} INFO - Processing /home/airflow/.local/lib/python3.8/site-packages/airflow/example_dags/example_branch_day_of_week_operator.py took 0.084 seconds
[2025-08-02T02:24:11.755+0000] {processor.py:161} INFO - Started process (PID=3947) to work on /home/airflow/.local/lib/python3.8/site-packages/airflow/example_dags/example_branch_day_of_week_operator.py
[2025-08-02T02:24:11.760+0000] {processor.py:830} INFO - Processing file /home/airflow/.local/lib/python3.8/site-packages/airflow/example_dags/example_branch_day_of_week_operator.py for tasks to queue
[2025-08-02T02:24:11.764+0000] {logging_mixin.py:188} INFO - [2025-08-02T02:24:11.764+0000] {dagbag.py:540} INFO - Filling up the DagBag from /home/airflow/.local/lib/python3.8/site-packages/airflow/example_dags/example_branch_day_of_week_operator.py
[2025-08-02T02:24:11.793+0000] {processor.py:840} INFO - DAG(s) 'example_weekday_branch_operator' retrieved from /home/airflow/.local/lib/python3.8/site-packages/airflow/example_dags/example_branch_day_of_week_operator.py
[2025-08-02T02:24:11.942+0000] {logging_mixin.py:188} INFO - [2025-08-02T02:24:11.939+0000] {dag.py:3047} INFO - Sync 1 DAGs
[2025-08-02T02:24:12.062+0000] {logging_mixin.py:188} INFO - [2025-08-02T02:24:12.050+0000] {dag.py:3834} INFO - Setting next_dagrun for example_weekday_branch_operator to 2025-08-01 00:00:00+00:00, run_after=2025-08-02 00:00:00+00:00
[2025-08-02T02:24:12.169+0000] {processor.py:183} INFO - Processing /home/airflow/.local/lib/python3.8/site-packages/airflow/example_dags/example_branch_day_of_week_operator.py took 0.433 seconds
[2025-08-02T02:24:43.792+0000] {processor.py:161} INFO - Started process (PID=4002) to work on /home/airflow/.local/lib/python3.8/site-packages/airflow/example_dags/example_branch_day_of_week_operator.py
[2025-08-02T02:24:43.800+0000] {processor.py:830} INFO - Processing file /home/airflow/.local/lib/python3.8/site-packages/airflow/example_dags/example_branch_day_of_week_operator.py for tasks to queue
[2025-08-02T02:24:43.802+0000] {logging_mixin.py:188} INFO - [2025-08-02T02:24:43.802+0000] {dagbag.py:540} INFO - Filling up the DagBag from /home/airflow/.local/lib/python3.8/site-packages/airflow/example_dags/example_branch_day_of_week_operator.py
[2025-08-02T02:24:43.813+0000] {processor.py:840} INFO - DAG(s) 'example_weekday_branch_operator' retrieved from /home/airflow/.local/lib/python3.8/site-packages/airflow/example_dags/example_branch_day_of_week_operator.py
[2025-08-02T02:24:43.950+0000] {logging_mixin.py:188} INFO - [2025-08-02T02:24:43.949+0000] {dag.py:3047} INFO - Sync 1 DAGs
[2025-08-02T02:24:44.088+0000] {logging_mixin.py:188} INFO - [2025-08-02T02:24:44.086+0000] {dag.py:3834} INFO - Setting next_dagrun for example_weekday_branch_operator to 2025-08-01 00:00:00+00:00, run_after=2025-08-02 00:00:00+00:00
[2025-08-02T02:24:44.174+0000] {processor.py:183} INFO - Processing /home/airflow/.local/lib/python3.8/site-packages/airflow/example_dags/example_branch_day_of_week_operator.py took 0.398 seconds
[2025-08-02T02:25:37.962+0000] {processor.py:161} INFO - Started process (PID=4060) to work on /home/airflow/.local/lib/python3.8/site-packages/airflow/example_dags/example_branch_day_of_week_operator.py
[2025-08-02T02:25:37.965+0000] {processor.py:830} INFO - Processing file /home/airflow/.local/lib/python3.8/site-packages/airflow/example_dags/example_branch_day_of_week_operator.py for tasks to queue
[2025-08-02T02:25:37.972+0000] {logging_mixin.py:188} INFO - [2025-08-02T02:25:37.971+0000] {dagbag.py:540} INFO - Filling up the DagBag from /home/airflow/.local/lib/python3.8/site-packages/airflow/example_dags/example_branch_day_of_week_operator.py
[2025-08-02T02:25:38.040+0000] {processor.py:840} INFO - DAG(s) 'example_weekday_branch_operator' retrieved from /home/airflow/.local/lib/python3.8/site-packages/airflow/example_dags/example_branch_day_of_week_operator.py
[2025-08-02T02:25:38.323+0000] {logging_mixin.py:188} INFO - [2025-08-02T02:25:38.318+0000] {dag.py:3047} INFO - Sync 1 DAGs
[2025-08-02T02:25:38.441+0000] {logging_mixin.py:188} INFO - [2025-08-02T02:25:38.441+0000] {dag.py:3834} INFO - Setting next_dagrun for example_weekday_branch_operator to 2025-08-01 00:00:00+00:00, run_after=2025-08-02 00:00:00+00:00
[2025-08-02T02:25:38.519+0000] {processor.py:183} INFO - Processing /home/airflow/.local/lib/python3.8/site-packages/airflow/example_dags/example_branch_day_of_week_operator.py took 0.563 seconds
[2025-08-02T02:26:08.591+0000] {processor.py:161} INFO - Started process (PID=4116) to work on /home/airflow/.local/lib/python3.8/site-packages/airflow/example_dags/example_branch_day_of_week_operator.py
[2025-08-02T02:26:08.592+0000] {processor.py:830} INFO - Processing file /home/airflow/.local/lib/python3.8/site-packages/airflow/example_dags/example_branch_day_of_week_operator.py for tasks to queue
[2025-08-02T02:26:08.595+0000] {logging_mixin.py:188} INFO - [2025-08-02T02:26:08.595+0000] {dagbag.py:540} INFO - Filling up the DagBag from /home/airflow/.local/lib/python3.8/site-packages/airflow/example_dags/example_branch_day_of_week_operator.py
[2025-08-02T02:26:08.606+0000] {processor.py:840} INFO - DAG(s) 'example_weekday_branch_operator' retrieved from /home/airflow/.local/lib/python3.8/site-packages/airflow/example_dags/example_branch_day_of_week_operator.py
[2025-08-02T02:26:08.724+0000] {logging_mixin.py:188} INFO - [2025-08-02T02:26:08.722+0000] {dag.py:3047} INFO - Sync 1 DAGs
[2025-08-02T02:26:08.832+0000] {logging_mixin.py:188} INFO - [2025-08-02T02:26:08.831+0000] {dag.py:3834} INFO - Setting next_dagrun for example_weekday_branch_operator to 2025-08-01 00:00:00+00:00, run_after=2025-08-02 00:00:00+00:00
[2025-08-02T02:26:08.931+0000] {processor.py:183} INFO - Processing /home/airflow/.local/lib/python3.8/site-packages/airflow/example_dags/example_branch_day_of_week_operator.py took 0.338 seconds
[2025-08-02T02:26:43.204+0000] {processor.py:161} INFO - Started process (PID=4172) to work on /home/airflow/.local/lib/python3.8/site-packages/airflow/example_dags/example_branch_day_of_week_operator.py
[2025-08-02T02:26:43.206+0000] {processor.py:830} INFO - Processing file /home/airflow/.local/lib/python3.8/site-packages/airflow/example_dags/example_branch_day_of_week_operator.py for tasks to queue
[2025-08-02T02:26:43.209+0000] {logging_mixin.py:188} INFO - [2025-08-02T02:26:43.208+0000] {dagbag.py:540} INFO - Filling up the DagBag from /home/airflow/.local/lib/python3.8/site-packages/airflow/example_dags/example_branch_day_of_week_operator.py
[2025-08-02T02:26:43.239+0000] {processor.py:840} INFO - DAG(s) 'example_weekday_branch_operator' retrieved from /home/airflow/.local/lib/python3.8/site-packages/airflow/example_dags/example_branch_day_of_week_operator.py
[2025-08-02T02:26:43.334+0000] {logging_mixin.py:188} INFO - [2025-08-02T02:26:43.334+0000] {dag.py:3047} INFO - Sync 1 DAGs
[2025-08-02T02:26:43.383+0000] {logging_mixin.py:188} INFO - [2025-08-02T02:26:43.383+0000] {dag.py:3834} INFO - Setting next_dagrun for example_weekday_branch_operator to 2025-08-01 00:00:00+00:00, run_after=2025-08-02 00:00:00+00:00
[2025-08-02T02:26:43.416+0000] {processor.py:183} INFO - Processing /home/airflow/.local/lib/python3.8/site-packages/airflow/example_dags/example_branch_day_of_week_operator.py took 0.225 seconds
[2025-08-02T02:27:23.530+0000] {processor.py:161} INFO - Started process (PID=4235) to work on /home/airflow/.local/lib/python3.8/site-packages/airflow/example_dags/example_branch_day_of_week_operator.py
[2025-08-02T02:27:23.534+0000] {processor.py:830} INFO - Processing file /home/airflow/.local/lib/python3.8/site-packages/airflow/example_dags/example_branch_day_of_week_operator.py for tasks to queue
[2025-08-02T02:27:23.535+0000] {logging_mixin.py:188} INFO - [2025-08-02T02:27:23.535+0000] {dagbag.py:540} INFO - Filling up the DagBag from /home/airflow/.local/lib/python3.8/site-packages/airflow/example_dags/example_branch_day_of_week_operator.py
[2025-08-02T02:27:23.545+0000] {processor.py:840} INFO - DAG(s) 'example_weekday_branch_operator' retrieved from /home/airflow/.local/lib/python3.8/site-packages/airflow/example_dags/example_branch_day_of_week_operator.py
[2025-08-02T02:27:23.589+0000] {logging_mixin.py:188} INFO - [2025-08-02T02:27:23.589+0000] {dag.py:3047} INFO - Sync 1 DAGs
[2025-08-02T02:27:23.644+0000] {logging_mixin.py:188} INFO - [2025-08-02T02:27:23.643+0000] {dag.py:3834} INFO - Setting next_dagrun for example_weekday_branch_operator to 2025-08-01 00:00:00+00:00, run_after=2025-08-02 00:00:00+00:00
[2025-08-02T02:27:23.705+0000] {processor.py:183} INFO - Processing /home/airflow/.local/lib/python3.8/site-packages/airflow/example_dags/example_branch_day_of_week_operator.py took 0.194 seconds
[2025-08-02T02:27:57.232+0000] {processor.py:161} INFO - Started process (PID=4292) to work on /home/airflow/.local/lib/python3.8/site-packages/airflow/example_dags/example_branch_day_of_week_operator.py
[2025-08-02T02:27:57.233+0000] {processor.py:830} INFO - Processing file /home/airflow/.local/lib/python3.8/site-packages/airflow/example_dags/example_branch_day_of_week_operator.py for tasks to queue
[2025-08-02T02:27:57.234+0000] {logging_mixin.py:188} INFO - [2025-08-02T02:27:57.234+0000] {dagbag.py:540} INFO - Filling up the DagBag from /home/airflow/.local/lib/python3.8/site-packages/airflow/example_dags/example_branch_day_of_week_operator.py
[2025-08-02T02:27:57.260+0000] {processor.py:840} INFO - DAG(s) 'example_weekday_branch_operator' retrieved from /home/airflow/.local/lib/python3.8/site-packages/airflow/example_dags/example_branch_day_of_week_operator.py
[2025-08-02T02:27:57.291+0000] {logging_mixin.py:188} INFO - [2025-08-02T02:27:57.290+0000] {dag.py:3047} INFO - Sync 1 DAGs
[2025-08-02T02:27:57.351+0000] {logging_mixin.py:188} INFO - [2025-08-02T02:27:57.351+0000] {dag.py:3834} INFO - Setting next_dagrun for example_weekday_branch_operator to 2025-08-01 00:00:00+00:00, run_after=2025-08-02 00:00:00+00:00
[2025-08-02T02:27:57.367+0000] {processor.py:183} INFO - Processing /home/airflow/.local/lib/python3.8/site-packages/airflow/example_dags/example_branch_day_of_week_operator.py took 0.140 seconds
[2025-08-02T02:28:29.848+0000] {processor.py:161} INFO - Started process (PID=4346) to work on /home/airflow/.local/lib/python3.8/site-packages/airflow/example_dags/example_branch_day_of_week_operator.py
[2025-08-02T02:28:29.849+0000] {processor.py:830} INFO - Processing file /home/airflow/.local/lib/python3.8/site-packages/airflow/example_dags/example_branch_day_of_week_operator.py for tasks to queue
[2025-08-02T02:28:29.850+0000] {logging_mixin.py:188} INFO - [2025-08-02T02:28:29.850+0000] {dagbag.py:540} INFO - Filling up the DagBag from /home/airflow/.local/lib/python3.8/site-packages/airflow/example_dags/example_branch_day_of_week_operator.py
[2025-08-02T02:28:29.861+0000] {processor.py:840} INFO - DAG(s) 'example_weekday_branch_operator' retrieved from /home/airflow/.local/lib/python3.8/site-packages/airflow/example_dags/example_branch_day_of_week_operator.py
[2025-08-02T02:28:29.889+0000] {logging_mixin.py:188} INFO - [2025-08-02T02:28:29.889+0000] {dag.py:3047} INFO - Sync 1 DAGs
[2025-08-02T02:28:29.907+0000] {logging_mixin.py:188} INFO - [2025-08-02T02:28:29.907+0000] {dag.py:3834} INFO - Setting next_dagrun for example_weekday_branch_operator to 2025-08-01 00:00:00+00:00, run_after=2025-08-02 00:00:00+00:00
[2025-08-02T02:28:29.922+0000] {processor.py:183} INFO - Processing /home/airflow/.local/lib/python3.8/site-packages/airflow/example_dags/example_branch_day_of_week_operator.py took 0.080 seconds
[2025-08-02T02:29:12.819+0000] {processor.py:161} INFO - Started process (PID=4391) to work on /home/airflow/.local/lib/python3.8/site-packages/airflow/example_dags/example_branch_day_of_week_operator.py
[2025-08-02T02:29:12.836+0000] {processor.py:830} INFO - Processing file /home/airflow/.local/lib/python3.8/site-packages/airflow/example_dags/example_branch_day_of_week_operator.py for tasks to queue
[2025-08-02T02:29:12.865+0000] {logging_mixin.py:188} INFO - [2025-08-02T02:29:12.851+0000] {dagbag.py:540} INFO - Filling up the DagBag from /home/airflow/.local/lib/python3.8/site-packages/airflow/example_dags/example_branch_day_of_week_operator.py
[2025-08-02T02:29:12.983+0000] {processor.py:840} INFO - DAG(s) 'example_weekday_branch_operator' retrieved from /home/airflow/.local/lib/python3.8/site-packages/airflow/example_dags/example_branch_day_of_week_operator.py
[2025-08-02T02:29:13.114+0000] {logging_mixin.py:188} INFO - [2025-08-02T02:29:13.113+0000] {dag.py:3047} INFO - Sync 1 DAGs
[2025-08-02T02:29:13.173+0000] {logging_mixin.py:188} INFO - [2025-08-02T02:29:13.173+0000] {dag.py:3834} INFO - Setting next_dagrun for example_weekday_branch_operator to 2025-08-01 00:00:00+00:00, run_after=2025-08-02 00:00:00+00:00
[2025-08-02T02:29:13.205+0000] {processor.py:183} INFO - Processing /home/airflow/.local/lib/python3.8/site-packages/airflow/example_dags/example_branch_day_of_week_operator.py took 0.459 seconds
[2025-08-02T02:29:43.942+0000] {processor.py:161} INFO - Started process (PID=4447) to work on /home/airflow/.local/lib/python3.8/site-packages/airflow/example_dags/example_branch_day_of_week_operator.py
[2025-08-02T02:29:43.950+0000] {processor.py:830} INFO - Processing file /home/airflow/.local/lib/python3.8/site-packages/airflow/example_dags/example_branch_day_of_week_operator.py for tasks to queue
[2025-08-02T02:29:43.955+0000] {logging_mixin.py:188} INFO - [2025-08-02T02:29:43.952+0000] {dagbag.py:540} INFO - Filling up the DagBag from /home/airflow/.local/lib/python3.8/site-packages/airflow/example_dags/example_branch_day_of_week_operator.py
[2025-08-02T02:29:44.015+0000] {processor.py:840} INFO - DAG(s) 'example_weekday_branch_operator' retrieved from /home/airflow/.local/lib/python3.8/site-packages/airflow/example_dags/example_branch_day_of_week_operator.py
[2025-08-02T02:29:44.534+0000] {logging_mixin.py:188} INFO - [2025-08-02T02:29:44.524+0000] {dag.py:3047} INFO - Sync 1 DAGs
[2025-08-02T02:29:44.640+0000] {logging_mixin.py:188} INFO - [2025-08-02T02:29:44.640+0000] {dag.py:3834} INFO - Setting next_dagrun for example_weekday_branch_operator to 2025-08-01 00:00:00+00:00, run_after=2025-08-02 00:00:00+00:00
[2025-08-02T02:29:44.697+0000] {processor.py:183} INFO - Processing /home/airflow/.local/lib/python3.8/site-packages/airflow/example_dags/example_branch_day_of_week_operator.py took 0.786 seconds
[2025-08-02T02:30:21.030+0000] {processor.py:161} INFO - Started process (PID=4495) to work on /home/airflow/.local/lib/python3.8/site-packages/airflow/example_dags/example_branch_day_of_week_operator.py
[2025-08-02T02:30:21.032+0000] {processor.py:830} INFO - Processing file /home/airflow/.local/lib/python3.8/site-packages/airflow/example_dags/example_branch_day_of_week_operator.py for tasks to queue
[2025-08-02T02:30:21.034+0000] {logging_mixin.py:188} INFO - [2025-08-02T02:30:21.034+0000] {dagbag.py:540} INFO - Filling up the DagBag from /home/airflow/.local/lib/python3.8/site-packages/airflow/example_dags/example_branch_day_of_week_operator.py
[2025-08-02T02:30:21.046+0000] {processor.py:840} INFO - DAG(s) 'example_weekday_branch_operator' retrieved from /home/airflow/.local/lib/python3.8/site-packages/airflow/example_dags/example_branch_day_of_week_operator.py
[2025-08-02T02:30:21.083+0000] {logging_mixin.py:188} INFO - [2025-08-02T02:30:21.083+0000] {dag.py:3047} INFO - Sync 1 DAGs
[2025-08-02T02:30:21.103+0000] {logging_mixin.py:188} INFO - [2025-08-02T02:30:21.103+0000] {dag.py:3834} INFO - Setting next_dagrun for example_weekday_branch_operator to 2025-08-01 00:00:00+00:00, run_after=2025-08-02 00:00:00+00:00
[2025-08-02T02:30:21.122+0000] {processor.py:183} INFO - Processing /home/airflow/.local/lib/python3.8/site-packages/airflow/example_dags/example_branch_day_of_week_operator.py took 0.097 seconds
[2025-08-02T02:30:54.059+0000] {processor.py:161} INFO - Started process (PID=4551) to work on /home/airflow/.local/lib/python3.8/site-packages/airflow/example_dags/example_branch_day_of_week_operator.py
[2025-08-02T02:30:54.062+0000] {processor.py:830} INFO - Processing file /home/airflow/.local/lib/python3.8/site-packages/airflow/example_dags/example_branch_day_of_week_operator.py for tasks to queue
[2025-08-02T02:30:54.063+0000] {logging_mixin.py:188} INFO - [2025-08-02T02:30:54.063+0000] {dagbag.py:540} INFO - Filling up the DagBag from /home/airflow/.local/lib/python3.8/site-packages/airflow/example_dags/example_branch_day_of_week_operator.py
[2025-08-02T02:30:54.094+0000] {processor.py:840} INFO - DAG(s) 'example_weekday_branch_operator' retrieved from /home/airflow/.local/lib/python3.8/site-packages/airflow/example_dags/example_branch_day_of_week_operator.py
[2025-08-02T02:30:54.197+0000] {logging_mixin.py:188} INFO - [2025-08-02T02:30:54.196+0000] {dag.py:3047} INFO - Sync 1 DAGs
[2025-08-02T02:30:54.255+0000] {logging_mixin.py:188} INFO - [2025-08-02T02:30:54.255+0000] {dag.py:3834} INFO - Setting next_dagrun for example_weekday_branch_operator to 2025-08-01 00:00:00+00:00, run_after=2025-08-02 00:00:00+00:00
[2025-08-02T02:30:54.280+0000] {processor.py:183} INFO - Processing /home/airflow/.local/lib/python3.8/site-packages/airflow/example_dags/example_branch_day_of_week_operator.py took 0.238 seconds
[2025-08-02T02:36:55.938+0000] {processor.py:161} INFO - Started process (PID=92) to work on /home/airflow/.local/lib/python3.8/site-packages/airflow/example_dags/example_branch_day_of_week_operator.py
[2025-08-02T02:36:55.940+0000] {processor.py:830} INFO - Processing file /home/airflow/.local/lib/python3.8/site-packages/airflow/example_dags/example_branch_day_of_week_operator.py for tasks to queue
[2025-08-02T02:36:55.943+0000] {logging_mixin.py:188} INFO - [2025-08-02T02:36:55.943+0000] {dagbag.py:540} INFO - Filling up the DagBag from /home/airflow/.local/lib/python3.8/site-packages/airflow/example_dags/example_branch_day_of_week_operator.py
[2025-08-02T02:36:55.955+0000] {processor.py:840} INFO - DAG(s) 'example_weekday_branch_operator' retrieved from /home/airflow/.local/lib/python3.8/site-packages/airflow/example_dags/example_branch_day_of_week_operator.py
[2025-08-02T02:36:56.048+0000] {logging_mixin.py:188} INFO - [2025-08-02T02:36:56.048+0000] {dag.py:3047} INFO - Sync 1 DAGs
[2025-08-02T02:36:56.067+0000] {logging_mixin.py:188} INFO - [2025-08-02T02:36:56.067+0000] {dag.py:3834} INFO - Setting next_dagrun for example_weekday_branch_operator to 2025-08-01 00:00:00+00:00, run_after=2025-08-02 00:00:00+00:00
[2025-08-02T02:36:56.081+0000] {processor.py:183} INFO - Processing /home/airflow/.local/lib/python3.8/site-packages/airflow/example_dags/example_branch_day_of_week_operator.py took 0.148 seconds
[2025-08-02T02:37:26.464+0000] {processor.py:161} INFO - Started process (PID=148) to work on /home/airflow/.local/lib/python3.8/site-packages/airflow/example_dags/example_branch_day_of_week_operator.py
[2025-08-02T02:37:26.466+0000] {processor.py:830} INFO - Processing file /home/airflow/.local/lib/python3.8/site-packages/airflow/example_dags/example_branch_day_of_week_operator.py for tasks to queue
[2025-08-02T02:37:26.475+0000] {logging_mixin.py:188} INFO - [2025-08-02T02:37:26.475+0000] {dagbag.py:540} INFO - Filling up the DagBag from /home/airflow/.local/lib/python3.8/site-packages/airflow/example_dags/example_branch_day_of_week_operator.py
[2025-08-02T02:37:26.495+0000] {processor.py:840} INFO - DAG(s) 'example_weekday_branch_operator' retrieved from /home/airflow/.local/lib/python3.8/site-packages/airflow/example_dags/example_branch_day_of_week_operator.py
[2025-08-02T02:37:26.532+0000] {logging_mixin.py:188} INFO - [2025-08-02T02:37:26.532+0000] {dag.py:3047} INFO - Sync 1 DAGs
[2025-08-02T02:37:26.566+0000] {logging_mixin.py:188} INFO - [2025-08-02T02:37:26.565+0000] {dag.py:3834} INFO - Setting next_dagrun for example_weekday_branch_operator to 2025-08-01 00:00:00+00:00, run_after=2025-08-02 00:00:00+00:00
[2025-08-02T02:37:26.608+0000] {processor.py:183} INFO - Processing /home/airflow/.local/lib/python3.8/site-packages/airflow/example_dags/example_branch_day_of_week_operator.py took 0.148 seconds
[2025-08-02T02:37:58.013+0000] {processor.py:161} INFO - Started process (PID=204) to work on /home/airflow/.local/lib/python3.8/site-packages/airflow/example_dags/example_branch_day_of_week_operator.py
[2025-08-02T02:37:58.014+0000] {processor.py:830} INFO - Processing file /home/airflow/.local/lib/python3.8/site-packages/airflow/example_dags/example_branch_day_of_week_operator.py for tasks to queue
[2025-08-02T02:37:58.016+0000] {logging_mixin.py:188} INFO - [2025-08-02T02:37:58.015+0000] {dagbag.py:540} INFO - Filling up the DagBag from /home/airflow/.local/lib/python3.8/site-packages/airflow/example_dags/example_branch_day_of_week_operator.py
[2025-08-02T02:37:58.025+0000] {processor.py:840} INFO - DAG(s) 'example_weekday_branch_operator' retrieved from /home/airflow/.local/lib/python3.8/site-packages/airflow/example_dags/example_branch_day_of_week_operator.py
[2025-08-02T02:37:58.054+0000] {logging_mixin.py:188} INFO - [2025-08-02T02:37:58.053+0000] {dag.py:3047} INFO - Sync 1 DAGs
[2025-08-02T02:37:58.125+0000] {logging_mixin.py:188} INFO - [2025-08-02T02:37:58.124+0000] {dag.py:3834} INFO - Setting next_dagrun for example_weekday_branch_operator to 2025-08-01 00:00:00+00:00, run_after=2025-08-02 00:00:00+00:00
[2025-08-02T02:37:58.166+0000] {processor.py:183} INFO - Processing /home/airflow/.local/lib/python3.8/site-packages/airflow/example_dags/example_branch_day_of_week_operator.py took 0.156 seconds
[2025-08-02T02:38:28.885+0000] {processor.py:161} INFO - Started process (PID=260) to work on /home/airflow/.local/lib/python3.8/site-packages/airflow/example_dags/example_branch_day_of_week_operator.py
[2025-08-02T02:38:28.887+0000] {processor.py:830} INFO - Processing file /home/airflow/.local/lib/python3.8/site-packages/airflow/example_dags/example_branch_day_of_week_operator.py for tasks to queue
[2025-08-02T02:38:28.890+0000] {logging_mixin.py:188} INFO - [2025-08-02T02:38:28.889+0000] {dagbag.py:540} INFO - Filling up the DagBag from /home/airflow/.local/lib/python3.8/site-packages/airflow/example_dags/example_branch_day_of_week_operator.py
[2025-08-02T02:38:28.898+0000] {processor.py:840} INFO - DAG(s) 'example_weekday_branch_operator' retrieved from /home/airflow/.local/lib/python3.8/site-packages/airflow/example_dags/example_branch_day_of_week_operator.py
[2025-08-02T02:38:28.919+0000] {logging_mixin.py:188} INFO - [2025-08-02T02:38:28.919+0000] {dag.py:3047} INFO - Sync 1 DAGs
[2025-08-02T02:38:28.936+0000] {logging_mixin.py:188} INFO - [2025-08-02T02:38:28.936+0000] {dag.py:3834} INFO - Setting next_dagrun for example_weekday_branch_operator to 2025-08-01 00:00:00+00:00, run_after=2025-08-02 00:00:00+00:00
[2025-08-02T02:38:28.953+0000] {processor.py:183} INFO - Processing /home/airflow/.local/lib/python3.8/site-packages/airflow/example_dags/example_branch_day_of_week_operator.py took 0.071 seconds
[2025-08-02T02:38:59.296+0000] {processor.py:161} INFO - Started process (PID=316) to work on /home/airflow/.local/lib/python3.8/site-packages/airflow/example_dags/example_branch_day_of_week_operator.py
[2025-08-02T02:38:59.298+0000] {processor.py:830} INFO - Processing file /home/airflow/.local/lib/python3.8/site-packages/airflow/example_dags/example_branch_day_of_week_operator.py for tasks to queue
[2025-08-02T02:38:59.301+0000] {logging_mixin.py:188} INFO - [2025-08-02T02:38:59.301+0000] {dagbag.py:540} INFO - Filling up the DagBag from /home/airflow/.local/lib/python3.8/site-packages/airflow/example_dags/example_branch_day_of_week_operator.py
[2025-08-02T02:38:59.310+0000] {processor.py:840} INFO - DAG(s) 'example_weekday_branch_operator' retrieved from /home/airflow/.local/lib/python3.8/site-packages/airflow/example_dags/example_branch_day_of_week_operator.py
[2025-08-02T02:38:59.329+0000] {logging_mixin.py:188} INFO - [2025-08-02T02:38:59.329+0000] {dag.py:3047} INFO - Sync 1 DAGs
[2025-08-02T02:38:59.343+0000] {logging_mixin.py:188} INFO - [2025-08-02T02:38:59.343+0000] {dag.py:3834} INFO - Setting next_dagrun for example_weekday_branch_operator to 2025-08-01 00:00:00+00:00, run_after=2025-08-02 00:00:00+00:00
[2025-08-02T02:38:59.358+0000] {processor.py:183} INFO - Processing /home/airflow/.local/lib/python3.8/site-packages/airflow/example_dags/example_branch_day_of_week_operator.py took 0.064 seconds
[2025-08-02T02:39:30.405+0000] {processor.py:161} INFO - Started process (PID=371) to work on /home/airflow/.local/lib/python3.8/site-packages/airflow/example_dags/example_branch_day_of_week_operator.py
[2025-08-02T02:39:30.406+0000] {processor.py:830} INFO - Processing file /home/airflow/.local/lib/python3.8/site-packages/airflow/example_dags/example_branch_day_of_week_operator.py for tasks to queue
[2025-08-02T02:39:30.408+0000] {logging_mixin.py:188} INFO - [2025-08-02T02:39:30.408+0000] {dagbag.py:540} INFO - Filling up the DagBag from /home/airflow/.local/lib/python3.8/site-packages/airflow/example_dags/example_branch_day_of_week_operator.py
[2025-08-02T02:39:30.416+0000] {processor.py:840} INFO - DAG(s) 'example_weekday_branch_operator' retrieved from /home/airflow/.local/lib/python3.8/site-packages/airflow/example_dags/example_branch_day_of_week_operator.py
[2025-08-02T02:39:30.435+0000] {logging_mixin.py:188} INFO - [2025-08-02T02:39:30.434+0000] {dag.py:3047} INFO - Sync 1 DAGs
[2025-08-02T02:39:30.471+0000] {logging_mixin.py:188} INFO - [2025-08-02T02:39:30.471+0000] {dag.py:3834} INFO - Setting next_dagrun for example_weekday_branch_operator to 2025-08-01 00:00:00+00:00, run_after=2025-08-02 00:00:00+00:00
[2025-08-02T02:39:30.485+0000] {processor.py:183} INFO - Processing /home/airflow/.local/lib/python3.8/site-packages/airflow/example_dags/example_branch_day_of_week_operator.py took 0.084 seconds
[2025-08-02T02:40:00.733+0000] {processor.py:161} INFO - Started process (PID=427) to work on /home/airflow/.local/lib/python3.8/site-packages/airflow/example_dags/example_branch_day_of_week_operator.py
[2025-08-02T02:40:00.737+0000] {processor.py:830} INFO - Processing file /home/airflow/.local/lib/python3.8/site-packages/airflow/example_dags/example_branch_day_of_week_operator.py for tasks to queue
[2025-08-02T02:40:00.739+0000] {logging_mixin.py:188} INFO - [2025-08-02T02:40:00.739+0000] {dagbag.py:540} INFO - Filling up the DagBag from /home/airflow/.local/lib/python3.8/site-packages/airflow/example_dags/example_branch_day_of_week_operator.py
[2025-08-02T02:40:00.746+0000] {processor.py:840} INFO - DAG(s) 'example_weekday_branch_operator' retrieved from /home/airflow/.local/lib/python3.8/site-packages/airflow/example_dags/example_branch_day_of_week_operator.py
[2025-08-02T02:40:00.785+0000] {logging_mixin.py:188} INFO - [2025-08-02T02:40:00.785+0000] {dag.py:3047} INFO - Sync 1 DAGs
[2025-08-02T02:40:00.807+0000] {logging_mixin.py:188} INFO - [2025-08-02T02:40:00.807+0000] {dag.py:3834} INFO - Setting next_dagrun for example_weekday_branch_operator to 2025-08-01 00:00:00+00:00, run_after=2025-08-02 00:00:00+00:00
[2025-08-02T02:40:00.823+0000] {processor.py:183} INFO - Processing /home/airflow/.local/lib/python3.8/site-packages/airflow/example_dags/example_branch_day_of_week_operator.py took 0.094 seconds
[2025-08-02T02:40:31.121+0000] {processor.py:161} INFO - Started process (PID=483) to work on /home/airflow/.local/lib/python3.8/site-packages/airflow/example_dags/example_branch_day_of_week_operator.py
[2025-08-02T02:40:31.122+0000] {processor.py:830} INFO - Processing file /home/airflow/.local/lib/python3.8/site-packages/airflow/example_dags/example_branch_day_of_week_operator.py for tasks to queue
[2025-08-02T02:40:31.124+0000] {logging_mixin.py:188} INFO - [2025-08-02T02:40:31.123+0000] {dagbag.py:540} INFO - Filling up the DagBag from /home/airflow/.local/lib/python3.8/site-packages/airflow/example_dags/example_branch_day_of_week_operator.py
[2025-08-02T02:40:31.134+0000] {processor.py:840} INFO - DAG(s) 'example_weekday_branch_operator' retrieved from /home/airflow/.local/lib/python3.8/site-packages/airflow/example_dags/example_branch_day_of_week_operator.py
[2025-08-02T02:40:31.152+0000] {logging_mixin.py:188} INFO - [2025-08-02T02:40:31.152+0000] {dag.py:3047} INFO - Sync 1 DAGs
[2025-08-02T02:40:31.170+0000] {logging_mixin.py:188} INFO - [2025-08-02T02:40:31.169+0000] {dag.py:3834} INFO - Setting next_dagrun for example_weekday_branch_operator to 2025-08-01 00:00:00+00:00, run_after=2025-08-02 00:00:00+00:00
[2025-08-02T02:40:31.188+0000] {processor.py:183} INFO - Processing /home/airflow/.local/lib/python3.8/site-packages/airflow/example_dags/example_branch_day_of_week_operator.py took 0.069 seconds
[2025-08-02T02:41:01.457+0000] {processor.py:161} INFO - Started process (PID=539) to work on /home/airflow/.local/lib/python3.8/site-packages/airflow/example_dags/example_branch_day_of_week_operator.py
[2025-08-02T02:41:01.458+0000] {processor.py:830} INFO - Processing file /home/airflow/.local/lib/python3.8/site-packages/airflow/example_dags/example_branch_day_of_week_operator.py for tasks to queue
[2025-08-02T02:41:01.461+0000] {logging_mixin.py:188} INFO - [2025-08-02T02:41:01.460+0000] {dagbag.py:540} INFO - Filling up the DagBag from /home/airflow/.local/lib/python3.8/site-packages/airflow/example_dags/example_branch_day_of_week_operator.py
[2025-08-02T02:41:01.471+0000] {processor.py:840} INFO - DAG(s) 'example_weekday_branch_operator' retrieved from /home/airflow/.local/lib/python3.8/site-packages/airflow/example_dags/example_branch_day_of_week_operator.py
[2025-08-02T02:41:01.503+0000] {logging_mixin.py:188} INFO - [2025-08-02T02:41:01.503+0000] {dag.py:3047} INFO - Sync 1 DAGs
[2025-08-02T02:41:01.529+0000] {logging_mixin.py:188} INFO - [2025-08-02T02:41:01.529+0000] {dag.py:3834} INFO - Setting next_dagrun for example_weekday_branch_operator to 2025-08-01 00:00:00+00:00, run_after=2025-08-02 00:00:00+00:00
[2025-08-02T02:41:01.545+0000] {processor.py:183} INFO - Processing /home/airflow/.local/lib/python3.8/site-packages/airflow/example_dags/example_branch_day_of_week_operator.py took 0.090 seconds
[2025-08-02T02:41:32.189+0000] {processor.py:161} INFO - Started process (PID=595) to work on /home/airflow/.local/lib/python3.8/site-packages/airflow/example_dags/example_branch_day_of_week_operator.py
[2025-08-02T02:41:32.191+0000] {processor.py:830} INFO - Processing file /home/airflow/.local/lib/python3.8/site-packages/airflow/example_dags/example_branch_day_of_week_operator.py for tasks to queue
[2025-08-02T02:41:32.194+0000] {logging_mixin.py:188} INFO - [2025-08-02T02:41:32.193+0000] {dagbag.py:540} INFO - Filling up the DagBag from /home/airflow/.local/lib/python3.8/site-packages/airflow/example_dags/example_branch_day_of_week_operator.py
[2025-08-02T02:41:32.199+0000] {processor.py:840} INFO - DAG(s) 'example_weekday_branch_operator' retrieved from /home/airflow/.local/lib/python3.8/site-packages/airflow/example_dags/example_branch_day_of_week_operator.py
[2025-08-02T02:41:32.217+0000] {logging_mixin.py:188} INFO - [2025-08-02T02:41:32.217+0000] {dag.py:3047} INFO - Sync 1 DAGs
[2025-08-02T02:41:32.237+0000] {logging_mixin.py:188} INFO - [2025-08-02T02:41:32.237+0000] {dag.py:3834} INFO - Setting next_dagrun for example_weekday_branch_operator to 2025-08-01 00:00:00+00:00, run_after=2025-08-02 00:00:00+00:00
[2025-08-02T02:41:32.263+0000] {processor.py:183} INFO - Processing /home/airflow/.local/lib/python3.8/site-packages/airflow/example_dags/example_branch_day_of_week_operator.py took 0.076 seconds
[2025-08-02T02:42:02.542+0000] {processor.py:161} INFO - Started process (PID=651) to work on /home/airflow/.local/lib/python3.8/site-packages/airflow/example_dags/example_branch_day_of_week_operator.py
[2025-08-02T02:42:02.544+0000] {processor.py:830} INFO - Processing file /home/airflow/.local/lib/python3.8/site-packages/airflow/example_dags/example_branch_day_of_week_operator.py for tasks to queue
[2025-08-02T02:42:02.550+0000] {logging_mixin.py:188} INFO - [2025-08-02T02:42:02.550+0000] {dagbag.py:540} INFO - Filling up the DagBag from /home/airflow/.local/lib/python3.8/site-packages/airflow/example_dags/example_branch_day_of_week_operator.py
[2025-08-02T02:42:02.562+0000] {processor.py:840} INFO - DAG(s) 'example_weekday_branch_operator' retrieved from /home/airflow/.local/lib/python3.8/site-packages/airflow/example_dags/example_branch_day_of_week_operator.py
[2025-08-02T02:42:02.583+0000] {logging_mixin.py:188} INFO - [2025-08-02T02:42:02.583+0000] {dag.py:3047} INFO - Sync 1 DAGs
[2025-08-02T02:42:02.602+0000] {logging_mixin.py:188} INFO - [2025-08-02T02:42:02.602+0000] {dag.py:3834} INFO - Setting next_dagrun for example_weekday_branch_operator to 2025-08-01 00:00:00+00:00, run_after=2025-08-02 00:00:00+00:00
[2025-08-02T02:42:02.626+0000] {processor.py:183} INFO - Processing /home/airflow/.local/lib/python3.8/site-packages/airflow/example_dags/example_branch_day_of_week_operator.py took 0.086 seconds
[2025-08-02T02:42:32.824+0000] {processor.py:161} INFO - Started process (PID=707) to work on /home/airflow/.local/lib/python3.8/site-packages/airflow/example_dags/example_branch_day_of_week_operator.py
[2025-08-02T02:42:32.828+0000] {processor.py:830} INFO - Processing file /home/airflow/.local/lib/python3.8/site-packages/airflow/example_dags/example_branch_day_of_week_operator.py for tasks to queue
[2025-08-02T02:42:32.833+0000] {logging_mixin.py:188} INFO - [2025-08-02T02:42:32.833+0000] {dagbag.py:540} INFO - Filling up the DagBag from /home/airflow/.local/lib/python3.8/site-packages/airflow/example_dags/example_branch_day_of_week_operator.py
[2025-08-02T02:42:32.854+0000] {processor.py:840} INFO - DAG(s) 'example_weekday_branch_operator' retrieved from /home/airflow/.local/lib/python3.8/site-packages/airflow/example_dags/example_branch_day_of_week_operator.py
[2025-08-02T02:42:32.884+0000] {logging_mixin.py:188} INFO - [2025-08-02T02:42:32.884+0000] {dag.py:3047} INFO - Sync 1 DAGs
[2025-08-02T02:42:32.904+0000] {logging_mixin.py:188} INFO - [2025-08-02T02:42:32.904+0000] {dag.py:3834} INFO - Setting next_dagrun for example_weekday_branch_operator to 2025-08-01 00:00:00+00:00, run_after=2025-08-02 00:00:00+00:00
[2025-08-02T02:42:32.933+0000] {processor.py:183} INFO - Processing /home/airflow/.local/lib/python3.8/site-packages/airflow/example_dags/example_branch_day_of_week_operator.py took 0.111 seconds
[2025-08-02T02:46:28.303+0000] {processor.py:161} INFO - Started process (PID=92) to work on /home/airflow/.local/lib/python3.8/site-packages/airflow/example_dags/example_branch_day_of_week_operator.py
[2025-08-02T02:46:28.313+0000] {processor.py:830} INFO - Processing file /home/airflow/.local/lib/python3.8/site-packages/airflow/example_dags/example_branch_day_of_week_operator.py for tasks to queue
[2025-08-02T02:46:28.334+0000] {logging_mixin.py:188} INFO - [2025-08-02T02:46:28.332+0000] {dagbag.py:540} INFO - Filling up the DagBag from /home/airflow/.local/lib/python3.8/site-packages/airflow/example_dags/example_branch_day_of_week_operator.py
[2025-08-02T02:46:28.370+0000] {processor.py:840} INFO - DAG(s) 'example_weekday_branch_operator' retrieved from /home/airflow/.local/lib/python3.8/site-packages/airflow/example_dags/example_branch_day_of_week_operator.py
[2025-08-02T02:46:28.762+0000] {logging_mixin.py:188} INFO - [2025-08-02T02:46:28.759+0000] {dag.py:3047} INFO - Sync 1 DAGs
[2025-08-02T02:46:28.839+0000] {logging_mixin.py:188} INFO - [2025-08-02T02:46:28.839+0000] {dag.py:3834} INFO - Setting next_dagrun for example_weekday_branch_operator to 2025-08-01 00:00:00+00:00, run_after=2025-08-02 00:00:00+00:00
[2025-08-02T02:46:28.941+0000] {processor.py:183} INFO - Processing /home/airflow/.local/lib/python3.8/site-packages/airflow/example_dags/example_branch_day_of_week_operator.py took 0.648 seconds
[2025-08-02T02:47:07.494+0000] {processor.py:161} INFO - Started process (PID=149) to work on /home/airflow/.local/lib/python3.8/site-packages/airflow/example_dags/example_branch_day_of_week_operator.py
[2025-08-02T02:47:07.496+0000] {processor.py:830} INFO - Processing file /home/airflow/.local/lib/python3.8/site-packages/airflow/example_dags/example_branch_day_of_week_operator.py for tasks to queue
[2025-08-02T02:47:07.500+0000] {logging_mixin.py:188} INFO - [2025-08-02T02:47:07.499+0000] {dagbag.py:540} INFO - Filling up the DagBag from /home/airflow/.local/lib/python3.8/site-packages/airflow/example_dags/example_branch_day_of_week_operator.py
[2025-08-02T02:47:07.508+0000] {processor.py:840} INFO - DAG(s) 'example_weekday_branch_operator' retrieved from /home/airflow/.local/lib/python3.8/site-packages/airflow/example_dags/example_branch_day_of_week_operator.py
[2025-08-02T02:47:07.524+0000] {logging_mixin.py:188} INFO - [2025-08-02T02:47:07.524+0000] {dag.py:3047} INFO - Sync 1 DAGs
[2025-08-02T02:47:07.543+0000] {logging_mixin.py:188} INFO - [2025-08-02T02:47:07.543+0000] {dag.py:3834} INFO - Setting next_dagrun for example_weekday_branch_operator to 2025-08-01 00:00:00+00:00, run_after=2025-08-02 00:00:00+00:00
[2025-08-02T02:47:07.581+0000] {processor.py:183} INFO - Processing /home/airflow/.local/lib/python3.8/site-packages/airflow/example_dags/example_branch_day_of_week_operator.py took 0.092 seconds
[2025-08-02T02:47:40.970+0000] {processor.py:161} INFO - Started process (PID=205) to work on /home/airflow/.local/lib/python3.8/site-packages/airflow/example_dags/example_branch_day_of_week_operator.py
[2025-08-02T02:47:40.974+0000] {processor.py:830} INFO - Processing file /home/airflow/.local/lib/python3.8/site-packages/airflow/example_dags/example_branch_day_of_week_operator.py for tasks to queue
[2025-08-02T02:47:40.981+0000] {logging_mixin.py:188} INFO - [2025-08-02T02:47:40.979+0000] {dagbag.py:540} INFO - Filling up the DagBag from /home/airflow/.local/lib/python3.8/site-packages/airflow/example_dags/example_branch_day_of_week_operator.py
[2025-08-02T02:47:41.019+0000] {processor.py:840} INFO - DAG(s) 'example_weekday_branch_operator' retrieved from /home/airflow/.local/lib/python3.8/site-packages/airflow/example_dags/example_branch_day_of_week_operator.py
[2025-08-02T02:47:41.322+0000] {logging_mixin.py:188} INFO - [2025-08-02T02:47:41.321+0000] {dag.py:3047} INFO - Sync 1 DAGs
[2025-08-02T02:47:41.378+0000] {logging_mixin.py:188} INFO - [2025-08-02T02:47:41.377+0000] {dag.py:3834} INFO - Setting next_dagrun for example_weekday_branch_operator to 2025-08-01 00:00:00+00:00, run_after=2025-08-02 00:00:00+00:00
[2025-08-02T02:47:41.473+0000] {processor.py:183} INFO - Processing /home/airflow/.local/lib/python3.8/site-packages/airflow/example_dags/example_branch_day_of_week_operator.py took 0.527 seconds
[2025-08-02T02:48:12.120+0000] {processor.py:161} INFO - Started process (PID=260) to work on /home/airflow/.local/lib/python3.8/site-packages/airflow/example_dags/example_branch_day_of_week_operator.py
[2025-08-02T02:48:12.124+0000] {processor.py:830} INFO - Processing file /home/airflow/.local/lib/python3.8/site-packages/airflow/example_dags/example_branch_day_of_week_operator.py for tasks to queue
[2025-08-02T02:48:12.129+0000] {logging_mixin.py:188} INFO - [2025-08-02T02:48:12.128+0000] {dagbag.py:540} INFO - Filling up the DagBag from /home/airflow/.local/lib/python3.8/site-packages/airflow/example_dags/example_branch_day_of_week_operator.py
[2025-08-02T02:48:12.163+0000] {processor.py:840} INFO - DAG(s) 'example_weekday_branch_operator' retrieved from /home/airflow/.local/lib/python3.8/site-packages/airflow/example_dags/example_branch_day_of_week_operator.py
[2025-08-02T02:48:12.203+0000] {logging_mixin.py:188} INFO - [2025-08-02T02:48:12.202+0000] {dag.py:3047} INFO - Sync 1 DAGs
[2025-08-02T02:48:12.225+0000] {logging_mixin.py:188} INFO - [2025-08-02T02:48:12.225+0000] {dag.py:3834} INFO - Setting next_dagrun for example_weekday_branch_operator to 2025-08-01 00:00:00+00:00, run_after=2025-08-02 00:00:00+00:00
[2025-08-02T02:48:12.245+0000] {processor.py:183} INFO - Processing /home/airflow/.local/lib/python3.8/site-packages/airflow/example_dags/example_branch_day_of_week_operator.py took 0.134 seconds
[2025-08-02T02:48:42.325+0000] {processor.py:161} INFO - Started process (PID=316) to work on /home/airflow/.local/lib/python3.8/site-packages/airflow/example_dags/example_branch_day_of_week_operator.py
[2025-08-02T02:48:42.333+0000] {processor.py:830} INFO - Processing file /home/airflow/.local/lib/python3.8/site-packages/airflow/example_dags/example_branch_day_of_week_operator.py for tasks to queue
[2025-08-02T02:48:42.342+0000] {logging_mixin.py:188} INFO - [2025-08-02T02:48:42.341+0000] {dagbag.py:540} INFO - Filling up the DagBag from /home/airflow/.local/lib/python3.8/site-packages/airflow/example_dags/example_branch_day_of_week_operator.py
[2025-08-02T02:48:42.360+0000] {processor.py:840} INFO - DAG(s) 'example_weekday_branch_operator' retrieved from /home/airflow/.local/lib/python3.8/site-packages/airflow/example_dags/example_branch_day_of_week_operator.py
[2025-08-02T02:48:42.412+0000] {logging_mixin.py:188} INFO - [2025-08-02T02:48:42.412+0000] {dag.py:3047} INFO - Sync 1 DAGs
[2025-08-02T02:48:42.439+0000] {logging_mixin.py:188} INFO - [2025-08-02T02:48:42.438+0000] {dag.py:3834} INFO - Setting next_dagrun for example_weekday_branch_operator to 2025-08-01 00:00:00+00:00, run_after=2025-08-02 00:00:00+00:00
[2025-08-02T02:48:42.456+0000] {processor.py:183} INFO - Processing /home/airflow/.local/lib/python3.8/site-packages/airflow/example_dags/example_branch_day_of_week_operator.py took 0.142 seconds
[2025-08-02T02:49:12.790+0000] {processor.py:161} INFO - Started process (PID=372) to work on /home/airflow/.local/lib/python3.8/site-packages/airflow/example_dags/example_branch_day_of_week_operator.py
[2025-08-02T02:49:12.794+0000] {processor.py:830} INFO - Processing file /home/airflow/.local/lib/python3.8/site-packages/airflow/example_dags/example_branch_day_of_week_operator.py for tasks to queue
[2025-08-02T02:49:12.798+0000] {logging_mixin.py:188} INFO - [2025-08-02T02:49:12.797+0000] {dagbag.py:540} INFO - Filling up the DagBag from /home/airflow/.local/lib/python3.8/site-packages/airflow/example_dags/example_branch_day_of_week_operator.py
[2025-08-02T02:49:12.808+0000] {processor.py:840} INFO - DAG(s) 'example_weekday_branch_operator' retrieved from /home/airflow/.local/lib/python3.8/site-packages/airflow/example_dags/example_branch_day_of_week_operator.py
[2025-08-02T02:49:12.839+0000] {logging_mixin.py:188} INFO - [2025-08-02T02:49:12.839+0000] {dag.py:3047} INFO - Sync 1 DAGs
[2025-08-02T02:49:12.857+0000] {logging_mixin.py:188} INFO - [2025-08-02T02:49:12.857+0000] {dag.py:3834} INFO - Setting next_dagrun for example_weekday_branch_operator to 2025-08-01 00:00:00+00:00, run_after=2025-08-02 00:00:00+00:00
[2025-08-02T02:49:12.874+0000] {processor.py:183} INFO - Processing /home/airflow/.local/lib/python3.8/site-packages/airflow/example_dags/example_branch_day_of_week_operator.py took 0.095 seconds
[2025-08-02T02:49:43.345+0000] {processor.py:161} INFO - Started process (PID=428) to work on /home/airflow/.local/lib/python3.8/site-packages/airflow/example_dags/example_branch_day_of_week_operator.py
[2025-08-02T02:49:43.350+0000] {processor.py:830} INFO - Processing file /home/airflow/.local/lib/python3.8/site-packages/airflow/example_dags/example_branch_day_of_week_operator.py for tasks to queue
[2025-08-02T02:49:43.353+0000] {logging_mixin.py:188} INFO - [2025-08-02T02:49:43.353+0000] {dagbag.py:540} INFO - Filling up the DagBag from /home/airflow/.local/lib/python3.8/site-packages/airflow/example_dags/example_branch_day_of_week_operator.py
[2025-08-02T02:49:43.383+0000] {processor.py:840} INFO - DAG(s) 'example_weekday_branch_operator' retrieved from /home/airflow/.local/lib/python3.8/site-packages/airflow/example_dags/example_branch_day_of_week_operator.py
[2025-08-02T02:49:43.466+0000] {logging_mixin.py:188} INFO - [2025-08-02T02:49:43.465+0000] {dag.py:3047} INFO - Sync 1 DAGs
[2025-08-02T02:49:43.515+0000] {logging_mixin.py:188} INFO - [2025-08-02T02:49:43.515+0000] {dag.py:3834} INFO - Setting next_dagrun for example_weekday_branch_operator to 2025-08-01 00:00:00+00:00, run_after=2025-08-02 00:00:00+00:00
[2025-08-02T02:49:43.540+0000] {processor.py:183} INFO - Processing /home/airflow/.local/lib/python3.8/site-packages/airflow/example_dags/example_branch_day_of_week_operator.py took 0.206 seconds
[2025-08-02T02:50:13.874+0000] {processor.py:161} INFO - Started process (PID=484) to work on /home/airflow/.local/lib/python3.8/site-packages/airflow/example_dags/example_branch_day_of_week_operator.py
[2025-08-02T02:50:13.875+0000] {processor.py:830} INFO - Processing file /home/airflow/.local/lib/python3.8/site-packages/airflow/example_dags/example_branch_day_of_week_operator.py for tasks to queue
[2025-08-02T02:50:13.877+0000] {logging_mixin.py:188} INFO - [2025-08-02T02:50:13.876+0000] {dagbag.py:540} INFO - Filling up the DagBag from /home/airflow/.local/lib/python3.8/site-packages/airflow/example_dags/example_branch_day_of_week_operator.py
[2025-08-02T02:50:13.883+0000] {processor.py:840} INFO - DAG(s) 'example_weekday_branch_operator' retrieved from /home/airflow/.local/lib/python3.8/site-packages/airflow/example_dags/example_branch_day_of_week_operator.py
[2025-08-02T02:50:13.907+0000] {logging_mixin.py:188} INFO - [2025-08-02T02:50:13.906+0000] {dag.py:3047} INFO - Sync 1 DAGs
[2025-08-02T02:50:13.943+0000] {logging_mixin.py:188} INFO - [2025-08-02T02:50:13.942+0000] {dag.py:3834} INFO - Setting next_dagrun for example_weekday_branch_operator to 2025-08-01 00:00:00+00:00, run_after=2025-08-02 00:00:00+00:00
[2025-08-02T02:50:13.971+0000] {processor.py:183} INFO - Processing /home/airflow/.local/lib/python3.8/site-packages/airflow/example_dags/example_branch_day_of_week_operator.py took 0.100 seconds
[2025-08-02T02:50:44.812+0000] {processor.py:161} INFO - Started process (PID=540) to work on /home/airflow/.local/lib/python3.8/site-packages/airflow/example_dags/example_branch_day_of_week_operator.py
[2025-08-02T02:50:44.815+0000] {processor.py:830} INFO - Processing file /home/airflow/.local/lib/python3.8/site-packages/airflow/example_dags/example_branch_day_of_week_operator.py for tasks to queue
[2025-08-02T02:50:44.819+0000] {logging_mixin.py:188} INFO - [2025-08-02T02:50:44.818+0000] {dagbag.py:540} INFO - Filling up the DagBag from /home/airflow/.local/lib/python3.8/site-packages/airflow/example_dags/example_branch_day_of_week_operator.py
[2025-08-02T02:50:44.837+0000] {processor.py:840} INFO - DAG(s) 'example_weekday_branch_operator' retrieved from /home/airflow/.local/lib/python3.8/site-packages/airflow/example_dags/example_branch_day_of_week_operator.py
[2025-08-02T02:50:44.879+0000] {logging_mixin.py:188} INFO - [2025-08-02T02:50:44.879+0000] {dag.py:3047} INFO - Sync 1 DAGs
[2025-08-02T02:50:44.901+0000] {logging_mixin.py:188} INFO - [2025-08-02T02:50:44.901+0000] {dag.py:3834} INFO - Setting next_dagrun for example_weekday_branch_operator to 2025-08-01 00:00:00+00:00, run_after=2025-08-02 00:00:00+00:00
[2025-08-02T02:50:44.918+0000] {processor.py:183} INFO - Processing /home/airflow/.local/lib/python3.8/site-packages/airflow/example_dags/example_branch_day_of_week_operator.py took 0.114 seconds
[2025-08-02T02:51:15.156+0000] {processor.py:161} INFO - Started process (PID=596) to work on /home/airflow/.local/lib/python3.8/site-packages/airflow/example_dags/example_branch_day_of_week_operator.py
[2025-08-02T02:51:15.158+0000] {processor.py:830} INFO - Processing file /home/airflow/.local/lib/python3.8/site-packages/airflow/example_dags/example_branch_day_of_week_operator.py for tasks to queue
[2025-08-02T02:51:15.161+0000] {logging_mixin.py:188} INFO - [2025-08-02T02:51:15.160+0000] {dagbag.py:540} INFO - Filling up the DagBag from /home/airflow/.local/lib/python3.8/site-packages/airflow/example_dags/example_branch_day_of_week_operator.py
[2025-08-02T02:51:15.177+0000] {processor.py:840} INFO - DAG(s) 'example_weekday_branch_operator' retrieved from /home/airflow/.local/lib/python3.8/site-packages/airflow/example_dags/example_branch_day_of_week_operator.py
[2025-08-02T02:51:15.226+0000] {logging_mixin.py:188} INFO - [2025-08-02T02:51:15.226+0000] {dag.py:3047} INFO - Sync 1 DAGs
[2025-08-02T02:51:15.250+0000] {logging_mixin.py:188} INFO - [2025-08-02T02:51:15.250+0000] {dag.py:3834} INFO - Setting next_dagrun for example_weekday_branch_operator to 2025-08-01 00:00:00+00:00, run_after=2025-08-02 00:00:00+00:00
[2025-08-02T02:51:15.271+0000] {processor.py:183} INFO - Processing /home/airflow/.local/lib/python3.8/site-packages/airflow/example_dags/example_branch_day_of_week_operator.py took 0.124 seconds
[2025-08-02T02:51:46.379+0000] {processor.py:161} INFO - Started process (PID=652) to work on /home/airflow/.local/lib/python3.8/site-packages/airflow/example_dags/example_branch_day_of_week_operator.py
[2025-08-02T02:51:46.381+0000] {processor.py:830} INFO - Processing file /home/airflow/.local/lib/python3.8/site-packages/airflow/example_dags/example_branch_day_of_week_operator.py for tasks to queue
[2025-08-02T02:51:46.384+0000] {logging_mixin.py:188} INFO - [2025-08-02T02:51:46.383+0000] {dagbag.py:540} INFO - Filling up the DagBag from /home/airflow/.local/lib/python3.8/site-packages/airflow/example_dags/example_branch_day_of_week_operator.py
[2025-08-02T02:51:46.414+0000] {processor.py:840} INFO - DAG(s) 'example_weekday_branch_operator' retrieved from /home/airflow/.local/lib/python3.8/site-packages/airflow/example_dags/example_branch_day_of_week_operator.py
[2025-08-02T02:51:46.478+0000] {logging_mixin.py:188} INFO - [2025-08-02T02:51:46.477+0000] {dag.py:3047} INFO - Sync 1 DAGs
[2025-08-02T02:51:46.507+0000] {logging_mixin.py:188} INFO - [2025-08-02T02:51:46.507+0000] {dag.py:3834} INFO - Setting next_dagrun for example_weekday_branch_operator to 2025-08-01 00:00:00+00:00, run_after=2025-08-02 00:00:00+00:00
[2025-08-02T02:51:46.528+0000] {processor.py:183} INFO - Processing /home/airflow/.local/lib/python3.8/site-packages/airflow/example_dags/example_branch_day_of_week_operator.py took 0.155 seconds
[2025-08-02T02:52:16.622+0000] {processor.py:161} INFO - Started process (PID=709) to work on /home/airflow/.local/lib/python3.8/site-packages/airflow/example_dags/example_branch_day_of_week_operator.py
[2025-08-02T02:52:16.625+0000] {processor.py:830} INFO - Processing file /home/airflow/.local/lib/python3.8/site-packages/airflow/example_dags/example_branch_day_of_week_operator.py for tasks to queue
[2025-08-02T02:52:16.637+0000] {logging_mixin.py:188} INFO - [2025-08-02T02:52:16.636+0000] {dagbag.py:540} INFO - Filling up the DagBag from /home/airflow/.local/lib/python3.8/site-packages/airflow/example_dags/example_branch_day_of_week_operator.py
[2025-08-02T02:52:16.655+0000] {processor.py:840} INFO - DAG(s) 'example_weekday_branch_operator' retrieved from /home/airflow/.local/lib/python3.8/site-packages/airflow/example_dags/example_branch_day_of_week_operator.py
[2025-08-02T02:52:16.698+0000] {logging_mixin.py:188} INFO - [2025-08-02T02:52:16.698+0000] {dag.py:3047} INFO - Sync 1 DAGs
[2025-08-02T02:52:16.717+0000] {logging_mixin.py:188} INFO - [2025-08-02T02:52:16.717+0000] {dag.py:3834} INFO - Setting next_dagrun for example_weekday_branch_operator to 2025-08-01 00:00:00+00:00, run_after=2025-08-02 00:00:00+00:00
[2025-08-02T02:52:16.734+0000] {processor.py:183} INFO - Processing /home/airflow/.local/lib/python3.8/site-packages/airflow/example_dags/example_branch_day_of_week_operator.py took 0.116 seconds
[2025-08-02T02:52:47.222+0000] {processor.py:161} INFO - Started process (PID=764) to work on /home/airflow/.local/lib/python3.8/site-packages/airflow/example_dags/example_branch_day_of_week_operator.py
[2025-08-02T02:52:47.225+0000] {processor.py:830} INFO - Processing file /home/airflow/.local/lib/python3.8/site-packages/airflow/example_dags/example_branch_day_of_week_operator.py for tasks to queue
[2025-08-02T02:52:47.229+0000] {logging_mixin.py:188} INFO - [2025-08-02T02:52:47.228+0000] {dagbag.py:540} INFO - Filling up the DagBag from /home/airflow/.local/lib/python3.8/site-packages/airflow/example_dags/example_branch_day_of_week_operator.py
[2025-08-02T02:52:47.243+0000] {processor.py:840} INFO - DAG(s) 'example_weekday_branch_operator' retrieved from /home/airflow/.local/lib/python3.8/site-packages/airflow/example_dags/example_branch_day_of_week_operator.py
[2025-08-02T02:52:47.293+0000] {logging_mixin.py:188} INFO - [2025-08-02T02:52:47.293+0000] {dag.py:3047} INFO - Sync 1 DAGs
[2025-08-02T02:52:47.318+0000] {logging_mixin.py:188} INFO - [2025-08-02T02:52:47.317+0000] {dag.py:3834} INFO - Setting next_dagrun for example_weekday_branch_operator to 2025-08-01 00:00:00+00:00, run_after=2025-08-02 00:00:00+00:00
[2025-08-02T02:52:47.338+0000] {processor.py:183} INFO - Processing /home/airflow/.local/lib/python3.8/site-packages/airflow/example_dags/example_branch_day_of_week_operator.py took 0.129 seconds
[2025-08-02T02:56:43.794+0000] {processor.py:161} INFO - Started process (PID=86) to work on /home/airflow/.local/lib/python3.8/site-packages/airflow/example_dags/example_branch_day_of_week_operator.py
[2025-08-02T02:56:43.795+0000] {processor.py:830} INFO - Processing file /home/airflow/.local/lib/python3.8/site-packages/airflow/example_dags/example_branch_day_of_week_operator.py for tasks to queue
[2025-08-02T02:56:43.798+0000] {logging_mixin.py:188} INFO - [2025-08-02T02:56:43.797+0000] {dagbag.py:540} INFO - Filling up the DagBag from /home/airflow/.local/lib/python3.8/site-packages/airflow/example_dags/example_branch_day_of_week_operator.py
[2025-08-02T02:56:43.818+0000] {processor.py:840} INFO - DAG(s) 'example_weekday_branch_operator' retrieved from /home/airflow/.local/lib/python3.8/site-packages/airflow/example_dags/example_branch_day_of_week_operator.py
[2025-08-02T02:56:43.849+0000] {logging_mixin.py:188} INFO - [2025-08-02T02:56:43.849+0000] {dag.py:3047} INFO - Sync 1 DAGs
[2025-08-02T02:56:43.913+0000] {logging_mixin.py:188} INFO - [2025-08-02T02:56:43.913+0000] {dag.py:3834} INFO - Setting next_dagrun for example_weekday_branch_operator to 2025-08-01 00:00:00+00:00, run_after=2025-08-02 00:00:00+00:00
[2025-08-02T02:56:43.961+0000] {processor.py:183} INFO - Processing /home/airflow/.local/lib/python3.8/site-packages/airflow/example_dags/example_branch_day_of_week_operator.py took 0.171 seconds
[2025-08-02T02:57:14.590+0000] {processor.py:161} INFO - Started process (PID=142) to work on /home/airflow/.local/lib/python3.8/site-packages/airflow/example_dags/example_branch_day_of_week_operator.py
[2025-08-02T02:57:14.591+0000] {processor.py:830} INFO - Processing file /home/airflow/.local/lib/python3.8/site-packages/airflow/example_dags/example_branch_day_of_week_operator.py for tasks to queue
[2025-08-02T02:57:14.593+0000] {logging_mixin.py:188} INFO - [2025-08-02T02:57:14.593+0000] {dagbag.py:540} INFO - Filling up the DagBag from /home/airflow/.local/lib/python3.8/site-packages/airflow/example_dags/example_branch_day_of_week_operator.py
[2025-08-02T02:57:14.600+0000] {processor.py:840} INFO - DAG(s) 'example_weekday_branch_operator' retrieved from /home/airflow/.local/lib/python3.8/site-packages/airflow/example_dags/example_branch_day_of_week_operator.py
[2025-08-02T02:57:14.659+0000] {logging_mixin.py:188} INFO - [2025-08-02T02:57:14.659+0000] {dag.py:3047} INFO - Sync 1 DAGs
[2025-08-02T02:57:14.672+0000] {logging_mixin.py:188} INFO - [2025-08-02T02:57:14.672+0000] {dag.py:3834} INFO - Setting next_dagrun for example_weekday_branch_operator to 2025-08-01 00:00:00+00:00, run_after=2025-08-02 00:00:00+00:00
[2025-08-02T02:57:14.681+0000] {processor.py:183} INFO - Processing /home/airflow/.local/lib/python3.8/site-packages/airflow/example_dags/example_branch_day_of_week_operator.py took 0.094 seconds
[2025-08-02T02:57:45.223+0000] {processor.py:161} INFO - Started process (PID=198) to work on /home/airflow/.local/lib/python3.8/site-packages/airflow/example_dags/example_branch_day_of_week_operator.py
[2025-08-02T02:57:45.224+0000] {processor.py:830} INFO - Processing file /home/airflow/.local/lib/python3.8/site-packages/airflow/example_dags/example_branch_day_of_week_operator.py for tasks to queue
[2025-08-02T02:57:45.227+0000] {logging_mixin.py:188} INFO - [2025-08-02T02:57:45.227+0000] {dagbag.py:540} INFO - Filling up the DagBag from /home/airflow/.local/lib/python3.8/site-packages/airflow/example_dags/example_branch_day_of_week_operator.py
[2025-08-02T02:57:45.234+0000] {processor.py:840} INFO - DAG(s) 'example_weekday_branch_operator' retrieved from /home/airflow/.local/lib/python3.8/site-packages/airflow/example_dags/example_branch_day_of_week_operator.py
[2025-08-02T02:57:45.275+0000] {logging_mixin.py:188} INFO - [2025-08-02T02:57:45.275+0000] {dag.py:3047} INFO - Sync 1 DAGs
[2025-08-02T02:57:45.333+0000] {logging_mixin.py:188} INFO - [2025-08-02T02:57:45.333+0000] {dag.py:3834} INFO - Setting next_dagrun for example_weekday_branch_operator to 2025-08-01 00:00:00+00:00, run_after=2025-08-02 00:00:00+00:00
[2025-08-02T02:57:45.370+0000] {processor.py:183} INFO - Processing /home/airflow/.local/lib/python3.8/site-packages/airflow/example_dags/example_branch_day_of_week_operator.py took 0.150 seconds
[2025-08-02T02:58:15.696+0000] {processor.py:161} INFO - Started process (PID=254) to work on /home/airflow/.local/lib/python3.8/site-packages/airflow/example_dags/example_branch_day_of_week_operator.py
[2025-08-02T02:58:15.699+0000] {processor.py:830} INFO - Processing file /home/airflow/.local/lib/python3.8/site-packages/airflow/example_dags/example_branch_day_of_week_operator.py for tasks to queue
[2025-08-02T02:58:15.702+0000] {logging_mixin.py:188} INFO - [2025-08-02T02:58:15.702+0000] {dagbag.py:540} INFO - Filling up the DagBag from /home/airflow/.local/lib/python3.8/site-packages/airflow/example_dags/example_branch_day_of_week_operator.py
[2025-08-02T02:58:15.707+0000] {processor.py:840} INFO - DAG(s) 'example_weekday_branch_operator' retrieved from /home/airflow/.local/lib/python3.8/site-packages/airflow/example_dags/example_branch_day_of_week_operator.py
[2025-08-02T02:58:15.728+0000] {logging_mixin.py:188} INFO - [2025-08-02T02:58:15.728+0000] {dag.py:3047} INFO - Sync 1 DAGs
[2025-08-02T02:58:15.745+0000] {logging_mixin.py:188} INFO - [2025-08-02T02:58:15.745+0000] {dag.py:3834} INFO - Setting next_dagrun for example_weekday_branch_operator to 2025-08-01 00:00:00+00:00, run_after=2025-08-02 00:00:00+00:00
[2025-08-02T02:58:15.762+0000] {processor.py:183} INFO - Processing /home/airflow/.local/lib/python3.8/site-packages/airflow/example_dags/example_branch_day_of_week_operator.py took 0.070 seconds
[2025-08-02T02:58:47.434+0000] {processor.py:161} INFO - Started process (PID=310) to work on /home/airflow/.local/lib/python3.8/site-packages/airflow/example_dags/example_branch_day_of_week_operator.py
[2025-08-02T02:58:47.439+0000] {processor.py:830} INFO - Processing file /home/airflow/.local/lib/python3.8/site-packages/airflow/example_dags/example_branch_day_of_week_operator.py for tasks to queue
[2025-08-02T02:58:47.442+0000] {logging_mixin.py:188} INFO - [2025-08-02T02:58:47.442+0000] {dagbag.py:540} INFO - Filling up the DagBag from /home/airflow/.local/lib/python3.8/site-packages/airflow/example_dags/example_branch_day_of_week_operator.py
[2025-08-02T02:58:47.468+0000] {processor.py:840} INFO - DAG(s) 'example_weekday_branch_operator' retrieved from /home/airflow/.local/lib/python3.8/site-packages/airflow/example_dags/example_branch_day_of_week_operator.py
[2025-08-02T02:58:47.550+0000] {logging_mixin.py:188} INFO - [2025-08-02T02:58:47.544+0000] {dag.py:3047} INFO - Sync 1 DAGs
[2025-08-02T02:58:47.588+0000] {logging_mixin.py:188} INFO - [2025-08-02T02:58:47.588+0000] {dag.py:3834} INFO - Setting next_dagrun for example_weekday_branch_operator to 2025-08-01 00:00:00+00:00, run_after=2025-08-02 00:00:00+00:00
[2025-08-02T02:58:47.610+0000] {processor.py:183} INFO - Processing /home/airflow/.local/lib/python3.8/site-packages/airflow/example_dags/example_branch_day_of_week_operator.py took 0.183 seconds
[2025-08-02T02:59:17.907+0000] {processor.py:161} INFO - Started process (PID=366) to work on /home/airflow/.local/lib/python3.8/site-packages/airflow/example_dags/example_branch_day_of_week_operator.py
[2025-08-02T02:59:17.912+0000] {processor.py:830} INFO - Processing file /home/airflow/.local/lib/python3.8/site-packages/airflow/example_dags/example_branch_day_of_week_operator.py for tasks to queue
[2025-08-02T02:59:17.915+0000] {logging_mixin.py:188} INFO - [2025-08-02T02:59:17.915+0000] {dagbag.py:540} INFO - Filling up the DagBag from /home/airflow/.local/lib/python3.8/site-packages/airflow/example_dags/example_branch_day_of_week_operator.py
[2025-08-02T02:59:17.925+0000] {processor.py:840} INFO - DAG(s) 'example_weekday_branch_operator' retrieved from /home/airflow/.local/lib/python3.8/site-packages/airflow/example_dags/example_branch_day_of_week_operator.py
[2025-08-02T02:59:17.950+0000] {logging_mixin.py:188} INFO - [2025-08-02T02:59:17.950+0000] {dag.py:3047} INFO - Sync 1 DAGs
[2025-08-02T02:59:17.965+0000] {logging_mixin.py:188} INFO - [2025-08-02T02:59:17.965+0000] {dag.py:3834} INFO - Setting next_dagrun for example_weekday_branch_operator to 2025-08-01 00:00:00+00:00, run_after=2025-08-02 00:00:00+00:00
[2025-08-02T02:59:17.984+0000] {processor.py:183} INFO - Processing /home/airflow/.local/lib/python3.8/site-packages/airflow/example_dags/example_branch_day_of_week_operator.py took 0.079 seconds
[2025-08-02T02:59:49.191+0000] {processor.py:161} INFO - Started process (PID=422) to work on /home/airflow/.local/lib/python3.8/site-packages/airflow/example_dags/example_branch_day_of_week_operator.py
[2025-08-02T02:59:49.193+0000] {processor.py:830} INFO - Processing file /home/airflow/.local/lib/python3.8/site-packages/airflow/example_dags/example_branch_day_of_week_operator.py for tasks to queue
[2025-08-02T02:59:49.195+0000] {logging_mixin.py:188} INFO - [2025-08-02T02:59:49.195+0000] {dagbag.py:540} INFO - Filling up the DagBag from /home/airflow/.local/lib/python3.8/site-packages/airflow/example_dags/example_branch_day_of_week_operator.py
[2025-08-02T02:59:49.202+0000] {processor.py:840} INFO - DAG(s) 'example_weekday_branch_operator' retrieved from /home/airflow/.local/lib/python3.8/site-packages/airflow/example_dags/example_branch_day_of_week_operator.py
[2025-08-02T02:59:49.239+0000] {logging_mixin.py:188} INFO - [2025-08-02T02:59:49.238+0000] {dag.py:3047} INFO - Sync 1 DAGs
[2025-08-02T02:59:49.255+0000] {logging_mixin.py:188} INFO - [2025-08-02T02:59:49.255+0000] {dag.py:3834} INFO - Setting next_dagrun for example_weekday_branch_operator to 2025-08-01 00:00:00+00:00, run_after=2025-08-02 00:00:00+00:00
[2025-08-02T02:59:49.271+0000] {processor.py:183} INFO - Processing /home/airflow/.local/lib/python3.8/site-packages/airflow/example_dags/example_branch_day_of_week_operator.py took 0.083 seconds
[2025-08-02T03:00:19.424+0000] {processor.py:161} INFO - Started process (PID=478) to work on /home/airflow/.local/lib/python3.8/site-packages/airflow/example_dags/example_branch_day_of_week_operator.py
[2025-08-02T03:00:19.428+0000] {processor.py:830} INFO - Processing file /home/airflow/.local/lib/python3.8/site-packages/airflow/example_dags/example_branch_day_of_week_operator.py for tasks to queue
[2025-08-02T03:00:19.430+0000] {logging_mixin.py:188} INFO - [2025-08-02T03:00:19.429+0000] {dagbag.py:540} INFO - Filling up the DagBag from /home/airflow/.local/lib/python3.8/site-packages/airflow/example_dags/example_branch_day_of_week_operator.py
[2025-08-02T03:00:19.436+0000] {processor.py:840} INFO - DAG(s) 'example_weekday_branch_operator' retrieved from /home/airflow/.local/lib/python3.8/site-packages/airflow/example_dags/example_branch_day_of_week_operator.py
[2025-08-02T03:00:19.453+0000] {logging_mixin.py:188} INFO - [2025-08-02T03:00:19.453+0000] {dag.py:3047} INFO - Sync 1 DAGs
[2025-08-02T03:00:19.470+0000] {logging_mixin.py:188} INFO - [2025-08-02T03:00:19.470+0000] {dag.py:3834} INFO - Setting next_dagrun for example_weekday_branch_operator to 2025-08-01 00:00:00+00:00, run_after=2025-08-02 00:00:00+00:00
[2025-08-02T03:00:19.479+0000] {processor.py:183} INFO - Processing /home/airflow/.local/lib/python3.8/site-packages/airflow/example_dags/example_branch_day_of_week_operator.py took 0.057 seconds
[2025-08-02T03:00:51.206+0000] {processor.py:161} INFO - Started process (PID=534) to work on /home/airflow/.local/lib/python3.8/site-packages/airflow/example_dags/example_branch_day_of_week_operator.py
[2025-08-02T03:00:51.209+0000] {processor.py:830} INFO - Processing file /home/airflow/.local/lib/python3.8/site-packages/airflow/example_dags/example_branch_day_of_week_operator.py for tasks to queue
[2025-08-02T03:00:51.211+0000] {logging_mixin.py:188} INFO - [2025-08-02T03:00:51.211+0000] {dagbag.py:540} INFO - Filling up the DagBag from /home/airflow/.local/lib/python3.8/site-packages/airflow/example_dags/example_branch_day_of_week_operator.py
[2025-08-02T03:00:51.234+0000] {processor.py:840} INFO - DAG(s) 'example_weekday_branch_operator' retrieved from /home/airflow/.local/lib/python3.8/site-packages/airflow/example_dags/example_branch_day_of_week_operator.py
[2025-08-02T03:00:51.299+0000] {logging_mixin.py:188} INFO - [2025-08-02T03:00:51.298+0000] {dag.py:3047} INFO - Sync 1 DAGs
[2025-08-02T03:00:51.333+0000] {logging_mixin.py:188} INFO - [2025-08-02T03:00:51.333+0000] {dag.py:3834} INFO - Setting next_dagrun for example_weekday_branch_operator to 2025-08-01 00:00:00+00:00, run_after=2025-08-02 00:00:00+00:00
[2025-08-02T03:00:51.363+0000] {processor.py:183} INFO - Processing /home/airflow/.local/lib/python3.8/site-packages/airflow/example_dags/example_branch_day_of_week_operator.py took 0.162 seconds
[2025-08-02T03:01:21.545+0000] {processor.py:161} INFO - Started process (PID=590) to work on /home/airflow/.local/lib/python3.8/site-packages/airflow/example_dags/example_branch_day_of_week_operator.py
[2025-08-02T03:01:21.548+0000] {processor.py:830} INFO - Processing file /home/airflow/.local/lib/python3.8/site-packages/airflow/example_dags/example_branch_day_of_week_operator.py for tasks to queue
[2025-08-02T03:01:21.550+0000] {logging_mixin.py:188} INFO - [2025-08-02T03:01:21.550+0000] {dagbag.py:540} INFO - Filling up the DagBag from /home/airflow/.local/lib/python3.8/site-packages/airflow/example_dags/example_branch_day_of_week_operator.py
[2025-08-02T03:01:21.557+0000] {processor.py:840} INFO - DAG(s) 'example_weekday_branch_operator' retrieved from /home/airflow/.local/lib/python3.8/site-packages/airflow/example_dags/example_branch_day_of_week_operator.py
[2025-08-02T03:01:21.577+0000] {logging_mixin.py:188} INFO - [2025-08-02T03:01:21.577+0000] {dag.py:3047} INFO - Sync 1 DAGs
[2025-08-02T03:01:21.601+0000] {logging_mixin.py:188} INFO - [2025-08-02T03:01:21.601+0000] {dag.py:3834} INFO - Setting next_dagrun for example_weekday_branch_operator to 2025-08-01 00:00:00+00:00, run_after=2025-08-02 00:00:00+00:00
[2025-08-02T03:01:21.623+0000] {processor.py:183} INFO - Processing /home/airflow/.local/lib/python3.8/site-packages/airflow/example_dags/example_branch_day_of_week_operator.py took 0.083 seconds
[2025-08-02T03:01:52.541+0000] {processor.py:161} INFO - Started process (PID=646) to work on /home/airflow/.local/lib/python3.8/site-packages/airflow/example_dags/example_branch_day_of_week_operator.py
[2025-08-02T03:01:52.542+0000] {processor.py:830} INFO - Processing file /home/airflow/.local/lib/python3.8/site-packages/airflow/example_dags/example_branch_day_of_week_operator.py for tasks to queue
[2025-08-02T03:01:52.544+0000] {logging_mixin.py:188} INFO - [2025-08-02T03:01:52.544+0000] {dagbag.py:540} INFO - Filling up the DagBag from /home/airflow/.local/lib/python3.8/site-packages/airflow/example_dags/example_branch_day_of_week_operator.py
[2025-08-02T03:01:52.549+0000] {processor.py:840} INFO - DAG(s) 'example_weekday_branch_operator' retrieved from /home/airflow/.local/lib/python3.8/site-packages/airflow/example_dags/example_branch_day_of_week_operator.py
[2025-08-02T03:01:52.569+0000] {logging_mixin.py:188} INFO - [2025-08-02T03:01:52.569+0000] {dag.py:3047} INFO - Sync 1 DAGs
[2025-08-02T03:01:52.583+0000] {logging_mixin.py:188} INFO - [2025-08-02T03:01:52.583+0000] {dag.py:3834} INFO - Setting next_dagrun for example_weekday_branch_operator to 2025-08-01 00:00:00+00:00, run_after=2025-08-02 00:00:00+00:00
[2025-08-02T03:01:52.598+0000] {processor.py:183} INFO - Processing /home/airflow/.local/lib/python3.8/site-packages/airflow/example_dags/example_branch_day_of_week_operator.py took 0.059 seconds
[2025-08-02T03:02:23.323+0000] {processor.py:161} INFO - Started process (PID=702) to work on /home/airflow/.local/lib/python3.8/site-packages/airflow/example_dags/example_branch_day_of_week_operator.py
[2025-08-02T03:02:23.327+0000] {processor.py:830} INFO - Processing file /home/airflow/.local/lib/python3.8/site-packages/airflow/example_dags/example_branch_day_of_week_operator.py for tasks to queue
[2025-08-02T03:02:23.331+0000] {logging_mixin.py:188} INFO - [2025-08-02T03:02:23.330+0000] {dagbag.py:540} INFO - Filling up the DagBag from /home/airflow/.local/lib/python3.8/site-packages/airflow/example_dags/example_branch_day_of_week_operator.py
[2025-08-02T03:02:23.339+0000] {processor.py:840} INFO - DAG(s) 'example_weekday_branch_operator' retrieved from /home/airflow/.local/lib/python3.8/site-packages/airflow/example_dags/example_branch_day_of_week_operator.py
[2025-08-02T03:02:23.359+0000] {logging_mixin.py:188} INFO - [2025-08-02T03:02:23.359+0000] {dag.py:3047} INFO - Sync 1 DAGs
[2025-08-02T03:02:23.378+0000] {logging_mixin.py:188} INFO - [2025-08-02T03:02:23.378+0000] {dag.py:3834} INFO - Setting next_dagrun for example_weekday_branch_operator to 2025-08-01 00:00:00+00:00, run_after=2025-08-02 00:00:00+00:00
[2025-08-02T03:02:23.398+0000] {processor.py:183} INFO - Processing /home/airflow/.local/lib/python3.8/site-packages/airflow/example_dags/example_branch_day_of_week_operator.py took 0.081 seconds
[2025-08-02T03:02:55.103+0000] {processor.py:161} INFO - Started process (PID=758) to work on /home/airflow/.local/lib/python3.8/site-packages/airflow/example_dags/example_branch_day_of_week_operator.py
[2025-08-02T03:02:55.109+0000] {processor.py:830} INFO - Processing file /home/airflow/.local/lib/python3.8/site-packages/airflow/example_dags/example_branch_day_of_week_operator.py for tasks to queue
[2025-08-02T03:02:55.113+0000] {logging_mixin.py:188} INFO - [2025-08-02T03:02:55.113+0000] {dagbag.py:540} INFO - Filling up the DagBag from /home/airflow/.local/lib/python3.8/site-packages/airflow/example_dags/example_branch_day_of_week_operator.py
[2025-08-02T03:02:55.126+0000] {processor.py:840} INFO - DAG(s) 'example_weekday_branch_operator' retrieved from /home/airflow/.local/lib/python3.8/site-packages/airflow/example_dags/example_branch_day_of_week_operator.py
[2025-08-02T03:02:55.186+0000] {logging_mixin.py:188} INFO - [2025-08-02T03:02:55.186+0000] {dag.py:3047} INFO - Sync 1 DAGs
[2025-08-02T03:02:55.265+0000] {logging_mixin.py:188} INFO - [2025-08-02T03:02:55.264+0000] {dag.py:3834} INFO - Setting next_dagrun for example_weekday_branch_operator to 2025-08-01 00:00:00+00:00, run_after=2025-08-02 00:00:00+00:00
[2025-08-02T03:02:55.325+0000] {processor.py:183} INFO - Processing /home/airflow/.local/lib/python3.8/site-packages/airflow/example_dags/example_branch_day_of_week_operator.py took 0.252 seconds
[2025-08-02T03:03:26.160+0000] {processor.py:161} INFO - Started process (PID=814) to work on /home/airflow/.local/lib/python3.8/site-packages/airflow/example_dags/example_branch_day_of_week_operator.py
[2025-08-02T03:03:26.162+0000] {processor.py:830} INFO - Processing file /home/airflow/.local/lib/python3.8/site-packages/airflow/example_dags/example_branch_day_of_week_operator.py for tasks to queue
[2025-08-02T03:03:26.164+0000] {logging_mixin.py:188} INFO - [2025-08-02T03:03:26.163+0000] {dagbag.py:540} INFO - Filling up the DagBag from /home/airflow/.local/lib/python3.8/site-packages/airflow/example_dags/example_branch_day_of_week_operator.py
[2025-08-02T03:03:26.172+0000] {processor.py:840} INFO - DAG(s) 'example_weekday_branch_operator' retrieved from /home/airflow/.local/lib/python3.8/site-packages/airflow/example_dags/example_branch_day_of_week_operator.py
[2025-08-02T03:03:26.220+0000] {logging_mixin.py:188} INFO - [2025-08-02T03:03:26.219+0000] {dag.py:3047} INFO - Sync 1 DAGs
[2025-08-02T03:03:26.237+0000] {logging_mixin.py:188} INFO - [2025-08-02T03:03:26.237+0000] {dag.py:3834} INFO - Setting next_dagrun for example_weekday_branch_operator to 2025-08-01 00:00:00+00:00, run_after=2025-08-02 00:00:00+00:00
[2025-08-02T03:03:26.252+0000] {processor.py:183} INFO - Processing /home/airflow/.local/lib/python3.8/site-packages/airflow/example_dags/example_branch_day_of_week_operator.py took 0.095 seconds
[2025-08-02T03:03:57.139+0000] {processor.py:161} INFO - Started process (PID=870) to work on /home/airflow/.local/lib/python3.8/site-packages/airflow/example_dags/example_branch_day_of_week_operator.py
[2025-08-02T03:03:57.142+0000] {processor.py:830} INFO - Processing file /home/airflow/.local/lib/python3.8/site-packages/airflow/example_dags/example_branch_day_of_week_operator.py for tasks to queue
[2025-08-02T03:03:57.145+0000] {logging_mixin.py:188} INFO - [2025-08-02T03:03:57.144+0000] {dagbag.py:540} INFO - Filling up the DagBag from /home/airflow/.local/lib/python3.8/site-packages/airflow/example_dags/example_branch_day_of_week_operator.py
[2025-08-02T03:03:57.177+0000] {processor.py:840} INFO - DAG(s) 'example_weekday_branch_operator' retrieved from /home/airflow/.local/lib/python3.8/site-packages/airflow/example_dags/example_branch_day_of_week_operator.py
[2025-08-02T03:03:57.207+0000] {logging_mixin.py:188} INFO - [2025-08-02T03:03:57.207+0000] {dag.py:3047} INFO - Sync 1 DAGs
[2025-08-02T03:03:57.248+0000] {logging_mixin.py:188} INFO - [2025-08-02T03:03:57.247+0000] {dag.py:3834} INFO - Setting next_dagrun for example_weekday_branch_operator to 2025-08-01 00:00:00+00:00, run_after=2025-08-02 00:00:00+00:00
[2025-08-02T03:03:57.268+0000] {processor.py:183} INFO - Processing /home/airflow/.local/lib/python3.8/site-packages/airflow/example_dags/example_branch_day_of_week_operator.py took 0.134 seconds
[2025-08-02T03:04:27.353+0000] {processor.py:161} INFO - Started process (PID=926) to work on /home/airflow/.local/lib/python3.8/site-packages/airflow/example_dags/example_branch_day_of_week_operator.py
[2025-08-02T03:04:27.356+0000] {processor.py:830} INFO - Processing file /home/airflow/.local/lib/python3.8/site-packages/airflow/example_dags/example_branch_day_of_week_operator.py for tasks to queue
[2025-08-02T03:04:27.357+0000] {logging_mixin.py:188} INFO - [2025-08-02T03:04:27.357+0000] {dagbag.py:540} INFO - Filling up the DagBag from /home/airflow/.local/lib/python3.8/site-packages/airflow/example_dags/example_branch_day_of_week_operator.py
[2025-08-02T03:04:27.366+0000] {processor.py:840} INFO - DAG(s) 'example_weekday_branch_operator' retrieved from /home/airflow/.local/lib/python3.8/site-packages/airflow/example_dags/example_branch_day_of_week_operator.py
[2025-08-02T03:04:27.386+0000] {logging_mixin.py:188} INFO - [2025-08-02T03:04:27.386+0000] {dag.py:3047} INFO - Sync 1 DAGs
[2025-08-02T03:04:27.401+0000] {logging_mixin.py:188} INFO - [2025-08-02T03:04:27.401+0000] {dag.py:3834} INFO - Setting next_dagrun for example_weekday_branch_operator to 2025-08-01 00:00:00+00:00, run_after=2025-08-02 00:00:00+00:00
[2025-08-02T03:04:27.416+0000] {processor.py:183} INFO - Processing /home/airflow/.local/lib/python3.8/site-packages/airflow/example_dags/example_branch_day_of_week_operator.py took 0.067 seconds
[2025-08-02T03:04:57.698+0000] {processor.py:161} INFO - Started process (PID=983) to work on /home/airflow/.local/lib/python3.8/site-packages/airflow/example_dags/example_branch_day_of_week_operator.py
[2025-08-02T03:04:57.700+0000] {processor.py:830} INFO - Processing file /home/airflow/.local/lib/python3.8/site-packages/airflow/example_dags/example_branch_day_of_week_operator.py for tasks to queue
[2025-08-02T03:04:57.702+0000] {logging_mixin.py:188} INFO - [2025-08-02T03:04:57.701+0000] {dagbag.py:540} INFO - Filling up the DagBag from /home/airflow/.local/lib/python3.8/site-packages/airflow/example_dags/example_branch_day_of_week_operator.py
[2025-08-02T03:04:57.710+0000] {processor.py:840} INFO - DAG(s) 'example_weekday_branch_operator' retrieved from /home/airflow/.local/lib/python3.8/site-packages/airflow/example_dags/example_branch_day_of_week_operator.py
[2025-08-02T03:04:57.733+0000] {logging_mixin.py:188} INFO - [2025-08-02T03:04:57.733+0000] {dag.py:3047} INFO - Sync 1 DAGs
[2025-08-02T03:04:57.760+0000] {logging_mixin.py:188} INFO - [2025-08-02T03:04:57.759+0000] {dag.py:3834} INFO - Setting next_dagrun for example_weekday_branch_operator to 2025-08-01 00:00:00+00:00, run_after=2025-08-02 00:00:00+00:00
[2025-08-02T03:04:57.784+0000] {processor.py:183} INFO - Processing /home/airflow/.local/lib/python3.8/site-packages/airflow/example_dags/example_branch_day_of_week_operator.py took 0.091 seconds
[2025-08-02T03:05:28.888+0000] {processor.py:161} INFO - Started process (PID=1039) to work on /home/airflow/.local/lib/python3.8/site-packages/airflow/example_dags/example_branch_day_of_week_operator.py
[2025-08-02T03:05:28.892+0000] {processor.py:830} INFO - Processing file /home/airflow/.local/lib/python3.8/site-packages/airflow/example_dags/example_branch_day_of_week_operator.py for tasks to queue
[2025-08-02T03:05:28.894+0000] {logging_mixin.py:188} INFO - [2025-08-02T03:05:28.894+0000] {dagbag.py:540} INFO - Filling up the DagBag from /home/airflow/.local/lib/python3.8/site-packages/airflow/example_dags/example_branch_day_of_week_operator.py
[2025-08-02T03:05:28.916+0000] {processor.py:840} INFO - DAG(s) 'example_weekday_branch_operator' retrieved from /home/airflow/.local/lib/python3.8/site-packages/airflow/example_dags/example_branch_day_of_week_operator.py
[2025-08-02T03:05:28.956+0000] {logging_mixin.py:188} INFO - [2025-08-02T03:05:28.956+0000] {dag.py:3047} INFO - Sync 1 DAGs
[2025-08-02T03:05:28.979+0000] {logging_mixin.py:188} INFO - [2025-08-02T03:05:28.979+0000] {dag.py:3834} INFO - Setting next_dagrun for example_weekday_branch_operator to 2025-08-01 00:00:00+00:00, run_after=2025-08-02 00:00:00+00:00
[2025-08-02T03:05:29.059+0000] {processor.py:183} INFO - Processing /home/airflow/.local/lib/python3.8/site-packages/airflow/example_dags/example_branch_day_of_week_operator.py took 0.176 seconds
[2025-08-02T03:05:59.405+0000] {processor.py:161} INFO - Started process (PID=1095) to work on /home/airflow/.local/lib/python3.8/site-packages/airflow/example_dags/example_branch_day_of_week_operator.py
[2025-08-02T03:05:59.407+0000] {processor.py:830} INFO - Processing file /home/airflow/.local/lib/python3.8/site-packages/airflow/example_dags/example_branch_day_of_week_operator.py for tasks to queue
[2025-08-02T03:05:59.410+0000] {logging_mixin.py:188} INFO - [2025-08-02T03:05:59.409+0000] {dagbag.py:540} INFO - Filling up the DagBag from /home/airflow/.local/lib/python3.8/site-packages/airflow/example_dags/example_branch_day_of_week_operator.py
[2025-08-02T03:05:59.416+0000] {processor.py:840} INFO - DAG(s) 'example_weekday_branch_operator' retrieved from /home/airflow/.local/lib/python3.8/site-packages/airflow/example_dags/example_branch_day_of_week_operator.py
[2025-08-02T03:05:59.438+0000] {logging_mixin.py:188} INFO - [2025-08-02T03:05:59.438+0000] {dag.py:3047} INFO - Sync 1 DAGs
[2025-08-02T03:05:59.454+0000] {logging_mixin.py:188} INFO - [2025-08-02T03:05:59.453+0000] {dag.py:3834} INFO - Setting next_dagrun for example_weekday_branch_operator to 2025-08-01 00:00:00+00:00, run_after=2025-08-02 00:00:00+00:00
[2025-08-02T03:05:59.470+0000] {processor.py:183} INFO - Processing /home/airflow/.local/lib/python3.8/site-packages/airflow/example_dags/example_branch_day_of_week_operator.py took 0.068 seconds
[2025-08-02T03:06:37.335+0000] {processor.py:161} INFO - Started process (PID=1151) to work on /home/airflow/.local/lib/python3.8/site-packages/airflow/example_dags/example_branch_day_of_week_operator.py
[2025-08-02T03:06:37.340+0000] {processor.py:830} INFO - Processing file /home/airflow/.local/lib/python3.8/site-packages/airflow/example_dags/example_branch_day_of_week_operator.py for tasks to queue
[2025-08-02T03:06:37.343+0000] {logging_mixin.py:188} INFO - [2025-08-02T03:06:37.343+0000] {dagbag.py:540} INFO - Filling up the DagBag from /home/airflow/.local/lib/python3.8/site-packages/airflow/example_dags/example_branch_day_of_week_operator.py
[2025-08-02T03:06:37.357+0000] {processor.py:840} INFO - DAG(s) 'example_weekday_branch_operator' retrieved from /home/airflow/.local/lib/python3.8/site-packages/airflow/example_dags/example_branch_day_of_week_operator.py
[2025-08-02T03:06:37.378+0000] {logging_mixin.py:188} INFO - [2025-08-02T03:06:37.378+0000] {dag.py:3047} INFO - Sync 1 DAGs
[2025-08-02T03:06:37.398+0000] {logging_mixin.py:188} INFO - [2025-08-02T03:06:37.398+0000] {dag.py:3834} INFO - Setting next_dagrun for example_weekday_branch_operator to 2025-08-01 00:00:00+00:00, run_after=2025-08-02 00:00:00+00:00
[2025-08-02T03:06:37.421+0000] {processor.py:183} INFO - Processing /home/airflow/.local/lib/python3.8/site-packages/airflow/example_dags/example_branch_day_of_week_operator.py took 0.091 seconds
[2025-08-02T03:07:11.121+0000] {processor.py:161} INFO - Started process (PID=1207) to work on /home/airflow/.local/lib/python3.8/site-packages/airflow/example_dags/example_branch_day_of_week_operator.py
[2025-08-02T03:07:11.124+0000] {processor.py:830} INFO - Processing file /home/airflow/.local/lib/python3.8/site-packages/airflow/example_dags/example_branch_day_of_week_operator.py for tasks to queue
[2025-08-02T03:07:11.128+0000] {logging_mixin.py:188} INFO - [2025-08-02T03:07:11.128+0000] {dagbag.py:540} INFO - Filling up the DagBag from /home/airflow/.local/lib/python3.8/site-packages/airflow/example_dags/example_branch_day_of_week_operator.py
[2025-08-02T03:07:11.142+0000] {processor.py:840} INFO - DAG(s) 'example_weekday_branch_operator' retrieved from /home/airflow/.local/lib/python3.8/site-packages/airflow/example_dags/example_branch_day_of_week_operator.py
[2025-08-02T03:07:11.188+0000] {logging_mixin.py:188} INFO - [2025-08-02T03:07:11.188+0000] {dag.py:3047} INFO - Sync 1 DAGs
[2025-08-02T03:07:11.210+0000] {logging_mixin.py:188} INFO - [2025-08-02T03:07:11.210+0000] {dag.py:3834} INFO - Setting next_dagrun for example_weekday_branch_operator to 2025-08-01 00:00:00+00:00, run_after=2025-08-02 00:00:00+00:00
[2025-08-02T03:07:11.245+0000] {processor.py:183} INFO - Processing /home/airflow/.local/lib/python3.8/site-packages/airflow/example_dags/example_branch_day_of_week_operator.py took 0.137 seconds
[2025-08-02T03:07:42.136+0000] {processor.py:161} INFO - Started process (PID=1263) to work on /home/airflow/.local/lib/python3.8/site-packages/airflow/example_dags/example_branch_day_of_week_operator.py
[2025-08-02T03:07:42.142+0000] {processor.py:830} INFO - Processing file /home/airflow/.local/lib/python3.8/site-packages/airflow/example_dags/example_branch_day_of_week_operator.py for tasks to queue
[2025-08-02T03:07:42.147+0000] {logging_mixin.py:188} INFO - [2025-08-02T03:07:42.146+0000] {dagbag.py:540} INFO - Filling up the DagBag from /home/airflow/.local/lib/python3.8/site-packages/airflow/example_dags/example_branch_day_of_week_operator.py
[2025-08-02T03:07:42.163+0000] {processor.py:840} INFO - DAG(s) 'example_weekday_branch_operator' retrieved from /home/airflow/.local/lib/python3.8/site-packages/airflow/example_dags/example_branch_day_of_week_operator.py
[2025-08-02T03:07:42.197+0000] {logging_mixin.py:188} INFO - [2025-08-02T03:07:42.196+0000] {dag.py:3047} INFO - Sync 1 DAGs
[2025-08-02T03:07:42.222+0000] {logging_mixin.py:188} INFO - [2025-08-02T03:07:42.222+0000] {dag.py:3834} INFO - Setting next_dagrun for example_weekday_branch_operator to 2025-08-01 00:00:00+00:00, run_after=2025-08-02 00:00:00+00:00
[2025-08-02T03:07:42.250+0000] {processor.py:183} INFO - Processing /home/airflow/.local/lib/python3.8/site-packages/airflow/example_dags/example_branch_day_of_week_operator.py took 0.116 seconds
[2025-08-02T03:09:05.096+0000] {processor.py:161} INFO - Started process (PID=96) to work on /home/airflow/.local/lib/python3.8/site-packages/airflow/example_dags/example_branch_day_of_week_operator.py
[2025-08-02T03:09:05.114+0000] {processor.py:830} INFO - Processing file /home/airflow/.local/lib/python3.8/site-packages/airflow/example_dags/example_branch_day_of_week_operator.py for tasks to queue
[2025-08-02T03:09:05.129+0000] {logging_mixin.py:188} INFO - [2025-08-02T03:09:05.125+0000] {dagbag.py:540} INFO - Filling up the DagBag from /home/airflow/.local/lib/python3.8/site-packages/airflow/example_dags/example_branch_day_of_week_operator.py
[2025-08-02T03:09:05.193+0000] {processor.py:840} INFO - DAG(s) 'example_weekday_branch_operator' retrieved from /home/airflow/.local/lib/python3.8/site-packages/airflow/example_dags/example_branch_day_of_week_operator.py
[2025-08-02T03:09:05.791+0000] {logging_mixin.py:188} INFO - [2025-08-02T03:09:05.789+0000] {dag.py:3047} INFO - Sync 1 DAGs
[2025-08-02T03:09:05.923+0000] {logging_mixin.py:188} INFO - [2025-08-02T03:09:05.923+0000] {dag.py:3834} INFO - Setting next_dagrun for example_weekday_branch_operator to 2025-08-01 00:00:00+00:00, run_after=2025-08-02 00:00:00+00:00
[2025-08-02T03:09:06.009+0000] {processor.py:183} INFO - Processing /home/airflow/.local/lib/python3.8/site-packages/airflow/example_dags/example_branch_day_of_week_operator.py took 0.977 seconds
[2025-08-02T03:09:37.329+0000] {processor.py:161} INFO - Started process (PID=152) to work on /home/airflow/.local/lib/python3.8/site-packages/airflow/example_dags/example_branch_day_of_week_operator.py
[2025-08-02T03:09:37.333+0000] {processor.py:830} INFO - Processing file /home/airflow/.local/lib/python3.8/site-packages/airflow/example_dags/example_branch_day_of_week_operator.py for tasks to queue
[2025-08-02T03:09:37.339+0000] {logging_mixin.py:188} INFO - [2025-08-02T03:09:37.336+0000] {dagbag.py:540} INFO - Filling up the DagBag from /home/airflow/.local/lib/python3.8/site-packages/airflow/example_dags/example_branch_day_of_week_operator.py
[2025-08-02T03:09:37.372+0000] {processor.py:840} INFO - DAG(s) 'example_weekday_branch_operator' retrieved from /home/airflow/.local/lib/python3.8/site-packages/airflow/example_dags/example_branch_day_of_week_operator.py
[2025-08-02T03:09:37.464+0000] {logging_mixin.py:188} INFO - [2025-08-02T03:09:37.463+0000] {dag.py:3047} INFO - Sync 1 DAGs
[2025-08-02T03:09:37.547+0000] {logging_mixin.py:188} INFO - [2025-08-02T03:09:37.546+0000] {dag.py:3834} INFO - Setting next_dagrun for example_weekday_branch_operator to 2025-08-01 00:00:00+00:00, run_after=2025-08-02 00:00:00+00:00
[2025-08-02T03:09:37.641+0000] {processor.py:183} INFO - Processing /home/airflow/.local/lib/python3.8/site-packages/airflow/example_dags/example_branch_day_of_week_operator.py took 0.319 seconds
[2025-08-02T03:10:08.394+0000] {processor.py:161} INFO - Started process (PID=207) to work on /home/airflow/.local/lib/python3.8/site-packages/airflow/example_dags/example_branch_day_of_week_operator.py
[2025-08-02T03:10:08.400+0000] {processor.py:830} INFO - Processing file /home/airflow/.local/lib/python3.8/site-packages/airflow/example_dags/example_branch_day_of_week_operator.py for tasks to queue
[2025-08-02T03:10:08.407+0000] {logging_mixin.py:188} INFO - [2025-08-02T03:10:08.406+0000] {dagbag.py:540} INFO - Filling up the DagBag from /home/airflow/.local/lib/python3.8/site-packages/airflow/example_dags/example_branch_day_of_week_operator.py
[2025-08-02T03:10:08.431+0000] {processor.py:840} INFO - DAG(s) 'example_weekday_branch_operator' retrieved from /home/airflow/.local/lib/python3.8/site-packages/airflow/example_dags/example_branch_day_of_week_operator.py
[2025-08-02T03:10:08.533+0000] {logging_mixin.py:188} INFO - [2025-08-02T03:10:08.532+0000] {dag.py:3047} INFO - Sync 1 DAGs
[2025-08-02T03:10:08.603+0000] {logging_mixin.py:188} INFO - [2025-08-02T03:10:08.603+0000] {dag.py:3834} INFO - Setting next_dagrun for example_weekday_branch_operator to 2025-08-01 00:00:00+00:00, run_after=2025-08-02 00:00:00+00:00
[2025-08-02T03:10:08.645+0000] {processor.py:183} INFO - Processing /home/airflow/.local/lib/python3.8/site-packages/airflow/example_dags/example_branch_day_of_week_operator.py took 0.267 seconds
[2025-08-02T03:10:38.759+0000] {processor.py:161} INFO - Started process (PID=263) to work on /home/airflow/.local/lib/python3.8/site-packages/airflow/example_dags/example_branch_day_of_week_operator.py
[2025-08-02T03:10:38.763+0000] {processor.py:830} INFO - Processing file /home/airflow/.local/lib/python3.8/site-packages/airflow/example_dags/example_branch_day_of_week_operator.py for tasks to queue
[2025-08-02T03:10:38.770+0000] {logging_mixin.py:188} INFO - [2025-08-02T03:10:38.769+0000] {dagbag.py:540} INFO - Filling up the DagBag from /home/airflow/.local/lib/python3.8/site-packages/airflow/example_dags/example_branch_day_of_week_operator.py
[2025-08-02T03:10:38.799+0000] {processor.py:840} INFO - DAG(s) 'example_weekday_branch_operator' retrieved from /home/airflow/.local/lib/python3.8/site-packages/airflow/example_dags/example_branch_day_of_week_operator.py
[2025-08-02T03:10:38.854+0000] {logging_mixin.py:188} INFO - [2025-08-02T03:10:38.853+0000] {dag.py:3047} INFO - Sync 1 DAGs
[2025-08-02T03:10:38.890+0000] {logging_mixin.py:188} INFO - [2025-08-02T03:10:38.890+0000] {dag.py:3834} INFO - Setting next_dagrun for example_weekday_branch_operator to 2025-08-01 00:00:00+00:00, run_after=2025-08-02 00:00:00+00:00
[2025-08-02T03:10:38.925+0000] {processor.py:183} INFO - Processing /home/airflow/.local/lib/python3.8/site-packages/airflow/example_dags/example_branch_day_of_week_operator.py took 0.171 seconds
[2025-08-02T03:11:09.097+0000] {processor.py:161} INFO - Started process (PID=319) to work on /home/airflow/.local/lib/python3.8/site-packages/airflow/example_dags/example_branch_day_of_week_operator.py
[2025-08-02T03:11:09.102+0000] {processor.py:830} INFO - Processing file /home/airflow/.local/lib/python3.8/site-packages/airflow/example_dags/example_branch_day_of_week_operator.py for tasks to queue
[2025-08-02T03:11:09.106+0000] {logging_mixin.py:188} INFO - [2025-08-02T03:11:09.106+0000] {dagbag.py:540} INFO - Filling up the DagBag from /home/airflow/.local/lib/python3.8/site-packages/airflow/example_dags/example_branch_day_of_week_operator.py
[2025-08-02T03:11:09.116+0000] {processor.py:840} INFO - DAG(s) 'example_weekday_branch_operator' retrieved from /home/airflow/.local/lib/python3.8/site-packages/airflow/example_dags/example_branch_day_of_week_operator.py
[2025-08-02T03:11:09.146+0000] {logging_mixin.py:188} INFO - [2025-08-02T03:11:09.146+0000] {dag.py:3047} INFO - Sync 1 DAGs
[2025-08-02T03:11:09.214+0000] {logging_mixin.py:188} INFO - [2025-08-02T03:11:09.213+0000] {dag.py:3834} INFO - Setting next_dagrun for example_weekday_branch_operator to 2025-08-01 00:00:00+00:00, run_after=2025-08-02 00:00:00+00:00
[2025-08-02T03:11:09.240+0000] {processor.py:183} INFO - Processing /home/airflow/.local/lib/python3.8/site-packages/airflow/example_dags/example_branch_day_of_week_operator.py took 0.162 seconds
[2025-08-02T03:11:39.692+0000] {processor.py:161} INFO - Started process (PID=375) to work on /home/airflow/.local/lib/python3.8/site-packages/airflow/example_dags/example_branch_day_of_week_operator.py
[2025-08-02T03:11:39.695+0000] {processor.py:830} INFO - Processing file /home/airflow/.local/lib/python3.8/site-packages/airflow/example_dags/example_branch_day_of_week_operator.py for tasks to queue
[2025-08-02T03:11:39.697+0000] {logging_mixin.py:188} INFO - [2025-08-02T03:11:39.697+0000] {dagbag.py:540} INFO - Filling up the DagBag from /home/airflow/.local/lib/python3.8/site-packages/airflow/example_dags/example_branch_day_of_week_operator.py
[2025-08-02T03:11:39.709+0000] {processor.py:840} INFO - DAG(s) 'example_weekday_branch_operator' retrieved from /home/airflow/.local/lib/python3.8/site-packages/airflow/example_dags/example_branch_day_of_week_operator.py
[2025-08-02T03:11:39.739+0000] {logging_mixin.py:188} INFO - [2025-08-02T03:11:39.739+0000] {dag.py:3047} INFO - Sync 1 DAGs
[2025-08-02T03:11:39.760+0000] {logging_mixin.py:188} INFO - [2025-08-02T03:11:39.760+0000] {dag.py:3834} INFO - Setting next_dagrun for example_weekday_branch_operator to 2025-08-01 00:00:00+00:00, run_after=2025-08-02 00:00:00+00:00
[2025-08-02T03:11:39.794+0000] {processor.py:183} INFO - Processing /home/airflow/.local/lib/python3.8/site-packages/airflow/example_dags/example_branch_day_of_week_operator.py took 0.106 seconds
[2025-08-02T03:12:10.268+0000] {processor.py:161} INFO - Started process (PID=431) to work on /home/airflow/.local/lib/python3.8/site-packages/airflow/example_dags/example_branch_day_of_week_operator.py
[2025-08-02T03:12:10.269+0000] {processor.py:830} INFO - Processing file /home/airflow/.local/lib/python3.8/site-packages/airflow/example_dags/example_branch_day_of_week_operator.py for tasks to queue
[2025-08-02T03:12:10.270+0000] {logging_mixin.py:188} INFO - [2025-08-02T03:12:10.270+0000] {dagbag.py:540} INFO - Filling up the DagBag from /home/airflow/.local/lib/python3.8/site-packages/airflow/example_dags/example_branch_day_of_week_operator.py
[2025-08-02T03:12:10.278+0000] {processor.py:840} INFO - DAG(s) 'example_weekday_branch_operator' retrieved from /home/airflow/.local/lib/python3.8/site-packages/airflow/example_dags/example_branch_day_of_week_operator.py
[2025-08-02T03:12:10.312+0000] {logging_mixin.py:188} INFO - [2025-08-02T03:12:10.312+0000] {dag.py:3047} INFO - Sync 1 DAGs
[2025-08-02T03:12:10.629+0000] {logging_mixin.py:188} INFO - [2025-08-02T03:12:10.626+0000] {dag.py:3834} INFO - Setting next_dagrun for example_weekday_branch_operator to 2025-08-01 00:00:00+00:00, run_after=2025-08-02 00:00:00+00:00
[2025-08-02T03:12:10.798+0000] {processor.py:183} INFO - Processing /home/airflow/.local/lib/python3.8/site-packages/airflow/example_dags/example_branch_day_of_week_operator.py took 0.534 seconds
[2025-08-02T03:12:41.371+0000] {processor.py:161} INFO - Started process (PID=487) to work on /home/airflow/.local/lib/python3.8/site-packages/airflow/example_dags/example_branch_day_of_week_operator.py
[2025-08-02T03:12:41.372+0000] {processor.py:830} INFO - Processing file /home/airflow/.local/lib/python3.8/site-packages/airflow/example_dags/example_branch_day_of_week_operator.py for tasks to queue
[2025-08-02T03:12:41.374+0000] {logging_mixin.py:188} INFO - [2025-08-02T03:12:41.374+0000] {dagbag.py:540} INFO - Filling up the DagBag from /home/airflow/.local/lib/python3.8/site-packages/airflow/example_dags/example_branch_day_of_week_operator.py
[2025-08-02T03:12:41.380+0000] {processor.py:840} INFO - DAG(s) 'example_weekday_branch_operator' retrieved from /home/airflow/.local/lib/python3.8/site-packages/airflow/example_dags/example_branch_day_of_week_operator.py
[2025-08-02T03:12:41.399+0000] {logging_mixin.py:188} INFO - [2025-08-02T03:12:41.399+0000] {dag.py:3047} INFO - Sync 1 DAGs
[2025-08-02T03:12:41.415+0000] {logging_mixin.py:188} INFO - [2025-08-02T03:12:41.415+0000] {dag.py:3834} INFO - Setting next_dagrun for example_weekday_branch_operator to 2025-08-01 00:00:00+00:00, run_after=2025-08-02 00:00:00+00:00
[2025-08-02T03:12:41.432+0000] {processor.py:183} INFO - Processing /home/airflow/.local/lib/python3.8/site-packages/airflow/example_dags/example_branch_day_of_week_operator.py took 0.063 seconds
[2025-08-02T03:13:12.272+0000] {processor.py:161} INFO - Started process (PID=543) to work on /home/airflow/.local/lib/python3.8/site-packages/airflow/example_dags/example_branch_day_of_week_operator.py
[2025-08-02T03:13:12.274+0000] {processor.py:830} INFO - Processing file /home/airflow/.local/lib/python3.8/site-packages/airflow/example_dags/example_branch_day_of_week_operator.py for tasks to queue
[2025-08-02T03:13:12.276+0000] {logging_mixin.py:188} INFO - [2025-08-02T03:13:12.276+0000] {dagbag.py:540} INFO - Filling up the DagBag from /home/airflow/.local/lib/python3.8/site-packages/airflow/example_dags/example_branch_day_of_week_operator.py
[2025-08-02T03:13:12.284+0000] {processor.py:840} INFO - DAG(s) 'example_weekday_branch_operator' retrieved from /home/airflow/.local/lib/python3.8/site-packages/airflow/example_dags/example_branch_day_of_week_operator.py
[2025-08-02T03:13:12.301+0000] {logging_mixin.py:188} INFO - [2025-08-02T03:13:12.301+0000] {dag.py:3047} INFO - Sync 1 DAGs
[2025-08-02T03:13:12.319+0000] {logging_mixin.py:188} INFO - [2025-08-02T03:13:12.319+0000] {dag.py:3834} INFO - Setting next_dagrun for example_weekday_branch_operator to 2025-08-01 00:00:00+00:00, run_after=2025-08-02 00:00:00+00:00
[2025-08-02T03:13:12.333+0000] {processor.py:183} INFO - Processing /home/airflow/.local/lib/python3.8/site-packages/airflow/example_dags/example_branch_day_of_week_operator.py took 0.064 seconds
[2025-08-02T03:13:43.016+0000] {processor.py:161} INFO - Started process (PID=599) to work on /home/airflow/.local/lib/python3.8/site-packages/airflow/example_dags/example_branch_day_of_week_operator.py
[2025-08-02T03:13:43.018+0000] {processor.py:830} INFO - Processing file /home/airflow/.local/lib/python3.8/site-packages/airflow/example_dags/example_branch_day_of_week_operator.py for tasks to queue
[2025-08-02T03:13:43.019+0000] {logging_mixin.py:188} INFO - [2025-08-02T03:13:43.019+0000] {dagbag.py:540} INFO - Filling up the DagBag from /home/airflow/.local/lib/python3.8/site-packages/airflow/example_dags/example_branch_day_of_week_operator.py
[2025-08-02T03:13:43.026+0000] {processor.py:840} INFO - DAG(s) 'example_weekday_branch_operator' retrieved from /home/airflow/.local/lib/python3.8/site-packages/airflow/example_dags/example_branch_day_of_week_operator.py
[2025-08-02T03:13:43.051+0000] {logging_mixin.py:188} INFO - [2025-08-02T03:13:43.050+0000] {dag.py:3047} INFO - Sync 1 DAGs
[2025-08-02T03:13:43.080+0000] {logging_mixin.py:188} INFO - [2025-08-02T03:13:43.080+0000] {dag.py:3834} INFO - Setting next_dagrun for example_weekday_branch_operator to 2025-08-01 00:00:00+00:00, run_after=2025-08-02 00:00:00+00:00
[2025-08-02T03:13:43.100+0000] {processor.py:183} INFO - Processing /home/airflow/.local/lib/python3.8/site-packages/airflow/example_dags/example_branch_day_of_week_operator.py took 0.087 seconds
[2025-08-02T03:14:13.612+0000] {processor.py:161} INFO - Started process (PID=655) to work on /home/airflow/.local/lib/python3.8/site-packages/airflow/example_dags/example_branch_day_of_week_operator.py
[2025-08-02T03:14:13.615+0000] {processor.py:830} INFO - Processing file /home/airflow/.local/lib/python3.8/site-packages/airflow/example_dags/example_branch_day_of_week_operator.py for tasks to queue
[2025-08-02T03:14:13.618+0000] {logging_mixin.py:188} INFO - [2025-08-02T03:14:13.618+0000] {dagbag.py:540} INFO - Filling up the DagBag from /home/airflow/.local/lib/python3.8/site-packages/airflow/example_dags/example_branch_day_of_week_operator.py
[2025-08-02T03:14:13.645+0000] {processor.py:840} INFO - DAG(s) 'example_weekday_branch_operator' retrieved from /home/airflow/.local/lib/python3.8/site-packages/airflow/example_dags/example_branch_day_of_week_operator.py
[2025-08-02T03:14:13.716+0000] {logging_mixin.py:188} INFO - [2025-08-02T03:14:13.715+0000] {dag.py:3047} INFO - Sync 1 DAGs
[2025-08-02T03:14:13.891+0000] {logging_mixin.py:188} INFO - [2025-08-02T03:14:13.890+0000] {dag.py:3834} INFO - Setting next_dagrun for example_weekday_branch_operator to 2025-08-01 00:00:00+00:00, run_after=2025-08-02 00:00:00+00:00
[2025-08-02T03:14:13.961+0000] {processor.py:183} INFO - Processing /home/airflow/.local/lib/python3.8/site-packages/airflow/example_dags/example_branch_day_of_week_operator.py took 0.351 seconds
[2025-08-02T03:14:45.246+0000] {processor.py:161} INFO - Started process (PID=711) to work on /home/airflow/.local/lib/python3.8/site-packages/airflow/example_dags/example_branch_day_of_week_operator.py
[2025-08-02T03:14:45.266+0000] {processor.py:830} INFO - Processing file /home/airflow/.local/lib/python3.8/site-packages/airflow/example_dags/example_branch_day_of_week_operator.py for tasks to queue
[2025-08-02T03:14:45.308+0000] {logging_mixin.py:188} INFO - [2025-08-02T03:14:45.301+0000] {dagbag.py:540} INFO - Filling up the DagBag from /home/airflow/.local/lib/python3.8/site-packages/airflow/example_dags/example_branch_day_of_week_operator.py
[2025-08-02T03:14:45.346+0000] {processor.py:840} INFO - DAG(s) 'example_weekday_branch_operator' retrieved from /home/airflow/.local/lib/python3.8/site-packages/airflow/example_dags/example_branch_day_of_week_operator.py
[2025-08-02T03:14:48.678+0000] {logging_mixin.py:188} INFO - [2025-08-02T03:14:48.670+0000] {process_utils.py:262} INFO - Waiting up to 5 seconds for processes to exit...
