[2025-08-02T01:42:41.721+0000] {processor.py:161} INFO - Started process (PID=77) to work on /home/airflow/.local/lib/python3.8/site-packages/airflow/example_dags/example_sla_dag.py
[2025-08-02T01:42:41.725+0000] {processor.py:830} INFO - Processing file /home/airflow/.local/lib/python3.8/site-packages/airflow/example_dags/example_sla_dag.py for tasks to queue
[2025-08-02T01:42:41.734+0000] {logging_mixin.py:188} INFO - [2025-08-02T01:42:41.732+0000] {dagbag.py:540} INFO - Filling up the DagBag from /home/airflow/.local/lib/python3.8/site-packages/airflow/example_dags/example_sla_dag.py
[2025-08-02T01:42:41.766+0000] {processor.py:840} INFO - DAG(s) 'example_sla_dag' retrieved from /home/airflow/.local/lib/python3.8/site-packages/airflow/example_dags/example_sla_dag.py
[2025-08-02T01:42:41.924+0000] {logging_mixin.py:188} INFO - [2025-08-02T01:42:41.923+0000] {dag.py:3047} INFO - Sync 1 DAGs
[2025-08-02T01:42:41.976+0000] {logging_mixin.py:188} INFO - [2025-08-02T01:42:41.975+0000] {dag.py:3834} INFO - Setting next_dagrun for example_sla_dag to 2025-08-02 01:40:00+00:00, run_after=2025-08-02 01:42:00+00:00
[2025-08-02T01:42:42.056+0000] {processor.py:183} INFO - Processing /home/airflow/.local/lib/python3.8/site-packages/airflow/example_dags/example_sla_dag.py took 0.347 seconds
[2025-08-02T01:43:12.812+0000] {processor.py:161} INFO - Started process (PID=133) to work on /home/airflow/.local/lib/python3.8/site-packages/airflow/example_dags/example_sla_dag.py
[2025-08-02T01:43:12.820+0000] {processor.py:830} INFO - Processing file /home/airflow/.local/lib/python3.8/site-packages/airflow/example_dags/example_sla_dag.py for tasks to queue
[2025-08-02T01:43:12.834+0000] {logging_mixin.py:188} INFO - [2025-08-02T01:43:12.833+0000] {dagbag.py:540} INFO - Filling up the DagBag from /home/airflow/.local/lib/python3.8/site-packages/airflow/example_dags/example_sla_dag.py
[2025-08-02T01:43:12.884+0000] {processor.py:840} INFO - DAG(s) 'example_sla_dag' retrieved from /home/airflow/.local/lib/python3.8/site-packages/airflow/example_dags/example_sla_dag.py
[2025-08-02T01:43:12.951+0000] {logging_mixin.py:188} INFO - [2025-08-02T01:43:12.951+0000] {dag.py:3047} INFO - Sync 1 DAGs
[2025-08-02T01:43:13.001+0000] {logging_mixin.py:188} INFO - [2025-08-02T01:43:13.001+0000] {dag.py:3834} INFO - Setting next_dagrun for example_sla_dag to 2025-08-02 01:40:00+00:00, run_after=2025-08-02 01:42:00+00:00
[2025-08-02T01:43:13.039+0000] {processor.py:183} INFO - Processing /home/airflow/.local/lib/python3.8/site-packages/airflow/example_dags/example_sla_dag.py took 0.247 seconds
[2025-08-02T01:43:43.131+0000] {processor.py:161} INFO - Started process (PID=189) to work on /home/airflow/.local/lib/python3.8/site-packages/airflow/example_dags/example_sla_dag.py
[2025-08-02T01:43:43.132+0000] {processor.py:830} INFO - Processing file /home/airflow/.local/lib/python3.8/site-packages/airflow/example_dags/example_sla_dag.py for tasks to queue
[2025-08-02T01:43:43.134+0000] {logging_mixin.py:188} INFO - [2025-08-02T01:43:43.134+0000] {dagbag.py:540} INFO - Filling up the DagBag from /home/airflow/.local/lib/python3.8/site-packages/airflow/example_dags/example_sla_dag.py
[2025-08-02T01:43:43.142+0000] {processor.py:840} INFO - DAG(s) 'example_sla_dag' retrieved from /home/airflow/.local/lib/python3.8/site-packages/airflow/example_dags/example_sla_dag.py
[2025-08-02T01:43:43.162+0000] {logging_mixin.py:188} INFO - [2025-08-02T01:43:43.162+0000] {dag.py:3047} INFO - Sync 1 DAGs
[2025-08-02T01:43:43.208+0000] {logging_mixin.py:188} INFO - [2025-08-02T01:43:43.208+0000] {dag.py:3834} INFO - Setting next_dagrun for example_sla_dag to 2025-08-02 01:40:00+00:00, run_after=2025-08-02 01:42:00+00:00
[2025-08-02T01:43:43.227+0000] {processor.py:183} INFO - Processing /home/airflow/.local/lib/python3.8/site-packages/airflow/example_dags/example_sla_dag.py took 0.099 seconds
[2025-08-02T01:44:13.539+0000] {processor.py:161} INFO - Started process (PID=245) to work on /home/airflow/.local/lib/python3.8/site-packages/airflow/example_dags/example_sla_dag.py
[2025-08-02T01:44:13.540+0000] {processor.py:830} INFO - Processing file /home/airflow/.local/lib/python3.8/site-packages/airflow/example_dags/example_sla_dag.py for tasks to queue
[2025-08-02T01:44:13.543+0000] {logging_mixin.py:188} INFO - [2025-08-02T01:44:13.543+0000] {dagbag.py:540} INFO - Filling up the DagBag from /home/airflow/.local/lib/python3.8/site-packages/airflow/example_dags/example_sla_dag.py
[2025-08-02T01:44:13.557+0000] {processor.py:840} INFO - DAG(s) 'example_sla_dag' retrieved from /home/airflow/.local/lib/python3.8/site-packages/airflow/example_dags/example_sla_dag.py
[2025-08-02T01:44:13.581+0000] {logging_mixin.py:188} INFO - [2025-08-02T01:44:13.581+0000] {dag.py:3047} INFO - Sync 1 DAGs
[2025-08-02T01:44:13.600+0000] {logging_mixin.py:188} INFO - [2025-08-02T01:44:13.599+0000] {dag.py:3834} INFO - Setting next_dagrun for example_sla_dag to 2025-08-02 01:42:00+00:00, run_after=2025-08-02 01:44:00+00:00
[2025-08-02T01:44:13.619+0000] {processor.py:183} INFO - Processing /home/airflow/.local/lib/python3.8/site-packages/airflow/example_dags/example_sla_dag.py took 0.085 seconds
[2025-08-02T01:44:43.989+0000] {processor.py:161} INFO - Started process (PID=301) to work on /home/airflow/.local/lib/python3.8/site-packages/airflow/example_dags/example_sla_dag.py
[2025-08-02T01:44:43.995+0000] {processor.py:830} INFO - Processing file /home/airflow/.local/lib/python3.8/site-packages/airflow/example_dags/example_sla_dag.py for tasks to queue
[2025-08-02T01:44:44.000+0000] {logging_mixin.py:188} INFO - [2025-08-02T01:44:43.999+0000] {dagbag.py:540} INFO - Filling up the DagBag from /home/airflow/.local/lib/python3.8/site-packages/airflow/example_dags/example_sla_dag.py
[2025-08-02T01:44:44.048+0000] {processor.py:840} INFO - DAG(s) 'example_sla_dag' retrieved from /home/airflow/.local/lib/python3.8/site-packages/airflow/example_dags/example_sla_dag.py
[2025-08-02T01:44:44.125+0000] {logging_mixin.py:188} INFO - [2025-08-02T01:44:44.124+0000] {dag.py:3047} INFO - Sync 1 DAGs
[2025-08-02T01:44:44.162+0000] {logging_mixin.py:188} INFO - [2025-08-02T01:44:44.162+0000] {dag.py:3834} INFO - Setting next_dagrun for example_sla_dag to 2025-08-02 01:42:00+00:00, run_after=2025-08-02 01:44:00+00:00
[2025-08-02T01:44:44.220+0000] {processor.py:183} INFO - Processing /home/airflow/.local/lib/python3.8/site-packages/airflow/example_dags/example_sla_dag.py took 0.249 seconds
[2025-08-02T01:45:14.280+0000] {processor.py:161} INFO - Started process (PID=356) to work on /home/airflow/.local/lib/python3.8/site-packages/airflow/example_dags/example_sla_dag.py
[2025-08-02T01:45:14.281+0000] {processor.py:830} INFO - Processing file /home/airflow/.local/lib/python3.8/site-packages/airflow/example_dags/example_sla_dag.py for tasks to queue
[2025-08-02T01:45:14.283+0000] {logging_mixin.py:188} INFO - [2025-08-02T01:45:14.282+0000] {dagbag.py:540} INFO - Filling up the DagBag from /home/airflow/.local/lib/python3.8/site-packages/airflow/example_dags/example_sla_dag.py
[2025-08-02T01:45:14.289+0000] {processor.py:840} INFO - DAG(s) 'example_sla_dag' retrieved from /home/airflow/.local/lib/python3.8/site-packages/airflow/example_dags/example_sla_dag.py
[2025-08-02T01:45:14.311+0000] {logging_mixin.py:188} INFO - [2025-08-02T01:45:14.310+0000] {dag.py:3047} INFO - Sync 1 DAGs
[2025-08-02T01:45:14.329+0000] {logging_mixin.py:188} INFO - [2025-08-02T01:45:14.329+0000] {dag.py:3834} INFO - Setting next_dagrun for example_sla_dag to 2025-08-02 01:42:00+00:00, run_after=2025-08-02 01:44:00+00:00
[2025-08-02T01:45:14.341+0000] {processor.py:183} INFO - Processing /home/airflow/.local/lib/python3.8/site-packages/airflow/example_dags/example_sla_dag.py took 0.064 seconds
[2025-08-02T01:45:44.457+0000] {processor.py:161} INFO - Started process (PID=412) to work on /home/airflow/.local/lib/python3.8/site-packages/airflow/example_dags/example_sla_dag.py
[2025-08-02T01:45:44.458+0000] {processor.py:830} INFO - Processing file /home/airflow/.local/lib/python3.8/site-packages/airflow/example_dags/example_sla_dag.py for tasks to queue
[2025-08-02T01:45:44.460+0000] {logging_mixin.py:188} INFO - [2025-08-02T01:45:44.460+0000] {dagbag.py:540} INFO - Filling up the DagBag from /home/airflow/.local/lib/python3.8/site-packages/airflow/example_dags/example_sla_dag.py
[2025-08-02T01:45:44.469+0000] {processor.py:840} INFO - DAG(s) 'example_sla_dag' retrieved from /home/airflow/.local/lib/python3.8/site-packages/airflow/example_dags/example_sla_dag.py
[2025-08-02T01:45:44.481+0000] {logging_mixin.py:188} INFO - [2025-08-02T01:45:44.481+0000] {dag.py:3047} INFO - Sync 1 DAGs
[2025-08-02T01:45:44.496+0000] {logging_mixin.py:188} INFO - [2025-08-02T01:45:44.495+0000] {dag.py:3834} INFO - Setting next_dagrun for example_sla_dag to 2025-08-02 01:42:00+00:00, run_after=2025-08-02 01:44:00+00:00
[2025-08-02T01:45:44.508+0000] {processor.py:183} INFO - Processing /home/airflow/.local/lib/python3.8/site-packages/airflow/example_dags/example_sla_dag.py took 0.055 seconds
[2025-08-02T01:46:15.209+0000] {processor.py:161} INFO - Started process (PID=470) to work on /home/airflow/.local/lib/python3.8/site-packages/airflow/example_dags/example_sla_dag.py
[2025-08-02T01:46:15.210+0000] {processor.py:830} INFO - Processing file /home/airflow/.local/lib/python3.8/site-packages/airflow/example_dags/example_sla_dag.py for tasks to queue
[2025-08-02T01:46:15.211+0000] {logging_mixin.py:188} INFO - [2025-08-02T01:46:15.211+0000] {dagbag.py:540} INFO - Filling up the DagBag from /home/airflow/.local/lib/python3.8/site-packages/airflow/example_dags/example_sla_dag.py
[2025-08-02T01:46:15.218+0000] {processor.py:840} INFO - DAG(s) 'example_sla_dag' retrieved from /home/airflow/.local/lib/python3.8/site-packages/airflow/example_dags/example_sla_dag.py
[2025-08-02T01:46:15.232+0000] {logging_mixin.py:188} INFO - [2025-08-02T01:46:15.231+0000] {dag.py:3047} INFO - Sync 1 DAGs
[2025-08-02T01:46:15.245+0000] {logging_mixin.py:188} INFO - [2025-08-02T01:46:15.245+0000] {dag.py:3834} INFO - Setting next_dagrun for example_sla_dag to 2025-08-02 01:44:00+00:00, run_after=2025-08-02 01:46:00+00:00
[2025-08-02T01:46:15.255+0000] {processor.py:183} INFO - Processing /home/airflow/.local/lib/python3.8/site-packages/airflow/example_dags/example_sla_dag.py took 0.047 seconds
[2025-08-02T01:46:46.034+0000] {processor.py:161} INFO - Started process (PID=526) to work on /home/airflow/.local/lib/python3.8/site-packages/airflow/example_dags/example_sla_dag.py
[2025-08-02T01:46:46.035+0000] {processor.py:830} INFO - Processing file /home/airflow/.local/lib/python3.8/site-packages/airflow/example_dags/example_sla_dag.py for tasks to queue
[2025-08-02T01:46:46.037+0000] {logging_mixin.py:188} INFO - [2025-08-02T01:46:46.037+0000] {dagbag.py:540} INFO - Filling up the DagBag from /home/airflow/.local/lib/python3.8/site-packages/airflow/example_dags/example_sla_dag.py
[2025-08-02T01:46:46.047+0000] {processor.py:840} INFO - DAG(s) 'example_sla_dag' retrieved from /home/airflow/.local/lib/python3.8/site-packages/airflow/example_dags/example_sla_dag.py
[2025-08-02T01:46:46.068+0000] {logging_mixin.py:188} INFO - [2025-08-02T01:46:46.068+0000] {dag.py:3047} INFO - Sync 1 DAGs
[2025-08-02T01:46:46.089+0000] {logging_mixin.py:188} INFO - [2025-08-02T01:46:46.089+0000] {dag.py:3834} INFO - Setting next_dagrun for example_sla_dag to 2025-08-02 01:44:00+00:00, run_after=2025-08-02 01:46:00+00:00
[2025-08-02T01:46:46.110+0000] {processor.py:183} INFO - Processing /home/airflow/.local/lib/python3.8/site-packages/airflow/example_dags/example_sla_dag.py took 0.078 seconds
[2025-08-02T01:47:16.678+0000] {processor.py:161} INFO - Started process (PID=582) to work on /home/airflow/.local/lib/python3.8/site-packages/airflow/example_dags/example_sla_dag.py
[2025-08-02T01:47:16.679+0000] {processor.py:830} INFO - Processing file /home/airflow/.local/lib/python3.8/site-packages/airflow/example_dags/example_sla_dag.py for tasks to queue
[2025-08-02T01:47:16.680+0000] {logging_mixin.py:188} INFO - [2025-08-02T01:47:16.680+0000] {dagbag.py:540} INFO - Filling up the DagBag from /home/airflow/.local/lib/python3.8/site-packages/airflow/example_dags/example_sla_dag.py
[2025-08-02T01:47:16.686+0000] {processor.py:840} INFO - DAG(s) 'example_sla_dag' retrieved from /home/airflow/.local/lib/python3.8/site-packages/airflow/example_dags/example_sla_dag.py
[2025-08-02T01:47:16.696+0000] {logging_mixin.py:188} INFO - [2025-08-02T01:47:16.696+0000] {dag.py:3047} INFO - Sync 1 DAGs
[2025-08-02T01:47:16.709+0000] {logging_mixin.py:188} INFO - [2025-08-02T01:47:16.709+0000] {dag.py:3834} INFO - Setting next_dagrun for example_sla_dag to 2025-08-02 01:44:00+00:00, run_after=2025-08-02 01:46:00+00:00
[2025-08-02T01:47:16.717+0000] {processor.py:183} INFO - Processing /home/airflow/.local/lib/python3.8/site-packages/airflow/example_dags/example_sla_dag.py took 0.041 seconds
[2025-08-02T01:47:47.062+0000] {processor.py:161} INFO - Started process (PID=638) to work on /home/airflow/.local/lib/python3.8/site-packages/airflow/example_dags/example_sla_dag.py
[2025-08-02T01:47:47.063+0000] {processor.py:830} INFO - Processing file /home/airflow/.local/lib/python3.8/site-packages/airflow/example_dags/example_sla_dag.py for tasks to queue
[2025-08-02T01:47:47.064+0000] {logging_mixin.py:188} INFO - [2025-08-02T01:47:47.064+0000] {dagbag.py:540} INFO - Filling up the DagBag from /home/airflow/.local/lib/python3.8/site-packages/airflow/example_dags/example_sla_dag.py
[2025-08-02T01:47:47.069+0000] {processor.py:840} INFO - DAG(s) 'example_sla_dag' retrieved from /home/airflow/.local/lib/python3.8/site-packages/airflow/example_dags/example_sla_dag.py
[2025-08-02T01:47:47.085+0000] {logging_mixin.py:188} INFO - [2025-08-02T01:47:47.084+0000] {dag.py:3047} INFO - Sync 1 DAGs
[2025-08-02T01:47:47.097+0000] {logging_mixin.py:188} INFO - [2025-08-02T01:47:47.097+0000] {dag.py:3834} INFO - Setting next_dagrun for example_sla_dag to 2025-08-02 01:44:00+00:00, run_after=2025-08-02 01:46:00+00:00
[2025-08-02T01:47:47.107+0000] {processor.py:183} INFO - Processing /home/airflow/.local/lib/python3.8/site-packages/airflow/example_dags/example_sla_dag.py took 0.047 seconds
[2025-08-02T01:48:17.382+0000] {processor.py:161} INFO - Started process (PID=694) to work on /home/airflow/.local/lib/python3.8/site-packages/airflow/example_dags/example_sla_dag.py
[2025-08-02T01:48:17.382+0000] {processor.py:830} INFO - Processing file /home/airflow/.local/lib/python3.8/site-packages/airflow/example_dags/example_sla_dag.py for tasks to queue
[2025-08-02T01:48:17.383+0000] {logging_mixin.py:188} INFO - [2025-08-02T01:48:17.383+0000] {dagbag.py:540} INFO - Filling up the DagBag from /home/airflow/.local/lib/python3.8/site-packages/airflow/example_dags/example_sla_dag.py
[2025-08-02T01:48:17.389+0000] {processor.py:840} INFO - DAG(s) 'example_sla_dag' retrieved from /home/airflow/.local/lib/python3.8/site-packages/airflow/example_dags/example_sla_dag.py
[2025-08-02T01:48:17.401+0000] {logging_mixin.py:188} INFO - [2025-08-02T01:48:17.401+0000] {dag.py:3047} INFO - Sync 1 DAGs
[2025-08-02T01:48:17.413+0000] {logging_mixin.py:188} INFO - [2025-08-02T01:48:17.413+0000] {dag.py:3834} INFO - Setting next_dagrun for example_sla_dag to 2025-08-02 01:46:00+00:00, run_after=2025-08-02 01:48:00+00:00
[2025-08-02T01:48:17.423+0000] {processor.py:183} INFO - Processing /home/airflow/.local/lib/python3.8/site-packages/airflow/example_dags/example_sla_dag.py took 0.043 seconds
[2025-08-02T01:48:47.889+0000] {processor.py:161} INFO - Started process (PID=750) to work on /home/airflow/.local/lib/python3.8/site-packages/airflow/example_dags/example_sla_dag.py
[2025-08-02T01:48:47.889+0000] {processor.py:830} INFO - Processing file /home/airflow/.local/lib/python3.8/site-packages/airflow/example_dags/example_sla_dag.py for tasks to queue
[2025-08-02T01:48:47.890+0000] {logging_mixin.py:188} INFO - [2025-08-02T01:48:47.890+0000] {dagbag.py:540} INFO - Filling up the DagBag from /home/airflow/.local/lib/python3.8/site-packages/airflow/example_dags/example_sla_dag.py
[2025-08-02T01:48:47.895+0000] {processor.py:840} INFO - DAG(s) 'example_sla_dag' retrieved from /home/airflow/.local/lib/python3.8/site-packages/airflow/example_dags/example_sla_dag.py
[2025-08-02T01:48:47.906+0000] {logging_mixin.py:188} INFO - [2025-08-02T01:48:47.906+0000] {dag.py:3047} INFO - Sync 1 DAGs
[2025-08-02T01:48:47.917+0000] {logging_mixin.py:188} INFO - [2025-08-02T01:48:47.917+0000] {dag.py:3834} INFO - Setting next_dagrun for example_sla_dag to 2025-08-02 01:46:00+00:00, run_after=2025-08-02 01:48:00+00:00
[2025-08-02T01:48:47.924+0000] {processor.py:183} INFO - Processing /home/airflow/.local/lib/python3.8/site-packages/airflow/example_dags/example_sla_dag.py took 0.038 seconds
[2025-08-02T01:49:18.167+0000] {processor.py:161} INFO - Started process (PID=806) to work on /home/airflow/.local/lib/python3.8/site-packages/airflow/example_dags/example_sla_dag.py
[2025-08-02T01:49:18.169+0000] {processor.py:830} INFO - Processing file /home/airflow/.local/lib/python3.8/site-packages/airflow/example_dags/example_sla_dag.py for tasks to queue
[2025-08-02T01:49:18.173+0000] {logging_mixin.py:188} INFO - [2025-08-02T01:49:18.172+0000] {dagbag.py:540} INFO - Filling up the DagBag from /home/airflow/.local/lib/python3.8/site-packages/airflow/example_dags/example_sla_dag.py
[2025-08-02T01:49:18.205+0000] {processor.py:840} INFO - DAG(s) 'example_sla_dag' retrieved from /home/airflow/.local/lib/python3.8/site-packages/airflow/example_dags/example_sla_dag.py
[2025-08-02T01:49:18.234+0000] {logging_mixin.py:188} INFO - [2025-08-02T01:49:18.234+0000] {dag.py:3047} INFO - Sync 1 DAGs
[2025-08-02T01:49:18.251+0000] {logging_mixin.py:188} INFO - [2025-08-02T01:49:18.251+0000] {dag.py:3834} INFO - Setting next_dagrun for example_sla_dag to 2025-08-02 01:46:00+00:00, run_after=2025-08-02 01:48:00+00:00
[2025-08-02T01:49:18.267+0000] {processor.py:183} INFO - Processing /home/airflow/.local/lib/python3.8/site-packages/airflow/example_dags/example_sla_dag.py took 0.102 seconds
[2025-08-02T01:49:50.160+0000] {processor.py:161} INFO - Started process (PID=862) to work on /home/airflow/.local/lib/python3.8/site-packages/airflow/example_dags/example_sla_dag.py
[2025-08-02T01:49:50.163+0000] {processor.py:830} INFO - Processing file /home/airflow/.local/lib/python3.8/site-packages/airflow/example_dags/example_sla_dag.py for tasks to queue
[2025-08-02T01:49:50.165+0000] {logging_mixin.py:188} INFO - [2025-08-02T01:49:50.164+0000] {dagbag.py:540} INFO - Filling up the DagBag from /home/airflow/.local/lib/python3.8/site-packages/airflow/example_dags/example_sla_dag.py
[2025-08-02T01:49:50.175+0000] {processor.py:840} INFO - DAG(s) 'example_sla_dag' retrieved from /home/airflow/.local/lib/python3.8/site-packages/airflow/example_dags/example_sla_dag.py
[2025-08-02T01:49:50.190+0000] {logging_mixin.py:188} INFO - [2025-08-02T01:49:50.190+0000] {dag.py:3047} INFO - Sync 1 DAGs
[2025-08-02T01:49:50.207+0000] {logging_mixin.py:188} INFO - [2025-08-02T01:49:50.207+0000] {dag.py:3834} INFO - Setting next_dagrun for example_sla_dag to 2025-08-02 01:46:00+00:00, run_after=2025-08-02 01:48:00+00:00
[2025-08-02T01:49:50.227+0000] {processor.py:183} INFO - Processing /home/airflow/.local/lib/python3.8/site-packages/airflow/example_dags/example_sla_dag.py took 0.069 seconds
[2025-08-02T01:50:23.126+0000] {processor.py:161} INFO - Started process (PID=918) to work on /home/airflow/.local/lib/python3.8/site-packages/airflow/example_dags/example_sla_dag.py
[2025-08-02T01:50:23.128+0000] {processor.py:830} INFO - Processing file /home/airflow/.local/lib/python3.8/site-packages/airflow/example_dags/example_sla_dag.py for tasks to queue
[2025-08-02T01:50:23.133+0000] {logging_mixin.py:188} INFO - [2025-08-02T01:50:23.132+0000] {dagbag.py:540} INFO - Filling up the DagBag from /home/airflow/.local/lib/python3.8/site-packages/airflow/example_dags/example_sla_dag.py
[2025-08-02T01:50:23.154+0000] {processor.py:840} INFO - DAG(s) 'example_sla_dag' retrieved from /home/airflow/.local/lib/python3.8/site-packages/airflow/example_dags/example_sla_dag.py
[2025-08-02T01:50:23.217+0000] {logging_mixin.py:188} INFO - [2025-08-02T01:50:23.216+0000] {dag.py:3047} INFO - Sync 1 DAGs
[2025-08-02T01:50:23.243+0000] {logging_mixin.py:188} INFO - [2025-08-02T01:50:23.242+0000] {dag.py:3834} INFO - Setting next_dagrun for example_sla_dag to 2025-08-02 01:48:00+00:00, run_after=2025-08-02 01:50:00+00:00
[2025-08-02T01:50:23.257+0000] {processor.py:183} INFO - Processing /home/airflow/.local/lib/python3.8/site-packages/airflow/example_dags/example_sla_dag.py took 0.154 seconds
[2025-08-02T01:50:53.939+0000] {processor.py:161} INFO - Started process (PID=974) to work on /home/airflow/.local/lib/python3.8/site-packages/airflow/example_dags/example_sla_dag.py
[2025-08-02T01:50:53.942+0000] {processor.py:830} INFO - Processing file /home/airflow/.local/lib/python3.8/site-packages/airflow/example_dags/example_sla_dag.py for tasks to queue
[2025-08-02T01:50:53.946+0000] {logging_mixin.py:188} INFO - [2025-08-02T01:50:53.945+0000] {dagbag.py:540} INFO - Filling up the DagBag from /home/airflow/.local/lib/python3.8/site-packages/airflow/example_dags/example_sla_dag.py
[2025-08-02T01:50:53.957+0000] {processor.py:840} INFO - DAG(s) 'example_sla_dag' retrieved from /home/airflow/.local/lib/python3.8/site-packages/airflow/example_dags/example_sla_dag.py
[2025-08-02T01:50:53.975+0000] {logging_mixin.py:188} INFO - [2025-08-02T01:50:53.975+0000] {dag.py:3047} INFO - Sync 1 DAGs
[2025-08-02T01:50:54.000+0000] {logging_mixin.py:188} INFO - [2025-08-02T01:50:54.000+0000] {dag.py:3834} INFO - Setting next_dagrun for example_sla_dag to 2025-08-02 01:48:00+00:00, run_after=2025-08-02 01:50:00+00:00
[2025-08-02T01:50:54.017+0000] {processor.py:183} INFO - Processing /home/airflow/.local/lib/python3.8/site-packages/airflow/example_dags/example_sla_dag.py took 0.083 seconds
[2025-08-02T01:51:24.335+0000] {processor.py:161} INFO - Started process (PID=1031) to work on /home/airflow/.local/lib/python3.8/site-packages/airflow/example_dags/example_sla_dag.py
[2025-08-02T01:51:24.336+0000] {processor.py:830} INFO - Processing file /home/airflow/.local/lib/python3.8/site-packages/airflow/example_dags/example_sla_dag.py for tasks to queue
[2025-08-02T01:51:24.337+0000] {logging_mixin.py:188} INFO - [2025-08-02T01:51:24.337+0000] {dagbag.py:540} INFO - Filling up the DagBag from /home/airflow/.local/lib/python3.8/site-packages/airflow/example_dags/example_sla_dag.py
[2025-08-02T01:51:24.345+0000] {processor.py:840} INFO - DAG(s) 'example_sla_dag' retrieved from /home/airflow/.local/lib/python3.8/site-packages/airflow/example_dags/example_sla_dag.py
[2025-08-02T01:51:24.361+0000] {logging_mixin.py:188} INFO - [2025-08-02T01:51:24.361+0000] {dag.py:3047} INFO - Sync 1 DAGs
[2025-08-02T01:51:24.390+0000] {logging_mixin.py:188} INFO - [2025-08-02T01:51:24.389+0000] {dag.py:3834} INFO - Setting next_dagrun for example_sla_dag to 2025-08-02 01:48:00+00:00, run_after=2025-08-02 01:50:00+00:00
[2025-08-02T01:51:24.409+0000] {processor.py:183} INFO - Processing /home/airflow/.local/lib/python3.8/site-packages/airflow/example_dags/example_sla_dag.py took 0.076 seconds
[2025-08-02T01:51:55.361+0000] {processor.py:161} INFO - Started process (PID=1087) to work on /home/airflow/.local/lib/python3.8/site-packages/airflow/example_dags/example_sla_dag.py
[2025-08-02T01:51:55.362+0000] {processor.py:830} INFO - Processing file /home/airflow/.local/lib/python3.8/site-packages/airflow/example_dags/example_sla_dag.py for tasks to queue
[2025-08-02T01:51:55.364+0000] {logging_mixin.py:188} INFO - [2025-08-02T01:51:55.364+0000] {dagbag.py:540} INFO - Filling up the DagBag from /home/airflow/.local/lib/python3.8/site-packages/airflow/example_dags/example_sla_dag.py
[2025-08-02T01:51:55.369+0000] {processor.py:840} INFO - DAG(s) 'example_sla_dag' retrieved from /home/airflow/.local/lib/python3.8/site-packages/airflow/example_dags/example_sla_dag.py
[2025-08-02T01:51:55.381+0000] {logging_mixin.py:188} INFO - [2025-08-02T01:51:55.381+0000] {dag.py:3047} INFO - Sync 1 DAGs
[2025-08-02T01:51:55.399+0000] {logging_mixin.py:188} INFO - [2025-08-02T01:51:55.399+0000] {dag.py:3834} INFO - Setting next_dagrun for example_sla_dag to 2025-08-02 01:48:00+00:00, run_after=2025-08-02 01:50:00+00:00
[2025-08-02T01:51:55.416+0000] {processor.py:183} INFO - Processing /home/airflow/.local/lib/python3.8/site-packages/airflow/example_dags/example_sla_dag.py took 0.059 seconds
[2025-08-02T01:52:26.010+0000] {processor.py:161} INFO - Started process (PID=1143) to work on /home/airflow/.local/lib/python3.8/site-packages/airflow/example_dags/example_sla_dag.py
[2025-08-02T01:52:26.011+0000] {processor.py:830} INFO - Processing file /home/airflow/.local/lib/python3.8/site-packages/airflow/example_dags/example_sla_dag.py for tasks to queue
[2025-08-02T01:52:26.015+0000] {logging_mixin.py:188} INFO - [2025-08-02T01:52:26.014+0000] {dagbag.py:540} INFO - Filling up the DagBag from /home/airflow/.local/lib/python3.8/site-packages/airflow/example_dags/example_sla_dag.py
[2025-08-02T01:52:26.026+0000] {processor.py:840} INFO - DAG(s) 'example_sla_dag' retrieved from /home/airflow/.local/lib/python3.8/site-packages/airflow/example_dags/example_sla_dag.py
[2025-08-02T01:52:26.050+0000] {logging_mixin.py:188} INFO - [2025-08-02T01:52:26.049+0000] {dag.py:3047} INFO - Sync 1 DAGs
[2025-08-02T01:52:26.082+0000] {logging_mixin.py:188} INFO - [2025-08-02T01:52:26.082+0000] {dag.py:3834} INFO - Setting next_dagrun for example_sla_dag to 2025-08-02 01:50:00+00:00, run_after=2025-08-02 01:52:00+00:00
[2025-08-02T01:52:26.101+0000] {processor.py:183} INFO - Processing /home/airflow/.local/lib/python3.8/site-packages/airflow/example_dags/example_sla_dag.py took 0.094 seconds
[2025-08-02T01:52:57.215+0000] {processor.py:161} INFO - Started process (PID=1199) to work on /home/airflow/.local/lib/python3.8/site-packages/airflow/example_dags/example_sla_dag.py
[2025-08-02T01:52:57.217+0000] {processor.py:830} INFO - Processing file /home/airflow/.local/lib/python3.8/site-packages/airflow/example_dags/example_sla_dag.py for tasks to queue
[2025-08-02T01:52:57.225+0000] {logging_mixin.py:188} INFO - [2025-08-02T01:52:57.222+0000] {dagbag.py:540} INFO - Filling up the DagBag from /home/airflow/.local/lib/python3.8/site-packages/airflow/example_dags/example_sla_dag.py
[2025-08-02T01:52:57.304+0000] {processor.py:840} INFO - DAG(s) 'example_sla_dag' retrieved from /home/airflow/.local/lib/python3.8/site-packages/airflow/example_dags/example_sla_dag.py
[2025-08-02T01:52:57.382+0000] {logging_mixin.py:188} INFO - [2025-08-02T01:52:57.382+0000] {dag.py:3047} INFO - Sync 1 DAGs
[2025-08-02T01:52:57.508+0000] {logging_mixin.py:188} INFO - [2025-08-02T01:52:57.507+0000] {dag.py:3834} INFO - Setting next_dagrun for example_sla_dag to 2025-08-02 01:50:00+00:00, run_after=2025-08-02 01:52:00+00:00
[2025-08-02T01:52:57.567+0000] {processor.py:183} INFO - Processing /home/airflow/.local/lib/python3.8/site-packages/airflow/example_dags/example_sla_dag.py took 0.359 seconds
[2025-08-02T01:53:28.668+0000] {processor.py:161} INFO - Started process (PID=1255) to work on /home/airflow/.local/lib/python3.8/site-packages/airflow/example_dags/example_sla_dag.py
[2025-08-02T01:53:28.669+0000] {processor.py:830} INFO - Processing file /home/airflow/.local/lib/python3.8/site-packages/airflow/example_dags/example_sla_dag.py for tasks to queue
[2025-08-02T01:53:28.671+0000] {logging_mixin.py:188} INFO - [2025-08-02T01:53:28.671+0000] {dagbag.py:540} INFO - Filling up the DagBag from /home/airflow/.local/lib/python3.8/site-packages/airflow/example_dags/example_sla_dag.py
[2025-08-02T01:53:28.688+0000] {processor.py:840} INFO - DAG(s) 'example_sla_dag' retrieved from /home/airflow/.local/lib/python3.8/site-packages/airflow/example_dags/example_sla_dag.py
[2025-08-02T01:53:28.922+0000] {logging_mixin.py:188} INFO - [2025-08-02T01:53:28.920+0000] {dag.py:3047} INFO - Sync 1 DAGs
[2025-08-02T01:53:28.958+0000] {logging_mixin.py:188} INFO - [2025-08-02T01:53:28.958+0000] {dag.py:3834} INFO - Setting next_dagrun for example_sla_dag to 2025-08-02 01:50:00+00:00, run_after=2025-08-02 01:52:00+00:00
[2025-08-02T01:53:29.055+0000] {processor.py:183} INFO - Processing /home/airflow/.local/lib/python3.8/site-packages/airflow/example_dags/example_sla_dag.py took 0.390 seconds
[2025-08-02T01:54:00.035+0000] {processor.py:161} INFO - Started process (PID=1311) to work on /home/airflow/.local/lib/python3.8/site-packages/airflow/example_dags/example_sla_dag.py
[2025-08-02T01:54:00.042+0000] {processor.py:830} INFO - Processing file /home/airflow/.local/lib/python3.8/site-packages/airflow/example_dags/example_sla_dag.py for tasks to queue
[2025-08-02T01:54:00.044+0000] {logging_mixin.py:188} INFO - [2025-08-02T01:54:00.044+0000] {dagbag.py:540} INFO - Filling up the DagBag from /home/airflow/.local/lib/python3.8/site-packages/airflow/example_dags/example_sla_dag.py
[2025-08-02T01:54:00.064+0000] {processor.py:840} INFO - DAG(s) 'example_sla_dag' retrieved from /home/airflow/.local/lib/python3.8/site-packages/airflow/example_dags/example_sla_dag.py
[2025-08-02T01:54:00.147+0000] {logging_mixin.py:188} INFO - [2025-08-02T01:54:00.147+0000] {dag.py:3047} INFO - Sync 1 DAGs
[2025-08-02T01:54:00.200+0000] {logging_mixin.py:188} INFO - [2025-08-02T01:54:00.200+0000] {dag.py:3834} INFO - Setting next_dagrun for example_sla_dag to 2025-08-02 01:52:00+00:00, run_after=2025-08-02 01:54:00+00:00
[2025-08-02T01:54:00.221+0000] {processor.py:183} INFO - Processing /home/airflow/.local/lib/python3.8/site-packages/airflow/example_dags/example_sla_dag.py took 0.210 seconds
[2025-08-02T01:54:30.854+0000] {processor.py:161} INFO - Started process (PID=1368) to work on /home/airflow/.local/lib/python3.8/site-packages/airflow/example_dags/example_sla_dag.py
[2025-08-02T01:54:30.855+0000] {processor.py:830} INFO - Processing file /home/airflow/.local/lib/python3.8/site-packages/airflow/example_dags/example_sla_dag.py for tasks to queue
[2025-08-02T01:54:30.856+0000] {logging_mixin.py:188} INFO - [2025-08-02T01:54:30.856+0000] {dagbag.py:540} INFO - Filling up the DagBag from /home/airflow/.local/lib/python3.8/site-packages/airflow/example_dags/example_sla_dag.py
[2025-08-02T01:54:30.862+0000] {processor.py:840} INFO - DAG(s) 'example_sla_dag' retrieved from /home/airflow/.local/lib/python3.8/site-packages/airflow/example_dags/example_sla_dag.py
[2025-08-02T01:54:30.890+0000] {logging_mixin.py:188} INFO - [2025-08-02T01:54:30.890+0000] {dag.py:3047} INFO - Sync 1 DAGs
[2025-08-02T01:54:30.906+0000] {logging_mixin.py:188} INFO - [2025-08-02T01:54:30.906+0000] {dag.py:3834} INFO - Setting next_dagrun for example_sla_dag to 2025-08-02 01:52:00+00:00, run_after=2025-08-02 01:54:00+00:00
[2025-08-02T01:54:30.942+0000] {processor.py:183} INFO - Processing /home/airflow/.local/lib/python3.8/site-packages/airflow/example_dags/example_sla_dag.py took 0.091 seconds
[2025-08-02T01:55:01.625+0000] {processor.py:161} INFO - Started process (PID=1424) to work on /home/airflow/.local/lib/python3.8/site-packages/airflow/example_dags/example_sla_dag.py
[2025-08-02T01:55:01.626+0000] {processor.py:830} INFO - Processing file /home/airflow/.local/lib/python3.8/site-packages/airflow/example_dags/example_sla_dag.py for tasks to queue
[2025-08-02T01:55:01.628+0000] {logging_mixin.py:188} INFO - [2025-08-02T01:55:01.627+0000] {dagbag.py:540} INFO - Filling up the DagBag from /home/airflow/.local/lib/python3.8/site-packages/airflow/example_dags/example_sla_dag.py
[2025-08-02T01:55:01.643+0000] {processor.py:840} INFO - DAG(s) 'example_sla_dag' retrieved from /home/airflow/.local/lib/python3.8/site-packages/airflow/example_dags/example_sla_dag.py
[2025-08-02T01:55:01.702+0000] {logging_mixin.py:188} INFO - [2025-08-02T01:55:01.702+0000] {dag.py:3047} INFO - Sync 1 DAGs
[2025-08-02T01:55:01.729+0000] {logging_mixin.py:188} INFO - [2025-08-02T01:55:01.729+0000] {dag.py:3834} INFO - Setting next_dagrun for example_sla_dag to 2025-08-02 01:52:00+00:00, run_after=2025-08-02 01:54:00+00:00
[2025-08-02T01:55:01.741+0000] {processor.py:183} INFO - Processing /home/airflow/.local/lib/python3.8/site-packages/airflow/example_dags/example_sla_dag.py took 0.120 seconds
[2025-08-02T01:55:32.709+0000] {processor.py:161} INFO - Started process (PID=1479) to work on /home/airflow/.local/lib/python3.8/site-packages/airflow/example_dags/example_sla_dag.py
[2025-08-02T01:55:32.711+0000] {processor.py:830} INFO - Processing file /home/airflow/.local/lib/python3.8/site-packages/airflow/example_dags/example_sla_dag.py for tasks to queue
[2025-08-02T01:55:32.716+0000] {logging_mixin.py:188} INFO - [2025-08-02T01:55:32.715+0000] {dagbag.py:540} INFO - Filling up the DagBag from /home/airflow/.local/lib/python3.8/site-packages/airflow/example_dags/example_sla_dag.py
[2025-08-02T01:55:32.747+0000] {processor.py:840} INFO - DAG(s) 'example_sla_dag' retrieved from /home/airflow/.local/lib/python3.8/site-packages/airflow/example_dags/example_sla_dag.py
[2025-08-02T01:55:32.789+0000] {logging_mixin.py:188} INFO - [2025-08-02T01:55:32.788+0000] {dag.py:3047} INFO - Sync 1 DAGs
[2025-08-02T01:55:32.823+0000] {logging_mixin.py:188} INFO - [2025-08-02T01:55:32.823+0000] {dag.py:3834} INFO - Setting next_dagrun for example_sla_dag to 2025-08-02 01:52:00+00:00, run_after=2025-08-02 01:54:00+00:00
[2025-08-02T01:55:32.841+0000] {processor.py:183} INFO - Processing /home/airflow/.local/lib/python3.8/site-packages/airflow/example_dags/example_sla_dag.py took 0.137 seconds
[2025-08-02T01:56:03.154+0000] {processor.py:161} INFO - Started process (PID=1533) to work on /home/airflow/.local/lib/python3.8/site-packages/airflow/example_dags/example_sla_dag.py
[2025-08-02T01:56:03.155+0000] {processor.py:830} INFO - Processing file /home/airflow/.local/lib/python3.8/site-packages/airflow/example_dags/example_sla_dag.py for tasks to queue
[2025-08-02T01:56:03.157+0000] {logging_mixin.py:188} INFO - [2025-08-02T01:56:03.156+0000] {dagbag.py:540} INFO - Filling up the DagBag from /home/airflow/.local/lib/python3.8/site-packages/airflow/example_dags/example_sla_dag.py
[2025-08-02T01:56:03.163+0000] {processor.py:840} INFO - DAG(s) 'example_sla_dag' retrieved from /home/airflow/.local/lib/python3.8/site-packages/airflow/example_dags/example_sla_dag.py
[2025-08-02T01:56:03.186+0000] {logging_mixin.py:188} INFO - [2025-08-02T01:56:03.185+0000] {dag.py:3047} INFO - Sync 1 DAGs
[2025-08-02T01:56:03.213+0000] {logging_mixin.py:188} INFO - [2025-08-02T01:56:03.213+0000] {dag.py:3834} INFO - Setting next_dagrun for example_sla_dag to 2025-08-02 01:54:00+00:00, run_after=2025-08-02 01:56:00+00:00
[2025-08-02T01:56:03.236+0000] {processor.py:183} INFO - Processing /home/airflow/.local/lib/python3.8/site-packages/airflow/example_dags/example_sla_dag.py took 0.087 seconds
[2025-08-02T01:56:34.565+0000] {processor.py:161} INFO - Started process (PID=1588) to work on /home/airflow/.local/lib/python3.8/site-packages/airflow/example_dags/example_sla_dag.py
[2025-08-02T01:56:34.566+0000] {processor.py:830} INFO - Processing file /home/airflow/.local/lib/python3.8/site-packages/airflow/example_dags/example_sla_dag.py for tasks to queue
[2025-08-02T01:56:34.568+0000] {logging_mixin.py:188} INFO - [2025-08-02T01:56:34.568+0000] {dagbag.py:540} INFO - Filling up the DagBag from /home/airflow/.local/lib/python3.8/site-packages/airflow/example_dags/example_sla_dag.py
[2025-08-02T01:56:34.579+0000] {processor.py:840} INFO - DAG(s) 'example_sla_dag' retrieved from /home/airflow/.local/lib/python3.8/site-packages/airflow/example_dags/example_sla_dag.py
[2025-08-02T01:56:34.605+0000] {logging_mixin.py:188} INFO - [2025-08-02T01:56:34.605+0000] {dag.py:3047} INFO - Sync 1 DAGs
[2025-08-02T01:56:34.635+0000] {logging_mixin.py:188} INFO - [2025-08-02T01:56:34.634+0000] {dag.py:3834} INFO - Setting next_dagrun for example_sla_dag to 2025-08-02 01:54:00+00:00, run_after=2025-08-02 01:56:00+00:00
[2025-08-02T01:56:34.657+0000] {processor.py:183} INFO - Processing /home/airflow/.local/lib/python3.8/site-packages/airflow/example_dags/example_sla_dag.py took 0.096 seconds
[2025-08-02T01:57:06.000+0000] {processor.py:161} INFO - Started process (PID=1644) to work on /home/airflow/.local/lib/python3.8/site-packages/airflow/example_dags/example_sla_dag.py
[2025-08-02T01:57:06.004+0000] {processor.py:830} INFO - Processing file /home/airflow/.local/lib/python3.8/site-packages/airflow/example_dags/example_sla_dag.py for tasks to queue
[2025-08-02T01:57:06.009+0000] {logging_mixin.py:188} INFO - [2025-08-02T01:57:06.008+0000] {dagbag.py:540} INFO - Filling up the DagBag from /home/airflow/.local/lib/python3.8/site-packages/airflow/example_dags/example_sla_dag.py
[2025-08-02T01:57:06.026+0000] {processor.py:840} INFO - DAG(s) 'example_sla_dag' retrieved from /home/airflow/.local/lib/python3.8/site-packages/airflow/example_dags/example_sla_dag.py
[2025-08-02T01:57:06.090+0000] {logging_mixin.py:188} INFO - [2025-08-02T01:57:06.087+0000] {dag.py:3047} INFO - Sync 1 DAGs
[2025-08-02T01:57:06.149+0000] {logging_mixin.py:188} INFO - [2025-08-02T01:57:06.149+0000] {dag.py:3834} INFO - Setting next_dagrun for example_sla_dag to 2025-08-02 01:54:00+00:00, run_after=2025-08-02 01:56:00+00:00
[2025-08-02T01:57:06.204+0000] {processor.py:183} INFO - Processing /home/airflow/.local/lib/python3.8/site-packages/airflow/example_dags/example_sla_dag.py took 0.239 seconds
[2025-08-02T01:57:46.635+0000] {processor.py:161} INFO - Started process (PID=1706) to work on /home/airflow/.local/lib/python3.8/site-packages/airflow/example_dags/example_sla_dag.py
[2025-08-02T01:57:46.638+0000] {processor.py:830} INFO - Processing file /home/airflow/.local/lib/python3.8/site-packages/airflow/example_dags/example_sla_dag.py for tasks to queue
[2025-08-02T01:57:46.641+0000] {logging_mixin.py:188} INFO - [2025-08-02T01:57:46.641+0000] {dagbag.py:540} INFO - Filling up the DagBag from /home/airflow/.local/lib/python3.8/site-packages/airflow/example_dags/example_sla_dag.py
[2025-08-02T01:57:46.662+0000] {processor.py:840} INFO - DAG(s) 'example_sla_dag' retrieved from /home/airflow/.local/lib/python3.8/site-packages/airflow/example_dags/example_sla_dag.py
[2025-08-02T01:57:46.694+0000] {logging_mixin.py:188} INFO - [2025-08-02T01:57:46.694+0000] {dag.py:3047} INFO - Sync 1 DAGs
[2025-08-02T01:57:46.743+0000] {logging_mixin.py:188} INFO - [2025-08-02T01:57:46.742+0000] {dag.py:3834} INFO - Setting next_dagrun for example_sla_dag to 2025-08-02 01:54:00+00:00, run_after=2025-08-02 01:56:00+00:00
[2025-08-02T01:57:46.781+0000] {processor.py:183} INFO - Processing /home/airflow/.local/lib/python3.8/site-packages/airflow/example_dags/example_sla_dag.py took 0.151 seconds
[2025-08-02T01:58:17.709+0000] {processor.py:161} INFO - Started process (PID=1761) to work on /home/airflow/.local/lib/python3.8/site-packages/airflow/example_dags/example_sla_dag.py
[2025-08-02T01:58:17.713+0000] {processor.py:830} INFO - Processing file /home/airflow/.local/lib/python3.8/site-packages/airflow/example_dags/example_sla_dag.py for tasks to queue
[2025-08-02T01:58:17.716+0000] {logging_mixin.py:188} INFO - [2025-08-02T01:58:17.716+0000] {dagbag.py:540} INFO - Filling up the DagBag from /home/airflow/.local/lib/python3.8/site-packages/airflow/example_dags/example_sla_dag.py
[2025-08-02T01:58:17.821+0000] {processor.py:840} INFO - DAG(s) 'example_sla_dag' retrieved from /home/airflow/.local/lib/python3.8/site-packages/airflow/example_dags/example_sla_dag.py
[2025-08-02T01:58:17.882+0000] {logging_mixin.py:188} INFO - [2025-08-02T01:58:17.881+0000] {dag.py:3047} INFO - Sync 1 DAGs
[2025-08-02T01:58:18.037+0000] {logging_mixin.py:188} INFO - [2025-08-02T01:58:18.037+0000] {dag.py:3834} INFO - Setting next_dagrun for example_sla_dag to 2025-08-02 01:56:00+00:00, run_after=2025-08-02 01:58:00+00:00
[2025-08-02T01:58:18.067+0000] {processor.py:183} INFO - Processing /home/airflow/.local/lib/python3.8/site-packages/airflow/example_dags/example_sla_dag.py took 0.363 seconds
[2025-08-02T01:58:48.211+0000] {processor.py:161} INFO - Started process (PID=1817) to work on /home/airflow/.local/lib/python3.8/site-packages/airflow/example_dags/example_sla_dag.py
[2025-08-02T01:58:48.212+0000] {processor.py:830} INFO - Processing file /home/airflow/.local/lib/python3.8/site-packages/airflow/example_dags/example_sla_dag.py for tasks to queue
[2025-08-02T01:58:48.214+0000] {logging_mixin.py:188} INFO - [2025-08-02T01:58:48.214+0000] {dagbag.py:540} INFO - Filling up the DagBag from /home/airflow/.local/lib/python3.8/site-packages/airflow/example_dags/example_sla_dag.py
[2025-08-02T01:58:48.222+0000] {processor.py:840} INFO - DAG(s) 'example_sla_dag' retrieved from /home/airflow/.local/lib/python3.8/site-packages/airflow/example_dags/example_sla_dag.py
[2025-08-02T01:58:48.254+0000] {logging_mixin.py:188} INFO - [2025-08-02T01:58:48.254+0000] {dag.py:3047} INFO - Sync 1 DAGs
[2025-08-02T01:58:48.273+0000] {logging_mixin.py:188} INFO - [2025-08-02T01:58:48.273+0000] {dag.py:3834} INFO - Setting next_dagrun for example_sla_dag to 2025-08-02 01:56:00+00:00, run_after=2025-08-02 01:58:00+00:00
[2025-08-02T01:58:48.287+0000] {processor.py:183} INFO - Processing /home/airflow/.local/lib/python3.8/site-packages/airflow/example_dags/example_sla_dag.py took 0.080 seconds
[2025-08-02T01:59:18.627+0000] {processor.py:161} INFO - Started process (PID=1873) to work on /home/airflow/.local/lib/python3.8/site-packages/airflow/example_dags/example_sla_dag.py
[2025-08-02T01:59:18.629+0000] {processor.py:830} INFO - Processing file /home/airflow/.local/lib/python3.8/site-packages/airflow/example_dags/example_sla_dag.py for tasks to queue
[2025-08-02T01:59:18.630+0000] {logging_mixin.py:188} INFO - [2025-08-02T01:59:18.630+0000] {dagbag.py:540} INFO - Filling up the DagBag from /home/airflow/.local/lib/python3.8/site-packages/airflow/example_dags/example_sla_dag.py
[2025-08-02T01:59:18.639+0000] {processor.py:840} INFO - DAG(s) 'example_sla_dag' retrieved from /home/airflow/.local/lib/python3.8/site-packages/airflow/example_dags/example_sla_dag.py
[2025-08-02T01:59:18.655+0000] {logging_mixin.py:188} INFO - [2025-08-02T01:59:18.654+0000] {dag.py:3047} INFO - Sync 1 DAGs
[2025-08-02T01:59:18.681+0000] {logging_mixin.py:188} INFO - [2025-08-02T01:59:18.681+0000] {dag.py:3834} INFO - Setting next_dagrun for example_sla_dag to 2025-08-02 01:56:00+00:00, run_after=2025-08-02 01:58:00+00:00
[2025-08-02T01:59:18.699+0000] {processor.py:183} INFO - Processing /home/airflow/.local/lib/python3.8/site-packages/airflow/example_dags/example_sla_dag.py took 0.089 seconds
[2025-08-02T01:59:49.329+0000] {processor.py:161} INFO - Started process (PID=1929) to work on /home/airflow/.local/lib/python3.8/site-packages/airflow/example_dags/example_sla_dag.py
[2025-08-02T01:59:49.331+0000] {processor.py:830} INFO - Processing file /home/airflow/.local/lib/python3.8/site-packages/airflow/example_dags/example_sla_dag.py for tasks to queue
[2025-08-02T01:59:49.332+0000] {logging_mixin.py:188} INFO - [2025-08-02T01:59:49.332+0000] {dagbag.py:540} INFO - Filling up the DagBag from /home/airflow/.local/lib/python3.8/site-packages/airflow/example_dags/example_sla_dag.py
[2025-08-02T01:59:49.343+0000] {processor.py:840} INFO - DAG(s) 'example_sla_dag' retrieved from /home/airflow/.local/lib/python3.8/site-packages/airflow/example_dags/example_sla_dag.py
[2025-08-02T01:59:49.358+0000] {logging_mixin.py:188} INFO - [2025-08-02T01:59:49.358+0000] {dag.py:3047} INFO - Sync 1 DAGs
[2025-08-02T01:59:49.394+0000] {logging_mixin.py:188} INFO - [2025-08-02T01:59:49.394+0000] {dag.py:3834} INFO - Setting next_dagrun for example_sla_dag to 2025-08-02 01:56:00+00:00, run_after=2025-08-02 01:58:00+00:00
[2025-08-02T01:59:49.415+0000] {processor.py:183} INFO - Processing /home/airflow/.local/lib/python3.8/site-packages/airflow/example_dags/example_sla_dag.py took 0.091 seconds
[2025-08-02T02:00:19.723+0000] {processor.py:161} INFO - Started process (PID=1985) to work on /home/airflow/.local/lib/python3.8/site-packages/airflow/example_dags/example_sla_dag.py
[2025-08-02T02:00:19.726+0000] {processor.py:830} INFO - Processing file /home/airflow/.local/lib/python3.8/site-packages/airflow/example_dags/example_sla_dag.py for tasks to queue
[2025-08-02T02:00:19.731+0000] {logging_mixin.py:188} INFO - [2025-08-02T02:00:19.731+0000] {dagbag.py:540} INFO - Filling up the DagBag from /home/airflow/.local/lib/python3.8/site-packages/airflow/example_dags/example_sla_dag.py
[2025-08-02T02:00:19.780+0000] {processor.py:840} INFO - DAG(s) 'example_sla_dag' retrieved from /home/airflow/.local/lib/python3.8/site-packages/airflow/example_dags/example_sla_dag.py
[2025-08-02T02:00:19.824+0000] {logging_mixin.py:188} INFO - [2025-08-02T02:00:19.824+0000] {dag.py:3047} INFO - Sync 1 DAGs
[2025-08-02T02:00:19.866+0000] {logging_mixin.py:188} INFO - [2025-08-02T02:00:19.865+0000] {dag.py:3834} INFO - Setting next_dagrun for example_sla_dag to 2025-08-02 01:58:00+00:00, run_after=2025-08-02 02:00:00+00:00
[2025-08-02T02:00:19.891+0000] {processor.py:183} INFO - Processing /home/airflow/.local/lib/python3.8/site-packages/airflow/example_dags/example_sla_dag.py took 0.175 seconds
[2025-08-02T02:01:04.252+0000] {processor.py:161} INFO - Started process (PID=2041) to work on /home/airflow/.local/lib/python3.8/site-packages/airflow/example_dags/example_sla_dag.py
[2025-08-02T02:01:04.255+0000] {processor.py:830} INFO - Processing file /home/airflow/.local/lib/python3.8/site-packages/airflow/example_dags/example_sla_dag.py for tasks to queue
[2025-08-02T02:01:04.265+0000] {logging_mixin.py:188} INFO - [2025-08-02T02:01:04.263+0000] {dagbag.py:540} INFO - Filling up the DagBag from /home/airflow/.local/lib/python3.8/site-packages/airflow/example_dags/example_sla_dag.py
[2025-08-02T02:01:04.300+0000] {processor.py:840} INFO - DAG(s) 'example_sla_dag' retrieved from /home/airflow/.local/lib/python3.8/site-packages/airflow/example_dags/example_sla_dag.py
[2025-08-02T02:01:04.389+0000] {logging_mixin.py:188} INFO - [2025-08-02T02:01:04.389+0000] {dag.py:3047} INFO - Sync 1 DAGs
[2025-08-02T02:01:04.443+0000] {logging_mixin.py:188} INFO - [2025-08-02T02:01:04.443+0000] {dag.py:3834} INFO - Setting next_dagrun for example_sla_dag to 2025-08-02 01:58:00+00:00, run_after=2025-08-02 02:00:00+00:00
[2025-08-02T02:01:04.498+0000] {processor.py:183} INFO - Processing /home/airflow/.local/lib/python3.8/site-packages/airflow/example_dags/example_sla_dag.py took 0.250 seconds
[2025-08-02T02:01:34.649+0000] {processor.py:161} INFO - Started process (PID=2097) to work on /home/airflow/.local/lib/python3.8/site-packages/airflow/example_dags/example_sla_dag.py
[2025-08-02T02:01:34.651+0000] {processor.py:830} INFO - Processing file /home/airflow/.local/lib/python3.8/site-packages/airflow/example_dags/example_sla_dag.py for tasks to queue
[2025-08-02T02:01:34.652+0000] {logging_mixin.py:188} INFO - [2025-08-02T02:01:34.652+0000] {dagbag.py:540} INFO - Filling up the DagBag from /home/airflow/.local/lib/python3.8/site-packages/airflow/example_dags/example_sla_dag.py
[2025-08-02T02:01:34.667+0000] {processor.py:840} INFO - DAG(s) 'example_sla_dag' retrieved from /home/airflow/.local/lib/python3.8/site-packages/airflow/example_dags/example_sla_dag.py
[2025-08-02T02:01:34.690+0000] {logging_mixin.py:188} INFO - [2025-08-02T02:01:34.690+0000] {dag.py:3047} INFO - Sync 1 DAGs
[2025-08-02T02:01:34.725+0000] {logging_mixin.py:188} INFO - [2025-08-02T02:01:34.725+0000] {dag.py:3834} INFO - Setting next_dagrun for example_sla_dag to 2025-08-02 01:58:00+00:00, run_after=2025-08-02 02:00:00+00:00
[2025-08-02T02:01:34.773+0000] {processor.py:183} INFO - Processing /home/airflow/.local/lib/python3.8/site-packages/airflow/example_dags/example_sla_dag.py took 0.136 seconds
[2025-08-02T02:02:31.218+0000] {processor.py:161} INFO - Started process (PID=2145) to work on /home/airflow/.local/lib/python3.8/site-packages/airflow/example_dags/example_sla_dag.py
[2025-08-02T02:02:31.235+0000] {processor.py:830} INFO - Processing file /home/airflow/.local/lib/python3.8/site-packages/airflow/example_dags/example_sla_dag.py for tasks to queue
[2025-08-02T02:02:31.261+0000] {logging_mixin.py:188} INFO - [2025-08-02T02:02:31.259+0000] {dagbag.py:540} INFO - Filling up the DagBag from /home/airflow/.local/lib/python3.8/site-packages/airflow/example_dags/example_sla_dag.py
[2025-08-02T02:02:31.313+0000] {processor.py:840} INFO - DAG(s) 'example_sla_dag' retrieved from /home/airflow/.local/lib/python3.8/site-packages/airflow/example_dags/example_sla_dag.py
[2025-08-02T02:02:31.562+0000] {logging_mixin.py:188} INFO - [2025-08-02T02:02:31.560+0000] {dag.py:3047} INFO - Sync 1 DAGs
[2025-08-02T02:02:31.787+0000] {logging_mixin.py:188} INFO - [2025-08-02T02:02:31.786+0000] {dag.py:3834} INFO - Setting next_dagrun for example_sla_dag to 2025-08-02 02:00:00+00:00, run_after=2025-08-02 02:02:00+00:00
[2025-08-02T02:02:31.925+0000] {processor.py:183} INFO - Processing /home/airflow/.local/lib/python3.8/site-packages/airflow/example_dags/example_sla_dag.py took 0.736 seconds
[2025-08-02T02:03:10.173+0000] {processor.py:161} INFO - Started process (PID=2201) to work on /home/airflow/.local/lib/python3.8/site-packages/airflow/example_dags/example_sla_dag.py
[2025-08-02T02:03:10.177+0000] {processor.py:830} INFO - Processing file /home/airflow/.local/lib/python3.8/site-packages/airflow/example_dags/example_sla_dag.py for tasks to queue
[2025-08-02T02:03:10.183+0000] {logging_mixin.py:188} INFO - [2025-08-02T02:03:10.182+0000] {dagbag.py:540} INFO - Filling up the DagBag from /home/airflow/.local/lib/python3.8/site-packages/airflow/example_dags/example_sla_dag.py
[2025-08-02T02:03:10.228+0000] {processor.py:840} INFO - DAG(s) 'example_sla_dag' retrieved from /home/airflow/.local/lib/python3.8/site-packages/airflow/example_dags/example_sla_dag.py
[2025-08-02T02:03:10.301+0000] {logging_mixin.py:188} INFO - [2025-08-02T02:03:10.301+0000] {dag.py:3047} INFO - Sync 1 DAGs
[2025-08-02T02:03:10.346+0000] {logging_mixin.py:188} INFO - [2025-08-02T02:03:10.346+0000] {dag.py:3834} INFO - Setting next_dagrun for example_sla_dag to 2025-08-02 02:00:00+00:00, run_after=2025-08-02 02:02:00+00:00
[2025-08-02T02:03:10.399+0000] {processor.py:183} INFO - Processing /home/airflow/.local/lib/python3.8/site-packages/airflow/example_dags/example_sla_dag.py took 0.233 seconds
[2025-08-02T02:03:41.549+0000] {processor.py:161} INFO - Started process (PID=2257) to work on /home/airflow/.local/lib/python3.8/site-packages/airflow/example_dags/example_sla_dag.py
[2025-08-02T02:03:41.551+0000] {processor.py:830} INFO - Processing file /home/airflow/.local/lib/python3.8/site-packages/airflow/example_dags/example_sla_dag.py for tasks to queue
[2025-08-02T02:03:41.553+0000] {logging_mixin.py:188} INFO - [2025-08-02T02:03:41.552+0000] {dagbag.py:540} INFO - Filling up the DagBag from /home/airflow/.local/lib/python3.8/site-packages/airflow/example_dags/example_sla_dag.py
[2025-08-02T02:03:41.583+0000] {processor.py:840} INFO - DAG(s) 'example_sla_dag' retrieved from /home/airflow/.local/lib/python3.8/site-packages/airflow/example_dags/example_sla_dag.py
[2025-08-02T02:03:41.628+0000] {logging_mixin.py:188} INFO - [2025-08-02T02:03:41.627+0000] {dag.py:3047} INFO - Sync 1 DAGs
[2025-08-02T02:03:41.694+0000] {logging_mixin.py:188} INFO - [2025-08-02T02:03:41.693+0000] {dag.py:3834} INFO - Setting next_dagrun for example_sla_dag to 2025-08-02 02:00:00+00:00, run_after=2025-08-02 02:02:00+00:00
[2025-08-02T02:03:41.759+0000] {processor.py:183} INFO - Processing /home/airflow/.local/lib/python3.8/site-packages/airflow/example_dags/example_sla_dag.py took 0.219 seconds
[2025-08-02T02:04:19.931+0000] {processor.py:161} INFO - Started process (PID=2313) to work on /home/airflow/.local/lib/python3.8/site-packages/airflow/example_dags/example_sla_dag.py
[2025-08-02T02:04:19.932+0000] {processor.py:830} INFO - Processing file /home/airflow/.local/lib/python3.8/site-packages/airflow/example_dags/example_sla_dag.py for tasks to queue
[2025-08-02T02:04:19.936+0000] {logging_mixin.py:188} INFO - [2025-08-02T02:04:19.936+0000] {dagbag.py:540} INFO - Filling up the DagBag from /home/airflow/.local/lib/python3.8/site-packages/airflow/example_dags/example_sla_dag.py
[2025-08-02T02:04:19.961+0000] {processor.py:840} INFO - DAG(s) 'example_sla_dag' retrieved from /home/airflow/.local/lib/python3.8/site-packages/airflow/example_dags/example_sla_dag.py
[2025-08-02T02:04:20.038+0000] {logging_mixin.py:188} INFO - [2025-08-02T02:04:20.035+0000] {dag.py:3047} INFO - Sync 1 DAGs
[2025-08-02T02:04:20.093+0000] {logging_mixin.py:188} INFO - [2025-08-02T02:04:20.092+0000] {dag.py:3834} INFO - Setting next_dagrun for example_sla_dag to 2025-08-02 02:02:00+00:00, run_after=2025-08-02 02:04:00+00:00
[2025-08-02T02:04:20.128+0000] {processor.py:183} INFO - Processing /home/airflow/.local/lib/python3.8/site-packages/airflow/example_dags/example_sla_dag.py took 0.202 seconds
[2025-08-02T02:04:50.401+0000] {processor.py:161} INFO - Started process (PID=2368) to work on /home/airflow/.local/lib/python3.8/site-packages/airflow/example_dags/example_sla_dag.py
[2025-08-02T02:04:50.403+0000] {processor.py:830} INFO - Processing file /home/airflow/.local/lib/python3.8/site-packages/airflow/example_dags/example_sla_dag.py for tasks to queue
[2025-08-02T02:04:50.407+0000] {logging_mixin.py:188} INFO - [2025-08-02T02:04:50.407+0000] {dagbag.py:540} INFO - Filling up the DagBag from /home/airflow/.local/lib/python3.8/site-packages/airflow/example_dags/example_sla_dag.py
[2025-08-02T02:04:50.434+0000] {processor.py:840} INFO - DAG(s) 'example_sla_dag' retrieved from /home/airflow/.local/lib/python3.8/site-packages/airflow/example_dags/example_sla_dag.py
[2025-08-02T02:04:50.471+0000] {logging_mixin.py:188} INFO - [2025-08-02T02:04:50.471+0000] {dag.py:3047} INFO - Sync 1 DAGs
[2025-08-02T02:04:50.518+0000] {logging_mixin.py:188} INFO - [2025-08-02T02:04:50.517+0000] {dag.py:3834} INFO - Setting next_dagrun for example_sla_dag to 2025-08-02 02:02:00+00:00, run_after=2025-08-02 02:04:00+00:00
[2025-08-02T02:04:50.570+0000] {processor.py:183} INFO - Processing /home/airflow/.local/lib/python3.8/site-packages/airflow/example_dags/example_sla_dag.py took 0.173 seconds
[2025-08-02T02:07:50.059+0000] {processor.py:161} INFO - Started process (PID=2430) to work on /home/airflow/.local/lib/python3.8/site-packages/airflow/example_dags/example_sla_dag.py
[2025-08-02T02:07:50.076+0000] {processor.py:830} INFO - Processing file /home/airflow/.local/lib/python3.8/site-packages/airflow/example_dags/example_sla_dag.py for tasks to queue
[2025-08-02T02:07:50.241+0000] {logging_mixin.py:188} INFO - [2025-08-02T02:07:50.236+0000] {dagbag.py:540} INFO - Filling up the DagBag from /home/airflow/.local/lib/python3.8/site-packages/airflow/example_dags/example_sla_dag.py
[2025-08-02T02:07:50.801+0000] {processor.py:840} INFO - DAG(s) 'example_sla_dag' retrieved from /home/airflow/.local/lib/python3.8/site-packages/airflow/example_dags/example_sla_dag.py
[2025-08-02T02:07:51.850+0000] {logging_mixin.py:188} INFO - [2025-08-02T02:07:51.843+0000] {dag.py:3047} INFO - Sync 1 DAGs
[2025-08-02T02:07:53.292+0000] {logging_mixin.py:188} INFO - [2025-08-02T02:07:53.287+0000] {dag.py:3834} INFO - Setting next_dagrun for example_sla_dag to 2025-08-02 02:04:00+00:00, run_after=2025-08-02 02:06:00+00:00
[2025-08-02T02:07:53.454+0000] {processor.py:183} INFO - Processing /home/airflow/.local/lib/python3.8/site-packages/airflow/example_dags/example_sla_dag.py took 3.723 seconds
[2025-08-02T02:08:51.424+0000] {processor.py:161} INFO - Started process (PID=2488) to work on /home/airflow/.local/lib/python3.8/site-packages/airflow/example_dags/example_sla_dag.py
[2025-08-02T02:08:51.425+0000] {processor.py:830} INFO - Processing file /home/airflow/.local/lib/python3.8/site-packages/airflow/example_dags/example_sla_dag.py for tasks to queue
[2025-08-02T02:08:51.428+0000] {logging_mixin.py:188} INFO - [2025-08-02T02:08:51.427+0000] {dagbag.py:540} INFO - Filling up the DagBag from /home/airflow/.local/lib/python3.8/site-packages/airflow/example_dags/example_sla_dag.py
[2025-08-02T02:08:51.460+0000] {processor.py:840} INFO - DAG(s) 'example_sla_dag' retrieved from /home/airflow/.local/lib/python3.8/site-packages/airflow/example_dags/example_sla_dag.py
[2025-08-02T02:08:51.492+0000] {logging_mixin.py:188} INFO - [2025-08-02T02:08:51.492+0000] {dag.py:3047} INFO - Sync 1 DAGs
[2025-08-02T02:08:51.536+0000] {logging_mixin.py:188} INFO - [2025-08-02T02:08:51.535+0000] {dag.py:3834} INFO - Setting next_dagrun for example_sla_dag to 2025-08-02 02:06:00+00:00, run_after=2025-08-02 02:08:00+00:00
[2025-08-02T02:08:51.579+0000] {processor.py:183} INFO - Processing /home/airflow/.local/lib/python3.8/site-packages/airflow/example_dags/example_sla_dag.py took 0.165 seconds
[2025-08-02T02:09:23.608+0000] {processor.py:161} INFO - Started process (PID=2544) to work on /home/airflow/.local/lib/python3.8/site-packages/airflow/example_dags/example_sla_dag.py
[2025-08-02T02:09:23.610+0000] {processor.py:830} INFO - Processing file /home/airflow/.local/lib/python3.8/site-packages/airflow/example_dags/example_sla_dag.py for tasks to queue
[2025-08-02T02:09:23.613+0000] {logging_mixin.py:188} INFO - [2025-08-02T02:09:23.611+0000] {dagbag.py:540} INFO - Filling up the DagBag from /home/airflow/.local/lib/python3.8/site-packages/airflow/example_dags/example_sla_dag.py
[2025-08-02T02:09:23.633+0000] {processor.py:840} INFO - DAG(s) 'example_sla_dag' retrieved from /home/airflow/.local/lib/python3.8/site-packages/airflow/example_dags/example_sla_dag.py
[2025-08-02T02:09:23.729+0000] {logging_mixin.py:188} INFO - [2025-08-02T02:09:23.728+0000] {dag.py:3047} INFO - Sync 1 DAGs
[2025-08-02T02:09:23.845+0000] {logging_mixin.py:188} INFO - [2025-08-02T02:09:23.844+0000] {dag.py:3834} INFO - Setting next_dagrun for example_sla_dag to 2025-08-02 02:06:00+00:00, run_after=2025-08-02 02:08:00+00:00
[2025-08-02T02:09:23.921+0000] {processor.py:183} INFO - Processing /home/airflow/.local/lib/python3.8/site-packages/airflow/example_dags/example_sla_dag.py took 0.325 seconds
[2025-08-02T02:09:59.941+0000] {processor.py:161} INFO - Started process (PID=2600) to work on /home/airflow/.local/lib/python3.8/site-packages/airflow/example_dags/example_sla_dag.py
[2025-08-02T02:09:59.945+0000] {processor.py:830} INFO - Processing file /home/airflow/.local/lib/python3.8/site-packages/airflow/example_dags/example_sla_dag.py for tasks to queue
[2025-08-02T02:09:59.947+0000] {logging_mixin.py:188} INFO - [2025-08-02T02:09:59.946+0000] {dagbag.py:540} INFO - Filling up the DagBag from /home/airflow/.local/lib/python3.8/site-packages/airflow/example_dags/example_sla_dag.py
[2025-08-02T02:09:59.986+0000] {processor.py:840} INFO - DAG(s) 'example_sla_dag' retrieved from /home/airflow/.local/lib/python3.8/site-packages/airflow/example_dags/example_sla_dag.py
[2025-08-02T02:10:00.088+0000] {logging_mixin.py:188} INFO - [2025-08-02T02:10:00.087+0000] {dag.py:3047} INFO - Sync 1 DAGs
[2025-08-02T02:10:00.138+0000] {logging_mixin.py:188} INFO - [2025-08-02T02:10:00.137+0000] {dag.py:3834} INFO - Setting next_dagrun for example_sla_dag to 2025-08-02 02:08:00+00:00, run_after=2025-08-02 02:10:00+00:00
[2025-08-02T02:10:00.167+0000] {processor.py:183} INFO - Processing /home/airflow/.local/lib/python3.8/site-packages/airflow/example_dags/example_sla_dag.py took 0.241 seconds
[2025-08-02T02:10:36.869+0000] {processor.py:161} INFO - Started process (PID=2651) to work on /home/airflow/.local/lib/python3.8/site-packages/airflow/example_dags/example_sla_dag.py
[2025-08-02T02:10:36.874+0000] {processor.py:830} INFO - Processing file /home/airflow/.local/lib/python3.8/site-packages/airflow/example_dags/example_sla_dag.py for tasks to queue
[2025-08-02T02:10:36.878+0000] {logging_mixin.py:188} INFO - [2025-08-02T02:10:36.877+0000] {dagbag.py:540} INFO - Filling up the DagBag from /home/airflow/.local/lib/python3.8/site-packages/airflow/example_dags/example_sla_dag.py
[2025-08-02T02:10:36.942+0000] {processor.py:840} INFO - DAG(s) 'example_sla_dag' retrieved from /home/airflow/.local/lib/python3.8/site-packages/airflow/example_dags/example_sla_dag.py
[2025-08-02T02:10:37.025+0000] {logging_mixin.py:188} INFO - [2025-08-02T02:10:37.024+0000] {dag.py:3047} INFO - Sync 1 DAGs
[2025-08-02T02:10:37.110+0000] {logging_mixin.py:188} INFO - [2025-08-02T02:10:37.109+0000] {dag.py:3834} INFO - Setting next_dagrun for example_sla_dag to 2025-08-02 02:08:00+00:00, run_after=2025-08-02 02:10:00+00:00
[2025-08-02T02:10:37.201+0000] {processor.py:183} INFO - Processing /home/airflow/.local/lib/python3.8/site-packages/airflow/example_dags/example_sla_dag.py took 0.347 seconds
[2025-08-02T02:11:10.013+0000] {processor.py:161} INFO - Started process (PID=2707) to work on /home/airflow/.local/lib/python3.8/site-packages/airflow/example_dags/example_sla_dag.py
[2025-08-02T02:11:10.018+0000] {processor.py:830} INFO - Processing file /home/airflow/.local/lib/python3.8/site-packages/airflow/example_dags/example_sla_dag.py for tasks to queue
[2025-08-02T02:11:10.025+0000] {logging_mixin.py:188} INFO - [2025-08-02T02:11:10.024+0000] {dagbag.py:540} INFO - Filling up the DagBag from /home/airflow/.local/lib/python3.8/site-packages/airflow/example_dags/example_sla_dag.py
[2025-08-02T02:11:10.045+0000] {processor.py:840} INFO - DAG(s) 'example_sla_dag' retrieved from /home/airflow/.local/lib/python3.8/site-packages/airflow/example_dags/example_sla_dag.py
[2025-08-02T02:11:10.157+0000] {logging_mixin.py:188} INFO - [2025-08-02T02:11:10.157+0000] {dag.py:3047} INFO - Sync 1 DAGs
[2025-08-02T02:11:10.229+0000] {logging_mixin.py:188} INFO - [2025-08-02T02:11:10.228+0000] {dag.py:3834} INFO - Setting next_dagrun for example_sla_dag to 2025-08-02 02:08:00+00:00, run_after=2025-08-02 02:10:00+00:00
[2025-08-02T02:11:10.437+0000] {processor.py:183} INFO - Processing /home/airflow/.local/lib/python3.8/site-packages/airflow/example_dags/example_sla_dag.py took 0.427 seconds
[2025-08-02T02:11:43.048+0000] {processor.py:161} INFO - Started process (PID=2763) to work on /home/airflow/.local/lib/python3.8/site-packages/airflow/example_dags/example_sla_dag.py
[2025-08-02T02:11:43.049+0000] {processor.py:830} INFO - Processing file /home/airflow/.local/lib/python3.8/site-packages/airflow/example_dags/example_sla_dag.py for tasks to queue
[2025-08-02T02:11:43.050+0000] {logging_mixin.py:188} INFO - [2025-08-02T02:11:43.049+0000] {dagbag.py:540} INFO - Filling up the DagBag from /home/airflow/.local/lib/python3.8/site-packages/airflow/example_dags/example_sla_dag.py
[2025-08-02T02:11:43.059+0000] {processor.py:840} INFO - DAG(s) 'example_sla_dag' retrieved from /home/airflow/.local/lib/python3.8/site-packages/airflow/example_dags/example_sla_dag.py
[2025-08-02T02:11:43.083+0000] {logging_mixin.py:188} INFO - [2025-08-02T02:11:43.083+0000] {dag.py:3047} INFO - Sync 1 DAGs
[2025-08-02T02:11:43.113+0000] {logging_mixin.py:188} INFO - [2025-08-02T02:11:43.110+0000] {dag.py:3834} INFO - Setting next_dagrun for example_sla_dag to 2025-08-02 02:08:00+00:00, run_after=2025-08-02 02:10:00+00:00
[2025-08-02T02:11:43.188+0000] {processor.py:183} INFO - Processing /home/airflow/.local/lib/python3.8/site-packages/airflow/example_dags/example_sla_dag.py took 0.144 seconds
[2025-08-02T02:12:13.355+0000] {processor.py:161} INFO - Started process (PID=2817) to work on /home/airflow/.local/lib/python3.8/site-packages/airflow/example_dags/example_sla_dag.py
[2025-08-02T02:12:13.359+0000] {processor.py:830} INFO - Processing file /home/airflow/.local/lib/python3.8/site-packages/airflow/example_dags/example_sla_dag.py for tasks to queue
[2025-08-02T02:12:13.363+0000] {logging_mixin.py:188} INFO - [2025-08-02T02:12:13.363+0000] {dagbag.py:540} INFO - Filling up the DagBag from /home/airflow/.local/lib/python3.8/site-packages/airflow/example_dags/example_sla_dag.py
[2025-08-02T02:12:13.377+0000] {processor.py:840} INFO - DAG(s) 'example_sla_dag' retrieved from /home/airflow/.local/lib/python3.8/site-packages/airflow/example_dags/example_sla_dag.py
[2025-08-02T02:12:13.450+0000] {logging_mixin.py:188} INFO - [2025-08-02T02:12:13.449+0000] {dag.py:3047} INFO - Sync 1 DAGs
[2025-08-02T02:12:13.516+0000] {logging_mixin.py:188} INFO - [2025-08-02T02:12:13.516+0000] {dag.py:3834} INFO - Setting next_dagrun for example_sla_dag to 2025-08-02 02:10:00+00:00, run_after=2025-08-02 02:12:00+00:00
[2025-08-02T02:12:13.551+0000] {processor.py:183} INFO - Processing /home/airflow/.local/lib/python3.8/site-packages/airflow/example_dags/example_sla_dag.py took 0.201 seconds
[2025-08-02T02:12:47.426+0000] {processor.py:161} INFO - Started process (PID=2873) to work on /home/airflow/.local/lib/python3.8/site-packages/airflow/example_dags/example_sla_dag.py
[2025-08-02T02:12:47.429+0000] {processor.py:830} INFO - Processing file /home/airflow/.local/lib/python3.8/site-packages/airflow/example_dags/example_sla_dag.py for tasks to queue
[2025-08-02T02:12:47.430+0000] {logging_mixin.py:188} INFO - [2025-08-02T02:12:47.429+0000] {dagbag.py:540} INFO - Filling up the DagBag from /home/airflow/.local/lib/python3.8/site-packages/airflow/example_dags/example_sla_dag.py
[2025-08-02T02:12:47.464+0000] {processor.py:840} INFO - DAG(s) 'example_sla_dag' retrieved from /home/airflow/.local/lib/python3.8/site-packages/airflow/example_dags/example_sla_dag.py
[2025-08-02T02:12:47.506+0000] {logging_mixin.py:188} INFO - [2025-08-02T02:12:47.506+0000] {dag.py:3047} INFO - Sync 1 DAGs
[2025-08-02T02:12:47.568+0000] {logging_mixin.py:188} INFO - [2025-08-02T02:12:47.566+0000] {dag.py:3834} INFO - Setting next_dagrun for example_sla_dag to 2025-08-02 02:10:00+00:00, run_after=2025-08-02 02:12:00+00:00
[2025-08-02T02:12:47.606+0000] {processor.py:183} INFO - Processing /home/airflow/.local/lib/python3.8/site-packages/airflow/example_dags/example_sla_dag.py took 0.183 seconds
[2025-08-02T02:13:21.201+0000] {processor.py:161} INFO - Started process (PID=2930) to work on /home/airflow/.local/lib/python3.8/site-packages/airflow/example_dags/example_sla_dag.py
[2025-08-02T02:13:21.214+0000] {processor.py:830} INFO - Processing file /home/airflow/.local/lib/python3.8/site-packages/airflow/example_dags/example_sla_dag.py for tasks to queue
[2025-08-02T02:13:21.239+0000] {logging_mixin.py:188} INFO - [2025-08-02T02:13:21.233+0000] {dagbag.py:540} INFO - Filling up the DagBag from /home/airflow/.local/lib/python3.8/site-packages/airflow/example_dags/example_sla_dag.py
[2025-08-02T02:13:21.377+0000] {processor.py:840} INFO - DAG(s) 'example_sla_dag' retrieved from /home/airflow/.local/lib/python3.8/site-packages/airflow/example_dags/example_sla_dag.py
[2025-08-02T02:13:21.478+0000] {logging_mixin.py:188} INFO - [2025-08-02T02:13:21.478+0000] {dag.py:3047} INFO - Sync 1 DAGs
[2025-08-02T02:13:21.564+0000] {logging_mixin.py:188} INFO - [2025-08-02T02:13:21.563+0000] {dag.py:3834} INFO - Setting next_dagrun for example_sla_dag to 2025-08-02 02:10:00+00:00, run_after=2025-08-02 02:12:00+00:00
[2025-08-02T02:13:21.687+0000] {processor.py:183} INFO - Processing /home/airflow/.local/lib/python3.8/site-packages/airflow/example_dags/example_sla_dag.py took 0.521 seconds
[2025-08-02T02:13:51.994+0000] {processor.py:161} INFO - Started process (PID=2986) to work on /home/airflow/.local/lib/python3.8/site-packages/airflow/example_dags/example_sla_dag.py
[2025-08-02T02:13:51.998+0000] {processor.py:830} INFO - Processing file /home/airflow/.local/lib/python3.8/site-packages/airflow/example_dags/example_sla_dag.py for tasks to queue
[2025-08-02T02:13:52.001+0000] {logging_mixin.py:188} INFO - [2025-08-02T02:13:51.999+0000] {dagbag.py:540} INFO - Filling up the DagBag from /home/airflow/.local/lib/python3.8/site-packages/airflow/example_dags/example_sla_dag.py
[2025-08-02T02:13:52.064+0000] {processor.py:840} INFO - DAG(s) 'example_sla_dag' retrieved from /home/airflow/.local/lib/python3.8/site-packages/airflow/example_dags/example_sla_dag.py
[2025-08-02T02:13:52.155+0000] {logging_mixin.py:188} INFO - [2025-08-02T02:13:52.155+0000] {dag.py:3047} INFO - Sync 1 DAGs
[2025-08-02T02:13:52.220+0000] {logging_mixin.py:188} INFO - [2025-08-02T02:13:52.219+0000] {dag.py:3834} INFO - Setting next_dagrun for example_sla_dag to 2025-08-02 02:10:00+00:00, run_after=2025-08-02 02:12:00+00:00
[2025-08-02T02:13:52.325+0000] {processor.py:183} INFO - Processing /home/airflow/.local/lib/python3.8/site-packages/airflow/example_dags/example_sla_dag.py took 0.342 seconds
[2025-08-02T02:14:23.049+0000] {processor.py:161} INFO - Started process (PID=3041) to work on /home/airflow/.local/lib/python3.8/site-packages/airflow/example_dags/example_sla_dag.py
[2025-08-02T02:14:23.057+0000] {processor.py:830} INFO - Processing file /home/airflow/.local/lib/python3.8/site-packages/airflow/example_dags/example_sla_dag.py for tasks to queue
[2025-08-02T02:14:23.063+0000] {logging_mixin.py:188} INFO - [2025-08-02T02:14:23.059+0000] {dagbag.py:540} INFO - Filling up the DagBag from /home/airflow/.local/lib/python3.8/site-packages/airflow/example_dags/example_sla_dag.py
[2025-08-02T02:14:23.173+0000] {processor.py:840} INFO - DAG(s) 'example_sla_dag' retrieved from /home/airflow/.local/lib/python3.8/site-packages/airflow/example_dags/example_sla_dag.py
[2025-08-02T02:14:23.291+0000] {logging_mixin.py:188} INFO - [2025-08-02T02:14:23.291+0000] {dag.py:3047} INFO - Sync 1 DAGs
[2025-08-02T02:14:23.379+0000] {logging_mixin.py:188} INFO - [2025-08-02T02:14:23.376+0000] {dag.py:3834} INFO - Setting next_dagrun for example_sla_dag to 2025-08-02 02:12:00+00:00, run_after=2025-08-02 02:14:00+00:00
[2025-08-02T02:14:23.419+0000] {processor.py:183} INFO - Processing /home/airflow/.local/lib/python3.8/site-packages/airflow/example_dags/example_sla_dag.py took 0.457 seconds
[2025-08-02T02:15:04.669+0000] {processor.py:161} INFO - Started process (PID=3079) to work on /home/airflow/.local/lib/python3.8/site-packages/airflow/example_dags/example_sla_dag.py
[2025-08-02T02:15:04.672+0000] {processor.py:830} INFO - Processing file /home/airflow/.local/lib/python3.8/site-packages/airflow/example_dags/example_sla_dag.py for tasks to queue
[2025-08-02T02:15:04.678+0000] {logging_mixin.py:188} INFO - [2025-08-02T02:15:04.676+0000] {dagbag.py:540} INFO - Filling up the DagBag from /home/airflow/.local/lib/python3.8/site-packages/airflow/example_dags/example_sla_dag.py
[2025-08-02T02:15:04.714+0000] {processor.py:840} INFO - DAG(s) 'example_sla_dag' retrieved from /home/airflow/.local/lib/python3.8/site-packages/airflow/example_dags/example_sla_dag.py
[2025-08-02T02:15:04.781+0000] {logging_mixin.py:188} INFO - [2025-08-02T02:15:04.781+0000] {dag.py:3047} INFO - Sync 1 DAGs
[2025-08-02T02:15:04.897+0000] {logging_mixin.py:188} INFO - [2025-08-02T02:15:04.896+0000] {dag.py:3834} INFO - Setting next_dagrun for example_sla_dag to 2025-08-02 02:12:00+00:00, run_after=2025-08-02 02:14:00+00:00
[2025-08-02T02:15:04.965+0000] {processor.py:183} INFO - Processing /home/airflow/.local/lib/python3.8/site-packages/airflow/example_dags/example_sla_dag.py took 0.302 seconds
[2025-08-02T02:15:44.471+0000] {processor.py:161} INFO - Started process (PID=3133) to work on /home/airflow/.local/lib/python3.8/site-packages/airflow/example_dags/example_sla_dag.py
[2025-08-02T02:15:44.475+0000] {processor.py:830} INFO - Processing file /home/airflow/.local/lib/python3.8/site-packages/airflow/example_dags/example_sla_dag.py for tasks to queue
[2025-08-02T02:15:44.485+0000] {logging_mixin.py:188} INFO - [2025-08-02T02:15:44.478+0000] {dagbag.py:540} INFO - Filling up the DagBag from /home/airflow/.local/lib/python3.8/site-packages/airflow/example_dags/example_sla_dag.py
[2025-08-02T02:15:44.544+0000] {processor.py:840} INFO - DAG(s) 'example_sla_dag' retrieved from /home/airflow/.local/lib/python3.8/site-packages/airflow/example_dags/example_sla_dag.py
[2025-08-02T02:15:44.637+0000] {logging_mixin.py:188} INFO - [2025-08-02T02:15:44.637+0000] {dag.py:3047} INFO - Sync 1 DAGs
[2025-08-02T02:15:44.837+0000] {logging_mixin.py:188} INFO - [2025-08-02T02:15:44.836+0000] {dag.py:3834} INFO - Setting next_dagrun for example_sla_dag to 2025-08-02 02:12:00+00:00, run_after=2025-08-02 02:14:00+00:00
[2025-08-02T02:15:44.910+0000] {processor.py:183} INFO - Processing /home/airflow/.local/lib/python3.8/site-packages/airflow/example_dags/example_sla_dag.py took 0.481 seconds
[2025-08-02T02:16:25.505+0000] {processor.py:161} INFO - Started process (PID=3195) to work on /home/airflow/.local/lib/python3.8/site-packages/airflow/example_dags/example_sla_dag.py
[2025-08-02T02:16:25.562+0000] {processor.py:830} INFO - Processing file /home/airflow/.local/lib/python3.8/site-packages/airflow/example_dags/example_sla_dag.py for tasks to queue
[2025-08-02T02:16:25.588+0000] {logging_mixin.py:188} INFO - [2025-08-02T02:16:25.585+0000] {dagbag.py:540} INFO - Filling up the DagBag from /home/airflow/.local/lib/python3.8/site-packages/airflow/example_dags/example_sla_dag.py
[2025-08-02T02:16:25.707+0000] {processor.py:840} INFO - DAG(s) 'example_sla_dag' retrieved from /home/airflow/.local/lib/python3.8/site-packages/airflow/example_dags/example_sla_dag.py
[2025-08-02T02:16:26.018+0000] {logging_mixin.py:188} INFO - [2025-08-02T02:16:26.016+0000] {dag.py:3047} INFO - Sync 1 DAGs
[2025-08-02T02:16:26.227+0000] {logging_mixin.py:188} INFO - [2025-08-02T02:16:26.224+0000] {dag.py:3834} INFO - Setting next_dagrun for example_sla_dag to 2025-08-02 02:14:00+00:00, run_after=2025-08-02 02:16:00+00:00
[2025-08-02T02:16:26.362+0000] {processor.py:183} INFO - Processing /home/airflow/.local/lib/python3.8/site-packages/airflow/example_dags/example_sla_dag.py took 0.949 seconds
[2025-08-02T02:16:57.595+0000] {processor.py:161} INFO - Started process (PID=3251) to work on /home/airflow/.local/lib/python3.8/site-packages/airflow/example_dags/example_sla_dag.py
[2025-08-02T02:16:57.779+0000] {processor.py:830} INFO - Processing file /home/airflow/.local/lib/python3.8/site-packages/airflow/example_dags/example_sla_dag.py for tasks to queue
[2025-08-02T02:16:57.807+0000] {logging_mixin.py:188} INFO - [2025-08-02T02:16:57.800+0000] {dagbag.py:540} INFO - Filling up the DagBag from /home/airflow/.local/lib/python3.8/site-packages/airflow/example_dags/example_sla_dag.py
[2025-08-02T02:16:57.964+0000] {processor.py:840} INFO - DAG(s) 'example_sla_dag' retrieved from /home/airflow/.local/lib/python3.8/site-packages/airflow/example_dags/example_sla_dag.py
[2025-08-02T02:16:58.236+0000] {logging_mixin.py:188} INFO - [2025-08-02T02:16:58.233+0000] {dag.py:3047} INFO - Sync 1 DAGs
[2025-08-02T02:16:58.335+0000] {logging_mixin.py:188} INFO - [2025-08-02T02:16:58.333+0000] {dag.py:3834} INFO - Setting next_dagrun for example_sla_dag to 2025-08-02 02:14:00+00:00, run_after=2025-08-02 02:16:00+00:00
[2025-08-02T02:16:58.398+0000] {processor.py:183} INFO - Processing /home/airflow/.local/lib/python3.8/site-packages/airflow/example_dags/example_sla_dag.py took 0.846 seconds
[2025-08-02T02:17:30.094+0000] {processor.py:161} INFO - Started process (PID=3307) to work on /home/airflow/.local/lib/python3.8/site-packages/airflow/example_dags/example_sla_dag.py
[2025-08-02T02:17:30.096+0000] {processor.py:830} INFO - Processing file /home/airflow/.local/lib/python3.8/site-packages/airflow/example_dags/example_sla_dag.py for tasks to queue
[2025-08-02T02:17:30.098+0000] {logging_mixin.py:188} INFO - [2025-08-02T02:17:30.097+0000] {dagbag.py:540} INFO - Filling up the DagBag from /home/airflow/.local/lib/python3.8/site-packages/airflow/example_dags/example_sla_dag.py
[2025-08-02T02:17:30.123+0000] {processor.py:840} INFO - DAG(s) 'example_sla_dag' retrieved from /home/airflow/.local/lib/python3.8/site-packages/airflow/example_dags/example_sla_dag.py
[2025-08-02T02:17:30.212+0000] {logging_mixin.py:188} INFO - [2025-08-02T02:17:30.211+0000] {dag.py:3047} INFO - Sync 1 DAGs
[2025-08-02T02:17:30.287+0000] {logging_mixin.py:188} INFO - [2025-08-02T02:17:30.287+0000] {dag.py:3834} INFO - Setting next_dagrun for example_sla_dag to 2025-08-02 02:14:00+00:00, run_after=2025-08-02 02:16:00+00:00
[2025-08-02T02:17:30.348+0000] {processor.py:183} INFO - Processing /home/airflow/.local/lib/python3.8/site-packages/airflow/example_dags/example_sla_dag.py took 0.259 seconds
[2025-08-02T02:18:26.515+0000] {processor.py:161} INFO - Started process (PID=3359) to work on /home/airflow/.local/lib/python3.8/site-packages/airflow/example_dags/example_sla_dag.py
[2025-08-02T02:18:26.529+0000] {processor.py:830} INFO - Processing file /home/airflow/.local/lib/python3.8/site-packages/airflow/example_dags/example_sla_dag.py for tasks to queue
[2025-08-02T02:18:26.537+0000] {logging_mixin.py:188} INFO - [2025-08-02T02:18:26.535+0000] {dagbag.py:540} INFO - Filling up the DagBag from /home/airflow/.local/lib/python3.8/site-packages/airflow/example_dags/example_sla_dag.py
[2025-08-02T02:18:26.599+0000] {processor.py:840} INFO - DAG(s) 'example_sla_dag' retrieved from /home/airflow/.local/lib/python3.8/site-packages/airflow/example_dags/example_sla_dag.py
[2025-08-02T02:18:26.670+0000] {logging_mixin.py:188} INFO - [2025-08-02T02:18:26.669+0000] {dag.py:3047} INFO - Sync 1 DAGs
[2025-08-02T02:18:26.813+0000] {logging_mixin.py:188} INFO - [2025-08-02T02:18:26.812+0000] {dag.py:3834} INFO - Setting next_dagrun for example_sla_dag to 2025-08-02 02:16:00+00:00, run_after=2025-08-02 02:18:00+00:00
[2025-08-02T02:18:26.971+0000] {processor.py:183} INFO - Processing /home/airflow/.local/lib/python3.8/site-packages/airflow/example_dags/example_sla_dag.py took 0.468 seconds
[2025-08-02T02:19:10.224+0000] {processor.py:161} INFO - Started process (PID=3426) to work on /home/airflow/.local/lib/python3.8/site-packages/airflow/example_dags/example_sla_dag.py
[2025-08-02T02:19:10.233+0000] {processor.py:830} INFO - Processing file /home/airflow/.local/lib/python3.8/site-packages/airflow/example_dags/example_sla_dag.py for tasks to queue
[2025-08-02T02:19:10.234+0000] {logging_mixin.py:188} INFO - [2025-08-02T02:19:10.234+0000] {dagbag.py:540} INFO - Filling up the DagBag from /home/airflow/.local/lib/python3.8/site-packages/airflow/example_dags/example_sla_dag.py
[2025-08-02T02:19:10.249+0000] {processor.py:840} INFO - DAG(s) 'example_sla_dag' retrieved from /home/airflow/.local/lib/python3.8/site-packages/airflow/example_dags/example_sla_dag.py
[2025-08-02T02:19:10.294+0000] {logging_mixin.py:188} INFO - [2025-08-02T02:19:10.294+0000] {dag.py:3047} INFO - Sync 1 DAGs
[2025-08-02T02:19:10.318+0000] {logging_mixin.py:188} INFO - [2025-08-02T02:19:10.318+0000] {dag.py:3834} INFO - Setting next_dagrun for example_sla_dag to 2025-08-02 02:16:00+00:00, run_after=2025-08-02 02:18:00+00:00
[2025-08-02T02:19:10.332+0000] {processor.py:183} INFO - Processing /home/airflow/.local/lib/python3.8/site-packages/airflow/example_dags/example_sla_dag.py took 0.112 seconds
[2025-08-02T02:19:49.098+0000] {processor.py:161} INFO - Started process (PID=3482) to work on /home/airflow/.local/lib/python3.8/site-packages/airflow/example_dags/example_sla_dag.py
[2025-08-02T02:19:49.100+0000] {processor.py:830} INFO - Processing file /home/airflow/.local/lib/python3.8/site-packages/airflow/example_dags/example_sla_dag.py for tasks to queue
[2025-08-02T02:19:49.102+0000] {logging_mixin.py:188} INFO - [2025-08-02T02:19:49.101+0000] {dagbag.py:540} INFO - Filling up the DagBag from /home/airflow/.local/lib/python3.8/site-packages/airflow/example_dags/example_sla_dag.py
[2025-08-02T02:19:49.122+0000] {processor.py:840} INFO - DAG(s) 'example_sla_dag' retrieved from /home/airflow/.local/lib/python3.8/site-packages/airflow/example_dags/example_sla_dag.py
[2025-08-02T02:19:49.173+0000] {logging_mixin.py:188} INFO - [2025-08-02T02:19:49.172+0000] {dag.py:3047} INFO - Sync 1 DAGs
[2025-08-02T02:19:49.946+0000] {logging_mixin.py:188} INFO - [2025-08-02T02:19:49.944+0000] {dag.py:3834} INFO - Setting next_dagrun for example_sla_dag to 2025-08-02 02:16:00+00:00, run_after=2025-08-02 02:18:00+00:00
[2025-08-02T02:19:50.075+0000] {processor.py:183} INFO - Processing /home/airflow/.local/lib/python3.8/site-packages/airflow/example_dags/example_sla_dag.py took 0.986 seconds
[2025-08-02T02:20:20.694+0000] {processor.py:161} INFO - Started process (PID=3538) to work on /home/airflow/.local/lib/python3.8/site-packages/airflow/example_dags/example_sla_dag.py
[2025-08-02T02:20:20.698+0000] {processor.py:830} INFO - Processing file /home/airflow/.local/lib/python3.8/site-packages/airflow/example_dags/example_sla_dag.py for tasks to queue
[2025-08-02T02:20:20.703+0000] {logging_mixin.py:188} INFO - [2025-08-02T02:20:20.702+0000] {dagbag.py:540} INFO - Filling up the DagBag from /home/airflow/.local/lib/python3.8/site-packages/airflow/example_dags/example_sla_dag.py
[2025-08-02T02:20:20.748+0000] {processor.py:840} INFO - DAG(s) 'example_sla_dag' retrieved from /home/airflow/.local/lib/python3.8/site-packages/airflow/example_dags/example_sla_dag.py
[2025-08-02T02:20:20.826+0000] {logging_mixin.py:188} INFO - [2025-08-02T02:20:20.826+0000] {dag.py:3047} INFO - Sync 1 DAGs
[2025-08-02T02:20:20.922+0000] {logging_mixin.py:188} INFO - [2025-08-02T02:20:20.921+0000] {dag.py:3834} INFO - Setting next_dagrun for example_sla_dag to 2025-08-02 02:18:00+00:00, run_after=2025-08-02 02:20:00+00:00
[2025-08-02T02:20:21.888+0000] {processor.py:183} INFO - Processing /home/airflow/.local/lib/python3.8/site-packages/airflow/example_dags/example_sla_dag.py took 1.201 seconds
[2025-08-02T02:20:52.427+0000] {processor.py:161} INFO - Started process (PID=3595) to work on /home/airflow/.local/lib/python3.8/site-packages/airflow/example_dags/example_sla_dag.py
[2025-08-02T02:20:52.435+0000] {processor.py:830} INFO - Processing file /home/airflow/.local/lib/python3.8/site-packages/airflow/example_dags/example_sla_dag.py for tasks to queue
[2025-08-02T02:20:52.444+0000] {logging_mixin.py:188} INFO - [2025-08-02T02:20:52.441+0000] {dagbag.py:540} INFO - Filling up the DagBag from /home/airflow/.local/lib/python3.8/site-packages/airflow/example_dags/example_sla_dag.py
[2025-08-02T02:20:52.496+0000] {processor.py:840} INFO - DAG(s) 'example_sla_dag' retrieved from /home/airflow/.local/lib/python3.8/site-packages/airflow/example_dags/example_sla_dag.py
[2025-08-02T02:20:52.549+0000] {logging_mixin.py:188} INFO - [2025-08-02T02:20:52.547+0000] {dag.py:3047} INFO - Sync 1 DAGs
[2025-08-02T02:20:52.638+0000] {logging_mixin.py:188} INFO - [2025-08-02T02:20:52.638+0000] {dag.py:3834} INFO - Setting next_dagrun for example_sla_dag to 2025-08-02 02:18:00+00:00, run_after=2025-08-02 02:20:00+00:00
[2025-08-02T02:20:52.675+0000] {processor.py:183} INFO - Processing /home/airflow/.local/lib/python3.8/site-packages/airflow/example_dags/example_sla_dag.py took 0.263 seconds
[2025-08-02T02:21:23.571+0000] {processor.py:161} INFO - Started process (PID=3651) to work on /home/airflow/.local/lib/python3.8/site-packages/airflow/example_dags/example_sla_dag.py
[2025-08-02T02:21:23.572+0000] {processor.py:830} INFO - Processing file /home/airflow/.local/lib/python3.8/site-packages/airflow/example_dags/example_sla_dag.py for tasks to queue
[2025-08-02T02:21:23.574+0000] {logging_mixin.py:188} INFO - [2025-08-02T02:21:23.573+0000] {dagbag.py:540} INFO - Filling up the DagBag from /home/airflow/.local/lib/python3.8/site-packages/airflow/example_dags/example_sla_dag.py
[2025-08-02T02:21:23.590+0000] {processor.py:840} INFO - DAG(s) 'example_sla_dag' retrieved from /home/airflow/.local/lib/python3.8/site-packages/airflow/example_dags/example_sla_dag.py
[2025-08-02T02:21:23.679+0000] {logging_mixin.py:188} INFO - [2025-08-02T02:21:23.678+0000] {dag.py:3047} INFO - Sync 1 DAGs
[2025-08-02T02:21:23.714+0000] {logging_mixin.py:188} INFO - [2025-08-02T02:21:23.714+0000] {dag.py:3834} INFO - Setting next_dagrun for example_sla_dag to 2025-08-02 02:18:00+00:00, run_after=2025-08-02 02:20:00+00:00
[2025-08-02T02:21:23.727+0000] {processor.py:183} INFO - Processing /home/airflow/.local/lib/python3.8/site-packages/airflow/example_dags/example_sla_dag.py took 0.163 seconds
[2025-08-02T02:21:54.353+0000] {processor.py:161} INFO - Started process (PID=3707) to work on /home/airflow/.local/lib/python3.8/site-packages/airflow/example_dags/example_sla_dag.py
[2025-08-02T02:21:54.354+0000] {processor.py:830} INFO - Processing file /home/airflow/.local/lib/python3.8/site-packages/airflow/example_dags/example_sla_dag.py for tasks to queue
[2025-08-02T02:21:54.355+0000] {logging_mixin.py:188} INFO - [2025-08-02T02:21:54.355+0000] {dagbag.py:540} INFO - Filling up the DagBag from /home/airflow/.local/lib/python3.8/site-packages/airflow/example_dags/example_sla_dag.py
[2025-08-02T02:21:54.363+0000] {processor.py:840} INFO - DAG(s) 'example_sla_dag' retrieved from /home/airflow/.local/lib/python3.8/site-packages/airflow/example_dags/example_sla_dag.py
[2025-08-02T02:21:54.387+0000] {logging_mixin.py:188} INFO - [2025-08-02T02:21:54.386+0000] {dag.py:3047} INFO - Sync 1 DAGs
[2025-08-02T02:21:54.427+0000] {logging_mixin.py:188} INFO - [2025-08-02T02:21:54.427+0000] {dag.py:3834} INFO - Setting next_dagrun for example_sla_dag to 2025-08-02 02:18:00+00:00, run_after=2025-08-02 02:20:00+00:00
[2025-08-02T02:21:54.459+0000] {processor.py:183} INFO - Processing /home/airflow/.local/lib/python3.8/site-packages/airflow/example_dags/example_sla_dag.py took 0.109 seconds
[2025-08-02T02:22:26.276+0000] {processor.py:161} INFO - Started process (PID=3763) to work on /home/airflow/.local/lib/python3.8/site-packages/airflow/example_dags/example_sla_dag.py
[2025-08-02T02:22:26.277+0000] {processor.py:830} INFO - Processing file /home/airflow/.local/lib/python3.8/site-packages/airflow/example_dags/example_sla_dag.py for tasks to queue
[2025-08-02T02:22:26.278+0000] {logging_mixin.py:188} INFO - [2025-08-02T02:22:26.277+0000] {dagbag.py:540} INFO - Filling up the DagBag from /home/airflow/.local/lib/python3.8/site-packages/airflow/example_dags/example_sla_dag.py
[2025-08-02T02:22:26.288+0000] {processor.py:840} INFO - DAG(s) 'example_sla_dag' retrieved from /home/airflow/.local/lib/python3.8/site-packages/airflow/example_dags/example_sla_dag.py
[2025-08-02T02:22:26.339+0000] {logging_mixin.py:188} INFO - [2025-08-02T02:22:26.339+0000] {dag.py:3047} INFO - Sync 1 DAGs
[2025-08-02T02:22:26.371+0000] {logging_mixin.py:188} INFO - [2025-08-02T02:22:26.371+0000] {dag.py:3834} INFO - Setting next_dagrun for example_sla_dag to 2025-08-02 02:20:00+00:00, run_after=2025-08-02 02:22:00+00:00
[2025-08-02T02:22:26.390+0000] {processor.py:183} INFO - Processing /home/airflow/.local/lib/python3.8/site-packages/airflow/example_dags/example_sla_dag.py took 0.117 seconds
[2025-08-02T02:22:56.539+0000] {processor.py:161} INFO - Started process (PID=3818) to work on /home/airflow/.local/lib/python3.8/site-packages/airflow/example_dags/example_sla_dag.py
[2025-08-02T02:22:56.543+0000] {processor.py:830} INFO - Processing file /home/airflow/.local/lib/python3.8/site-packages/airflow/example_dags/example_sla_dag.py for tasks to queue
[2025-08-02T02:22:56.552+0000] {logging_mixin.py:188} INFO - [2025-08-02T02:22:56.548+0000] {dagbag.py:540} INFO - Filling up the DagBag from /home/airflow/.local/lib/python3.8/site-packages/airflow/example_dags/example_sla_dag.py
[2025-08-02T02:22:56.577+0000] {processor.py:840} INFO - DAG(s) 'example_sla_dag' retrieved from /home/airflow/.local/lib/python3.8/site-packages/airflow/example_dags/example_sla_dag.py
[2025-08-02T02:22:56.615+0000] {logging_mixin.py:188} INFO - [2025-08-02T02:22:56.615+0000] {dag.py:3047} INFO - Sync 1 DAGs
[2025-08-02T02:22:56.645+0000] {logging_mixin.py:188} INFO - [2025-08-02T02:22:56.645+0000] {dag.py:3834} INFO - Setting next_dagrun for example_sla_dag to 2025-08-02 02:20:00+00:00, run_after=2025-08-02 02:22:00+00:00
[2025-08-02T02:22:56.679+0000] {processor.py:183} INFO - Processing /home/airflow/.local/lib/python3.8/site-packages/airflow/example_dags/example_sla_dag.py took 0.153 seconds
[2025-08-02T02:23:30.858+0000] {processor.py:161} INFO - Started process (PID=3869) to work on /home/airflow/.local/lib/python3.8/site-packages/airflow/example_dags/example_sla_dag.py
[2025-08-02T02:23:30.862+0000] {processor.py:830} INFO - Processing file /home/airflow/.local/lib/python3.8/site-packages/airflow/example_dags/example_sla_dag.py for tasks to queue
[2025-08-02T02:23:30.875+0000] {logging_mixin.py:188} INFO - [2025-08-02T02:23:30.872+0000] {dagbag.py:540} INFO - Filling up the DagBag from /home/airflow/.local/lib/python3.8/site-packages/airflow/example_dags/example_sla_dag.py
[2025-08-02T02:23:30.989+0000] {processor.py:840} INFO - DAG(s) 'example_sla_dag' retrieved from /home/airflow/.local/lib/python3.8/site-packages/airflow/example_dags/example_sla_dag.py
[2025-08-02T02:23:31.245+0000] {logging_mixin.py:188} INFO - [2025-08-02T02:23:31.243+0000] {dag.py:3047} INFO - Sync 1 DAGs
[2025-08-02T02:23:31.399+0000] {logging_mixin.py:188} INFO - [2025-08-02T02:23:31.398+0000] {dag.py:3834} INFO - Setting next_dagrun for example_sla_dag to 2025-08-02 02:20:00+00:00, run_after=2025-08-02 02:22:00+00:00
[2025-08-02T02:23:31.526+0000] {processor.py:183} INFO - Processing /home/airflow/.local/lib/python3.8/site-packages/airflow/example_dags/example_sla_dag.py took 0.679 seconds
[2025-08-02T02:24:02.616+0000] {processor.py:161} INFO - Started process (PID=3925) to work on /home/airflow/.local/lib/python3.8/site-packages/airflow/example_dags/example_sla_dag.py
[2025-08-02T02:24:02.620+0000] {processor.py:830} INFO - Processing file /home/airflow/.local/lib/python3.8/site-packages/airflow/example_dags/example_sla_dag.py for tasks to queue
[2025-08-02T02:24:02.624+0000] {logging_mixin.py:188} INFO - [2025-08-02T02:24:02.623+0000] {dagbag.py:540} INFO - Filling up the DagBag from /home/airflow/.local/lib/python3.8/site-packages/airflow/example_dags/example_sla_dag.py
[2025-08-02T02:24:02.659+0000] {processor.py:840} INFO - DAG(s) 'example_sla_dag' retrieved from /home/airflow/.local/lib/python3.8/site-packages/airflow/example_dags/example_sla_dag.py
[2025-08-02T02:24:02.698+0000] {logging_mixin.py:188} INFO - [2025-08-02T02:24:02.697+0000] {dag.py:3047} INFO - Sync 1 DAGs
[2025-08-02T02:24:02.754+0000] {logging_mixin.py:188} INFO - [2025-08-02T02:24:02.753+0000] {dag.py:3834} INFO - Setting next_dagrun for example_sla_dag to 2025-08-02 02:22:00+00:00, run_after=2025-08-02 02:24:00+00:00
[2025-08-02T02:24:02.777+0000] {processor.py:183} INFO - Processing /home/airflow/.local/lib/python3.8/site-packages/airflow/example_dags/example_sla_dag.py took 0.170 seconds
[2025-08-02T02:24:36.504+0000] {processor.py:161} INFO - Started process (PID=3980) to work on /home/airflow/.local/lib/python3.8/site-packages/airflow/example_dags/example_sla_dag.py
[2025-08-02T02:24:36.505+0000] {processor.py:830} INFO - Processing file /home/airflow/.local/lib/python3.8/site-packages/airflow/example_dags/example_sla_dag.py for tasks to queue
[2025-08-02T02:24:36.507+0000] {logging_mixin.py:188} INFO - [2025-08-02T02:24:36.506+0000] {dagbag.py:540} INFO - Filling up the DagBag from /home/airflow/.local/lib/python3.8/site-packages/airflow/example_dags/example_sla_dag.py
[2025-08-02T02:24:36.526+0000] {processor.py:840} INFO - DAG(s) 'example_sla_dag' retrieved from /home/airflow/.local/lib/python3.8/site-packages/airflow/example_dags/example_sla_dag.py
[2025-08-02T02:24:36.633+0000] {logging_mixin.py:188} INFO - [2025-08-02T02:24:36.633+0000] {dag.py:3047} INFO - Sync 1 DAGs
[2025-08-02T02:24:36.681+0000] {logging_mixin.py:188} INFO - [2025-08-02T02:24:36.681+0000] {dag.py:3834} INFO - Setting next_dagrun for example_sla_dag to 2025-08-02 02:22:00+00:00, run_after=2025-08-02 02:24:00+00:00
[2025-08-02T02:24:36.716+0000] {processor.py:183} INFO - Processing /home/airflow/.local/lib/python3.8/site-packages/airflow/example_dags/example_sla_dag.py took 0.217 seconds
[2025-08-02T02:25:33.486+0000] {processor.py:161} INFO - Started process (PID=4045) to work on /home/airflow/.local/lib/python3.8/site-packages/airflow/example_dags/example_sla_dag.py
[2025-08-02T02:25:33.498+0000] {processor.py:830} INFO - Processing file /home/airflow/.local/lib/python3.8/site-packages/airflow/example_dags/example_sla_dag.py for tasks to queue
[2025-08-02T02:25:33.513+0000] {logging_mixin.py:188} INFO - [2025-08-02T02:25:33.505+0000] {dagbag.py:540} INFO - Filling up the DagBag from /home/airflow/.local/lib/python3.8/site-packages/airflow/example_dags/example_sla_dag.py
[2025-08-02T02:25:33.770+0000] {processor.py:840} INFO - DAG(s) 'example_sla_dag' retrieved from /home/airflow/.local/lib/python3.8/site-packages/airflow/example_dags/example_sla_dag.py
[2025-08-02T02:25:34.206+0000] {logging_mixin.py:188} INFO - [2025-08-02T02:25:34.205+0000] {dag.py:3047} INFO - Sync 1 DAGs
[2025-08-02T02:25:34.469+0000] {logging_mixin.py:188} INFO - [2025-08-02T02:25:34.463+0000] {dag.py:3834} INFO - Setting next_dagrun for example_sla_dag to 2025-08-02 02:22:00+00:00, run_after=2025-08-02 02:24:00+00:00
[2025-08-02T02:25:34.662+0000] {processor.py:183} INFO - Processing /home/airflow/.local/lib/python3.8/site-packages/airflow/example_dags/example_sla_dag.py took 1.196 seconds
[2025-08-02T02:26:04.819+0000] {processor.py:161} INFO - Started process (PID=4101) to work on /home/airflow/.local/lib/python3.8/site-packages/airflow/example_dags/example_sla_dag.py
[2025-08-02T02:26:04.820+0000] {processor.py:830} INFO - Processing file /home/airflow/.local/lib/python3.8/site-packages/airflow/example_dags/example_sla_dag.py for tasks to queue
[2025-08-02T02:26:04.822+0000] {logging_mixin.py:188} INFO - [2025-08-02T02:26:04.822+0000] {dagbag.py:540} INFO - Filling up the DagBag from /home/airflow/.local/lib/python3.8/site-packages/airflow/example_dags/example_sla_dag.py
[2025-08-02T02:26:04.883+0000] {processor.py:840} INFO - DAG(s) 'example_sla_dag' retrieved from /home/airflow/.local/lib/python3.8/site-packages/airflow/example_dags/example_sla_dag.py
[2025-08-02T02:26:05.071+0000] {logging_mixin.py:188} INFO - [2025-08-02T02:26:05.070+0000] {dag.py:3047} INFO - Sync 1 DAGs
[2025-08-02T02:26:05.128+0000] {logging_mixin.py:188} INFO - [2025-08-02T02:26:05.128+0000] {dag.py:3834} INFO - Setting next_dagrun for example_sla_dag to 2025-08-02 02:24:00+00:00, run_after=2025-08-02 02:26:00+00:00
[2025-08-02T02:26:05.167+0000] {processor.py:183} INFO - Processing /home/airflow/.local/lib/python3.8/site-packages/airflow/example_dags/example_sla_dag.py took 0.358 seconds
[2025-08-02T02:26:36.096+0000] {processor.py:161} INFO - Started process (PID=4157) to work on /home/airflow/.local/lib/python3.8/site-packages/airflow/example_dags/example_sla_dag.py
[2025-08-02T02:26:36.101+0000] {processor.py:830} INFO - Processing file /home/airflow/.local/lib/python3.8/site-packages/airflow/example_dags/example_sla_dag.py for tasks to queue
[2025-08-02T02:26:36.104+0000] {logging_mixin.py:188} INFO - [2025-08-02T02:26:36.102+0000] {dagbag.py:540} INFO - Filling up the DagBag from /home/airflow/.local/lib/python3.8/site-packages/airflow/example_dags/example_sla_dag.py
[2025-08-02T02:26:36.215+0000] {processor.py:840} INFO - DAG(s) 'example_sla_dag' retrieved from /home/airflow/.local/lib/python3.8/site-packages/airflow/example_dags/example_sla_dag.py
[2025-08-02T02:26:37.118+0000] {logging_mixin.py:188} INFO - [2025-08-02T02:26:37.111+0000] {dag.py:3047} INFO - Sync 1 DAGs
[2025-08-02T02:26:38.600+0000] {logging_mixin.py:188} INFO - [2025-08-02T02:26:38.573+0000] {dag.py:3834} INFO - Setting next_dagrun for example_sla_dag to 2025-08-02 02:24:00+00:00, run_after=2025-08-02 02:26:00+00:00
[2025-08-02T02:26:38.863+0000] {processor.py:183} INFO - Processing /home/airflow/.local/lib/python3.8/site-packages/airflow/example_dags/example_sla_dag.py took 2.777 seconds
[2025-08-02T02:27:15.051+0000] {processor.py:161} INFO - Started process (PID=4204) to work on /home/airflow/.local/lib/python3.8/site-packages/airflow/example_dags/example_sla_dag.py
[2025-08-02T02:27:15.063+0000] {processor.py:830} INFO - Processing file /home/airflow/.local/lib/python3.8/site-packages/airflow/example_dags/example_sla_dag.py for tasks to queue
[2025-08-02T02:27:15.069+0000] {logging_mixin.py:188} INFO - [2025-08-02T02:27:15.067+0000] {dagbag.py:540} INFO - Filling up the DagBag from /home/airflow/.local/lib/python3.8/site-packages/airflow/example_dags/example_sla_dag.py
[2025-08-02T02:27:15.141+0000] {processor.py:840} INFO - DAG(s) 'example_sla_dag' retrieved from /home/airflow/.local/lib/python3.8/site-packages/airflow/example_dags/example_sla_dag.py
[2025-08-02T02:27:15.302+0000] {logging_mixin.py:188} INFO - [2025-08-02T02:27:15.301+0000] {dag.py:3047} INFO - Sync 1 DAGs
[2025-08-02T02:27:15.360+0000] {logging_mixin.py:188} INFO - [2025-08-02T02:27:15.360+0000] {dag.py:3834} INFO - Setting next_dagrun for example_sla_dag to 2025-08-02 02:24:00+00:00, run_after=2025-08-02 02:26:00+00:00
[2025-08-02T02:27:15.403+0000] {processor.py:183} INFO - Processing /home/airflow/.local/lib/python3.8/site-packages/airflow/example_dags/example_sla_dag.py took 0.376 seconds
[2025-08-02T02:27:46.446+0000] {processor.py:161} INFO - Started process (PID=4260) to work on /home/airflow/.local/lib/python3.8/site-packages/airflow/example_dags/example_sla_dag.py
[2025-08-02T02:27:46.448+0000] {processor.py:830} INFO - Processing file /home/airflow/.local/lib/python3.8/site-packages/airflow/example_dags/example_sla_dag.py for tasks to queue
[2025-08-02T02:27:46.449+0000] {logging_mixin.py:188} INFO - [2025-08-02T02:27:46.449+0000] {dagbag.py:540} INFO - Filling up the DagBag from /home/airflow/.local/lib/python3.8/site-packages/airflow/example_dags/example_sla_dag.py
[2025-08-02T02:27:46.479+0000] {processor.py:840} INFO - DAG(s) 'example_sla_dag' retrieved from /home/airflow/.local/lib/python3.8/site-packages/airflow/example_dags/example_sla_dag.py
[2025-08-02T02:27:46.529+0000] {logging_mixin.py:188} INFO - [2025-08-02T02:27:46.529+0000] {dag.py:3047} INFO - Sync 1 DAGs
[2025-08-02T02:27:46.582+0000] {logging_mixin.py:188} INFO - [2025-08-02T02:27:46.582+0000] {dag.py:3834} INFO - Setting next_dagrun for example_sla_dag to 2025-08-02 02:24:00+00:00, run_after=2025-08-02 02:26:00+00:00
[2025-08-02T02:27:46.648+0000] {processor.py:183} INFO - Processing /home/airflow/.local/lib/python3.8/site-packages/airflow/example_dags/example_sla_dag.py took 0.208 seconds
[2025-08-02T02:28:17.356+0000] {processor.py:161} INFO - Started process (PID=4316) to work on /home/airflow/.local/lib/python3.8/site-packages/airflow/example_dags/example_sla_dag.py
[2025-08-02T02:28:17.357+0000] {processor.py:830} INFO - Processing file /home/airflow/.local/lib/python3.8/site-packages/airflow/example_dags/example_sla_dag.py for tasks to queue
[2025-08-02T02:28:17.358+0000] {logging_mixin.py:188} INFO - [2025-08-02T02:28:17.357+0000] {dagbag.py:540} INFO - Filling up the DagBag from /home/airflow/.local/lib/python3.8/site-packages/airflow/example_dags/example_sla_dag.py
[2025-08-02T02:28:17.368+0000] {processor.py:840} INFO - DAG(s) 'example_sla_dag' retrieved from /home/airflow/.local/lib/python3.8/site-packages/airflow/example_dags/example_sla_dag.py
[2025-08-02T02:28:17.388+0000] {logging_mixin.py:188} INFO - [2025-08-02T02:28:17.388+0000] {dag.py:3047} INFO - Sync 1 DAGs
[2025-08-02T02:28:17.407+0000] {logging_mixin.py:188} INFO - [2025-08-02T02:28:17.406+0000] {dag.py:3834} INFO - Setting next_dagrun for example_sla_dag to 2025-08-02 02:26:00+00:00, run_after=2025-08-02 02:28:00+00:00
[2025-08-02T02:28:17.421+0000] {processor.py:183} INFO - Processing /home/airflow/.local/lib/python3.8/site-packages/airflow/example_dags/example_sla_dag.py took 0.069 seconds
[2025-08-02T02:29:06.512+0000] {processor.py:161} INFO - Started process (PID=4376) to work on /home/airflow/.local/lib/python3.8/site-packages/airflow/example_dags/example_sla_dag.py
[2025-08-02T02:29:06.519+0000] {processor.py:830} INFO - Processing file /home/airflow/.local/lib/python3.8/site-packages/airflow/example_dags/example_sla_dag.py for tasks to queue
[2025-08-02T02:29:06.521+0000] {logging_mixin.py:188} INFO - [2025-08-02T02:29:06.520+0000] {dagbag.py:540} INFO - Filling up the DagBag from /home/airflow/.local/lib/python3.8/site-packages/airflow/example_dags/example_sla_dag.py
[2025-08-02T02:29:06.652+0000] {processor.py:840} INFO - DAG(s) 'example_sla_dag' retrieved from /home/airflow/.local/lib/python3.8/site-packages/airflow/example_dags/example_sla_dag.py
[2025-08-02T02:29:06.822+0000] {logging_mixin.py:188} INFO - [2025-08-02T02:29:06.820+0000] {dag.py:3047} INFO - Sync 1 DAGs
[2025-08-02T02:29:07.032+0000] {logging_mixin.py:188} INFO - [2025-08-02T02:29:07.031+0000] {dag.py:3834} INFO - Setting next_dagrun for example_sla_dag to 2025-08-02 02:26:00+00:00, run_after=2025-08-02 02:28:00+00:00
[2025-08-02T02:29:07.187+0000] {processor.py:183} INFO - Processing /home/airflow/.local/lib/python3.8/site-packages/airflow/example_dags/example_sla_dag.py took 0.692 seconds
[2025-08-02T02:29:37.287+0000] {processor.py:161} INFO - Started process (PID=4432) to work on /home/airflow/.local/lib/python3.8/site-packages/airflow/example_dags/example_sla_dag.py
[2025-08-02T02:29:37.289+0000] {processor.py:830} INFO - Processing file /home/airflow/.local/lib/python3.8/site-packages/airflow/example_dags/example_sla_dag.py for tasks to queue
[2025-08-02T02:29:37.292+0000] {logging_mixin.py:188} INFO - [2025-08-02T02:29:37.291+0000] {dagbag.py:540} INFO - Filling up the DagBag from /home/airflow/.local/lib/python3.8/site-packages/airflow/example_dags/example_sla_dag.py
[2025-08-02T02:29:37.323+0000] {processor.py:840} INFO - DAG(s) 'example_sla_dag' retrieved from /home/airflow/.local/lib/python3.8/site-packages/airflow/example_dags/example_sla_dag.py
[2025-08-02T02:29:37.391+0000] {logging_mixin.py:188} INFO - [2025-08-02T02:29:37.391+0000] {dag.py:3047} INFO - Sync 1 DAGs
[2025-08-02T02:29:37.465+0000] {logging_mixin.py:188} INFO - [2025-08-02T02:29:37.464+0000] {dag.py:3834} INFO - Setting next_dagrun for example_sla_dag to 2025-08-02 02:26:00+00:00, run_after=2025-08-02 02:28:00+00:00
[2025-08-02T02:29:37.539+0000] {processor.py:183} INFO - Processing /home/airflow/.local/lib/python3.8/site-packages/airflow/example_dags/example_sla_dag.py took 0.257 seconds
[2025-08-02T02:30:19.660+0000] {processor.py:161} INFO - Started process (PID=4480) to work on /home/airflow/.local/lib/python3.8/site-packages/airflow/example_dags/example_sla_dag.py
[2025-08-02T02:30:19.663+0000] {processor.py:830} INFO - Processing file /home/airflow/.local/lib/python3.8/site-packages/airflow/example_dags/example_sla_dag.py for tasks to queue
[2025-08-02T02:30:19.666+0000] {logging_mixin.py:188} INFO - [2025-08-02T02:30:19.664+0000] {dagbag.py:540} INFO - Filling up the DagBag from /home/airflow/.local/lib/python3.8/site-packages/airflow/example_dags/example_sla_dag.py
[2025-08-02T02:30:19.720+0000] {processor.py:840} INFO - DAG(s) 'example_sla_dag' retrieved from /home/airflow/.local/lib/python3.8/site-packages/airflow/example_dags/example_sla_dag.py
[2025-08-02T02:30:19.846+0000] {logging_mixin.py:188} INFO - [2025-08-02T02:30:19.845+0000] {dag.py:3047} INFO - Sync 1 DAGs
[2025-08-02T02:30:19.900+0000] {logging_mixin.py:188} INFO - [2025-08-02T02:30:19.900+0000] {dag.py:3834} INFO - Setting next_dagrun for example_sla_dag to 2025-08-02 02:28:00+00:00, run_after=2025-08-02 02:30:00+00:00
[2025-08-02T02:30:19.959+0000] {processor.py:183} INFO - Processing /home/airflow/.local/lib/python3.8/site-packages/airflow/example_dags/example_sla_dag.py took 0.335 seconds
[2025-08-02T02:30:50.264+0000] {processor.py:161} INFO - Started process (PID=4536) to work on /home/airflow/.local/lib/python3.8/site-packages/airflow/example_dags/example_sla_dag.py
[2025-08-02T02:30:50.283+0000] {processor.py:830} INFO - Processing file /home/airflow/.local/lib/python3.8/site-packages/airflow/example_dags/example_sla_dag.py for tasks to queue
[2025-08-02T02:30:50.284+0000] {logging_mixin.py:188} INFO - [2025-08-02T02:30:50.283+0000] {dagbag.py:540} INFO - Filling up the DagBag from /home/airflow/.local/lib/python3.8/site-packages/airflow/example_dags/example_sla_dag.py
[2025-08-02T02:30:50.306+0000] {processor.py:840} INFO - DAG(s) 'example_sla_dag' retrieved from /home/airflow/.local/lib/python3.8/site-packages/airflow/example_dags/example_sla_dag.py
[2025-08-02T02:30:50.377+0000] {logging_mixin.py:188} INFO - [2025-08-02T02:30:50.377+0000] {dag.py:3047} INFO - Sync 1 DAGs
[2025-08-02T02:30:50.427+0000] {logging_mixin.py:188} INFO - [2025-08-02T02:30:50.426+0000] {dag.py:3834} INFO - Setting next_dagrun for example_sla_dag to 2025-08-02 02:28:00+00:00, run_after=2025-08-02 02:30:00+00:00
[2025-08-02T02:30:50.475+0000] {processor.py:183} INFO - Processing /home/airflow/.local/lib/python3.8/site-packages/airflow/example_dags/example_sla_dag.py took 0.235 seconds
[2025-08-02T02:36:48.775+0000] {processor.py:161} INFO - Started process (PID=77) to work on /home/airflow/.local/lib/python3.8/site-packages/airflow/example_dags/example_sla_dag.py
[2025-08-02T02:36:48.778+0000] {processor.py:830} INFO - Processing file /home/airflow/.local/lib/python3.8/site-packages/airflow/example_dags/example_sla_dag.py for tasks to queue
[2025-08-02T02:36:48.787+0000] {logging_mixin.py:188} INFO - [2025-08-02T02:36:48.786+0000] {dagbag.py:540} INFO - Filling up the DagBag from /home/airflow/.local/lib/python3.8/site-packages/airflow/example_dags/example_sla_dag.py
[2025-08-02T02:36:48.868+0000] {processor.py:840} INFO - DAG(s) 'example_sla_dag' retrieved from /home/airflow/.local/lib/python3.8/site-packages/airflow/example_dags/example_sla_dag.py
[2025-08-02T02:36:49.263+0000] {logging_mixin.py:188} INFO - [2025-08-02T02:36:49.262+0000] {dag.py:3047} INFO - Sync 1 DAGs
[2025-08-02T02:36:49.327+0000] {logging_mixin.py:188} INFO - [2025-08-02T02:36:49.327+0000] {dag.py:3834} INFO - Setting next_dagrun for example_sla_dag to 2025-08-02 02:34:00+00:00, run_after=2025-08-02 02:36:00+00:00
[2025-08-02T02:36:49.392+0000] {processor.py:183} INFO - Processing /home/airflow/.local/lib/python3.8/site-packages/airflow/example_dags/example_sla_dag.py took 0.633 seconds
[2025-08-02T02:37:20.027+0000] {processor.py:161} INFO - Started process (PID=133) to work on /home/airflow/.local/lib/python3.8/site-packages/airflow/example_dags/example_sla_dag.py
[2025-08-02T02:37:20.033+0000] {processor.py:830} INFO - Processing file /home/airflow/.local/lib/python3.8/site-packages/airflow/example_dags/example_sla_dag.py for tasks to queue
[2025-08-02T02:37:20.036+0000] {logging_mixin.py:188} INFO - [2025-08-02T02:37:20.035+0000] {dagbag.py:540} INFO - Filling up the DagBag from /home/airflow/.local/lib/python3.8/site-packages/airflow/example_dags/example_sla_dag.py
[2025-08-02T02:37:20.075+0000] {processor.py:840} INFO - DAG(s) 'example_sla_dag' retrieved from /home/airflow/.local/lib/python3.8/site-packages/airflow/example_dags/example_sla_dag.py
[2025-08-02T02:37:20.187+0000] {logging_mixin.py:188} INFO - [2025-08-02T02:37:20.187+0000] {dag.py:3047} INFO - Sync 1 DAGs
[2025-08-02T02:37:20.228+0000] {logging_mixin.py:188} INFO - [2025-08-02T02:37:20.228+0000] {dag.py:3834} INFO - Setting next_dagrun for example_sla_dag to 2025-08-02 02:34:00+00:00, run_after=2025-08-02 02:36:00+00:00
[2025-08-02T02:37:20.257+0000] {processor.py:183} INFO - Processing /home/airflow/.local/lib/python3.8/site-packages/airflow/example_dags/example_sla_dag.py took 0.243 seconds
[2025-08-02T02:37:50.659+0000] {processor.py:161} INFO - Started process (PID=189) to work on /home/airflow/.local/lib/python3.8/site-packages/airflow/example_dags/example_sla_dag.py
[2025-08-02T02:37:50.666+0000] {processor.py:830} INFO - Processing file /home/airflow/.local/lib/python3.8/site-packages/airflow/example_dags/example_sla_dag.py for tasks to queue
[2025-08-02T02:37:50.669+0000] {logging_mixin.py:188} INFO - [2025-08-02T02:37:50.668+0000] {dagbag.py:540} INFO - Filling up the DagBag from /home/airflow/.local/lib/python3.8/site-packages/airflow/example_dags/example_sla_dag.py
[2025-08-02T02:37:50.701+0000] {processor.py:840} INFO - DAG(s) 'example_sla_dag' retrieved from /home/airflow/.local/lib/python3.8/site-packages/airflow/example_dags/example_sla_dag.py
[2025-08-02T02:37:50.735+0000] {logging_mixin.py:188} INFO - [2025-08-02T02:37:50.734+0000] {dag.py:3047} INFO - Sync 1 DAGs
[2025-08-02T02:37:50.779+0000] {logging_mixin.py:188} INFO - [2025-08-02T02:37:50.779+0000] {dag.py:3834} INFO - Setting next_dagrun for example_sla_dag to 2025-08-02 02:34:00+00:00, run_after=2025-08-02 02:36:00+00:00
[2025-08-02T02:37:50.805+0000] {processor.py:183} INFO - Processing /home/airflow/.local/lib/python3.8/site-packages/airflow/example_dags/example_sla_dag.py took 0.151 seconds
[2025-08-02T02:38:21.363+0000] {processor.py:161} INFO - Started process (PID=245) to work on /home/airflow/.local/lib/python3.8/site-packages/airflow/example_dags/example_sla_dag.py
[2025-08-02T02:38:21.365+0000] {processor.py:830} INFO - Processing file /home/airflow/.local/lib/python3.8/site-packages/airflow/example_dags/example_sla_dag.py for tasks to queue
[2025-08-02T02:38:21.369+0000] {logging_mixin.py:188} INFO - [2025-08-02T02:38:21.369+0000] {dagbag.py:540} INFO - Filling up the DagBag from /home/airflow/.local/lib/python3.8/site-packages/airflow/example_dags/example_sla_dag.py
[2025-08-02T02:38:21.388+0000] {processor.py:840} INFO - DAG(s) 'example_sla_dag' retrieved from /home/airflow/.local/lib/python3.8/site-packages/airflow/example_dags/example_sla_dag.py
[2025-08-02T02:38:21.500+0000] {logging_mixin.py:188} INFO - [2025-08-02T02:38:21.498+0000] {dag.py:3047} INFO - Sync 1 DAGs
[2025-08-02T02:38:21.551+0000] {logging_mixin.py:188} INFO - [2025-08-02T02:38:21.551+0000] {dag.py:3834} INFO - Setting next_dagrun for example_sla_dag to 2025-08-02 02:36:00+00:00, run_after=2025-08-02 02:38:00+00:00
[2025-08-02T02:38:21.615+0000] {processor.py:183} INFO - Processing /home/airflow/.local/lib/python3.8/site-packages/airflow/example_dags/example_sla_dag.py took 0.264 seconds
[2025-08-02T02:38:51.758+0000] {processor.py:161} INFO - Started process (PID=301) to work on /home/airflow/.local/lib/python3.8/site-packages/airflow/example_dags/example_sla_dag.py
[2025-08-02T02:38:51.760+0000] {processor.py:830} INFO - Processing file /home/airflow/.local/lib/python3.8/site-packages/airflow/example_dags/example_sla_dag.py for tasks to queue
[2025-08-02T02:38:51.764+0000] {logging_mixin.py:188} INFO - [2025-08-02T02:38:51.763+0000] {dagbag.py:540} INFO - Filling up the DagBag from /home/airflow/.local/lib/python3.8/site-packages/airflow/example_dags/example_sla_dag.py
[2025-08-02T02:38:51.772+0000] {processor.py:840} INFO - DAG(s) 'example_sla_dag' retrieved from /home/airflow/.local/lib/python3.8/site-packages/airflow/example_dags/example_sla_dag.py
[2025-08-02T02:38:51.791+0000] {logging_mixin.py:188} INFO - [2025-08-02T02:38:51.791+0000] {dag.py:3047} INFO - Sync 1 DAGs
[2025-08-02T02:38:51.814+0000] {logging_mixin.py:188} INFO - [2025-08-02T02:38:51.814+0000] {dag.py:3834} INFO - Setting next_dagrun for example_sla_dag to 2025-08-02 02:36:00+00:00, run_after=2025-08-02 02:38:00+00:00
[2025-08-02T02:38:51.832+0000] {processor.py:183} INFO - Processing /home/airflow/.local/lib/python3.8/site-packages/airflow/example_dags/example_sla_dag.py took 0.079 seconds
[2025-08-02T02:39:22.935+0000] {processor.py:161} INFO - Started process (PID=356) to work on /home/airflow/.local/lib/python3.8/site-packages/airflow/example_dags/example_sla_dag.py
[2025-08-02T02:39:22.937+0000] {processor.py:830} INFO - Processing file /home/airflow/.local/lib/python3.8/site-packages/airflow/example_dags/example_sla_dag.py for tasks to queue
[2025-08-02T02:39:22.939+0000] {logging_mixin.py:188} INFO - [2025-08-02T02:39:22.938+0000] {dagbag.py:540} INFO - Filling up the DagBag from /home/airflow/.local/lib/python3.8/site-packages/airflow/example_dags/example_sla_dag.py
[2025-08-02T02:39:22.949+0000] {processor.py:840} INFO - DAG(s) 'example_sla_dag' retrieved from /home/airflow/.local/lib/python3.8/site-packages/airflow/example_dags/example_sla_dag.py
[2025-08-02T02:39:22.971+0000] {logging_mixin.py:188} INFO - [2025-08-02T02:39:22.971+0000] {dag.py:3047} INFO - Sync 1 DAGs
[2025-08-02T02:39:23.000+0000] {logging_mixin.py:188} INFO - [2025-08-02T02:39:22.999+0000] {dag.py:3834} INFO - Setting next_dagrun for example_sla_dag to 2025-08-02 02:36:00+00:00, run_after=2025-08-02 02:38:00+00:00
[2025-08-02T02:39:23.025+0000] {processor.py:183} INFO - Processing /home/airflow/.local/lib/python3.8/site-packages/airflow/example_dags/example_sla_dag.py took 0.110 seconds
[2025-08-02T02:39:53.606+0000] {processor.py:161} INFO - Started process (PID=412) to work on /home/airflow/.local/lib/python3.8/site-packages/airflow/example_dags/example_sla_dag.py
[2025-08-02T02:39:53.608+0000] {processor.py:830} INFO - Processing file /home/airflow/.local/lib/python3.8/site-packages/airflow/example_dags/example_sla_dag.py for tasks to queue
[2025-08-02T02:39:53.612+0000] {logging_mixin.py:188} INFO - [2025-08-02T02:39:53.611+0000] {dagbag.py:540} INFO - Filling up the DagBag from /home/airflow/.local/lib/python3.8/site-packages/airflow/example_dags/example_sla_dag.py
[2025-08-02T02:39:53.626+0000] {processor.py:840} INFO - DAG(s) 'example_sla_dag' retrieved from /home/airflow/.local/lib/python3.8/site-packages/airflow/example_dags/example_sla_dag.py
[2025-08-02T02:39:53.678+0000] {logging_mixin.py:188} INFO - [2025-08-02T02:39:53.677+0000] {dag.py:3047} INFO - Sync 1 DAGs
[2025-08-02T02:39:53.721+0000] {logging_mixin.py:188} INFO - [2025-08-02T02:39:53.721+0000] {dag.py:3834} INFO - Setting next_dagrun for example_sla_dag to 2025-08-02 02:36:00+00:00, run_after=2025-08-02 02:38:00+00:00
[2025-08-02T02:39:53.747+0000] {processor.py:183} INFO - Processing /home/airflow/.local/lib/python3.8/site-packages/airflow/example_dags/example_sla_dag.py took 0.158 seconds
[2025-08-02T02:40:24.104+0000] {processor.py:161} INFO - Started process (PID=468) to work on /home/airflow/.local/lib/python3.8/site-packages/airflow/example_dags/example_sla_dag.py
[2025-08-02T02:40:24.107+0000] {processor.py:830} INFO - Processing file /home/airflow/.local/lib/python3.8/site-packages/airflow/example_dags/example_sla_dag.py for tasks to queue
[2025-08-02T02:40:24.110+0000] {logging_mixin.py:188} INFO - [2025-08-02T02:40:24.110+0000] {dagbag.py:540} INFO - Filling up the DagBag from /home/airflow/.local/lib/python3.8/site-packages/airflow/example_dags/example_sla_dag.py
[2025-08-02T02:40:24.127+0000] {processor.py:840} INFO - DAG(s) 'example_sla_dag' retrieved from /home/airflow/.local/lib/python3.8/site-packages/airflow/example_dags/example_sla_dag.py
[2025-08-02T02:40:24.155+0000] {logging_mixin.py:188} INFO - [2025-08-02T02:40:24.154+0000] {dag.py:3047} INFO - Sync 1 DAGs
[2025-08-02T02:40:24.181+0000] {logging_mixin.py:188} INFO - [2025-08-02T02:40:24.180+0000] {dag.py:3834} INFO - Setting next_dagrun for example_sla_dag to 2025-08-02 02:38:00+00:00, run_after=2025-08-02 02:40:00+00:00
[2025-08-02T02:40:24.191+0000] {processor.py:183} INFO - Processing /home/airflow/.local/lib/python3.8/site-packages/airflow/example_dags/example_sla_dag.py took 0.093 seconds
[2025-08-02T02:40:55.172+0000] {processor.py:161} INFO - Started process (PID=524) to work on /home/airflow/.local/lib/python3.8/site-packages/airflow/example_dags/example_sla_dag.py
[2025-08-02T02:40:55.174+0000] {processor.py:830} INFO - Processing file /home/airflow/.local/lib/python3.8/site-packages/airflow/example_dags/example_sla_dag.py for tasks to queue
[2025-08-02T02:40:55.175+0000] {logging_mixin.py:188} INFO - [2025-08-02T02:40:55.175+0000] {dagbag.py:540} INFO - Filling up the DagBag from /home/airflow/.local/lib/python3.8/site-packages/airflow/example_dags/example_sla_dag.py
[2025-08-02T02:40:55.182+0000] {processor.py:840} INFO - DAG(s) 'example_sla_dag' retrieved from /home/airflow/.local/lib/python3.8/site-packages/airflow/example_dags/example_sla_dag.py
[2025-08-02T02:40:55.220+0000] {logging_mixin.py:188} INFO - [2025-08-02T02:40:55.219+0000] {dag.py:3047} INFO - Sync 1 DAGs
[2025-08-02T02:40:55.237+0000] {logging_mixin.py:188} INFO - [2025-08-02T02:40:55.237+0000] {dag.py:3834} INFO - Setting next_dagrun for example_sla_dag to 2025-08-02 02:38:00+00:00, run_after=2025-08-02 02:40:00+00:00
[2025-08-02T02:40:55.254+0000] {processor.py:183} INFO - Processing /home/airflow/.local/lib/python3.8/site-packages/airflow/example_dags/example_sla_dag.py took 0.088 seconds
[2025-08-02T02:41:26.051+0000] {processor.py:161} INFO - Started process (PID=580) to work on /home/airflow/.local/lib/python3.8/site-packages/airflow/example_dags/example_sla_dag.py
[2025-08-02T02:41:26.054+0000] {processor.py:830} INFO - Processing file /home/airflow/.local/lib/python3.8/site-packages/airflow/example_dags/example_sla_dag.py for tasks to queue
[2025-08-02T02:41:26.057+0000] {logging_mixin.py:188} INFO - [2025-08-02T02:41:26.057+0000] {dagbag.py:540} INFO - Filling up the DagBag from /home/airflow/.local/lib/python3.8/site-packages/airflow/example_dags/example_sla_dag.py
[2025-08-02T02:41:26.066+0000] {processor.py:840} INFO - DAG(s) 'example_sla_dag' retrieved from /home/airflow/.local/lib/python3.8/site-packages/airflow/example_dags/example_sla_dag.py
[2025-08-02T02:41:26.101+0000] {logging_mixin.py:188} INFO - [2025-08-02T02:41:26.101+0000] {dag.py:3047} INFO - Sync 1 DAGs
[2025-08-02T02:41:26.130+0000] {logging_mixin.py:188} INFO - [2025-08-02T02:41:26.129+0000] {dag.py:3834} INFO - Setting next_dagrun for example_sla_dag to 2025-08-02 02:38:00+00:00, run_after=2025-08-02 02:40:00+00:00
[2025-08-02T02:41:26.152+0000] {processor.py:183} INFO - Processing /home/airflow/.local/lib/python3.8/site-packages/airflow/example_dags/example_sla_dag.py took 0.107 seconds
[2025-08-02T02:41:56.521+0000] {processor.py:161} INFO - Started process (PID=636) to work on /home/airflow/.local/lib/python3.8/site-packages/airflow/example_dags/example_sla_dag.py
[2025-08-02T02:41:56.523+0000] {processor.py:830} INFO - Processing file /home/airflow/.local/lib/python3.8/site-packages/airflow/example_dags/example_sla_dag.py for tasks to queue
[2025-08-02T02:41:56.525+0000] {logging_mixin.py:188} INFO - [2025-08-02T02:41:56.525+0000] {dagbag.py:540} INFO - Filling up the DagBag from /home/airflow/.local/lib/python3.8/site-packages/airflow/example_dags/example_sla_dag.py
[2025-08-02T02:41:56.540+0000] {processor.py:840} INFO - DAG(s) 'example_sla_dag' retrieved from /home/airflow/.local/lib/python3.8/site-packages/airflow/example_dags/example_sla_dag.py
[2025-08-02T02:41:56.575+0000] {logging_mixin.py:188} INFO - [2025-08-02T02:41:56.575+0000] {dag.py:3047} INFO - Sync 1 DAGs
[2025-08-02T02:41:56.602+0000] {logging_mixin.py:188} INFO - [2025-08-02T02:41:56.602+0000] {dag.py:3834} INFO - Setting next_dagrun for example_sla_dag to 2025-08-02 02:38:00+00:00, run_after=2025-08-02 02:40:00+00:00
[2025-08-02T02:41:56.644+0000] {processor.py:183} INFO - Processing /home/airflow/.local/lib/python3.8/site-packages/airflow/example_dags/example_sla_dag.py took 0.127 seconds
[2025-08-02T02:42:27.483+0000] {processor.py:161} INFO - Started process (PID=692) to work on /home/airflow/.local/lib/python3.8/site-packages/airflow/example_dags/example_sla_dag.py
[2025-08-02T02:42:27.490+0000] {processor.py:830} INFO - Processing file /home/airflow/.local/lib/python3.8/site-packages/airflow/example_dags/example_sla_dag.py for tasks to queue
[2025-08-02T02:42:27.494+0000] {logging_mixin.py:188} INFO - [2025-08-02T02:42:27.494+0000] {dagbag.py:540} INFO - Filling up the DagBag from /home/airflow/.local/lib/python3.8/site-packages/airflow/example_dags/example_sla_dag.py
[2025-08-02T02:42:27.517+0000] {processor.py:840} INFO - DAG(s) 'example_sla_dag' retrieved from /home/airflow/.local/lib/python3.8/site-packages/airflow/example_dags/example_sla_dag.py
[2025-08-02T02:42:27.546+0000] {logging_mixin.py:188} INFO - [2025-08-02T02:42:27.545+0000] {dag.py:3047} INFO - Sync 1 DAGs
[2025-08-02T02:42:27.572+0000] {logging_mixin.py:188} INFO - [2025-08-02T02:42:27.572+0000] {dag.py:3834} INFO - Setting next_dagrun for example_sla_dag to 2025-08-02 02:40:00+00:00, run_after=2025-08-02 02:42:00+00:00
[2025-08-02T02:42:27.598+0000] {processor.py:183} INFO - Processing /home/airflow/.local/lib/python3.8/site-packages/airflow/example_dags/example_sla_dag.py took 0.125 seconds
[2025-08-02T02:46:20.891+0000] {processor.py:161} INFO - Started process (PID=77) to work on /home/airflow/.local/lib/python3.8/site-packages/airflow/example_dags/example_sla_dag.py
[2025-08-02T02:46:20.894+0000] {processor.py:830} INFO - Processing file /home/airflow/.local/lib/python3.8/site-packages/airflow/example_dags/example_sla_dag.py for tasks to queue
[2025-08-02T02:46:20.899+0000] {logging_mixin.py:188} INFO - [2025-08-02T02:46:20.898+0000] {dagbag.py:540} INFO - Filling up the DagBag from /home/airflow/.local/lib/python3.8/site-packages/airflow/example_dags/example_sla_dag.py
[2025-08-02T02:46:20.957+0000] {processor.py:840} INFO - DAG(s) 'example_sla_dag' retrieved from /home/airflow/.local/lib/python3.8/site-packages/airflow/example_dags/example_sla_dag.py
[2025-08-02T02:46:21.289+0000] {logging_mixin.py:188} INFO - [2025-08-02T02:46:21.288+0000] {dag.py:3047} INFO - Sync 1 DAGs
[2025-08-02T02:46:21.338+0000] {logging_mixin.py:188} INFO - [2025-08-02T02:46:21.338+0000] {dag.py:3834} INFO - Setting next_dagrun for example_sla_dag to 2025-08-02 02:44:00+00:00, run_after=2025-08-02 02:46:00+00:00
[2025-08-02T02:46:21.392+0000] {processor.py:183} INFO - Processing /home/airflow/.local/lib/python3.8/site-packages/airflow/example_dags/example_sla_dag.py took 0.508 seconds
[2025-08-02T02:47:02.553+0000] {processor.py:161} INFO - Started process (PID=134) to work on /home/airflow/.local/lib/python3.8/site-packages/airflow/example_dags/example_sla_dag.py
[2025-08-02T02:47:02.557+0000] {processor.py:830} INFO - Processing file /home/airflow/.local/lib/python3.8/site-packages/airflow/example_dags/example_sla_dag.py for tasks to queue
[2025-08-02T02:47:02.564+0000] {logging_mixin.py:188} INFO - [2025-08-02T02:47:02.563+0000] {dagbag.py:540} INFO - Filling up the DagBag from /home/airflow/.local/lib/python3.8/site-packages/airflow/example_dags/example_sla_dag.py
[2025-08-02T02:47:02.631+0000] {processor.py:840} INFO - DAG(s) 'example_sla_dag' retrieved from /home/airflow/.local/lib/python3.8/site-packages/airflow/example_dags/example_sla_dag.py
[2025-08-02T02:47:02.794+0000] {logging_mixin.py:188} INFO - [2025-08-02T02:47:02.793+0000] {dag.py:3047} INFO - Sync 1 DAGs
[2025-08-02T02:47:02.989+0000] {logging_mixin.py:188} INFO - [2025-08-02T02:47:02.985+0000] {dag.py:3834} INFO - Setting next_dagrun for example_sla_dag to 2025-08-02 02:44:00+00:00, run_after=2025-08-02 02:46:00+00:00
[2025-08-02T02:47:03.164+0000] {processor.py:183} INFO - Processing /home/airflow/.local/lib/python3.8/site-packages/airflow/example_dags/example_sla_dag.py took 0.626 seconds
[2025-08-02T02:47:34.607+0000] {processor.py:161} INFO - Started process (PID=190) to work on /home/airflow/.local/lib/python3.8/site-packages/airflow/example_dags/example_sla_dag.py
[2025-08-02T02:47:34.609+0000] {processor.py:830} INFO - Processing file /home/airflow/.local/lib/python3.8/site-packages/airflow/example_dags/example_sla_dag.py for tasks to queue
[2025-08-02T02:47:34.612+0000] {logging_mixin.py:188} INFO - [2025-08-02T02:47:34.611+0000] {dagbag.py:540} INFO - Filling up the DagBag from /home/airflow/.local/lib/python3.8/site-packages/airflow/example_dags/example_sla_dag.py
[2025-08-02T02:47:34.638+0000] {processor.py:840} INFO - DAG(s) 'example_sla_dag' retrieved from /home/airflow/.local/lib/python3.8/site-packages/airflow/example_dags/example_sla_dag.py
[2025-08-02T02:47:34.763+0000] {logging_mixin.py:188} INFO - [2025-08-02T02:47:34.763+0000] {dag.py:3047} INFO - Sync 1 DAGs
[2025-08-02T02:47:34.782+0000] {logging_mixin.py:188} INFO - [2025-08-02T02:47:34.782+0000] {dag.py:3834} INFO - Setting next_dagrun for example_sla_dag to 2025-08-02 02:44:00+00:00, run_after=2025-08-02 02:46:00+00:00
[2025-08-02T02:47:34.805+0000] {processor.py:183} INFO - Processing /home/airflow/.local/lib/python3.8/site-packages/airflow/example_dags/example_sla_dag.py took 0.214 seconds
[2025-08-02T02:48:04.861+0000] {processor.py:161} INFO - Started process (PID=245) to work on /home/airflow/.local/lib/python3.8/site-packages/airflow/example_dags/example_sla_dag.py
[2025-08-02T02:48:04.862+0000] {processor.py:830} INFO - Processing file /home/airflow/.local/lib/python3.8/site-packages/airflow/example_dags/example_sla_dag.py for tasks to queue
[2025-08-02T02:48:04.865+0000] {logging_mixin.py:188} INFO - [2025-08-02T02:48:04.865+0000] {dagbag.py:540} INFO - Filling up the DagBag from /home/airflow/.local/lib/python3.8/site-packages/airflow/example_dags/example_sla_dag.py
[2025-08-02T02:48:04.882+0000] {processor.py:840} INFO - DAG(s) 'example_sla_dag' retrieved from /home/airflow/.local/lib/python3.8/site-packages/airflow/example_dags/example_sla_dag.py
[2025-08-02T02:48:04.933+0000] {logging_mixin.py:188} INFO - [2025-08-02T02:48:04.933+0000] {dag.py:3047} INFO - Sync 1 DAGs
[2025-08-02T02:48:04.982+0000] {logging_mixin.py:188} INFO - [2025-08-02T02:48:04.982+0000] {dag.py:3834} INFO - Setting next_dagrun for example_sla_dag to 2025-08-02 02:46:00+00:00, run_after=2025-08-02 02:48:00+00:00
[2025-08-02T02:48:05.066+0000] {processor.py:183} INFO - Processing /home/airflow/.local/lib/python3.8/site-packages/airflow/example_dags/example_sla_dag.py took 0.208 seconds
[2025-08-02T02:48:35.946+0000] {processor.py:161} INFO - Started process (PID=301) to work on /home/airflow/.local/lib/python3.8/site-packages/airflow/example_dags/example_sla_dag.py
[2025-08-02T02:48:35.950+0000] {processor.py:830} INFO - Processing file /home/airflow/.local/lib/python3.8/site-packages/airflow/example_dags/example_sla_dag.py for tasks to queue
[2025-08-02T02:48:35.965+0000] {logging_mixin.py:188} INFO - [2025-08-02T02:48:35.957+0000] {dagbag.py:540} INFO - Filling up the DagBag from /home/airflow/.local/lib/python3.8/site-packages/airflow/example_dags/example_sla_dag.py
[2025-08-02T02:48:36.001+0000] {processor.py:840} INFO - DAG(s) 'example_sla_dag' retrieved from /home/airflow/.local/lib/python3.8/site-packages/airflow/example_dags/example_sla_dag.py
[2025-08-02T02:48:36.049+0000] {logging_mixin.py:188} INFO - [2025-08-02T02:48:36.048+0000] {dag.py:3047} INFO - Sync 1 DAGs
[2025-08-02T02:48:36.081+0000] {logging_mixin.py:188} INFO - [2025-08-02T02:48:36.081+0000] {dag.py:3834} INFO - Setting next_dagrun for example_sla_dag to 2025-08-02 02:46:00+00:00, run_after=2025-08-02 02:48:00+00:00
[2025-08-02T02:48:36.154+0000] {processor.py:183} INFO - Processing /home/airflow/.local/lib/python3.8/site-packages/airflow/example_dags/example_sla_dag.py took 0.215 seconds
[2025-08-02T02:49:06.464+0000] {processor.py:161} INFO - Started process (PID=357) to work on /home/airflow/.local/lib/python3.8/site-packages/airflow/example_dags/example_sla_dag.py
[2025-08-02T02:49:06.473+0000] {processor.py:830} INFO - Processing file /home/airflow/.local/lib/python3.8/site-packages/airflow/example_dags/example_sla_dag.py for tasks to queue
[2025-08-02T02:49:06.477+0000] {logging_mixin.py:188} INFO - [2025-08-02T02:49:06.476+0000] {dagbag.py:540} INFO - Filling up the DagBag from /home/airflow/.local/lib/python3.8/site-packages/airflow/example_dags/example_sla_dag.py
[2025-08-02T02:49:06.486+0000] {processor.py:840} INFO - DAG(s) 'example_sla_dag' retrieved from /home/airflow/.local/lib/python3.8/site-packages/airflow/example_dags/example_sla_dag.py
[2025-08-02T02:49:06.506+0000] {logging_mixin.py:188} INFO - [2025-08-02T02:49:06.505+0000] {dag.py:3047} INFO - Sync 1 DAGs
[2025-08-02T02:49:06.522+0000] {logging_mixin.py:188} INFO - [2025-08-02T02:49:06.522+0000] {dag.py:3834} INFO - Setting next_dagrun for example_sla_dag to 2025-08-02 02:46:00+00:00, run_after=2025-08-02 02:48:00+00:00
[2025-08-02T02:49:06.539+0000] {processor.py:183} INFO - Processing /home/airflow/.local/lib/python3.8/site-packages/airflow/example_dags/example_sla_dag.py took 0.079 seconds
[2025-08-02T02:49:37.118+0000] {processor.py:161} INFO - Started process (PID=413) to work on /home/airflow/.local/lib/python3.8/site-packages/airflow/example_dags/example_sla_dag.py
[2025-08-02T02:49:37.131+0000] {processor.py:830} INFO - Processing file /home/airflow/.local/lib/python3.8/site-packages/airflow/example_dags/example_sla_dag.py for tasks to queue
[2025-08-02T02:49:37.142+0000] {logging_mixin.py:188} INFO - [2025-08-02T02:49:37.142+0000] {dagbag.py:540} INFO - Filling up the DagBag from /home/airflow/.local/lib/python3.8/site-packages/airflow/example_dags/example_sla_dag.py
[2025-08-02T02:49:37.162+0000] {processor.py:840} INFO - DAG(s) 'example_sla_dag' retrieved from /home/airflow/.local/lib/python3.8/site-packages/airflow/example_dags/example_sla_dag.py
[2025-08-02T02:49:37.212+0000] {logging_mixin.py:188} INFO - [2025-08-02T02:49:37.211+0000] {dag.py:3047} INFO - Sync 1 DAGs
[2025-08-02T02:49:37.245+0000] {logging_mixin.py:188} INFO - [2025-08-02T02:49:37.244+0000] {dag.py:3834} INFO - Setting next_dagrun for example_sla_dag to 2025-08-02 02:46:00+00:00, run_after=2025-08-02 02:48:00+00:00
[2025-08-02T02:49:37.270+0000] {processor.py:183} INFO - Processing /home/airflow/.local/lib/python3.8/site-packages/airflow/example_dags/example_sla_dag.py took 0.160 seconds
[2025-08-02T02:50:07.740+0000] {processor.py:161} INFO - Started process (PID=469) to work on /home/airflow/.local/lib/python3.8/site-packages/airflow/example_dags/example_sla_dag.py
[2025-08-02T02:50:07.744+0000] {processor.py:830} INFO - Processing file /home/airflow/.local/lib/python3.8/site-packages/airflow/example_dags/example_sla_dag.py for tasks to queue
[2025-08-02T02:50:07.749+0000] {logging_mixin.py:188} INFO - [2025-08-02T02:50:07.749+0000] {dagbag.py:540} INFO - Filling up the DagBag from /home/airflow/.local/lib/python3.8/site-packages/airflow/example_dags/example_sla_dag.py
[2025-08-02T02:50:07.785+0000] {processor.py:840} INFO - DAG(s) 'example_sla_dag' retrieved from /home/airflow/.local/lib/python3.8/site-packages/airflow/example_dags/example_sla_dag.py
[2025-08-02T02:50:07.836+0000] {logging_mixin.py:188} INFO - [2025-08-02T02:50:07.835+0000] {dag.py:3047} INFO - Sync 1 DAGs
[2025-08-02T02:50:07.868+0000] {logging_mixin.py:188} INFO - [2025-08-02T02:50:07.867+0000] {dag.py:3834} INFO - Setting next_dagrun for example_sla_dag to 2025-08-02 02:48:00+00:00, run_after=2025-08-02 02:50:00+00:00
[2025-08-02T02:50:07.903+0000] {processor.py:183} INFO - Processing /home/airflow/.local/lib/python3.8/site-packages/airflow/example_dags/example_sla_dag.py took 0.179 seconds
[2025-08-02T02:50:39.325+0000] {processor.py:161} INFO - Started process (PID=525) to work on /home/airflow/.local/lib/python3.8/site-packages/airflow/example_dags/example_sla_dag.py
[2025-08-02T02:50:39.328+0000] {processor.py:830} INFO - Processing file /home/airflow/.local/lib/python3.8/site-packages/airflow/example_dags/example_sla_dag.py for tasks to queue
[2025-08-02T02:50:39.332+0000] {logging_mixin.py:188} INFO - [2025-08-02T02:50:39.332+0000] {dagbag.py:540} INFO - Filling up the DagBag from /home/airflow/.local/lib/python3.8/site-packages/airflow/example_dags/example_sla_dag.py
[2025-08-02T02:50:39.351+0000] {processor.py:840} INFO - DAG(s) 'example_sla_dag' retrieved from /home/airflow/.local/lib/python3.8/site-packages/airflow/example_dags/example_sla_dag.py
[2025-08-02T02:50:39.380+0000] {logging_mixin.py:188} INFO - [2025-08-02T02:50:39.379+0000] {dag.py:3047} INFO - Sync 1 DAGs
[2025-08-02T02:50:39.454+0000] {logging_mixin.py:188} INFO - [2025-08-02T02:50:39.453+0000] {dag.py:3834} INFO - Setting next_dagrun for example_sla_dag to 2025-08-02 02:48:00+00:00, run_after=2025-08-02 02:50:00+00:00
[2025-08-02T02:50:39.491+0000] {processor.py:183} INFO - Processing /home/airflow/.local/lib/python3.8/site-packages/airflow/example_dags/example_sla_dag.py took 0.186 seconds
[2025-08-02T02:51:10.734+0000] {processor.py:161} INFO - Started process (PID=581) to work on /home/airflow/.local/lib/python3.8/site-packages/airflow/example_dags/example_sla_dag.py
[2025-08-02T02:51:10.735+0000] {processor.py:830} INFO - Processing file /home/airflow/.local/lib/python3.8/site-packages/airflow/example_dags/example_sla_dag.py for tasks to queue
[2025-08-02T02:51:10.737+0000] {logging_mixin.py:188} INFO - [2025-08-02T02:51:10.737+0000] {dagbag.py:540} INFO - Filling up the DagBag from /home/airflow/.local/lib/python3.8/site-packages/airflow/example_dags/example_sla_dag.py
[2025-08-02T02:51:10.746+0000] {processor.py:840} INFO - DAG(s) 'example_sla_dag' retrieved from /home/airflow/.local/lib/python3.8/site-packages/airflow/example_dags/example_sla_dag.py
[2025-08-02T02:51:10.762+0000] {logging_mixin.py:188} INFO - [2025-08-02T02:51:10.762+0000] {dag.py:3047} INFO - Sync 1 DAGs
[2025-08-02T02:51:10.783+0000] {logging_mixin.py:188} INFO - [2025-08-02T02:51:10.783+0000] {dag.py:3834} INFO - Setting next_dagrun for example_sla_dag to 2025-08-02 02:48:00+00:00, run_after=2025-08-02 02:50:00+00:00
[2025-08-02T02:51:10.812+0000] {processor.py:183} INFO - Processing /home/airflow/.local/lib/python3.8/site-packages/airflow/example_dags/example_sla_dag.py took 0.081 seconds
[2025-08-02T02:51:41.183+0000] {processor.py:161} INFO - Started process (PID=635) to work on /home/airflow/.local/lib/python3.8/site-packages/airflow/example_dags/example_sla_dag.py
[2025-08-02T02:51:41.184+0000] {processor.py:830} INFO - Processing file /home/airflow/.local/lib/python3.8/site-packages/airflow/example_dags/example_sla_dag.py for tasks to queue
[2025-08-02T02:51:41.190+0000] {logging_mixin.py:188} INFO - [2025-08-02T02:51:41.189+0000] {dagbag.py:540} INFO - Filling up the DagBag from /home/airflow/.local/lib/python3.8/site-packages/airflow/example_dags/example_sla_dag.py
[2025-08-02T02:51:41.203+0000] {processor.py:840} INFO - DAG(s) 'example_sla_dag' retrieved from /home/airflow/.local/lib/python3.8/site-packages/airflow/example_dags/example_sla_dag.py
[2025-08-02T02:51:41.237+0000] {logging_mixin.py:188} INFO - [2025-08-02T02:51:41.236+0000] {dag.py:3047} INFO - Sync 1 DAGs
[2025-08-02T02:51:41.262+0000] {logging_mixin.py:188} INFO - [2025-08-02T02:51:41.262+0000] {dag.py:3834} INFO - Setting next_dagrun for example_sla_dag to 2025-08-02 02:48:00+00:00, run_after=2025-08-02 02:50:00+00:00
[2025-08-02T02:51:41.283+0000] {processor.py:183} INFO - Processing /home/airflow/.local/lib/python3.8/site-packages/airflow/example_dags/example_sla_dag.py took 0.102 seconds
[2025-08-02T02:52:11.904+0000] {processor.py:161} INFO - Started process (PID=691) to work on /home/airflow/.local/lib/python3.8/site-packages/airflow/example_dags/example_sla_dag.py
[2025-08-02T02:52:11.906+0000] {processor.py:830} INFO - Processing file /home/airflow/.local/lib/python3.8/site-packages/airflow/example_dags/example_sla_dag.py for tasks to queue
[2025-08-02T02:52:11.907+0000] {logging_mixin.py:188} INFO - [2025-08-02T02:52:11.907+0000] {dagbag.py:540} INFO - Filling up the DagBag from /home/airflow/.local/lib/python3.8/site-packages/airflow/example_dags/example_sla_dag.py
[2025-08-02T02:52:11.916+0000] {processor.py:840} INFO - DAG(s) 'example_sla_dag' retrieved from /home/airflow/.local/lib/python3.8/site-packages/airflow/example_dags/example_sla_dag.py
[2025-08-02T02:52:11.932+0000] {logging_mixin.py:188} INFO - [2025-08-02T02:52:11.932+0000] {dag.py:3047} INFO - Sync 1 DAGs
[2025-08-02T02:52:11.947+0000] {logging_mixin.py:188} INFO - [2025-08-02T02:52:11.947+0000] {dag.py:3834} INFO - Setting next_dagrun for example_sla_dag to 2025-08-02 02:50:00+00:00, run_after=2025-08-02 02:52:00+00:00
[2025-08-02T02:52:11.963+0000] {processor.py:183} INFO - Processing /home/airflow/.local/lib/python3.8/site-packages/airflow/example_dags/example_sla_dag.py took 0.063 seconds
[2025-08-02T02:52:42.224+0000] {processor.py:161} INFO - Started process (PID=747) to work on /home/airflow/.local/lib/python3.8/site-packages/airflow/example_dags/example_sla_dag.py
[2025-08-02T02:52:42.227+0000] {processor.py:830} INFO - Processing file /home/airflow/.local/lib/python3.8/site-packages/airflow/example_dags/example_sla_dag.py for tasks to queue
[2025-08-02T02:52:42.232+0000] {logging_mixin.py:188} INFO - [2025-08-02T02:52:42.231+0000] {dagbag.py:540} INFO - Filling up the DagBag from /home/airflow/.local/lib/python3.8/site-packages/airflow/example_dags/example_sla_dag.py
[2025-08-02T02:52:42.239+0000] {processor.py:840} INFO - DAG(s) 'example_sla_dag' retrieved from /home/airflow/.local/lib/python3.8/site-packages/airflow/example_dags/example_sla_dag.py
[2025-08-02T02:52:42.253+0000] {logging_mixin.py:188} INFO - [2025-08-02T02:52:42.253+0000] {dag.py:3047} INFO - Sync 1 DAGs
[2025-08-02T02:52:42.273+0000] {logging_mixin.py:188} INFO - [2025-08-02T02:52:42.273+0000] {dag.py:3834} INFO - Setting next_dagrun for example_sla_dag to 2025-08-02 02:50:00+00:00, run_after=2025-08-02 02:52:00+00:00
[2025-08-02T02:52:42.289+0000] {processor.py:183} INFO - Processing /home/airflow/.local/lib/python3.8/site-packages/airflow/example_dags/example_sla_dag.py took 0.078 seconds
[2025-08-02T02:56:41.373+0000] {processor.py:161} INFO - Started process (PID=71) to work on /home/airflow/.local/lib/python3.8/site-packages/airflow/example_dags/example_sla_dag.py
[2025-08-02T02:56:41.384+0000] {processor.py:830} INFO - Processing file /home/airflow/.local/lib/python3.8/site-packages/airflow/example_dags/example_sla_dag.py for tasks to queue
[2025-08-02T02:56:41.394+0000] {logging_mixin.py:188} INFO - [2025-08-02T02:56:41.392+0000] {dagbag.py:540} INFO - Filling up the DagBag from /home/airflow/.local/lib/python3.8/site-packages/airflow/example_dags/example_sla_dag.py
[2025-08-02T02:56:41.439+0000] {processor.py:840} INFO - DAG(s) 'example_sla_dag' retrieved from /home/airflow/.local/lib/python3.8/site-packages/airflow/example_dags/example_sla_dag.py
[2025-08-02T02:56:41.475+0000] {logging_mixin.py:188} INFO - [2025-08-02T02:56:41.474+0000] {dag.py:3047} INFO - Sync 1 DAGs
[2025-08-02T02:56:41.533+0000] {logging_mixin.py:188} INFO - [2025-08-02T02:56:41.532+0000] {dag.py:3834} INFO - Setting next_dagrun for example_sla_dag to 2025-08-02 02:54:00+00:00, run_after=2025-08-02 02:56:00+00:00
[2025-08-02T02:56:41.573+0000] {processor.py:183} INFO - Processing /home/airflow/.local/lib/python3.8/site-packages/airflow/example_dags/example_sla_dag.py took 0.226 seconds
[2025-08-02T02:57:11.782+0000] {processor.py:161} INFO - Started process (PID=127) to work on /home/airflow/.local/lib/python3.8/site-packages/airflow/example_dags/example_sla_dag.py
[2025-08-02T02:57:11.787+0000] {processor.py:830} INFO - Processing file /home/airflow/.local/lib/python3.8/site-packages/airflow/example_dags/example_sla_dag.py for tasks to queue
[2025-08-02T02:57:11.792+0000] {logging_mixin.py:188} INFO - [2025-08-02T02:57:11.792+0000] {dagbag.py:540} INFO - Filling up the DagBag from /home/airflow/.local/lib/python3.8/site-packages/airflow/example_dags/example_sla_dag.py
[2025-08-02T02:57:11.800+0000] {processor.py:840} INFO - DAG(s) 'example_sla_dag' retrieved from /home/airflow/.local/lib/python3.8/site-packages/airflow/example_dags/example_sla_dag.py
[2025-08-02T02:57:11.966+0000] {logging_mixin.py:188} INFO - [2025-08-02T02:57:11.961+0000] {dag.py:3047} INFO - Sync 1 DAGs
[2025-08-02T02:57:12.024+0000] {logging_mixin.py:188} INFO - [2025-08-02T02:57:12.024+0000] {dag.py:3834} INFO - Setting next_dagrun for example_sla_dag to 2025-08-02 02:54:00+00:00, run_after=2025-08-02 02:56:00+00:00
[2025-08-02T02:57:12.084+0000] {processor.py:183} INFO - Processing /home/airflow/.local/lib/python3.8/site-packages/airflow/example_dags/example_sla_dag.py took 0.307 seconds
[2025-08-02T02:57:43.796+0000] {processor.py:161} INFO - Started process (PID=183) to work on /home/airflow/.local/lib/python3.8/site-packages/airflow/example_dags/example_sla_dag.py
[2025-08-02T02:57:43.799+0000] {processor.py:830} INFO - Processing file /home/airflow/.local/lib/python3.8/site-packages/airflow/example_dags/example_sla_dag.py for tasks to queue
[2025-08-02T02:57:43.801+0000] {logging_mixin.py:188} INFO - [2025-08-02T02:57:43.801+0000] {dagbag.py:540} INFO - Filling up the DagBag from /home/airflow/.local/lib/python3.8/site-packages/airflow/example_dags/example_sla_dag.py
[2025-08-02T02:57:43.813+0000] {processor.py:840} INFO - DAG(s) 'example_sla_dag' retrieved from /home/airflow/.local/lib/python3.8/site-packages/airflow/example_dags/example_sla_dag.py
[2025-08-02T02:57:43.850+0000] {logging_mixin.py:188} INFO - [2025-08-02T02:57:43.849+0000] {dag.py:3047} INFO - Sync 1 DAGs
[2025-08-02T02:57:43.878+0000] {logging_mixin.py:188} INFO - [2025-08-02T02:57:43.878+0000] {dag.py:3834} INFO - Setting next_dagrun for example_sla_dag to 2025-08-02 02:54:00+00:00, run_after=2025-08-02 02:56:00+00:00
[2025-08-02T02:57:43.906+0000] {processor.py:183} INFO - Processing /home/airflow/.local/lib/python3.8/site-packages/airflow/example_dags/example_sla_dag.py took 0.116 seconds
[2025-08-02T02:58:14.708+0000] {processor.py:161} INFO - Started process (PID=239) to work on /home/airflow/.local/lib/python3.8/site-packages/airflow/example_dags/example_sla_dag.py
[2025-08-02T02:58:14.709+0000] {processor.py:830} INFO - Processing file /home/airflow/.local/lib/python3.8/site-packages/airflow/example_dags/example_sla_dag.py for tasks to queue
[2025-08-02T02:58:14.713+0000] {logging_mixin.py:188} INFO - [2025-08-02T02:58:14.713+0000] {dagbag.py:540} INFO - Filling up the DagBag from /home/airflow/.local/lib/python3.8/site-packages/airflow/example_dags/example_sla_dag.py
[2025-08-02T02:58:14.744+0000] {processor.py:840} INFO - DAG(s) 'example_sla_dag' retrieved from /home/airflow/.local/lib/python3.8/site-packages/airflow/example_dags/example_sla_dag.py
[2025-08-02T02:58:14.785+0000] {logging_mixin.py:188} INFO - [2025-08-02T02:58:14.785+0000] {dag.py:3047} INFO - Sync 1 DAGs
[2025-08-02T02:58:14.824+0000] {logging_mixin.py:188} INFO - [2025-08-02T02:58:14.824+0000] {dag.py:3834} INFO - Setting next_dagrun for example_sla_dag to 2025-08-02 02:56:00+00:00, run_after=2025-08-02 02:58:00+00:00
[2025-08-02T02:58:14.846+0000] {processor.py:183} INFO - Processing /home/airflow/.local/lib/python3.8/site-packages/airflow/example_dags/example_sla_dag.py took 0.144 seconds
[2025-08-02T02:58:45.469+0000] {processor.py:161} INFO - Started process (PID=295) to work on /home/airflow/.local/lib/python3.8/site-packages/airflow/example_dags/example_sla_dag.py
[2025-08-02T02:58:45.473+0000] {processor.py:830} INFO - Processing file /home/airflow/.local/lib/python3.8/site-packages/airflow/example_dags/example_sla_dag.py for tasks to queue
[2025-08-02T02:58:45.475+0000] {logging_mixin.py:188} INFO - [2025-08-02T02:58:45.475+0000] {dagbag.py:540} INFO - Filling up the DagBag from /home/airflow/.local/lib/python3.8/site-packages/airflow/example_dags/example_sla_dag.py
[2025-08-02T02:58:45.486+0000] {processor.py:840} INFO - DAG(s) 'example_sla_dag' retrieved from /home/airflow/.local/lib/python3.8/site-packages/airflow/example_dags/example_sla_dag.py
[2025-08-02T02:58:45.502+0000] {logging_mixin.py:188} INFO - [2025-08-02T02:58:45.501+0000] {dag.py:3047} INFO - Sync 1 DAGs
[2025-08-02T02:58:45.523+0000] {logging_mixin.py:188} INFO - [2025-08-02T02:58:45.523+0000] {dag.py:3834} INFO - Setting next_dagrun for example_sla_dag to 2025-08-02 02:56:00+00:00, run_after=2025-08-02 02:58:00+00:00
[2025-08-02T02:58:45.551+0000] {processor.py:183} INFO - Processing /home/airflow/.local/lib/python3.8/site-packages/airflow/example_dags/example_sla_dag.py took 0.085 seconds
[2025-08-02T02:59:15.962+0000] {processor.py:161} INFO - Started process (PID=351) to work on /home/airflow/.local/lib/python3.8/site-packages/airflow/example_dags/example_sla_dag.py
[2025-08-02T02:59:15.964+0000] {processor.py:830} INFO - Processing file /home/airflow/.local/lib/python3.8/site-packages/airflow/example_dags/example_sla_dag.py for tasks to queue
[2025-08-02T02:59:15.970+0000] {logging_mixin.py:188} INFO - [2025-08-02T02:59:15.967+0000] {dagbag.py:540} INFO - Filling up the DagBag from /home/airflow/.local/lib/python3.8/site-packages/airflow/example_dags/example_sla_dag.py
[2025-08-02T02:59:16.005+0000] {processor.py:840} INFO - DAG(s) 'example_sla_dag' retrieved from /home/airflow/.local/lib/python3.8/site-packages/airflow/example_dags/example_sla_dag.py
[2025-08-02T02:59:16.035+0000] {logging_mixin.py:188} INFO - [2025-08-02T02:59:16.035+0000] {dag.py:3047} INFO - Sync 1 DAGs
[2025-08-02T02:59:16.071+0000] {logging_mixin.py:188} INFO - [2025-08-02T02:59:16.071+0000] {dag.py:3834} INFO - Setting next_dagrun for example_sla_dag to 2025-08-02 02:56:00+00:00, run_after=2025-08-02 02:58:00+00:00
[2025-08-02T02:59:16.105+0000] {processor.py:183} INFO - Processing /home/airflow/.local/lib/python3.8/site-packages/airflow/example_dags/example_sla_dag.py took 0.147 seconds
[2025-08-02T02:59:46.232+0000] {processor.py:161} INFO - Started process (PID=407) to work on /home/airflow/.local/lib/python3.8/site-packages/airflow/example_dags/example_sla_dag.py
[2025-08-02T02:59:46.237+0000] {processor.py:830} INFO - Processing file /home/airflow/.local/lib/python3.8/site-packages/airflow/example_dags/example_sla_dag.py for tasks to queue
[2025-08-02T02:59:46.241+0000] {logging_mixin.py:188} INFO - [2025-08-02T02:59:46.241+0000] {dagbag.py:540} INFO - Filling up the DagBag from /home/airflow/.local/lib/python3.8/site-packages/airflow/example_dags/example_sla_dag.py
[2025-08-02T02:59:46.256+0000] {processor.py:840} INFO - DAG(s) 'example_sla_dag' retrieved from /home/airflow/.local/lib/python3.8/site-packages/airflow/example_dags/example_sla_dag.py
[2025-08-02T02:59:46.279+0000] {logging_mixin.py:188} INFO - [2025-08-02T02:59:46.279+0000] {dag.py:3047} INFO - Sync 1 DAGs
[2025-08-02T02:59:46.300+0000] {logging_mixin.py:188} INFO - [2025-08-02T02:59:46.300+0000] {dag.py:3834} INFO - Setting next_dagrun for example_sla_dag to 2025-08-02 02:56:00+00:00, run_after=2025-08-02 02:58:00+00:00
[2025-08-02T02:59:46.320+0000] {processor.py:183} INFO - Processing /home/airflow/.local/lib/python3.8/site-packages/airflow/example_dags/example_sla_dag.py took 0.096 seconds
[2025-08-02T03:00:16.360+0000] {processor.py:161} INFO - Started process (PID=462) to work on /home/airflow/.local/lib/python3.8/site-packages/airflow/example_dags/example_sla_dag.py
[2025-08-02T03:00:16.362+0000] {processor.py:830} INFO - Processing file /home/airflow/.local/lib/python3.8/site-packages/airflow/example_dags/example_sla_dag.py for tasks to queue
[2025-08-02T03:00:16.367+0000] {logging_mixin.py:188} INFO - [2025-08-02T03:00:16.367+0000] {dagbag.py:540} INFO - Filling up the DagBag from /home/airflow/.local/lib/python3.8/site-packages/airflow/example_dags/example_sla_dag.py
[2025-08-02T03:00:16.376+0000] {processor.py:840} INFO - DAG(s) 'example_sla_dag' retrieved from /home/airflow/.local/lib/python3.8/site-packages/airflow/example_dags/example_sla_dag.py
[2025-08-02T03:00:16.395+0000] {logging_mixin.py:188} INFO - [2025-08-02T03:00:16.394+0000] {dag.py:3047} INFO - Sync 1 DAGs
[2025-08-02T03:00:16.416+0000] {logging_mixin.py:188} INFO - [2025-08-02T03:00:16.416+0000] {dag.py:3834} INFO - Setting next_dagrun for example_sla_dag to 2025-08-02 02:58:00+00:00, run_after=2025-08-02 03:00:00+00:00
[2025-08-02T03:00:16.450+0000] {processor.py:183} INFO - Processing /home/airflow/.local/lib/python3.8/site-packages/airflow/example_dags/example_sla_dag.py took 0.093 seconds
[2025-08-02T03:00:46.808+0000] {processor.py:161} INFO - Started process (PID=519) to work on /home/airflow/.local/lib/python3.8/site-packages/airflow/example_dags/example_sla_dag.py
[2025-08-02T03:00:46.812+0000] {processor.py:830} INFO - Processing file /home/airflow/.local/lib/python3.8/site-packages/airflow/example_dags/example_sla_dag.py for tasks to queue
[2025-08-02T03:00:46.823+0000] {logging_mixin.py:188} INFO - [2025-08-02T03:00:46.822+0000] {dagbag.py:540} INFO - Filling up the DagBag from /home/airflow/.local/lib/python3.8/site-packages/airflow/example_dags/example_sla_dag.py
[2025-08-02T03:00:46.859+0000] {processor.py:840} INFO - DAG(s) 'example_sla_dag' retrieved from /home/airflow/.local/lib/python3.8/site-packages/airflow/example_dags/example_sla_dag.py
[2025-08-02T03:00:46.932+0000] {logging_mixin.py:188} INFO - [2025-08-02T03:00:46.932+0000] {dag.py:3047} INFO - Sync 1 DAGs
[2025-08-02T03:00:46.984+0000] {logging_mixin.py:188} INFO - [2025-08-02T03:00:46.984+0000] {dag.py:3834} INFO - Setting next_dagrun for example_sla_dag to 2025-08-02 02:58:00+00:00, run_after=2025-08-02 03:00:00+00:00
[2025-08-02T03:00:47.026+0000] {processor.py:183} INFO - Processing /home/airflow/.local/lib/python3.8/site-packages/airflow/example_dags/example_sla_dag.py took 0.235 seconds
[2025-08-02T03:01:17.267+0000] {processor.py:161} INFO - Started process (PID=575) to work on /home/airflow/.local/lib/python3.8/site-packages/airflow/example_dags/example_sla_dag.py
[2025-08-02T03:01:17.269+0000] {processor.py:830} INFO - Processing file /home/airflow/.local/lib/python3.8/site-packages/airflow/example_dags/example_sla_dag.py for tasks to queue
[2025-08-02T03:01:17.271+0000] {logging_mixin.py:188} INFO - [2025-08-02T03:01:17.271+0000] {dagbag.py:540} INFO - Filling up the DagBag from /home/airflow/.local/lib/python3.8/site-packages/airflow/example_dags/example_sla_dag.py
[2025-08-02T03:01:17.277+0000] {processor.py:840} INFO - DAG(s) 'example_sla_dag' retrieved from /home/airflow/.local/lib/python3.8/site-packages/airflow/example_dags/example_sla_dag.py
[2025-08-02T03:01:17.301+0000] {logging_mixin.py:188} INFO - [2025-08-02T03:01:17.301+0000] {dag.py:3047} INFO - Sync 1 DAGs
[2025-08-02T03:01:17.317+0000] {logging_mixin.py:188} INFO - [2025-08-02T03:01:17.317+0000] {dag.py:3834} INFO - Setting next_dagrun for example_sla_dag to 2025-08-02 02:58:00+00:00, run_after=2025-08-02 03:00:00+00:00
[2025-08-02T03:01:17.332+0000] {processor.py:183} INFO - Processing /home/airflow/.local/lib/python3.8/site-packages/airflow/example_dags/example_sla_dag.py took 0.067 seconds
[2025-08-02T03:01:48.622+0000] {processor.py:161} INFO - Started process (PID=631) to work on /home/airflow/.local/lib/python3.8/site-packages/airflow/example_dags/example_sla_dag.py
[2025-08-02T03:01:48.624+0000] {processor.py:830} INFO - Processing file /home/airflow/.local/lib/python3.8/site-packages/airflow/example_dags/example_sla_dag.py for tasks to queue
[2025-08-02T03:01:48.632+0000] {logging_mixin.py:188} INFO - [2025-08-02T03:01:48.631+0000] {dagbag.py:540} INFO - Filling up the DagBag from /home/airflow/.local/lib/python3.8/site-packages/airflow/example_dags/example_sla_dag.py
[2025-08-02T03:01:48.644+0000] {processor.py:840} INFO - DAG(s) 'example_sla_dag' retrieved from /home/airflow/.local/lib/python3.8/site-packages/airflow/example_dags/example_sla_dag.py
[2025-08-02T03:01:48.664+0000] {logging_mixin.py:188} INFO - [2025-08-02T03:01:48.664+0000] {dag.py:3047} INFO - Sync 1 DAGs
[2025-08-02T03:01:48.682+0000] {logging_mixin.py:188} INFO - [2025-08-02T03:01:48.681+0000] {dag.py:3834} INFO - Setting next_dagrun for example_sla_dag to 2025-08-02 02:58:00+00:00, run_after=2025-08-02 03:00:00+00:00
[2025-08-02T03:01:48.701+0000] {processor.py:183} INFO - Processing /home/airflow/.local/lib/python3.8/site-packages/airflow/example_dags/example_sla_dag.py took 0.085 seconds
[2025-08-02T03:02:20.589+0000] {processor.py:161} INFO - Started process (PID=687) to work on /home/airflow/.local/lib/python3.8/site-packages/airflow/example_dags/example_sla_dag.py
[2025-08-02T03:02:20.591+0000] {processor.py:830} INFO - Processing file /home/airflow/.local/lib/python3.8/site-packages/airflow/example_dags/example_sla_dag.py for tasks to queue
[2025-08-02T03:02:20.594+0000] {logging_mixin.py:188} INFO - [2025-08-02T03:02:20.594+0000] {dagbag.py:540} INFO - Filling up the DagBag from /home/airflow/.local/lib/python3.8/site-packages/airflow/example_dags/example_sla_dag.py
[2025-08-02T03:02:20.603+0000] {processor.py:840} INFO - DAG(s) 'example_sla_dag' retrieved from /home/airflow/.local/lib/python3.8/site-packages/airflow/example_dags/example_sla_dag.py
[2025-08-02T03:02:20.633+0000] {logging_mixin.py:188} INFO - [2025-08-02T03:02:20.632+0000] {dag.py:3047} INFO - Sync 1 DAGs
[2025-08-02T03:02:20.685+0000] {logging_mixin.py:188} INFO - [2025-08-02T03:02:20.685+0000] {dag.py:3834} INFO - Setting next_dagrun for example_sla_dag to 2025-08-02 03:00:00+00:00, run_after=2025-08-02 03:02:00+00:00
[2025-08-02T03:02:20.718+0000] {processor.py:183} INFO - Processing /home/airflow/.local/lib/python3.8/site-packages/airflow/example_dags/example_sla_dag.py took 0.133 seconds
[2025-08-02T03:02:51.436+0000] {processor.py:161} INFO - Started process (PID=743) to work on /home/airflow/.local/lib/python3.8/site-packages/airflow/example_dags/example_sla_dag.py
[2025-08-02T03:02:51.440+0000] {processor.py:830} INFO - Processing file /home/airflow/.local/lib/python3.8/site-packages/airflow/example_dags/example_sla_dag.py for tasks to queue
[2025-08-02T03:02:51.458+0000] {logging_mixin.py:188} INFO - [2025-08-02T03:02:51.457+0000] {dagbag.py:540} INFO - Filling up the DagBag from /home/airflow/.local/lib/python3.8/site-packages/airflow/example_dags/example_sla_dag.py
[2025-08-02T03:02:51.481+0000] {processor.py:840} INFO - DAG(s) 'example_sla_dag' retrieved from /home/airflow/.local/lib/python3.8/site-packages/airflow/example_dags/example_sla_dag.py
[2025-08-02T03:02:51.564+0000] {logging_mixin.py:188} INFO - [2025-08-02T03:02:51.563+0000] {dag.py:3047} INFO - Sync 1 DAGs
[2025-08-02T03:02:51.623+0000] {logging_mixin.py:188} INFO - [2025-08-02T03:02:51.622+0000] {dag.py:3834} INFO - Setting next_dagrun for example_sla_dag to 2025-08-02 03:00:00+00:00, run_after=2025-08-02 03:02:00+00:00
[2025-08-02T03:02:51.667+0000] {processor.py:183} INFO - Processing /home/airflow/.local/lib/python3.8/site-packages/airflow/example_dags/example_sla_dag.py took 0.236 seconds
[2025-08-02T03:03:22.344+0000] {processor.py:161} INFO - Started process (PID=799) to work on /home/airflow/.local/lib/python3.8/site-packages/airflow/example_dags/example_sla_dag.py
[2025-08-02T03:03:22.344+0000] {processor.py:830} INFO - Processing file /home/airflow/.local/lib/python3.8/site-packages/airflow/example_dags/example_sla_dag.py for tasks to queue
[2025-08-02T03:03:22.345+0000] {logging_mixin.py:188} INFO - [2025-08-02T03:03:22.345+0000] {dagbag.py:540} INFO - Filling up the DagBag from /home/airflow/.local/lib/python3.8/site-packages/airflow/example_dags/example_sla_dag.py
[2025-08-02T03:03:22.351+0000] {processor.py:840} INFO - DAG(s) 'example_sla_dag' retrieved from /home/airflow/.local/lib/python3.8/site-packages/airflow/example_dags/example_sla_dag.py
[2025-08-02T03:03:22.364+0000] {logging_mixin.py:188} INFO - [2025-08-02T03:03:22.364+0000] {dag.py:3047} INFO - Sync 1 DAGs
[2025-08-02T03:03:22.383+0000] {logging_mixin.py:188} INFO - [2025-08-02T03:03:22.383+0000] {dag.py:3834} INFO - Setting next_dagrun for example_sla_dag to 2025-08-02 03:00:00+00:00, run_after=2025-08-02 03:02:00+00:00
[2025-08-02T03:03:22.395+0000] {processor.py:183} INFO - Processing /home/airflow/.local/lib/python3.8/site-packages/airflow/example_dags/example_sla_dag.py took 0.053 seconds
[2025-08-02T03:03:52.919+0000] {processor.py:161} INFO - Started process (PID=855) to work on /home/airflow/.local/lib/python3.8/site-packages/airflow/example_dags/example_sla_dag.py
[2025-08-02T03:03:52.920+0000] {processor.py:830} INFO - Processing file /home/airflow/.local/lib/python3.8/site-packages/airflow/example_dags/example_sla_dag.py for tasks to queue
[2025-08-02T03:03:52.922+0000] {logging_mixin.py:188} INFO - [2025-08-02T03:03:52.921+0000] {dagbag.py:540} INFO - Filling up the DagBag from /home/airflow/.local/lib/python3.8/site-packages/airflow/example_dags/example_sla_dag.py
[2025-08-02T03:03:52.928+0000] {processor.py:840} INFO - DAG(s) 'example_sla_dag' retrieved from /home/airflow/.local/lib/python3.8/site-packages/airflow/example_dags/example_sla_dag.py
[2025-08-02T03:03:52.947+0000] {logging_mixin.py:188} INFO - [2025-08-02T03:03:52.946+0000] {dag.py:3047} INFO - Sync 1 DAGs
[2025-08-02T03:03:52.987+0000] {logging_mixin.py:188} INFO - [2025-08-02T03:03:52.987+0000] {dag.py:3834} INFO - Setting next_dagrun for example_sla_dag to 2025-08-02 03:00:00+00:00, run_after=2025-08-02 03:02:00+00:00
[2025-08-02T03:03:53.013+0000] {processor.py:183} INFO - Processing /home/airflow/.local/lib/python3.8/site-packages/airflow/example_dags/example_sla_dag.py took 0.097 seconds
[2025-08-02T03:04:24.031+0000] {processor.py:161} INFO - Started process (PID=911) to work on /home/airflow/.local/lib/python3.8/site-packages/airflow/example_dags/example_sla_dag.py
[2025-08-02T03:04:24.034+0000] {processor.py:830} INFO - Processing file /home/airflow/.local/lib/python3.8/site-packages/airflow/example_dags/example_sla_dag.py for tasks to queue
[2025-08-02T03:04:24.036+0000] {logging_mixin.py:188} INFO - [2025-08-02T03:04:24.036+0000] {dagbag.py:540} INFO - Filling up the DagBag from /home/airflow/.local/lib/python3.8/site-packages/airflow/example_dags/example_sla_dag.py
[2025-08-02T03:04:24.054+0000] {processor.py:840} INFO - DAG(s) 'example_sla_dag' retrieved from /home/airflow/.local/lib/python3.8/site-packages/airflow/example_dags/example_sla_dag.py
[2025-08-02T03:04:24.068+0000] {logging_mixin.py:188} INFO - [2025-08-02T03:04:24.068+0000] {dag.py:3047} INFO - Sync 1 DAGs
[2025-08-02T03:04:24.085+0000] {logging_mixin.py:188} INFO - [2025-08-02T03:04:24.085+0000] {dag.py:3834} INFO - Setting next_dagrun for example_sla_dag to 2025-08-02 03:02:00+00:00, run_after=2025-08-02 03:04:00+00:00
[2025-08-02T03:04:24.098+0000] {processor.py:183} INFO - Processing /home/airflow/.local/lib/python3.8/site-packages/airflow/example_dags/example_sla_dag.py took 0.070 seconds
[2025-08-02T03:04:54.860+0000] {processor.py:161} INFO - Started process (PID=968) to work on /home/airflow/.local/lib/python3.8/site-packages/airflow/example_dags/example_sla_dag.py
[2025-08-02T03:04:54.863+0000] {processor.py:830} INFO - Processing file /home/airflow/.local/lib/python3.8/site-packages/airflow/example_dags/example_sla_dag.py for tasks to queue
[2025-08-02T03:04:54.868+0000] {logging_mixin.py:188} INFO - [2025-08-02T03:04:54.867+0000] {dagbag.py:540} INFO - Filling up the DagBag from /home/airflow/.local/lib/python3.8/site-packages/airflow/example_dags/example_sla_dag.py
[2025-08-02T03:04:54.881+0000] {processor.py:840} INFO - DAG(s) 'example_sla_dag' retrieved from /home/airflow/.local/lib/python3.8/site-packages/airflow/example_dags/example_sla_dag.py
[2025-08-02T03:04:54.915+0000] {logging_mixin.py:188} INFO - [2025-08-02T03:04:54.915+0000] {dag.py:3047} INFO - Sync 1 DAGs
[2025-08-02T03:04:54.935+0000] {logging_mixin.py:188} INFO - [2025-08-02T03:04:54.935+0000] {dag.py:3834} INFO - Setting next_dagrun for example_sla_dag to 2025-08-02 03:02:00+00:00, run_after=2025-08-02 03:04:00+00:00
[2025-08-02T03:04:54.964+0000] {processor.py:183} INFO - Processing /home/airflow/.local/lib/python3.8/site-packages/airflow/example_dags/example_sla_dag.py took 0.107 seconds
[2025-08-02T03:05:26.939+0000] {processor.py:161} INFO - Started process (PID=1024) to work on /home/airflow/.local/lib/python3.8/site-packages/airflow/example_dags/example_sla_dag.py
[2025-08-02T03:05:26.952+0000] {processor.py:830} INFO - Processing file /home/airflow/.local/lib/python3.8/site-packages/airflow/example_dags/example_sla_dag.py for tasks to queue
[2025-08-02T03:05:26.969+0000] {logging_mixin.py:188} INFO - [2025-08-02T03:05:26.968+0000] {dagbag.py:540} INFO - Filling up the DagBag from /home/airflow/.local/lib/python3.8/site-packages/airflow/example_dags/example_sla_dag.py
[2025-08-02T03:05:27.034+0000] {processor.py:840} INFO - DAG(s) 'example_sla_dag' retrieved from /home/airflow/.local/lib/python3.8/site-packages/airflow/example_dags/example_sla_dag.py
[2025-08-02T03:05:27.206+0000] {logging_mixin.py:188} INFO - [2025-08-02T03:05:27.204+0000] {dag.py:3047} INFO - Sync 1 DAGs
[2025-08-02T03:05:28.022+0000] {logging_mixin.py:188} INFO - [2025-08-02T03:05:28.020+0000] {dag.py:3834} INFO - Setting next_dagrun for example_sla_dag to 2025-08-02 03:02:00+00:00, run_after=2025-08-02 03:04:00+00:00
[2025-08-02T03:05:28.107+0000] {processor.py:183} INFO - Processing /home/airflow/.local/lib/python3.8/site-packages/airflow/example_dags/example_sla_dag.py took 1.178 seconds
[2025-08-02T03:05:58.663+0000] {processor.py:161} INFO - Started process (PID=1080) to work on /home/airflow/.local/lib/python3.8/site-packages/airflow/example_dags/example_sla_dag.py
[2025-08-02T03:05:58.667+0000] {processor.py:830} INFO - Processing file /home/airflow/.local/lib/python3.8/site-packages/airflow/example_dags/example_sla_dag.py for tasks to queue
[2025-08-02T03:05:58.677+0000] {logging_mixin.py:188} INFO - [2025-08-02T03:05:58.676+0000] {dagbag.py:540} INFO - Filling up the DagBag from /home/airflow/.local/lib/python3.8/site-packages/airflow/example_dags/example_sla_dag.py
[2025-08-02T03:05:58.702+0000] {processor.py:840} INFO - DAG(s) 'example_sla_dag' retrieved from /home/airflow/.local/lib/python3.8/site-packages/airflow/example_dags/example_sla_dag.py
[2025-08-02T03:05:58.737+0000] {logging_mixin.py:188} INFO - [2025-08-02T03:05:58.737+0000] {dag.py:3047} INFO - Sync 1 DAGs
[2025-08-02T03:05:58.781+0000] {logging_mixin.py:188} INFO - [2025-08-02T03:05:58.781+0000] {dag.py:3834} INFO - Setting next_dagrun for example_sla_dag to 2025-08-02 03:02:00+00:00, run_after=2025-08-02 03:04:00+00:00
[2025-08-02T03:05:58.803+0000] {processor.py:183} INFO - Processing /home/airflow/.local/lib/python3.8/site-packages/airflow/example_dags/example_sla_dag.py took 0.153 seconds
[2025-08-02T03:06:35.585+0000] {processor.py:161} INFO - Started process (PID=1136) to work on /home/airflow/.local/lib/python3.8/site-packages/airflow/example_dags/example_sla_dag.py
[2025-08-02T03:06:35.591+0000] {processor.py:830} INFO - Processing file /home/airflow/.local/lib/python3.8/site-packages/airflow/example_dags/example_sla_dag.py for tasks to queue
[2025-08-02T03:06:35.593+0000] {logging_mixin.py:188} INFO - [2025-08-02T03:06:35.592+0000] {dagbag.py:540} INFO - Filling up the DagBag from /home/airflow/.local/lib/python3.8/site-packages/airflow/example_dags/example_sla_dag.py
[2025-08-02T03:06:35.605+0000] {processor.py:840} INFO - DAG(s) 'example_sla_dag' retrieved from /home/airflow/.local/lib/python3.8/site-packages/airflow/example_dags/example_sla_dag.py
[2025-08-02T03:06:35.640+0000] {logging_mixin.py:188} INFO - [2025-08-02T03:06:35.639+0000] {dag.py:3047} INFO - Sync 1 DAGs
[2025-08-02T03:06:35.690+0000] {logging_mixin.py:188} INFO - [2025-08-02T03:06:35.690+0000] {dag.py:3834} INFO - Setting next_dagrun for example_sla_dag to 2025-08-02 03:04:00+00:00, run_after=2025-08-02 03:06:00+00:00
[2025-08-02T03:06:35.796+0000] {processor.py:183} INFO - Processing /home/airflow/.local/lib/python3.8/site-packages/airflow/example_dags/example_sla_dag.py took 0.221 seconds
[2025-08-02T03:07:07.960+0000] {processor.py:161} INFO - Started process (PID=1191) to work on /home/airflow/.local/lib/python3.8/site-packages/airflow/example_dags/example_sla_dag.py
[2025-08-02T03:07:07.962+0000] {processor.py:830} INFO - Processing file /home/airflow/.local/lib/python3.8/site-packages/airflow/example_dags/example_sla_dag.py for tasks to queue
[2025-08-02T03:07:07.964+0000] {logging_mixin.py:188} INFO - [2025-08-02T03:07:07.964+0000] {dagbag.py:540} INFO - Filling up the DagBag from /home/airflow/.local/lib/python3.8/site-packages/airflow/example_dags/example_sla_dag.py
[2025-08-02T03:07:07.975+0000] {processor.py:840} INFO - DAG(s) 'example_sla_dag' retrieved from /home/airflow/.local/lib/python3.8/site-packages/airflow/example_dags/example_sla_dag.py
[2025-08-02T03:07:07.998+0000] {logging_mixin.py:188} INFO - [2025-08-02T03:07:07.998+0000] {dag.py:3047} INFO - Sync 1 DAGs
[2025-08-02T03:07:08.028+0000] {logging_mixin.py:188} INFO - [2025-08-02T03:07:08.028+0000] {dag.py:3834} INFO - Setting next_dagrun for example_sla_dag to 2025-08-02 03:04:00+00:00, run_after=2025-08-02 03:06:00+00:00
[2025-08-02T03:07:08.061+0000] {processor.py:183} INFO - Processing /home/airflow/.local/lib/python3.8/site-packages/airflow/example_dags/example_sla_dag.py took 0.105 seconds
[2025-08-02T03:07:38.247+0000] {processor.py:161} INFO - Started process (PID=1247) to work on /home/airflow/.local/lib/python3.8/site-packages/airflow/example_dags/example_sla_dag.py
[2025-08-02T03:07:38.248+0000] {processor.py:830} INFO - Processing file /home/airflow/.local/lib/python3.8/site-packages/airflow/example_dags/example_sla_dag.py for tasks to queue
[2025-08-02T03:07:38.251+0000] {logging_mixin.py:188} INFO - [2025-08-02T03:07:38.251+0000] {dagbag.py:540} INFO - Filling up the DagBag from /home/airflow/.local/lib/python3.8/site-packages/airflow/example_dags/example_sla_dag.py
[2025-08-02T03:07:38.262+0000] {processor.py:840} INFO - DAG(s) 'example_sla_dag' retrieved from /home/airflow/.local/lib/python3.8/site-packages/airflow/example_dags/example_sla_dag.py
[2025-08-02T03:07:38.293+0000] {logging_mixin.py:188} INFO - [2025-08-02T03:07:38.292+0000] {dag.py:3047} INFO - Sync 1 DAGs
[2025-08-02T03:07:38.323+0000] {logging_mixin.py:188} INFO - [2025-08-02T03:07:38.322+0000] {dag.py:3834} INFO - Setting next_dagrun for example_sla_dag to 2025-08-02 03:04:00+00:00, run_after=2025-08-02 03:06:00+00:00
[2025-08-02T03:07:38.342+0000] {processor.py:183} INFO - Processing /home/airflow/.local/lib/python3.8/site-packages/airflow/example_dags/example_sla_dag.py took 0.098 seconds
[2025-08-02T03:09:01.373+0000] {processor.py:161} INFO - Started process (PID=81) to work on /home/airflow/.local/lib/python3.8/site-packages/airflow/example_dags/example_sla_dag.py
[2025-08-02T03:09:01.376+0000] {processor.py:830} INFO - Processing file /home/airflow/.local/lib/python3.8/site-packages/airflow/example_dags/example_sla_dag.py for tasks to queue
[2025-08-02T03:09:01.379+0000] {logging_mixin.py:188} INFO - [2025-08-02T03:09:01.378+0000] {dagbag.py:540} INFO - Filling up the DagBag from /home/airflow/.local/lib/python3.8/site-packages/airflow/example_dags/example_sla_dag.py
[2025-08-02T03:09:01.402+0000] {processor.py:840} INFO - DAG(s) 'example_sla_dag' retrieved from /home/airflow/.local/lib/python3.8/site-packages/airflow/example_dags/example_sla_dag.py
[2025-08-02T03:09:01.541+0000] {logging_mixin.py:188} INFO - [2025-08-02T03:09:01.540+0000] {dag.py:3047} INFO - Sync 1 DAGs
[2025-08-02T03:09:01.588+0000] {logging_mixin.py:188} INFO - [2025-08-02T03:09:01.588+0000] {dag.py:3834} INFO - Setting next_dagrun for example_sla_dag to 2025-08-02 03:06:00+00:00, run_after=2025-08-02 03:08:00+00:00
[2025-08-02T03:09:01.611+0000] {processor.py:183} INFO - Processing /home/airflow/.local/lib/python3.8/site-packages/airflow/example_dags/example_sla_dag.py took 0.243 seconds
[2025-08-02T03:09:31.803+0000] {processor.py:161} INFO - Started process (PID=137) to work on /home/airflow/.local/lib/python3.8/site-packages/airflow/example_dags/example_sla_dag.py
[2025-08-02T03:09:31.807+0000] {processor.py:830} INFO - Processing file /home/airflow/.local/lib/python3.8/site-packages/airflow/example_dags/example_sla_dag.py for tasks to queue
[2025-08-02T03:09:31.813+0000] {logging_mixin.py:188} INFO - [2025-08-02T03:09:31.812+0000] {dagbag.py:540} INFO - Filling up the DagBag from /home/airflow/.local/lib/python3.8/site-packages/airflow/example_dags/example_sla_dag.py
[2025-08-02T03:09:31.823+0000] {processor.py:840} INFO - DAG(s) 'example_sla_dag' retrieved from /home/airflow/.local/lib/python3.8/site-packages/airflow/example_dags/example_sla_dag.py
[2025-08-02T03:09:31.859+0000] {logging_mixin.py:188} INFO - [2025-08-02T03:09:31.858+0000] {dag.py:3047} INFO - Sync 1 DAGs
[2025-08-02T03:09:31.911+0000] {logging_mixin.py:188} INFO - [2025-08-02T03:09:31.911+0000] {dag.py:3834} INFO - Setting next_dagrun for example_sla_dag to 2025-08-02 03:06:00+00:00, run_after=2025-08-02 03:08:00+00:00
[2025-08-02T03:09:31.940+0000] {processor.py:183} INFO - Processing /home/airflow/.local/lib/python3.8/site-packages/airflow/example_dags/example_sla_dag.py took 0.140 seconds
[2025-08-02T03:10:05.401+0000] {processor.py:161} INFO - Started process (PID=192) to work on /home/airflow/.local/lib/python3.8/site-packages/airflow/example_dags/example_sla_dag.py
[2025-08-02T03:10:05.403+0000] {processor.py:830} INFO - Processing file /home/airflow/.local/lib/python3.8/site-packages/airflow/example_dags/example_sla_dag.py for tasks to queue
[2025-08-02T03:10:05.410+0000] {logging_mixin.py:188} INFO - [2025-08-02T03:10:05.409+0000] {dagbag.py:540} INFO - Filling up the DagBag from /home/airflow/.local/lib/python3.8/site-packages/airflow/example_dags/example_sla_dag.py
[2025-08-02T03:10:05.422+0000] {processor.py:840} INFO - DAG(s) 'example_sla_dag' retrieved from /home/airflow/.local/lib/python3.8/site-packages/airflow/example_dags/example_sla_dag.py
[2025-08-02T03:10:05.462+0000] {logging_mixin.py:188} INFO - [2025-08-02T03:10:05.462+0000] {dag.py:3047} INFO - Sync 1 DAGs
[2025-08-02T03:10:05.493+0000] {logging_mixin.py:188} INFO - [2025-08-02T03:10:05.493+0000] {dag.py:3834} INFO - Setting next_dagrun for example_sla_dag to 2025-08-02 03:08:00+00:00, run_after=2025-08-02 03:10:00+00:00
[2025-08-02T03:10:05.542+0000] {processor.py:183} INFO - Processing /home/airflow/.local/lib/python3.8/site-packages/airflow/example_dags/example_sla_dag.py took 0.161 seconds
[2025-08-02T03:10:36.068+0000] {processor.py:161} INFO - Started process (PID=248) to work on /home/airflow/.local/lib/python3.8/site-packages/airflow/example_dags/example_sla_dag.py
[2025-08-02T03:10:36.072+0000] {processor.py:830} INFO - Processing file /home/airflow/.local/lib/python3.8/site-packages/airflow/example_dags/example_sla_dag.py for tasks to queue
[2025-08-02T03:10:36.083+0000] {logging_mixin.py:188} INFO - [2025-08-02T03:10:36.082+0000] {dagbag.py:540} INFO - Filling up the DagBag from /home/airflow/.local/lib/python3.8/site-packages/airflow/example_dags/example_sla_dag.py
[2025-08-02T03:10:36.136+0000] {processor.py:840} INFO - DAG(s) 'example_sla_dag' retrieved from /home/airflow/.local/lib/python3.8/site-packages/airflow/example_dags/example_sla_dag.py
[2025-08-02T03:10:36.203+0000] {logging_mixin.py:188} INFO - [2025-08-02T03:10:36.203+0000] {dag.py:3047} INFO - Sync 1 DAGs
[2025-08-02T03:10:36.271+0000] {logging_mixin.py:188} INFO - [2025-08-02T03:10:36.270+0000] {dag.py:3834} INFO - Setting next_dagrun for example_sla_dag to 2025-08-02 03:08:00+00:00, run_after=2025-08-02 03:10:00+00:00
[2025-08-02T03:10:36.333+0000] {processor.py:183} INFO - Processing /home/airflow/.local/lib/python3.8/site-packages/airflow/example_dags/example_sla_dag.py took 0.274 seconds
[2025-08-02T03:11:07.209+0000] {processor.py:161} INFO - Started process (PID=304) to work on /home/airflow/.local/lib/python3.8/site-packages/airflow/example_dags/example_sla_dag.py
[2025-08-02T03:11:07.210+0000] {processor.py:830} INFO - Processing file /home/airflow/.local/lib/python3.8/site-packages/airflow/example_dags/example_sla_dag.py for tasks to queue
[2025-08-02T03:11:07.214+0000] {logging_mixin.py:188} INFO - [2025-08-02T03:11:07.213+0000] {dagbag.py:540} INFO - Filling up the DagBag from /home/airflow/.local/lib/python3.8/site-packages/airflow/example_dags/example_sla_dag.py
[2025-08-02T03:11:07.249+0000] {processor.py:840} INFO - DAG(s) 'example_sla_dag' retrieved from /home/airflow/.local/lib/python3.8/site-packages/airflow/example_dags/example_sla_dag.py
[2025-08-02T03:11:07.332+0000] {logging_mixin.py:188} INFO - [2025-08-02T03:11:07.331+0000] {dag.py:3047} INFO - Sync 1 DAGs
[2025-08-02T03:11:07.398+0000] {logging_mixin.py:188} INFO - [2025-08-02T03:11:07.398+0000] {dag.py:3834} INFO - Setting next_dagrun for example_sla_dag to 2025-08-02 03:08:00+00:00, run_after=2025-08-02 03:10:00+00:00
[2025-08-02T03:11:07.633+0000] {processor.py:183} INFO - Processing /home/airflow/.local/lib/python3.8/site-packages/airflow/example_dags/example_sla_dag.py took 0.429 seconds
[2025-08-02T03:11:37.798+0000] {processor.py:161} INFO - Started process (PID=360) to work on /home/airflow/.local/lib/python3.8/site-packages/airflow/example_dags/example_sla_dag.py
[2025-08-02T03:11:37.801+0000] {processor.py:830} INFO - Processing file /home/airflow/.local/lib/python3.8/site-packages/airflow/example_dags/example_sla_dag.py for tasks to queue
[2025-08-02T03:11:37.806+0000] {logging_mixin.py:188} INFO - [2025-08-02T03:11:37.805+0000] {dagbag.py:540} INFO - Filling up the DagBag from /home/airflow/.local/lib/python3.8/site-packages/airflow/example_dags/example_sla_dag.py
[2025-08-02T03:11:37.822+0000] {processor.py:840} INFO - DAG(s) 'example_sla_dag' retrieved from /home/airflow/.local/lib/python3.8/site-packages/airflow/example_dags/example_sla_dag.py
[2025-08-02T03:11:37.855+0000] {logging_mixin.py:188} INFO - [2025-08-02T03:11:37.855+0000] {dag.py:3047} INFO - Sync 1 DAGs
[2025-08-02T03:11:37.891+0000] {logging_mixin.py:188} INFO - [2025-08-02T03:11:37.891+0000] {dag.py:3834} INFO - Setting next_dagrun for example_sla_dag to 2025-08-02 03:08:00+00:00, run_after=2025-08-02 03:10:00+00:00
[2025-08-02T03:11:37.909+0000] {processor.py:183} INFO - Processing /home/airflow/.local/lib/python3.8/site-packages/airflow/example_dags/example_sla_dag.py took 0.117 seconds
[2025-08-02T03:12:08.079+0000] {processor.py:161} INFO - Started process (PID=416) to work on /home/airflow/.local/lib/python3.8/site-packages/airflow/example_dags/example_sla_dag.py
[2025-08-02T03:12:08.081+0000] {processor.py:830} INFO - Processing file /home/airflow/.local/lib/python3.8/site-packages/airflow/example_dags/example_sla_dag.py for tasks to queue
[2025-08-02T03:12:08.083+0000] {logging_mixin.py:188} INFO - [2025-08-02T03:12:08.082+0000] {dagbag.py:540} INFO - Filling up the DagBag from /home/airflow/.local/lib/python3.8/site-packages/airflow/example_dags/example_sla_dag.py
[2025-08-02T03:12:08.112+0000] {processor.py:840} INFO - DAG(s) 'example_sla_dag' retrieved from /home/airflow/.local/lib/python3.8/site-packages/airflow/example_dags/example_sla_dag.py
[2025-08-02T03:12:08.260+0000] {logging_mixin.py:188} INFO - [2025-08-02T03:12:08.260+0000] {dag.py:3047} INFO - Sync 1 DAGs
[2025-08-02T03:12:08.332+0000] {logging_mixin.py:188} INFO - [2025-08-02T03:12:08.332+0000] {dag.py:3834} INFO - Setting next_dagrun for example_sla_dag to 2025-08-02 03:10:00+00:00, run_after=2025-08-02 03:12:00+00:00
[2025-08-02T03:12:08.358+0000] {processor.py:183} INFO - Processing /home/airflow/.local/lib/python3.8/site-packages/airflow/example_dags/example_sla_dag.py took 0.283 seconds
[2025-08-02T03:12:39.438+0000] {processor.py:161} INFO - Started process (PID=472) to work on /home/airflow/.local/lib/python3.8/site-packages/airflow/example_dags/example_sla_dag.py
[2025-08-02T03:12:39.441+0000] {processor.py:830} INFO - Processing file /home/airflow/.local/lib/python3.8/site-packages/airflow/example_dags/example_sla_dag.py for tasks to queue
[2025-08-02T03:12:39.445+0000] {logging_mixin.py:188} INFO - [2025-08-02T03:12:39.445+0000] {dagbag.py:540} INFO - Filling up the DagBag from /home/airflow/.local/lib/python3.8/site-packages/airflow/example_dags/example_sla_dag.py
[2025-08-02T03:12:39.465+0000] {processor.py:840} INFO - DAG(s) 'example_sla_dag' retrieved from /home/airflow/.local/lib/python3.8/site-packages/airflow/example_dags/example_sla_dag.py
[2025-08-02T03:12:39.519+0000] {logging_mixin.py:188} INFO - [2025-08-02T03:12:39.519+0000] {dag.py:3047} INFO - Sync 1 DAGs
[2025-08-02T03:12:39.547+0000] {logging_mixin.py:188} INFO - [2025-08-02T03:12:39.547+0000] {dag.py:3834} INFO - Setting next_dagrun for example_sla_dag to 2025-08-02 03:10:00+00:00, run_after=2025-08-02 03:12:00+00:00
[2025-08-02T03:12:39.573+0000] {processor.py:183} INFO - Processing /home/airflow/.local/lib/python3.8/site-packages/airflow/example_dags/example_sla_dag.py took 0.154 seconds
[2025-08-02T03:13:10.562+0000] {processor.py:161} INFO - Started process (PID=528) to work on /home/airflow/.local/lib/python3.8/site-packages/airflow/example_dags/example_sla_dag.py
[2025-08-02T03:13:10.566+0000] {processor.py:830} INFO - Processing file /home/airflow/.local/lib/python3.8/site-packages/airflow/example_dags/example_sla_dag.py for tasks to queue
[2025-08-02T03:13:10.568+0000] {logging_mixin.py:188} INFO - [2025-08-02T03:13:10.568+0000] {dagbag.py:540} INFO - Filling up the DagBag from /home/airflow/.local/lib/python3.8/site-packages/airflow/example_dags/example_sla_dag.py
[2025-08-02T03:13:10.604+0000] {processor.py:840} INFO - DAG(s) 'example_sla_dag' retrieved from /home/airflow/.local/lib/python3.8/site-packages/airflow/example_dags/example_sla_dag.py
[2025-08-02T03:13:10.659+0000] {logging_mixin.py:188} INFO - [2025-08-02T03:13:10.659+0000] {dag.py:3047} INFO - Sync 1 DAGs
[2025-08-02T03:13:10.681+0000] {logging_mixin.py:188} INFO - [2025-08-02T03:13:10.681+0000] {dag.py:3834} INFO - Setting next_dagrun for example_sla_dag to 2025-08-02 03:10:00+00:00, run_after=2025-08-02 03:12:00+00:00
[2025-08-02T03:13:10.707+0000] {processor.py:183} INFO - Processing /home/airflow/.local/lib/python3.8/site-packages/airflow/example_dags/example_sla_dag.py took 0.149 seconds
[2025-08-02T03:13:41.078+0000] {processor.py:161} INFO - Started process (PID=584) to work on /home/airflow/.local/lib/python3.8/site-packages/airflow/example_dags/example_sla_dag.py
[2025-08-02T03:13:41.084+0000] {processor.py:830} INFO - Processing file /home/airflow/.local/lib/python3.8/site-packages/airflow/example_dags/example_sla_dag.py for tasks to queue
[2025-08-02T03:13:41.087+0000] {logging_mixin.py:188} INFO - [2025-08-02T03:13:41.087+0000] {dagbag.py:540} INFO - Filling up the DagBag from /home/airflow/.local/lib/python3.8/site-packages/airflow/example_dags/example_sla_dag.py
[2025-08-02T03:13:41.109+0000] {processor.py:840} INFO - DAG(s) 'example_sla_dag' retrieved from /home/airflow/.local/lib/python3.8/site-packages/airflow/example_dags/example_sla_dag.py
[2025-08-02T03:13:41.171+0000] {logging_mixin.py:188} INFO - [2025-08-02T03:13:41.171+0000] {dag.py:3047} INFO - Sync 1 DAGs
[2025-08-02T03:13:41.226+0000] {logging_mixin.py:188} INFO - [2025-08-02T03:13:41.225+0000] {dag.py:3834} INFO - Setting next_dagrun for example_sla_dag to 2025-08-02 03:10:00+00:00, run_after=2025-08-02 03:12:00+00:00
[2025-08-02T03:13:41.266+0000] {processor.py:183} INFO - Processing /home/airflow/.local/lib/python3.8/site-packages/airflow/example_dags/example_sla_dag.py took 0.208 seconds
[2025-08-02T03:14:11.368+0000] {processor.py:161} INFO - Started process (PID=640) to work on /home/airflow/.local/lib/python3.8/site-packages/airflow/example_dags/example_sla_dag.py
[2025-08-02T03:14:11.377+0000] {processor.py:830} INFO - Processing file /home/airflow/.local/lib/python3.8/site-packages/airflow/example_dags/example_sla_dag.py for tasks to queue
[2025-08-02T03:14:11.381+0000] {logging_mixin.py:188} INFO - [2025-08-02T03:14:11.380+0000] {dagbag.py:540} INFO - Filling up the DagBag from /home/airflow/.local/lib/python3.8/site-packages/airflow/example_dags/example_sla_dag.py
[2025-08-02T03:14:11.400+0000] {processor.py:840} INFO - DAG(s) 'example_sla_dag' retrieved from /home/airflow/.local/lib/python3.8/site-packages/airflow/example_dags/example_sla_dag.py
[2025-08-02T03:14:11.435+0000] {logging_mixin.py:188} INFO - [2025-08-02T03:14:11.435+0000] {dag.py:3047} INFO - Sync 1 DAGs
[2025-08-02T03:14:11.461+0000] {logging_mixin.py:188} INFO - [2025-08-02T03:14:11.460+0000] {dag.py:3834} INFO - Setting next_dagrun for example_sla_dag to 2025-08-02 03:12:00+00:00, run_after=2025-08-02 03:14:00+00:00
[2025-08-02T03:14:11.485+0000] {processor.py:183} INFO - Processing /home/airflow/.local/lib/python3.8/site-packages/airflow/example_dags/example_sla_dag.py took 0.127 seconds
[2025-08-02T03:14:42.053+0000] {processor.py:161} INFO - Started process (PID=696) to work on /home/airflow/.local/lib/python3.8/site-packages/airflow/example_dags/example_sla_dag.py
[2025-08-02T03:14:42.054+0000] {processor.py:830} INFO - Processing file /home/airflow/.local/lib/python3.8/site-packages/airflow/example_dags/example_sla_dag.py for tasks to queue
[2025-08-02T03:14:42.057+0000] {logging_mixin.py:188} INFO - [2025-08-02T03:14:42.057+0000] {dagbag.py:540} INFO - Filling up the DagBag from /home/airflow/.local/lib/python3.8/site-packages/airflow/example_dags/example_sla_dag.py
[2025-08-02T03:14:42.068+0000] {processor.py:840} INFO - DAG(s) 'example_sla_dag' retrieved from /home/airflow/.local/lib/python3.8/site-packages/airflow/example_dags/example_sla_dag.py
[2025-08-02T03:14:42.097+0000] {logging_mixin.py:188} INFO - [2025-08-02T03:14:42.097+0000] {dag.py:3047} INFO - Sync 1 DAGs
[2025-08-02T03:14:42.118+0000] {logging_mixin.py:188} INFO - [2025-08-02T03:14:42.118+0000] {dag.py:3834} INFO - Setting next_dagrun for example_sla_dag to 2025-08-02 03:12:00+00:00, run_after=2025-08-02 03:14:00+00:00
[2025-08-02T03:14:42.137+0000] {processor.py:183} INFO - Processing /home/airflow/.local/lib/python3.8/site-packages/airflow/example_dags/example_sla_dag.py took 0.087 seconds
