[2025-08-02T01:42:36.511+0000] {processor.py:161} INFO - Started process (PID=61) to work on /home/airflow/.local/lib/python3.8/site-packages/airflow/example_dags/example_dag_decorator.py
[2025-08-02T01:42:36.514+0000] {processor.py:830} INFO - Processing file /home/airflow/.local/lib/python3.8/site-packages/airflow/example_dags/example_dag_decorator.py for tasks to queue
[2025-08-02T01:42:36.522+0000] {logging_mixin.py:188} INFO - [2025-08-02T01:42:36.520+0000] {dagbag.py:540} INFO - Filling up the DagBag from /home/airflow/.local/lib/python3.8/site-packages/airflow/example_dags/example_dag_decorator.py
[2025-08-02T01:42:37.525+0000] {processor.py:840} INFO - DAG(s) 'example_dag_decorator' retrieved from /home/airflow/.local/lib/python3.8/site-packages/airflow/example_dags/example_dag_decorator.py
[2025-08-02T01:42:37.858+0000] {logging_mixin.py:188} INFO - [2025-08-02T01:42:37.856+0000] {dag.py:3047} INFO - Sync 1 DAGs
[2025-08-02T01:42:37.885+0000] {logging_mixin.py:188} INFO - [2025-08-02T01:42:37.883+0000] {dag.py:3834} INFO - Setting next_dagrun for example_dag_decorator to None, run_after=None
[2025-08-02T01:42:37.981+0000] {processor.py:183} INFO - Processing /home/airflow/.local/lib/python3.8/site-packages/airflow/example_dags/example_dag_decorator.py took 1.506 seconds
[2025-08-02T01:43:08.136+0000] {processor.py:161} INFO - Started process (PID=124) to work on /home/airflow/.local/lib/python3.8/site-packages/airflow/example_dags/example_dag_decorator.py
[2025-08-02T01:43:08.138+0000] {processor.py:830} INFO - Processing file /home/airflow/.local/lib/python3.8/site-packages/airflow/example_dags/example_dag_decorator.py for tasks to queue
[2025-08-02T01:43:08.140+0000] {logging_mixin.py:188} INFO - [2025-08-02T01:43:08.140+0000] {dagbag.py:540} INFO - Filling up the DagBag from /home/airflow/.local/lib/python3.8/site-packages/airflow/example_dags/example_dag_decorator.py
[2025-08-02T01:43:08.259+0000] {processor.py:840} INFO - DAG(s) 'example_dag_decorator' retrieved from /home/airflow/.local/lib/python3.8/site-packages/airflow/example_dags/example_dag_decorator.py
[2025-08-02T01:43:08.324+0000] {logging_mixin.py:188} INFO - [2025-08-02T01:43:08.324+0000] {dag.py:3047} INFO - Sync 1 DAGs
[2025-08-02T01:43:08.331+0000] {logging_mixin.py:188} INFO - [2025-08-02T01:43:08.331+0000] {dag.py:3834} INFO - Setting next_dagrun for example_dag_decorator to None, run_after=None
[2025-08-02T01:43:08.341+0000] {processor.py:183} INFO - Processing /home/airflow/.local/lib/python3.8/site-packages/airflow/example_dags/example_dag_decorator.py took 0.211 seconds
[2025-08-02T01:43:38.563+0000] {processor.py:161} INFO - Started process (PID=180) to work on /home/airflow/.local/lib/python3.8/site-packages/airflow/example_dags/example_dag_decorator.py
[2025-08-02T01:43:38.565+0000] {processor.py:830} INFO - Processing file /home/airflow/.local/lib/python3.8/site-packages/airflow/example_dags/example_dag_decorator.py for tasks to queue
[2025-08-02T01:43:38.569+0000] {logging_mixin.py:188} INFO - [2025-08-02T01:43:38.569+0000] {dagbag.py:540} INFO - Filling up the DagBag from /home/airflow/.local/lib/python3.8/site-packages/airflow/example_dags/example_dag_decorator.py
[2025-08-02T01:43:38.691+0000] {processor.py:840} INFO - DAG(s) 'example_dag_decorator' retrieved from /home/airflow/.local/lib/python3.8/site-packages/airflow/example_dags/example_dag_decorator.py
[2025-08-02T01:43:38.766+0000] {logging_mixin.py:188} INFO - [2025-08-02T01:43:38.766+0000] {dag.py:3047} INFO - Sync 1 DAGs
[2025-08-02T01:43:38.773+0000] {logging_mixin.py:188} INFO - [2025-08-02T01:43:38.773+0000] {dag.py:3834} INFO - Setting next_dagrun for example_dag_decorator to None, run_after=None
[2025-08-02T01:43:38.807+0000] {processor.py:183} INFO - Processing /home/airflow/.local/lib/python3.8/site-packages/airflow/example_dags/example_dag_decorator.py took 0.253 seconds
[2025-08-02T01:44:08.933+0000] {processor.py:161} INFO - Started process (PID=236) to work on /home/airflow/.local/lib/python3.8/site-packages/airflow/example_dags/example_dag_decorator.py
[2025-08-02T01:44:08.937+0000] {processor.py:830} INFO - Processing file /home/airflow/.local/lib/python3.8/site-packages/airflow/example_dags/example_dag_decorator.py for tasks to queue
[2025-08-02T01:44:08.945+0000] {logging_mixin.py:188} INFO - [2025-08-02T01:44:08.944+0000] {dagbag.py:540} INFO - Filling up the DagBag from /home/airflow/.local/lib/python3.8/site-packages/airflow/example_dags/example_dag_decorator.py
[2025-08-02T01:44:09.127+0000] {processor.py:840} INFO - DAG(s) 'example_dag_decorator' retrieved from /home/airflow/.local/lib/python3.8/site-packages/airflow/example_dags/example_dag_decorator.py
[2025-08-02T01:44:09.220+0000] {logging_mixin.py:188} INFO - [2025-08-02T01:44:09.220+0000] {dag.py:3047} INFO - Sync 1 DAGs
[2025-08-02T01:44:09.228+0000] {logging_mixin.py:188} INFO - [2025-08-02T01:44:09.227+0000] {dag.py:3834} INFO - Setting next_dagrun for example_dag_decorator to None, run_after=None
[2025-08-02T01:44:09.243+0000] {processor.py:183} INFO - Processing /home/airflow/.local/lib/python3.8/site-packages/airflow/example_dags/example_dag_decorator.py took 0.319 seconds
[2025-08-02T01:44:40.171+0000] {processor.py:161} INFO - Started process (PID=293) to work on /home/airflow/.local/lib/python3.8/site-packages/airflow/example_dags/example_dag_decorator.py
[2025-08-02T01:44:40.175+0000] {processor.py:830} INFO - Processing file /home/airflow/.local/lib/python3.8/site-packages/airflow/example_dags/example_dag_decorator.py for tasks to queue
[2025-08-02T01:44:40.183+0000] {logging_mixin.py:188} INFO - [2025-08-02T01:44:40.182+0000] {dagbag.py:540} INFO - Filling up the DagBag from /home/airflow/.local/lib/python3.8/site-packages/airflow/example_dags/example_dag_decorator.py
[2025-08-02T01:44:40.359+0000] {processor.py:840} INFO - DAG(s) 'example_dag_decorator' retrieved from /home/airflow/.local/lib/python3.8/site-packages/airflow/example_dags/example_dag_decorator.py
[2025-08-02T01:44:40.542+0000] {logging_mixin.py:188} INFO - [2025-08-02T01:44:40.542+0000] {dag.py:3047} INFO - Sync 1 DAGs
[2025-08-02T01:44:40.564+0000] {logging_mixin.py:188} INFO - [2025-08-02T01:44:40.564+0000] {dag.py:3834} INFO - Setting next_dagrun for example_dag_decorator to None, run_after=None
[2025-08-02T01:44:40.587+0000] {processor.py:183} INFO - Processing /home/airflow/.local/lib/python3.8/site-packages/airflow/example_dags/example_dag_decorator.py took 0.436 seconds
[2025-08-02T01:45:11.303+0000] {processor.py:161} INFO - Started process (PID=349) to work on /home/airflow/.local/lib/python3.8/site-packages/airflow/example_dags/example_dag_decorator.py
[2025-08-02T01:45:11.305+0000] {processor.py:830} INFO - Processing file /home/airflow/.local/lib/python3.8/site-packages/airflow/example_dags/example_dag_decorator.py for tasks to queue
[2025-08-02T01:45:11.311+0000] {logging_mixin.py:188} INFO - [2025-08-02T01:45:11.310+0000] {dagbag.py:540} INFO - Filling up the DagBag from /home/airflow/.local/lib/python3.8/site-packages/airflow/example_dags/example_dag_decorator.py
[2025-08-02T01:45:11.579+0000] {processor.py:840} INFO - DAG(s) 'example_dag_decorator' retrieved from /home/airflow/.local/lib/python3.8/site-packages/airflow/example_dags/example_dag_decorator.py
[2025-08-02T01:45:11.634+0000] {logging_mixin.py:188} INFO - [2025-08-02T01:45:11.634+0000] {dag.py:3047} INFO - Sync 1 DAGs
[2025-08-02T01:45:11.645+0000] {logging_mixin.py:188} INFO - [2025-08-02T01:45:11.645+0000] {dag.py:3834} INFO - Setting next_dagrun for example_dag_decorator to None, run_after=None
[2025-08-02T01:45:11.700+0000] {processor.py:183} INFO - Processing /home/airflow/.local/lib/python3.8/site-packages/airflow/example_dags/example_dag_decorator.py took 0.406 seconds
[2025-08-02T01:45:41.760+0000] {processor.py:161} INFO - Started process (PID=405) to work on /home/airflow/.local/lib/python3.8/site-packages/airflow/example_dags/example_dag_decorator.py
[2025-08-02T01:45:41.762+0000] {processor.py:830} INFO - Processing file /home/airflow/.local/lib/python3.8/site-packages/airflow/example_dags/example_dag_decorator.py for tasks to queue
[2025-08-02T01:45:41.768+0000] {logging_mixin.py:188} INFO - [2025-08-02T01:45:41.767+0000] {dagbag.py:540} INFO - Filling up the DagBag from /home/airflow/.local/lib/python3.8/site-packages/airflow/example_dags/example_dag_decorator.py
[2025-08-02T01:45:41.986+0000] {processor.py:840} INFO - DAG(s) 'example_dag_decorator' retrieved from /home/airflow/.local/lib/python3.8/site-packages/airflow/example_dags/example_dag_decorator.py
[2025-08-02T01:45:43.031+0000] {logging_mixin.py:188} INFO - [2025-08-02T01:45:43.023+0000] {dag.py:3047} INFO - Sync 1 DAGs
[2025-08-02T01:45:43.085+0000] {logging_mixin.py:188} INFO - [2025-08-02T01:45:43.084+0000] {dag.py:3834} INFO - Setting next_dagrun for example_dag_decorator to None, run_after=None
[2025-08-02T01:45:43.148+0000] {processor.py:183} INFO - Processing /home/airflow/.local/lib/python3.8/site-packages/airflow/example_dags/example_dag_decorator.py took 1.400 seconds
[2025-08-02T01:46:13.321+0000] {processor.py:161} INFO - Started process (PID=464) to work on /home/airflow/.local/lib/python3.8/site-packages/airflow/example_dags/example_dag_decorator.py
[2025-08-02T01:46:13.322+0000] {processor.py:830} INFO - Processing file /home/airflow/.local/lib/python3.8/site-packages/airflow/example_dags/example_dag_decorator.py for tasks to queue
[2025-08-02T01:46:13.325+0000] {logging_mixin.py:188} INFO - [2025-08-02T01:46:13.325+0000] {dagbag.py:540} INFO - Filling up the DagBag from /home/airflow/.local/lib/python3.8/site-packages/airflow/example_dags/example_dag_decorator.py
[2025-08-02T01:46:13.510+0000] {processor.py:840} INFO - DAG(s) 'example_dag_decorator' retrieved from /home/airflow/.local/lib/python3.8/site-packages/airflow/example_dags/example_dag_decorator.py
[2025-08-02T01:46:13.727+0000] {logging_mixin.py:188} INFO - [2025-08-02T01:46:13.726+0000] {dag.py:3047} INFO - Sync 1 DAGs
[2025-08-02T01:46:13.744+0000] {logging_mixin.py:188} INFO - [2025-08-02T01:46:13.743+0000] {dag.py:3834} INFO - Setting next_dagrun for example_dag_decorator to None, run_after=None
[2025-08-02T01:46:13.802+0000] {processor.py:183} INFO - Processing /home/airflow/.local/lib/python3.8/site-packages/airflow/example_dags/example_dag_decorator.py took 0.484 seconds
[2025-08-02T01:46:44.464+0000] {processor.py:161} INFO - Started process (PID=520) to work on /home/airflow/.local/lib/python3.8/site-packages/airflow/example_dags/example_dag_decorator.py
[2025-08-02T01:46:44.468+0000] {processor.py:830} INFO - Processing file /home/airflow/.local/lib/python3.8/site-packages/airflow/example_dags/example_dag_decorator.py for tasks to queue
[2025-08-02T01:46:44.481+0000] {logging_mixin.py:188} INFO - [2025-08-02T01:46:44.479+0000] {dagbag.py:540} INFO - Filling up the DagBag from /home/airflow/.local/lib/python3.8/site-packages/airflow/example_dags/example_dag_decorator.py
[2025-08-02T01:46:44.695+0000] {processor.py:840} INFO - DAG(s) 'example_dag_decorator' retrieved from /home/airflow/.local/lib/python3.8/site-packages/airflow/example_dags/example_dag_decorator.py
[2025-08-02T01:46:44.819+0000] {logging_mixin.py:188} INFO - [2025-08-02T01:46:44.819+0000] {dag.py:3047} INFO - Sync 1 DAGs
[2025-08-02T01:46:44.842+0000] {logging_mixin.py:188} INFO - [2025-08-02T01:46:44.841+0000] {dag.py:3834} INFO - Setting next_dagrun for example_dag_decorator to None, run_after=None
[2025-08-02T01:46:44.856+0000] {processor.py:183} INFO - Processing /home/airflow/.local/lib/python3.8/site-packages/airflow/example_dags/example_dag_decorator.py took 0.420 seconds
[2025-08-02T01:47:14.979+0000] {processor.py:161} INFO - Started process (PID=576) to work on /home/airflow/.local/lib/python3.8/site-packages/airflow/example_dags/example_dag_decorator.py
[2025-08-02T01:47:14.982+0000] {processor.py:830} INFO - Processing file /home/airflow/.local/lib/python3.8/site-packages/airflow/example_dags/example_dag_decorator.py for tasks to queue
[2025-08-02T01:47:14.985+0000] {logging_mixin.py:188} INFO - [2025-08-02T01:47:14.985+0000] {dagbag.py:540} INFO - Filling up the DagBag from /home/airflow/.local/lib/python3.8/site-packages/airflow/example_dags/example_dag_decorator.py
[2025-08-02T01:47:15.201+0000] {processor.py:840} INFO - DAG(s) 'example_dag_decorator' retrieved from /home/airflow/.local/lib/python3.8/site-packages/airflow/example_dags/example_dag_decorator.py
[2025-08-02T01:47:15.377+0000] {logging_mixin.py:188} INFO - [2025-08-02T01:47:15.376+0000] {dag.py:3047} INFO - Sync 1 DAGs
[2025-08-02T01:47:15.383+0000] {logging_mixin.py:188} INFO - [2025-08-02T01:47:15.383+0000] {dag.py:3834} INFO - Setting next_dagrun for example_dag_decorator to None, run_after=None
[2025-08-02T01:47:15.395+0000] {processor.py:183} INFO - Processing /home/airflow/.local/lib/python3.8/site-packages/airflow/example_dags/example_dag_decorator.py took 0.434 seconds
[2025-08-02T01:47:45.621+0000] {processor.py:161} INFO - Started process (PID=632) to work on /home/airflow/.local/lib/python3.8/site-packages/airflow/example_dags/example_dag_decorator.py
[2025-08-02T01:47:45.623+0000] {processor.py:830} INFO - Processing file /home/airflow/.local/lib/python3.8/site-packages/airflow/example_dags/example_dag_decorator.py for tasks to queue
[2025-08-02T01:47:45.627+0000] {logging_mixin.py:188} INFO - [2025-08-02T01:47:45.626+0000] {dagbag.py:540} INFO - Filling up the DagBag from /home/airflow/.local/lib/python3.8/site-packages/airflow/example_dags/example_dag_decorator.py
[2025-08-02T01:47:45.780+0000] {processor.py:840} INFO - DAG(s) 'example_dag_decorator' retrieved from /home/airflow/.local/lib/python3.8/site-packages/airflow/example_dags/example_dag_decorator.py
[2025-08-02T01:47:45.873+0000] {logging_mixin.py:188} INFO - [2025-08-02T01:47:45.873+0000] {dag.py:3047} INFO - Sync 1 DAGs
[2025-08-02T01:47:45.879+0000] {logging_mixin.py:188} INFO - [2025-08-02T01:47:45.879+0000] {dag.py:3834} INFO - Setting next_dagrun for example_dag_decorator to None, run_after=None
[2025-08-02T01:47:45.889+0000] {processor.py:183} INFO - Processing /home/airflow/.local/lib/python3.8/site-packages/airflow/example_dags/example_dag_decorator.py took 0.276 seconds
[2025-08-02T01:48:15.978+0000] {processor.py:161} INFO - Started process (PID=688) to work on /home/airflow/.local/lib/python3.8/site-packages/airflow/example_dags/example_dag_decorator.py
[2025-08-02T01:48:15.979+0000] {processor.py:830} INFO - Processing file /home/airflow/.local/lib/python3.8/site-packages/airflow/example_dags/example_dag_decorator.py for tasks to queue
[2025-08-02T01:48:15.981+0000] {logging_mixin.py:188} INFO - [2025-08-02T01:48:15.981+0000] {dagbag.py:540} INFO - Filling up the DagBag from /home/airflow/.local/lib/python3.8/site-packages/airflow/example_dags/example_dag_decorator.py
[2025-08-02T01:48:16.092+0000] {processor.py:840} INFO - DAG(s) 'example_dag_decorator' retrieved from /home/airflow/.local/lib/python3.8/site-packages/airflow/example_dags/example_dag_decorator.py
[2025-08-02T01:48:16.238+0000] {logging_mixin.py:188} INFO - [2025-08-02T01:48:16.238+0000] {dag.py:3047} INFO - Sync 1 DAGs
[2025-08-02T01:48:16.245+0000] {logging_mixin.py:188} INFO - [2025-08-02T01:48:16.245+0000] {dag.py:3834} INFO - Setting next_dagrun for example_dag_decorator to None, run_after=None
[2025-08-02T01:48:16.256+0000] {processor.py:183} INFO - Processing /home/airflow/.local/lib/python3.8/site-packages/airflow/example_dags/example_dag_decorator.py took 0.282 seconds
[2025-08-02T01:48:46.453+0000] {processor.py:161} INFO - Started process (PID=744) to work on /home/airflow/.local/lib/python3.8/site-packages/airflow/example_dags/example_dag_decorator.py
[2025-08-02T01:48:46.456+0000] {processor.py:830} INFO - Processing file /home/airflow/.local/lib/python3.8/site-packages/airflow/example_dags/example_dag_decorator.py for tasks to queue
[2025-08-02T01:48:46.459+0000] {logging_mixin.py:188} INFO - [2025-08-02T01:48:46.459+0000] {dagbag.py:540} INFO - Filling up the DagBag from /home/airflow/.local/lib/python3.8/site-packages/airflow/example_dags/example_dag_decorator.py
[2025-08-02T01:48:46.619+0000] {processor.py:840} INFO - DAG(s) 'example_dag_decorator' retrieved from /home/airflow/.local/lib/python3.8/site-packages/airflow/example_dags/example_dag_decorator.py
[2025-08-02T01:48:46.735+0000] {logging_mixin.py:188} INFO - [2025-08-02T01:48:46.735+0000] {dag.py:3047} INFO - Sync 1 DAGs
[2025-08-02T01:48:46.742+0000] {logging_mixin.py:188} INFO - [2025-08-02T01:48:46.742+0000] {dag.py:3834} INFO - Setting next_dagrun for example_dag_decorator to None, run_after=None
[2025-08-02T01:48:46.752+0000] {processor.py:183} INFO - Processing /home/airflow/.local/lib/python3.8/site-packages/airflow/example_dags/example_dag_decorator.py took 0.311 seconds
[2025-08-02T01:49:16.940+0000] {processor.py:161} INFO - Started process (PID=800) to work on /home/airflow/.local/lib/python3.8/site-packages/airflow/example_dags/example_dag_decorator.py
[2025-08-02T01:49:16.942+0000] {processor.py:830} INFO - Processing file /home/airflow/.local/lib/python3.8/site-packages/airflow/example_dags/example_dag_decorator.py for tasks to queue
[2025-08-02T01:49:16.947+0000] {logging_mixin.py:188} INFO - [2025-08-02T01:49:16.945+0000] {dagbag.py:540} INFO - Filling up the DagBag from /home/airflow/.local/lib/python3.8/site-packages/airflow/example_dags/example_dag_decorator.py
[2025-08-02T01:49:17.087+0000] {processor.py:840} INFO - DAG(s) 'example_dag_decorator' retrieved from /home/airflow/.local/lib/python3.8/site-packages/airflow/example_dags/example_dag_decorator.py
[2025-08-02T01:49:17.785+0000] {logging_mixin.py:188} INFO - [2025-08-02T01:49:17.775+0000] {dag.py:3047} INFO - Sync 1 DAGs
[2025-08-02T01:49:17.821+0000] {logging_mixin.py:188} INFO - [2025-08-02T01:49:17.819+0000] {dag.py:3834} INFO - Setting next_dagrun for example_dag_decorator to None, run_after=None
[2025-08-02T01:49:17.898+0000] {processor.py:183} INFO - Processing /home/airflow/.local/lib/python3.8/site-packages/airflow/example_dags/example_dag_decorator.py took 0.970 seconds
[2025-08-02T01:49:48.399+0000] {processor.py:161} INFO - Started process (PID=856) to work on /home/airflow/.local/lib/python3.8/site-packages/airflow/example_dags/example_dag_decorator.py
[2025-08-02T01:49:48.401+0000] {processor.py:830} INFO - Processing file /home/airflow/.local/lib/python3.8/site-packages/airflow/example_dags/example_dag_decorator.py for tasks to queue
[2025-08-02T01:49:48.406+0000] {logging_mixin.py:188} INFO - [2025-08-02T01:49:48.404+0000] {dagbag.py:540} INFO - Filling up the DagBag from /home/airflow/.local/lib/python3.8/site-packages/airflow/example_dags/example_dag_decorator.py
[2025-08-02T01:49:48.752+0000] {processor.py:840} INFO - DAG(s) 'example_dag_decorator' retrieved from /home/airflow/.local/lib/python3.8/site-packages/airflow/example_dags/example_dag_decorator.py
[2025-08-02T01:49:49.798+0000] {logging_mixin.py:188} INFO - [2025-08-02T01:49:49.797+0000] {dag.py:3047} INFO - Sync 1 DAGs
[2025-08-02T01:49:49.838+0000] {logging_mixin.py:188} INFO - [2025-08-02T01:49:49.838+0000] {dag.py:3834} INFO - Setting next_dagrun for example_dag_decorator to None, run_after=None
[2025-08-02T01:49:49.918+0000] {processor.py:183} INFO - Processing /home/airflow/.local/lib/python3.8/site-packages/airflow/example_dags/example_dag_decorator.py took 1.525 seconds
[2025-08-02T01:50:20.927+0000] {processor.py:161} INFO - Started process (PID=912) to work on /home/airflow/.local/lib/python3.8/site-packages/airflow/example_dags/example_dag_decorator.py
[2025-08-02T01:50:20.932+0000] {processor.py:830} INFO - Processing file /home/airflow/.local/lib/python3.8/site-packages/airflow/example_dags/example_dag_decorator.py for tasks to queue
[2025-08-02T01:50:20.940+0000] {logging_mixin.py:188} INFO - [2025-08-02T01:50:20.940+0000] {dagbag.py:540} INFO - Filling up the DagBag from /home/airflow/.local/lib/python3.8/site-packages/airflow/example_dags/example_dag_decorator.py
[2025-08-02T01:50:21.301+0000] {processor.py:840} INFO - DAG(s) 'example_dag_decorator' retrieved from /home/airflow/.local/lib/python3.8/site-packages/airflow/example_dags/example_dag_decorator.py
[2025-08-02T01:50:21.684+0000] {logging_mixin.py:188} INFO - [2025-08-02T01:50:21.683+0000] {dag.py:3047} INFO - Sync 1 DAGs
[2025-08-02T01:50:21.712+0000] {logging_mixin.py:188} INFO - [2025-08-02T01:50:21.711+0000] {dag.py:3834} INFO - Setting next_dagrun for example_dag_decorator to None, run_after=None
[2025-08-02T01:50:21.795+0000] {processor.py:183} INFO - Processing /home/airflow/.local/lib/python3.8/site-packages/airflow/example_dags/example_dag_decorator.py took 0.911 seconds
[2025-08-02T01:50:52.203+0000] {processor.py:161} INFO - Started process (PID=968) to work on /home/airflow/.local/lib/python3.8/site-packages/airflow/example_dags/example_dag_decorator.py
[2025-08-02T01:50:52.206+0000] {processor.py:830} INFO - Processing file /home/airflow/.local/lib/python3.8/site-packages/airflow/example_dags/example_dag_decorator.py for tasks to queue
[2025-08-02T01:50:52.213+0000] {logging_mixin.py:188} INFO - [2025-08-02T01:50:52.212+0000] {dagbag.py:540} INFO - Filling up the DagBag from /home/airflow/.local/lib/python3.8/site-packages/airflow/example_dags/example_dag_decorator.py
[2025-08-02T01:50:52.439+0000] {processor.py:840} INFO - DAG(s) 'example_dag_decorator' retrieved from /home/airflow/.local/lib/python3.8/site-packages/airflow/example_dags/example_dag_decorator.py
[2025-08-02T01:50:52.580+0000] {logging_mixin.py:188} INFO - [2025-08-02T01:50:52.580+0000] {dag.py:3047} INFO - Sync 1 DAGs
[2025-08-02T01:50:52.588+0000] {logging_mixin.py:188} INFO - [2025-08-02T01:50:52.588+0000] {dag.py:3834} INFO - Setting next_dagrun for example_dag_decorator to None, run_after=None
[2025-08-02T01:50:52.603+0000] {processor.py:183} INFO - Processing /home/airflow/.local/lib/python3.8/site-packages/airflow/example_dags/example_dag_decorator.py took 0.432 seconds
[2025-08-02T01:51:23.117+0000] {processor.py:161} INFO - Started process (PID=1025) to work on /home/airflow/.local/lib/python3.8/site-packages/airflow/example_dags/example_dag_decorator.py
[2025-08-02T01:51:23.119+0000] {processor.py:830} INFO - Processing file /home/airflow/.local/lib/python3.8/site-packages/airflow/example_dags/example_dag_decorator.py for tasks to queue
[2025-08-02T01:51:23.123+0000] {logging_mixin.py:188} INFO - [2025-08-02T01:51:23.122+0000] {dagbag.py:540} INFO - Filling up the DagBag from /home/airflow/.local/lib/python3.8/site-packages/airflow/example_dags/example_dag_decorator.py
[2025-08-02T01:51:23.641+0000] {processor.py:840} INFO - DAG(s) 'example_dag_decorator' retrieved from /home/airflow/.local/lib/python3.8/site-packages/airflow/example_dags/example_dag_decorator.py
[2025-08-02T01:51:24.122+0000] {logging_mixin.py:188} INFO - [2025-08-02T01:51:24.121+0000] {dag.py:3047} INFO - Sync 1 DAGs
[2025-08-02T01:51:24.132+0000] {logging_mixin.py:188} INFO - [2025-08-02T01:51:24.132+0000] {dag.py:3834} INFO - Setting next_dagrun for example_dag_decorator to None, run_after=None
[2025-08-02T01:51:24.215+0000] {processor.py:183} INFO - Processing /home/airflow/.local/lib/python3.8/site-packages/airflow/example_dags/example_dag_decorator.py took 1.103 seconds
[2025-08-02T01:51:55.029+0000] {processor.py:161} INFO - Started process (PID=1083) to work on /home/airflow/.local/lib/python3.8/site-packages/airflow/example_dags/example_dag_decorator.py
[2025-08-02T01:51:55.033+0000] {processor.py:830} INFO - Processing file /home/airflow/.local/lib/python3.8/site-packages/airflow/example_dags/example_dag_decorator.py for tasks to queue
[2025-08-02T01:51:55.037+0000] {logging_mixin.py:188} INFO - [2025-08-02T01:51:55.037+0000] {dagbag.py:540} INFO - Filling up the DagBag from /home/airflow/.local/lib/python3.8/site-packages/airflow/example_dags/example_dag_decorator.py
[2025-08-02T01:51:55.181+0000] {processor.py:840} INFO - DAG(s) 'example_dag_decorator' retrieved from /home/airflow/.local/lib/python3.8/site-packages/airflow/example_dags/example_dag_decorator.py
[2025-08-02T01:51:55.319+0000] {logging_mixin.py:188} INFO - [2025-08-02T01:51:55.319+0000] {dag.py:3047} INFO - Sync 1 DAGs
[2025-08-02T01:51:55.326+0000] {logging_mixin.py:188} INFO - [2025-08-02T01:51:55.326+0000] {dag.py:3834} INFO - Setting next_dagrun for example_dag_decorator to None, run_after=None
[2025-08-02T01:51:55.343+0000] {processor.py:183} INFO - Processing /home/airflow/.local/lib/python3.8/site-packages/airflow/example_dags/example_dag_decorator.py took 0.322 seconds
[2025-08-02T01:52:25.632+0000] {processor.py:161} INFO - Started process (PID=1139) to work on /home/airflow/.local/lib/python3.8/site-packages/airflow/example_dags/example_dag_decorator.py
[2025-08-02T01:52:25.633+0000] {processor.py:830} INFO - Processing file /home/airflow/.local/lib/python3.8/site-packages/airflow/example_dags/example_dag_decorator.py for tasks to queue
[2025-08-02T01:52:25.634+0000] {logging_mixin.py:188} INFO - [2025-08-02T01:52:25.634+0000] {dagbag.py:540} INFO - Filling up the DagBag from /home/airflow/.local/lib/python3.8/site-packages/airflow/example_dags/example_dag_decorator.py
[2025-08-02T01:52:25.761+0000] {processor.py:840} INFO - DAG(s) 'example_dag_decorator' retrieved from /home/airflow/.local/lib/python3.8/site-packages/airflow/example_dags/example_dag_decorator.py
[2025-08-02T01:52:25.987+0000] {logging_mixin.py:188} INFO - [2025-08-02T01:52:25.987+0000] {dag.py:3047} INFO - Sync 1 DAGs
[2025-08-02T01:52:25.997+0000] {logging_mixin.py:188} INFO - [2025-08-02T01:52:25.997+0000] {dag.py:3834} INFO - Setting next_dagrun for example_dag_decorator to None, run_after=None
[2025-08-02T01:52:26.014+0000] {processor.py:183} INFO - Processing /home/airflow/.local/lib/python3.8/site-packages/airflow/example_dags/example_dag_decorator.py took 0.385 seconds
[2025-08-02T01:52:56.471+0000] {processor.py:161} INFO - Started process (PID=1196) to work on /home/airflow/.local/lib/python3.8/site-packages/airflow/example_dags/example_dag_decorator.py
[2025-08-02T01:52:56.472+0000] {processor.py:830} INFO - Processing file /home/airflow/.local/lib/python3.8/site-packages/airflow/example_dags/example_dag_decorator.py for tasks to queue
[2025-08-02T01:52:56.493+0000] {logging_mixin.py:188} INFO - [2025-08-02T01:52:56.492+0000] {dagbag.py:540} INFO - Filling up the DagBag from /home/airflow/.local/lib/python3.8/site-packages/airflow/example_dags/example_dag_decorator.py
[2025-08-02T01:52:56.788+0000] {processor.py:840} INFO - DAG(s) 'example_dag_decorator' retrieved from /home/airflow/.local/lib/python3.8/site-packages/airflow/example_dags/example_dag_decorator.py
[2025-08-02T01:52:57.159+0000] {logging_mixin.py:188} INFO - [2025-08-02T01:52:57.155+0000] {dag.py:3047} INFO - Sync 1 DAGs
[2025-08-02T01:52:57.214+0000] {logging_mixin.py:188} INFO - [2025-08-02T01:52:57.213+0000] {dag.py:3834} INFO - Setting next_dagrun for example_dag_decorator to None, run_after=None
[2025-08-02T01:52:57.317+0000] {processor.py:183} INFO - Processing /home/airflow/.local/lib/python3.8/site-packages/airflow/example_dags/example_dag_decorator.py took 0.852 seconds
[2025-08-02T01:53:28.644+0000] {processor.py:161} INFO - Started process (PID=1254) to work on /home/airflow/.local/lib/python3.8/site-packages/airflow/example_dags/example_dag_decorator.py
[2025-08-02T01:53:28.653+0000] {processor.py:830} INFO - Processing file /home/airflow/.local/lib/python3.8/site-packages/airflow/example_dags/example_dag_decorator.py for tasks to queue
[2025-08-02T01:53:28.659+0000] {logging_mixin.py:188} INFO - [2025-08-02T01:53:28.658+0000] {dagbag.py:540} INFO - Filling up the DagBag from /home/airflow/.local/lib/python3.8/site-packages/airflow/example_dags/example_dag_decorator.py
[2025-08-02T01:53:28.945+0000] {processor.py:840} INFO - DAG(s) 'example_dag_decorator' retrieved from /home/airflow/.local/lib/python3.8/site-packages/airflow/example_dags/example_dag_decorator.py
[2025-08-02T01:53:29.295+0000] {logging_mixin.py:188} INFO - [2025-08-02T01:53:29.294+0000] {dag.py:3047} INFO - Sync 1 DAGs
[2025-08-02T01:53:29.310+0000] {logging_mixin.py:188} INFO - [2025-08-02T01:53:29.310+0000] {dag.py:3834} INFO - Setting next_dagrun for example_dag_decorator to None, run_after=None
[2025-08-02T01:53:29.348+0000] {processor.py:183} INFO - Processing /home/airflow/.local/lib/python3.8/site-packages/airflow/example_dags/example_dag_decorator.py took 0.710 seconds
[2025-08-02T01:54:00.027+0000] {processor.py:161} INFO - Started process (PID=1310) to work on /home/airflow/.local/lib/python3.8/site-packages/airflow/example_dags/example_dag_decorator.py
[2025-08-02T01:54:00.035+0000] {processor.py:830} INFO - Processing file /home/airflow/.local/lib/python3.8/site-packages/airflow/example_dags/example_dag_decorator.py for tasks to queue
[2025-08-02T01:54:00.041+0000] {logging_mixin.py:188} INFO - [2025-08-02T01:54:00.041+0000] {dagbag.py:540} INFO - Filling up the DagBag from /home/airflow/.local/lib/python3.8/site-packages/airflow/example_dags/example_dag_decorator.py
[2025-08-02T01:54:00.246+0000] {processor.py:840} INFO - DAG(s) 'example_dag_decorator' retrieved from /home/airflow/.local/lib/python3.8/site-packages/airflow/example_dags/example_dag_decorator.py
[2025-08-02T01:54:00.430+0000] {logging_mixin.py:188} INFO - [2025-08-02T01:54:00.430+0000] {dag.py:3047} INFO - Sync 1 DAGs
[2025-08-02T01:54:00.443+0000] {logging_mixin.py:188} INFO - [2025-08-02T01:54:00.443+0000] {dag.py:3834} INFO - Setting next_dagrun for example_dag_decorator to None, run_after=None
[2025-08-02T01:54:00.466+0000] {processor.py:183} INFO - Processing /home/airflow/.local/lib/python3.8/site-packages/airflow/example_dags/example_dag_decorator.py took 0.468 seconds
[2025-08-02T01:54:30.715+0000] {processor.py:161} INFO - Started process (PID=1367) to work on /home/airflow/.local/lib/python3.8/site-packages/airflow/example_dags/example_dag_decorator.py
[2025-08-02T01:54:30.717+0000] {processor.py:830} INFO - Processing file /home/airflow/.local/lib/python3.8/site-packages/airflow/example_dags/example_dag_decorator.py for tasks to queue
[2025-08-02T01:54:30.719+0000] {logging_mixin.py:188} INFO - [2025-08-02T01:54:30.719+0000] {dagbag.py:540} INFO - Filling up the DagBag from /home/airflow/.local/lib/python3.8/site-packages/airflow/example_dags/example_dag_decorator.py
[2025-08-02T01:54:30.878+0000] {processor.py:840} INFO - DAG(s) 'example_dag_decorator' retrieved from /home/airflow/.local/lib/python3.8/site-packages/airflow/example_dags/example_dag_decorator.py
[2025-08-02T01:54:31.060+0000] {logging_mixin.py:188} INFO - [2025-08-02T01:54:31.060+0000] {dag.py:3047} INFO - Sync 1 DAGs
[2025-08-02T01:54:31.095+0000] {logging_mixin.py:188} INFO - [2025-08-02T01:54:31.095+0000] {dag.py:3834} INFO - Setting next_dagrun for example_dag_decorator to None, run_after=None
[2025-08-02T01:54:31.130+0000] {processor.py:183} INFO - Processing /home/airflow/.local/lib/python3.8/site-packages/airflow/example_dags/example_dag_decorator.py took 0.418 seconds
[2025-08-02T01:55:01.448+0000] {processor.py:161} INFO - Started process (PID=1423) to work on /home/airflow/.local/lib/python3.8/site-packages/airflow/example_dags/example_dag_decorator.py
[2025-08-02T01:55:01.450+0000] {processor.py:830} INFO - Processing file /home/airflow/.local/lib/python3.8/site-packages/airflow/example_dags/example_dag_decorator.py for tasks to queue
[2025-08-02T01:55:01.454+0000] {logging_mixin.py:188} INFO - [2025-08-02T01:55:01.453+0000] {dagbag.py:540} INFO - Filling up the DagBag from /home/airflow/.local/lib/python3.8/site-packages/airflow/example_dags/example_dag_decorator.py
[2025-08-02T01:55:01.646+0000] {processor.py:840} INFO - DAG(s) 'example_dag_decorator' retrieved from /home/airflow/.local/lib/python3.8/site-packages/airflow/example_dags/example_dag_decorator.py
[2025-08-02T01:55:01.838+0000] {logging_mixin.py:188} INFO - [2025-08-02T01:55:01.838+0000] {dag.py:3047} INFO - Sync 1 DAGs
[2025-08-02T01:55:01.848+0000] {logging_mixin.py:188} INFO - [2025-08-02T01:55:01.848+0000] {dag.py:3834} INFO - Setting next_dagrun for example_dag_decorator to None, run_after=None
[2025-08-02T01:55:01.863+0000] {processor.py:183} INFO - Processing /home/airflow/.local/lib/python3.8/site-packages/airflow/example_dags/example_dag_decorator.py took 0.417 seconds
[2025-08-02T01:55:32.091+0000] {processor.py:161} INFO - Started process (PID=1477) to work on /home/airflow/.local/lib/python3.8/site-packages/airflow/example_dags/example_dag_decorator.py
[2025-08-02T01:55:32.097+0000] {processor.py:830} INFO - Processing file /home/airflow/.local/lib/python3.8/site-packages/airflow/example_dags/example_dag_decorator.py for tasks to queue
[2025-08-02T01:55:32.101+0000] {logging_mixin.py:188} INFO - [2025-08-02T01:55:32.101+0000] {dagbag.py:540} INFO - Filling up the DagBag from /home/airflow/.local/lib/python3.8/site-packages/airflow/example_dags/example_dag_decorator.py
[2025-08-02T01:55:32.330+0000] {processor.py:840} INFO - DAG(s) 'example_dag_decorator' retrieved from /home/airflow/.local/lib/python3.8/site-packages/airflow/example_dags/example_dag_decorator.py
[2025-08-02T01:55:32.584+0000] {logging_mixin.py:188} INFO - [2025-08-02T01:55:32.583+0000] {dag.py:3047} INFO - Sync 1 DAGs
[2025-08-02T01:55:32.618+0000] {logging_mixin.py:188} INFO - [2025-08-02T01:55:32.618+0000] {dag.py:3834} INFO - Setting next_dagrun for example_dag_decorator to None, run_after=None
[2025-08-02T01:55:32.650+0000] {processor.py:183} INFO - Processing /home/airflow/.local/lib/python3.8/site-packages/airflow/example_dags/example_dag_decorator.py took 0.582 seconds
[2025-08-02T01:56:02.879+0000] {processor.py:161} INFO - Started process (PID=1532) to work on /home/airflow/.local/lib/python3.8/site-packages/airflow/example_dags/example_dag_decorator.py
[2025-08-02T01:56:02.880+0000] {processor.py:830} INFO - Processing file /home/airflow/.local/lib/python3.8/site-packages/airflow/example_dags/example_dag_decorator.py for tasks to queue
[2025-08-02T01:56:02.882+0000] {logging_mixin.py:188} INFO - [2025-08-02T01:56:02.881+0000] {dagbag.py:540} INFO - Filling up the DagBag from /home/airflow/.local/lib/python3.8/site-packages/airflow/example_dags/example_dag_decorator.py
[2025-08-02T01:56:02.991+0000] {processor.py:840} INFO - DAG(s) 'example_dag_decorator' retrieved from /home/airflow/.local/lib/python3.8/site-packages/airflow/example_dags/example_dag_decorator.py
[2025-08-02T01:56:03.109+0000] {logging_mixin.py:188} INFO - [2025-08-02T01:56:03.109+0000] {dag.py:3047} INFO - Sync 1 DAGs
[2025-08-02T01:56:03.119+0000] {logging_mixin.py:188} INFO - [2025-08-02T01:56:03.119+0000] {dag.py:3834} INFO - Setting next_dagrun for example_dag_decorator to None, run_after=None
[2025-08-02T01:56:03.133+0000] {processor.py:183} INFO - Processing /home/airflow/.local/lib/python3.8/site-packages/airflow/example_dags/example_dag_decorator.py took 0.256 seconds
[2025-08-02T01:56:33.723+0000] {processor.py:161} INFO - Started process (PID=1586) to work on /home/airflow/.local/lib/python3.8/site-packages/airflow/example_dags/example_dag_decorator.py
[2025-08-02T01:56:33.727+0000] {processor.py:830} INFO - Processing file /home/airflow/.local/lib/python3.8/site-packages/airflow/example_dags/example_dag_decorator.py for tasks to queue
[2025-08-02T01:56:33.733+0000] {logging_mixin.py:188} INFO - [2025-08-02T01:56:33.731+0000] {dagbag.py:540} INFO - Filling up the DagBag from /home/airflow/.local/lib/python3.8/site-packages/airflow/example_dags/example_dag_decorator.py
[2025-08-02T01:56:34.296+0000] {processor.py:840} INFO - DAG(s) 'example_dag_decorator' retrieved from /home/airflow/.local/lib/python3.8/site-packages/airflow/example_dags/example_dag_decorator.py
[2025-08-02T01:56:34.446+0000] {logging_mixin.py:188} INFO - [2025-08-02T01:56:34.440+0000] {dag.py:3047} INFO - Sync 1 DAGs
[2025-08-02T01:56:34.466+0000] {logging_mixin.py:188} INFO - [2025-08-02T01:56:34.466+0000] {dag.py:3834} INFO - Setting next_dagrun for example_dag_decorator to None, run_after=None
[2025-08-02T01:56:34.498+0000] {processor.py:183} INFO - Processing /home/airflow/.local/lib/python3.8/site-packages/airflow/example_dags/example_dag_decorator.py took 0.782 seconds
[2025-08-02T01:57:05.532+0000] {processor.py:161} INFO - Started process (PID=1642) to work on /home/airflow/.local/lib/python3.8/site-packages/airflow/example_dags/example_dag_decorator.py
[2025-08-02T01:57:05.535+0000] {processor.py:830} INFO - Processing file /home/airflow/.local/lib/python3.8/site-packages/airflow/example_dags/example_dag_decorator.py for tasks to queue
[2025-08-02T01:57:05.543+0000] {logging_mixin.py:188} INFO - [2025-08-02T01:57:05.542+0000] {dagbag.py:540} INFO - Filling up the DagBag from /home/airflow/.local/lib/python3.8/site-packages/airflow/example_dags/example_dag_decorator.py
[2025-08-02T01:57:05.917+0000] {processor.py:840} INFO - DAG(s) 'example_dag_decorator' retrieved from /home/airflow/.local/lib/python3.8/site-packages/airflow/example_dags/example_dag_decorator.py
[2025-08-02T01:57:06.273+0000] {logging_mixin.py:188} INFO - [2025-08-02T01:57:06.273+0000] {dag.py:3047} INFO - Sync 1 DAGs
[2025-08-02T01:57:06.284+0000] {logging_mixin.py:188} INFO - [2025-08-02T01:57:06.284+0000] {dag.py:3834} INFO - Setting next_dagrun for example_dag_decorator to None, run_after=None
[2025-08-02T01:57:06.331+0000] {processor.py:183} INFO - Processing /home/airflow/.local/lib/python3.8/site-packages/airflow/example_dags/example_dag_decorator.py took 0.859 seconds
[2025-08-02T01:57:41.358+0000] {processor.py:161} INFO - Started process (PID=1697) to work on /home/airflow/.local/lib/python3.8/site-packages/airflow/example_dags/example_dag_decorator.py
[2025-08-02T01:57:41.377+0000] {processor.py:830} INFO - Processing file /home/airflow/.local/lib/python3.8/site-packages/airflow/example_dags/example_dag_decorator.py for tasks to queue
[2025-08-02T01:57:41.397+0000] {logging_mixin.py:188} INFO - [2025-08-02T01:57:41.396+0000] {dagbag.py:540} INFO - Filling up the DagBag from /home/airflow/.local/lib/python3.8/site-packages/airflow/example_dags/example_dag_decorator.py
[2025-08-02T01:57:45.427+0000] {processor.py:840} INFO - DAG(s) 'example_dag_decorator' retrieved from /home/airflow/.local/lib/python3.8/site-packages/airflow/example_dags/example_dag_decorator.py
[2025-08-02T01:57:46.510+0000] {logging_mixin.py:188} INFO - [2025-08-02T01:57:46.509+0000] {dag.py:3047} INFO - Sync 1 DAGs
[2025-08-02T01:57:46.556+0000] {logging_mixin.py:188} INFO - [2025-08-02T01:57:46.555+0000] {dag.py:3834} INFO - Setting next_dagrun for example_dag_decorator to None, run_after=None
[2025-08-02T01:57:46.603+0000] {processor.py:183} INFO - Processing /home/airflow/.local/lib/python3.8/site-packages/airflow/example_dags/example_dag_decorator.py took 5.266 seconds
[2025-08-02T01:58:16.765+0000] {processor.py:161} INFO - Started process (PID=1759) to work on /home/airflow/.local/lib/python3.8/site-packages/airflow/example_dags/example_dag_decorator.py
[2025-08-02T01:58:16.766+0000] {processor.py:830} INFO - Processing file /home/airflow/.local/lib/python3.8/site-packages/airflow/example_dags/example_dag_decorator.py for tasks to queue
[2025-08-02T01:58:16.768+0000] {logging_mixin.py:188} INFO - [2025-08-02T01:58:16.768+0000] {dagbag.py:540} INFO - Filling up the DagBag from /home/airflow/.local/lib/python3.8/site-packages/airflow/example_dags/example_dag_decorator.py
[2025-08-02T01:58:17.075+0000] {processor.py:840} INFO - DAG(s) 'example_dag_decorator' retrieved from /home/airflow/.local/lib/python3.8/site-packages/airflow/example_dags/example_dag_decorator.py
[2025-08-02T01:58:17.505+0000] {logging_mixin.py:188} INFO - [2025-08-02T01:58:17.505+0000] {dag.py:3047} INFO - Sync 1 DAGs
[2025-08-02T01:58:17.531+0000] {logging_mixin.py:188} INFO - [2025-08-02T01:58:17.531+0000] {dag.py:3834} INFO - Setting next_dagrun for example_dag_decorator to None, run_after=None
[2025-08-02T01:58:17.588+0000] {processor.py:183} INFO - Processing /home/airflow/.local/lib/python3.8/site-packages/airflow/example_dags/example_dag_decorator.py took 0.827 seconds
[2025-08-02T01:58:47.881+0000] {processor.py:161} INFO - Started process (PID=1815) to work on /home/airflow/.local/lib/python3.8/site-packages/airflow/example_dags/example_dag_decorator.py
[2025-08-02T01:58:47.882+0000] {processor.py:830} INFO - Processing file /home/airflow/.local/lib/python3.8/site-packages/airflow/example_dags/example_dag_decorator.py for tasks to queue
[2025-08-02T01:58:47.886+0000] {logging_mixin.py:188} INFO - [2025-08-02T01:58:47.885+0000] {dagbag.py:540} INFO - Filling up the DagBag from /home/airflow/.local/lib/python3.8/site-packages/airflow/example_dags/example_dag_decorator.py
[2025-08-02T01:58:47.988+0000] {processor.py:840} INFO - DAG(s) 'example_dag_decorator' retrieved from /home/airflow/.local/lib/python3.8/site-packages/airflow/example_dags/example_dag_decorator.py
[2025-08-02T01:58:48.133+0000] {logging_mixin.py:188} INFO - [2025-08-02T01:58:48.133+0000] {dag.py:3047} INFO - Sync 1 DAGs
[2025-08-02T01:58:48.143+0000] {logging_mixin.py:188} INFO - [2025-08-02T01:58:48.143+0000] {dag.py:3834} INFO - Setting next_dagrun for example_dag_decorator to None, run_after=None
[2025-08-02T01:58:48.174+0000] {processor.py:183} INFO - Processing /home/airflow/.local/lib/python3.8/site-packages/airflow/example_dags/example_dag_decorator.py took 0.306 seconds
[2025-08-02T01:59:18.317+0000] {processor.py:161} INFO - Started process (PID=1871) to work on /home/airflow/.local/lib/python3.8/site-packages/airflow/example_dags/example_dag_decorator.py
[2025-08-02T01:59:18.321+0000] {processor.py:830} INFO - Processing file /home/airflow/.local/lib/python3.8/site-packages/airflow/example_dags/example_dag_decorator.py for tasks to queue
[2025-08-02T01:59:18.326+0000] {logging_mixin.py:188} INFO - [2025-08-02T01:59:18.326+0000] {dagbag.py:540} INFO - Filling up the DagBag from /home/airflow/.local/lib/python3.8/site-packages/airflow/example_dags/example_dag_decorator.py
[2025-08-02T01:59:18.515+0000] {processor.py:840} INFO - DAG(s) 'example_dag_decorator' retrieved from /home/airflow/.local/lib/python3.8/site-packages/airflow/example_dags/example_dag_decorator.py
[2025-08-02T01:59:18.678+0000] {logging_mixin.py:188} INFO - [2025-08-02T01:59:18.677+0000] {dag.py:3047} INFO - Sync 1 DAGs
[2025-08-02T01:59:18.689+0000] {logging_mixin.py:188} INFO - [2025-08-02T01:59:18.689+0000] {dag.py:3834} INFO - Setting next_dagrun for example_dag_decorator to None, run_after=None
[2025-08-02T01:59:18.708+0000] {processor.py:183} INFO - Processing /home/airflow/.local/lib/python3.8/site-packages/airflow/example_dags/example_dag_decorator.py took 0.407 seconds
[2025-08-02T01:59:49.078+0000] {processor.py:161} INFO - Started process (PID=1927) to work on /home/airflow/.local/lib/python3.8/site-packages/airflow/example_dags/example_dag_decorator.py
[2025-08-02T01:59:49.082+0000] {processor.py:830} INFO - Processing file /home/airflow/.local/lib/python3.8/site-packages/airflow/example_dags/example_dag_decorator.py for tasks to queue
[2025-08-02T01:59:49.087+0000] {logging_mixin.py:188} INFO - [2025-08-02T01:59:49.087+0000] {dagbag.py:540} INFO - Filling up the DagBag from /home/airflow/.local/lib/python3.8/site-packages/airflow/example_dags/example_dag_decorator.py
[2025-08-02T01:59:49.286+0000] {processor.py:840} INFO - DAG(s) 'example_dag_decorator' retrieved from /home/airflow/.local/lib/python3.8/site-packages/airflow/example_dags/example_dag_decorator.py
[2025-08-02T01:59:49.457+0000] {logging_mixin.py:188} INFO - [2025-08-02T01:59:49.456+0000] {dag.py:3047} INFO - Sync 1 DAGs
[2025-08-02T01:59:49.464+0000] {logging_mixin.py:188} INFO - [2025-08-02T01:59:49.464+0000] {dag.py:3834} INFO - Setting next_dagrun for example_dag_decorator to None, run_after=None
[2025-08-02T01:59:49.476+0000] {processor.py:183} INFO - Processing /home/airflow/.local/lib/python3.8/site-packages/airflow/example_dags/example_dag_decorator.py took 0.405 seconds
[2025-08-02T02:00:19.702+0000] {processor.py:161} INFO - Started process (PID=1984) to work on /home/airflow/.local/lib/python3.8/site-packages/airflow/example_dags/example_dag_decorator.py
[2025-08-02T02:00:19.708+0000] {processor.py:830} INFO - Processing file /home/airflow/.local/lib/python3.8/site-packages/airflow/example_dags/example_dag_decorator.py for tasks to queue
[2025-08-02T02:00:19.716+0000] {logging_mixin.py:188} INFO - [2025-08-02T02:00:19.715+0000] {dagbag.py:540} INFO - Filling up the DagBag from /home/airflow/.local/lib/python3.8/site-packages/airflow/example_dags/example_dag_decorator.py
[2025-08-02T02:00:19.947+0000] {processor.py:840} INFO - DAG(s) 'example_dag_decorator' retrieved from /home/airflow/.local/lib/python3.8/site-packages/airflow/example_dags/example_dag_decorator.py
[2025-08-02T02:00:20.090+0000] {logging_mixin.py:188} INFO - [2025-08-02T02:00:20.089+0000] {dag.py:3047} INFO - Sync 1 DAGs
[2025-08-02T02:00:20.099+0000] {logging_mixin.py:188} INFO - [2025-08-02T02:00:20.099+0000] {dag.py:3834} INFO - Setting next_dagrun for example_dag_decorator to None, run_after=None
[2025-08-02T02:00:20.115+0000] {processor.py:183} INFO - Processing /home/airflow/.local/lib/python3.8/site-packages/airflow/example_dags/example_dag_decorator.py took 0.459 seconds
[2025-08-02T02:01:02.578+0000] {processor.py:161} INFO - Started process (PID=2039) to work on /home/airflow/.local/lib/python3.8/site-packages/airflow/example_dags/example_dag_decorator.py
[2025-08-02T02:01:02.610+0000] {processor.py:830} INFO - Processing file /home/airflow/.local/lib/python3.8/site-packages/airflow/example_dags/example_dag_decorator.py for tasks to queue
[2025-08-02T02:01:02.620+0000] {logging_mixin.py:188} INFO - [2025-08-02T02:01:02.619+0000] {dagbag.py:540} INFO - Filling up the DagBag from /home/airflow/.local/lib/python3.8/site-packages/airflow/example_dags/example_dag_decorator.py
[2025-08-02T02:01:03.914+0000] {processor.py:840} INFO - DAG(s) 'example_dag_decorator' retrieved from /home/airflow/.local/lib/python3.8/site-packages/airflow/example_dags/example_dag_decorator.py
[2025-08-02T02:01:04.389+0000] {logging_mixin.py:188} INFO - [2025-08-02T02:01:04.388+0000] {dag.py:3047} INFO - Sync 1 DAGs
[2025-08-02T02:01:04.407+0000] {logging_mixin.py:188} INFO - [2025-08-02T02:01:04.407+0000] {dag.py:3834} INFO - Setting next_dagrun for example_dag_decorator to None, run_after=None
[2025-08-02T02:01:04.454+0000] {processor.py:183} INFO - Processing /home/airflow/.local/lib/python3.8/site-packages/airflow/example_dags/example_dag_decorator.py took 1.912 seconds
[2025-08-02T02:01:34.637+0000] {processor.py:161} INFO - Started process (PID=2096) to work on /home/airflow/.local/lib/python3.8/site-packages/airflow/example_dags/example_dag_decorator.py
[2025-08-02T02:01:34.640+0000] {processor.py:830} INFO - Processing file /home/airflow/.local/lib/python3.8/site-packages/airflow/example_dags/example_dag_decorator.py for tasks to queue
[2025-08-02T02:01:34.643+0000] {logging_mixin.py:188} INFO - [2025-08-02T02:01:34.642+0000] {dagbag.py:540} INFO - Filling up the DagBag from /home/airflow/.local/lib/python3.8/site-packages/airflow/example_dags/example_dag_decorator.py
[2025-08-02T02:01:34.829+0000] {processor.py:840} INFO - DAG(s) 'example_dag_decorator' retrieved from /home/airflow/.local/lib/python3.8/site-packages/airflow/example_dags/example_dag_decorator.py
[2025-08-02T02:01:34.934+0000] {logging_mixin.py:188} INFO - [2025-08-02T02:01:34.933+0000] {dag.py:3047} INFO - Sync 1 DAGs
[2025-08-02T02:01:34.943+0000] {logging_mixin.py:188} INFO - [2025-08-02T02:01:34.943+0000] {dag.py:3834} INFO - Setting next_dagrun for example_dag_decorator to None, run_after=None
[2025-08-02T02:01:34.954+0000] {processor.py:183} INFO - Processing /home/airflow/.local/lib/python3.8/site-packages/airflow/example_dags/example_dag_decorator.py took 0.324 seconds
[2025-08-02T02:02:26.646+0000] {processor.py:161} INFO - Started process (PID=2136) to work on /home/airflow/.local/lib/python3.8/site-packages/airflow/example_dags/example_dag_decorator.py
[2025-08-02T02:02:26.650+0000] {processor.py:830} INFO - Processing file /home/airflow/.local/lib/python3.8/site-packages/airflow/example_dags/example_dag_decorator.py for tasks to queue
[2025-08-02T02:02:26.662+0000] {logging_mixin.py:188} INFO - [2025-08-02T02:02:26.661+0000] {dagbag.py:540} INFO - Filling up the DagBag from /home/airflow/.local/lib/python3.8/site-packages/airflow/example_dags/example_dag_decorator.py
[2025-08-02T02:02:27.124+0000] {processor.py:840} INFO - DAG(s) 'example_dag_decorator' retrieved from /home/airflow/.local/lib/python3.8/site-packages/airflow/example_dags/example_dag_decorator.py
[2025-08-02T02:02:28.141+0000] {logging_mixin.py:188} INFO - [2025-08-02T02:02:28.105+0000] {dag.py:3047} INFO - Sync 1 DAGs
[2025-08-02T02:02:28.296+0000] {logging_mixin.py:188} INFO - [2025-08-02T02:02:28.292+0000] {dag.py:3834} INFO - Setting next_dagrun for example_dag_decorator to None, run_after=None
[2025-08-02T02:02:28.414+0000] {processor.py:183} INFO - Processing /home/airflow/.local/lib/python3.8/site-packages/airflow/example_dags/example_dag_decorator.py took 1.773 seconds
[2025-08-02T02:03:07.903+0000] {processor.py:161} INFO - Started process (PID=2194) to work on /home/airflow/.local/lib/python3.8/site-packages/airflow/example_dags/example_dag_decorator.py
[2025-08-02T02:03:07.913+0000] {processor.py:830} INFO - Processing file /home/airflow/.local/lib/python3.8/site-packages/airflow/example_dags/example_dag_decorator.py for tasks to queue
[2025-08-02T02:03:07.945+0000] {logging_mixin.py:188} INFO - [2025-08-02T02:03:07.942+0000] {dagbag.py:540} INFO - Filling up the DagBag from /home/airflow/.local/lib/python3.8/site-packages/airflow/example_dags/example_dag_decorator.py
[2025-08-02T02:03:08.469+0000] {processor.py:840} INFO - DAG(s) 'example_dag_decorator' retrieved from /home/airflow/.local/lib/python3.8/site-packages/airflow/example_dags/example_dag_decorator.py
[2025-08-02T02:03:09.436+0000] {logging_mixin.py:188} INFO - [2025-08-02T02:03:09.433+0000] {dag.py:3047} INFO - Sync 1 DAGs
[2025-08-02T02:03:09.492+0000] {logging_mixin.py:188} INFO - [2025-08-02T02:03:09.491+0000] {dag.py:3834} INFO - Setting next_dagrun for example_dag_decorator to None, run_after=None
[2025-08-02T02:03:09.581+0000] {processor.py:183} INFO - Processing /home/airflow/.local/lib/python3.8/site-packages/airflow/example_dags/example_dag_decorator.py took 1.705 seconds
[2025-08-02T02:03:39.969+0000] {processor.py:161} INFO - Started process (PID=2251) to work on /home/airflow/.local/lib/python3.8/site-packages/airflow/example_dags/example_dag_decorator.py
[2025-08-02T02:03:39.971+0000] {processor.py:830} INFO - Processing file /home/airflow/.local/lib/python3.8/site-packages/airflow/example_dags/example_dag_decorator.py for tasks to queue
[2025-08-02T02:03:39.984+0000] {logging_mixin.py:188} INFO - [2025-08-02T02:03:39.982+0000] {dagbag.py:540} INFO - Filling up the DagBag from /home/airflow/.local/lib/python3.8/site-packages/airflow/example_dags/example_dag_decorator.py
[2025-08-02T02:03:40.375+0000] {processor.py:840} INFO - DAG(s) 'example_dag_decorator' retrieved from /home/airflow/.local/lib/python3.8/site-packages/airflow/example_dags/example_dag_decorator.py
[2025-08-02T02:03:41.792+0000] {logging_mixin.py:188} INFO - [2025-08-02T02:03:41.791+0000] {dag.py:3047} INFO - Sync 1 DAGs
[2025-08-02T02:03:41.837+0000] {logging_mixin.py:188} INFO - [2025-08-02T02:03:41.836+0000] {dag.py:3834} INFO - Setting next_dagrun for example_dag_decorator to None, run_after=None
[2025-08-02T02:03:41.890+0000] {processor.py:183} INFO - Processing /home/airflow/.local/lib/python3.8/site-packages/airflow/example_dags/example_dag_decorator.py took 1.930 seconds
[2025-08-02T02:04:19.653+0000] {processor.py:161} INFO - Started process (PID=2312) to work on /home/airflow/.local/lib/python3.8/site-packages/airflow/example_dags/example_dag_decorator.py
[2025-08-02T02:04:19.668+0000] {processor.py:830} INFO - Processing file /home/airflow/.local/lib/python3.8/site-packages/airflow/example_dags/example_dag_decorator.py for tasks to queue
[2025-08-02T02:04:19.692+0000] {logging_mixin.py:188} INFO - [2025-08-02T02:04:19.690+0000] {dagbag.py:540} INFO - Filling up the DagBag from /home/airflow/.local/lib/python3.8/site-packages/airflow/example_dags/example_dag_decorator.py
[2025-08-02T02:04:20.082+0000] {processor.py:840} INFO - DAG(s) 'example_dag_decorator' retrieved from /home/airflow/.local/lib/python3.8/site-packages/airflow/example_dags/example_dag_decorator.py
[2025-08-02T02:04:23.617+0000] {logging_mixin.py:188} INFO - [2025-08-02T02:04:23.616+0000] {dag.py:3047} INFO - Sync 1 DAGs
[2025-08-02T02:04:23.660+0000] {logging_mixin.py:188} INFO - [2025-08-02T02:04:23.658+0000] {dag.py:3834} INFO - Setting next_dagrun for example_dag_decorator to None, run_after=None
[2025-08-02T02:04:23.735+0000] {processor.py:183} INFO - Processing /home/airflow/.local/lib/python3.8/site-packages/airflow/example_dags/example_dag_decorator.py took 4.117 seconds
[2025-08-02T02:04:54.641+0000] {processor.py:161} INFO - Started process (PID=2380) to work on /home/airflow/.local/lib/python3.8/site-packages/airflow/example_dags/example_dag_decorator.py
[2025-08-02T02:04:54.651+0000] {processor.py:830} INFO - Processing file /home/airflow/.local/lib/python3.8/site-packages/airflow/example_dags/example_dag_decorator.py for tasks to queue
[2025-08-02T02:04:54.706+0000] {logging_mixin.py:188} INFO - [2025-08-02T02:04:54.682+0000] {dagbag.py:540} INFO - Filling up the DagBag from /home/airflow/.local/lib/python3.8/site-packages/airflow/example_dags/example_dag_decorator.py
[2025-08-02T02:04:55.640+0000] {processor.py:840} INFO - DAG(s) 'example_dag_decorator' retrieved from /home/airflow/.local/lib/python3.8/site-packages/airflow/example_dags/example_dag_decorator.py
[2025-08-02T02:05:01.887+0000] {logging_mixin.py:188} INFO - [2025-08-02T02:05:01.883+0000] {dag.py:3047} INFO - Sync 1 DAGs
[2025-08-02T02:05:02.066+0000] {logging_mixin.py:188} INFO - [2025-08-02T02:05:02.052+0000] {dag.py:3834} INFO - Setting next_dagrun for example_dag_decorator to None, run_after=None
[2025-08-02T02:05:02.194+0000] {processor.py:183} INFO - Processing /home/airflow/.local/lib/python3.8/site-packages/airflow/example_dags/example_dag_decorator.py took 7.628 seconds
[2025-08-02T02:05:42.093+0000] {processor.py:161} INFO - Started process (PID=2427) to work on /home/airflow/.local/lib/python3.8/site-packages/airflow/example_dags/example_dag_decorator.py
[2025-08-02T02:05:42.102+0000] {processor.py:830} INFO - Processing file /home/airflow/.local/lib/python3.8/site-packages/airflow/example_dags/example_dag_decorator.py for tasks to queue
[2025-08-02T02:05:42.124+0000] {logging_mixin.py:188} INFO - [2025-08-02T02:05:42.121+0000] {dagbag.py:540} INFO - Filling up the DagBag from /home/airflow/.local/lib/python3.8/site-packages/airflow/example_dags/example_dag_decorator.py
[2025-08-02T02:05:43.460+0000] {processor.py:840} INFO - DAG(s) 'example_dag_decorator' retrieved from /home/airflow/.local/lib/python3.8/site-packages/airflow/example_dags/example_dag_decorator.py
[2025-08-02T02:06:03.748+0000] {logging_mixin.py:188} INFO - [2025-08-02T02:06:03.719+0000] {dag.py:3047} INFO - Sync 1 DAGs
[2025-08-02T02:06:10.097+0000] {logging_mixin.py:188} INFO - [2025-08-02T02:06:10.082+0000] {dag.py:3834} INFO - Setting next_dagrun for example_dag_decorator to None, run_after=None
[2025-08-02T02:07:47.005+0000] {processor.py:183} INFO - Processing /home/airflow/.local/lib/python3.8/site-packages/airflow/example_dags/example_dag_decorator.py took 124.907 seconds
[2025-08-02T02:08:41.228+0000] {processor.py:161} INFO - Started process (PID=2473) to work on /home/airflow/.local/lib/python3.8/site-packages/airflow/example_dags/example_dag_decorator.py
[2025-08-02T02:08:41.234+0000] {processor.py:830} INFO - Processing file /home/airflow/.local/lib/python3.8/site-packages/airflow/example_dags/example_dag_decorator.py for tasks to queue
[2025-08-02T02:08:41.237+0000] {logging_mixin.py:188} INFO - [2025-08-02T02:08:41.236+0000] {dagbag.py:540} INFO - Filling up the DagBag from /home/airflow/.local/lib/python3.8/site-packages/airflow/example_dags/example_dag_decorator.py
[2025-08-02T02:08:42.125+0000] {processor.py:840} INFO - DAG(s) 'example_dag_decorator' retrieved from /home/airflow/.local/lib/python3.8/site-packages/airflow/example_dags/example_dag_decorator.py
[2025-08-02T02:08:43.345+0000] {logging_mixin.py:188} INFO - [2025-08-02T02:08:43.339+0000] {dag.py:3047} INFO - Sync 1 DAGs
[2025-08-02T02:08:43.402+0000] {logging_mixin.py:188} INFO - [2025-08-02T02:08:43.398+0000] {dag.py:3834} INFO - Setting next_dagrun for example_dag_decorator to None, run_after=None
[2025-08-02T02:08:50.115+0000] {processor.py:183} INFO - Processing /home/airflow/.local/lib/python3.8/site-packages/airflow/example_dags/example_dag_decorator.py took 8.885 seconds
[2025-08-02T02:09:21.769+0000] {processor.py:161} INFO - Started process (PID=2537) to work on /home/airflow/.local/lib/python3.8/site-packages/airflow/example_dags/example_dag_decorator.py
[2025-08-02T02:09:21.798+0000] {processor.py:830} INFO - Processing file /home/airflow/.local/lib/python3.8/site-packages/airflow/example_dags/example_dag_decorator.py for tasks to queue
[2025-08-02T02:09:21.824+0000] {logging_mixin.py:188} INFO - [2025-08-02T02:09:21.807+0000] {dagbag.py:540} INFO - Filling up the DagBag from /home/airflow/.local/lib/python3.8/site-packages/airflow/example_dags/example_dag_decorator.py
[2025-08-02T02:09:22.538+0000] {processor.py:840} INFO - DAG(s) 'example_dag_decorator' retrieved from /home/airflow/.local/lib/python3.8/site-packages/airflow/example_dags/example_dag_decorator.py
[2025-08-02T02:09:22.678+0000] {logging_mixin.py:188} INFO - [2025-08-02T02:09:22.677+0000] {dag.py:3047} INFO - Sync 1 DAGs
[2025-08-02T02:09:22.734+0000] {logging_mixin.py:188} INFO - [2025-08-02T02:09:22.733+0000] {dag.py:3834} INFO - Setting next_dagrun for example_dag_decorator to None, run_after=None
[2025-08-02T02:09:22.790+0000] {processor.py:183} INFO - Processing /home/airflow/.local/lib/python3.8/site-packages/airflow/example_dags/example_dag_decorator.py took 1.155 seconds
[2025-08-02T02:09:55.869+0000] {processor.py:161} INFO - Started process (PID=2593) to work on /home/airflow/.local/lib/python3.8/site-packages/airflow/example_dags/example_dag_decorator.py
[2025-08-02T02:09:55.874+0000] {processor.py:830} INFO - Processing file /home/airflow/.local/lib/python3.8/site-packages/airflow/example_dags/example_dag_decorator.py for tasks to queue
[2025-08-02T02:09:55.875+0000] {logging_mixin.py:188} INFO - [2025-08-02T02:09:55.875+0000] {dagbag.py:540} INFO - Filling up the DagBag from /home/airflow/.local/lib/python3.8/site-packages/airflow/example_dags/example_dag_decorator.py
[2025-08-02T02:09:56.493+0000] {processor.py:840} INFO - DAG(s) 'example_dag_decorator' retrieved from /home/airflow/.local/lib/python3.8/site-packages/airflow/example_dags/example_dag_decorator.py
[2025-08-02T02:09:59.727+0000] {logging_mixin.py:188} INFO - [2025-08-02T02:09:59.725+0000] {dag.py:3047} INFO - Sync 1 DAGs
[2025-08-02T02:09:59.748+0000] {logging_mixin.py:188} INFO - [2025-08-02T02:09:59.747+0000] {dag.py:3834} INFO - Setting next_dagrun for example_dag_decorator to None, run_after=None
[2025-08-02T02:09:59.846+0000] {processor.py:183} INFO - Processing /home/airflow/.local/lib/python3.8/site-packages/airflow/example_dags/example_dag_decorator.py took 3.984 seconds
[2025-08-02T02:10:30.461+0000] {processor.py:161} INFO - Started process (PID=2643) to work on /home/airflow/.local/lib/python3.8/site-packages/airflow/example_dags/example_dag_decorator.py
[2025-08-02T02:10:30.466+0000] {processor.py:830} INFO - Processing file /home/airflow/.local/lib/python3.8/site-packages/airflow/example_dags/example_dag_decorator.py for tasks to queue
[2025-08-02T02:10:30.467+0000] {logging_mixin.py:188} INFO - [2025-08-02T02:10:30.467+0000] {dagbag.py:540} INFO - Filling up the DagBag from /home/airflow/.local/lib/python3.8/site-packages/airflow/example_dags/example_dag_decorator.py
[2025-08-02T02:10:31.090+0000] {processor.py:840} INFO - DAG(s) 'example_dag_decorator' retrieved from /home/airflow/.local/lib/python3.8/site-packages/airflow/example_dags/example_dag_decorator.py
[2025-08-02T02:10:33.894+0000] {logging_mixin.py:188} INFO - [2025-08-02T02:10:33.892+0000] {dag.py:3047} INFO - Sync 1 DAGs
[2025-08-02T02:10:33.924+0000] {logging_mixin.py:188} INFO - [2025-08-02T02:10:33.923+0000] {dag.py:3834} INFO - Setting next_dagrun for example_dag_decorator to None, run_after=None
[2025-08-02T02:10:34.011+0000] {processor.py:183} INFO - Processing /home/airflow/.local/lib/python3.8/site-packages/airflow/example_dags/example_dag_decorator.py took 3.578 seconds
[2025-08-02T02:11:04.684+0000] {processor.py:161} INFO - Started process (PID=2698) to work on /home/airflow/.local/lib/python3.8/site-packages/airflow/example_dags/example_dag_decorator.py
[2025-08-02T02:11:04.689+0000] {processor.py:830} INFO - Processing file /home/airflow/.local/lib/python3.8/site-packages/airflow/example_dags/example_dag_decorator.py for tasks to queue
[2025-08-02T02:11:04.693+0000] {logging_mixin.py:188} INFO - [2025-08-02T02:11:04.691+0000] {dagbag.py:540} INFO - Filling up the DagBag from /home/airflow/.local/lib/python3.8/site-packages/airflow/example_dags/example_dag_decorator.py
[2025-08-02T02:11:05.522+0000] {processor.py:840} INFO - DAG(s) 'example_dag_decorator' retrieved from /home/airflow/.local/lib/python3.8/site-packages/airflow/example_dags/example_dag_decorator.py
[2025-08-02T02:11:07.319+0000] {logging_mixin.py:188} INFO - [2025-08-02T02:11:07.311+0000] {dag.py:3047} INFO - Sync 1 DAGs
[2025-08-02T02:11:07.383+0000] {logging_mixin.py:188} INFO - [2025-08-02T02:11:07.382+0000] {dag.py:3834} INFO - Setting next_dagrun for example_dag_decorator to None, run_after=None
[2025-08-02T02:11:07.674+0000] {processor.py:183} INFO - Processing /home/airflow/.local/lib/python3.8/site-packages/airflow/example_dags/example_dag_decorator.py took 3.018 seconds
[2025-08-02T02:11:39.145+0000] {processor.py:161} INFO - Started process (PID=2754) to work on /home/airflow/.local/lib/python3.8/site-packages/airflow/example_dags/example_dag_decorator.py
[2025-08-02T02:11:39.148+0000] {processor.py:830} INFO - Processing file /home/airflow/.local/lib/python3.8/site-packages/airflow/example_dags/example_dag_decorator.py for tasks to queue
[2025-08-02T02:11:39.151+0000] {logging_mixin.py:188} INFO - [2025-08-02T02:11:39.150+0000] {dagbag.py:540} INFO - Filling up the DagBag from /home/airflow/.local/lib/python3.8/site-packages/airflow/example_dags/example_dag_decorator.py
[2025-08-02T02:11:39.444+0000] {processor.py:840} INFO - DAG(s) 'example_dag_decorator' retrieved from /home/airflow/.local/lib/python3.8/site-packages/airflow/example_dags/example_dag_decorator.py
[2025-08-02T02:11:40.646+0000] {logging_mixin.py:188} INFO - [2025-08-02T02:11:40.644+0000] {dag.py:3047} INFO - Sync 1 DAGs
[2025-08-02T02:11:40.696+0000] {logging_mixin.py:188} INFO - [2025-08-02T02:11:40.695+0000] {dag.py:3834} INFO - Setting next_dagrun for example_dag_decorator to None, run_after=None
[2025-08-02T02:11:41.180+0000] {processor.py:183} INFO - Processing /home/airflow/.local/lib/python3.8/site-packages/airflow/example_dags/example_dag_decorator.py took 2.059 seconds
[2025-08-02T02:12:11.522+0000] {processor.py:161} INFO - Started process (PID=2811) to work on /home/airflow/.local/lib/python3.8/site-packages/airflow/example_dags/example_dag_decorator.py
[2025-08-02T02:12:11.524+0000] {processor.py:830} INFO - Processing file /home/airflow/.local/lib/python3.8/site-packages/airflow/example_dags/example_dag_decorator.py for tasks to queue
[2025-08-02T02:12:11.526+0000] {logging_mixin.py:188} INFO - [2025-08-02T02:12:11.525+0000] {dagbag.py:540} INFO - Filling up the DagBag from /home/airflow/.local/lib/python3.8/site-packages/airflow/example_dags/example_dag_decorator.py
[2025-08-02T02:12:11.787+0000] {processor.py:840} INFO - DAG(s) 'example_dag_decorator' retrieved from /home/airflow/.local/lib/python3.8/site-packages/airflow/example_dags/example_dag_decorator.py
[2025-08-02T02:12:12.615+0000] {logging_mixin.py:188} INFO - [2025-08-02T02:12:12.608+0000] {dag.py:3047} INFO - Sync 1 DAGs
[2025-08-02T02:12:12.626+0000] {logging_mixin.py:188} INFO - [2025-08-02T02:12:12.626+0000] {dag.py:3834} INFO - Setting next_dagrun for example_dag_decorator to None, run_after=None
[2025-08-02T02:12:12.668+0000] {processor.py:183} INFO - Processing /home/airflow/.local/lib/python3.8/site-packages/airflow/example_dags/example_dag_decorator.py took 1.154 seconds
[2025-08-02T02:12:43.232+0000] {processor.py:161} INFO - Started process (PID=2867) to work on /home/airflow/.local/lib/python3.8/site-packages/airflow/example_dags/example_dag_decorator.py
[2025-08-02T02:12:43.246+0000] {processor.py:830} INFO - Processing file /home/airflow/.local/lib/python3.8/site-packages/airflow/example_dags/example_dag_decorator.py for tasks to queue
[2025-08-02T02:12:43.254+0000] {logging_mixin.py:188} INFO - [2025-08-02T02:12:43.249+0000] {dagbag.py:540} INFO - Filling up the DagBag from /home/airflow/.local/lib/python3.8/site-packages/airflow/example_dags/example_dag_decorator.py
[2025-08-02T02:12:44.035+0000] {processor.py:840} INFO - DAG(s) 'example_dag_decorator' retrieved from /home/airflow/.local/lib/python3.8/site-packages/airflow/example_dags/example_dag_decorator.py
[2025-08-02T02:12:47.330+0000] {logging_mixin.py:188} INFO - [2025-08-02T02:12:47.324+0000] {dag.py:3047} INFO - Sync 1 DAGs
[2025-08-02T02:12:47.348+0000] {logging_mixin.py:188} INFO - [2025-08-02T02:12:47.348+0000] {dag.py:3834} INFO - Setting next_dagrun for example_dag_decorator to None, run_after=None
[2025-08-02T02:12:47.386+0000] {processor.py:183} INFO - Processing /home/airflow/.local/lib/python3.8/site-packages/airflow/example_dags/example_dag_decorator.py took 4.131 seconds
[2025-08-02T02:13:18.146+0000] {processor.py:161} INFO - Started process (PID=2927) to work on /home/airflow/.local/lib/python3.8/site-packages/airflow/example_dags/example_dag_decorator.py
[2025-08-02T02:13:18.169+0000] {processor.py:830} INFO - Processing file /home/airflow/.local/lib/python3.8/site-packages/airflow/example_dags/example_dag_decorator.py for tasks to queue
[2025-08-02T02:13:18.206+0000] {logging_mixin.py:188} INFO - [2025-08-02T02:13:18.205+0000] {dagbag.py:540} INFO - Filling up the DagBag from /home/airflow/.local/lib/python3.8/site-packages/airflow/example_dags/example_dag_decorator.py
[2025-08-02T02:13:19.208+0000] {processor.py:840} INFO - DAG(s) 'example_dag_decorator' retrieved from /home/airflow/.local/lib/python3.8/site-packages/airflow/example_dags/example_dag_decorator.py
[2025-08-02T02:13:21.406+0000] {logging_mixin.py:188} INFO - [2025-08-02T02:13:21.404+0000] {dag.py:3047} INFO - Sync 1 DAGs
[2025-08-02T02:13:21.444+0000] {logging_mixin.py:188} INFO - [2025-08-02T02:13:21.443+0000] {dag.py:3834} INFO - Setting next_dagrun for example_dag_decorator to None, run_after=None
[2025-08-02T02:13:21.497+0000] {processor.py:183} INFO - Processing /home/airflow/.local/lib/python3.8/site-packages/airflow/example_dags/example_dag_decorator.py took 3.461 seconds
[2025-08-02T02:13:51.960+0000] {processor.py:161} INFO - Started process (PID=2985) to work on /home/airflow/.local/lib/python3.8/site-packages/airflow/example_dags/example_dag_decorator.py
[2025-08-02T02:13:51.982+0000] {processor.py:830} INFO - Processing file /home/airflow/.local/lib/python3.8/site-packages/airflow/example_dags/example_dag_decorator.py for tasks to queue
[2025-08-02T02:13:51.985+0000] {logging_mixin.py:188} INFO - [2025-08-02T02:13:51.984+0000] {dagbag.py:540} INFO - Filling up the DagBag from /home/airflow/.local/lib/python3.8/site-packages/airflow/example_dags/example_dag_decorator.py
[2025-08-02T02:13:52.576+0000] {processor.py:840} INFO - DAG(s) 'example_dag_decorator' retrieved from /home/airflow/.local/lib/python3.8/site-packages/airflow/example_dags/example_dag_decorator.py
[2025-08-02T02:13:55.087+0000] {logging_mixin.py:188} INFO - [2025-08-02T02:13:55.085+0000] {dag.py:3047} INFO - Sync 1 DAGs
[2025-08-02T02:13:55.104+0000] {logging_mixin.py:188} INFO - [2025-08-02T02:13:55.104+0000] {dag.py:3834} INFO - Setting next_dagrun for example_dag_decorator to None, run_after=None
[2025-08-02T02:13:55.179+0000] {processor.py:183} INFO - Processing /home/airflow/.local/lib/python3.8/site-packages/airflow/example_dags/example_dag_decorator.py took 3.247 seconds
[2025-08-02T02:14:25.935+0000] {processor.py:161} INFO - Started process (PID=3045) to work on /home/airflow/.local/lib/python3.8/site-packages/airflow/example_dags/example_dag_decorator.py
[2025-08-02T02:14:25.938+0000] {processor.py:830} INFO - Processing file /home/airflow/.local/lib/python3.8/site-packages/airflow/example_dags/example_dag_decorator.py for tasks to queue
[2025-08-02T02:14:25.942+0000] {logging_mixin.py:188} INFO - [2025-08-02T02:14:25.939+0000] {dagbag.py:540} INFO - Filling up the DagBag from /home/airflow/.local/lib/python3.8/site-packages/airflow/example_dags/example_dag_decorator.py
[2025-08-02T02:14:26.173+0000] {processor.py:840} INFO - DAG(s) 'example_dag_decorator' retrieved from /home/airflow/.local/lib/python3.8/site-packages/airflow/example_dags/example_dag_decorator.py
[2025-08-02T02:14:27.951+0000] {logging_mixin.py:188} INFO - [2025-08-02T02:14:27.949+0000] {dag.py:3047} INFO - Sync 1 DAGs
[2025-08-02T02:14:27.961+0000] {logging_mixin.py:188} INFO - [2025-08-02T02:14:27.961+0000] {dag.py:3834} INFO - Setting next_dagrun for example_dag_decorator to None, run_after=None
[2025-08-02T02:14:27.979+0000] {processor.py:183} INFO - Processing /home/airflow/.local/lib/python3.8/site-packages/airflow/example_dags/example_dag_decorator.py took 2.065 seconds
[2025-08-02T02:14:58.756+0000] {processor.py:161} INFO - Started process (PID=3072) to work on /home/airflow/.local/lib/python3.8/site-packages/airflow/example_dags/example_dag_decorator.py
[2025-08-02T02:14:58.762+0000] {processor.py:830} INFO - Processing file /home/airflow/.local/lib/python3.8/site-packages/airflow/example_dags/example_dag_decorator.py for tasks to queue
[2025-08-02T02:14:58.767+0000] {logging_mixin.py:188} INFO - [2025-08-02T02:14:58.766+0000] {dagbag.py:540} INFO - Filling up the DagBag from /home/airflow/.local/lib/python3.8/site-packages/airflow/example_dags/example_dag_decorator.py
[2025-08-02T02:14:59.220+0000] {processor.py:840} INFO - DAG(s) 'example_dag_decorator' retrieved from /home/airflow/.local/lib/python3.8/site-packages/airflow/example_dags/example_dag_decorator.py
[2025-08-02T02:15:02.283+0000] {logging_mixin.py:188} INFO - [2025-08-02T02:15:02.279+0000] {dag.py:3047} INFO - Sync 1 DAGs
[2025-08-02T02:15:02.352+0000] {logging_mixin.py:188} INFO - [2025-08-02T02:15:02.351+0000] {dag.py:3834} INFO - Setting next_dagrun for example_dag_decorator to None, run_after=None
[2025-08-02T02:15:02.454+0000] {processor.py:183} INFO - Processing /home/airflow/.local/lib/python3.8/site-packages/airflow/example_dags/example_dag_decorator.py took 3.737 seconds
[2025-08-02T02:15:40.480+0000] {processor.py:161} INFO - Started process (PID=3124) to work on /home/airflow/.local/lib/python3.8/site-packages/airflow/example_dags/example_dag_decorator.py
[2025-08-02T02:15:40.485+0000] {processor.py:830} INFO - Processing file /home/airflow/.local/lib/python3.8/site-packages/airflow/example_dags/example_dag_decorator.py for tasks to queue
[2025-08-02T02:15:40.491+0000] {logging_mixin.py:188} INFO - [2025-08-02T02:15:40.491+0000] {dagbag.py:540} INFO - Filling up the DagBag from /home/airflow/.local/lib/python3.8/site-packages/airflow/example_dags/example_dag_decorator.py
[2025-08-02T02:15:41.848+0000] {processor.py:840} INFO - DAG(s) 'example_dag_decorator' retrieved from /home/airflow/.local/lib/python3.8/site-packages/airflow/example_dags/example_dag_decorator.py
[2025-08-02T02:15:43.907+0000] {logging_mixin.py:188} INFO - [2025-08-02T02:15:43.906+0000] {dag.py:3047} INFO - Sync 1 DAGs
[2025-08-02T02:15:43.929+0000] {logging_mixin.py:188} INFO - [2025-08-02T02:15:43.929+0000] {dag.py:3834} INFO - Setting next_dagrun for example_dag_decorator to None, run_after=None
[2025-08-02T02:15:43.985+0000] {processor.py:183} INFO - Processing /home/airflow/.local/lib/python3.8/site-packages/airflow/example_dags/example_dag_decorator.py took 3.534 seconds
[2025-08-02T02:16:15.548+0000] {processor.py:161} INFO - Started process (PID=3180) to work on /home/airflow/.local/lib/python3.8/site-packages/airflow/example_dags/example_dag_decorator.py
[2025-08-02T02:16:15.563+0000] {processor.py:830} INFO - Processing file /home/airflow/.local/lib/python3.8/site-packages/airflow/example_dags/example_dag_decorator.py for tasks to queue
[2025-08-02T02:16:15.571+0000] {logging_mixin.py:188} INFO - [2025-08-02T02:16:15.566+0000] {dagbag.py:540} INFO - Filling up the DagBag from /home/airflow/.local/lib/python3.8/site-packages/airflow/example_dags/example_dag_decorator.py
[2025-08-02T02:16:16.683+0000] {processor.py:840} INFO - DAG(s) 'example_dag_decorator' retrieved from /home/airflow/.local/lib/python3.8/site-packages/airflow/example_dags/example_dag_decorator.py
[2025-08-02T02:16:20.866+0000] {logging_mixin.py:188} INFO - [2025-08-02T02:16:20.857+0000] {dag.py:3047} INFO - Sync 1 DAGs
[2025-08-02T02:16:20.891+0000] {logging_mixin.py:188} INFO - [2025-08-02T02:16:20.890+0000] {dag.py:3834} INFO - Setting next_dagrun for example_dag_decorator to None, run_after=None
[2025-08-02T02:16:20.940+0000] {processor.py:183} INFO - Processing /home/airflow/.local/lib/python3.8/site-packages/airflow/example_dags/example_dag_decorator.py took 5.456 seconds
[2025-08-02T02:16:52.639+0000] {processor.py:161} INFO - Started process (PID=3240) to work on /home/airflow/.local/lib/python3.8/site-packages/airflow/example_dags/example_dag_decorator.py
[2025-08-02T02:16:52.642+0000] {processor.py:830} INFO - Processing file /home/airflow/.local/lib/python3.8/site-packages/airflow/example_dags/example_dag_decorator.py for tasks to queue
[2025-08-02T02:16:52.648+0000] {logging_mixin.py:188} INFO - [2025-08-02T02:16:52.647+0000] {dagbag.py:540} INFO - Filling up the DagBag from /home/airflow/.local/lib/python3.8/site-packages/airflow/example_dags/example_dag_decorator.py
[2025-08-02T02:16:56.120+0000] {processor.py:840} INFO - DAG(s) 'example_dag_decorator' retrieved from /home/airflow/.local/lib/python3.8/site-packages/airflow/example_dags/example_dag_decorator.py
[2025-08-02T02:16:56.628+0000] {logging_mixin.py:188} INFO - [2025-08-02T02:16:56.626+0000] {dag.py:3047} INFO - Sync 1 DAGs
[2025-08-02T02:16:56.648+0000] {logging_mixin.py:188} INFO - [2025-08-02T02:16:56.648+0000] {dag.py:3834} INFO - Setting next_dagrun for example_dag_decorator to None, run_after=None
[2025-08-02T02:16:56.713+0000] {processor.py:183} INFO - Processing /home/airflow/.local/lib/python3.8/site-packages/airflow/example_dags/example_dag_decorator.py took 4.086 seconds
[2025-08-02T02:17:27.039+0000] {processor.py:161} INFO - Started process (PID=3300) to work on /home/airflow/.local/lib/python3.8/site-packages/airflow/example_dags/example_dag_decorator.py
[2025-08-02T02:17:27.042+0000] {processor.py:830} INFO - Processing file /home/airflow/.local/lib/python3.8/site-packages/airflow/example_dags/example_dag_decorator.py for tasks to queue
[2025-08-02T02:17:27.044+0000] {logging_mixin.py:188} INFO - [2025-08-02T02:17:27.044+0000] {dagbag.py:540} INFO - Filling up the DagBag from /home/airflow/.local/lib/python3.8/site-packages/airflow/example_dags/example_dag_decorator.py
[2025-08-02T02:17:29.388+0000] {processor.py:840} INFO - DAG(s) 'example_dag_decorator' retrieved from /home/airflow/.local/lib/python3.8/site-packages/airflow/example_dags/example_dag_decorator.py
[2025-08-02T02:17:29.974+0000] {logging_mixin.py:188} INFO - [2025-08-02T02:17:29.972+0000] {dag.py:3047} INFO - Sync 1 DAGs
[2025-08-02T02:17:29.991+0000] {logging_mixin.py:188} INFO - [2025-08-02T02:17:29.991+0000] {dag.py:3834} INFO - Setting next_dagrun for example_dag_decorator to None, run_after=None
[2025-08-02T02:17:30.035+0000] {processor.py:183} INFO - Processing /home/airflow/.local/lib/python3.8/site-packages/airflow/example_dags/example_dag_decorator.py took 3.012 seconds
[2025-08-02T02:18:19.128+0000] {processor.py:161} INFO - Started process (PID=3350) to work on /home/airflow/.local/lib/python3.8/site-packages/airflow/example_dags/example_dag_decorator.py
[2025-08-02T02:18:19.167+0000] {processor.py:830} INFO - Processing file /home/airflow/.local/lib/python3.8/site-packages/airflow/example_dags/example_dag_decorator.py for tasks to queue
[2025-08-02T02:18:19.224+0000] {logging_mixin.py:188} INFO - [2025-08-02T02:18:19.220+0000] {dagbag.py:540} INFO - Filling up the DagBag from /home/airflow/.local/lib/python3.8/site-packages/airflow/example_dags/example_dag_decorator.py
[2025-08-02T02:18:24.296+0000] {processor.py:840} INFO - DAG(s) 'example_dag_decorator' retrieved from /home/airflow/.local/lib/python3.8/site-packages/airflow/example_dags/example_dag_decorator.py
[2025-08-02T02:18:25.167+0000] {logging_mixin.py:188} INFO - [2025-08-02T02:18:25.158+0000] {dag.py:3047} INFO - Sync 1 DAGs
[2025-08-02T02:18:25.235+0000] {logging_mixin.py:188} INFO - [2025-08-02T02:18:25.234+0000] {dag.py:3834} INFO - Setting next_dagrun for example_dag_decorator to None, run_after=None
[2025-08-02T02:18:25.349+0000] {processor.py:183} INFO - Processing /home/airflow/.local/lib/python3.8/site-packages/airflow/example_dags/example_dag_decorator.py took 6.333 seconds
[2025-08-02T02:19:05.853+0000] {processor.py:161} INFO - Started process (PID=3417) to work on /home/airflow/.local/lib/python3.8/site-packages/airflow/example_dags/example_dag_decorator.py
[2025-08-02T02:19:05.856+0000] {processor.py:830} INFO - Processing file /home/airflow/.local/lib/python3.8/site-packages/airflow/example_dags/example_dag_decorator.py for tasks to queue
[2025-08-02T02:19:05.860+0000] {logging_mixin.py:188} INFO - [2025-08-02T02:19:05.858+0000] {dagbag.py:540} INFO - Filling up the DagBag from /home/airflow/.local/lib/python3.8/site-packages/airflow/example_dags/example_dag_decorator.py
[2025-08-02T02:19:06.478+0000] {processor.py:840} INFO - DAG(s) 'example_dag_decorator' retrieved from /home/airflow/.local/lib/python3.8/site-packages/airflow/example_dags/example_dag_decorator.py
[2025-08-02T02:19:09.423+0000] {logging_mixin.py:188} INFO - [2025-08-02T02:19:09.418+0000] {dag.py:3047} INFO - Sync 1 DAGs
[2025-08-02T02:19:09.502+0000] {logging_mixin.py:188} INFO - [2025-08-02T02:19:09.501+0000] {dag.py:3834} INFO - Setting next_dagrun for example_dag_decorator to None, run_after=None
[2025-08-02T02:19:09.622+0000] {processor.py:183} INFO - Processing /home/airflow/.local/lib/python3.8/site-packages/airflow/example_dags/example_dag_decorator.py took 3.786 seconds
[2025-08-02T02:19:45.903+0000] {processor.py:161} INFO - Started process (PID=3478) to work on /home/airflow/.local/lib/python3.8/site-packages/airflow/example_dags/example_dag_decorator.py
[2025-08-02T02:19:45.908+0000] {processor.py:830} INFO - Processing file /home/airflow/.local/lib/python3.8/site-packages/airflow/example_dags/example_dag_decorator.py for tasks to queue
[2025-08-02T02:19:45.911+0000] {logging_mixin.py:188} INFO - [2025-08-02T02:19:45.910+0000] {dagbag.py:540} INFO - Filling up the DagBag from /home/airflow/.local/lib/python3.8/site-packages/airflow/example_dags/example_dag_decorator.py
[2025-08-02T02:19:47.147+0000] {processor.py:840} INFO - DAG(s) 'example_dag_decorator' retrieved from /home/airflow/.local/lib/python3.8/site-packages/airflow/example_dags/example_dag_decorator.py
[2025-08-02T02:19:48.134+0000] {logging_mixin.py:188} INFO - [2025-08-02T02:19:48.124+0000] {dag.py:3047} INFO - Sync 1 DAGs
[2025-08-02T02:19:48.236+0000] {logging_mixin.py:188} INFO - [2025-08-02T02:19:48.236+0000] {dag.py:3834} INFO - Setting next_dagrun for example_dag_decorator to None, run_after=None
[2025-08-02T02:19:48.325+0000] {processor.py:183} INFO - Processing /home/airflow/.local/lib/python3.8/site-packages/airflow/example_dags/example_dag_decorator.py took 2.435 seconds
[2025-08-02T02:20:18.613+0000] {processor.py:161} INFO - Started process (PID=3535) to work on /home/airflow/.local/lib/python3.8/site-packages/airflow/example_dags/example_dag_decorator.py
[2025-08-02T02:20:18.620+0000] {processor.py:830} INFO - Processing file /home/airflow/.local/lib/python3.8/site-packages/airflow/example_dags/example_dag_decorator.py for tasks to queue
[2025-08-02T02:20:18.625+0000] {logging_mixin.py:188} INFO - [2025-08-02T02:20:18.623+0000] {dagbag.py:540} INFO - Filling up the DagBag from /home/airflow/.local/lib/python3.8/site-packages/airflow/example_dags/example_dag_decorator.py
[2025-08-02T02:20:19.648+0000] {processor.py:840} INFO - DAG(s) 'example_dag_decorator' retrieved from /home/airflow/.local/lib/python3.8/site-packages/airflow/example_dags/example_dag_decorator.py
[2025-08-02T02:20:20.538+0000] {logging_mixin.py:188} INFO - [2025-08-02T02:20:20.535+0000] {dag.py:3047} INFO - Sync 1 DAGs
[2025-08-02T02:20:20.558+0000] {logging_mixin.py:188} INFO - [2025-08-02T02:20:20.558+0000] {dag.py:3834} INFO - Setting next_dagrun for example_dag_decorator to None, run_after=None
[2025-08-02T02:20:20.617+0000] {processor.py:183} INFO - Processing /home/airflow/.local/lib/python3.8/site-packages/airflow/example_dags/example_dag_decorator.py took 2.053 seconds
[2025-08-02T02:20:51.055+0000] {processor.py:161} INFO - Started process (PID=3592) to work on /home/airflow/.local/lib/python3.8/site-packages/airflow/example_dags/example_dag_decorator.py
[2025-08-02T02:20:51.062+0000] {processor.py:830} INFO - Processing file /home/airflow/.local/lib/python3.8/site-packages/airflow/example_dags/example_dag_decorator.py for tasks to queue
[2025-08-02T02:20:51.066+0000] {logging_mixin.py:188} INFO - [2025-08-02T02:20:51.064+0000] {dagbag.py:540} INFO - Filling up the DagBag from /home/airflow/.local/lib/python3.8/site-packages/airflow/example_dags/example_dag_decorator.py
[2025-08-02T02:20:51.346+0000] {processor.py:840} INFO - DAG(s) 'example_dag_decorator' retrieved from /home/airflow/.local/lib/python3.8/site-packages/airflow/example_dags/example_dag_decorator.py
[2025-08-02T02:20:51.784+0000] {logging_mixin.py:188} INFO - [2025-08-02T02:20:51.782+0000] {dag.py:3047} INFO - Sync 1 DAGs
[2025-08-02T02:20:51.833+0000] {logging_mixin.py:188} INFO - [2025-08-02T02:20:51.831+0000] {dag.py:3834} INFO - Setting next_dagrun for example_dag_decorator to None, run_after=None
[2025-08-02T02:20:51.902+0000] {processor.py:183} INFO - Processing /home/airflow/.local/lib/python3.8/site-packages/airflow/example_dags/example_dag_decorator.py took 0.852 seconds
[2025-08-02T02:21:22.087+0000] {processor.py:161} INFO - Started process (PID=3648) to work on /home/airflow/.local/lib/python3.8/site-packages/airflow/example_dags/example_dag_decorator.py
[2025-08-02T02:21:22.091+0000] {processor.py:830} INFO - Processing file /home/airflow/.local/lib/python3.8/site-packages/airflow/example_dags/example_dag_decorator.py for tasks to queue
[2025-08-02T02:21:22.092+0000] {logging_mixin.py:188} INFO - [2025-08-02T02:21:22.092+0000] {dagbag.py:540} INFO - Filling up the DagBag from /home/airflow/.local/lib/python3.8/site-packages/airflow/example_dags/example_dag_decorator.py
[2025-08-02T02:21:22.230+0000] {processor.py:840} INFO - DAG(s) 'example_dag_decorator' retrieved from /home/airflow/.local/lib/python3.8/site-packages/airflow/example_dags/example_dag_decorator.py
[2025-08-02T02:21:22.262+0000] {logging_mixin.py:188} INFO - [2025-08-02T02:21:22.262+0000] {dag.py:3047} INFO - Sync 1 DAGs
[2025-08-02T02:21:22.271+0000] {logging_mixin.py:188} INFO - [2025-08-02T02:21:22.270+0000] {dag.py:3834} INFO - Setting next_dagrun for example_dag_decorator to None, run_after=None
[2025-08-02T02:21:22.282+0000] {processor.py:183} INFO - Processing /home/airflow/.local/lib/python3.8/site-packages/airflow/example_dags/example_dag_decorator.py took 0.204 seconds
[2025-08-02T02:21:52.386+0000] {processor.py:161} INFO - Started process (PID=3704) to work on /home/airflow/.local/lib/python3.8/site-packages/airflow/example_dags/example_dag_decorator.py
[2025-08-02T02:21:52.390+0000] {processor.py:830} INFO - Processing file /home/airflow/.local/lib/python3.8/site-packages/airflow/example_dags/example_dag_decorator.py for tasks to queue
[2025-08-02T02:21:52.393+0000] {logging_mixin.py:188} INFO - [2025-08-02T02:21:52.392+0000] {dagbag.py:540} INFO - Filling up the DagBag from /home/airflow/.local/lib/python3.8/site-packages/airflow/example_dags/example_dag_decorator.py
[2025-08-02T02:21:52.695+0000] {processor.py:840} INFO - DAG(s) 'example_dag_decorator' retrieved from /home/airflow/.local/lib/python3.8/site-packages/airflow/example_dags/example_dag_decorator.py
[2025-08-02T02:21:53.031+0000] {logging_mixin.py:188} INFO - [2025-08-02T02:21:53.030+0000] {dag.py:3047} INFO - Sync 1 DAGs
[2025-08-02T02:21:53.044+0000] {logging_mixin.py:188} INFO - [2025-08-02T02:21:53.044+0000] {dag.py:3834} INFO - Setting next_dagrun for example_dag_decorator to None, run_after=None
[2025-08-02T02:21:53.070+0000] {processor.py:183} INFO - Processing /home/airflow/.local/lib/python3.8/site-packages/airflow/example_dags/example_dag_decorator.py took 0.688 seconds
[2025-08-02T02:22:23.662+0000] {processor.py:161} INFO - Started process (PID=3751) to work on /home/airflow/.local/lib/python3.8/site-packages/airflow/example_dags/example_dag_decorator.py
[2025-08-02T02:22:23.664+0000] {processor.py:830} INFO - Processing file /home/airflow/.local/lib/python3.8/site-packages/airflow/example_dags/example_dag_decorator.py for tasks to queue
[2025-08-02T02:22:23.666+0000] {logging_mixin.py:188} INFO - [2025-08-02T02:22:23.665+0000] {dagbag.py:540} INFO - Filling up the DagBag from /home/airflow/.local/lib/python3.8/site-packages/airflow/example_dags/example_dag_decorator.py
[2025-08-02T02:22:24.215+0000] {processor.py:840} INFO - DAG(s) 'example_dag_decorator' retrieved from /home/airflow/.local/lib/python3.8/site-packages/airflow/example_dags/example_dag_decorator.py
[2025-08-02T02:22:24.307+0000] {logging_mixin.py:188} INFO - [2025-08-02T02:22:24.307+0000] {dag.py:3047} INFO - Sync 1 DAGs
[2025-08-02T02:22:24.435+0000] {logging_mixin.py:188} INFO - [2025-08-02T02:22:24.434+0000] {dag.py:3834} INFO - Setting next_dagrun for example_dag_decorator to None, run_after=None
[2025-08-02T02:22:24.487+0000] {processor.py:183} INFO - Processing /home/airflow/.local/lib/python3.8/site-packages/airflow/example_dags/example_dag_decorator.py took 0.834 seconds
[2025-08-02T02:22:55.671+0000] {processor.py:161} INFO - Started process (PID=3810) to work on /home/airflow/.local/lib/python3.8/site-packages/airflow/example_dags/example_dag_decorator.py
[2025-08-02T02:22:55.675+0000] {processor.py:830} INFO - Processing file /home/airflow/.local/lib/python3.8/site-packages/airflow/example_dags/example_dag_decorator.py for tasks to queue
[2025-08-02T02:22:55.677+0000] {logging_mixin.py:188} INFO - [2025-08-02T02:22:55.677+0000] {dagbag.py:540} INFO - Filling up the DagBag from /home/airflow/.local/lib/python3.8/site-packages/airflow/example_dags/example_dag_decorator.py
[2025-08-02T02:22:55.871+0000] {processor.py:840} INFO - DAG(s) 'example_dag_decorator' retrieved from /home/airflow/.local/lib/python3.8/site-packages/airflow/example_dags/example_dag_decorator.py
[2025-08-02T02:22:56.182+0000] {logging_mixin.py:188} INFO - [2025-08-02T02:22:56.180+0000] {dag.py:3047} INFO - Sync 1 DAGs
[2025-08-02T02:22:56.213+0000] {logging_mixin.py:188} INFO - [2025-08-02T02:22:56.212+0000] {dag.py:3834} INFO - Setting next_dagrun for example_dag_decorator to None, run_after=None
[2025-08-02T02:22:56.239+0000] {processor.py:183} INFO - Processing /home/airflow/.local/lib/python3.8/site-packages/airflow/example_dags/example_dag_decorator.py took 0.580 seconds
[2025-08-02T02:23:27.153+0000] {processor.py:161} INFO - Started process (PID=3863) to work on /home/airflow/.local/lib/python3.8/site-packages/airflow/example_dags/example_dag_decorator.py
[2025-08-02T02:23:27.186+0000] {processor.py:830} INFO - Processing file /home/airflow/.local/lib/python3.8/site-packages/airflow/example_dags/example_dag_decorator.py for tasks to queue
[2025-08-02T02:23:27.229+0000] {logging_mixin.py:188} INFO - [2025-08-02T02:23:27.191+0000] {dagbag.py:540} INFO - Filling up the DagBag from /home/airflow/.local/lib/python3.8/site-packages/airflow/example_dags/example_dag_decorator.py
[2025-08-02T02:23:28.693+0000] {processor.py:840} INFO - DAG(s) 'example_dag_decorator' retrieved from /home/airflow/.local/lib/python3.8/site-packages/airflow/example_dags/example_dag_decorator.py
[2025-08-02T02:23:30.046+0000] {logging_mixin.py:188} INFO - [2025-08-02T02:23:30.043+0000] {dag.py:3047} INFO - Sync 1 DAGs
[2025-08-02T02:23:30.135+0000] {logging_mixin.py:188} INFO - [2025-08-02T02:23:30.130+0000] {dag.py:3834} INFO - Setting next_dagrun for example_dag_decorator to None, run_after=None
[2025-08-02T02:23:30.200+0000] {processor.py:183} INFO - Processing /home/airflow/.local/lib/python3.8/site-packages/airflow/example_dags/example_dag_decorator.py took 3.060 seconds
[2025-08-02T02:24:01.638+0000] {processor.py:161} INFO - Started process (PID=3920) to work on /home/airflow/.local/lib/python3.8/site-packages/airflow/example_dags/example_dag_decorator.py
[2025-08-02T02:24:01.640+0000] {processor.py:830} INFO - Processing file /home/airflow/.local/lib/python3.8/site-packages/airflow/example_dags/example_dag_decorator.py for tasks to queue
[2025-08-02T02:24:01.641+0000] {logging_mixin.py:188} INFO - [2025-08-02T02:24:01.641+0000] {dagbag.py:540} INFO - Filling up the DagBag from /home/airflow/.local/lib/python3.8/site-packages/airflow/example_dags/example_dag_decorator.py
[2025-08-02T02:24:01.947+0000] {processor.py:840} INFO - DAG(s) 'example_dag_decorator' retrieved from /home/airflow/.local/lib/python3.8/site-packages/airflow/example_dags/example_dag_decorator.py
[2025-08-02T02:24:02.030+0000] {logging_mixin.py:188} INFO - [2025-08-02T02:24:02.029+0000] {dag.py:3047} INFO - Sync 1 DAGs
[2025-08-02T02:24:02.127+0000] {logging_mixin.py:188} INFO - [2025-08-02T02:24:02.126+0000] {dag.py:3834} INFO - Setting next_dagrun for example_dag_decorator to None, run_after=None
[2025-08-02T02:24:02.206+0000] {processor.py:183} INFO - Processing /home/airflow/.local/lib/python3.8/site-packages/airflow/example_dags/example_dag_decorator.py took 0.580 seconds
[2025-08-02T02:24:32.390+0000] {processor.py:161} INFO - Started process (PID=3973) to work on /home/airflow/.local/lib/python3.8/site-packages/airflow/example_dags/example_dag_decorator.py
[2025-08-02T02:24:32.393+0000] {processor.py:830} INFO - Processing file /home/airflow/.local/lib/python3.8/site-packages/airflow/example_dags/example_dag_decorator.py for tasks to queue
[2025-08-02T02:24:32.396+0000] {logging_mixin.py:188} INFO - [2025-08-02T02:24:32.394+0000] {dagbag.py:540} INFO - Filling up the DagBag from /home/airflow/.local/lib/python3.8/site-packages/airflow/example_dags/example_dag_decorator.py
[2025-08-02T02:24:32.643+0000] {processor.py:840} INFO - DAG(s) 'example_dag_decorator' retrieved from /home/airflow/.local/lib/python3.8/site-packages/airflow/example_dags/example_dag_decorator.py
[2025-08-02T02:24:34.927+0000] {logging_mixin.py:188} INFO - [2025-08-02T02:24:34.902+0000] {dag.py:3047} INFO - Sync 1 DAGs
[2025-08-02T02:24:35.414+0000] {logging_mixin.py:188} INFO - [2025-08-02T02:24:35.374+0000] {dag.py:3834} INFO - Setting next_dagrun for example_dag_decorator to None, run_after=None
[2025-08-02T02:24:35.638+0000] {processor.py:183} INFO - Processing /home/airflow/.local/lib/python3.8/site-packages/airflow/example_dags/example_dag_decorator.py took 3.258 seconds
[2025-08-02T02:25:06.516+0000] {processor.py:161} INFO - Started process (PID=4029) to work on /home/airflow/.local/lib/python3.8/site-packages/airflow/example_dags/example_dag_decorator.py
[2025-08-02T02:25:06.520+0000] {processor.py:830} INFO - Processing file /home/airflow/.local/lib/python3.8/site-packages/airflow/example_dags/example_dag_decorator.py for tasks to queue
[2025-08-02T02:25:06.524+0000] {logging_mixin.py:188} INFO - [2025-08-02T02:25:06.522+0000] {dagbag.py:540} INFO - Filling up the DagBag from /home/airflow/.local/lib/python3.8/site-packages/airflow/example_dags/example_dag_decorator.py
[2025-08-02T02:25:11.101+0000] {processor.py:840} INFO - DAG(s) 'example_dag_decorator' retrieved from /home/airflow/.local/lib/python3.8/site-packages/airflow/example_dags/example_dag_decorator.py
[2025-08-02T02:25:13.287+0000] {logging_mixin.py:188} INFO - [2025-08-02T02:25:13.260+0000] {dag.py:3047} INFO - Sync 1 DAGs
[2025-08-02T02:25:13.525+0000] {logging_mixin.py:188} INFO - [2025-08-02T02:25:13.517+0000] {dag.py:3834} INFO - Setting next_dagrun for example_dag_decorator to None, run_after=None
[2025-08-02T02:25:16.188+0000] {processor.py:183} INFO - Processing /home/airflow/.local/lib/python3.8/site-packages/airflow/example_dags/example_dag_decorator.py took 9.650 seconds
[2025-08-02T02:25:46.537+0000] {processor.py:161} INFO - Started process (PID=4086) to work on /home/airflow/.local/lib/python3.8/site-packages/airflow/example_dags/example_dag_decorator.py
[2025-08-02T02:25:46.539+0000] {processor.py:830} INFO - Processing file /home/airflow/.local/lib/python3.8/site-packages/airflow/example_dags/example_dag_decorator.py for tasks to queue
[2025-08-02T02:25:46.540+0000] {logging_mixin.py:188} INFO - [2025-08-02T02:25:46.539+0000] {dagbag.py:540} INFO - Filling up the DagBag from /home/airflow/.local/lib/python3.8/site-packages/airflow/example_dags/example_dag_decorator.py
[2025-08-02T02:25:46.723+0000] {processor.py:840} INFO - DAG(s) 'example_dag_decorator' retrieved from /home/airflow/.local/lib/python3.8/site-packages/airflow/example_dags/example_dag_decorator.py
[2025-08-02T02:25:46.834+0000] {logging_mixin.py:188} INFO - [2025-08-02T02:25:46.833+0000] {dag.py:3047} INFO - Sync 1 DAGs
[2025-08-02T02:25:46.884+0000] {logging_mixin.py:188} INFO - [2025-08-02T02:25:46.884+0000] {dag.py:3834} INFO - Setting next_dagrun for example_dag_decorator to None, run_after=None
[2025-08-02T02:25:46.902+0000] {processor.py:183} INFO - Processing /home/airflow/.local/lib/python3.8/site-packages/airflow/example_dags/example_dag_decorator.py took 0.371 seconds
[2025-08-02T02:26:18.697+0000] {processor.py:161} INFO - Started process (PID=4125) to work on /home/airflow/.local/lib/python3.8/site-packages/airflow/example_dags/example_dag_decorator.py
[2025-08-02T02:26:18.713+0000] {processor.py:830} INFO - Processing file /home/airflow/.local/lib/python3.8/site-packages/airflow/example_dags/example_dag_decorator.py for tasks to queue
[2025-08-02T02:26:18.729+0000] {logging_mixin.py:188} INFO - [2025-08-02T02:26:18.726+0000] {dagbag.py:540} INFO - Filling up the DagBag from /home/airflow/.local/lib/python3.8/site-packages/airflow/example_dags/example_dag_decorator.py
[2025-08-02T02:26:20.008+0000] {processor.py:840} INFO - DAG(s) 'example_dag_decorator' retrieved from /home/airflow/.local/lib/python3.8/site-packages/airflow/example_dags/example_dag_decorator.py
[2025-08-02T02:26:20.569+0000] {logging_mixin.py:188} INFO - [2025-08-02T02:26:20.567+0000] {dag.py:3047} INFO - Sync 1 DAGs
[2025-08-02T02:26:20.598+0000] {logging_mixin.py:188} INFO - [2025-08-02T02:26:20.598+0000] {dag.py:3834} INFO - Setting next_dagrun for example_dag_decorator to None, run_after=None
[2025-08-02T02:26:20.710+0000] {processor.py:183} INFO - Processing /home/airflow/.local/lib/python3.8/site-packages/airflow/example_dags/example_dag_decorator.py took 2.158 seconds
[2025-08-02T02:26:51.353+0000] {processor.py:161} INFO - Started process (PID=4187) to work on /home/airflow/.local/lib/python3.8/site-packages/airflow/example_dags/example_dag_decorator.py
[2025-08-02T02:26:51.355+0000] {processor.py:830} INFO - Processing file /home/airflow/.local/lib/python3.8/site-packages/airflow/example_dags/example_dag_decorator.py for tasks to queue
[2025-08-02T02:26:51.357+0000] {logging_mixin.py:188} INFO - [2025-08-02T02:26:51.357+0000] {dagbag.py:540} INFO - Filling up the DagBag from /home/airflow/.local/lib/python3.8/site-packages/airflow/example_dags/example_dag_decorator.py
[2025-08-02T02:26:51.726+0000] {processor.py:840} INFO - DAG(s) 'example_dag_decorator' retrieved from /home/airflow/.local/lib/python3.8/site-packages/airflow/example_dags/example_dag_decorator.py
[2025-08-02T02:27:10.399+0000] {logging_mixin.py:188} INFO - [2025-08-02T02:27:10.316+0000] {dag.py:3047} INFO - Sync 1 DAGs
[2025-08-02T02:27:10.544+0000] {logging_mixin.py:188} INFO - [2025-08-02T02:27:10.542+0000] {dag.py:3834} INFO - Setting next_dagrun for example_dag_decorator to None, run_after=None
[2025-08-02T02:27:10.810+0000] {processor.py:183} INFO - Processing /home/airflow/.local/lib/python3.8/site-packages/airflow/example_dags/example_dag_decorator.py took 19.475 seconds
[2025-08-02T02:27:41.990+0000] {processor.py:161} INFO - Started process (PID=4244) to work on /home/airflow/.local/lib/python3.8/site-packages/airflow/example_dags/example_dag_decorator.py
[2025-08-02T02:27:41.992+0000] {processor.py:830} INFO - Processing file /home/airflow/.local/lib/python3.8/site-packages/airflow/example_dags/example_dag_decorator.py for tasks to queue
[2025-08-02T02:27:41.994+0000] {logging_mixin.py:188} INFO - [2025-08-02T02:27:41.993+0000] {dagbag.py:540} INFO - Filling up the DagBag from /home/airflow/.local/lib/python3.8/site-packages/airflow/example_dags/example_dag_decorator.py
[2025-08-02T02:27:42.328+0000] {processor.py:840} INFO - DAG(s) 'example_dag_decorator' retrieved from /home/airflow/.local/lib/python3.8/site-packages/airflow/example_dags/example_dag_decorator.py
[2025-08-02T02:27:42.604+0000] {logging_mixin.py:188} INFO - [2025-08-02T02:27:42.603+0000] {dag.py:3047} INFO - Sync 1 DAGs
[2025-08-02T02:27:42.623+0000] {logging_mixin.py:188} INFO - [2025-08-02T02:27:42.623+0000] {dag.py:3834} INFO - Setting next_dagrun for example_dag_decorator to None, run_after=None
[2025-08-02T02:27:42.661+0000] {processor.py:183} INFO - Processing /home/airflow/.local/lib/python3.8/site-packages/airflow/example_dags/example_dag_decorator.py took 0.677 seconds
[2025-08-02T02:28:13.780+0000] {processor.py:161} INFO - Started process (PID=4302) to work on /home/airflow/.local/lib/python3.8/site-packages/airflow/example_dags/example_dag_decorator.py
[2025-08-02T02:28:13.785+0000] {processor.py:830} INFO - Processing file /home/airflow/.local/lib/python3.8/site-packages/airflow/example_dags/example_dag_decorator.py for tasks to queue
[2025-08-02T02:28:13.789+0000] {logging_mixin.py:188} INFO - [2025-08-02T02:28:13.787+0000] {dagbag.py:540} INFO - Filling up the DagBag from /home/airflow/.local/lib/python3.8/site-packages/airflow/example_dags/example_dag_decorator.py
[2025-08-02T02:28:14.072+0000] {processor.py:840} INFO - DAG(s) 'example_dag_decorator' retrieved from /home/airflow/.local/lib/python3.8/site-packages/airflow/example_dags/example_dag_decorator.py
[2025-08-02T02:28:14.372+0000] {logging_mixin.py:188} INFO - [2025-08-02T02:28:14.371+0000] {dag.py:3047} INFO - Sync 1 DAGs
[2025-08-02T02:28:14.382+0000] {logging_mixin.py:188} INFO - [2025-08-02T02:28:14.382+0000] {dag.py:3834} INFO - Setting next_dagrun for example_dag_decorator to None, run_after=None
[2025-08-02T02:28:14.429+0000] {processor.py:183} INFO - Processing /home/airflow/.local/lib/python3.8/site-packages/airflow/example_dags/example_dag_decorator.py took 0.660 seconds
[2025-08-02T02:29:02.966+0000] {processor.py:161} INFO - Started process (PID=4367) to work on /home/airflow/.local/lib/python3.8/site-packages/airflow/example_dags/example_dag_decorator.py
[2025-08-02T02:29:02.984+0000] {processor.py:830} INFO - Processing file /home/airflow/.local/lib/python3.8/site-packages/airflow/example_dags/example_dag_decorator.py for tasks to queue
[2025-08-02T02:29:02.987+0000] {logging_mixin.py:188} INFO - [2025-08-02T02:29:02.986+0000] {dagbag.py:540} INFO - Filling up the DagBag from /home/airflow/.local/lib/python3.8/site-packages/airflow/example_dags/example_dag_decorator.py
[2025-08-02T02:29:03.322+0000] {processor.py:840} INFO - DAG(s) 'example_dag_decorator' retrieved from /home/airflow/.local/lib/python3.8/site-packages/airflow/example_dags/example_dag_decorator.py
[2025-08-02T02:29:04.252+0000] {logging_mixin.py:188} INFO - [2025-08-02T02:29:04.225+0000] {dag.py:3047} INFO - Sync 1 DAGs
[2025-08-02T02:29:04.348+0000] {logging_mixin.py:188} INFO - [2025-08-02T02:29:04.347+0000] {dag.py:3834} INFO - Setting next_dagrun for example_dag_decorator to None, run_after=None
[2025-08-02T02:29:04.526+0000] {processor.py:183} INFO - Processing /home/airflow/.local/lib/python3.8/site-packages/airflow/example_dags/example_dag_decorator.py took 1.571 seconds
[2025-08-02T02:29:34.633+0000] {processor.py:161} INFO - Started process (PID=4424) to work on /home/airflow/.local/lib/python3.8/site-packages/airflow/example_dags/example_dag_decorator.py
[2025-08-02T02:29:34.634+0000] {processor.py:830} INFO - Processing file /home/airflow/.local/lib/python3.8/site-packages/airflow/example_dags/example_dag_decorator.py for tasks to queue
[2025-08-02T02:29:34.637+0000] {logging_mixin.py:188} INFO - [2025-08-02T02:29:34.636+0000] {dagbag.py:540} INFO - Filling up the DagBag from /home/airflow/.local/lib/python3.8/site-packages/airflow/example_dags/example_dag_decorator.py
[2025-08-02T02:29:34.816+0000] {processor.py:840} INFO - DAG(s) 'example_dag_decorator' retrieved from /home/airflow/.local/lib/python3.8/site-packages/airflow/example_dags/example_dag_decorator.py
[2025-08-02T02:29:35.052+0000] {logging_mixin.py:188} INFO - [2025-08-02T02:29:35.050+0000] {dag.py:3047} INFO - Sync 1 DAGs
[2025-08-02T02:29:35.069+0000] {logging_mixin.py:188} INFO - [2025-08-02T02:29:35.068+0000] {dag.py:3834} INFO - Setting next_dagrun for example_dag_decorator to None, run_after=None
[2025-08-02T02:29:35.102+0000] {processor.py:183} INFO - Processing /home/airflow/.local/lib/python3.8/site-packages/airflow/example_dags/example_dag_decorator.py took 0.480 seconds
[2025-08-02T02:30:16.324+0000] {processor.py:161} INFO - Started process (PID=4471) to work on /home/airflow/.local/lib/python3.8/site-packages/airflow/example_dags/example_dag_decorator.py
[2025-08-02T02:30:16.331+0000] {processor.py:830} INFO - Processing file /home/airflow/.local/lib/python3.8/site-packages/airflow/example_dags/example_dag_decorator.py for tasks to queue
[2025-08-02T02:30:16.335+0000] {logging_mixin.py:188} INFO - [2025-08-02T02:30:16.334+0000] {dagbag.py:540} INFO - Filling up the DagBag from /home/airflow/.local/lib/python3.8/site-packages/airflow/example_dags/example_dag_decorator.py
[2025-08-02T02:30:16.661+0000] {processor.py:840} INFO - DAG(s) 'example_dag_decorator' retrieved from /home/airflow/.local/lib/python3.8/site-packages/airflow/example_dags/example_dag_decorator.py
[2025-08-02T02:30:17.293+0000] {logging_mixin.py:188} INFO - [2025-08-02T02:30:17.289+0000] {dag.py:3047} INFO - Sync 1 DAGs
[2025-08-02T02:30:17.344+0000] {logging_mixin.py:188} INFO - [2025-08-02T02:30:17.343+0000] {dag.py:3834} INFO - Setting next_dagrun for example_dag_decorator to None, run_after=None
[2025-08-02T02:30:17.427+0000] {processor.py:183} INFO - Processing /home/airflow/.local/lib/python3.8/site-packages/airflow/example_dags/example_dag_decorator.py took 1.131 seconds
[2025-08-02T02:30:48.438+0000] {processor.py:161} INFO - Started process (PID=4527) to work on /home/airflow/.local/lib/python3.8/site-packages/airflow/example_dags/example_dag_decorator.py
[2025-08-02T02:30:48.440+0000] {processor.py:830} INFO - Processing file /home/airflow/.local/lib/python3.8/site-packages/airflow/example_dags/example_dag_decorator.py for tasks to queue
[2025-08-02T02:30:48.442+0000] {logging_mixin.py:188} INFO - [2025-08-02T02:30:48.442+0000] {dagbag.py:540} INFO - Filling up the DagBag from /home/airflow/.local/lib/python3.8/site-packages/airflow/example_dags/example_dag_decorator.py
[2025-08-02T02:30:48.726+0000] {processor.py:840} INFO - DAG(s) 'example_dag_decorator' retrieved from /home/airflow/.local/lib/python3.8/site-packages/airflow/example_dags/example_dag_decorator.py
[2025-08-02T02:30:49.121+0000] {logging_mixin.py:188} INFO - [2025-08-02T02:30:49.121+0000] {dag.py:3047} INFO - Sync 1 DAGs
[2025-08-02T02:30:49.131+0000] {logging_mixin.py:188} INFO - [2025-08-02T02:30:49.131+0000] {dag.py:3834} INFO - Setting next_dagrun for example_dag_decorator to None, run_after=None
[2025-08-02T02:30:49.160+0000] {processor.py:183} INFO - Processing /home/airflow/.local/lib/python3.8/site-packages/airflow/example_dags/example_dag_decorator.py took 0.741 seconds
[2025-08-02T02:36:45.673+0000] {processor.py:161} INFO - Started process (PID=63) to work on /home/airflow/.local/lib/python3.8/site-packages/airflow/example_dags/example_dag_decorator.py
[2025-08-02T02:36:45.680+0000] {processor.py:830} INFO - Processing file /home/airflow/.local/lib/python3.8/site-packages/airflow/example_dags/example_dag_decorator.py for tasks to queue
[2025-08-02T02:36:45.683+0000] {logging_mixin.py:188} INFO - [2025-08-02T02:36:45.682+0000] {dagbag.py:540} INFO - Filling up the DagBag from /home/airflow/.local/lib/python3.8/site-packages/airflow/example_dags/example_dag_decorator.py
[2025-08-02T02:36:46.530+0000] {processor.py:840} INFO - DAG(s) 'example_dag_decorator' retrieved from /home/airflow/.local/lib/python3.8/site-packages/airflow/example_dags/example_dag_decorator.py
[2025-08-02T02:36:46.819+0000] {logging_mixin.py:188} INFO - [2025-08-02T02:36:46.818+0000] {dag.py:3047} INFO - Sync 1 DAGs
[2025-08-02T02:36:46.854+0000] {logging_mixin.py:188} INFO - [2025-08-02T02:36:46.854+0000] {dag.py:3834} INFO - Setting next_dagrun for example_dag_decorator to None, run_after=None
[2025-08-02T02:36:46.970+0000] {processor.py:183} INFO - Processing /home/airflow/.local/lib/python3.8/site-packages/airflow/example_dags/example_dag_decorator.py took 1.325 seconds
[2025-08-02T02:37:17.311+0000] {processor.py:161} INFO - Started process (PID=124) to work on /home/airflow/.local/lib/python3.8/site-packages/airflow/example_dags/example_dag_decorator.py
[2025-08-02T02:37:17.315+0000] {processor.py:830} INFO - Processing file /home/airflow/.local/lib/python3.8/site-packages/airflow/example_dags/example_dag_decorator.py for tasks to queue
[2025-08-02T02:37:17.318+0000] {logging_mixin.py:188} INFO - [2025-08-02T02:37:17.318+0000] {dagbag.py:540} INFO - Filling up the DagBag from /home/airflow/.local/lib/python3.8/site-packages/airflow/example_dags/example_dag_decorator.py
[2025-08-02T02:37:17.474+0000] {processor.py:840} INFO - DAG(s) 'example_dag_decorator' retrieved from /home/airflow/.local/lib/python3.8/site-packages/airflow/example_dags/example_dag_decorator.py
[2025-08-02T02:37:17.591+0000] {logging_mixin.py:188} INFO - [2025-08-02T02:37:17.590+0000] {dag.py:3047} INFO - Sync 1 DAGs
[2025-08-02T02:37:17.599+0000] {logging_mixin.py:188} INFO - [2025-08-02T02:37:17.598+0000] {dag.py:3834} INFO - Setting next_dagrun for example_dag_decorator to None, run_after=None
[2025-08-02T02:37:17.618+0000] {processor.py:183} INFO - Processing /home/airflow/.local/lib/python3.8/site-packages/airflow/example_dags/example_dag_decorator.py took 0.314 seconds
[2025-08-02T02:37:47.670+0000] {processor.py:161} INFO - Started process (PID=180) to work on /home/airflow/.local/lib/python3.8/site-packages/airflow/example_dags/example_dag_decorator.py
[2025-08-02T02:37:47.672+0000] {processor.py:830} INFO - Processing file /home/airflow/.local/lib/python3.8/site-packages/airflow/example_dags/example_dag_decorator.py for tasks to queue
[2025-08-02T02:37:47.689+0000] {logging_mixin.py:188} INFO - [2025-08-02T02:37:47.686+0000] {dagbag.py:540} INFO - Filling up the DagBag from /home/airflow/.local/lib/python3.8/site-packages/airflow/example_dags/example_dag_decorator.py
[2025-08-02T02:37:47.947+0000] {processor.py:840} INFO - DAG(s) 'example_dag_decorator' retrieved from /home/airflow/.local/lib/python3.8/site-packages/airflow/example_dags/example_dag_decorator.py
[2025-08-02T02:37:48.112+0000] {logging_mixin.py:188} INFO - [2025-08-02T02:37:48.112+0000] {dag.py:3047} INFO - Sync 1 DAGs
[2025-08-02T02:37:48.125+0000] {logging_mixin.py:188} INFO - [2025-08-02T02:37:48.125+0000] {dag.py:3834} INFO - Setting next_dagrun for example_dag_decorator to None, run_after=None
[2025-08-02T02:37:48.143+0000] {processor.py:183} INFO - Processing /home/airflow/.local/lib/python3.8/site-packages/airflow/example_dags/example_dag_decorator.py took 0.482 seconds
[2025-08-02T02:38:18.235+0000] {processor.py:161} INFO - Started process (PID=236) to work on /home/airflow/.local/lib/python3.8/site-packages/airflow/example_dags/example_dag_decorator.py
[2025-08-02T02:38:18.237+0000] {processor.py:830} INFO - Processing file /home/airflow/.local/lib/python3.8/site-packages/airflow/example_dags/example_dag_decorator.py for tasks to queue
[2025-08-02T02:38:18.242+0000] {logging_mixin.py:188} INFO - [2025-08-02T02:38:18.242+0000] {dagbag.py:540} INFO - Filling up the DagBag from /home/airflow/.local/lib/python3.8/site-packages/airflow/example_dags/example_dag_decorator.py
[2025-08-02T02:38:18.400+0000] {processor.py:840} INFO - DAG(s) 'example_dag_decorator' retrieved from /home/airflow/.local/lib/python3.8/site-packages/airflow/example_dags/example_dag_decorator.py
[2025-08-02T02:38:18.603+0000] {logging_mixin.py:188} INFO - [2025-08-02T02:38:18.603+0000] {dag.py:3047} INFO - Sync 1 DAGs
[2025-08-02T02:38:18.619+0000] {logging_mixin.py:188} INFO - [2025-08-02T02:38:18.618+0000] {dag.py:3834} INFO - Setting next_dagrun for example_dag_decorator to None, run_after=None
[2025-08-02T02:38:18.641+0000] {processor.py:183} INFO - Processing /home/airflow/.local/lib/python3.8/site-packages/airflow/example_dags/example_dag_decorator.py took 0.420 seconds
[2025-08-02T02:38:48.735+0000] {processor.py:161} INFO - Started process (PID=293) to work on /home/airflow/.local/lib/python3.8/site-packages/airflow/example_dags/example_dag_decorator.py
[2025-08-02T02:38:48.737+0000] {processor.py:830} INFO - Processing file /home/airflow/.local/lib/python3.8/site-packages/airflow/example_dags/example_dag_decorator.py for tasks to queue
[2025-08-02T02:38:48.738+0000] {logging_mixin.py:188} INFO - [2025-08-02T02:38:48.738+0000] {dagbag.py:540} INFO - Filling up the DagBag from /home/airflow/.local/lib/python3.8/site-packages/airflow/example_dags/example_dag_decorator.py
[2025-08-02T02:38:48.900+0000] {processor.py:840} INFO - DAG(s) 'example_dag_decorator' retrieved from /home/airflow/.local/lib/python3.8/site-packages/airflow/example_dags/example_dag_decorator.py
[2025-08-02T02:38:49.183+0000] {logging_mixin.py:188} INFO - [2025-08-02T02:38:49.182+0000] {dag.py:3047} INFO - Sync 1 DAGs
[2025-08-02T02:38:49.198+0000] {logging_mixin.py:188} INFO - [2025-08-02T02:38:49.197+0000] {dag.py:3834} INFO - Setting next_dagrun for example_dag_decorator to None, run_after=None
[2025-08-02T02:38:49.226+0000] {processor.py:183} INFO - Processing /home/airflow/.local/lib/python3.8/site-packages/airflow/example_dags/example_dag_decorator.py took 0.493 seconds
[2025-08-02T02:39:20.155+0000] {processor.py:161} INFO - Started process (PID=349) to work on /home/airflow/.local/lib/python3.8/site-packages/airflow/example_dags/example_dag_decorator.py
[2025-08-02T02:39:20.174+0000] {processor.py:830} INFO - Processing file /home/airflow/.local/lib/python3.8/site-packages/airflow/example_dags/example_dag_decorator.py for tasks to queue
[2025-08-02T02:39:20.201+0000] {logging_mixin.py:188} INFO - [2025-08-02T02:39:20.199+0000] {dagbag.py:540} INFO - Filling up the DagBag from /home/airflow/.local/lib/python3.8/site-packages/airflow/example_dags/example_dag_decorator.py
[2025-08-02T02:39:20.446+0000] {processor.py:840} INFO - DAG(s) 'example_dag_decorator' retrieved from /home/airflow/.local/lib/python3.8/site-packages/airflow/example_dags/example_dag_decorator.py
[2025-08-02T02:39:20.479+0000] {logging_mixin.py:188} INFO - [2025-08-02T02:39:20.478+0000] {dag.py:3047} INFO - Sync 1 DAGs
[2025-08-02T02:39:20.492+0000] {logging_mixin.py:188} INFO - [2025-08-02T02:39:20.492+0000] {dag.py:3834} INFO - Setting next_dagrun for example_dag_decorator to None, run_after=None
[2025-08-02T02:39:20.513+0000] {processor.py:183} INFO - Processing /home/airflow/.local/lib/python3.8/site-packages/airflow/example_dags/example_dag_decorator.py took 0.377 seconds
[2025-08-02T02:39:51.167+0000] {processor.py:161} INFO - Started process (PID=405) to work on /home/airflow/.local/lib/python3.8/site-packages/airflow/example_dags/example_dag_decorator.py
[2025-08-02T02:39:51.174+0000] {processor.py:830} INFO - Processing file /home/airflow/.local/lib/python3.8/site-packages/airflow/example_dags/example_dag_decorator.py for tasks to queue
[2025-08-02T02:39:51.189+0000] {logging_mixin.py:188} INFO - [2025-08-02T02:39:51.188+0000] {dagbag.py:540} INFO - Filling up the DagBag from /home/airflow/.local/lib/python3.8/site-packages/airflow/example_dags/example_dag_decorator.py
[2025-08-02T02:39:51.565+0000] {processor.py:840} INFO - DAG(s) 'example_dag_decorator' retrieved from /home/airflow/.local/lib/python3.8/site-packages/airflow/example_dags/example_dag_decorator.py
[2025-08-02T02:39:51.836+0000] {logging_mixin.py:188} INFO - [2025-08-02T02:39:51.835+0000] {dag.py:3047} INFO - Sync 1 DAGs
[2025-08-02T02:39:51.846+0000] {logging_mixin.py:188} INFO - [2025-08-02T02:39:51.846+0000] {dag.py:3834} INFO - Setting next_dagrun for example_dag_decorator to None, run_after=None
[2025-08-02T02:39:51.911+0000] {processor.py:183} INFO - Processing /home/airflow/.local/lib/python3.8/site-packages/airflow/example_dags/example_dag_decorator.py took 0.763 seconds
[2025-08-02T02:40:22.368+0000] {processor.py:161} INFO - Started process (PID=463) to work on /home/airflow/.local/lib/python3.8/site-packages/airflow/example_dags/example_dag_decorator.py
[2025-08-02T02:40:22.370+0000] {processor.py:830} INFO - Processing file /home/airflow/.local/lib/python3.8/site-packages/airflow/example_dags/example_dag_decorator.py for tasks to queue
[2025-08-02T02:40:22.374+0000] {logging_mixin.py:188} INFO - [2025-08-02T02:40:22.373+0000] {dagbag.py:540} INFO - Filling up the DagBag from /home/airflow/.local/lib/python3.8/site-packages/airflow/example_dags/example_dag_decorator.py
[2025-08-02T02:40:22.581+0000] {processor.py:840} INFO - DAG(s) 'example_dag_decorator' retrieved from /home/airflow/.local/lib/python3.8/site-packages/airflow/example_dags/example_dag_decorator.py
[2025-08-02T02:40:22.751+0000] {logging_mixin.py:188} INFO - [2025-08-02T02:40:22.751+0000] {dag.py:3047} INFO - Sync 1 DAGs
[2025-08-02T02:40:22.760+0000] {logging_mixin.py:188} INFO - [2025-08-02T02:40:22.760+0000] {dag.py:3834} INFO - Setting next_dagrun for example_dag_decorator to None, run_after=None
[2025-08-02T02:40:22.772+0000] {processor.py:183} INFO - Processing /home/airflow/.local/lib/python3.8/site-packages/airflow/example_dags/example_dag_decorator.py took 0.421 seconds
[2025-08-02T02:40:53.474+0000] {processor.py:161} INFO - Started process (PID=519) to work on /home/airflow/.local/lib/python3.8/site-packages/airflow/example_dags/example_dag_decorator.py
[2025-08-02T02:40:53.476+0000] {processor.py:830} INFO - Processing file /home/airflow/.local/lib/python3.8/site-packages/airflow/example_dags/example_dag_decorator.py for tasks to queue
[2025-08-02T02:40:53.479+0000] {logging_mixin.py:188} INFO - [2025-08-02T02:40:53.478+0000] {dagbag.py:540} INFO - Filling up the DagBag from /home/airflow/.local/lib/python3.8/site-packages/airflow/example_dags/example_dag_decorator.py
[2025-08-02T02:40:53.687+0000] {processor.py:840} INFO - DAG(s) 'example_dag_decorator' retrieved from /home/airflow/.local/lib/python3.8/site-packages/airflow/example_dags/example_dag_decorator.py
[2025-08-02T02:40:53.841+0000] {logging_mixin.py:188} INFO - [2025-08-02T02:40:53.840+0000] {dag.py:3047} INFO - Sync 1 DAGs
[2025-08-02T02:40:53.867+0000] {logging_mixin.py:188} INFO - [2025-08-02T02:40:53.866+0000] {dag.py:3834} INFO - Setting next_dagrun for example_dag_decorator to None, run_after=None
[2025-08-02T02:40:53.887+0000] {processor.py:183} INFO - Processing /home/airflow/.local/lib/python3.8/site-packages/airflow/example_dags/example_dag_decorator.py took 0.418 seconds
[2025-08-02T02:41:24.439+0000] {processor.py:161} INFO - Started process (PID=575) to work on /home/airflow/.local/lib/python3.8/site-packages/airflow/example_dags/example_dag_decorator.py
[2025-08-02T02:41:24.463+0000] {processor.py:830} INFO - Processing file /home/airflow/.local/lib/python3.8/site-packages/airflow/example_dags/example_dag_decorator.py for tasks to queue
[2025-08-02T02:41:24.477+0000] {logging_mixin.py:188} INFO - [2025-08-02T02:41:24.476+0000] {dagbag.py:540} INFO - Filling up the DagBag from /home/airflow/.local/lib/python3.8/site-packages/airflow/example_dags/example_dag_decorator.py
[2025-08-02T02:41:25.498+0000] {processor.py:840} INFO - DAG(s) 'example_dag_decorator' retrieved from /home/airflow/.local/lib/python3.8/site-packages/airflow/example_dags/example_dag_decorator.py
[2025-08-02T02:41:25.803+0000] {logging_mixin.py:188} INFO - [2025-08-02T02:41:25.803+0000] {dag.py:3047} INFO - Sync 1 DAGs
[2025-08-02T02:41:25.817+0000] {logging_mixin.py:188} INFO - [2025-08-02T02:41:25.817+0000] {dag.py:3834} INFO - Setting next_dagrun for example_dag_decorator to None, run_after=None
[2025-08-02T02:41:25.890+0000] {processor.py:183} INFO - Processing /home/airflow/.local/lib/python3.8/site-packages/airflow/example_dags/example_dag_decorator.py took 1.514 seconds
[2025-08-02T02:41:56.042+0000] {processor.py:161} INFO - Started process (PID=633) to work on /home/airflow/.local/lib/python3.8/site-packages/airflow/example_dags/example_dag_decorator.py
[2025-08-02T02:41:56.044+0000] {processor.py:830} INFO - Processing file /home/airflow/.local/lib/python3.8/site-packages/airflow/example_dags/example_dag_decorator.py for tasks to queue
[2025-08-02T02:41:56.049+0000] {logging_mixin.py:188} INFO - [2025-08-02T02:41:56.048+0000] {dagbag.py:540} INFO - Filling up the DagBag from /home/airflow/.local/lib/python3.8/site-packages/airflow/example_dags/example_dag_decorator.py
[2025-08-02T02:41:56.238+0000] {processor.py:840} INFO - DAG(s) 'example_dag_decorator' retrieved from /home/airflow/.local/lib/python3.8/site-packages/airflow/example_dags/example_dag_decorator.py
[2025-08-02T02:41:56.344+0000] {logging_mixin.py:188} INFO - [2025-08-02T02:41:56.343+0000] {dag.py:3047} INFO - Sync 1 DAGs
[2025-08-02T02:41:56.353+0000] {logging_mixin.py:188} INFO - [2025-08-02T02:41:56.353+0000] {dag.py:3834} INFO - Setting next_dagrun for example_dag_decorator to None, run_after=None
[2025-08-02T02:41:56.371+0000] {processor.py:183} INFO - Processing /home/airflow/.local/lib/python3.8/site-packages/airflow/example_dags/example_dag_decorator.py took 0.340 seconds
[2025-08-02T02:42:27.148+0000] {processor.py:161} INFO - Started process (PID=689) to work on /home/airflow/.local/lib/python3.8/site-packages/airflow/example_dags/example_dag_decorator.py
[2025-08-02T02:42:27.149+0000] {processor.py:830} INFO - Processing file /home/airflow/.local/lib/python3.8/site-packages/airflow/example_dags/example_dag_decorator.py for tasks to queue
[2025-08-02T02:42:27.151+0000] {logging_mixin.py:188} INFO - [2025-08-02T02:42:27.151+0000] {dagbag.py:540} INFO - Filling up the DagBag from /home/airflow/.local/lib/python3.8/site-packages/airflow/example_dags/example_dag_decorator.py
[2025-08-02T02:42:27.337+0000] {processor.py:840} INFO - DAG(s) 'example_dag_decorator' retrieved from /home/airflow/.local/lib/python3.8/site-packages/airflow/example_dags/example_dag_decorator.py
[2025-08-02T02:42:27.526+0000] {logging_mixin.py:188} INFO - [2025-08-02T02:42:27.524+0000] {dag.py:3047} INFO - Sync 1 DAGs
[2025-08-02T02:42:27.540+0000] {logging_mixin.py:188} INFO - [2025-08-02T02:42:27.539+0000] {dag.py:3834} INFO - Setting next_dagrun for example_dag_decorator to None, run_after=None
[2025-08-02T02:42:27.564+0000] {processor.py:183} INFO - Processing /home/airflow/.local/lib/python3.8/site-packages/airflow/example_dags/example_dag_decorator.py took 0.418 seconds
[2025-08-02T02:46:18.623+0000] {processor.py:161} INFO - Started process (PID=62) to work on /home/airflow/.local/lib/python3.8/site-packages/airflow/example_dags/example_dag_decorator.py
[2025-08-02T02:46:18.627+0000] {processor.py:830} INFO - Processing file /home/airflow/.local/lib/python3.8/site-packages/airflow/example_dags/example_dag_decorator.py for tasks to queue
[2025-08-02T02:46:18.662+0000] {logging_mixin.py:188} INFO - [2025-08-02T02:46:18.661+0000] {dagbag.py:540} INFO - Filling up the DagBag from /home/airflow/.local/lib/python3.8/site-packages/airflow/example_dags/example_dag_decorator.py
[2025-08-02T02:46:19.424+0000] {processor.py:840} INFO - DAG(s) 'example_dag_decorator' retrieved from /home/airflow/.local/lib/python3.8/site-packages/airflow/example_dags/example_dag_decorator.py
[2025-08-02T02:46:19.485+0000] {logging_mixin.py:188} INFO - [2025-08-02T02:46:19.483+0000] {dag.py:3047} INFO - Sync 1 DAGs
[2025-08-02T02:46:19.540+0000] {logging_mixin.py:188} INFO - [2025-08-02T02:46:19.540+0000] {dag.py:3834} INFO - Setting next_dagrun for example_dag_decorator to None, run_after=None
[2025-08-02T02:46:19.581+0000] {processor.py:183} INFO - Processing /home/airflow/.local/lib/python3.8/site-packages/airflow/example_dags/example_dag_decorator.py took 0.964 seconds
[2025-08-02T02:46:56.056+0000] {processor.py:161} INFO - Started process (PID=125) to work on /home/airflow/.local/lib/python3.8/site-packages/airflow/example_dags/example_dag_decorator.py
[2025-08-02T02:46:56.067+0000] {processor.py:830} INFO - Processing file /home/airflow/.local/lib/python3.8/site-packages/airflow/example_dags/example_dag_decorator.py for tasks to queue
[2025-08-02T02:46:56.119+0000] {logging_mixin.py:188} INFO - [2025-08-02T02:46:56.118+0000] {dagbag.py:540} INFO - Filling up the DagBag from /home/airflow/.local/lib/python3.8/site-packages/airflow/example_dags/example_dag_decorator.py
[2025-08-02T02:46:56.769+0000] {processor.py:840} INFO - DAG(s) 'example_dag_decorator' retrieved from /home/airflow/.local/lib/python3.8/site-packages/airflow/example_dags/example_dag_decorator.py
[2025-08-02T02:46:57.582+0000] {logging_mixin.py:188} INFO - [2025-08-02T02:46:57.576+0000] {dag.py:3047} INFO - Sync 1 DAGs
[2025-08-02T02:46:57.641+0000] {logging_mixin.py:188} INFO - [2025-08-02T02:46:57.640+0000] {dag.py:3834} INFO - Setting next_dagrun for example_dag_decorator to None, run_after=None
[2025-08-02T02:46:57.718+0000] {processor.py:183} INFO - Processing /home/airflow/.local/lib/python3.8/site-packages/airflow/example_dags/example_dag_decorator.py took 1.693 seconds
[2025-08-02T02:47:28.106+0000] {processor.py:161} INFO - Started process (PID=181) to work on /home/airflow/.local/lib/python3.8/site-packages/airflow/example_dags/example_dag_decorator.py
[2025-08-02T02:47:28.111+0000] {processor.py:830} INFO - Processing file /home/airflow/.local/lib/python3.8/site-packages/airflow/example_dags/example_dag_decorator.py for tasks to queue
[2025-08-02T02:47:28.124+0000] {logging_mixin.py:188} INFO - [2025-08-02T02:47:28.123+0000] {dagbag.py:540} INFO - Filling up the DagBag from /home/airflow/.local/lib/python3.8/site-packages/airflow/example_dags/example_dag_decorator.py
[2025-08-02T02:47:28.660+0000] {processor.py:840} INFO - DAG(s) 'example_dag_decorator' retrieved from /home/airflow/.local/lib/python3.8/site-packages/airflow/example_dags/example_dag_decorator.py
[2025-08-02T02:47:28.981+0000] {logging_mixin.py:188} INFO - [2025-08-02T02:47:28.979+0000] {dag.py:3047} INFO - Sync 1 DAGs
[2025-08-02T02:47:29.002+0000] {logging_mixin.py:188} INFO - [2025-08-02T02:47:29.002+0000] {dag.py:3834} INFO - Setting next_dagrun for example_dag_decorator to None, run_after=None
[2025-08-02T02:47:29.041+0000] {processor.py:183} INFO - Processing /home/airflow/.local/lib/python3.8/site-packages/airflow/example_dags/example_dag_decorator.py took 0.960 seconds
[2025-08-02T02:47:59.322+0000] {processor.py:161} INFO - Started process (PID=237) to work on /home/airflow/.local/lib/python3.8/site-packages/airflow/example_dags/example_dag_decorator.py
[2025-08-02T02:47:59.324+0000] {processor.py:830} INFO - Processing file /home/airflow/.local/lib/python3.8/site-packages/airflow/example_dags/example_dag_decorator.py for tasks to queue
[2025-08-02T02:47:59.326+0000] {logging_mixin.py:188} INFO - [2025-08-02T02:47:59.326+0000] {dagbag.py:540} INFO - Filling up the DagBag from /home/airflow/.local/lib/python3.8/site-packages/airflow/example_dags/example_dag_decorator.py
[2025-08-02T02:47:59.523+0000] {processor.py:840} INFO - DAG(s) 'example_dag_decorator' retrieved from /home/airflow/.local/lib/python3.8/site-packages/airflow/example_dags/example_dag_decorator.py
[2025-08-02T02:47:59.695+0000] {logging_mixin.py:188} INFO - [2025-08-02T02:47:59.695+0000] {dag.py:3047} INFO - Sync 1 DAGs
[2025-08-02T02:47:59.722+0000] {logging_mixin.py:188} INFO - [2025-08-02T02:47:59.720+0000] {dag.py:3834} INFO - Setting next_dagrun for example_dag_decorator to None, run_after=None
[2025-08-02T02:47:59.789+0000] {processor.py:183} INFO - Processing /home/airflow/.local/lib/python3.8/site-packages/airflow/example_dags/example_dag_decorator.py took 0.472 seconds
[2025-08-02T02:48:30.143+0000] {processor.py:161} INFO - Started process (PID=292) to work on /home/airflow/.local/lib/python3.8/site-packages/airflow/example_dags/example_dag_decorator.py
[2025-08-02T02:48:30.146+0000] {processor.py:830} INFO - Processing file /home/airflow/.local/lib/python3.8/site-packages/airflow/example_dags/example_dag_decorator.py for tasks to queue
[2025-08-02T02:48:30.148+0000] {logging_mixin.py:188} INFO - [2025-08-02T02:48:30.148+0000] {dagbag.py:540} INFO - Filling up the DagBag from /home/airflow/.local/lib/python3.8/site-packages/airflow/example_dags/example_dag_decorator.py
[2025-08-02T02:48:30.270+0000] {processor.py:840} INFO - DAG(s) 'example_dag_decorator' retrieved from /home/airflow/.local/lib/python3.8/site-packages/airflow/example_dags/example_dag_decorator.py
[2025-08-02T02:48:30.362+0000] {logging_mixin.py:188} INFO - [2025-08-02T02:48:30.361+0000] {dag.py:3047} INFO - Sync 1 DAGs
[2025-08-02T02:48:30.368+0000] {logging_mixin.py:188} INFO - [2025-08-02T02:48:30.368+0000] {dag.py:3834} INFO - Setting next_dagrun for example_dag_decorator to None, run_after=None
[2025-08-02T02:48:30.379+0000] {processor.py:183} INFO - Processing /home/airflow/.local/lib/python3.8/site-packages/airflow/example_dags/example_dag_decorator.py took 0.241 seconds
[2025-08-02T02:49:00.737+0000] {processor.py:161} INFO - Started process (PID=348) to work on /home/airflow/.local/lib/python3.8/site-packages/airflow/example_dags/example_dag_decorator.py
[2025-08-02T02:49:00.742+0000] {processor.py:830} INFO - Processing file /home/airflow/.local/lib/python3.8/site-packages/airflow/example_dags/example_dag_decorator.py for tasks to queue
[2025-08-02T02:49:00.751+0000] {logging_mixin.py:188} INFO - [2025-08-02T02:49:00.749+0000] {dagbag.py:540} INFO - Filling up the DagBag from /home/airflow/.local/lib/python3.8/site-packages/airflow/example_dags/example_dag_decorator.py
[2025-08-02T02:49:00.951+0000] {processor.py:840} INFO - DAG(s) 'example_dag_decorator' retrieved from /home/airflow/.local/lib/python3.8/site-packages/airflow/example_dags/example_dag_decorator.py
[2025-08-02T02:49:01.036+0000] {logging_mixin.py:188} INFO - [2025-08-02T02:49:01.035+0000] {dag.py:3047} INFO - Sync 1 DAGs
[2025-08-02T02:49:01.049+0000] {logging_mixin.py:188} INFO - [2025-08-02T02:49:01.049+0000] {dag.py:3834} INFO - Setting next_dagrun for example_dag_decorator to None, run_after=None
[2025-08-02T02:49:01.065+0000] {processor.py:183} INFO - Processing /home/airflow/.local/lib/python3.8/site-packages/airflow/example_dags/example_dag_decorator.py took 0.337 seconds
[2025-08-02T02:49:31.133+0000] {processor.py:161} INFO - Started process (PID=404) to work on /home/airflow/.local/lib/python3.8/site-packages/airflow/example_dags/example_dag_decorator.py
[2025-08-02T02:49:31.136+0000] {processor.py:830} INFO - Processing file /home/airflow/.local/lib/python3.8/site-packages/airflow/example_dags/example_dag_decorator.py for tasks to queue
[2025-08-02T02:49:31.139+0000] {logging_mixin.py:188} INFO - [2025-08-02T02:49:31.139+0000] {dagbag.py:540} INFO - Filling up the DagBag from /home/airflow/.local/lib/python3.8/site-packages/airflow/example_dags/example_dag_decorator.py
[2025-08-02T02:49:31.254+0000] {processor.py:840} INFO - DAG(s) 'example_dag_decorator' retrieved from /home/airflow/.local/lib/python3.8/site-packages/airflow/example_dags/example_dag_decorator.py
[2025-08-02T02:49:31.337+0000] {logging_mixin.py:188} INFO - [2025-08-02T02:49:31.336+0000] {dag.py:3047} INFO - Sync 1 DAGs
[2025-08-02T02:49:31.342+0000] {logging_mixin.py:188} INFO - [2025-08-02T02:49:31.342+0000] {dag.py:3834} INFO - Setting next_dagrun for example_dag_decorator to None, run_after=None
[2025-08-02T02:49:31.352+0000] {processor.py:183} INFO - Processing /home/airflow/.local/lib/python3.8/site-packages/airflow/example_dags/example_dag_decorator.py took 0.228 seconds
[2025-08-02T02:50:01.622+0000] {processor.py:161} INFO - Started process (PID=460) to work on /home/airflow/.local/lib/python3.8/site-packages/airflow/example_dags/example_dag_decorator.py
[2025-08-02T02:50:01.626+0000] {processor.py:830} INFO - Processing file /home/airflow/.local/lib/python3.8/site-packages/airflow/example_dags/example_dag_decorator.py for tasks to queue
[2025-08-02T02:50:01.632+0000] {logging_mixin.py:188} INFO - [2025-08-02T02:50:01.632+0000] {dagbag.py:540} INFO - Filling up the DagBag from /home/airflow/.local/lib/python3.8/site-packages/airflow/example_dags/example_dag_decorator.py
[2025-08-02T02:50:01.945+0000] {processor.py:840} INFO - DAG(s) 'example_dag_decorator' retrieved from /home/airflow/.local/lib/python3.8/site-packages/airflow/example_dags/example_dag_decorator.py
[2025-08-02T02:50:02.046+0000] {logging_mixin.py:188} INFO - [2025-08-02T02:50:02.045+0000] {dag.py:3047} INFO - Sync 1 DAGs
[2025-08-02T02:50:02.054+0000] {logging_mixin.py:188} INFO - [2025-08-02T02:50:02.054+0000] {dag.py:3834} INFO - Setting next_dagrun for example_dag_decorator to None, run_after=None
[2025-08-02T02:50:02.067+0000] {processor.py:183} INFO - Processing /home/airflow/.local/lib/python3.8/site-packages/airflow/example_dags/example_dag_decorator.py took 0.480 seconds
[2025-08-02T02:50:32.171+0000] {processor.py:161} INFO - Started process (PID=516) to work on /home/airflow/.local/lib/python3.8/site-packages/airflow/example_dags/example_dag_decorator.py
[2025-08-02T02:50:32.174+0000] {processor.py:830} INFO - Processing file /home/airflow/.local/lib/python3.8/site-packages/airflow/example_dags/example_dag_decorator.py for tasks to queue
[2025-08-02T02:50:32.179+0000] {logging_mixin.py:188} INFO - [2025-08-02T02:50:32.178+0000] {dagbag.py:540} INFO - Filling up the DagBag from /home/airflow/.local/lib/python3.8/site-packages/airflow/example_dags/example_dag_decorator.py
[2025-08-02T02:50:32.470+0000] {processor.py:840} INFO - DAG(s) 'example_dag_decorator' retrieved from /home/airflow/.local/lib/python3.8/site-packages/airflow/example_dags/example_dag_decorator.py
[2025-08-02T02:50:33.037+0000] {logging_mixin.py:188} INFO - [2025-08-02T02:50:33.032+0000] {dag.py:3047} INFO - Sync 1 DAGs
[2025-08-02T02:50:33.090+0000] {logging_mixin.py:188} INFO - [2025-08-02T02:50:33.089+0000] {dag.py:3834} INFO - Setting next_dagrun for example_dag_decorator to None, run_after=None
[2025-08-02T02:50:33.241+0000] {processor.py:183} INFO - Processing /home/airflow/.local/lib/python3.8/site-packages/airflow/example_dags/example_dag_decorator.py took 1.082 seconds
[2025-08-02T02:51:03.487+0000] {processor.py:161} INFO - Started process (PID=570) to work on /home/airflow/.local/lib/python3.8/site-packages/airflow/example_dags/example_dag_decorator.py
[2025-08-02T02:51:03.489+0000] {processor.py:830} INFO - Processing file /home/airflow/.local/lib/python3.8/site-packages/airflow/example_dags/example_dag_decorator.py for tasks to queue
[2025-08-02T02:51:03.492+0000] {logging_mixin.py:188} INFO - [2025-08-02T02:51:03.491+0000] {dagbag.py:540} INFO - Filling up the DagBag from /home/airflow/.local/lib/python3.8/site-packages/airflow/example_dags/example_dag_decorator.py
[2025-08-02T02:51:03.614+0000] {processor.py:840} INFO - DAG(s) 'example_dag_decorator' retrieved from /home/airflow/.local/lib/python3.8/site-packages/airflow/example_dags/example_dag_decorator.py
[2025-08-02T02:51:03.741+0000] {logging_mixin.py:188} INFO - [2025-08-02T02:51:03.741+0000] {dag.py:3047} INFO - Sync 1 DAGs
[2025-08-02T02:51:03.751+0000] {logging_mixin.py:188} INFO - [2025-08-02T02:51:03.751+0000] {dag.py:3834} INFO - Setting next_dagrun for example_dag_decorator to None, run_after=None
[2025-08-02T02:51:03.764+0000] {processor.py:183} INFO - Processing /home/airflow/.local/lib/python3.8/site-packages/airflow/example_dags/example_dag_decorator.py took 0.284 seconds
[2025-08-02T02:51:34.733+0000] {processor.py:161} INFO - Started process (PID=626) to work on /home/airflow/.local/lib/python3.8/site-packages/airflow/example_dags/example_dag_decorator.py
[2025-08-02T02:51:34.738+0000] {processor.py:830} INFO - Processing file /home/airflow/.local/lib/python3.8/site-packages/airflow/example_dags/example_dag_decorator.py for tasks to queue
[2025-08-02T02:51:34.761+0000] {logging_mixin.py:188} INFO - [2025-08-02T02:51:34.760+0000] {dagbag.py:540} INFO - Filling up the DagBag from /home/airflow/.local/lib/python3.8/site-packages/airflow/example_dags/example_dag_decorator.py
[2025-08-02T02:51:35.181+0000] {processor.py:840} INFO - DAG(s) 'example_dag_decorator' retrieved from /home/airflow/.local/lib/python3.8/site-packages/airflow/example_dags/example_dag_decorator.py
[2025-08-02T02:51:35.570+0000] {logging_mixin.py:188} INFO - [2025-08-02T02:51:35.569+0000] {dag.py:3047} INFO - Sync 1 DAGs
[2025-08-02T02:51:35.599+0000] {logging_mixin.py:188} INFO - [2025-08-02T02:51:35.599+0000] {dag.py:3834} INFO - Setting next_dagrun for example_dag_decorator to None, run_after=None
[2025-08-02T02:51:35.647+0000] {processor.py:183} INFO - Processing /home/airflow/.local/lib/python3.8/site-packages/airflow/example_dags/example_dag_decorator.py took 0.962 seconds
[2025-08-02T02:52:06.205+0000] {processor.py:161} INFO - Started process (PID=683) to work on /home/airflow/.local/lib/python3.8/site-packages/airflow/example_dags/example_dag_decorator.py
[2025-08-02T02:52:06.207+0000] {processor.py:830} INFO - Processing file /home/airflow/.local/lib/python3.8/site-packages/airflow/example_dags/example_dag_decorator.py for tasks to queue
[2025-08-02T02:52:06.210+0000] {logging_mixin.py:188} INFO - [2025-08-02T02:52:06.210+0000] {dagbag.py:540} INFO - Filling up the DagBag from /home/airflow/.local/lib/python3.8/site-packages/airflow/example_dags/example_dag_decorator.py
[2025-08-02T02:52:06.366+0000] {processor.py:840} INFO - DAG(s) 'example_dag_decorator' retrieved from /home/airflow/.local/lib/python3.8/site-packages/airflow/example_dags/example_dag_decorator.py
[2025-08-02T02:52:06.487+0000] {logging_mixin.py:188} INFO - [2025-08-02T02:52:06.487+0000] {dag.py:3047} INFO - Sync 1 DAGs
[2025-08-02T02:52:06.498+0000] {logging_mixin.py:188} INFO - [2025-08-02T02:52:06.498+0000] {dag.py:3834} INFO - Setting next_dagrun for example_dag_decorator to None, run_after=None
[2025-08-02T02:52:06.540+0000] {processor.py:183} INFO - Processing /home/airflow/.local/lib/python3.8/site-packages/airflow/example_dags/example_dag_decorator.py took 0.340 seconds
[2025-08-02T02:52:37.465+0000] {processor.py:161} INFO - Started process (PID=739) to work on /home/airflow/.local/lib/python3.8/site-packages/airflow/example_dags/example_dag_decorator.py
[2025-08-02T02:52:37.468+0000] {processor.py:830} INFO - Processing file /home/airflow/.local/lib/python3.8/site-packages/airflow/example_dags/example_dag_decorator.py for tasks to queue
[2025-08-02T02:52:37.471+0000] {logging_mixin.py:188} INFO - [2025-08-02T02:52:37.470+0000] {dagbag.py:540} INFO - Filling up the DagBag from /home/airflow/.local/lib/python3.8/site-packages/airflow/example_dags/example_dag_decorator.py
[2025-08-02T02:52:37.605+0000] {processor.py:840} INFO - DAG(s) 'example_dag_decorator' retrieved from /home/airflow/.local/lib/python3.8/site-packages/airflow/example_dags/example_dag_decorator.py
[2025-08-02T02:52:37.756+0000] {logging_mixin.py:188} INFO - [2025-08-02T02:52:37.755+0000] {dag.py:3047} INFO - Sync 1 DAGs
[2025-08-02T02:52:37.767+0000] {logging_mixin.py:188} INFO - [2025-08-02T02:52:37.767+0000] {dag.py:3834} INFO - Setting next_dagrun for example_dag_decorator to None, run_after=None
[2025-08-02T02:52:37.786+0000] {processor.py:183} INFO - Processing /home/airflow/.local/lib/python3.8/site-packages/airflow/example_dags/example_dag_decorator.py took 0.331 seconds
[2025-08-02T02:56:39.731+0000] {processor.py:161} INFO - Started process (PID=62) to work on /home/airflow/.local/lib/python3.8/site-packages/airflow/example_dags/example_dag_decorator.py
[2025-08-02T02:56:39.733+0000] {processor.py:830} INFO - Processing file /home/airflow/.local/lib/python3.8/site-packages/airflow/example_dags/example_dag_decorator.py for tasks to queue
[2025-08-02T02:56:39.735+0000] {logging_mixin.py:188} INFO - [2025-08-02T02:56:39.735+0000] {dagbag.py:540} INFO - Filling up the DagBag from /home/airflow/.local/lib/python3.8/site-packages/airflow/example_dags/example_dag_decorator.py
[2025-08-02T02:56:40.171+0000] {processor.py:840} INFO - DAG(s) 'example_dag_decorator' retrieved from /home/airflow/.local/lib/python3.8/site-packages/airflow/example_dags/example_dag_decorator.py
[2025-08-02T02:56:40.212+0000] {logging_mixin.py:188} INFO - [2025-08-02T02:56:40.212+0000] {dag.py:3047} INFO - Sync 1 DAGs
[2025-08-02T02:56:40.233+0000] {logging_mixin.py:188} INFO - [2025-08-02T02:56:40.233+0000] {dag.py:3834} INFO - Setting next_dagrun for example_dag_decorator to None, run_after=None
[2025-08-02T02:56:40.277+0000] {processor.py:183} INFO - Processing /home/airflow/.local/lib/python3.8/site-packages/airflow/example_dags/example_dag_decorator.py took 0.548 seconds
[2025-08-02T02:57:10.395+0000] {processor.py:161} INFO - Started process (PID=118) to work on /home/airflow/.local/lib/python3.8/site-packages/airflow/example_dags/example_dag_decorator.py
[2025-08-02T02:57:10.398+0000] {processor.py:830} INFO - Processing file /home/airflow/.local/lib/python3.8/site-packages/airflow/example_dags/example_dag_decorator.py for tasks to queue
[2025-08-02T02:57:10.402+0000] {logging_mixin.py:188} INFO - [2025-08-02T02:57:10.401+0000] {dagbag.py:540} INFO - Filling up the DagBag from /home/airflow/.local/lib/python3.8/site-packages/airflow/example_dags/example_dag_decorator.py
[2025-08-02T02:57:10.571+0000] {processor.py:840} INFO - DAG(s) 'example_dag_decorator' retrieved from /home/airflow/.local/lib/python3.8/site-packages/airflow/example_dags/example_dag_decorator.py
[2025-08-02T02:57:10.712+0000] {logging_mixin.py:188} INFO - [2025-08-02T02:57:10.711+0000] {dag.py:3047} INFO - Sync 1 DAGs
[2025-08-02T02:57:10.726+0000] {logging_mixin.py:188} INFO - [2025-08-02T02:57:10.726+0000] {dag.py:3834} INFO - Setting next_dagrun for example_dag_decorator to None, run_after=None
[2025-08-02T02:57:10.770+0000] {processor.py:183} INFO - Processing /home/airflow/.local/lib/python3.8/site-packages/airflow/example_dags/example_dag_decorator.py took 0.385 seconds
[2025-08-02T02:57:40.897+0000] {processor.py:161} INFO - Started process (PID=174) to work on /home/airflow/.local/lib/python3.8/site-packages/airflow/example_dags/example_dag_decorator.py
[2025-08-02T02:57:40.898+0000] {processor.py:830} INFO - Processing file /home/airflow/.local/lib/python3.8/site-packages/airflow/example_dags/example_dag_decorator.py for tasks to queue
[2025-08-02T02:57:40.900+0000] {logging_mixin.py:188} INFO - [2025-08-02T02:57:40.900+0000] {dagbag.py:540} INFO - Filling up the DagBag from /home/airflow/.local/lib/python3.8/site-packages/airflow/example_dags/example_dag_decorator.py
[2025-08-02T02:57:41.041+0000] {processor.py:840} INFO - DAG(s) 'example_dag_decorator' retrieved from /home/airflow/.local/lib/python3.8/site-packages/airflow/example_dags/example_dag_decorator.py
[2025-08-02T02:57:41.174+0000] {logging_mixin.py:188} INFO - [2025-08-02T02:57:41.174+0000] {dag.py:3047} INFO - Sync 1 DAGs
[2025-08-02T02:57:41.189+0000] {logging_mixin.py:188} INFO - [2025-08-02T02:57:41.189+0000] {dag.py:3834} INFO - Setting next_dagrun for example_dag_decorator to None, run_after=None
[2025-08-02T02:57:41.208+0000] {processor.py:183} INFO - Processing /home/airflow/.local/lib/python3.8/site-packages/airflow/example_dags/example_dag_decorator.py took 0.317 seconds
[2025-08-02T02:58:11.848+0000] {processor.py:161} INFO - Started process (PID=230) to work on /home/airflow/.local/lib/python3.8/site-packages/airflow/example_dags/example_dag_decorator.py
[2025-08-02T02:58:11.849+0000] {processor.py:830} INFO - Processing file /home/airflow/.local/lib/python3.8/site-packages/airflow/example_dags/example_dag_decorator.py for tasks to queue
[2025-08-02T02:58:11.852+0000] {logging_mixin.py:188} INFO - [2025-08-02T02:58:11.852+0000] {dagbag.py:540} INFO - Filling up the DagBag from /home/airflow/.local/lib/python3.8/site-packages/airflow/example_dags/example_dag_decorator.py
[2025-08-02T02:58:12.013+0000] {processor.py:840} INFO - DAG(s) 'example_dag_decorator' retrieved from /home/airflow/.local/lib/python3.8/site-packages/airflow/example_dags/example_dag_decorator.py
[2025-08-02T02:58:12.096+0000] {logging_mixin.py:188} INFO - [2025-08-02T02:58:12.096+0000] {dag.py:3047} INFO - Sync 1 DAGs
[2025-08-02T02:58:12.116+0000] {logging_mixin.py:188} INFO - [2025-08-02T02:58:12.116+0000] {dag.py:3834} INFO - Setting next_dagrun for example_dag_decorator to None, run_after=None
[2025-08-02T02:58:12.142+0000] {processor.py:183} INFO - Processing /home/airflow/.local/lib/python3.8/site-packages/airflow/example_dags/example_dag_decorator.py took 0.302 seconds
[2025-08-02T02:58:42.808+0000] {processor.py:161} INFO - Started process (PID=286) to work on /home/airflow/.local/lib/python3.8/site-packages/airflow/example_dags/example_dag_decorator.py
[2025-08-02T02:58:42.808+0000] {processor.py:830} INFO - Processing file /home/airflow/.local/lib/python3.8/site-packages/airflow/example_dags/example_dag_decorator.py for tasks to queue
[2025-08-02T02:58:42.809+0000] {logging_mixin.py:188} INFO - [2025-08-02T02:58:42.809+0000] {dagbag.py:540} INFO - Filling up the DagBag from /home/airflow/.local/lib/python3.8/site-packages/airflow/example_dags/example_dag_decorator.py
[2025-08-02T02:58:42.945+0000] {processor.py:840} INFO - DAG(s) 'example_dag_decorator' retrieved from /home/airflow/.local/lib/python3.8/site-packages/airflow/example_dags/example_dag_decorator.py
[2025-08-02T02:58:43.075+0000] {logging_mixin.py:188} INFO - [2025-08-02T02:58:43.074+0000] {dag.py:3047} INFO - Sync 1 DAGs
[2025-08-02T02:58:43.081+0000] {logging_mixin.py:188} INFO - [2025-08-02T02:58:43.081+0000] {dag.py:3834} INFO - Setting next_dagrun for example_dag_decorator to None, run_after=None
[2025-08-02T02:58:43.092+0000] {processor.py:183} INFO - Processing /home/airflow/.local/lib/python3.8/site-packages/airflow/example_dags/example_dag_decorator.py took 0.286 seconds
[2025-08-02T02:59:13.369+0000] {processor.py:161} INFO - Started process (PID=343) to work on /home/airflow/.local/lib/python3.8/site-packages/airflow/example_dags/example_dag_decorator.py
[2025-08-02T02:59:13.369+0000] {processor.py:830} INFO - Processing file /home/airflow/.local/lib/python3.8/site-packages/airflow/example_dags/example_dag_decorator.py for tasks to queue
[2025-08-02T02:59:13.371+0000] {logging_mixin.py:188} INFO - [2025-08-02T02:59:13.370+0000] {dagbag.py:540} INFO - Filling up the DagBag from /home/airflow/.local/lib/python3.8/site-packages/airflow/example_dags/example_dag_decorator.py
[2025-08-02T02:59:13.443+0000] {processor.py:840} INFO - DAG(s) 'example_dag_decorator' retrieved from /home/airflow/.local/lib/python3.8/site-packages/airflow/example_dags/example_dag_decorator.py
[2025-08-02T02:59:13.515+0000] {logging_mixin.py:188} INFO - [2025-08-02T02:59:13.514+0000] {dag.py:3047} INFO - Sync 1 DAGs
[2025-08-02T02:59:13.523+0000] {logging_mixin.py:188} INFO - [2025-08-02T02:59:13.523+0000] {dag.py:3834} INFO - Setting next_dagrun for example_dag_decorator to None, run_after=None
[2025-08-02T02:59:13.535+0000] {processor.py:183} INFO - Processing /home/airflow/.local/lib/python3.8/site-packages/airflow/example_dags/example_dag_decorator.py took 0.168 seconds
[2025-08-02T02:59:43.670+0000] {processor.py:161} INFO - Started process (PID=398) to work on /home/airflow/.local/lib/python3.8/site-packages/airflow/example_dags/example_dag_decorator.py
[2025-08-02T02:59:43.672+0000] {processor.py:830} INFO - Processing file /home/airflow/.local/lib/python3.8/site-packages/airflow/example_dags/example_dag_decorator.py for tasks to queue
[2025-08-02T02:59:43.673+0000] {logging_mixin.py:188} INFO - [2025-08-02T02:59:43.673+0000] {dagbag.py:540} INFO - Filling up the DagBag from /home/airflow/.local/lib/python3.8/site-packages/airflow/example_dags/example_dag_decorator.py
[2025-08-02T02:59:43.778+0000] {processor.py:840} INFO - DAG(s) 'example_dag_decorator' retrieved from /home/airflow/.local/lib/python3.8/site-packages/airflow/example_dags/example_dag_decorator.py
[2025-08-02T02:59:43.903+0000] {logging_mixin.py:188} INFO - [2025-08-02T02:59:43.903+0000] {dag.py:3047} INFO - Sync 1 DAGs
[2025-08-02T02:59:43.911+0000] {logging_mixin.py:188} INFO - [2025-08-02T02:59:43.911+0000] {dag.py:3834} INFO - Setting next_dagrun for example_dag_decorator to None, run_after=None
[2025-08-02T02:59:43.924+0000] {processor.py:183} INFO - Processing /home/airflow/.local/lib/python3.8/site-packages/airflow/example_dags/example_dag_decorator.py took 0.255 seconds
[2025-08-02T03:00:14.812+0000] {processor.py:161} INFO - Started process (PID=454) to work on /home/airflow/.local/lib/python3.8/site-packages/airflow/example_dags/example_dag_decorator.py
[2025-08-02T03:00:14.813+0000] {processor.py:830} INFO - Processing file /home/airflow/.local/lib/python3.8/site-packages/airflow/example_dags/example_dag_decorator.py for tasks to queue
[2025-08-02T03:00:14.814+0000] {logging_mixin.py:188} INFO - [2025-08-02T03:00:14.814+0000] {dagbag.py:540} INFO - Filling up the DagBag from /home/airflow/.local/lib/python3.8/site-packages/airflow/example_dags/example_dag_decorator.py
[2025-08-02T03:00:14.879+0000] {processor.py:840} INFO - DAG(s) 'example_dag_decorator' retrieved from /home/airflow/.local/lib/python3.8/site-packages/airflow/example_dags/example_dag_decorator.py
[2025-08-02T03:00:14.968+0000] {logging_mixin.py:188} INFO - [2025-08-02T03:00:14.968+0000] {dag.py:3047} INFO - Sync 1 DAGs
[2025-08-02T03:00:14.976+0000] {logging_mixin.py:188} INFO - [2025-08-02T03:00:14.976+0000] {dag.py:3834} INFO - Setting next_dagrun for example_dag_decorator to None, run_after=None
[2025-08-02T03:00:14.987+0000] {processor.py:183} INFO - Processing /home/airflow/.local/lib/python3.8/site-packages/airflow/example_dags/example_dag_decorator.py took 0.179 seconds
[2025-08-02T03:00:45.275+0000] {processor.py:161} INFO - Started process (PID=510) to work on /home/airflow/.local/lib/python3.8/site-packages/airflow/example_dags/example_dag_decorator.py
[2025-08-02T03:00:45.277+0000] {processor.py:830} INFO - Processing file /home/airflow/.local/lib/python3.8/site-packages/airflow/example_dags/example_dag_decorator.py for tasks to queue
[2025-08-02T03:00:45.281+0000] {logging_mixin.py:188} INFO - [2025-08-02T03:00:45.280+0000] {dagbag.py:540} INFO - Filling up the DagBag from /home/airflow/.local/lib/python3.8/site-packages/airflow/example_dags/example_dag_decorator.py
[2025-08-02T03:00:45.399+0000] {processor.py:840} INFO - DAG(s) 'example_dag_decorator' retrieved from /home/airflow/.local/lib/python3.8/site-packages/airflow/example_dags/example_dag_decorator.py
[2025-08-02T03:00:45.417+0000] {logging_mixin.py:188} INFO - [2025-08-02T03:00:45.417+0000] {dag.py:3047} INFO - Sync 1 DAGs
[2025-08-02T03:00:45.426+0000] {logging_mixin.py:188} INFO - [2025-08-02T03:00:45.426+0000] {dag.py:3834} INFO - Setting next_dagrun for example_dag_decorator to None, run_after=None
[2025-08-02T03:00:45.442+0000] {processor.py:183} INFO - Processing /home/airflow/.local/lib/python3.8/site-packages/airflow/example_dags/example_dag_decorator.py took 0.173 seconds
[2025-08-02T03:01:16.404+0000] {processor.py:161} INFO - Started process (PID=566) to work on /home/airflow/.local/lib/python3.8/site-packages/airflow/example_dags/example_dag_decorator.py
[2025-08-02T03:01:16.408+0000] {processor.py:830} INFO - Processing file /home/airflow/.local/lib/python3.8/site-packages/airflow/example_dags/example_dag_decorator.py for tasks to queue
[2025-08-02T03:01:16.409+0000] {logging_mixin.py:188} INFO - [2025-08-02T03:01:16.409+0000] {dagbag.py:540} INFO - Filling up the DagBag from /home/airflow/.local/lib/python3.8/site-packages/airflow/example_dags/example_dag_decorator.py
[2025-08-02T03:01:16.629+0000] {processor.py:840} INFO - DAG(s) 'example_dag_decorator' retrieved from /home/airflow/.local/lib/python3.8/site-packages/airflow/example_dags/example_dag_decorator.py
[2025-08-02T03:01:16.856+0000] {logging_mixin.py:188} INFO - [2025-08-02T03:01:16.855+0000] {dag.py:3047} INFO - Sync 1 DAGs
[2025-08-02T03:01:16.882+0000] {logging_mixin.py:188} INFO - [2025-08-02T03:01:16.882+0000] {dag.py:3834} INFO - Setting next_dagrun for example_dag_decorator to None, run_after=None
[2025-08-02T03:01:16.908+0000] {processor.py:183} INFO - Processing /home/airflow/.local/lib/python3.8/site-packages/airflow/example_dags/example_dag_decorator.py took 0.507 seconds
[2025-08-02T03:01:47.718+0000] {processor.py:161} INFO - Started process (PID=622) to work on /home/airflow/.local/lib/python3.8/site-packages/airflow/example_dags/example_dag_decorator.py
[2025-08-02T03:01:47.722+0000] {processor.py:830} INFO - Processing file /home/airflow/.local/lib/python3.8/site-packages/airflow/example_dags/example_dag_decorator.py for tasks to queue
[2025-08-02T03:01:47.730+0000] {logging_mixin.py:188} INFO - [2025-08-02T03:01:47.729+0000] {dagbag.py:540} INFO - Filling up the DagBag from /home/airflow/.local/lib/python3.8/site-packages/airflow/example_dags/example_dag_decorator.py
[2025-08-02T03:01:47.990+0000] {processor.py:840} INFO - DAG(s) 'example_dag_decorator' retrieved from /home/airflow/.local/lib/python3.8/site-packages/airflow/example_dags/example_dag_decorator.py
[2025-08-02T03:01:48.177+0000] {logging_mixin.py:188} INFO - [2025-08-02T03:01:48.176+0000] {dag.py:3047} INFO - Sync 1 DAGs
[2025-08-02T03:01:48.194+0000] {logging_mixin.py:188} INFO - [2025-08-02T03:01:48.193+0000] {dag.py:3834} INFO - Setting next_dagrun for example_dag_decorator to None, run_after=None
[2025-08-02T03:01:48.248+0000] {processor.py:183} INFO - Processing /home/airflow/.local/lib/python3.8/site-packages/airflow/example_dags/example_dag_decorator.py took 0.561 seconds
[2025-08-02T03:02:19.558+0000] {processor.py:161} INFO - Started process (PID=678) to work on /home/airflow/.local/lib/python3.8/site-packages/airflow/example_dags/example_dag_decorator.py
[2025-08-02T03:02:19.562+0000] {processor.py:830} INFO - Processing file /home/airflow/.local/lib/python3.8/site-packages/airflow/example_dags/example_dag_decorator.py for tasks to queue
[2025-08-02T03:02:19.568+0000] {logging_mixin.py:188} INFO - [2025-08-02T03:02:19.568+0000] {dagbag.py:540} INFO - Filling up the DagBag from /home/airflow/.local/lib/python3.8/site-packages/airflow/example_dags/example_dag_decorator.py
[2025-08-02T03:02:19.919+0000] {processor.py:840} INFO - DAG(s) 'example_dag_decorator' retrieved from /home/airflow/.local/lib/python3.8/site-packages/airflow/example_dags/example_dag_decorator.py
[2025-08-02T03:02:20.138+0000] {logging_mixin.py:188} INFO - [2025-08-02T03:02:20.138+0000] {dag.py:3047} INFO - Sync 1 DAGs
[2025-08-02T03:02:20.149+0000] {logging_mixin.py:188} INFO - [2025-08-02T03:02:20.149+0000] {dag.py:3834} INFO - Setting next_dagrun for example_dag_decorator to None, run_after=None
[2025-08-02T03:02:20.209+0000] {processor.py:183} INFO - Processing /home/airflow/.local/lib/python3.8/site-packages/airflow/example_dags/example_dag_decorator.py took 0.661 seconds
[2025-08-02T03:02:50.307+0000] {processor.py:161} INFO - Started process (PID=736) to work on /home/airflow/.local/lib/python3.8/site-packages/airflow/example_dags/example_dag_decorator.py
[2025-08-02T03:02:50.308+0000] {processor.py:830} INFO - Processing file /home/airflow/.local/lib/python3.8/site-packages/airflow/example_dags/example_dag_decorator.py for tasks to queue
[2025-08-02T03:02:50.310+0000] {logging_mixin.py:188} INFO - [2025-08-02T03:02:50.310+0000] {dagbag.py:540} INFO - Filling up the DagBag from /home/airflow/.local/lib/python3.8/site-packages/airflow/example_dags/example_dag_decorator.py
[2025-08-02T03:02:50.510+0000] {processor.py:840} INFO - DAG(s) 'example_dag_decorator' retrieved from /home/airflow/.local/lib/python3.8/site-packages/airflow/example_dags/example_dag_decorator.py
[2025-08-02T03:02:50.887+0000] {logging_mixin.py:188} INFO - [2025-08-02T03:02:50.884+0000] {dag.py:3047} INFO - Sync 1 DAGs
[2025-08-02T03:02:50.919+0000] {logging_mixin.py:188} INFO - [2025-08-02T03:02:50.918+0000] {dag.py:3834} INFO - Setting next_dagrun for example_dag_decorator to None, run_after=None
[2025-08-02T03:02:50.981+0000] {processor.py:183} INFO - Processing /home/airflow/.local/lib/python3.8/site-packages/airflow/example_dags/example_dag_decorator.py took 0.679 seconds
[2025-08-02T03:03:21.946+0000] {processor.py:161} INFO - Started process (PID=794) to work on /home/airflow/.local/lib/python3.8/site-packages/airflow/example_dags/example_dag_decorator.py
[2025-08-02T03:03:21.949+0000] {processor.py:830} INFO - Processing file /home/airflow/.local/lib/python3.8/site-packages/airflow/example_dags/example_dag_decorator.py for tasks to queue
[2025-08-02T03:03:21.953+0000] {logging_mixin.py:188} INFO - [2025-08-02T03:03:21.952+0000] {dagbag.py:540} INFO - Filling up the DagBag from /home/airflow/.local/lib/python3.8/site-packages/airflow/example_dags/example_dag_decorator.py
[2025-08-02T03:03:22.099+0000] {processor.py:840} INFO - DAG(s) 'example_dag_decorator' retrieved from /home/airflow/.local/lib/python3.8/site-packages/airflow/example_dags/example_dag_decorator.py
[2025-08-02T03:03:22.293+0000] {logging_mixin.py:188} INFO - [2025-08-02T03:03:22.292+0000] {dag.py:3047} INFO - Sync 1 DAGs
[2025-08-02T03:03:22.300+0000] {logging_mixin.py:188} INFO - [2025-08-02T03:03:22.300+0000] {dag.py:3834} INFO - Setting next_dagrun for example_dag_decorator to None, run_after=None
[2025-08-02T03:03:22.323+0000] {processor.py:183} INFO - Processing /home/airflow/.local/lib/python3.8/site-packages/airflow/example_dags/example_dag_decorator.py took 0.385 seconds
[2025-08-02T03:03:52.444+0000] {processor.py:161} INFO - Started process (PID=850) to work on /home/airflow/.local/lib/python3.8/site-packages/airflow/example_dags/example_dag_decorator.py
[2025-08-02T03:03:52.447+0000] {processor.py:830} INFO - Processing file /home/airflow/.local/lib/python3.8/site-packages/airflow/example_dags/example_dag_decorator.py for tasks to queue
[2025-08-02T03:03:52.453+0000] {logging_mixin.py:188} INFO - [2025-08-02T03:03:52.452+0000] {dagbag.py:540} INFO - Filling up the DagBag from /home/airflow/.local/lib/python3.8/site-packages/airflow/example_dags/example_dag_decorator.py
[2025-08-02T03:03:52.637+0000] {processor.py:840} INFO - DAG(s) 'example_dag_decorator' retrieved from /home/airflow/.local/lib/python3.8/site-packages/airflow/example_dags/example_dag_decorator.py
[2025-08-02T03:03:52.783+0000] {logging_mixin.py:188} INFO - [2025-08-02T03:03:52.782+0000] {dag.py:3047} INFO - Sync 1 DAGs
[2025-08-02T03:03:52.793+0000] {logging_mixin.py:188} INFO - [2025-08-02T03:03:52.793+0000] {dag.py:3834} INFO - Setting next_dagrun for example_dag_decorator to None, run_after=None
[2025-08-02T03:03:52.834+0000] {processor.py:183} INFO - Processing /home/airflow/.local/lib/python3.8/site-packages/airflow/example_dags/example_dag_decorator.py took 0.412 seconds
[2025-08-02T03:04:23.550+0000] {processor.py:161} INFO - Started process (PID=906) to work on /home/airflow/.local/lib/python3.8/site-packages/airflow/example_dags/example_dag_decorator.py
[2025-08-02T03:04:23.557+0000] {processor.py:830} INFO - Processing file /home/airflow/.local/lib/python3.8/site-packages/airflow/example_dags/example_dag_decorator.py for tasks to queue
[2025-08-02T03:04:23.566+0000] {logging_mixin.py:188} INFO - [2025-08-02T03:04:23.565+0000] {dagbag.py:540} INFO - Filling up the DagBag from /home/airflow/.local/lib/python3.8/site-packages/airflow/example_dags/example_dag_decorator.py
[2025-08-02T03:04:23.816+0000] {processor.py:840} INFO - DAG(s) 'example_dag_decorator' retrieved from /home/airflow/.local/lib/python3.8/site-packages/airflow/example_dags/example_dag_decorator.py
[2025-08-02T03:04:23.975+0000] {logging_mixin.py:188} INFO - [2025-08-02T03:04:23.975+0000] {dag.py:3047} INFO - Sync 1 DAGs
[2025-08-02T03:04:23.985+0000] {logging_mixin.py:188} INFO - [2025-08-02T03:04:23.985+0000] {dag.py:3834} INFO - Setting next_dagrun for example_dag_decorator to None, run_after=None
[2025-08-02T03:04:24.006+0000] {processor.py:183} INFO - Processing /home/airflow/.local/lib/python3.8/site-packages/airflow/example_dags/example_dag_decorator.py took 0.469 seconds
[2025-08-02T03:04:54.348+0000] {processor.py:161} INFO - Started process (PID=963) to work on /home/airflow/.local/lib/python3.8/site-packages/airflow/example_dags/example_dag_decorator.py
[2025-08-02T03:04:54.354+0000] {processor.py:830} INFO - Processing file /home/airflow/.local/lib/python3.8/site-packages/airflow/example_dags/example_dag_decorator.py for tasks to queue
[2025-08-02T03:04:54.360+0000] {logging_mixin.py:188} INFO - [2025-08-02T03:04:54.359+0000] {dagbag.py:540} INFO - Filling up the DagBag from /home/airflow/.local/lib/python3.8/site-packages/airflow/example_dags/example_dag_decorator.py
[2025-08-02T03:04:54.569+0000] {processor.py:840} INFO - DAG(s) 'example_dag_decorator' retrieved from /home/airflow/.local/lib/python3.8/site-packages/airflow/example_dags/example_dag_decorator.py
[2025-08-02T03:04:54.726+0000] {logging_mixin.py:188} INFO - [2025-08-02T03:04:54.725+0000] {dag.py:3047} INFO - Sync 1 DAGs
[2025-08-02T03:04:54.733+0000] {logging_mixin.py:188} INFO - [2025-08-02T03:04:54.733+0000] {dag.py:3834} INFO - Setting next_dagrun for example_dag_decorator to None, run_after=None
[2025-08-02T03:04:54.756+0000] {processor.py:183} INFO - Processing /home/airflow/.local/lib/python3.8/site-packages/airflow/example_dags/example_dag_decorator.py took 0.430 seconds
[2025-08-02T03:05:25.514+0000] {processor.py:161} INFO - Started process (PID=1019) to work on /home/airflow/.local/lib/python3.8/site-packages/airflow/example_dags/example_dag_decorator.py
[2025-08-02T03:05:25.528+0000] {processor.py:830} INFO - Processing file /home/airflow/.local/lib/python3.8/site-packages/airflow/example_dags/example_dag_decorator.py for tasks to queue
[2025-08-02T03:05:25.536+0000] {logging_mixin.py:188} INFO - [2025-08-02T03:05:25.536+0000] {dagbag.py:540} INFO - Filling up the DagBag from /home/airflow/.local/lib/python3.8/site-packages/airflow/example_dags/example_dag_decorator.py
[2025-08-02T03:05:25.747+0000] {processor.py:840} INFO - DAG(s) 'example_dag_decorator' retrieved from /home/airflow/.local/lib/python3.8/site-packages/airflow/example_dags/example_dag_decorator.py
[2025-08-02T03:05:26.018+0000] {logging_mixin.py:188} INFO - [2025-08-02T03:05:26.015+0000] {dag.py:3047} INFO - Sync 1 DAGs
[2025-08-02T03:05:26.037+0000] {logging_mixin.py:188} INFO - [2025-08-02T03:05:26.037+0000] {dag.py:3834} INFO - Setting next_dagrun for example_dag_decorator to None, run_after=None
[2025-08-02T03:05:26.060+0000] {processor.py:183} INFO - Processing /home/airflow/.local/lib/python3.8/site-packages/airflow/example_dags/example_dag_decorator.py took 0.576 seconds
[2025-08-02T03:05:56.246+0000] {processor.py:161} INFO - Started process (PID=1075) to work on /home/airflow/.local/lib/python3.8/site-packages/airflow/example_dags/example_dag_decorator.py
[2025-08-02T03:05:56.249+0000] {processor.py:830} INFO - Processing file /home/airflow/.local/lib/python3.8/site-packages/airflow/example_dags/example_dag_decorator.py for tasks to queue
[2025-08-02T03:05:56.253+0000] {logging_mixin.py:188} INFO - [2025-08-02T03:05:56.253+0000] {dagbag.py:540} INFO - Filling up the DagBag from /home/airflow/.local/lib/python3.8/site-packages/airflow/example_dags/example_dag_decorator.py
[2025-08-02T03:05:56.396+0000] {processor.py:840} INFO - DAG(s) 'example_dag_decorator' retrieved from /home/airflow/.local/lib/python3.8/site-packages/airflow/example_dags/example_dag_decorator.py
[2025-08-02T03:05:56.529+0000] {logging_mixin.py:188} INFO - [2025-08-02T03:05:56.529+0000] {dag.py:3047} INFO - Sync 1 DAGs
[2025-08-02T03:05:56.536+0000] {logging_mixin.py:188} INFO - [2025-08-02T03:05:56.536+0000] {dag.py:3834} INFO - Setting next_dagrun for example_dag_decorator to None, run_after=None
[2025-08-02T03:05:56.553+0000] {processor.py:183} INFO - Processing /home/airflow/.local/lib/python3.8/site-packages/airflow/example_dags/example_dag_decorator.py took 0.316 seconds
[2025-08-02T03:06:27.117+0000] {processor.py:161} INFO - Started process (PID=1131) to work on /home/airflow/.local/lib/python3.8/site-packages/airflow/example_dags/example_dag_decorator.py
[2025-08-02T03:06:27.154+0000] {processor.py:830} INFO - Processing file /home/airflow/.local/lib/python3.8/site-packages/airflow/example_dags/example_dag_decorator.py for tasks to queue
[2025-08-02T03:06:27.322+0000] {logging_mixin.py:188} INFO - [2025-08-02T03:06:27.293+0000] {dagbag.py:540} INFO - Filling up the DagBag from /home/airflow/.local/lib/python3.8/site-packages/airflow/example_dags/example_dag_decorator.py
[2025-08-02T03:06:28.487+0000] {processor.py:840} INFO - DAG(s) 'example_dag_decorator' retrieved from /home/airflow/.local/lib/python3.8/site-packages/airflow/example_dags/example_dag_decorator.py
[2025-08-02T03:06:34.853+0000] {logging_mixin.py:188} INFO - [2025-08-02T03:06:34.843+0000] {dag.py:3047} INFO - Sync 1 DAGs
[2025-08-02T03:06:34.949+0000] {logging_mixin.py:188} INFO - [2025-08-02T03:06:34.949+0000] {dag.py:3834} INFO - Setting next_dagrun for example_dag_decorator to None, run_after=None
[2025-08-02T03:06:35.095+0000] {processor.py:183} INFO - Processing /home/airflow/.local/lib/python3.8/site-packages/airflow/example_dags/example_dag_decorator.py took 8.023 seconds
[2025-08-02T03:07:05.962+0000] {processor.py:161} INFO - Started process (PID=1187) to work on /home/airflow/.local/lib/python3.8/site-packages/airflow/example_dags/example_dag_decorator.py
[2025-08-02T03:07:05.967+0000] {processor.py:830} INFO - Processing file /home/airflow/.local/lib/python3.8/site-packages/airflow/example_dags/example_dag_decorator.py for tasks to queue
[2025-08-02T03:07:05.978+0000] {logging_mixin.py:188} INFO - [2025-08-02T03:07:05.977+0000] {dagbag.py:540} INFO - Filling up the DagBag from /home/airflow/.local/lib/python3.8/site-packages/airflow/example_dags/example_dag_decorator.py
[2025-08-02T03:07:06.397+0000] {processor.py:840} INFO - DAG(s) 'example_dag_decorator' retrieved from /home/airflow/.local/lib/python3.8/site-packages/airflow/example_dags/example_dag_decorator.py
[2025-08-02T03:07:07.281+0000] {logging_mixin.py:188} INFO - [2025-08-02T03:07:07.277+0000] {dag.py:3047} INFO - Sync 1 DAGs
[2025-08-02T03:07:07.311+0000] {logging_mixin.py:188} INFO - [2025-08-02T03:07:07.310+0000] {dag.py:3834} INFO - Setting next_dagrun for example_dag_decorator to None, run_after=None
[2025-08-02T03:07:07.398+0000] {processor.py:183} INFO - Processing /home/airflow/.local/lib/python3.8/site-packages/airflow/example_dags/example_dag_decorator.py took 1.460 seconds
[2025-08-02T03:07:37.590+0000] {processor.py:161} INFO - Started process (PID=1241) to work on /home/airflow/.local/lib/python3.8/site-packages/airflow/example_dags/example_dag_decorator.py
[2025-08-02T03:07:37.592+0000] {processor.py:830} INFO - Processing file /home/airflow/.local/lib/python3.8/site-packages/airflow/example_dags/example_dag_decorator.py for tasks to queue
[2025-08-02T03:07:37.596+0000] {logging_mixin.py:188} INFO - [2025-08-02T03:07:37.595+0000] {dagbag.py:540} INFO - Filling up the DagBag from /home/airflow/.local/lib/python3.8/site-packages/airflow/example_dags/example_dag_decorator.py
[2025-08-02T03:07:37.719+0000] {processor.py:840} INFO - DAG(s) 'example_dag_decorator' retrieved from /home/airflow/.local/lib/python3.8/site-packages/airflow/example_dags/example_dag_decorator.py
[2025-08-02T03:07:37.834+0000] {logging_mixin.py:188} INFO - [2025-08-02T03:07:37.834+0000] {dag.py:3047} INFO - Sync 1 DAGs
[2025-08-02T03:07:37.864+0000] {logging_mixin.py:188} INFO - [2025-08-02T03:07:37.863+0000] {dag.py:3834} INFO - Setting next_dagrun for example_dag_decorator to None, run_after=None
[2025-08-02T03:07:37.887+0000] {processor.py:183} INFO - Processing /home/airflow/.local/lib/python3.8/site-packages/airflow/example_dags/example_dag_decorator.py took 0.304 seconds
[2025-08-02T03:08:58.914+0000] {processor.py:161} INFO - Started process (PID=66) to work on /home/airflow/.local/lib/python3.8/site-packages/airflow/example_dags/example_dag_decorator.py
[2025-08-02T03:08:58.915+0000] {processor.py:830} INFO - Processing file /home/airflow/.local/lib/python3.8/site-packages/airflow/example_dags/example_dag_decorator.py for tasks to queue
[2025-08-02T03:08:58.918+0000] {logging_mixin.py:188} INFO - [2025-08-02T03:08:58.917+0000] {dagbag.py:540} INFO - Filling up the DagBag from /home/airflow/.local/lib/python3.8/site-packages/airflow/example_dags/example_dag_decorator.py
[2025-08-02T03:08:59.187+0000] {processor.py:840} INFO - DAG(s) 'example_dag_decorator' retrieved from /home/airflow/.local/lib/python3.8/site-packages/airflow/example_dags/example_dag_decorator.py
[2025-08-02T03:08:59.487+0000] {logging_mixin.py:188} INFO - [2025-08-02T03:08:59.485+0000] {dag.py:3047} INFO - Sync 1 DAGs
[2025-08-02T03:08:59.524+0000] {logging_mixin.py:188} INFO - [2025-08-02T03:08:59.524+0000] {dag.py:3834} INFO - Setting next_dagrun for example_dag_decorator to None, run_after=None
[2025-08-02T03:08:59.575+0000] {processor.py:183} INFO - Processing /home/airflow/.local/lib/python3.8/site-packages/airflow/example_dags/example_dag_decorator.py took 0.665 seconds
[2025-08-02T03:09:30.117+0000] {processor.py:161} INFO - Started process (PID=122) to work on /home/airflow/.local/lib/python3.8/site-packages/airflow/example_dags/example_dag_decorator.py
[2025-08-02T03:09:30.120+0000] {processor.py:830} INFO - Processing file /home/airflow/.local/lib/python3.8/site-packages/airflow/example_dags/example_dag_decorator.py for tasks to queue
[2025-08-02T03:09:30.131+0000] {logging_mixin.py:188} INFO - [2025-08-02T03:09:30.130+0000] {dagbag.py:540} INFO - Filling up the DagBag from /home/airflow/.local/lib/python3.8/site-packages/airflow/example_dags/example_dag_decorator.py
[2025-08-02T03:09:30.567+0000] {processor.py:840} INFO - DAG(s) 'example_dag_decorator' retrieved from /home/airflow/.local/lib/python3.8/site-packages/airflow/example_dags/example_dag_decorator.py
[2025-08-02T03:09:30.780+0000] {logging_mixin.py:188} INFO - [2025-08-02T03:09:30.779+0000] {dag.py:3047} INFO - Sync 1 DAGs
[2025-08-02T03:09:30.790+0000] {logging_mixin.py:188} INFO - [2025-08-02T03:09:30.790+0000] {dag.py:3834} INFO - Setting next_dagrun for example_dag_decorator to None, run_after=None
[2025-08-02T03:09:30.829+0000] {processor.py:183} INFO - Processing /home/airflow/.local/lib/python3.8/site-packages/airflow/example_dags/example_dag_decorator.py took 0.723 seconds
[2025-08-02T03:10:02.236+0000] {processor.py:161} INFO - Started process (PID=183) to work on /home/airflow/.local/lib/python3.8/site-packages/airflow/example_dags/example_dag_decorator.py
[2025-08-02T03:10:02.240+0000] {processor.py:830} INFO - Processing file /home/airflow/.local/lib/python3.8/site-packages/airflow/example_dags/example_dag_decorator.py for tasks to queue
[2025-08-02T03:10:02.250+0000] {logging_mixin.py:188} INFO - [2025-08-02T03:10:02.248+0000] {dagbag.py:540} INFO - Filling up the DagBag from /home/airflow/.local/lib/python3.8/site-packages/airflow/example_dags/example_dag_decorator.py
[2025-08-02T03:10:03.422+0000] {processor.py:840} INFO - DAG(s) 'example_dag_decorator' retrieved from /home/airflow/.local/lib/python3.8/site-packages/airflow/example_dags/example_dag_decorator.py
[2025-08-02T03:10:04.222+0000] {logging_mixin.py:188} INFO - [2025-08-02T03:10:04.216+0000] {dag.py:3047} INFO - Sync 1 DAGs
[2025-08-02T03:10:04.261+0000] {logging_mixin.py:188} INFO - [2025-08-02T03:10:04.259+0000] {dag.py:3834} INFO - Setting next_dagrun for example_dag_decorator to None, run_after=None
[2025-08-02T03:10:04.344+0000] {processor.py:183} INFO - Processing /home/airflow/.local/lib/python3.8/site-packages/airflow/example_dags/example_dag_decorator.py took 2.113 seconds
[2025-08-02T03:10:34.723+0000] {processor.py:161} INFO - Started process (PID=239) to work on /home/airflow/.local/lib/python3.8/site-packages/airflow/example_dags/example_dag_decorator.py
[2025-08-02T03:10:34.725+0000] {processor.py:830} INFO - Processing file /home/airflow/.local/lib/python3.8/site-packages/airflow/example_dags/example_dag_decorator.py for tasks to queue
[2025-08-02T03:10:34.732+0000] {logging_mixin.py:188} INFO - [2025-08-02T03:10:34.731+0000] {dagbag.py:540} INFO - Filling up the DagBag from /home/airflow/.local/lib/python3.8/site-packages/airflow/example_dags/example_dag_decorator.py
[2025-08-02T03:10:35.047+0000] {processor.py:840} INFO - DAG(s) 'example_dag_decorator' retrieved from /home/airflow/.local/lib/python3.8/site-packages/airflow/example_dags/example_dag_decorator.py
[2025-08-02T03:10:35.284+0000] {logging_mixin.py:188} INFO - [2025-08-02T03:10:35.282+0000] {dag.py:3047} INFO - Sync 1 DAGs
[2025-08-02T03:10:35.313+0000] {logging_mixin.py:188} INFO - [2025-08-02T03:10:35.313+0000] {dag.py:3834} INFO - Setting next_dagrun for example_dag_decorator to None, run_after=None
[2025-08-02T03:10:35.375+0000] {processor.py:183} INFO - Processing /home/airflow/.local/lib/python3.8/site-packages/airflow/example_dags/example_dag_decorator.py took 0.673 seconds
[2025-08-02T03:11:05.607+0000] {processor.py:161} INFO - Started process (PID=296) to work on /home/airflow/.local/lib/python3.8/site-packages/airflow/example_dags/example_dag_decorator.py
[2025-08-02T03:11:05.608+0000] {processor.py:830} INFO - Processing file /home/airflow/.local/lib/python3.8/site-packages/airflow/example_dags/example_dag_decorator.py for tasks to queue
[2025-08-02T03:11:05.611+0000] {logging_mixin.py:188} INFO - [2025-08-02T03:11:05.611+0000] {dagbag.py:540} INFO - Filling up the DagBag from /home/airflow/.local/lib/python3.8/site-packages/airflow/example_dags/example_dag_decorator.py
[2025-08-02T03:11:05.690+0000] {processor.py:840} INFO - DAG(s) 'example_dag_decorator' retrieved from /home/airflow/.local/lib/python3.8/site-packages/airflow/example_dags/example_dag_decorator.py
[2025-08-02T03:11:05.791+0000] {logging_mixin.py:188} INFO - [2025-08-02T03:11:05.790+0000] {dag.py:3047} INFO - Sync 1 DAGs
[2025-08-02T03:11:05.797+0000] {logging_mixin.py:188} INFO - [2025-08-02T03:11:05.797+0000] {dag.py:3834} INFO - Setting next_dagrun for example_dag_decorator to None, run_after=None
[2025-08-02T03:11:05.811+0000] {processor.py:183} INFO - Processing /home/airflow/.local/lib/python3.8/site-packages/airflow/example_dags/example_dag_decorator.py took 0.207 seconds
[2025-08-02T03:11:36.092+0000] {processor.py:161} INFO - Started process (PID=351) to work on /home/airflow/.local/lib/python3.8/site-packages/airflow/example_dags/example_dag_decorator.py
[2025-08-02T03:11:36.095+0000] {processor.py:830} INFO - Processing file /home/airflow/.local/lib/python3.8/site-packages/airflow/example_dags/example_dag_decorator.py for tasks to queue
[2025-08-02T03:11:36.099+0000] {logging_mixin.py:188} INFO - [2025-08-02T03:11:36.098+0000] {dagbag.py:540} INFO - Filling up the DagBag from /home/airflow/.local/lib/python3.8/site-packages/airflow/example_dags/example_dag_decorator.py
[2025-08-02T03:11:36.227+0000] {processor.py:840} INFO - DAG(s) 'example_dag_decorator' retrieved from /home/airflow/.local/lib/python3.8/site-packages/airflow/example_dags/example_dag_decorator.py
[2025-08-02T03:11:36.446+0000] {logging_mixin.py:188} INFO - [2025-08-02T03:11:36.445+0000] {dag.py:3047} INFO - Sync 1 DAGs
[2025-08-02T03:11:36.455+0000] {logging_mixin.py:188} INFO - [2025-08-02T03:11:36.455+0000] {dag.py:3834} INFO - Setting next_dagrun for example_dag_decorator to None, run_after=None
[2025-08-02T03:11:36.476+0000] {processor.py:183} INFO - Processing /home/airflow/.local/lib/python3.8/site-packages/airflow/example_dags/example_dag_decorator.py took 0.388 seconds
[2025-08-02T03:12:06.573+0000] {processor.py:161} INFO - Started process (PID=409) to work on /home/airflow/.local/lib/python3.8/site-packages/airflow/example_dags/example_dag_decorator.py
[2025-08-02T03:12:06.574+0000] {processor.py:830} INFO - Processing file /home/airflow/.local/lib/python3.8/site-packages/airflow/example_dags/example_dag_decorator.py for tasks to queue
[2025-08-02T03:12:06.575+0000] {logging_mixin.py:188} INFO - [2025-08-02T03:12:06.575+0000] {dagbag.py:540} INFO - Filling up the DagBag from /home/airflow/.local/lib/python3.8/site-packages/airflow/example_dags/example_dag_decorator.py
[2025-08-02T03:12:06.631+0000] {processor.py:840} INFO - DAG(s) 'example_dag_decorator' retrieved from /home/airflow/.local/lib/python3.8/site-packages/airflow/example_dags/example_dag_decorator.py
[2025-08-02T03:12:06.724+0000] {logging_mixin.py:188} INFO - [2025-08-02T03:12:06.724+0000] {dag.py:3047} INFO - Sync 1 DAGs
[2025-08-02T03:12:06.733+0000] {logging_mixin.py:188} INFO - [2025-08-02T03:12:06.733+0000] {dag.py:3834} INFO - Setting next_dagrun for example_dag_decorator to None, run_after=None
[2025-08-02T03:12:06.747+0000] {processor.py:183} INFO - Processing /home/airflow/.local/lib/python3.8/site-packages/airflow/example_dags/example_dag_decorator.py took 0.176 seconds
[2025-08-02T03:12:36.904+0000] {processor.py:161} INFO - Started process (PID=465) to work on /home/airflow/.local/lib/python3.8/site-packages/airflow/example_dags/example_dag_decorator.py
[2025-08-02T03:12:36.906+0000] {processor.py:830} INFO - Processing file /home/airflow/.local/lib/python3.8/site-packages/airflow/example_dags/example_dag_decorator.py for tasks to queue
[2025-08-02T03:12:36.909+0000] {logging_mixin.py:188} INFO - [2025-08-02T03:12:36.908+0000] {dagbag.py:540} INFO - Filling up the DagBag from /home/airflow/.local/lib/python3.8/site-packages/airflow/example_dags/example_dag_decorator.py
[2025-08-02T03:12:37.069+0000] {processor.py:840} INFO - DAG(s) 'example_dag_decorator' retrieved from /home/airflow/.local/lib/python3.8/site-packages/airflow/example_dags/example_dag_decorator.py
[2025-08-02T03:12:37.229+0000] {logging_mixin.py:188} INFO - [2025-08-02T03:12:37.228+0000] {dag.py:3047} INFO - Sync 1 DAGs
[2025-08-02T03:12:37.237+0000] {logging_mixin.py:188} INFO - [2025-08-02T03:12:37.236+0000] {dag.py:3834} INFO - Setting next_dagrun for example_dag_decorator to None, run_after=None
[2025-08-02T03:12:37.254+0000] {processor.py:183} INFO - Processing /home/airflow/.local/lib/python3.8/site-packages/airflow/example_dags/example_dag_decorator.py took 0.355 seconds
[2025-08-02T03:13:08.142+0000] {processor.py:161} INFO - Started process (PID=522) to work on /home/airflow/.local/lib/python3.8/site-packages/airflow/example_dags/example_dag_decorator.py
[2025-08-02T03:13:08.143+0000] {processor.py:830} INFO - Processing file /home/airflow/.local/lib/python3.8/site-packages/airflow/example_dags/example_dag_decorator.py for tasks to queue
[2025-08-02T03:13:08.145+0000] {logging_mixin.py:188} INFO - [2025-08-02T03:13:08.145+0000] {dagbag.py:540} INFO - Filling up the DagBag from /home/airflow/.local/lib/python3.8/site-packages/airflow/example_dags/example_dag_decorator.py
[2025-08-02T03:13:08.272+0000] {processor.py:840} INFO - DAG(s) 'example_dag_decorator' retrieved from /home/airflow/.local/lib/python3.8/site-packages/airflow/example_dags/example_dag_decorator.py
[2025-08-02T03:13:08.459+0000] {logging_mixin.py:188} INFO - [2025-08-02T03:13:08.459+0000] {dag.py:3047} INFO - Sync 1 DAGs
[2025-08-02T03:13:08.467+0000] {logging_mixin.py:188} INFO - [2025-08-02T03:13:08.467+0000] {dag.py:3834} INFO - Setting next_dagrun for example_dag_decorator to None, run_after=None
[2025-08-02T03:13:08.484+0000] {processor.py:183} INFO - Processing /home/airflow/.local/lib/python3.8/site-packages/airflow/example_dags/example_dag_decorator.py took 0.347 seconds
[2025-08-02T03:13:38.632+0000] {processor.py:161} INFO - Started process (PID=580) to work on /home/airflow/.local/lib/python3.8/site-packages/airflow/example_dags/example_dag_decorator.py
[2025-08-02T03:13:38.633+0000] {processor.py:830} INFO - Processing file /home/airflow/.local/lib/python3.8/site-packages/airflow/example_dags/example_dag_decorator.py for tasks to queue
[2025-08-02T03:13:38.634+0000] {logging_mixin.py:188} INFO - [2025-08-02T03:13:38.634+0000] {dagbag.py:540} INFO - Filling up the DagBag from /home/airflow/.local/lib/python3.8/site-packages/airflow/example_dags/example_dag_decorator.py
[2025-08-02T03:13:38.702+0000] {processor.py:840} INFO - DAG(s) 'example_dag_decorator' retrieved from /home/airflow/.local/lib/python3.8/site-packages/airflow/example_dags/example_dag_decorator.py
[2025-08-02T03:13:38.771+0000] {logging_mixin.py:188} INFO - [2025-08-02T03:13:38.771+0000] {dag.py:3047} INFO - Sync 1 DAGs
[2025-08-02T03:13:38.778+0000] {logging_mixin.py:188} INFO - [2025-08-02T03:13:38.778+0000] {dag.py:3834} INFO - Setting next_dagrun for example_dag_decorator to None, run_after=None
[2025-08-02T03:13:38.788+0000] {processor.py:183} INFO - Processing /home/airflow/.local/lib/python3.8/site-packages/airflow/example_dags/example_dag_decorator.py took 0.158 seconds
[2025-08-02T03:14:08.973+0000] {processor.py:161} INFO - Started process (PID=634) to work on /home/airflow/.local/lib/python3.8/site-packages/airflow/example_dags/example_dag_decorator.py
[2025-08-02T03:14:08.984+0000] {processor.py:830} INFO - Processing file /home/airflow/.local/lib/python3.8/site-packages/airflow/example_dags/example_dag_decorator.py for tasks to queue
[2025-08-02T03:14:08.996+0000] {logging_mixin.py:188} INFO - [2025-08-02T03:14:08.995+0000] {dagbag.py:540} INFO - Filling up the DagBag from /home/airflow/.local/lib/python3.8/site-packages/airflow/example_dags/example_dag_decorator.py
[2025-08-02T03:14:09.251+0000] {processor.py:840} INFO - DAG(s) 'example_dag_decorator' retrieved from /home/airflow/.local/lib/python3.8/site-packages/airflow/example_dags/example_dag_decorator.py
[2025-08-02T03:14:10.211+0000] {logging_mixin.py:188} INFO - [2025-08-02T03:14:10.210+0000] {dag.py:3047} INFO - Sync 1 DAGs
[2025-08-02T03:14:10.233+0000] {logging_mixin.py:188} INFO - [2025-08-02T03:14:10.233+0000] {dag.py:3834} INFO - Setting next_dagrun for example_dag_decorator to None, run_after=None
[2025-08-02T03:14:10.274+0000] {processor.py:183} INFO - Processing /home/airflow/.local/lib/python3.8/site-packages/airflow/example_dags/example_dag_decorator.py took 1.304 seconds
[2025-08-02T03:14:41.189+0000] {processor.py:161} INFO - Started process (PID=692) to work on /home/airflow/.local/lib/python3.8/site-packages/airflow/example_dags/example_dag_decorator.py
[2025-08-02T03:14:41.196+0000] {processor.py:830} INFO - Processing file /home/airflow/.local/lib/python3.8/site-packages/airflow/example_dags/example_dag_decorator.py for tasks to queue
[2025-08-02T03:14:41.206+0000] {logging_mixin.py:188} INFO - [2025-08-02T03:14:41.206+0000] {dagbag.py:540} INFO - Filling up the DagBag from /home/airflow/.local/lib/python3.8/site-packages/airflow/example_dags/example_dag_decorator.py
[2025-08-02T03:14:41.666+0000] {processor.py:840} INFO - DAG(s) 'example_dag_decorator' retrieved from /home/airflow/.local/lib/python3.8/site-packages/airflow/example_dags/example_dag_decorator.py
[2025-08-02T03:14:42.001+0000] {logging_mixin.py:188} INFO - [2025-08-02T03:14:42.000+0000] {dag.py:3047} INFO - Sync 1 DAGs
[2025-08-02T03:14:42.010+0000] {logging_mixin.py:188} INFO - [2025-08-02T03:14:42.010+0000] {dag.py:3834} INFO - Setting next_dagrun for example_dag_decorator to None, run_after=None
[2025-08-02T03:14:42.032+0000] {processor.py:183} INFO - Processing /home/airflow/.local/lib/python3.8/site-packages/airflow/example_dags/example_dag_decorator.py took 0.852 seconds
