[2025-08-02T01:42:44.392+0000] {processor.py:161} INFO - Started process (PID=93) to work on /home/airflow/.local/lib/python3.8/site-packages/airflow/example_dags/example_skip_dag.py
[2025-08-02T01:42:44.394+0000] {processor.py:830} INFO - Processing file /home/airflow/.local/lib/python3.8/site-packages/airflow/example_dags/example_skip_dag.py for tasks to queue
[2025-08-02T01:42:44.396+0000] {logging_mixin.py:188} INFO - [2025-08-02T01:42:44.396+0000] {dagbag.py:540} INFO - Filling up the DagBag from /home/airflow/.local/lib/python3.8/site-packages/airflow/example_dags/example_skip_dag.py
[2025-08-02T01:42:44.409+0000] {processor.py:840} INFO - DAG(s) 'example_skip_dag' retrieved from /home/airflow/.local/lib/python3.8/site-packages/airflow/example_dags/example_skip_dag.py
[2025-08-02T01:42:44.561+0000] {logging_mixin.py:188} INFO - [2025-08-02T01:42:44.561+0000] {dag.py:3047} INFO - Sync 1 DAGs
[2025-08-02T01:42:44.584+0000] {logging_mixin.py:188} INFO - [2025-08-02T01:42:44.583+0000] {dag.py:3834} INFO - Setting next_dagrun for example_skip_dag to 2025-08-01 00:00:00+00:00, run_after=2025-08-02 00:00:00+00:00
[2025-08-02T01:42:44.624+0000] {processor.py:183} INFO - Processing /home/airflow/.local/lib/python3.8/site-packages/airflow/example_dags/example_skip_dag.py took 0.236 seconds
[2025-08-02T01:43:15.005+0000] {processor.py:161} INFO - Started process (PID=149) to work on /home/airflow/.local/lib/python3.8/site-packages/airflow/example_dags/example_skip_dag.py
[2025-08-02T01:43:15.010+0000] {processor.py:830} INFO - Processing file /home/airflow/.local/lib/python3.8/site-packages/airflow/example_dags/example_skip_dag.py for tasks to queue
[2025-08-02T01:43:15.012+0000] {logging_mixin.py:188} INFO - [2025-08-02T01:43:15.012+0000] {dagbag.py:540} INFO - Filling up the DagBag from /home/airflow/.local/lib/python3.8/site-packages/airflow/example_dags/example_skip_dag.py
[2025-08-02T01:43:15.025+0000] {processor.py:840} INFO - DAG(s) 'example_skip_dag' retrieved from /home/airflow/.local/lib/python3.8/site-packages/airflow/example_dags/example_skip_dag.py
[2025-08-02T01:43:15.049+0000] {logging_mixin.py:188} INFO - [2025-08-02T01:43:15.049+0000] {dag.py:3047} INFO - Sync 1 DAGs
[2025-08-02T01:43:15.071+0000] {logging_mixin.py:188} INFO - [2025-08-02T01:43:15.071+0000] {dag.py:3834} INFO - Setting next_dagrun for example_skip_dag to 2025-08-01 00:00:00+00:00, run_after=2025-08-02 00:00:00+00:00
[2025-08-02T01:43:15.099+0000] {processor.py:183} INFO - Processing /home/airflow/.local/lib/python3.8/site-packages/airflow/example_dags/example_skip_dag.py took 0.098 seconds
[2025-08-02T01:43:46.140+0000] {processor.py:161} INFO - Started process (PID=205) to work on /home/airflow/.local/lib/python3.8/site-packages/airflow/example_dags/example_skip_dag.py
[2025-08-02T01:43:46.142+0000] {processor.py:830} INFO - Processing file /home/airflow/.local/lib/python3.8/site-packages/airflow/example_dags/example_skip_dag.py for tasks to queue
[2025-08-02T01:43:46.145+0000] {logging_mixin.py:188} INFO - [2025-08-02T01:43:46.145+0000] {dagbag.py:540} INFO - Filling up the DagBag from /home/airflow/.local/lib/python3.8/site-packages/airflow/example_dags/example_skip_dag.py
[2025-08-02T01:43:46.153+0000] {processor.py:840} INFO - DAG(s) 'example_skip_dag' retrieved from /home/airflow/.local/lib/python3.8/site-packages/airflow/example_dags/example_skip_dag.py
[2025-08-02T01:43:46.184+0000] {logging_mixin.py:188} INFO - [2025-08-02T01:43:46.184+0000] {dag.py:3047} INFO - Sync 1 DAGs
[2025-08-02T01:43:46.210+0000] {logging_mixin.py:188} INFO - [2025-08-02T01:43:46.210+0000] {dag.py:3834} INFO - Setting next_dagrun for example_skip_dag to 2025-08-01 00:00:00+00:00, run_after=2025-08-02 00:00:00+00:00
[2025-08-02T01:43:46.225+0000] {processor.py:183} INFO - Processing /home/airflow/.local/lib/python3.8/site-packages/airflow/example_dags/example_skip_dag.py took 0.090 seconds
[2025-08-02T01:44:16.273+0000] {processor.py:161} INFO - Started process (PID=261) to work on /home/airflow/.local/lib/python3.8/site-packages/airflow/example_dags/example_skip_dag.py
[2025-08-02T01:44:16.279+0000] {processor.py:830} INFO - Processing file /home/airflow/.local/lib/python3.8/site-packages/airflow/example_dags/example_skip_dag.py for tasks to queue
[2025-08-02T01:44:16.282+0000] {logging_mixin.py:188} INFO - [2025-08-02T01:44:16.281+0000] {dagbag.py:540} INFO - Filling up the DagBag from /home/airflow/.local/lib/python3.8/site-packages/airflow/example_dags/example_skip_dag.py
[2025-08-02T01:44:16.288+0000] {processor.py:840} INFO - DAG(s) 'example_skip_dag' retrieved from /home/airflow/.local/lib/python3.8/site-packages/airflow/example_dags/example_skip_dag.py
[2025-08-02T01:44:16.304+0000] {logging_mixin.py:188} INFO - [2025-08-02T01:44:16.304+0000] {dag.py:3047} INFO - Sync 1 DAGs
[2025-08-02T01:44:16.315+0000] {logging_mixin.py:188} INFO - [2025-08-02T01:44:16.315+0000] {dag.py:3834} INFO - Setting next_dagrun for example_skip_dag to 2025-08-01 00:00:00+00:00, run_after=2025-08-02 00:00:00+00:00
[2025-08-02T01:44:16.324+0000] {processor.py:183} INFO - Processing /home/airflow/.local/lib/python3.8/site-packages/airflow/example_dags/example_skip_dag.py took 0.054 seconds
[2025-08-02T01:44:47.263+0000] {processor.py:161} INFO - Started process (PID=317) to work on /home/airflow/.local/lib/python3.8/site-packages/airflow/example_dags/example_skip_dag.py
[2025-08-02T01:44:47.266+0000] {processor.py:830} INFO - Processing file /home/airflow/.local/lib/python3.8/site-packages/airflow/example_dags/example_skip_dag.py for tasks to queue
[2025-08-02T01:44:47.275+0000] {logging_mixin.py:188} INFO - [2025-08-02T01:44:47.273+0000] {dagbag.py:540} INFO - Filling up the DagBag from /home/airflow/.local/lib/python3.8/site-packages/airflow/example_dags/example_skip_dag.py
[2025-08-02T01:44:47.311+0000] {processor.py:840} INFO - DAG(s) 'example_skip_dag' retrieved from /home/airflow/.local/lib/python3.8/site-packages/airflow/example_dags/example_skip_dag.py
[2025-08-02T01:44:47.378+0000] {logging_mixin.py:188} INFO - [2025-08-02T01:44:47.378+0000] {dag.py:3047} INFO - Sync 1 DAGs
[2025-08-02T01:44:47.409+0000] {logging_mixin.py:188} INFO - [2025-08-02T01:44:47.408+0000] {dag.py:3834} INFO - Setting next_dagrun for example_skip_dag to 2025-08-01 00:00:00+00:00, run_after=2025-08-02 00:00:00+00:00
[2025-08-02T01:44:47.428+0000] {processor.py:183} INFO - Processing /home/airflow/.local/lib/python3.8/site-packages/airflow/example_dags/example_skip_dag.py took 0.169 seconds
[2025-08-02T01:45:17.573+0000] {processor.py:161} INFO - Started process (PID=373) to work on /home/airflow/.local/lib/python3.8/site-packages/airflow/example_dags/example_skip_dag.py
[2025-08-02T01:45:17.578+0000] {processor.py:830} INFO - Processing file /home/airflow/.local/lib/python3.8/site-packages/airflow/example_dags/example_skip_dag.py for tasks to queue
[2025-08-02T01:45:17.584+0000] {logging_mixin.py:188} INFO - [2025-08-02T01:45:17.584+0000] {dagbag.py:540} INFO - Filling up the DagBag from /home/airflow/.local/lib/python3.8/site-packages/airflow/example_dags/example_skip_dag.py
[2025-08-02T01:45:17.591+0000] {processor.py:840} INFO - DAG(s) 'example_skip_dag' retrieved from /home/airflow/.local/lib/python3.8/site-packages/airflow/example_dags/example_skip_dag.py
[2025-08-02T01:45:17.607+0000] {logging_mixin.py:188} INFO - [2025-08-02T01:45:17.607+0000] {dag.py:3047} INFO - Sync 1 DAGs
[2025-08-02T01:45:17.623+0000] {logging_mixin.py:188} INFO - [2025-08-02T01:45:17.622+0000] {dag.py:3834} INFO - Setting next_dagrun for example_skip_dag to 2025-08-01 00:00:00+00:00, run_after=2025-08-02 00:00:00+00:00
[2025-08-02T01:45:17.633+0000] {processor.py:183} INFO - Processing /home/airflow/.local/lib/python3.8/site-packages/airflow/example_dags/example_skip_dag.py took 0.065 seconds
[2025-08-02T01:45:48.789+0000] {processor.py:161} INFO - Started process (PID=429) to work on /home/airflow/.local/lib/python3.8/site-packages/airflow/example_dags/example_skip_dag.py
[2025-08-02T01:45:48.791+0000] {processor.py:830} INFO - Processing file /home/airflow/.local/lib/python3.8/site-packages/airflow/example_dags/example_skip_dag.py for tasks to queue
[2025-08-02T01:45:48.793+0000] {logging_mixin.py:188} INFO - [2025-08-02T01:45:48.793+0000] {dagbag.py:540} INFO - Filling up the DagBag from /home/airflow/.local/lib/python3.8/site-packages/airflow/example_dags/example_skip_dag.py
[2025-08-02T01:45:48.798+0000] {processor.py:840} INFO - DAG(s) 'example_skip_dag' retrieved from /home/airflow/.local/lib/python3.8/site-packages/airflow/example_dags/example_skip_dag.py
[2025-08-02T01:45:48.823+0000] {logging_mixin.py:188} INFO - [2025-08-02T01:45:48.823+0000] {dag.py:3047} INFO - Sync 1 DAGs
[2025-08-02T01:45:48.858+0000] {logging_mixin.py:188} INFO - [2025-08-02T01:45:48.857+0000] {dag.py:3834} INFO - Setting next_dagrun for example_skip_dag to 2025-08-01 00:00:00+00:00, run_after=2025-08-02 00:00:00+00:00
[2025-08-02T01:45:48.877+0000] {processor.py:183} INFO - Processing /home/airflow/.local/lib/python3.8/site-packages/airflow/example_dags/example_skip_dag.py took 0.091 seconds
[2025-08-02T01:46:19.448+0000] {processor.py:161} INFO - Started process (PID=486) to work on /home/airflow/.local/lib/python3.8/site-packages/airflow/example_dags/example_skip_dag.py
[2025-08-02T01:46:19.450+0000] {processor.py:830} INFO - Processing file /home/airflow/.local/lib/python3.8/site-packages/airflow/example_dags/example_skip_dag.py for tasks to queue
[2025-08-02T01:46:19.453+0000] {logging_mixin.py:188} INFO - [2025-08-02T01:46:19.452+0000] {dagbag.py:540} INFO - Filling up the DagBag from /home/airflow/.local/lib/python3.8/site-packages/airflow/example_dags/example_skip_dag.py
[2025-08-02T01:46:19.461+0000] {processor.py:840} INFO - DAG(s) 'example_skip_dag' retrieved from /home/airflow/.local/lib/python3.8/site-packages/airflow/example_dags/example_skip_dag.py
[2025-08-02T01:46:19.481+0000] {logging_mixin.py:188} INFO - [2025-08-02T01:46:19.481+0000] {dag.py:3047} INFO - Sync 1 DAGs
[2025-08-02T01:46:19.498+0000] {logging_mixin.py:188} INFO - [2025-08-02T01:46:19.497+0000] {dag.py:3834} INFO - Setting next_dagrun for example_skip_dag to 2025-08-01 00:00:00+00:00, run_after=2025-08-02 00:00:00+00:00
[2025-08-02T01:46:19.537+0000] {processor.py:183} INFO - Processing /home/airflow/.local/lib/python3.8/site-packages/airflow/example_dags/example_skip_dag.py took 0.095 seconds
[2025-08-02T01:46:50.207+0000] {processor.py:161} INFO - Started process (PID=543) to work on /home/airflow/.local/lib/python3.8/site-packages/airflow/example_dags/example_skip_dag.py
[2025-08-02T01:46:50.209+0000] {processor.py:830} INFO - Processing file /home/airflow/.local/lib/python3.8/site-packages/airflow/example_dags/example_skip_dag.py for tasks to queue
[2025-08-02T01:46:50.210+0000] {logging_mixin.py:188} INFO - [2025-08-02T01:46:50.210+0000] {dagbag.py:540} INFO - Filling up the DagBag from /home/airflow/.local/lib/python3.8/site-packages/airflow/example_dags/example_skip_dag.py
[2025-08-02T01:46:50.217+0000] {processor.py:840} INFO - DAG(s) 'example_skip_dag' retrieved from /home/airflow/.local/lib/python3.8/site-packages/airflow/example_dags/example_skip_dag.py
[2025-08-02T01:46:50.234+0000] {logging_mixin.py:188} INFO - [2025-08-02T01:46:50.234+0000] {dag.py:3047} INFO - Sync 1 DAGs
[2025-08-02T01:46:50.251+0000] {logging_mixin.py:188} INFO - [2025-08-02T01:46:50.251+0000] {dag.py:3834} INFO - Setting next_dagrun for example_skip_dag to 2025-08-01 00:00:00+00:00, run_after=2025-08-02 00:00:00+00:00
[2025-08-02T01:46:50.268+0000] {processor.py:183} INFO - Processing /home/airflow/.local/lib/python3.8/site-packages/airflow/example_dags/example_skip_dag.py took 0.064 seconds
[2025-08-02T01:47:20.651+0000] {processor.py:161} INFO - Started process (PID=599) to work on /home/airflow/.local/lib/python3.8/site-packages/airflow/example_dags/example_skip_dag.py
[2025-08-02T01:47:20.655+0000] {processor.py:830} INFO - Processing file /home/airflow/.local/lib/python3.8/site-packages/airflow/example_dags/example_skip_dag.py for tasks to queue
[2025-08-02T01:47:20.661+0000] {logging_mixin.py:188} INFO - [2025-08-02T01:47:20.660+0000] {dagbag.py:540} INFO - Filling up the DagBag from /home/airflow/.local/lib/python3.8/site-packages/airflow/example_dags/example_skip_dag.py
[2025-08-02T01:47:20.671+0000] {processor.py:840} INFO - DAG(s) 'example_skip_dag' retrieved from /home/airflow/.local/lib/python3.8/site-packages/airflow/example_dags/example_skip_dag.py
[2025-08-02T01:47:20.689+0000] {logging_mixin.py:188} INFO - [2025-08-02T01:47:20.688+0000] {dag.py:3047} INFO - Sync 1 DAGs
[2025-08-02T01:47:20.703+0000] {logging_mixin.py:188} INFO - [2025-08-02T01:47:20.702+0000] {dag.py:3834} INFO - Setting next_dagrun for example_skip_dag to 2025-08-01 00:00:00+00:00, run_after=2025-08-02 00:00:00+00:00
[2025-08-02T01:47:20.717+0000] {processor.py:183} INFO - Processing /home/airflow/.local/lib/python3.8/site-packages/airflow/example_dags/example_skip_dag.py took 0.069 seconds
[2025-08-02T01:47:51.115+0000] {processor.py:161} INFO - Started process (PID=655) to work on /home/airflow/.local/lib/python3.8/site-packages/airflow/example_dags/example_skip_dag.py
[2025-08-02T01:47:51.117+0000] {processor.py:830} INFO - Processing file /home/airflow/.local/lib/python3.8/site-packages/airflow/example_dags/example_skip_dag.py for tasks to queue
[2025-08-02T01:47:51.118+0000] {logging_mixin.py:188} INFO - [2025-08-02T01:47:51.118+0000] {dagbag.py:540} INFO - Filling up the DagBag from /home/airflow/.local/lib/python3.8/site-packages/airflow/example_dags/example_skip_dag.py
[2025-08-02T01:47:51.125+0000] {processor.py:840} INFO - DAG(s) 'example_skip_dag' retrieved from /home/airflow/.local/lib/python3.8/site-packages/airflow/example_dags/example_skip_dag.py
[2025-08-02T01:47:51.144+0000] {logging_mixin.py:188} INFO - [2025-08-02T01:47:51.144+0000] {dag.py:3047} INFO - Sync 1 DAGs
[2025-08-02T01:47:51.159+0000] {logging_mixin.py:188} INFO - [2025-08-02T01:47:51.158+0000] {dag.py:3834} INFO - Setting next_dagrun for example_skip_dag to 2025-08-01 00:00:00+00:00, run_after=2025-08-02 00:00:00+00:00
[2025-08-02T01:47:51.169+0000] {processor.py:183} INFO - Processing /home/airflow/.local/lib/python3.8/site-packages/airflow/example_dags/example_skip_dag.py took 0.058 seconds
[2025-08-02T01:48:21.233+0000] {processor.py:161} INFO - Started process (PID=711) to work on /home/airflow/.local/lib/python3.8/site-packages/airflow/example_dags/example_skip_dag.py
[2025-08-02T01:48:21.233+0000] {processor.py:830} INFO - Processing file /home/airflow/.local/lib/python3.8/site-packages/airflow/example_dags/example_skip_dag.py for tasks to queue
[2025-08-02T01:48:21.234+0000] {logging_mixin.py:188} INFO - [2025-08-02T01:48:21.234+0000] {dagbag.py:540} INFO - Filling up the DagBag from /home/airflow/.local/lib/python3.8/site-packages/airflow/example_dags/example_skip_dag.py
[2025-08-02T01:48:21.239+0000] {processor.py:840} INFO - DAG(s) 'example_skip_dag' retrieved from /home/airflow/.local/lib/python3.8/site-packages/airflow/example_dags/example_skip_dag.py
[2025-08-02T01:48:21.279+0000] {logging_mixin.py:188} INFO - [2025-08-02T01:48:21.278+0000] {dag.py:3047} INFO - Sync 1 DAGs
[2025-08-02T01:48:21.295+0000] {logging_mixin.py:188} INFO - [2025-08-02T01:48:21.295+0000] {dag.py:3834} INFO - Setting next_dagrun for example_skip_dag to 2025-08-01 00:00:00+00:00, run_after=2025-08-02 00:00:00+00:00
[2025-08-02T01:48:21.305+0000] {processor.py:183} INFO - Processing /home/airflow/.local/lib/python3.8/site-packages/airflow/example_dags/example_skip_dag.py took 0.075 seconds
[2025-08-02T01:48:51.455+0000] {processor.py:161} INFO - Started process (PID=767) to work on /home/airflow/.local/lib/python3.8/site-packages/airflow/example_dags/example_skip_dag.py
[2025-08-02T01:48:51.456+0000] {processor.py:830} INFO - Processing file /home/airflow/.local/lib/python3.8/site-packages/airflow/example_dags/example_skip_dag.py for tasks to queue
[2025-08-02T01:48:51.457+0000] {logging_mixin.py:188} INFO - [2025-08-02T01:48:51.457+0000] {dagbag.py:540} INFO - Filling up the DagBag from /home/airflow/.local/lib/python3.8/site-packages/airflow/example_dags/example_skip_dag.py
[2025-08-02T01:48:51.462+0000] {processor.py:840} INFO - DAG(s) 'example_skip_dag' retrieved from /home/airflow/.local/lib/python3.8/site-packages/airflow/example_dags/example_skip_dag.py
[2025-08-02T01:48:51.477+0000] {logging_mixin.py:188} INFO - [2025-08-02T01:48:51.477+0000] {dag.py:3047} INFO - Sync 1 DAGs
[2025-08-02T01:48:51.496+0000] {logging_mixin.py:188} INFO - [2025-08-02T01:48:51.496+0000] {dag.py:3834} INFO - Setting next_dagrun for example_skip_dag to 2025-08-01 00:00:00+00:00, run_after=2025-08-02 00:00:00+00:00
[2025-08-02T01:48:51.513+0000] {processor.py:183} INFO - Processing /home/airflow/.local/lib/python3.8/site-packages/airflow/example_dags/example_skip_dag.py took 0.061 seconds
[2025-08-02T01:49:22.502+0000] {processor.py:161} INFO - Started process (PID=823) to work on /home/airflow/.local/lib/python3.8/site-packages/airflow/example_dags/example_skip_dag.py
[2025-08-02T01:49:22.503+0000] {processor.py:830} INFO - Processing file /home/airflow/.local/lib/python3.8/site-packages/airflow/example_dags/example_skip_dag.py for tasks to queue
[2025-08-02T01:49:22.505+0000] {logging_mixin.py:188} INFO - [2025-08-02T01:49:22.505+0000] {dagbag.py:540} INFO - Filling up the DagBag from /home/airflow/.local/lib/python3.8/site-packages/airflow/example_dags/example_skip_dag.py
[2025-08-02T01:49:22.510+0000] {processor.py:840} INFO - DAG(s) 'example_skip_dag' retrieved from /home/airflow/.local/lib/python3.8/site-packages/airflow/example_dags/example_skip_dag.py
[2025-08-02T01:49:22.526+0000] {logging_mixin.py:188} INFO - [2025-08-02T01:49:22.525+0000] {dag.py:3047} INFO - Sync 1 DAGs
[2025-08-02T01:49:22.542+0000] {logging_mixin.py:188} INFO - [2025-08-02T01:49:22.542+0000] {dag.py:3834} INFO - Setting next_dagrun for example_skip_dag to 2025-08-01 00:00:00+00:00, run_after=2025-08-02 00:00:00+00:00
[2025-08-02T01:49:22.553+0000] {processor.py:183} INFO - Processing /home/airflow/.local/lib/python3.8/site-packages/airflow/example_dags/example_skip_dag.py took 0.055 seconds
[2025-08-02T01:49:55.097+0000] {processor.py:161} INFO - Started process (PID=879) to work on /home/airflow/.local/lib/python3.8/site-packages/airflow/example_dags/example_skip_dag.py
[2025-08-02T01:49:55.098+0000] {processor.py:830} INFO - Processing file /home/airflow/.local/lib/python3.8/site-packages/airflow/example_dags/example_skip_dag.py for tasks to queue
[2025-08-02T01:49:55.100+0000] {logging_mixin.py:188} INFO - [2025-08-02T01:49:55.099+0000] {dagbag.py:540} INFO - Filling up the DagBag from /home/airflow/.local/lib/python3.8/site-packages/airflow/example_dags/example_skip_dag.py
[2025-08-02T01:49:55.104+0000] {processor.py:840} INFO - DAG(s) 'example_skip_dag' retrieved from /home/airflow/.local/lib/python3.8/site-packages/airflow/example_dags/example_skip_dag.py
[2025-08-02T01:49:55.135+0000] {logging_mixin.py:188} INFO - [2025-08-02T01:49:55.134+0000] {dag.py:3047} INFO - Sync 1 DAGs
[2025-08-02T01:49:55.152+0000] {logging_mixin.py:188} INFO - [2025-08-02T01:49:55.152+0000] {dag.py:3834} INFO - Setting next_dagrun for example_skip_dag to 2025-08-01 00:00:00+00:00, run_after=2025-08-02 00:00:00+00:00
[2025-08-02T01:49:55.164+0000] {processor.py:183} INFO - Processing /home/airflow/.local/lib/python3.8/site-packages/airflow/example_dags/example_skip_dag.py took 0.068 seconds
[2025-08-02T01:50:27.754+0000] {processor.py:161} INFO - Started process (PID=935) to work on /home/airflow/.local/lib/python3.8/site-packages/airflow/example_dags/example_skip_dag.py
[2025-08-02T01:50:27.755+0000] {processor.py:830} INFO - Processing file /home/airflow/.local/lib/python3.8/site-packages/airflow/example_dags/example_skip_dag.py for tasks to queue
[2025-08-02T01:50:27.758+0000] {logging_mixin.py:188} INFO - [2025-08-02T01:50:27.757+0000] {dagbag.py:540} INFO - Filling up the DagBag from /home/airflow/.local/lib/python3.8/site-packages/airflow/example_dags/example_skip_dag.py
[2025-08-02T01:50:27.766+0000] {processor.py:840} INFO - DAG(s) 'example_skip_dag' retrieved from /home/airflow/.local/lib/python3.8/site-packages/airflow/example_dags/example_skip_dag.py
[2025-08-02T01:50:27.802+0000] {logging_mixin.py:188} INFO - [2025-08-02T01:50:27.801+0000] {dag.py:3047} INFO - Sync 1 DAGs
[2025-08-02T01:50:27.843+0000] {logging_mixin.py:188} INFO - [2025-08-02T01:50:27.843+0000] {dag.py:3834} INFO - Setting next_dagrun for example_skip_dag to 2025-08-01 00:00:00+00:00, run_after=2025-08-02 00:00:00+00:00
[2025-08-02T01:50:27.876+0000] {processor.py:183} INFO - Processing /home/airflow/.local/lib/python3.8/site-packages/airflow/example_dags/example_skip_dag.py took 0.126 seconds
[2025-08-02T01:50:58.144+0000] {processor.py:161} INFO - Started process (PID=992) to work on /home/airflow/.local/lib/python3.8/site-packages/airflow/example_dags/example_skip_dag.py
[2025-08-02T01:50:58.146+0000] {processor.py:830} INFO - Processing file /home/airflow/.local/lib/python3.8/site-packages/airflow/example_dags/example_skip_dag.py for tasks to queue
[2025-08-02T01:50:58.148+0000] {logging_mixin.py:188} INFO - [2025-08-02T01:50:58.148+0000] {dagbag.py:540} INFO - Filling up the DagBag from /home/airflow/.local/lib/python3.8/site-packages/airflow/example_dags/example_skip_dag.py
[2025-08-02T01:50:58.161+0000] {processor.py:840} INFO - DAG(s) 'example_skip_dag' retrieved from /home/airflow/.local/lib/python3.8/site-packages/airflow/example_dags/example_skip_dag.py
[2025-08-02T01:50:58.197+0000] {logging_mixin.py:188} INFO - [2025-08-02T01:50:58.197+0000] {dag.py:3047} INFO - Sync 1 DAGs
[2025-08-02T01:50:58.216+0000] {logging_mixin.py:188} INFO - [2025-08-02T01:50:58.216+0000] {dag.py:3834} INFO - Setting next_dagrun for example_skip_dag to 2025-08-01 00:00:00+00:00, run_after=2025-08-02 00:00:00+00:00
[2025-08-02T01:50:58.234+0000] {processor.py:183} INFO - Processing /home/airflow/.local/lib/python3.8/site-packages/airflow/example_dags/example_skip_dag.py took 0.095 seconds
[2025-08-02T01:51:28.425+0000] {processor.py:161} INFO - Started process (PID=1048) to work on /home/airflow/.local/lib/python3.8/site-packages/airflow/example_dags/example_skip_dag.py
[2025-08-02T01:51:28.426+0000] {processor.py:830} INFO - Processing file /home/airflow/.local/lib/python3.8/site-packages/airflow/example_dags/example_skip_dag.py for tasks to queue
[2025-08-02T01:51:28.427+0000] {logging_mixin.py:188} INFO - [2025-08-02T01:51:28.426+0000] {dagbag.py:540} INFO - Filling up the DagBag from /home/airflow/.local/lib/python3.8/site-packages/airflow/example_dags/example_skip_dag.py
[2025-08-02T01:51:28.431+0000] {processor.py:840} INFO - DAG(s) 'example_skip_dag' retrieved from /home/airflow/.local/lib/python3.8/site-packages/airflow/example_dags/example_skip_dag.py
[2025-08-02T01:51:28.447+0000] {logging_mixin.py:188} INFO - [2025-08-02T01:51:28.447+0000] {dag.py:3047} INFO - Sync 1 DAGs
[2025-08-02T01:51:28.460+0000] {logging_mixin.py:188} INFO - [2025-08-02T01:51:28.460+0000] {dag.py:3834} INFO - Setting next_dagrun for example_skip_dag to 2025-08-01 00:00:00+00:00, run_after=2025-08-02 00:00:00+00:00
[2025-08-02T01:51:28.474+0000] {processor.py:183} INFO - Processing /home/airflow/.local/lib/python3.8/site-packages/airflow/example_dags/example_skip_dag.py took 0.052 seconds
[2025-08-02T01:51:59.055+0000] {processor.py:161} INFO - Started process (PID=1104) to work on /home/airflow/.local/lib/python3.8/site-packages/airflow/example_dags/example_skip_dag.py
[2025-08-02T01:51:59.056+0000] {processor.py:830} INFO - Processing file /home/airflow/.local/lib/python3.8/site-packages/airflow/example_dags/example_skip_dag.py for tasks to queue
[2025-08-02T01:51:59.057+0000] {logging_mixin.py:188} INFO - [2025-08-02T01:51:59.057+0000] {dagbag.py:540} INFO - Filling up the DagBag from /home/airflow/.local/lib/python3.8/site-packages/airflow/example_dags/example_skip_dag.py
[2025-08-02T01:51:59.063+0000] {processor.py:840} INFO - DAG(s) 'example_skip_dag' retrieved from /home/airflow/.local/lib/python3.8/site-packages/airflow/example_dags/example_skip_dag.py
[2025-08-02T01:51:59.083+0000] {logging_mixin.py:188} INFO - [2025-08-02T01:51:59.082+0000] {dag.py:3047} INFO - Sync 1 DAGs
[2025-08-02T01:51:59.096+0000] {logging_mixin.py:188} INFO - [2025-08-02T01:51:59.096+0000] {dag.py:3834} INFO - Setting next_dagrun for example_skip_dag to 2025-08-01 00:00:00+00:00, run_after=2025-08-02 00:00:00+00:00
[2025-08-02T01:51:59.104+0000] {processor.py:183} INFO - Processing /home/airflow/.local/lib/python3.8/site-packages/airflow/example_dags/example_skip_dag.py took 0.052 seconds
[2025-08-02T01:52:29.940+0000] {processor.py:161} INFO - Started process (PID=1160) to work on /home/airflow/.local/lib/python3.8/site-packages/airflow/example_dags/example_skip_dag.py
[2025-08-02T01:52:29.941+0000] {processor.py:830} INFO - Processing file /home/airflow/.local/lib/python3.8/site-packages/airflow/example_dags/example_skip_dag.py for tasks to queue
[2025-08-02T01:52:29.942+0000] {logging_mixin.py:188} INFO - [2025-08-02T01:52:29.942+0000] {dagbag.py:540} INFO - Filling up the DagBag from /home/airflow/.local/lib/python3.8/site-packages/airflow/example_dags/example_skip_dag.py
[2025-08-02T01:52:29.947+0000] {processor.py:840} INFO - DAG(s) 'example_skip_dag' retrieved from /home/airflow/.local/lib/python3.8/site-packages/airflow/example_dags/example_skip_dag.py
[2025-08-02T01:52:29.965+0000] {logging_mixin.py:188} INFO - [2025-08-02T01:52:29.965+0000] {dag.py:3047} INFO - Sync 1 DAGs
[2025-08-02T01:52:29.984+0000] {logging_mixin.py:188} INFO - [2025-08-02T01:52:29.984+0000] {dag.py:3834} INFO - Setting next_dagrun for example_skip_dag to 2025-08-01 00:00:00+00:00, run_after=2025-08-02 00:00:00+00:00
[2025-08-02T01:52:29.999+0000] {processor.py:183} INFO - Processing /home/airflow/.local/lib/python3.8/site-packages/airflow/example_dags/example_skip_dag.py took 0.061 seconds
[2025-08-02T01:53:01.802+0000] {processor.py:161} INFO - Started process (PID=1216) to work on /home/airflow/.local/lib/python3.8/site-packages/airflow/example_dags/example_skip_dag.py
[2025-08-02T01:53:01.807+0000] {processor.py:830} INFO - Processing file /home/airflow/.local/lib/python3.8/site-packages/airflow/example_dags/example_skip_dag.py for tasks to queue
[2025-08-02T01:53:01.818+0000] {logging_mixin.py:188} INFO - [2025-08-02T01:53:01.815+0000] {dagbag.py:540} INFO - Filling up the DagBag from /home/airflow/.local/lib/python3.8/site-packages/airflow/example_dags/example_skip_dag.py
[2025-08-02T01:53:01.834+0000] {processor.py:840} INFO - DAG(s) 'example_skip_dag' retrieved from /home/airflow/.local/lib/python3.8/site-packages/airflow/example_dags/example_skip_dag.py
[2025-08-02T01:53:01.902+0000] {logging_mixin.py:188} INFO - [2025-08-02T01:53:01.901+0000] {dag.py:3047} INFO - Sync 1 DAGs
[2025-08-02T01:53:01.919+0000] {logging_mixin.py:188} INFO - [2025-08-02T01:53:01.919+0000] {dag.py:3834} INFO - Setting next_dagrun for example_skip_dag to 2025-08-01 00:00:00+00:00, run_after=2025-08-02 00:00:00+00:00
[2025-08-02T01:53:01.931+0000] {processor.py:183} INFO - Processing /home/airflow/.local/lib/python3.8/site-packages/airflow/example_dags/example_skip_dag.py took 0.133 seconds
[2025-08-02T01:53:32.850+0000] {processor.py:161} INFO - Started process (PID=1272) to work on /home/airflow/.local/lib/python3.8/site-packages/airflow/example_dags/example_skip_dag.py
[2025-08-02T01:53:32.850+0000] {processor.py:830} INFO - Processing file /home/airflow/.local/lib/python3.8/site-packages/airflow/example_dags/example_skip_dag.py for tasks to queue
[2025-08-02T01:53:32.851+0000] {logging_mixin.py:188} INFO - [2025-08-02T01:53:32.851+0000] {dagbag.py:540} INFO - Filling up the DagBag from /home/airflow/.local/lib/python3.8/site-packages/airflow/example_dags/example_skip_dag.py
[2025-08-02T01:53:32.859+0000] {processor.py:840} INFO - DAG(s) 'example_skip_dag' retrieved from /home/airflow/.local/lib/python3.8/site-packages/airflow/example_dags/example_skip_dag.py
[2025-08-02T01:53:32.886+0000] {logging_mixin.py:188} INFO - [2025-08-02T01:53:32.886+0000] {dag.py:3047} INFO - Sync 1 DAGs
[2025-08-02T01:53:32.897+0000] {logging_mixin.py:188} INFO - [2025-08-02T01:53:32.897+0000] {dag.py:3834} INFO - Setting next_dagrun for example_skip_dag to 2025-08-01 00:00:00+00:00, run_after=2025-08-02 00:00:00+00:00
[2025-08-02T01:53:32.908+0000] {processor.py:183} INFO - Processing /home/airflow/.local/lib/python3.8/site-packages/airflow/example_dags/example_skip_dag.py took 0.060 seconds
[2025-08-02T01:54:03.674+0000] {processor.py:161} INFO - Started process (PID=1328) to work on /home/airflow/.local/lib/python3.8/site-packages/airflow/example_dags/example_skip_dag.py
[2025-08-02T01:54:03.677+0000] {processor.py:830} INFO - Processing file /home/airflow/.local/lib/python3.8/site-packages/airflow/example_dags/example_skip_dag.py for tasks to queue
[2025-08-02T01:54:03.678+0000] {logging_mixin.py:188} INFO - [2025-08-02T01:54:03.678+0000] {dagbag.py:540} INFO - Filling up the DagBag from /home/airflow/.local/lib/python3.8/site-packages/airflow/example_dags/example_skip_dag.py
[2025-08-02T01:54:03.684+0000] {processor.py:840} INFO - DAG(s) 'example_skip_dag' retrieved from /home/airflow/.local/lib/python3.8/site-packages/airflow/example_dags/example_skip_dag.py
[2025-08-02T01:54:03.708+0000] {logging_mixin.py:188} INFO - [2025-08-02T01:54:03.708+0000] {dag.py:3047} INFO - Sync 1 DAGs
[2025-08-02T01:54:03.723+0000] {logging_mixin.py:188} INFO - [2025-08-02T01:54:03.723+0000] {dag.py:3834} INFO - Setting next_dagrun for example_skip_dag to 2025-08-01 00:00:00+00:00, run_after=2025-08-02 00:00:00+00:00
[2025-08-02T01:54:03.740+0000] {processor.py:183} INFO - Processing /home/airflow/.local/lib/python3.8/site-packages/airflow/example_dags/example_skip_dag.py took 0.069 seconds
[2025-08-02T01:54:34.800+0000] {processor.py:161} INFO - Started process (PID=1384) to work on /home/airflow/.local/lib/python3.8/site-packages/airflow/example_dags/example_skip_dag.py
[2025-08-02T01:54:34.801+0000] {processor.py:830} INFO - Processing file /home/airflow/.local/lib/python3.8/site-packages/airflow/example_dags/example_skip_dag.py for tasks to queue
[2025-08-02T01:54:34.804+0000] {logging_mixin.py:188} INFO - [2025-08-02T01:54:34.803+0000] {dagbag.py:540} INFO - Filling up the DagBag from /home/airflow/.local/lib/python3.8/site-packages/airflow/example_dags/example_skip_dag.py
[2025-08-02T01:54:34.821+0000] {processor.py:840} INFO - DAG(s) 'example_skip_dag' retrieved from /home/airflow/.local/lib/python3.8/site-packages/airflow/example_dags/example_skip_dag.py
[2025-08-02T01:54:34.862+0000] {logging_mixin.py:188} INFO - [2025-08-02T01:54:34.862+0000] {dag.py:3047} INFO - Sync 1 DAGs
[2025-08-02T01:54:34.895+0000] {logging_mixin.py:188} INFO - [2025-08-02T01:54:34.893+0000] {dag.py:3834} INFO - Setting next_dagrun for example_skip_dag to 2025-08-01 00:00:00+00:00, run_after=2025-08-02 00:00:00+00:00
[2025-08-02T01:54:34.916+0000] {processor.py:183} INFO - Processing /home/airflow/.local/lib/python3.8/site-packages/airflow/example_dags/example_skip_dag.py took 0.119 seconds
[2025-08-02T01:55:05.749+0000] {processor.py:161} INFO - Started process (PID=1440) to work on /home/airflow/.local/lib/python3.8/site-packages/airflow/example_dags/example_skip_dag.py
[2025-08-02T01:55:05.750+0000] {processor.py:830} INFO - Processing file /home/airflow/.local/lib/python3.8/site-packages/airflow/example_dags/example_skip_dag.py for tasks to queue
[2025-08-02T01:55:05.751+0000] {logging_mixin.py:188} INFO - [2025-08-02T01:55:05.751+0000] {dagbag.py:540} INFO - Filling up the DagBag from /home/airflow/.local/lib/python3.8/site-packages/airflow/example_dags/example_skip_dag.py
[2025-08-02T01:55:05.758+0000] {processor.py:840} INFO - DAG(s) 'example_skip_dag' retrieved from /home/airflow/.local/lib/python3.8/site-packages/airflow/example_dags/example_skip_dag.py
[2025-08-02T01:55:05.784+0000] {logging_mixin.py:188} INFO - [2025-08-02T01:55:05.784+0000] {dag.py:3047} INFO - Sync 1 DAGs
[2025-08-02T01:55:05.800+0000] {logging_mixin.py:188} INFO - [2025-08-02T01:55:05.800+0000] {dag.py:3834} INFO - Setting next_dagrun for example_skip_dag to 2025-08-01 00:00:00+00:00, run_after=2025-08-02 00:00:00+00:00
[2025-08-02T01:55:05.818+0000] {processor.py:183} INFO - Processing /home/airflow/.local/lib/python3.8/site-packages/airflow/example_dags/example_skip_dag.py took 0.072 seconds
[2025-08-02T01:55:35.901+0000] {processor.py:161} INFO - Started process (PID=1495) to work on /home/airflow/.local/lib/python3.8/site-packages/airflow/example_dags/example_skip_dag.py
[2025-08-02T01:55:35.902+0000] {processor.py:830} INFO - Processing file /home/airflow/.local/lib/python3.8/site-packages/airflow/example_dags/example_skip_dag.py for tasks to queue
[2025-08-02T01:55:35.904+0000] {logging_mixin.py:188} INFO - [2025-08-02T01:55:35.903+0000] {dagbag.py:540} INFO - Filling up the DagBag from /home/airflow/.local/lib/python3.8/site-packages/airflow/example_dags/example_skip_dag.py
[2025-08-02T01:55:35.909+0000] {processor.py:840} INFO - DAG(s) 'example_skip_dag' retrieved from /home/airflow/.local/lib/python3.8/site-packages/airflow/example_dags/example_skip_dag.py
[2025-08-02T01:55:35.930+0000] {logging_mixin.py:188} INFO - [2025-08-02T01:55:35.930+0000] {dag.py:3047} INFO - Sync 1 DAGs
[2025-08-02T01:55:35.955+0000] {logging_mixin.py:188} INFO - [2025-08-02T01:55:35.954+0000] {dag.py:3834} INFO - Setting next_dagrun for example_skip_dag to 2025-08-01 00:00:00+00:00, run_after=2025-08-02 00:00:00+00:00
[2025-08-02T01:55:35.978+0000] {processor.py:183} INFO - Processing /home/airflow/.local/lib/python3.8/site-packages/airflow/example_dags/example_skip_dag.py took 0.079 seconds
[2025-08-02T01:56:07.357+0000] {processor.py:161} INFO - Started process (PID=1551) to work on /home/airflow/.local/lib/python3.8/site-packages/airflow/example_dags/example_skip_dag.py
[2025-08-02T01:56:07.359+0000] {processor.py:830} INFO - Processing file /home/airflow/.local/lib/python3.8/site-packages/airflow/example_dags/example_skip_dag.py for tasks to queue
[2025-08-02T01:56:07.361+0000] {logging_mixin.py:188} INFO - [2025-08-02T01:56:07.361+0000] {dagbag.py:540} INFO - Filling up the DagBag from /home/airflow/.local/lib/python3.8/site-packages/airflow/example_dags/example_skip_dag.py
[2025-08-02T01:56:07.370+0000] {processor.py:840} INFO - DAG(s) 'example_skip_dag' retrieved from /home/airflow/.local/lib/python3.8/site-packages/airflow/example_dags/example_skip_dag.py
[2025-08-02T01:56:07.468+0000] {logging_mixin.py:188} INFO - [2025-08-02T01:56:07.467+0000] {dag.py:3047} INFO - Sync 1 DAGs
[2025-08-02T01:56:07.512+0000] {logging_mixin.py:188} INFO - [2025-08-02T01:56:07.511+0000] {dag.py:3834} INFO - Setting next_dagrun for example_skip_dag to 2025-08-01 00:00:00+00:00, run_after=2025-08-02 00:00:00+00:00
[2025-08-02T01:56:07.551+0000] {processor.py:183} INFO - Processing /home/airflow/.local/lib/python3.8/site-packages/airflow/example_dags/example_skip_dag.py took 0.199 seconds
[2025-08-02T01:56:38.236+0000] {processor.py:161} INFO - Started process (PID=1606) to work on /home/airflow/.local/lib/python3.8/site-packages/airflow/example_dags/example_skip_dag.py
[2025-08-02T01:56:38.237+0000] {processor.py:830} INFO - Processing file /home/airflow/.local/lib/python3.8/site-packages/airflow/example_dags/example_skip_dag.py for tasks to queue
[2025-08-02T01:56:38.239+0000] {logging_mixin.py:188} INFO - [2025-08-02T01:56:38.239+0000] {dagbag.py:540} INFO - Filling up the DagBag from /home/airflow/.local/lib/python3.8/site-packages/airflow/example_dags/example_skip_dag.py
[2025-08-02T01:56:38.243+0000] {processor.py:840} INFO - DAG(s) 'example_skip_dag' retrieved from /home/airflow/.local/lib/python3.8/site-packages/airflow/example_dags/example_skip_dag.py
[2025-08-02T01:56:38.256+0000] {logging_mixin.py:188} INFO - [2025-08-02T01:56:38.256+0000] {dag.py:3047} INFO - Sync 1 DAGs
[2025-08-02T01:56:38.267+0000] {logging_mixin.py:188} INFO - [2025-08-02T01:56:38.267+0000] {dag.py:3834} INFO - Setting next_dagrun for example_skip_dag to 2025-08-01 00:00:00+00:00, run_after=2025-08-02 00:00:00+00:00
[2025-08-02T01:56:38.275+0000] {processor.py:183} INFO - Processing /home/airflow/.local/lib/python3.8/site-packages/airflow/example_dags/example_skip_dag.py took 0.041 seconds
[2025-08-02T01:57:14.001+0000] {processor.py:161} INFO - Started process (PID=1666) to work on /home/airflow/.local/lib/python3.8/site-packages/airflow/example_dags/example_skip_dag.py
[2025-08-02T01:57:14.004+0000] {processor.py:830} INFO - Processing file /home/airflow/.local/lib/python3.8/site-packages/airflow/example_dags/example_skip_dag.py for tasks to queue
[2025-08-02T01:57:14.009+0000] {logging_mixin.py:188} INFO - [2025-08-02T01:57:14.008+0000] {dagbag.py:540} INFO - Filling up the DagBag from /home/airflow/.local/lib/python3.8/site-packages/airflow/example_dags/example_skip_dag.py
[2025-08-02T01:57:14.025+0000] {processor.py:840} INFO - DAG(s) 'example_skip_dag' retrieved from /home/airflow/.local/lib/python3.8/site-packages/airflow/example_dags/example_skip_dag.py
[2025-08-02T01:57:14.120+0000] {logging_mixin.py:188} INFO - [2025-08-02T01:57:14.120+0000] {dag.py:3047} INFO - Sync 1 DAGs
[2025-08-02T01:57:14.161+0000] {logging_mixin.py:188} INFO - [2025-08-02T01:57:14.161+0000] {dag.py:3834} INFO - Setting next_dagrun for example_skip_dag to 2025-08-01 00:00:00+00:00, run_after=2025-08-02 00:00:00+00:00
[2025-08-02T01:57:14.211+0000] {processor.py:183} INFO - Processing /home/airflow/.local/lib/python3.8/site-packages/airflow/example_dags/example_skip_dag.py took 0.215 seconds
[2025-08-02T01:57:47.891+0000] {processor.py:161} INFO - Started process (PID=1722) to work on /home/airflow/.local/lib/python3.8/site-packages/airflow/example_dags/example_skip_dag.py
[2025-08-02T01:57:47.892+0000] {processor.py:830} INFO - Processing file /home/airflow/.local/lib/python3.8/site-packages/airflow/example_dags/example_skip_dag.py for tasks to queue
[2025-08-02T01:57:47.894+0000] {logging_mixin.py:188} INFO - [2025-08-02T01:57:47.894+0000] {dagbag.py:540} INFO - Filling up the DagBag from /home/airflow/.local/lib/python3.8/site-packages/airflow/example_dags/example_skip_dag.py
[2025-08-02T01:57:47.901+0000] {processor.py:840} INFO - DAG(s) 'example_skip_dag' retrieved from /home/airflow/.local/lib/python3.8/site-packages/airflow/example_dags/example_skip_dag.py
[2025-08-02T01:57:47.942+0000] {logging_mixin.py:188} INFO - [2025-08-02T01:57:47.941+0000] {dag.py:3047} INFO - Sync 1 DAGs
[2025-08-02T01:57:47.973+0000] {logging_mixin.py:188} INFO - [2025-08-02T01:57:47.973+0000] {dag.py:3834} INFO - Setting next_dagrun for example_skip_dag to 2025-08-01 00:00:00+00:00, run_after=2025-08-02 00:00:00+00:00
[2025-08-02T01:57:48.002+0000] {processor.py:183} INFO - Processing /home/airflow/.local/lib/python3.8/site-packages/airflow/example_dags/example_skip_dag.py took 0.113 seconds
[2025-08-02T01:58:20.392+0000] {processor.py:161} INFO - Started process (PID=1777) to work on /home/airflow/.local/lib/python3.8/site-packages/airflow/example_dags/example_skip_dag.py
[2025-08-02T01:58:20.396+0000] {processor.py:830} INFO - Processing file /home/airflow/.local/lib/python3.8/site-packages/airflow/example_dags/example_skip_dag.py for tasks to queue
[2025-08-02T01:58:20.397+0000] {logging_mixin.py:188} INFO - [2025-08-02T01:58:20.397+0000] {dagbag.py:540} INFO - Filling up the DagBag from /home/airflow/.local/lib/python3.8/site-packages/airflow/example_dags/example_skip_dag.py
[2025-08-02T01:58:20.424+0000] {processor.py:840} INFO - DAG(s) 'example_skip_dag' retrieved from /home/airflow/.local/lib/python3.8/site-packages/airflow/example_dags/example_skip_dag.py
[2025-08-02T01:58:20.503+0000] {logging_mixin.py:188} INFO - [2025-08-02T01:58:20.503+0000] {dag.py:3047} INFO - Sync 1 DAGs
[2025-08-02T01:58:20.529+0000] {logging_mixin.py:188} INFO - [2025-08-02T01:58:20.529+0000] {dag.py:3834} INFO - Setting next_dagrun for example_skip_dag to 2025-08-01 00:00:00+00:00, run_after=2025-08-02 00:00:00+00:00
[2025-08-02T01:58:20.575+0000] {processor.py:183} INFO - Processing /home/airflow/.local/lib/python3.8/site-packages/airflow/example_dags/example_skip_dag.py took 0.186 seconds
[2025-08-02T01:58:51.233+0000] {processor.py:161} INFO - Started process (PID=1833) to work on /home/airflow/.local/lib/python3.8/site-packages/airflow/example_dags/example_skip_dag.py
[2025-08-02T01:58:51.234+0000] {processor.py:830} INFO - Processing file /home/airflow/.local/lib/python3.8/site-packages/airflow/example_dags/example_skip_dag.py for tasks to queue
[2025-08-02T01:58:51.235+0000] {logging_mixin.py:188} INFO - [2025-08-02T01:58:51.234+0000] {dagbag.py:540} INFO - Filling up the DagBag from /home/airflow/.local/lib/python3.8/site-packages/airflow/example_dags/example_skip_dag.py
[2025-08-02T01:58:51.239+0000] {processor.py:840} INFO - DAG(s) 'example_skip_dag' retrieved from /home/airflow/.local/lib/python3.8/site-packages/airflow/example_dags/example_skip_dag.py
[2025-08-02T01:58:51.252+0000] {logging_mixin.py:188} INFO - [2025-08-02T01:58:51.252+0000] {dag.py:3047} INFO - Sync 1 DAGs
[2025-08-02T01:58:51.263+0000] {logging_mixin.py:188} INFO - [2025-08-02T01:58:51.263+0000] {dag.py:3834} INFO - Setting next_dagrun for example_skip_dag to 2025-08-01 00:00:00+00:00, run_after=2025-08-02 00:00:00+00:00
[2025-08-02T01:58:51.271+0000] {processor.py:183} INFO - Processing /home/airflow/.local/lib/python3.8/site-packages/airflow/example_dags/example_skip_dag.py took 0.040 seconds
[2025-08-02T01:59:21.476+0000] {processor.py:161} INFO - Started process (PID=1889) to work on /home/airflow/.local/lib/python3.8/site-packages/airflow/example_dags/example_skip_dag.py
[2025-08-02T01:59:21.477+0000] {processor.py:830} INFO - Processing file /home/airflow/.local/lib/python3.8/site-packages/airflow/example_dags/example_skip_dag.py for tasks to queue
[2025-08-02T01:59:21.478+0000] {logging_mixin.py:188} INFO - [2025-08-02T01:59:21.478+0000] {dagbag.py:540} INFO - Filling up the DagBag from /home/airflow/.local/lib/python3.8/site-packages/airflow/example_dags/example_skip_dag.py
[2025-08-02T01:59:21.482+0000] {processor.py:840} INFO - DAG(s) 'example_skip_dag' retrieved from /home/airflow/.local/lib/python3.8/site-packages/airflow/example_dags/example_skip_dag.py
[2025-08-02T01:59:21.494+0000] {logging_mixin.py:188} INFO - [2025-08-02T01:59:21.494+0000] {dag.py:3047} INFO - Sync 1 DAGs
[2025-08-02T01:59:21.505+0000] {logging_mixin.py:188} INFO - [2025-08-02T01:59:21.505+0000] {dag.py:3834} INFO - Setting next_dagrun for example_skip_dag to 2025-08-01 00:00:00+00:00, run_after=2025-08-02 00:00:00+00:00
[2025-08-02T01:59:21.513+0000] {processor.py:183} INFO - Processing /home/airflow/.local/lib/python3.8/site-packages/airflow/example_dags/example_skip_dag.py took 0.041 seconds
[2025-08-02T01:59:52.343+0000] {processor.py:161} INFO - Started process (PID=1945) to work on /home/airflow/.local/lib/python3.8/site-packages/airflow/example_dags/example_skip_dag.py
[2025-08-02T01:59:52.349+0000] {processor.py:830} INFO - Processing file /home/airflow/.local/lib/python3.8/site-packages/airflow/example_dags/example_skip_dag.py for tasks to queue
[2025-08-02T01:59:52.350+0000] {logging_mixin.py:188} INFO - [2025-08-02T01:59:52.350+0000] {dagbag.py:540} INFO - Filling up the DagBag from /home/airflow/.local/lib/python3.8/site-packages/airflow/example_dags/example_skip_dag.py
[2025-08-02T01:59:52.357+0000] {processor.py:840} INFO - DAG(s) 'example_skip_dag' retrieved from /home/airflow/.local/lib/python3.8/site-packages/airflow/example_dags/example_skip_dag.py
[2025-08-02T01:59:52.384+0000] {logging_mixin.py:188} INFO - [2025-08-02T01:59:52.383+0000] {dag.py:3047} INFO - Sync 1 DAGs
[2025-08-02T01:59:52.403+0000] {logging_mixin.py:188} INFO - [2025-08-02T01:59:52.403+0000] {dag.py:3834} INFO - Setting next_dagrun for example_skip_dag to 2025-08-01 00:00:00+00:00, run_after=2025-08-02 00:00:00+00:00
[2025-08-02T01:59:52.429+0000] {processor.py:183} INFO - Processing /home/airflow/.local/lib/python3.8/site-packages/airflow/example_dags/example_skip_dag.py took 0.091 seconds
[2025-08-02T02:00:23.379+0000] {processor.py:161} INFO - Started process (PID=2001) to work on /home/airflow/.local/lib/python3.8/site-packages/airflow/example_dags/example_skip_dag.py
[2025-08-02T02:00:23.380+0000] {processor.py:830} INFO - Processing file /home/airflow/.local/lib/python3.8/site-packages/airflow/example_dags/example_skip_dag.py for tasks to queue
[2025-08-02T02:00:23.382+0000] {logging_mixin.py:188} INFO - [2025-08-02T02:00:23.382+0000] {dagbag.py:540} INFO - Filling up the DagBag from /home/airflow/.local/lib/python3.8/site-packages/airflow/example_dags/example_skip_dag.py
[2025-08-02T02:00:23.389+0000] {processor.py:840} INFO - DAG(s) 'example_skip_dag' retrieved from /home/airflow/.local/lib/python3.8/site-packages/airflow/example_dags/example_skip_dag.py
[2025-08-02T02:00:23.402+0000] {logging_mixin.py:188} INFO - [2025-08-02T02:00:23.402+0000] {dag.py:3047} INFO - Sync 1 DAGs
[2025-08-02T02:00:23.414+0000] {logging_mixin.py:188} INFO - [2025-08-02T02:00:23.414+0000] {dag.py:3834} INFO - Setting next_dagrun for example_skip_dag to 2025-08-01 00:00:00+00:00, run_after=2025-08-02 00:00:00+00:00
[2025-08-02T02:00:23.430+0000] {processor.py:183} INFO - Processing /home/airflow/.local/lib/python3.8/site-packages/airflow/example_dags/example_skip_dag.py took 0.055 seconds
[2025-08-02T02:01:08.595+0000] {processor.py:161} INFO - Started process (PID=2057) to work on /home/airflow/.local/lib/python3.8/site-packages/airflow/example_dags/example_skip_dag.py
[2025-08-02T02:01:08.599+0000] {processor.py:830} INFO - Processing file /home/airflow/.local/lib/python3.8/site-packages/airflow/example_dags/example_skip_dag.py for tasks to queue
[2025-08-02T02:01:08.611+0000] {logging_mixin.py:188} INFO - [2025-08-02T02:01:08.610+0000] {dagbag.py:540} INFO - Filling up the DagBag from /home/airflow/.local/lib/python3.8/site-packages/airflow/example_dags/example_skip_dag.py
[2025-08-02T02:01:08.634+0000] {processor.py:840} INFO - DAG(s) 'example_skip_dag' retrieved from /home/airflow/.local/lib/python3.8/site-packages/airflow/example_dags/example_skip_dag.py
[2025-08-02T02:01:08.707+0000] {logging_mixin.py:188} INFO - [2025-08-02T02:01:08.707+0000] {dag.py:3047} INFO - Sync 1 DAGs
[2025-08-02T02:01:08.813+0000] {logging_mixin.py:188} INFO - [2025-08-02T02:01:08.806+0000] {dag.py:3834} INFO - Setting next_dagrun for example_skip_dag to 2025-08-01 00:00:00+00:00, run_after=2025-08-02 00:00:00+00:00
[2025-08-02T02:01:08.864+0000] {processor.py:183} INFO - Processing /home/airflow/.local/lib/python3.8/site-packages/airflow/example_dags/example_skip_dag.py took 0.277 seconds
[2025-08-02T02:01:39.947+0000] {processor.py:161} INFO - Started process (PID=2113) to work on /home/airflow/.local/lib/python3.8/site-packages/airflow/example_dags/example_skip_dag.py
[2025-08-02T02:01:39.951+0000] {processor.py:830} INFO - Processing file /home/airflow/.local/lib/python3.8/site-packages/airflow/example_dags/example_skip_dag.py for tasks to queue
[2025-08-02T02:01:39.959+0000] {logging_mixin.py:188} INFO - [2025-08-02T02:01:39.958+0000] {dagbag.py:540} INFO - Filling up the DagBag from /home/airflow/.local/lib/python3.8/site-packages/airflow/example_dags/example_skip_dag.py
[2025-08-02T02:01:39.976+0000] {processor.py:840} INFO - DAG(s) 'example_skip_dag' retrieved from /home/airflow/.local/lib/python3.8/site-packages/airflow/example_dags/example_skip_dag.py
[2025-08-02T02:01:40.054+0000] {logging_mixin.py:188} INFO - [2025-08-02T02:01:40.049+0000] {dag.py:3047} INFO - Sync 1 DAGs
[2025-08-02T02:01:40.128+0000] {logging_mixin.py:188} INFO - [2025-08-02T02:01:40.127+0000] {dag.py:3834} INFO - Setting next_dagrun for example_skip_dag to 2025-08-01 00:00:00+00:00, run_after=2025-08-02 00:00:00+00:00
[2025-08-02T02:01:40.207+0000] {processor.py:183} INFO - Processing /home/airflow/.local/lib/python3.8/site-packages/airflow/example_dags/example_skip_dag.py took 0.266 seconds
[2025-08-02T02:02:38.620+0000] {processor.py:161} INFO - Started process (PID=2161) to work on /home/airflow/.local/lib/python3.8/site-packages/airflow/example_dags/example_skip_dag.py
[2025-08-02T02:02:38.633+0000] {processor.py:830} INFO - Processing file /home/airflow/.local/lib/python3.8/site-packages/airflow/example_dags/example_skip_dag.py for tasks to queue
[2025-08-02T02:02:38.640+0000] {logging_mixin.py:188} INFO - [2025-08-02T02:02:38.638+0000] {dagbag.py:540} INFO - Filling up the DagBag from /home/airflow/.local/lib/python3.8/site-packages/airflow/example_dags/example_skip_dag.py
[2025-08-02T02:02:38.670+0000] {processor.py:840} INFO - DAG(s) 'example_skip_dag' retrieved from /home/airflow/.local/lib/python3.8/site-packages/airflow/example_dags/example_skip_dag.py
[2025-08-02T02:02:38.785+0000] {logging_mixin.py:188} INFO - [2025-08-02T02:02:38.784+0000] {dag.py:3047} INFO - Sync 1 DAGs
[2025-08-02T02:02:38.874+0000] {logging_mixin.py:188} INFO - [2025-08-02T02:02:38.874+0000] {dag.py:3834} INFO - Setting next_dagrun for example_skip_dag to 2025-08-01 00:00:00+00:00, run_after=2025-08-02 00:00:00+00:00
[2025-08-02T02:02:38.934+0000] {processor.py:183} INFO - Processing /home/airflow/.local/lib/python3.8/site-packages/airflow/example_dags/example_skip_dag.py took 0.334 seconds
[2025-08-02T02:03:16.291+0000] {processor.py:161} INFO - Started process (PID=2217) to work on /home/airflow/.local/lib/python3.8/site-packages/airflow/example_dags/example_skip_dag.py
[2025-08-02T02:03:16.298+0000] {processor.py:830} INFO - Processing file /home/airflow/.local/lib/python3.8/site-packages/airflow/example_dags/example_skip_dag.py for tasks to queue
[2025-08-02T02:03:16.311+0000] {logging_mixin.py:188} INFO - [2025-08-02T02:03:16.308+0000] {dagbag.py:540} INFO - Filling up the DagBag from /home/airflow/.local/lib/python3.8/site-packages/airflow/example_dags/example_skip_dag.py
[2025-08-02T02:03:16.330+0000] {processor.py:840} INFO - DAG(s) 'example_skip_dag' retrieved from /home/airflow/.local/lib/python3.8/site-packages/airflow/example_dags/example_skip_dag.py
[2025-08-02T02:03:16.436+0000] {logging_mixin.py:188} INFO - [2025-08-02T02:03:16.436+0000] {dag.py:3047} INFO - Sync 1 DAGs
[2025-08-02T02:03:16.510+0000] {logging_mixin.py:188} INFO - [2025-08-02T02:03:16.510+0000] {dag.py:3834} INFO - Setting next_dagrun for example_skip_dag to 2025-08-01 00:00:00+00:00, run_after=2025-08-02 00:00:00+00:00
[2025-08-02T02:03:16.592+0000] {processor.py:183} INFO - Processing /home/airflow/.local/lib/python3.8/site-packages/airflow/example_dags/example_skip_dag.py took 0.307 seconds
[2025-08-02T02:03:46.713+0000] {processor.py:161} INFO - Started process (PID=2273) to work on /home/airflow/.local/lib/python3.8/site-packages/airflow/example_dags/example_skip_dag.py
[2025-08-02T02:03:46.717+0000] {processor.py:830} INFO - Processing file /home/airflow/.local/lib/python3.8/site-packages/airflow/example_dags/example_skip_dag.py for tasks to queue
[2025-08-02T02:03:46.721+0000] {logging_mixin.py:188} INFO - [2025-08-02T02:03:46.720+0000] {dagbag.py:540} INFO - Filling up the DagBag from /home/airflow/.local/lib/python3.8/site-packages/airflow/example_dags/example_skip_dag.py
[2025-08-02T02:03:46.732+0000] {processor.py:840} INFO - DAG(s) 'example_skip_dag' retrieved from /home/airflow/.local/lib/python3.8/site-packages/airflow/example_dags/example_skip_dag.py
[2025-08-02T02:03:46.806+0000] {logging_mixin.py:188} INFO - [2025-08-02T02:03:46.802+0000] {dag.py:3047} INFO - Sync 1 DAGs
[2025-08-02T02:03:46.839+0000] {logging_mixin.py:188} INFO - [2025-08-02T02:03:46.838+0000] {dag.py:3834} INFO - Setting next_dagrun for example_skip_dag to 2025-08-01 00:00:00+00:00, run_after=2025-08-02 00:00:00+00:00
[2025-08-02T02:03:46.877+0000] {processor.py:183} INFO - Processing /home/airflow/.local/lib/python3.8/site-packages/airflow/example_dags/example_skip_dag.py took 0.179 seconds
[2025-08-02T02:04:24.020+0000] {processor.py:161} INFO - Started process (PID=2329) to work on /home/airflow/.local/lib/python3.8/site-packages/airflow/example_dags/example_skip_dag.py
[2025-08-02T02:04:24.021+0000] {processor.py:830} INFO - Processing file /home/airflow/.local/lib/python3.8/site-packages/airflow/example_dags/example_skip_dag.py for tasks to queue
[2025-08-02T02:04:24.022+0000] {logging_mixin.py:188} INFO - [2025-08-02T02:04:24.022+0000] {dagbag.py:540} INFO - Filling up the DagBag from /home/airflow/.local/lib/python3.8/site-packages/airflow/example_dags/example_skip_dag.py
[2025-08-02T02:04:24.028+0000] {processor.py:840} INFO - DAG(s) 'example_skip_dag' retrieved from /home/airflow/.local/lib/python3.8/site-packages/airflow/example_dags/example_skip_dag.py
[2025-08-02T02:04:24.079+0000] {logging_mixin.py:188} INFO - [2025-08-02T02:04:24.078+0000] {dag.py:3047} INFO - Sync 1 DAGs
[2025-08-02T02:04:24.103+0000] {logging_mixin.py:188} INFO - [2025-08-02T02:04:24.103+0000] {dag.py:3834} INFO - Setting next_dagrun for example_skip_dag to 2025-08-01 00:00:00+00:00, run_after=2025-08-02 00:00:00+00:00
[2025-08-02T02:04:24.135+0000] {processor.py:183} INFO - Processing /home/airflow/.local/lib/python3.8/site-packages/airflow/example_dags/example_skip_dag.py took 0.118 seconds
[2025-08-02T02:04:59.122+0000] {processor.py:161} INFO - Started process (PID=2391) to work on /home/airflow/.local/lib/python3.8/site-packages/airflow/example_dags/example_skip_dag.py
[2025-08-02T02:04:59.135+0000] {processor.py:830} INFO - Processing file /home/airflow/.local/lib/python3.8/site-packages/airflow/example_dags/example_skip_dag.py for tasks to queue
[2025-08-02T02:04:59.150+0000] {logging_mixin.py:188} INFO - [2025-08-02T02:04:59.148+0000] {dagbag.py:540} INFO - Filling up the DagBag from /home/airflow/.local/lib/python3.8/site-packages/airflow/example_dags/example_skip_dag.py
[2025-08-02T02:04:59.243+0000] {processor.py:840} INFO - DAG(s) 'example_skip_dag' retrieved from /home/airflow/.local/lib/python3.8/site-packages/airflow/example_dags/example_skip_dag.py
[2025-08-02T02:04:59.402+0000] {logging_mixin.py:188} INFO - [2025-08-02T02:04:59.399+0000] {dag.py:3047} INFO - Sync 1 DAGs
[2025-08-02T02:04:59.599+0000] {logging_mixin.py:188} INFO - [2025-08-02T02:04:59.598+0000] {dag.py:3834} INFO - Setting next_dagrun for example_skip_dag to 2025-08-01 00:00:00+00:00, run_after=2025-08-02 00:00:00+00:00
[2025-08-02T02:04:59.721+0000] {processor.py:183} INFO - Processing /home/airflow/.local/lib/python3.8/site-packages/airflow/example_dags/example_skip_dag.py took 0.638 seconds
[2025-08-02T02:08:08.682+0000] {processor.py:161} INFO - Started process (PID=2446) to work on /home/airflow/.local/lib/python3.8/site-packages/airflow/example_dags/example_skip_dag.py
[2025-08-02T02:08:08.840+0000] {processor.py:830} INFO - Processing file /home/airflow/.local/lib/python3.8/site-packages/airflow/example_dags/example_skip_dag.py for tasks to queue
[2025-08-02T02:08:08.956+0000] {logging_mixin.py:188} INFO - [2025-08-02T02:08:08.920+0000] {dagbag.py:540} INFO - Filling up the DagBag from /home/airflow/.local/lib/python3.8/site-packages/airflow/example_dags/example_skip_dag.py
[2025-08-02T02:08:09.389+0000] {processor.py:840} INFO - DAG(s) 'example_skip_dag' retrieved from /home/airflow/.local/lib/python3.8/site-packages/airflow/example_dags/example_skip_dag.py
[2025-08-02T02:08:10.263+0000] {logging_mixin.py:188} INFO - [2025-08-02T02:08:10.247+0000] {dag.py:3047} INFO - Sync 1 DAGs
[2025-08-02T02:08:12.116+0000] {logging_mixin.py:188} INFO - [2025-08-02T02:08:12.110+0000] {dag.py:3834} INFO - Setting next_dagrun for example_skip_dag to 2025-08-01 00:00:00+00:00, run_after=2025-08-02 00:00:00+00:00
[2025-08-02T02:08:12.809+0000] {processor.py:183} INFO - Processing /home/airflow/.local/lib/python3.8/site-packages/airflow/example_dags/example_skip_dag.py took 4.218 seconds
[2025-08-02T02:08:59.012+0000] {processor.py:161} INFO - Started process (PID=2508) to work on /home/airflow/.local/lib/python3.8/site-packages/airflow/example_dags/example_skip_dag.py
[2025-08-02T02:08:59.018+0000] {processor.py:830} INFO - Processing file /home/airflow/.local/lib/python3.8/site-packages/airflow/example_dags/example_skip_dag.py for tasks to queue
[2025-08-02T02:08:59.026+0000] {logging_mixin.py:188} INFO - [2025-08-02T02:08:59.023+0000] {dagbag.py:540} INFO - Filling up the DagBag from /home/airflow/.local/lib/python3.8/site-packages/airflow/example_dags/example_skip_dag.py
[2025-08-02T02:08:59.087+0000] {processor.py:840} INFO - DAG(s) 'example_skip_dag' retrieved from /home/airflow/.local/lib/python3.8/site-packages/airflow/example_dags/example_skip_dag.py
[2025-08-02T02:08:59.418+0000] {logging_mixin.py:188} INFO - [2025-08-02T02:08:59.409+0000] {dag.py:3047} INFO - Sync 1 DAGs
[2025-08-02T02:09:00.192+0000] {logging_mixin.py:188} INFO - [2025-08-02T02:09:00.160+0000] {dag.py:3834} INFO - Setting next_dagrun for example_skip_dag to 2025-08-01 00:00:00+00:00, run_after=2025-08-02 00:00:00+00:00
[2025-08-02T02:09:07.131+0000] {processor.py:183} INFO - Processing /home/airflow/.local/lib/python3.8/site-packages/airflow/example_dags/example_skip_dag.py took 8.134 seconds
[2025-08-02T02:09:38.183+0000] {processor.py:161} INFO - Started process (PID=2562) to work on /home/airflow/.local/lib/python3.8/site-packages/airflow/example_dags/example_skip_dag.py
[2025-08-02T02:09:38.352+0000] {processor.py:830} INFO - Processing file /home/airflow/.local/lib/python3.8/site-packages/airflow/example_dags/example_skip_dag.py for tasks to queue
[2025-08-02T02:09:39.075+0000] {logging_mixin.py:188} INFO - [2025-08-02T02:09:38.737+0000] {dagbag.py:540} INFO - Filling up the DagBag from /home/airflow/.local/lib/python3.8/site-packages/airflow/example_dags/example_skip_dag.py
[2025-08-02T02:09:43.942+0000] {processor.py:840} INFO - DAG(s) 'example_skip_dag' retrieved from /home/airflow/.local/lib/python3.8/site-packages/airflow/example_dags/example_skip_dag.py
[2025-08-02T02:09:44.500+0000] {logging_mixin.py:188} INFO - [2025-08-02T02:09:44.498+0000] {dag.py:3047} INFO - Sync 1 DAGs
[2025-08-02T02:09:44.645+0000] {logging_mixin.py:188} INFO - [2025-08-02T02:09:44.644+0000] {dag.py:3834} INFO - Setting next_dagrun for example_skip_dag to 2025-08-01 00:00:00+00:00, run_after=2025-08-02 00:00:00+00:00
[2025-08-02T02:09:44.790+0000] {processor.py:183} INFO - Processing /home/airflow/.local/lib/python3.8/site-packages/airflow/example_dags/example_skip_dag.py took 6.790 seconds
[2025-08-02T02:10:15.297+0000] {processor.py:161} INFO - Started process (PID=2618) to work on /home/airflow/.local/lib/python3.8/site-packages/airflow/example_dags/example_skip_dag.py
[2025-08-02T02:10:15.304+0000] {processor.py:830} INFO - Processing file /home/airflow/.local/lib/python3.8/site-packages/airflow/example_dags/example_skip_dag.py for tasks to queue
[2025-08-02T02:10:15.310+0000] {logging_mixin.py:188} INFO - [2025-08-02T02:10:15.306+0000] {dagbag.py:540} INFO - Filling up the DagBag from /home/airflow/.local/lib/python3.8/site-packages/airflow/example_dags/example_skip_dag.py
[2025-08-02T02:10:15.349+0000] {processor.py:840} INFO - DAG(s) 'example_skip_dag' retrieved from /home/airflow/.local/lib/python3.8/site-packages/airflow/example_dags/example_skip_dag.py
[2025-08-02T02:10:15.473+0000] {logging_mixin.py:188} INFO - [2025-08-02T02:10:15.472+0000] {dag.py:3047} INFO - Sync 1 DAGs
[2025-08-02T02:10:15.619+0000] {logging_mixin.py:188} INFO - [2025-08-02T02:10:15.619+0000] {dag.py:3834} INFO - Setting next_dagrun for example_skip_dag to 2025-08-01 00:00:00+00:00, run_after=2025-08-02 00:00:00+00:00
[2025-08-02T02:10:15.701+0000] {processor.py:183} INFO - Processing /home/airflow/.local/lib/python3.8/site-packages/airflow/example_dags/example_skip_dag.py took 0.426 seconds
[2025-08-02T02:10:46.509+0000] {processor.py:161} INFO - Started process (PID=2674) to work on /home/airflow/.local/lib/python3.8/site-packages/airflow/example_dags/example_skip_dag.py
[2025-08-02T02:10:46.525+0000] {processor.py:830} INFO - Processing file /home/airflow/.local/lib/python3.8/site-packages/airflow/example_dags/example_skip_dag.py for tasks to queue
[2025-08-02T02:10:46.531+0000] {logging_mixin.py:188} INFO - [2025-08-02T02:10:46.529+0000] {dagbag.py:540} INFO - Filling up the DagBag from /home/airflow/.local/lib/python3.8/site-packages/airflow/example_dags/example_skip_dag.py
[2025-08-02T02:10:46.594+0000] {processor.py:840} INFO - DAG(s) 'example_skip_dag' retrieved from /home/airflow/.local/lib/python3.8/site-packages/airflow/example_dags/example_skip_dag.py
[2025-08-02T02:10:46.730+0000] {logging_mixin.py:188} INFO - [2025-08-02T02:10:46.730+0000] {dag.py:3047} INFO - Sync 1 DAGs
[2025-08-02T02:10:46.972+0000] {logging_mixin.py:188} INFO - [2025-08-02T02:10:46.971+0000] {dag.py:3834} INFO - Setting next_dagrun for example_skip_dag to 2025-08-01 00:00:00+00:00, run_after=2025-08-02 00:00:00+00:00
[2025-08-02T02:10:47.060+0000] {processor.py:183} INFO - Processing /home/airflow/.local/lib/python3.8/site-packages/airflow/example_dags/example_skip_dag.py took 0.585 seconds
[2025-08-02T02:11:31.210+0000] {processor.py:161} INFO - Started process (PID=2737) to work on /home/airflow/.local/lib/python3.8/site-packages/airflow/example_dags/example_skip_dag.py
[2025-08-02T02:11:31.221+0000] {processor.py:830} INFO - Processing file /home/airflow/.local/lib/python3.8/site-packages/airflow/example_dags/example_skip_dag.py for tasks to queue
[2025-08-02T02:11:31.232+0000] {logging_mixin.py:188} INFO - [2025-08-02T02:11:31.228+0000] {dagbag.py:540} INFO - Filling up the DagBag from /home/airflow/.local/lib/python3.8/site-packages/airflow/example_dags/example_skip_dag.py
[2025-08-02T02:11:31.275+0000] {processor.py:840} INFO - DAG(s) 'example_skip_dag' retrieved from /home/airflow/.local/lib/python3.8/site-packages/airflow/example_dags/example_skip_dag.py
[2025-08-02T02:11:31.473+0000] {logging_mixin.py:188} INFO - [2025-08-02T02:11:31.472+0000] {dag.py:3047} INFO - Sync 1 DAGs
[2025-08-02T02:11:31.653+0000] {logging_mixin.py:188} INFO - [2025-08-02T02:11:31.652+0000] {dag.py:3834} INFO - Setting next_dagrun for example_skip_dag to 2025-08-01 00:00:00+00:00, run_after=2025-08-02 00:00:00+00:00
[2025-08-02T02:11:31.717+0000] {processor.py:183} INFO - Processing /home/airflow/.local/lib/python3.8/site-packages/airflow/example_dags/example_skip_dag.py took 0.548 seconds
[2025-08-02T02:12:02.482+0000] {processor.py:161} INFO - Started process (PID=2793) to work on /home/airflow/.local/lib/python3.8/site-packages/airflow/example_dags/example_skip_dag.py
[2025-08-02T02:12:02.486+0000] {processor.py:830} INFO - Processing file /home/airflow/.local/lib/python3.8/site-packages/airflow/example_dags/example_skip_dag.py for tasks to queue
[2025-08-02T02:12:02.490+0000] {logging_mixin.py:188} INFO - [2025-08-02T02:12:02.490+0000] {dagbag.py:540} INFO - Filling up the DagBag from /home/airflow/.local/lib/python3.8/site-packages/airflow/example_dags/example_skip_dag.py
[2025-08-02T02:12:02.553+0000] {processor.py:840} INFO - DAG(s) 'example_skip_dag' retrieved from /home/airflow/.local/lib/python3.8/site-packages/airflow/example_dags/example_skip_dag.py
[2025-08-02T02:12:02.706+0000] {logging_mixin.py:188} INFO - [2025-08-02T02:12:02.704+0000] {dag.py:3047} INFO - Sync 1 DAGs
[2025-08-02T02:12:02.894+0000] {logging_mixin.py:188} INFO - [2025-08-02T02:12:02.884+0000] {dag.py:3834} INFO - Setting next_dagrun for example_skip_dag to 2025-08-01 00:00:00+00:00, run_after=2025-08-02 00:00:00+00:00
[2025-08-02T02:12:03.130+0000] {processor.py:183} INFO - Processing /home/airflow/.local/lib/python3.8/site-packages/airflow/example_dags/example_skip_dag.py took 0.661 seconds
[2025-08-02T02:12:33.470+0000] {processor.py:161} INFO - Started process (PID=2849) to work on /home/airflow/.local/lib/python3.8/site-packages/airflow/example_dags/example_skip_dag.py
[2025-08-02T02:12:33.472+0000] {processor.py:830} INFO - Processing file /home/airflow/.local/lib/python3.8/site-packages/airflow/example_dags/example_skip_dag.py for tasks to queue
[2025-08-02T02:12:33.474+0000] {logging_mixin.py:188} INFO - [2025-08-02T02:12:33.473+0000] {dagbag.py:540} INFO - Filling up the DagBag from /home/airflow/.local/lib/python3.8/site-packages/airflow/example_dags/example_skip_dag.py
[2025-08-02T02:12:33.482+0000] {processor.py:840} INFO - DAG(s) 'example_skip_dag' retrieved from /home/airflow/.local/lib/python3.8/site-packages/airflow/example_dags/example_skip_dag.py
[2025-08-02T02:12:33.507+0000] {logging_mixin.py:188} INFO - [2025-08-02T02:12:33.507+0000] {dag.py:3047} INFO - Sync 1 DAGs
[2025-08-02T02:12:33.569+0000] {logging_mixin.py:188} INFO - [2025-08-02T02:12:33.569+0000] {dag.py:3834} INFO - Setting next_dagrun for example_skip_dag to 2025-08-01 00:00:00+00:00, run_after=2025-08-02 00:00:00+00:00
[2025-08-02T02:12:33.608+0000] {processor.py:183} INFO - Processing /home/airflow/.local/lib/python3.8/site-packages/airflow/example_dags/example_skip_dag.py took 0.148 seconds
[2025-08-02T02:13:09.827+0000] {processor.py:161} INFO - Started process (PID=2908) to work on /home/airflow/.local/lib/python3.8/site-packages/airflow/example_dags/example_skip_dag.py
[2025-08-02T02:13:09.834+0000] {processor.py:830} INFO - Processing file /home/airflow/.local/lib/python3.8/site-packages/airflow/example_dags/example_skip_dag.py for tasks to queue
[2025-08-02T02:13:09.838+0000] {logging_mixin.py:188} INFO - [2025-08-02T02:13:09.837+0000] {dagbag.py:540} INFO - Filling up the DagBag from /home/airflow/.local/lib/python3.8/site-packages/airflow/example_dags/example_skip_dag.py
[2025-08-02T02:13:09.900+0000] {processor.py:840} INFO - DAG(s) 'example_skip_dag' retrieved from /home/airflow/.local/lib/python3.8/site-packages/airflow/example_dags/example_skip_dag.py
[2025-08-02T02:13:10.056+0000] {logging_mixin.py:188} INFO - [2025-08-02T02:13:10.055+0000] {dag.py:3047} INFO - Sync 1 DAGs
[2025-08-02T02:13:10.161+0000] {logging_mixin.py:188} INFO - [2025-08-02T02:13:10.159+0000] {dag.py:3834} INFO - Setting next_dagrun for example_skip_dag to 2025-08-01 00:00:00+00:00, run_after=2025-08-02 00:00:00+00:00
[2025-08-02T02:13:10.231+0000] {processor.py:183} INFO - Processing /home/airflow/.local/lib/python3.8/site-packages/airflow/example_dags/example_skip_dag.py took 0.410 seconds
[2025-08-02T02:13:47.670+0000] {processor.py:161} INFO - Started process (PID=2966) to work on /home/airflow/.local/lib/python3.8/site-packages/airflow/example_dags/example_skip_dag.py
[2025-08-02T02:13:47.679+0000] {processor.py:830} INFO - Processing file /home/airflow/.local/lib/python3.8/site-packages/airflow/example_dags/example_skip_dag.py for tasks to queue
[2025-08-02T02:13:47.687+0000] {logging_mixin.py:188} INFO - [2025-08-02T02:13:47.687+0000] {dagbag.py:540} INFO - Filling up the DagBag from /home/airflow/.local/lib/python3.8/site-packages/airflow/example_dags/example_skip_dag.py
[2025-08-02T02:13:47.722+0000] {processor.py:840} INFO - DAG(s) 'example_skip_dag' retrieved from /home/airflow/.local/lib/python3.8/site-packages/airflow/example_dags/example_skip_dag.py
[2025-08-02T02:13:47.855+0000] {logging_mixin.py:188} INFO - [2025-08-02T02:13:47.854+0000] {dag.py:3047} INFO - Sync 1 DAGs
[2025-08-02T02:13:47.952+0000] {logging_mixin.py:188} INFO - [2025-08-02T02:13:47.951+0000] {dag.py:3834} INFO - Setting next_dagrun for example_skip_dag to 2025-08-01 00:00:00+00:00, run_after=2025-08-02 00:00:00+00:00
[2025-08-02T02:13:48.049+0000] {processor.py:183} INFO - Processing /home/airflow/.local/lib/python3.8/site-packages/airflow/example_dags/example_skip_dag.py took 0.401 seconds
[2025-08-02T02:14:18.831+0000] {processor.py:161} INFO - Started process (PID=3022) to work on /home/airflow/.local/lib/python3.8/site-packages/airflow/example_dags/example_skip_dag.py
[2025-08-02T02:14:18.836+0000] {processor.py:830} INFO - Processing file /home/airflow/.local/lib/python3.8/site-packages/airflow/example_dags/example_skip_dag.py for tasks to queue
[2025-08-02T02:14:18.838+0000] {logging_mixin.py:188} INFO - [2025-08-02T02:14:18.838+0000] {dagbag.py:540} INFO - Filling up the DagBag from /home/airflow/.local/lib/python3.8/site-packages/airflow/example_dags/example_skip_dag.py
[2025-08-02T02:14:18.875+0000] {processor.py:840} INFO - DAG(s) 'example_skip_dag' retrieved from /home/airflow/.local/lib/python3.8/site-packages/airflow/example_dags/example_skip_dag.py
[2025-08-02T02:14:18.934+0000] {logging_mixin.py:188} INFO - [2025-08-02T02:14:18.933+0000] {dag.py:3047} INFO - Sync 1 DAGs
[2025-08-02T02:14:18.978+0000] {logging_mixin.py:188} INFO - [2025-08-02T02:14:18.978+0000] {dag.py:3834} INFO - Setting next_dagrun for example_skip_dag to 2025-08-01 00:00:00+00:00, run_after=2025-08-02 00:00:00+00:00
[2025-08-02T02:14:19.081+0000] {processor.py:183} INFO - Processing /home/airflow/.local/lib/python3.8/site-packages/airflow/example_dags/example_skip_dag.py took 0.257 seconds
[2025-08-02T02:15:06.292+0000] {processor.py:161} INFO - Started process (PID=3089) to work on /home/airflow/.local/lib/python3.8/site-packages/airflow/example_dags/example_skip_dag.py
[2025-08-02T02:15:06.299+0000] {processor.py:830} INFO - Processing file /home/airflow/.local/lib/python3.8/site-packages/airflow/example_dags/example_skip_dag.py for tasks to queue
[2025-08-02T02:15:06.302+0000] {logging_mixin.py:188} INFO - [2025-08-02T02:15:06.301+0000] {dagbag.py:540} INFO - Filling up the DagBag from /home/airflow/.local/lib/python3.8/site-packages/airflow/example_dags/example_skip_dag.py
[2025-08-02T02:15:06.328+0000] {processor.py:840} INFO - DAG(s) 'example_skip_dag' retrieved from /home/airflow/.local/lib/python3.8/site-packages/airflow/example_dags/example_skip_dag.py
[2025-08-02T02:15:06.386+0000] {logging_mixin.py:188} INFO - [2025-08-02T02:15:06.386+0000] {dag.py:3047} INFO - Sync 1 DAGs
[2025-08-02T02:15:06.488+0000] {logging_mixin.py:188} INFO - [2025-08-02T02:15:06.488+0000] {dag.py:3834} INFO - Setting next_dagrun for example_skip_dag to 2025-08-01 00:00:00+00:00, run_after=2025-08-02 00:00:00+00:00
[2025-08-02T02:15:06.548+0000] {processor.py:183} INFO - Processing /home/airflow/.local/lib/python3.8/site-packages/airflow/example_dags/example_skip_dag.py took 0.269 seconds
[2025-08-02T02:15:46.611+0000] {processor.py:161} INFO - Started process (PID=3147) to work on /home/airflow/.local/lib/python3.8/site-packages/airflow/example_dags/example_skip_dag.py
[2025-08-02T02:15:46.614+0000] {processor.py:830} INFO - Processing file /home/airflow/.local/lib/python3.8/site-packages/airflow/example_dags/example_skip_dag.py for tasks to queue
[2025-08-02T02:15:46.616+0000] {logging_mixin.py:188} INFO - [2025-08-02T02:15:46.616+0000] {dagbag.py:540} INFO - Filling up the DagBag from /home/airflow/.local/lib/python3.8/site-packages/airflow/example_dags/example_skip_dag.py
[2025-08-02T02:15:46.644+0000] {processor.py:840} INFO - DAG(s) 'example_skip_dag' retrieved from /home/airflow/.local/lib/python3.8/site-packages/airflow/example_dags/example_skip_dag.py
[2025-08-02T02:15:46.724+0000] {logging_mixin.py:188} INFO - [2025-08-02T02:15:46.724+0000] {dag.py:3047} INFO - Sync 1 DAGs
[2025-08-02T02:15:46.754+0000] {logging_mixin.py:188} INFO - [2025-08-02T02:15:46.754+0000] {dag.py:3834} INFO - Setting next_dagrun for example_skip_dag to 2025-08-01 00:00:00+00:00, run_after=2025-08-02 00:00:00+00:00
[2025-08-02T02:15:46.779+0000] {processor.py:183} INFO - Processing /home/airflow/.local/lib/python3.8/site-packages/airflow/example_dags/example_skip_dag.py took 0.182 seconds
[2025-08-02T02:16:29.876+0000] {processor.py:161} INFO - Started process (PID=3209) to work on /home/airflow/.local/lib/python3.8/site-packages/airflow/example_dags/example_skip_dag.py
[2025-08-02T02:16:29.884+0000] {processor.py:830} INFO - Processing file /home/airflow/.local/lib/python3.8/site-packages/airflow/example_dags/example_skip_dag.py for tasks to queue
[2025-08-02T02:16:29.889+0000] {logging_mixin.py:188} INFO - [2025-08-02T02:16:29.887+0000] {dagbag.py:540} INFO - Filling up the DagBag from /home/airflow/.local/lib/python3.8/site-packages/airflow/example_dags/example_skip_dag.py
[2025-08-02T02:16:29.934+0000] {processor.py:840} INFO - DAG(s) 'example_skip_dag' retrieved from /home/airflow/.local/lib/python3.8/site-packages/airflow/example_dags/example_skip_dag.py
[2025-08-02T02:16:30.104+0000] {logging_mixin.py:188} INFO - [2025-08-02T02:16:30.097+0000] {dag.py:3047} INFO - Sync 1 DAGs
[2025-08-02T02:16:30.171+0000] {logging_mixin.py:188} INFO - [2025-08-02T02:16:30.170+0000] {dag.py:3834} INFO - Setting next_dagrun for example_skip_dag to 2025-08-01 00:00:00+00:00, run_after=2025-08-02 00:00:00+00:00
[2025-08-02T02:16:30.222+0000] {processor.py:183} INFO - Processing /home/airflow/.local/lib/python3.8/site-packages/airflow/example_dags/example_skip_dag.py took 0.382 seconds
[2025-08-02T02:17:07.267+0000] {processor.py:161} INFO - Started process (PID=3265) to work on /home/airflow/.local/lib/python3.8/site-packages/airflow/example_dags/example_skip_dag.py
[2025-08-02T02:17:07.279+0000] {processor.py:830} INFO - Processing file /home/airflow/.local/lib/python3.8/site-packages/airflow/example_dags/example_skip_dag.py for tasks to queue
[2025-08-02T02:17:07.293+0000] {logging_mixin.py:188} INFO - [2025-08-02T02:17:07.292+0000] {dagbag.py:540} INFO - Filling up the DagBag from /home/airflow/.local/lib/python3.8/site-packages/airflow/example_dags/example_skip_dag.py
[2025-08-02T02:17:07.375+0000] {processor.py:840} INFO - DAG(s) 'example_skip_dag' retrieved from /home/airflow/.local/lib/python3.8/site-packages/airflow/example_dags/example_skip_dag.py
[2025-08-02T02:17:07.555+0000] {logging_mixin.py:188} INFO - [2025-08-02T02:17:07.552+0000] {dag.py:3047} INFO - Sync 1 DAGs
[2025-08-02T02:17:10.225+0000] {logging_mixin.py:188} INFO - [2025-08-02T02:17:10.225+0000] {dag.py:3834} INFO - Setting next_dagrun for example_skip_dag to 2025-08-01 00:00:00+00:00, run_after=2025-08-02 00:00:00+00:00
[2025-08-02T02:17:10.329+0000] {processor.py:183} INFO - Processing /home/airflow/.local/lib/python3.8/site-packages/airflow/example_dags/example_skip_dag.py took 3.080 seconds
[2025-08-02T02:17:41.027+0000] {processor.py:161} INFO - Started process (PID=3321) to work on /home/airflow/.local/lib/python3.8/site-packages/airflow/example_dags/example_skip_dag.py
[2025-08-02T02:17:41.030+0000] {processor.py:830} INFO - Processing file /home/airflow/.local/lib/python3.8/site-packages/airflow/example_dags/example_skip_dag.py for tasks to queue
[2025-08-02T02:17:41.032+0000] {logging_mixin.py:188} INFO - [2025-08-02T02:17:41.032+0000] {dagbag.py:540} INFO - Filling up the DagBag from /home/airflow/.local/lib/python3.8/site-packages/airflow/example_dags/example_skip_dag.py
[2025-08-02T02:17:41.092+0000] {processor.py:840} INFO - DAG(s) 'example_skip_dag' retrieved from /home/airflow/.local/lib/python3.8/site-packages/airflow/example_dags/example_skip_dag.py
[2025-08-02T02:17:41.240+0000] {logging_mixin.py:188} INFO - [2025-08-02T02:17:41.236+0000] {dag.py:3047} INFO - Sync 1 DAGs
[2025-08-02T02:17:41.372+0000] {logging_mixin.py:188} INFO - [2025-08-02T02:17:41.371+0000] {dag.py:3834} INFO - Setting next_dagrun for example_skip_dag to 2025-08-01 00:00:00+00:00, run_after=2025-08-02 00:00:00+00:00
[2025-08-02T02:17:41.478+0000] {processor.py:183} INFO - Processing /home/airflow/.local/lib/python3.8/site-packages/airflow/example_dags/example_skip_dag.py took 0.480 seconds
[2025-08-02T02:18:31.292+0000] {processor.py:161} INFO - Started process (PID=3375) to work on /home/airflow/.local/lib/python3.8/site-packages/airflow/example_dags/example_skip_dag.py
[2025-08-02T02:18:31.301+0000] {processor.py:830} INFO - Processing file /home/airflow/.local/lib/python3.8/site-packages/airflow/example_dags/example_skip_dag.py for tasks to queue
[2025-08-02T02:18:31.309+0000] {logging_mixin.py:188} INFO - [2025-08-02T02:18:31.307+0000] {dagbag.py:540} INFO - Filling up the DagBag from /home/airflow/.local/lib/python3.8/site-packages/airflow/example_dags/example_skip_dag.py
[2025-08-02T02:18:31.345+0000] {processor.py:840} INFO - DAG(s) 'example_skip_dag' retrieved from /home/airflow/.local/lib/python3.8/site-packages/airflow/example_dags/example_skip_dag.py
[2025-08-02T02:18:31.649+0000] {logging_mixin.py:188} INFO - [2025-08-02T02:18:31.648+0000] {dag.py:3047} INFO - Sync 1 DAGs
[2025-08-02T02:18:31.800+0000] {logging_mixin.py:188} INFO - [2025-08-02T02:18:31.799+0000] {dag.py:3834} INFO - Setting next_dagrun for example_skip_dag to 2025-08-01 00:00:00+00:00, run_after=2025-08-02 00:00:00+00:00
[2025-08-02T02:18:32.070+0000] {processor.py:183} INFO - Processing /home/airflow/.local/lib/python3.8/site-packages/airflow/example_dags/example_skip_dag.py took 0.798 seconds
[2025-08-02T02:19:11.443+0000] {processor.py:161} INFO - Started process (PID=3442) to work on /home/airflow/.local/lib/python3.8/site-packages/airflow/example_dags/example_skip_dag.py
[2025-08-02T02:19:11.444+0000] {processor.py:830} INFO - Processing file /home/airflow/.local/lib/python3.8/site-packages/airflow/example_dags/example_skip_dag.py for tasks to queue
[2025-08-02T02:19:11.445+0000] {logging_mixin.py:188} INFO - [2025-08-02T02:19:11.445+0000] {dagbag.py:540} INFO - Filling up the DagBag from /home/airflow/.local/lib/python3.8/site-packages/airflow/example_dags/example_skip_dag.py
[2025-08-02T02:19:11.450+0000] {processor.py:840} INFO - DAG(s) 'example_skip_dag' retrieved from /home/airflow/.local/lib/python3.8/site-packages/airflow/example_dags/example_skip_dag.py
[2025-08-02T02:19:11.473+0000] {logging_mixin.py:188} INFO - [2025-08-02T02:19:11.473+0000] {dag.py:3047} INFO - Sync 1 DAGs
[2025-08-02T02:19:11.498+0000] {logging_mixin.py:188} INFO - [2025-08-02T02:19:11.498+0000] {dag.py:3834} INFO - Setting next_dagrun for example_skip_dag to 2025-08-01 00:00:00+00:00, run_after=2025-08-02 00:00:00+00:00
[2025-08-02T02:19:11.525+0000] {processor.py:183} INFO - Processing /home/airflow/.local/lib/python3.8/site-packages/airflow/example_dags/example_skip_dag.py took 0.085 seconds
[2025-08-02T02:19:54.358+0000] {processor.py:161} INFO - Started process (PID=3498) to work on /home/airflow/.local/lib/python3.8/site-packages/airflow/example_dags/example_skip_dag.py
[2025-08-02T02:19:54.362+0000] {processor.py:830} INFO - Processing file /home/airflow/.local/lib/python3.8/site-packages/airflow/example_dags/example_skip_dag.py for tasks to queue
[2025-08-02T02:19:54.362+0000] {logging_mixin.py:188} INFO - [2025-08-02T02:19:54.362+0000] {dagbag.py:540} INFO - Filling up the DagBag from /home/airflow/.local/lib/python3.8/site-packages/airflow/example_dags/example_skip_dag.py
[2025-08-02T02:19:54.368+0000] {processor.py:840} INFO - DAG(s) 'example_skip_dag' retrieved from /home/airflow/.local/lib/python3.8/site-packages/airflow/example_dags/example_skip_dag.py
[2025-08-02T02:19:54.392+0000] {logging_mixin.py:188} INFO - [2025-08-02T02:19:54.392+0000] {dag.py:3047} INFO - Sync 1 DAGs
[2025-08-02T02:19:54.432+0000] {logging_mixin.py:188} INFO - [2025-08-02T02:19:54.431+0000] {dag.py:3834} INFO - Setting next_dagrun for example_skip_dag to 2025-08-01 00:00:00+00:00, run_after=2025-08-02 00:00:00+00:00
[2025-08-02T02:19:54.451+0000] {processor.py:183} INFO - Processing /home/airflow/.local/lib/python3.8/site-packages/airflow/example_dags/example_skip_dag.py took 0.102 seconds
[2025-08-02T02:20:29.115+0000] {processor.py:161} INFO - Started process (PID=3554) to work on /home/airflow/.local/lib/python3.8/site-packages/airflow/example_dags/example_skip_dag.py
[2025-08-02T02:20:29.116+0000] {processor.py:830} INFO - Processing file /home/airflow/.local/lib/python3.8/site-packages/airflow/example_dags/example_skip_dag.py for tasks to queue
[2025-08-02T02:20:29.118+0000] {logging_mixin.py:188} INFO - [2025-08-02T02:20:29.117+0000] {dagbag.py:540} INFO - Filling up the DagBag from /home/airflow/.local/lib/python3.8/site-packages/airflow/example_dags/example_skip_dag.py
[2025-08-02T02:20:29.128+0000] {processor.py:840} INFO - DAG(s) 'example_skip_dag' retrieved from /home/airflow/.local/lib/python3.8/site-packages/airflow/example_dags/example_skip_dag.py
[2025-08-02T02:20:29.146+0000] {logging_mixin.py:188} INFO - [2025-08-02T02:20:29.146+0000] {dag.py:3047} INFO - Sync 1 DAGs
[2025-08-02T02:20:29.518+0000] {logging_mixin.py:188} INFO - [2025-08-02T02:20:29.518+0000] {dag.py:3834} INFO - Setting next_dagrun for example_skip_dag to 2025-08-01 00:00:00+00:00, run_after=2025-08-02 00:00:00+00:00
[2025-08-02T02:20:29.538+0000] {processor.py:183} INFO - Processing /home/airflow/.local/lib/python3.8/site-packages/airflow/example_dags/example_skip_dag.py took 0.432 seconds
[2025-08-02T02:20:59.958+0000] {processor.py:161} INFO - Started process (PID=3611) to work on /home/airflow/.local/lib/python3.8/site-packages/airflow/example_dags/example_skip_dag.py
[2025-08-02T02:20:59.960+0000] {processor.py:830} INFO - Processing file /home/airflow/.local/lib/python3.8/site-packages/airflow/example_dags/example_skip_dag.py for tasks to queue
[2025-08-02T02:20:59.961+0000] {logging_mixin.py:188} INFO - [2025-08-02T02:20:59.960+0000] {dagbag.py:540} INFO - Filling up the DagBag from /home/airflow/.local/lib/python3.8/site-packages/airflow/example_dags/example_skip_dag.py
[2025-08-02T02:20:59.984+0000] {processor.py:840} INFO - DAG(s) 'example_skip_dag' retrieved from /home/airflow/.local/lib/python3.8/site-packages/airflow/example_dags/example_skip_dag.py
[2025-08-02T02:21:00.142+0000] {logging_mixin.py:188} INFO - [2025-08-02T02:21:00.140+0000] {dag.py:3047} INFO - Sync 1 DAGs
[2025-08-02T02:21:00.229+0000] {logging_mixin.py:188} INFO - [2025-08-02T02:21:00.228+0000] {dag.py:3834} INFO - Setting next_dagrun for example_skip_dag to 2025-08-01 00:00:00+00:00, run_after=2025-08-02 00:00:00+00:00
[2025-08-02T02:21:00.298+0000] {processor.py:183} INFO - Processing /home/airflow/.local/lib/python3.8/site-packages/airflow/example_dags/example_skip_dag.py took 0.348 seconds
[2025-08-02T02:21:30.694+0000] {processor.py:161} INFO - Started process (PID=3667) to work on /home/airflow/.local/lib/python3.8/site-packages/airflow/example_dags/example_skip_dag.py
[2025-08-02T02:21:30.696+0000] {processor.py:830} INFO - Processing file /home/airflow/.local/lib/python3.8/site-packages/airflow/example_dags/example_skip_dag.py for tasks to queue
[2025-08-02T02:21:30.697+0000] {logging_mixin.py:188} INFO - [2025-08-02T02:21:30.697+0000] {dagbag.py:540} INFO - Filling up the DagBag from /home/airflow/.local/lib/python3.8/site-packages/airflow/example_dags/example_skip_dag.py
[2025-08-02T02:21:30.722+0000] {processor.py:840} INFO - DAG(s) 'example_skip_dag' retrieved from /home/airflow/.local/lib/python3.8/site-packages/airflow/example_dags/example_skip_dag.py
[2025-08-02T02:21:30.757+0000] {logging_mixin.py:188} INFO - [2025-08-02T02:21:30.756+0000] {dag.py:3047} INFO - Sync 1 DAGs
[2025-08-02T02:21:30.789+0000] {logging_mixin.py:188} INFO - [2025-08-02T02:21:30.787+0000] {dag.py:3834} INFO - Setting next_dagrun for example_skip_dag to 2025-08-01 00:00:00+00:00, run_after=2025-08-02 00:00:00+00:00
[2025-08-02T02:21:30.810+0000] {processor.py:183} INFO - Processing /home/airflow/.local/lib/python3.8/site-packages/airflow/example_dags/example_skip_dag.py took 0.122 seconds
[2025-08-02T02:22:02.504+0000] {processor.py:161} INFO - Started process (PID=3723) to work on /home/airflow/.local/lib/python3.8/site-packages/airflow/example_dags/example_skip_dag.py
[2025-08-02T02:22:02.508+0000] {processor.py:830} INFO - Processing file /home/airflow/.local/lib/python3.8/site-packages/airflow/example_dags/example_skip_dag.py for tasks to queue
[2025-08-02T02:22:02.515+0000] {logging_mixin.py:188} INFO - [2025-08-02T02:22:02.511+0000] {dagbag.py:540} INFO - Filling up the DagBag from /home/airflow/.local/lib/python3.8/site-packages/airflow/example_dags/example_skip_dag.py
[2025-08-02T02:22:02.532+0000] {processor.py:840} INFO - DAG(s) 'example_skip_dag' retrieved from /home/airflow/.local/lib/python3.8/site-packages/airflow/example_dags/example_skip_dag.py
[2025-08-02T02:22:02.722+0000] {logging_mixin.py:188} INFO - [2025-08-02T02:22:02.719+0000] {dag.py:3047} INFO - Sync 1 DAGs
[2025-08-02T02:22:02.887+0000] {logging_mixin.py:188} INFO - [2025-08-02T02:22:02.884+0000] {dag.py:3834} INFO - Setting next_dagrun for example_skip_dag to 2025-08-01 00:00:00+00:00, run_after=2025-08-02 00:00:00+00:00
[2025-08-02T02:22:02.938+0000] {processor.py:183} INFO - Processing /home/airflow/.local/lib/python3.8/site-packages/airflow/example_dags/example_skip_dag.py took 0.464 seconds
[2025-08-02T02:22:39.379+0000] {processor.py:161} INFO - Started process (PID=3781) to work on /home/airflow/.local/lib/python3.8/site-packages/airflow/example_dags/example_skip_dag.py
[2025-08-02T02:22:39.382+0000] {processor.py:830} INFO - Processing file /home/airflow/.local/lib/python3.8/site-packages/airflow/example_dags/example_skip_dag.py for tasks to queue
[2025-08-02T02:22:39.389+0000] {logging_mixin.py:188} INFO - [2025-08-02T02:22:39.387+0000] {dagbag.py:540} INFO - Filling up the DagBag from /home/airflow/.local/lib/python3.8/site-packages/airflow/example_dags/example_skip_dag.py
[2025-08-02T02:22:39.428+0000] {processor.py:840} INFO - DAG(s) 'example_skip_dag' retrieved from /home/airflow/.local/lib/python3.8/site-packages/airflow/example_dags/example_skip_dag.py
[2025-08-02T02:22:39.549+0000] {logging_mixin.py:188} INFO - [2025-08-02T02:22:39.548+0000] {dag.py:3047} INFO - Sync 1 DAGs
[2025-08-02T02:22:39.637+0000] {logging_mixin.py:188} INFO - [2025-08-02T02:22:39.636+0000] {dag.py:3834} INFO - Setting next_dagrun for example_skip_dag to 2025-08-01 00:00:00+00:00, run_after=2025-08-02 00:00:00+00:00
[2025-08-02T02:22:39.700+0000] {processor.py:183} INFO - Processing /home/airflow/.local/lib/python3.8/site-packages/airflow/example_dags/example_skip_dag.py took 0.329 seconds
[2025-08-02T02:23:10.517+0000] {processor.py:161} INFO - Started process (PID=3837) to work on /home/airflow/.local/lib/python3.8/site-packages/airflow/example_dags/example_skip_dag.py
[2025-08-02T02:23:10.521+0000] {processor.py:830} INFO - Processing file /home/airflow/.local/lib/python3.8/site-packages/airflow/example_dags/example_skip_dag.py for tasks to queue
[2025-08-02T02:23:10.522+0000] {logging_mixin.py:188} INFO - [2025-08-02T02:23:10.522+0000] {dagbag.py:540} INFO - Filling up the DagBag from /home/airflow/.local/lib/python3.8/site-packages/airflow/example_dags/example_skip_dag.py
[2025-08-02T02:23:10.542+0000] {processor.py:840} INFO - DAG(s) 'example_skip_dag' retrieved from /home/airflow/.local/lib/python3.8/site-packages/airflow/example_dags/example_skip_dag.py
[2025-08-02T02:23:10.585+0000] {logging_mixin.py:188} INFO - [2025-08-02T02:23:10.584+0000] {dag.py:3047} INFO - Sync 1 DAGs
[2025-08-02T02:23:10.619+0000] {logging_mixin.py:188} INFO - [2025-08-02T02:23:10.618+0000] {dag.py:3834} INFO - Setting next_dagrun for example_skip_dag to 2025-08-01 00:00:00+00:00, run_after=2025-08-02 00:00:00+00:00
[2025-08-02T02:23:10.657+0000] {processor.py:183} INFO - Processing /home/airflow/.local/lib/python3.8/site-packages/airflow/example_dags/example_skip_dag.py took 0.144 seconds
[2025-08-02T02:23:41.603+0000] {processor.py:161} INFO - Started process (PID=3892) to work on /home/airflow/.local/lib/python3.8/site-packages/airflow/example_dags/example_skip_dag.py
[2025-08-02T02:23:41.611+0000] {processor.py:830} INFO - Processing file /home/airflow/.local/lib/python3.8/site-packages/airflow/example_dags/example_skip_dag.py for tasks to queue
[2025-08-02T02:23:41.613+0000] {logging_mixin.py:188} INFO - [2025-08-02T02:23:41.612+0000] {dagbag.py:540} INFO - Filling up the DagBag from /home/airflow/.local/lib/python3.8/site-packages/airflow/example_dags/example_skip_dag.py
[2025-08-02T02:23:41.639+0000] {processor.py:840} INFO - DAG(s) 'example_skip_dag' retrieved from /home/airflow/.local/lib/python3.8/site-packages/airflow/example_dags/example_skip_dag.py
[2025-08-02T02:23:41.703+0000] {logging_mixin.py:188} INFO - [2025-08-02T02:23:41.702+0000] {dag.py:3047} INFO - Sync 1 DAGs
[2025-08-02T02:23:41.739+0000] {logging_mixin.py:188} INFO - [2025-08-02T02:23:41.738+0000] {dag.py:3834} INFO - Setting next_dagrun for example_skip_dag to 2025-08-01 00:00:00+00:00, run_after=2025-08-02 00:00:00+00:00
[2025-08-02T02:23:41.794+0000] {processor.py:183} INFO - Processing /home/airflow/.local/lib/python3.8/site-packages/airflow/example_dags/example_skip_dag.py took 0.218 seconds
[2025-08-02T02:24:11.872+0000] {processor.py:161} INFO - Started process (PID=3948) to work on /home/airflow/.local/lib/python3.8/site-packages/airflow/example_dags/example_skip_dag.py
[2025-08-02T02:24:11.875+0000] {processor.py:830} INFO - Processing file /home/airflow/.local/lib/python3.8/site-packages/airflow/example_dags/example_skip_dag.py for tasks to queue
[2025-08-02T02:24:11.881+0000] {logging_mixin.py:188} INFO - [2025-08-02T02:24:11.880+0000] {dagbag.py:540} INFO - Filling up the DagBag from /home/airflow/.local/lib/python3.8/site-packages/airflow/example_dags/example_skip_dag.py
[2025-08-02T02:24:11.903+0000] {processor.py:840} INFO - DAG(s) 'example_skip_dag' retrieved from /home/airflow/.local/lib/python3.8/site-packages/airflow/example_dags/example_skip_dag.py
[2025-08-02T02:24:12.138+0000] {logging_mixin.py:188} INFO - [2025-08-02T02:24:12.134+0000] {dag.py:3047} INFO - Sync 1 DAGs
[2025-08-02T02:24:12.274+0000] {logging_mixin.py:188} INFO - [2025-08-02T02:24:12.273+0000] {dag.py:3834} INFO - Setting next_dagrun for example_skip_dag to 2025-08-01 00:00:00+00:00, run_after=2025-08-02 00:00:00+00:00
[2025-08-02T02:24:12.402+0000] {processor.py:183} INFO - Processing /home/airflow/.local/lib/python3.8/site-packages/airflow/example_dags/example_skip_dag.py took 0.538 seconds
[2025-08-02T02:24:44.266+0000] {processor.py:161} INFO - Started process (PID=4003) to work on /home/airflow/.local/lib/python3.8/site-packages/airflow/example_dags/example_skip_dag.py
[2025-08-02T02:24:44.268+0000] {processor.py:830} INFO - Processing file /home/airflow/.local/lib/python3.8/site-packages/airflow/example_dags/example_skip_dag.py for tasks to queue
[2025-08-02T02:24:44.270+0000] {logging_mixin.py:188} INFO - [2025-08-02T02:24:44.269+0000] {dagbag.py:540} INFO - Filling up the DagBag from /home/airflow/.local/lib/python3.8/site-packages/airflow/example_dags/example_skip_dag.py
[2025-08-02T02:24:44.293+0000] {processor.py:840} INFO - DAG(s) 'example_skip_dag' retrieved from /home/airflow/.local/lib/python3.8/site-packages/airflow/example_dags/example_skip_dag.py
[2025-08-02T02:24:44.357+0000] {logging_mixin.py:188} INFO - [2025-08-02T02:24:44.357+0000] {dag.py:3047} INFO - Sync 1 DAGs
[2025-08-02T02:24:44.437+0000] {logging_mixin.py:188} INFO - [2025-08-02T02:24:44.437+0000] {dag.py:3834} INFO - Setting next_dagrun for example_skip_dag to 2025-08-01 00:00:00+00:00, run_after=2025-08-02 00:00:00+00:00
[2025-08-02T02:24:44.471+0000] {processor.py:183} INFO - Processing /home/airflow/.local/lib/python3.8/site-packages/airflow/example_dags/example_skip_dag.py took 0.213 seconds
[2025-08-02T02:25:38.569+0000] {processor.py:161} INFO - Started process (PID=4061) to work on /home/airflow/.local/lib/python3.8/site-packages/airflow/example_dags/example_skip_dag.py
[2025-08-02T02:25:38.572+0000] {processor.py:830} INFO - Processing file /home/airflow/.local/lib/python3.8/site-packages/airflow/example_dags/example_skip_dag.py for tasks to queue
[2025-08-02T02:25:38.574+0000] {logging_mixin.py:188} INFO - [2025-08-02T02:25:38.573+0000] {dagbag.py:540} INFO - Filling up the DagBag from /home/airflow/.local/lib/python3.8/site-packages/airflow/example_dags/example_skip_dag.py
[2025-08-02T02:25:38.590+0000] {processor.py:840} INFO - DAG(s) 'example_skip_dag' retrieved from /home/airflow/.local/lib/python3.8/site-packages/airflow/example_dags/example_skip_dag.py
[2025-08-02T02:25:38.624+0000] {logging_mixin.py:188} INFO - [2025-08-02T02:25:38.623+0000] {dag.py:3047} INFO - Sync 1 DAGs
[2025-08-02T02:25:38.674+0000] {logging_mixin.py:188} INFO - [2025-08-02T02:25:38.674+0000] {dag.py:3834} INFO - Setting next_dagrun for example_skip_dag to 2025-08-01 00:00:00+00:00, run_after=2025-08-02 00:00:00+00:00
[2025-08-02T02:25:38.787+0000] {processor.py:183} INFO - Processing /home/airflow/.local/lib/python3.8/site-packages/airflow/example_dags/example_skip_dag.py took 0.224 seconds
[2025-08-02T02:26:09.133+0000] {processor.py:161} INFO - Started process (PID=4117) to work on /home/airflow/.local/lib/python3.8/site-packages/airflow/example_dags/example_skip_dag.py
[2025-08-02T02:26:09.136+0000] {processor.py:830} INFO - Processing file /home/airflow/.local/lib/python3.8/site-packages/airflow/example_dags/example_skip_dag.py for tasks to queue
[2025-08-02T02:26:09.140+0000] {logging_mixin.py:188} INFO - [2025-08-02T02:26:09.138+0000] {dagbag.py:540} INFO - Filling up the DagBag from /home/airflow/.local/lib/python3.8/site-packages/airflow/example_dags/example_skip_dag.py
[2025-08-02T02:26:09.216+0000] {processor.py:840} INFO - DAG(s) 'example_skip_dag' retrieved from /home/airflow/.local/lib/python3.8/site-packages/airflow/example_dags/example_skip_dag.py
[2025-08-02T02:26:09.787+0000] {logging_mixin.py:188} INFO - [2025-08-02T02:26:09.696+0000] {dag.py:3047} INFO - Sync 1 DAGs
[2025-08-02T02:26:10.241+0000] {logging_mixin.py:188} INFO - [2025-08-02T02:26:10.228+0000] {dag.py:3834} INFO - Setting next_dagrun for example_skip_dag to 2025-08-01 00:00:00+00:00, run_after=2025-08-02 00:00:00+00:00
[2025-08-02T02:26:10.479+0000] {processor.py:183} INFO - Processing /home/airflow/.local/lib/python3.8/site-packages/airflow/example_dags/example_skip_dag.py took 1.358 seconds
[2025-08-02T02:26:43.482+0000] {processor.py:161} INFO - Started process (PID=4173) to work on /home/airflow/.local/lib/python3.8/site-packages/airflow/example_dags/example_skip_dag.py
[2025-08-02T02:26:43.486+0000] {processor.py:830} INFO - Processing file /home/airflow/.local/lib/python3.8/site-packages/airflow/example_dags/example_skip_dag.py for tasks to queue
[2025-08-02T02:26:43.487+0000] {logging_mixin.py:188} INFO - [2025-08-02T02:26:43.487+0000] {dagbag.py:540} INFO - Filling up the DagBag from /home/airflow/.local/lib/python3.8/site-packages/airflow/example_dags/example_skip_dag.py
[2025-08-02T02:26:43.519+0000] {processor.py:840} INFO - DAG(s) 'example_skip_dag' retrieved from /home/airflow/.local/lib/python3.8/site-packages/airflow/example_dags/example_skip_dag.py
[2025-08-02T02:26:43.617+0000] {logging_mixin.py:188} INFO - [2025-08-02T02:26:43.617+0000] {dag.py:3047} INFO - Sync 1 DAGs
[2025-08-02T02:26:43.658+0000] {logging_mixin.py:188} INFO - [2025-08-02T02:26:43.657+0000] {dag.py:3834} INFO - Setting next_dagrun for example_skip_dag to 2025-08-01 00:00:00+00:00, run_after=2025-08-02 00:00:00+00:00
[2025-08-02T02:26:43.700+0000] {processor.py:183} INFO - Processing /home/airflow/.local/lib/python3.8/site-packages/airflow/example_dags/example_skip_dag.py took 0.227 seconds
[2025-08-02T02:27:23.529+0000] {processor.py:161} INFO - Started process (PID=4236) to work on /home/airflow/.local/lib/python3.8/site-packages/airflow/example_dags/example_skip_dag.py
[2025-08-02T02:27:23.531+0000] {processor.py:830} INFO - Processing file /home/airflow/.local/lib/python3.8/site-packages/airflow/example_dags/example_skip_dag.py for tasks to queue
[2025-08-02T02:27:23.531+0000] {logging_mixin.py:188} INFO - [2025-08-02T02:27:23.531+0000] {dagbag.py:540} INFO - Filling up the DagBag from /home/airflow/.local/lib/python3.8/site-packages/airflow/example_dags/example_skip_dag.py
[2025-08-02T02:27:23.540+0000] {processor.py:840} INFO - DAG(s) 'example_skip_dag' retrieved from /home/airflow/.local/lib/python3.8/site-packages/airflow/example_dags/example_skip_dag.py
[2025-08-02T02:27:23.590+0000] {logging_mixin.py:188} INFO - [2025-08-02T02:27:23.590+0000] {dag.py:3047} INFO - Sync 1 DAGs
[2025-08-02T02:27:23.656+0000] {logging_mixin.py:188} INFO - [2025-08-02T02:27:23.656+0000] {dag.py:3834} INFO - Setting next_dagrun for example_skip_dag to 2025-08-01 00:00:00+00:00, run_after=2025-08-02 00:00:00+00:00
[2025-08-02T02:27:23.719+0000] {processor.py:183} INFO - Processing /home/airflow/.local/lib/python3.8/site-packages/airflow/example_dags/example_skip_dag.py took 0.200 seconds
[2025-08-02T02:27:57.394+0000] {processor.py:161} INFO - Started process (PID=4293) to work on /home/airflow/.local/lib/python3.8/site-packages/airflow/example_dags/example_skip_dag.py
[2025-08-02T02:27:57.396+0000] {processor.py:830} INFO - Processing file /home/airflow/.local/lib/python3.8/site-packages/airflow/example_dags/example_skip_dag.py for tasks to queue
[2025-08-02T02:27:57.396+0000] {logging_mixin.py:188} INFO - [2025-08-02T02:27:57.396+0000] {dagbag.py:540} INFO - Filling up the DagBag from /home/airflow/.local/lib/python3.8/site-packages/airflow/example_dags/example_skip_dag.py
[2025-08-02T02:27:57.404+0000] {processor.py:840} INFO - DAG(s) 'example_skip_dag' retrieved from /home/airflow/.local/lib/python3.8/site-packages/airflow/example_dags/example_skip_dag.py
[2025-08-02T02:27:57.424+0000] {logging_mixin.py:188} INFO - [2025-08-02T02:27:57.424+0000] {dag.py:3047} INFO - Sync 1 DAGs
[2025-08-02T02:27:57.445+0000] {logging_mixin.py:188} INFO - [2025-08-02T02:27:57.445+0000] {dag.py:3834} INFO - Setting next_dagrun for example_skip_dag to 2025-08-01 00:00:00+00:00, run_after=2025-08-02 00:00:00+00:00
[2025-08-02T02:27:57.475+0000] {processor.py:183} INFO - Processing /home/airflow/.local/lib/python3.8/site-packages/airflow/example_dags/example_skip_dag.py took 0.085 seconds
[2025-08-02T02:28:29.942+0000] {processor.py:161} INFO - Started process (PID=4347) to work on /home/airflow/.local/lib/python3.8/site-packages/airflow/example_dags/example_skip_dag.py
[2025-08-02T02:28:29.943+0000] {processor.py:830} INFO - Processing file /home/airflow/.local/lib/python3.8/site-packages/airflow/example_dags/example_skip_dag.py for tasks to queue
[2025-08-02T02:28:29.944+0000] {logging_mixin.py:188} INFO - [2025-08-02T02:28:29.944+0000] {dagbag.py:540} INFO - Filling up the DagBag from /home/airflow/.local/lib/python3.8/site-packages/airflow/example_dags/example_skip_dag.py
[2025-08-02T02:28:29.951+0000] {processor.py:840} INFO - DAG(s) 'example_skip_dag' retrieved from /home/airflow/.local/lib/python3.8/site-packages/airflow/example_dags/example_skip_dag.py
[2025-08-02T02:28:30.015+0000] {logging_mixin.py:188} INFO - [2025-08-02T02:28:30.015+0000] {dag.py:3047} INFO - Sync 1 DAGs
[2025-08-02T02:28:30.047+0000] {logging_mixin.py:188} INFO - [2025-08-02T02:28:30.047+0000] {dag.py:3834} INFO - Setting next_dagrun for example_skip_dag to 2025-08-01 00:00:00+00:00, run_after=2025-08-02 00:00:00+00:00
[2025-08-02T02:28:30.097+0000] {processor.py:183} INFO - Processing /home/airflow/.local/lib/python3.8/site-packages/airflow/example_dags/example_skip_dag.py took 0.159 seconds
[2025-08-02T02:29:13.181+0000] {processor.py:161} INFO - Started process (PID=4392) to work on /home/airflow/.local/lib/python3.8/site-packages/airflow/example_dags/example_skip_dag.py
[2025-08-02T02:29:13.182+0000] {processor.py:830} INFO - Processing file /home/airflow/.local/lib/python3.8/site-packages/airflow/example_dags/example_skip_dag.py for tasks to queue
[2025-08-02T02:29:13.184+0000] {logging_mixin.py:188} INFO - [2025-08-02T02:29:13.184+0000] {dagbag.py:540} INFO - Filling up the DagBag from /home/airflow/.local/lib/python3.8/site-packages/airflow/example_dags/example_skip_dag.py
[2025-08-02T02:29:13.198+0000] {processor.py:840} INFO - DAG(s) 'example_skip_dag' retrieved from /home/airflow/.local/lib/python3.8/site-packages/airflow/example_dags/example_skip_dag.py
[2025-08-02T02:29:13.282+0000] {logging_mixin.py:188} INFO - [2025-08-02T02:29:13.281+0000] {dag.py:3047} INFO - Sync 1 DAGs
[2025-08-02T02:29:13.325+0000] {logging_mixin.py:188} INFO - [2025-08-02T02:29:13.325+0000] {dag.py:3834} INFO - Setting next_dagrun for example_skip_dag to 2025-08-01 00:00:00+00:00, run_after=2025-08-02 00:00:00+00:00
[2025-08-02T02:29:13.412+0000] {processor.py:183} INFO - Processing /home/airflow/.local/lib/python3.8/site-packages/airflow/example_dags/example_skip_dag.py took 0.236 seconds
[2025-08-02T02:29:44.781+0000] {processor.py:161} INFO - Started process (PID=4448) to work on /home/airflow/.local/lib/python3.8/site-packages/airflow/example_dags/example_skip_dag.py
[2025-08-02T02:29:44.784+0000] {processor.py:830} INFO - Processing file /home/airflow/.local/lib/python3.8/site-packages/airflow/example_dags/example_skip_dag.py for tasks to queue
[2025-08-02T02:29:44.787+0000] {logging_mixin.py:188} INFO - [2025-08-02T02:29:44.786+0000] {dagbag.py:540} INFO - Filling up the DagBag from /home/airflow/.local/lib/python3.8/site-packages/airflow/example_dags/example_skip_dag.py
[2025-08-02T02:29:44.823+0000] {processor.py:840} INFO - DAG(s) 'example_skip_dag' retrieved from /home/airflow/.local/lib/python3.8/site-packages/airflow/example_dags/example_skip_dag.py
[2025-08-02T02:29:45.003+0000] {logging_mixin.py:188} INFO - [2025-08-02T02:29:45.000+0000] {dag.py:3047} INFO - Sync 1 DAGs
[2025-08-02T02:29:45.313+0000] {logging_mixin.py:188} INFO - [2025-08-02T02:29:45.308+0000] {dag.py:3834} INFO - Setting next_dagrun for example_skip_dag to 2025-08-01 00:00:00+00:00, run_after=2025-08-02 00:00:00+00:00
[2025-08-02T02:29:45.790+0000] {processor.py:183} INFO - Processing /home/airflow/.local/lib/python3.8/site-packages/airflow/example_dags/example_skip_dag.py took 1.014 seconds
[2025-08-02T02:30:21.628+0000] {processor.py:161} INFO - Started process (PID=4503) to work on /home/airflow/.local/lib/python3.8/site-packages/airflow/example_dags/example_skip_dag.py
[2025-08-02T02:30:21.632+0000] {processor.py:830} INFO - Processing file /home/airflow/.local/lib/python3.8/site-packages/airflow/example_dags/example_skip_dag.py for tasks to queue
[2025-08-02T02:30:21.633+0000] {logging_mixin.py:188} INFO - [2025-08-02T02:30:21.633+0000] {dagbag.py:540} INFO - Filling up the DagBag from /home/airflow/.local/lib/python3.8/site-packages/airflow/example_dags/example_skip_dag.py
[2025-08-02T02:30:21.652+0000] {processor.py:840} INFO - DAG(s) 'example_skip_dag' retrieved from /home/airflow/.local/lib/python3.8/site-packages/airflow/example_dags/example_skip_dag.py
[2025-08-02T02:30:21.729+0000] {logging_mixin.py:188} INFO - [2025-08-02T02:30:21.728+0000] {dag.py:3047} INFO - Sync 1 DAGs
[2025-08-02T02:30:21.765+0000] {logging_mixin.py:188} INFO - [2025-08-02T02:30:21.765+0000] {dag.py:3834} INFO - Setting next_dagrun for example_skip_dag to 2025-08-01 00:00:00+00:00, run_after=2025-08-02 00:00:00+00:00
[2025-08-02T02:30:21.811+0000] {processor.py:183} INFO - Processing /home/airflow/.local/lib/python3.8/site-packages/airflow/example_dags/example_skip_dag.py took 0.199 seconds
[2025-08-02T02:30:54.061+0000] {processor.py:161} INFO - Started process (PID=4552) to work on /home/airflow/.local/lib/python3.8/site-packages/airflow/example_dags/example_skip_dag.py
[2025-08-02T02:30:54.064+0000] {processor.py:830} INFO - Processing file /home/airflow/.local/lib/python3.8/site-packages/airflow/example_dags/example_skip_dag.py for tasks to queue
[2025-08-02T02:30:54.068+0000] {logging_mixin.py:188} INFO - [2025-08-02T02:30:54.067+0000] {dagbag.py:540} INFO - Filling up the DagBag from /home/airflow/.local/lib/python3.8/site-packages/airflow/example_dags/example_skip_dag.py
[2025-08-02T02:30:54.095+0000] {processor.py:840} INFO - DAG(s) 'example_skip_dag' retrieved from /home/airflow/.local/lib/python3.8/site-packages/airflow/example_dags/example_skip_dag.py
[2025-08-02T02:30:54.200+0000] {logging_mixin.py:188} INFO - [2025-08-02T02:30:54.199+0000] {dag.py:3047} INFO - Sync 1 DAGs
[2025-08-02T02:30:54.261+0000] {logging_mixin.py:188} INFO - [2025-08-02T02:30:54.261+0000] {dag.py:3834} INFO - Setting next_dagrun for example_skip_dag to 2025-08-01 00:00:00+00:00, run_after=2025-08-02 00:00:00+00:00
[2025-08-02T02:30:54.295+0000] {processor.py:183} INFO - Processing /home/airflow/.local/lib/python3.8/site-packages/airflow/example_dags/example_skip_dag.py took 0.243 seconds
[2025-08-02T02:36:56.098+0000] {processor.py:161} INFO - Started process (PID=93) to work on /home/airflow/.local/lib/python3.8/site-packages/airflow/example_dags/example_skip_dag.py
[2025-08-02T02:36:56.099+0000] {processor.py:830} INFO - Processing file /home/airflow/.local/lib/python3.8/site-packages/airflow/example_dags/example_skip_dag.py for tasks to queue
[2025-08-02T02:36:56.100+0000] {logging_mixin.py:188} INFO - [2025-08-02T02:36:56.100+0000] {dagbag.py:540} INFO - Filling up the DagBag from /home/airflow/.local/lib/python3.8/site-packages/airflow/example_dags/example_skip_dag.py
[2025-08-02T02:36:56.107+0000] {processor.py:840} INFO - DAG(s) 'example_skip_dag' retrieved from /home/airflow/.local/lib/python3.8/site-packages/airflow/example_dags/example_skip_dag.py
[2025-08-02T02:36:56.397+0000] {logging_mixin.py:188} INFO - [2025-08-02T02:36:56.397+0000] {dag.py:3047} INFO - Sync 1 DAGs
[2025-08-02T02:36:56.456+0000] {logging_mixin.py:188} INFO - [2025-08-02T02:36:56.456+0000] {dag.py:3834} INFO - Setting next_dagrun for example_skip_dag to 2025-08-01 00:00:00+00:00, run_after=2025-08-02 00:00:00+00:00
[2025-08-02T02:36:56.529+0000] {processor.py:183} INFO - Processing /home/airflow/.local/lib/python3.8/site-packages/airflow/example_dags/example_skip_dag.py took 0.433 seconds
[2025-08-02T02:37:26.618+0000] {processor.py:161} INFO - Started process (PID=149) to work on /home/airflow/.local/lib/python3.8/site-packages/airflow/example_dags/example_skip_dag.py
[2025-08-02T02:37:26.621+0000] {processor.py:830} INFO - Processing file /home/airflow/.local/lib/python3.8/site-packages/airflow/example_dags/example_skip_dag.py for tasks to queue
[2025-08-02T02:37:26.626+0000] {logging_mixin.py:188} INFO - [2025-08-02T02:37:26.626+0000] {dagbag.py:540} INFO - Filling up the DagBag from /home/airflow/.local/lib/python3.8/site-packages/airflow/example_dags/example_skip_dag.py
[2025-08-02T02:37:26.644+0000] {processor.py:840} INFO - DAG(s) 'example_skip_dag' retrieved from /home/airflow/.local/lib/python3.8/site-packages/airflow/example_dags/example_skip_dag.py
[2025-08-02T02:37:26.664+0000] {logging_mixin.py:188} INFO - [2025-08-02T02:37:26.664+0000] {dag.py:3047} INFO - Sync 1 DAGs
[2025-08-02T02:37:26.689+0000] {logging_mixin.py:188} INFO - [2025-08-02T02:37:26.689+0000] {dag.py:3834} INFO - Setting next_dagrun for example_skip_dag to 2025-08-01 00:00:00+00:00, run_after=2025-08-02 00:00:00+00:00
[2025-08-02T02:37:26.713+0000] {processor.py:183} INFO - Processing /home/airflow/.local/lib/python3.8/site-packages/airflow/example_dags/example_skip_dag.py took 0.101 seconds
[2025-08-02T02:37:58.021+0000] {processor.py:161} INFO - Started process (PID=205) to work on /home/airflow/.local/lib/python3.8/site-packages/airflow/example_dags/example_skip_dag.py
[2025-08-02T02:37:58.023+0000] {processor.py:830} INFO - Processing file /home/airflow/.local/lib/python3.8/site-packages/airflow/example_dags/example_skip_dag.py for tasks to queue
[2025-08-02T02:37:58.026+0000] {logging_mixin.py:188} INFO - [2025-08-02T02:37:58.025+0000] {dagbag.py:540} INFO - Filling up the DagBag from /home/airflow/.local/lib/python3.8/site-packages/airflow/example_dags/example_skip_dag.py
[2025-08-02T02:37:58.034+0000] {processor.py:840} INFO - DAG(s) 'example_skip_dag' retrieved from /home/airflow/.local/lib/python3.8/site-packages/airflow/example_dags/example_skip_dag.py
[2025-08-02T02:37:58.091+0000] {logging_mixin.py:188} INFO - [2025-08-02T02:37:58.090+0000] {dag.py:3047} INFO - Sync 1 DAGs
[2025-08-02T02:37:58.153+0000] {logging_mixin.py:188} INFO - [2025-08-02T02:37:58.153+0000] {dag.py:3834} INFO - Setting next_dagrun for example_skip_dag to 2025-08-01 00:00:00+00:00, run_after=2025-08-02 00:00:00+00:00
[2025-08-02T02:37:58.200+0000] {processor.py:183} INFO - Processing /home/airflow/.local/lib/python3.8/site-packages/airflow/example_dags/example_skip_dag.py took 0.183 seconds
[2025-08-02T02:38:28.973+0000] {processor.py:161} INFO - Started process (PID=261) to work on /home/airflow/.local/lib/python3.8/site-packages/airflow/example_dags/example_skip_dag.py
[2025-08-02T02:38:28.974+0000] {processor.py:830} INFO - Processing file /home/airflow/.local/lib/python3.8/site-packages/airflow/example_dags/example_skip_dag.py for tasks to queue
[2025-08-02T02:38:28.975+0000] {logging_mixin.py:188} INFO - [2025-08-02T02:38:28.975+0000] {dagbag.py:540} INFO - Filling up the DagBag from /home/airflow/.local/lib/python3.8/site-packages/airflow/example_dags/example_skip_dag.py
[2025-08-02T02:38:28.980+0000] {processor.py:840} INFO - DAG(s) 'example_skip_dag' retrieved from /home/airflow/.local/lib/python3.8/site-packages/airflow/example_dags/example_skip_dag.py
[2025-08-02T02:38:28.996+0000] {logging_mixin.py:188} INFO - [2025-08-02T02:38:28.995+0000] {dag.py:3047} INFO - Sync 1 DAGs
[2025-08-02T02:38:29.023+0000] {logging_mixin.py:188} INFO - [2025-08-02T02:38:29.022+0000] {dag.py:3834} INFO - Setting next_dagrun for example_skip_dag to 2025-08-01 00:00:00+00:00, run_after=2025-08-02 00:00:00+00:00
[2025-08-02T02:38:29.042+0000] {processor.py:183} INFO - Processing /home/airflow/.local/lib/python3.8/site-packages/airflow/example_dags/example_skip_dag.py took 0.074 seconds
[2025-08-02T02:38:59.371+0000] {processor.py:161} INFO - Started process (PID=317) to work on /home/airflow/.local/lib/python3.8/site-packages/airflow/example_dags/example_skip_dag.py
[2025-08-02T02:38:59.371+0000] {processor.py:830} INFO - Processing file /home/airflow/.local/lib/python3.8/site-packages/airflow/example_dags/example_skip_dag.py for tasks to queue
[2025-08-02T02:38:59.372+0000] {logging_mixin.py:188} INFO - [2025-08-02T02:38:59.372+0000] {dagbag.py:540} INFO - Filling up the DagBag from /home/airflow/.local/lib/python3.8/site-packages/airflow/example_dags/example_skip_dag.py
[2025-08-02T02:38:59.377+0000] {processor.py:840} INFO - DAG(s) 'example_skip_dag' retrieved from /home/airflow/.local/lib/python3.8/site-packages/airflow/example_dags/example_skip_dag.py
[2025-08-02T02:38:59.393+0000] {logging_mixin.py:188} INFO - [2025-08-02T02:38:59.393+0000] {dag.py:3047} INFO - Sync 1 DAGs
[2025-08-02T02:38:59.441+0000] {logging_mixin.py:188} INFO - [2025-08-02T02:38:59.441+0000] {dag.py:3834} INFO - Setting next_dagrun for example_skip_dag to 2025-08-01 00:00:00+00:00, run_after=2025-08-02 00:00:00+00:00
[2025-08-02T02:38:59.463+0000] {processor.py:183} INFO - Processing /home/airflow/.local/lib/python3.8/site-packages/airflow/example_dags/example_skip_dag.py took 0.094 seconds
[2025-08-02T02:39:30.408+0000] {processor.py:161} INFO - Started process (PID=372) to work on /home/airflow/.local/lib/python3.8/site-packages/airflow/example_dags/example_skip_dag.py
[2025-08-02T02:39:30.409+0000] {processor.py:830} INFO - Processing file /home/airflow/.local/lib/python3.8/site-packages/airflow/example_dags/example_skip_dag.py for tasks to queue
[2025-08-02T02:39:30.411+0000] {logging_mixin.py:188} INFO - [2025-08-02T02:39:30.411+0000] {dagbag.py:540} INFO - Filling up the DagBag from /home/airflow/.local/lib/python3.8/site-packages/airflow/example_dags/example_skip_dag.py
[2025-08-02T02:39:30.416+0000] {processor.py:840} INFO - DAG(s) 'example_skip_dag' retrieved from /home/airflow/.local/lib/python3.8/site-packages/airflow/example_dags/example_skip_dag.py
[2025-08-02T02:39:30.447+0000] {logging_mixin.py:188} INFO - [2025-08-02T02:39:30.447+0000] {dag.py:3047} INFO - Sync 1 DAGs
[2025-08-02T02:39:30.472+0000] {logging_mixin.py:188} INFO - [2025-08-02T02:39:30.471+0000] {dag.py:3834} INFO - Setting next_dagrun for example_skip_dag to 2025-08-01 00:00:00+00:00, run_after=2025-08-02 00:00:00+00:00
[2025-08-02T02:39:30.486+0000] {processor.py:183} INFO - Processing /home/airflow/.local/lib/python3.8/site-packages/airflow/example_dags/example_skip_dag.py took 0.081 seconds
[2025-08-02T02:40:00.827+0000] {processor.py:161} INFO - Started process (PID=428) to work on /home/airflow/.local/lib/python3.8/site-packages/airflow/example_dags/example_skip_dag.py
[2025-08-02T02:40:00.828+0000] {processor.py:830} INFO - Processing file /home/airflow/.local/lib/python3.8/site-packages/airflow/example_dags/example_skip_dag.py for tasks to queue
[2025-08-02T02:40:00.829+0000] {logging_mixin.py:188} INFO - [2025-08-02T02:40:00.829+0000] {dagbag.py:540} INFO - Filling up the DagBag from /home/airflow/.local/lib/python3.8/site-packages/airflow/example_dags/example_skip_dag.py
[2025-08-02T02:40:00.839+0000] {processor.py:840} INFO - DAG(s) 'example_skip_dag' retrieved from /home/airflow/.local/lib/python3.8/site-packages/airflow/example_dags/example_skip_dag.py
[2025-08-02T02:40:00.872+0000] {logging_mixin.py:188} INFO - [2025-08-02T02:40:00.872+0000] {dag.py:3047} INFO - Sync 1 DAGs
[2025-08-02T02:40:00.926+0000] {logging_mixin.py:188} INFO - [2025-08-02T02:40:00.925+0000] {dag.py:3834} INFO - Setting next_dagrun for example_skip_dag to 2025-08-01 00:00:00+00:00, run_after=2025-08-02 00:00:00+00:00
[2025-08-02T02:40:00.976+0000] {processor.py:183} INFO - Processing /home/airflow/.local/lib/python3.8/site-packages/airflow/example_dags/example_skip_dag.py took 0.156 seconds
[2025-08-02T02:40:31.202+0000] {processor.py:161} INFO - Started process (PID=484) to work on /home/airflow/.local/lib/python3.8/site-packages/airflow/example_dags/example_skip_dag.py
[2025-08-02T02:40:31.203+0000] {processor.py:830} INFO - Processing file /home/airflow/.local/lib/python3.8/site-packages/airflow/example_dags/example_skip_dag.py for tasks to queue
[2025-08-02T02:40:31.204+0000] {logging_mixin.py:188} INFO - [2025-08-02T02:40:31.204+0000] {dagbag.py:540} INFO - Filling up the DagBag from /home/airflow/.local/lib/python3.8/site-packages/airflow/example_dags/example_skip_dag.py
[2025-08-02T02:40:31.208+0000] {processor.py:840} INFO - DAG(s) 'example_skip_dag' retrieved from /home/airflow/.local/lib/python3.8/site-packages/airflow/example_dags/example_skip_dag.py
[2025-08-02T02:40:31.219+0000] {logging_mixin.py:188} INFO - [2025-08-02T02:40:31.219+0000] {dag.py:3047} INFO - Sync 1 DAGs
[2025-08-02T02:40:31.231+0000] {logging_mixin.py:188} INFO - [2025-08-02T02:40:31.231+0000] {dag.py:3834} INFO - Setting next_dagrun for example_skip_dag to 2025-08-01 00:00:00+00:00, run_after=2025-08-02 00:00:00+00:00
[2025-08-02T02:40:31.240+0000] {processor.py:183} INFO - Processing /home/airflow/.local/lib/python3.8/site-packages/airflow/example_dags/example_skip_dag.py took 0.040 seconds
[2025-08-02T02:41:01.548+0000] {processor.py:161} INFO - Started process (PID=540) to work on /home/airflow/.local/lib/python3.8/site-packages/airflow/example_dags/example_skip_dag.py
[2025-08-02T02:41:01.549+0000] {processor.py:830} INFO - Processing file /home/airflow/.local/lib/python3.8/site-packages/airflow/example_dags/example_skip_dag.py for tasks to queue
[2025-08-02T02:41:01.551+0000] {logging_mixin.py:188} INFO - [2025-08-02T02:41:01.550+0000] {dagbag.py:540} INFO - Filling up the DagBag from /home/airflow/.local/lib/python3.8/site-packages/airflow/example_dags/example_skip_dag.py
[2025-08-02T02:41:01.556+0000] {processor.py:840} INFO - DAG(s) 'example_skip_dag' retrieved from /home/airflow/.local/lib/python3.8/site-packages/airflow/example_dags/example_skip_dag.py
[2025-08-02T02:41:01.577+0000] {logging_mixin.py:188} INFO - [2025-08-02T02:41:01.577+0000] {dag.py:3047} INFO - Sync 1 DAGs
[2025-08-02T02:41:01.592+0000] {logging_mixin.py:188} INFO - [2025-08-02T02:41:01.592+0000] {dag.py:3834} INFO - Setting next_dagrun for example_skip_dag to 2025-08-01 00:00:00+00:00, run_after=2025-08-02 00:00:00+00:00
[2025-08-02T02:41:01.637+0000] {processor.py:183} INFO - Processing /home/airflow/.local/lib/python3.8/site-packages/airflow/example_dags/example_skip_dag.py took 0.091 seconds
[2025-08-02T02:41:32.283+0000] {processor.py:161} INFO - Started process (PID=596) to work on /home/airflow/.local/lib/python3.8/site-packages/airflow/example_dags/example_skip_dag.py
[2025-08-02T02:41:32.284+0000] {processor.py:830} INFO - Processing file /home/airflow/.local/lib/python3.8/site-packages/airflow/example_dags/example_skip_dag.py for tasks to queue
[2025-08-02T02:41:32.286+0000] {logging_mixin.py:188} INFO - [2025-08-02T02:41:32.285+0000] {dagbag.py:540} INFO - Filling up the DagBag from /home/airflow/.local/lib/python3.8/site-packages/airflow/example_dags/example_skip_dag.py
[2025-08-02T02:41:32.292+0000] {processor.py:840} INFO - DAG(s) 'example_skip_dag' retrieved from /home/airflow/.local/lib/python3.8/site-packages/airflow/example_dags/example_skip_dag.py
[2025-08-02T02:41:32.314+0000] {logging_mixin.py:188} INFO - [2025-08-02T02:41:32.314+0000] {dag.py:3047} INFO - Sync 1 DAGs
[2025-08-02T02:41:32.328+0000] {logging_mixin.py:188} INFO - [2025-08-02T02:41:32.328+0000] {dag.py:3834} INFO - Setting next_dagrun for example_skip_dag to 2025-08-01 00:00:00+00:00, run_after=2025-08-02 00:00:00+00:00
[2025-08-02T02:41:32.349+0000] {processor.py:183} INFO - Processing /home/airflow/.local/lib/python3.8/site-packages/airflow/example_dags/example_skip_dag.py took 0.069 seconds
[2025-08-02T02:42:02.635+0000] {processor.py:161} INFO - Started process (PID=652) to work on /home/airflow/.local/lib/python3.8/site-packages/airflow/example_dags/example_skip_dag.py
[2025-08-02T02:42:02.638+0000] {processor.py:830} INFO - Processing file /home/airflow/.local/lib/python3.8/site-packages/airflow/example_dags/example_skip_dag.py for tasks to queue
[2025-08-02T02:42:02.640+0000] {logging_mixin.py:188} INFO - [2025-08-02T02:42:02.640+0000] {dagbag.py:540} INFO - Filling up the DagBag from /home/airflow/.local/lib/python3.8/site-packages/airflow/example_dags/example_skip_dag.py
[2025-08-02T02:42:02.649+0000] {processor.py:840} INFO - DAG(s) 'example_skip_dag' retrieved from /home/airflow/.local/lib/python3.8/site-packages/airflow/example_dags/example_skip_dag.py
[2025-08-02T02:42:02.663+0000] {logging_mixin.py:188} INFO - [2025-08-02T02:42:02.663+0000] {dag.py:3047} INFO - Sync 1 DAGs
[2025-08-02T02:42:02.676+0000] {logging_mixin.py:188} INFO - [2025-08-02T02:42:02.676+0000] {dag.py:3834} INFO - Setting next_dagrun for example_skip_dag to 2025-08-01 00:00:00+00:00, run_after=2025-08-02 00:00:00+00:00
[2025-08-02T02:42:02.686+0000] {processor.py:183} INFO - Processing /home/airflow/.local/lib/python3.8/site-packages/airflow/example_dags/example_skip_dag.py took 0.053 seconds
[2025-08-02T02:42:32.950+0000] {processor.py:161} INFO - Started process (PID=708) to work on /home/airflow/.local/lib/python3.8/site-packages/airflow/example_dags/example_skip_dag.py
[2025-08-02T02:42:32.951+0000] {processor.py:830} INFO - Processing file /home/airflow/.local/lib/python3.8/site-packages/airflow/example_dags/example_skip_dag.py for tasks to queue
[2025-08-02T02:42:32.952+0000] {logging_mixin.py:188} INFO - [2025-08-02T02:42:32.952+0000] {dagbag.py:540} INFO - Filling up the DagBag from /home/airflow/.local/lib/python3.8/site-packages/airflow/example_dags/example_skip_dag.py
[2025-08-02T02:42:32.957+0000] {processor.py:840} INFO - DAG(s) 'example_skip_dag' retrieved from /home/airflow/.local/lib/python3.8/site-packages/airflow/example_dags/example_skip_dag.py
[2025-08-02T02:42:32.969+0000] {logging_mixin.py:188} INFO - [2025-08-02T02:42:32.969+0000] {dag.py:3047} INFO - Sync 1 DAGs
[2025-08-02T02:42:32.981+0000] {logging_mixin.py:188} INFO - [2025-08-02T02:42:32.981+0000] {dag.py:3834} INFO - Setting next_dagrun for example_skip_dag to 2025-08-01 00:00:00+00:00, run_after=2025-08-02 00:00:00+00:00
[2025-08-02T02:42:32.991+0000] {processor.py:183} INFO - Processing /home/airflow/.local/lib/python3.8/site-packages/airflow/example_dags/example_skip_dag.py took 0.044 seconds
[2025-08-02T02:46:28.525+0000] {processor.py:161} INFO - Started process (PID=93) to work on /home/airflow/.local/lib/python3.8/site-packages/airflow/example_dags/example_skip_dag.py
[2025-08-02T02:46:28.528+0000] {processor.py:830} INFO - Processing file /home/airflow/.local/lib/python3.8/site-packages/airflow/example_dags/example_skip_dag.py for tasks to queue
[2025-08-02T02:46:28.533+0000] {logging_mixin.py:188} INFO - [2025-08-02T02:46:28.532+0000] {dagbag.py:540} INFO - Filling up the DagBag from /home/airflow/.local/lib/python3.8/site-packages/airflow/example_dags/example_skip_dag.py
[2025-08-02T02:46:28.551+0000] {processor.py:840} INFO - DAG(s) 'example_skip_dag' retrieved from /home/airflow/.local/lib/python3.8/site-packages/airflow/example_dags/example_skip_dag.py
[2025-08-02T02:46:28.955+0000] {logging_mixin.py:188} INFO - [2025-08-02T02:46:28.954+0000] {dag.py:3047} INFO - Sync 1 DAGs
[2025-08-02T02:46:29.053+0000] {logging_mixin.py:188} INFO - [2025-08-02T02:46:29.052+0000] {dag.py:3834} INFO - Setting next_dagrun for example_skip_dag to 2025-08-01 00:00:00+00:00, run_after=2025-08-02 00:00:00+00:00
[2025-08-02T02:46:29.145+0000] {processor.py:183} INFO - Processing /home/airflow/.local/lib/python3.8/site-packages/airflow/example_dags/example_skip_dag.py took 0.627 seconds
[2025-08-02T02:47:07.535+0000] {processor.py:161} INFO - Started process (PID=150) to work on /home/airflow/.local/lib/python3.8/site-packages/airflow/example_dags/example_skip_dag.py
[2025-08-02T02:47:07.539+0000] {processor.py:830} INFO - Processing file /home/airflow/.local/lib/python3.8/site-packages/airflow/example_dags/example_skip_dag.py for tasks to queue
[2025-08-02T02:47:07.540+0000] {logging_mixin.py:188} INFO - [2025-08-02T02:47:07.540+0000] {dagbag.py:540} INFO - Filling up the DagBag from /home/airflow/.local/lib/python3.8/site-packages/airflow/example_dags/example_skip_dag.py
[2025-08-02T02:47:07.546+0000] {processor.py:840} INFO - DAG(s) 'example_skip_dag' retrieved from /home/airflow/.local/lib/python3.8/site-packages/airflow/example_dags/example_skip_dag.py
[2025-08-02T02:47:07.571+0000] {logging_mixin.py:188} INFO - [2025-08-02T02:47:07.571+0000] {dag.py:3047} INFO - Sync 1 DAGs
[2025-08-02T02:47:07.596+0000] {logging_mixin.py:188} INFO - [2025-08-02T02:47:07.596+0000] {dag.py:3834} INFO - Setting next_dagrun for example_skip_dag to 2025-08-01 00:00:00+00:00, run_after=2025-08-02 00:00:00+00:00
[2025-08-02T02:47:07.618+0000] {processor.py:183} INFO - Processing /home/airflow/.local/lib/python3.8/site-packages/airflow/example_dags/example_skip_dag.py took 0.086 seconds
[2025-08-02T02:47:41.000+0000] {processor.py:161} INFO - Started process (PID=206) to work on /home/airflow/.local/lib/python3.8/site-packages/airflow/example_dags/example_skip_dag.py
[2025-08-02T02:47:41.007+0000] {processor.py:830} INFO - Processing file /home/airflow/.local/lib/python3.8/site-packages/airflow/example_dags/example_skip_dag.py for tasks to queue
[2025-08-02T02:47:41.012+0000] {logging_mixin.py:188} INFO - [2025-08-02T02:47:41.011+0000] {dagbag.py:540} INFO - Filling up the DagBag from /home/airflow/.local/lib/python3.8/site-packages/airflow/example_dags/example_skip_dag.py
[2025-08-02T02:47:41.031+0000] {processor.py:840} INFO - DAG(s) 'example_skip_dag' retrieved from /home/airflow/.local/lib/python3.8/site-packages/airflow/example_dags/example_skip_dag.py
[2025-08-02T02:47:41.318+0000] {logging_mixin.py:188} INFO - [2025-08-02T02:47:41.317+0000] {dag.py:3047} INFO - Sync 1 DAGs
[2025-08-02T02:47:41.379+0000] {logging_mixin.py:188} INFO - [2025-08-02T02:47:41.378+0000] {dag.py:3834} INFO - Setting next_dagrun for example_skip_dag to 2025-08-01 00:00:00+00:00, run_after=2025-08-02 00:00:00+00:00
[2025-08-02T02:47:41.472+0000] {processor.py:183} INFO - Processing /home/airflow/.local/lib/python3.8/site-packages/airflow/example_dags/example_skip_dag.py took 0.491 seconds
[2025-08-02T02:48:12.140+0000] {processor.py:161} INFO - Started process (PID=261) to work on /home/airflow/.local/lib/python3.8/site-packages/airflow/example_dags/example_skip_dag.py
[2025-08-02T02:48:12.153+0000] {processor.py:830} INFO - Processing file /home/airflow/.local/lib/python3.8/site-packages/airflow/example_dags/example_skip_dag.py for tasks to queue
[2025-08-02T02:48:12.157+0000] {logging_mixin.py:188} INFO - [2025-08-02T02:48:12.156+0000] {dagbag.py:540} INFO - Filling up the DagBag from /home/airflow/.local/lib/python3.8/site-packages/airflow/example_dags/example_skip_dag.py
[2025-08-02T02:48:12.167+0000] {processor.py:840} INFO - DAG(s) 'example_skip_dag' retrieved from /home/airflow/.local/lib/python3.8/site-packages/airflow/example_dags/example_skip_dag.py
[2025-08-02T02:48:12.203+0000] {logging_mixin.py:188} INFO - [2025-08-02T02:48:12.203+0000] {dag.py:3047} INFO - Sync 1 DAGs
[2025-08-02T02:48:12.224+0000] {logging_mixin.py:188} INFO - [2025-08-02T02:48:12.224+0000] {dag.py:3834} INFO - Setting next_dagrun for example_skip_dag to 2025-08-01 00:00:00+00:00, run_after=2025-08-02 00:00:00+00:00
[2025-08-02T02:48:12.245+0000] {processor.py:183} INFO - Processing /home/airflow/.local/lib/python3.8/site-packages/airflow/example_dags/example_skip_dag.py took 0.116 seconds
[2025-08-02T02:48:42.347+0000] {processor.py:161} INFO - Started process (PID=317) to work on /home/airflow/.local/lib/python3.8/site-packages/airflow/example_dags/example_skip_dag.py
[2025-08-02T02:48:42.350+0000] {processor.py:830} INFO - Processing file /home/airflow/.local/lib/python3.8/site-packages/airflow/example_dags/example_skip_dag.py for tasks to queue
[2025-08-02T02:48:42.355+0000] {logging_mixin.py:188} INFO - [2025-08-02T02:48:42.354+0000] {dagbag.py:540} INFO - Filling up the DagBag from /home/airflow/.local/lib/python3.8/site-packages/airflow/example_dags/example_skip_dag.py
[2025-08-02T02:48:42.367+0000] {processor.py:840} INFO - DAG(s) 'example_skip_dag' retrieved from /home/airflow/.local/lib/python3.8/site-packages/airflow/example_dags/example_skip_dag.py
[2025-08-02T02:48:42.417+0000] {logging_mixin.py:188} INFO - [2025-08-02T02:48:42.417+0000] {dag.py:3047} INFO - Sync 1 DAGs
[2025-08-02T02:48:42.437+0000] {logging_mixin.py:188} INFO - [2025-08-02T02:48:42.437+0000] {dag.py:3834} INFO - Setting next_dagrun for example_skip_dag to 2025-08-01 00:00:00+00:00, run_after=2025-08-02 00:00:00+00:00
[2025-08-02T02:48:42.457+0000] {processor.py:183} INFO - Processing /home/airflow/.local/lib/python3.8/site-packages/airflow/example_dags/example_skip_dag.py took 0.116 seconds
[2025-08-02T02:49:12.810+0000] {processor.py:161} INFO - Started process (PID=373) to work on /home/airflow/.local/lib/python3.8/site-packages/airflow/example_dags/example_skip_dag.py
[2025-08-02T02:49:12.812+0000] {processor.py:830} INFO - Processing file /home/airflow/.local/lib/python3.8/site-packages/airflow/example_dags/example_skip_dag.py for tasks to queue
[2025-08-02T02:49:12.815+0000] {logging_mixin.py:188} INFO - [2025-08-02T02:49:12.815+0000] {dagbag.py:540} INFO - Filling up the DagBag from /home/airflow/.local/lib/python3.8/site-packages/airflow/example_dags/example_skip_dag.py
[2025-08-02T02:49:12.822+0000] {processor.py:840} INFO - DAG(s) 'example_skip_dag' retrieved from /home/airflow/.local/lib/python3.8/site-packages/airflow/example_dags/example_skip_dag.py
[2025-08-02T02:49:12.846+0000] {logging_mixin.py:188} INFO - [2025-08-02T02:49:12.846+0000] {dag.py:3047} INFO - Sync 1 DAGs
[2025-08-02T02:49:12.862+0000] {logging_mixin.py:188} INFO - [2025-08-02T02:49:12.862+0000] {dag.py:3834} INFO - Setting next_dagrun for example_skip_dag to 2025-08-01 00:00:00+00:00, run_after=2025-08-02 00:00:00+00:00
[2025-08-02T02:49:12.890+0000] {processor.py:183} INFO - Processing /home/airflow/.local/lib/python3.8/site-packages/airflow/example_dags/example_skip_dag.py took 0.083 seconds
[2025-08-02T02:49:43.360+0000] {processor.py:161} INFO - Started process (PID=429) to work on /home/airflow/.local/lib/python3.8/site-packages/airflow/example_dags/example_skip_dag.py
[2025-08-02T02:49:43.363+0000] {processor.py:830} INFO - Processing file /home/airflow/.local/lib/python3.8/site-packages/airflow/example_dags/example_skip_dag.py for tasks to queue
[2025-08-02T02:49:43.369+0000] {logging_mixin.py:188} INFO - [2025-08-02T02:49:43.369+0000] {dagbag.py:540} INFO - Filling up the DagBag from /home/airflow/.local/lib/python3.8/site-packages/airflow/example_dags/example_skip_dag.py
[2025-08-02T02:49:43.412+0000] {processor.py:840} INFO - DAG(s) 'example_skip_dag' retrieved from /home/airflow/.local/lib/python3.8/site-packages/airflow/example_dags/example_skip_dag.py
[2025-08-02T02:49:43.466+0000] {logging_mixin.py:188} INFO - [2025-08-02T02:49:43.465+0000] {dag.py:3047} INFO - Sync 1 DAGs
[2025-08-02T02:49:43.518+0000] {logging_mixin.py:188} INFO - [2025-08-02T02:49:43.518+0000] {dag.py:3834} INFO - Setting next_dagrun for example_skip_dag to 2025-08-01 00:00:00+00:00, run_after=2025-08-02 00:00:00+00:00
[2025-08-02T02:49:43.540+0000] {processor.py:183} INFO - Processing /home/airflow/.local/lib/python3.8/site-packages/airflow/example_dags/example_skip_dag.py took 0.186 seconds
[2025-08-02T02:50:13.880+0000] {processor.py:161} INFO - Started process (PID=485) to work on /home/airflow/.local/lib/python3.8/site-packages/airflow/example_dags/example_skip_dag.py
[2025-08-02T02:50:13.883+0000] {processor.py:830} INFO - Processing file /home/airflow/.local/lib/python3.8/site-packages/airflow/example_dags/example_skip_dag.py for tasks to queue
[2025-08-02T02:50:13.887+0000] {logging_mixin.py:188} INFO - [2025-08-02T02:50:13.887+0000] {dagbag.py:540} INFO - Filling up the DagBag from /home/airflow/.local/lib/python3.8/site-packages/airflow/example_dags/example_skip_dag.py
[2025-08-02T02:50:13.893+0000] {processor.py:840} INFO - DAG(s) 'example_skip_dag' retrieved from /home/airflow/.local/lib/python3.8/site-packages/airflow/example_dags/example_skip_dag.py
[2025-08-02T02:50:13.929+0000] {logging_mixin.py:188} INFO - [2025-08-02T02:50:13.927+0000] {dag.py:3047} INFO - Sync 1 DAGs
[2025-08-02T02:50:13.958+0000] {logging_mixin.py:188} INFO - [2025-08-02T02:50:13.958+0000] {dag.py:3834} INFO - Setting next_dagrun for example_skip_dag to 2025-08-01 00:00:00+00:00, run_after=2025-08-02 00:00:00+00:00
[2025-08-02T02:50:14.008+0000] {processor.py:183} INFO - Processing /home/airflow/.local/lib/python3.8/site-packages/airflow/example_dags/example_skip_dag.py took 0.130 seconds
[2025-08-02T02:50:44.817+0000] {processor.py:161} INFO - Started process (PID=541) to work on /home/airflow/.local/lib/python3.8/site-packages/airflow/example_dags/example_skip_dag.py
[2025-08-02T02:50:44.819+0000] {processor.py:830} INFO - Processing file /home/airflow/.local/lib/python3.8/site-packages/airflow/example_dags/example_skip_dag.py for tasks to queue
[2025-08-02T02:50:44.824+0000] {logging_mixin.py:188} INFO - [2025-08-02T02:50:44.824+0000] {dagbag.py:540} INFO - Filling up the DagBag from /home/airflow/.local/lib/python3.8/site-packages/airflow/example_dags/example_skip_dag.py
[2025-08-02T02:50:44.834+0000] {processor.py:840} INFO - DAG(s) 'example_skip_dag' retrieved from /home/airflow/.local/lib/python3.8/site-packages/airflow/example_dags/example_skip_dag.py
[2025-08-02T02:50:44.877+0000] {logging_mixin.py:188} INFO - [2025-08-02T02:50:44.877+0000] {dag.py:3047} INFO - Sync 1 DAGs
[2025-08-02T02:50:44.898+0000] {logging_mixin.py:188} INFO - [2025-08-02T02:50:44.898+0000] {dag.py:3834} INFO - Setting next_dagrun for example_skip_dag to 2025-08-01 00:00:00+00:00, run_after=2025-08-02 00:00:00+00:00
[2025-08-02T02:50:44.918+0000] {processor.py:183} INFO - Processing /home/airflow/.local/lib/python3.8/site-packages/airflow/example_dags/example_skip_dag.py took 0.105 seconds
[2025-08-02T02:51:15.162+0000] {processor.py:161} INFO - Started process (PID=597) to work on /home/airflow/.local/lib/python3.8/site-packages/airflow/example_dags/example_skip_dag.py
[2025-08-02T02:51:15.165+0000] {processor.py:830} INFO - Processing file /home/airflow/.local/lib/python3.8/site-packages/airflow/example_dags/example_skip_dag.py for tasks to queue
[2025-08-02T02:51:15.169+0000] {logging_mixin.py:188} INFO - [2025-08-02T02:51:15.169+0000] {dagbag.py:540} INFO - Filling up the DagBag from /home/airflow/.local/lib/python3.8/site-packages/airflow/example_dags/example_skip_dag.py
[2025-08-02T02:51:15.180+0000] {processor.py:840} INFO - DAG(s) 'example_skip_dag' retrieved from /home/airflow/.local/lib/python3.8/site-packages/airflow/example_dags/example_skip_dag.py
[2025-08-02T02:51:15.226+0000] {logging_mixin.py:188} INFO - [2025-08-02T02:51:15.226+0000] {dag.py:3047} INFO - Sync 1 DAGs
[2025-08-02T02:51:15.250+0000] {logging_mixin.py:188} INFO - [2025-08-02T02:51:15.250+0000] {dag.py:3834} INFO - Setting next_dagrun for example_skip_dag to 2025-08-01 00:00:00+00:00, run_after=2025-08-02 00:00:00+00:00
[2025-08-02T02:51:15.272+0000] {processor.py:183} INFO - Processing /home/airflow/.local/lib/python3.8/site-packages/airflow/example_dags/example_skip_dag.py took 0.115 seconds
[2025-08-02T02:51:46.384+0000] {processor.py:161} INFO - Started process (PID=653) to work on /home/airflow/.local/lib/python3.8/site-packages/airflow/example_dags/example_skip_dag.py
[2025-08-02T02:51:46.385+0000] {processor.py:830} INFO - Processing file /home/airflow/.local/lib/python3.8/site-packages/airflow/example_dags/example_skip_dag.py for tasks to queue
[2025-08-02T02:51:46.390+0000] {logging_mixin.py:188} INFO - [2025-08-02T02:51:46.389+0000] {dagbag.py:540} INFO - Filling up the DagBag from /home/airflow/.local/lib/python3.8/site-packages/airflow/example_dags/example_skip_dag.py
[2025-08-02T02:51:46.421+0000] {processor.py:840} INFO - DAG(s) 'example_skip_dag' retrieved from /home/airflow/.local/lib/python3.8/site-packages/airflow/example_dags/example_skip_dag.py
[2025-08-02T02:51:46.478+0000] {logging_mixin.py:188} INFO - [2025-08-02T02:51:46.477+0000] {dag.py:3047} INFO - Sync 1 DAGs
[2025-08-02T02:51:46.508+0000] {logging_mixin.py:188} INFO - [2025-08-02T02:51:46.508+0000] {dag.py:3834} INFO - Setting next_dagrun for example_skip_dag to 2025-08-01 00:00:00+00:00, run_after=2025-08-02 00:00:00+00:00
[2025-08-02T02:51:46.527+0000] {processor.py:183} INFO - Processing /home/airflow/.local/lib/python3.8/site-packages/airflow/example_dags/example_skip_dag.py took 0.147 seconds
[2025-08-02T02:52:16.604+0000] {processor.py:161} INFO - Started process (PID=708) to work on /home/airflow/.local/lib/python3.8/site-packages/airflow/example_dags/example_skip_dag.py
[2025-08-02T02:52:16.607+0000] {processor.py:830} INFO - Processing file /home/airflow/.local/lib/python3.8/site-packages/airflow/example_dags/example_skip_dag.py for tasks to queue
[2025-08-02T02:52:16.613+0000] {logging_mixin.py:188} INFO - [2025-08-02T02:52:16.612+0000] {dagbag.py:540} INFO - Filling up the DagBag from /home/airflow/.local/lib/python3.8/site-packages/airflow/example_dags/example_skip_dag.py
[2025-08-02T02:52:16.638+0000] {processor.py:840} INFO - DAG(s) 'example_skip_dag' retrieved from /home/airflow/.local/lib/python3.8/site-packages/airflow/example_dags/example_skip_dag.py
[2025-08-02T02:52:16.695+0000] {logging_mixin.py:188} INFO - [2025-08-02T02:52:16.695+0000] {dag.py:3047} INFO - Sync 1 DAGs
[2025-08-02T02:52:16.719+0000] {logging_mixin.py:188} INFO - [2025-08-02T02:52:16.719+0000] {dag.py:3834} INFO - Setting next_dagrun for example_skip_dag to 2025-08-01 00:00:00+00:00, run_after=2025-08-02 00:00:00+00:00
[2025-08-02T02:52:16.738+0000] {processor.py:183} INFO - Processing /home/airflow/.local/lib/python3.8/site-packages/airflow/example_dags/example_skip_dag.py took 0.145 seconds
[2025-08-02T02:52:47.225+0000] {processor.py:161} INFO - Started process (PID=765) to work on /home/airflow/.local/lib/python3.8/site-packages/airflow/example_dags/example_skip_dag.py
[2025-08-02T02:52:47.227+0000] {processor.py:830} INFO - Processing file /home/airflow/.local/lib/python3.8/site-packages/airflow/example_dags/example_skip_dag.py for tasks to queue
[2025-08-02T02:52:47.230+0000] {logging_mixin.py:188} INFO - [2025-08-02T02:52:47.229+0000] {dagbag.py:540} INFO - Filling up the DagBag from /home/airflow/.local/lib/python3.8/site-packages/airflow/example_dags/example_skip_dag.py
[2025-08-02T02:52:47.242+0000] {processor.py:840} INFO - DAG(s) 'example_skip_dag' retrieved from /home/airflow/.local/lib/python3.8/site-packages/airflow/example_dags/example_skip_dag.py
[2025-08-02T02:52:47.294+0000] {logging_mixin.py:188} INFO - [2025-08-02T02:52:47.294+0000] {dag.py:3047} INFO - Sync 1 DAGs
[2025-08-02T02:52:47.319+0000] {logging_mixin.py:188} INFO - [2025-08-02T02:52:47.319+0000] {dag.py:3834} INFO - Setting next_dagrun for example_skip_dag to 2025-08-01 00:00:00+00:00, run_after=2025-08-02 00:00:00+00:00
[2025-08-02T02:52:47.344+0000] {processor.py:183} INFO - Processing /home/airflow/.local/lib/python3.8/site-packages/airflow/example_dags/example_skip_dag.py took 0.125 seconds
[2025-08-02T02:56:43.886+0000] {processor.py:161} INFO - Started process (PID=87) to work on /home/airflow/.local/lib/python3.8/site-packages/airflow/example_dags/example_skip_dag.py
[2025-08-02T02:56:43.888+0000] {processor.py:830} INFO - Processing file /home/airflow/.local/lib/python3.8/site-packages/airflow/example_dags/example_skip_dag.py for tasks to queue
[2025-08-02T02:56:43.893+0000] {logging_mixin.py:188} INFO - [2025-08-02T02:56:43.893+0000] {dagbag.py:540} INFO - Filling up the DagBag from /home/airflow/.local/lib/python3.8/site-packages/airflow/example_dags/example_skip_dag.py
[2025-08-02T02:56:43.907+0000] {processor.py:840} INFO - DAG(s) 'example_skip_dag' retrieved from /home/airflow/.local/lib/python3.8/site-packages/airflow/example_dags/example_skip_dag.py
[2025-08-02T02:56:44.273+0000] {logging_mixin.py:188} INFO - [2025-08-02T02:56:44.272+0000] {dag.py:3047} INFO - Sync 1 DAGs
[2025-08-02T02:56:44.353+0000] {logging_mixin.py:188} INFO - [2025-08-02T02:56:44.352+0000] {dag.py:3834} INFO - Setting next_dagrun for example_skip_dag to 2025-08-01 00:00:00+00:00, run_after=2025-08-02 00:00:00+00:00
[2025-08-02T02:56:44.435+0000] {processor.py:183} INFO - Processing /home/airflow/.local/lib/python3.8/site-packages/airflow/example_dags/example_skip_dag.py took 0.553 seconds
[2025-08-02T02:57:14.615+0000] {processor.py:161} INFO - Started process (PID=143) to work on /home/airflow/.local/lib/python3.8/site-packages/airflow/example_dags/example_skip_dag.py
[2025-08-02T02:57:14.618+0000] {processor.py:830} INFO - Processing file /home/airflow/.local/lib/python3.8/site-packages/airflow/example_dags/example_skip_dag.py for tasks to queue
[2025-08-02T02:57:14.620+0000] {logging_mixin.py:188} INFO - [2025-08-02T02:57:14.620+0000] {dagbag.py:540} INFO - Filling up the DagBag from /home/airflow/.local/lib/python3.8/site-packages/airflow/example_dags/example_skip_dag.py
[2025-08-02T02:57:14.627+0000] {processor.py:840} INFO - DAG(s) 'example_skip_dag' retrieved from /home/airflow/.local/lib/python3.8/site-packages/airflow/example_dags/example_skip_dag.py
[2025-08-02T02:57:14.640+0000] {logging_mixin.py:188} INFO - [2025-08-02T02:57:14.640+0000] {dag.py:3047} INFO - Sync 1 DAGs
[2025-08-02T02:57:14.652+0000] {logging_mixin.py:188} INFO - [2025-08-02T02:57:14.652+0000] {dag.py:3834} INFO - Setting next_dagrun for example_skip_dag to 2025-08-01 00:00:00+00:00, run_after=2025-08-02 00:00:00+00:00
[2025-08-02T02:57:14.661+0000] {processor.py:183} INFO - Processing /home/airflow/.local/lib/python3.8/site-packages/airflow/example_dags/example_skip_dag.py took 0.048 seconds
[2025-08-02T02:57:45.373+0000] {processor.py:161} INFO - Started process (PID=199) to work on /home/airflow/.local/lib/python3.8/site-packages/airflow/example_dags/example_skip_dag.py
[2025-08-02T02:57:45.375+0000] {processor.py:830} INFO - Processing file /home/airflow/.local/lib/python3.8/site-packages/airflow/example_dags/example_skip_dag.py for tasks to queue
[2025-08-02T02:57:45.376+0000] {logging_mixin.py:188} INFO - [2025-08-02T02:57:45.376+0000] {dagbag.py:540} INFO - Filling up the DagBag from /home/airflow/.local/lib/python3.8/site-packages/airflow/example_dags/example_skip_dag.py
[2025-08-02T02:57:45.382+0000] {processor.py:840} INFO - DAG(s) 'example_skip_dag' retrieved from /home/airflow/.local/lib/python3.8/site-packages/airflow/example_dags/example_skip_dag.py
[2025-08-02T02:57:45.432+0000] {logging_mixin.py:188} INFO - [2025-08-02T02:57:45.432+0000] {dag.py:3047} INFO - Sync 1 DAGs
[2025-08-02T02:57:45.484+0000] {logging_mixin.py:188} INFO - [2025-08-02T02:57:45.483+0000] {dag.py:3834} INFO - Setting next_dagrun for example_skip_dag to 2025-08-01 00:00:00+00:00, run_after=2025-08-02 00:00:00+00:00
[2025-08-02T02:57:45.524+0000] {processor.py:183} INFO - Processing /home/airflow/.local/lib/python3.8/site-packages/airflow/example_dags/example_skip_dag.py took 0.154 seconds
[2025-08-02T02:58:15.771+0000] {processor.py:161} INFO - Started process (PID=255) to work on /home/airflow/.local/lib/python3.8/site-packages/airflow/example_dags/example_skip_dag.py
[2025-08-02T02:58:15.772+0000] {processor.py:830} INFO - Processing file /home/airflow/.local/lib/python3.8/site-packages/airflow/example_dags/example_skip_dag.py for tasks to queue
[2025-08-02T02:58:15.774+0000] {logging_mixin.py:188} INFO - [2025-08-02T02:58:15.773+0000] {dagbag.py:540} INFO - Filling up the DagBag from /home/airflow/.local/lib/python3.8/site-packages/airflow/example_dags/example_skip_dag.py
[2025-08-02T02:58:15.779+0000] {processor.py:840} INFO - DAG(s) 'example_skip_dag' retrieved from /home/airflow/.local/lib/python3.8/site-packages/airflow/example_dags/example_skip_dag.py
[2025-08-02T02:58:15.794+0000] {logging_mixin.py:188} INFO - [2025-08-02T02:58:15.794+0000] {dag.py:3047} INFO - Sync 1 DAGs
[2025-08-02T02:58:15.807+0000] {logging_mixin.py:188} INFO - [2025-08-02T02:58:15.807+0000] {dag.py:3834} INFO - Setting next_dagrun for example_skip_dag to 2025-08-01 00:00:00+00:00, run_after=2025-08-02 00:00:00+00:00
[2025-08-02T02:58:15.818+0000] {processor.py:183} INFO - Processing /home/airflow/.local/lib/python3.8/site-packages/airflow/example_dags/example_skip_dag.py took 0.049 seconds
[2025-08-02T02:58:47.561+0000] {processor.py:161} INFO - Started process (PID=311) to work on /home/airflow/.local/lib/python3.8/site-packages/airflow/example_dags/example_skip_dag.py
[2025-08-02T02:58:47.563+0000] {processor.py:830} INFO - Processing file /home/airflow/.local/lib/python3.8/site-packages/airflow/example_dags/example_skip_dag.py for tasks to queue
[2025-08-02T02:58:47.570+0000] {logging_mixin.py:188} INFO - [2025-08-02T02:58:47.570+0000] {dagbag.py:540} INFO - Filling up the DagBag from /home/airflow/.local/lib/python3.8/site-packages/airflow/example_dags/example_skip_dag.py
[2025-08-02T02:58:47.582+0000] {processor.py:840} INFO - DAG(s) 'example_skip_dag' retrieved from /home/airflow/.local/lib/python3.8/site-packages/airflow/example_dags/example_skip_dag.py
[2025-08-02T02:58:47.609+0000] {logging_mixin.py:188} INFO - [2025-08-02T02:58:47.609+0000] {dag.py:3047} INFO - Sync 1 DAGs
[2025-08-02T02:58:47.628+0000] {logging_mixin.py:188} INFO - [2025-08-02T02:58:47.627+0000] {dag.py:3834} INFO - Setting next_dagrun for example_skip_dag to 2025-08-01 00:00:00+00:00, run_after=2025-08-02 00:00:00+00:00
[2025-08-02T02:58:47.640+0000] {processor.py:183} INFO - Processing /home/airflow/.local/lib/python3.8/site-packages/airflow/example_dags/example_skip_dag.py took 0.085 seconds
[2025-08-02T02:59:18.003+0000] {processor.py:161} INFO - Started process (PID=367) to work on /home/airflow/.local/lib/python3.8/site-packages/airflow/example_dags/example_skip_dag.py
[2025-08-02T02:59:18.004+0000] {processor.py:830} INFO - Processing file /home/airflow/.local/lib/python3.8/site-packages/airflow/example_dags/example_skip_dag.py for tasks to queue
[2025-08-02T02:59:18.005+0000] {logging_mixin.py:188} INFO - [2025-08-02T02:59:18.005+0000] {dagbag.py:540} INFO - Filling up the DagBag from /home/airflow/.local/lib/python3.8/site-packages/airflow/example_dags/example_skip_dag.py
[2025-08-02T02:59:18.009+0000] {processor.py:840} INFO - DAG(s) 'example_skip_dag' retrieved from /home/airflow/.local/lib/python3.8/site-packages/airflow/example_dags/example_skip_dag.py
[2025-08-02T02:59:18.032+0000] {logging_mixin.py:188} INFO - [2025-08-02T02:59:18.032+0000] {dag.py:3047} INFO - Sync 1 DAGs
[2025-08-02T02:59:18.051+0000] {logging_mixin.py:188} INFO - [2025-08-02T02:59:18.051+0000] {dag.py:3834} INFO - Setting next_dagrun for example_skip_dag to 2025-08-01 00:00:00+00:00, run_after=2025-08-02 00:00:00+00:00
[2025-08-02T02:59:18.080+0000] {processor.py:183} INFO - Processing /home/airflow/.local/lib/python3.8/site-packages/airflow/example_dags/example_skip_dag.py took 0.080 seconds
[2025-08-02T02:59:49.290+0000] {processor.py:161} INFO - Started process (PID=423) to work on /home/airflow/.local/lib/python3.8/site-packages/airflow/example_dags/example_skip_dag.py
[2025-08-02T02:59:49.291+0000] {processor.py:830} INFO - Processing file /home/airflow/.local/lib/python3.8/site-packages/airflow/example_dags/example_skip_dag.py for tasks to queue
[2025-08-02T02:59:49.293+0000] {logging_mixin.py:188} INFO - [2025-08-02T02:59:49.293+0000] {dagbag.py:540} INFO - Filling up the DagBag from /home/airflow/.local/lib/python3.8/site-packages/airflow/example_dags/example_skip_dag.py
[2025-08-02T02:59:49.301+0000] {processor.py:840} INFO - DAG(s) 'example_skip_dag' retrieved from /home/airflow/.local/lib/python3.8/site-packages/airflow/example_dags/example_skip_dag.py
[2025-08-02T02:59:49.316+0000] {logging_mixin.py:188} INFO - [2025-08-02T02:59:49.315+0000] {dag.py:3047} INFO - Sync 1 DAGs
[2025-08-02T02:59:49.328+0000] {logging_mixin.py:188} INFO - [2025-08-02T02:59:49.328+0000] {dag.py:3834} INFO - Setting next_dagrun for example_skip_dag to 2025-08-01 00:00:00+00:00, run_after=2025-08-02 00:00:00+00:00
[2025-08-02T02:59:49.337+0000] {processor.py:183} INFO - Processing /home/airflow/.local/lib/python3.8/site-packages/airflow/example_dags/example_skip_dag.py took 0.051 seconds
[2025-08-02T03:00:19.480+0000] {processor.py:161} INFO - Started process (PID=479) to work on /home/airflow/.local/lib/python3.8/site-packages/airflow/example_dags/example_skip_dag.py
[2025-08-02T03:00:19.483+0000] {processor.py:830} INFO - Processing file /home/airflow/.local/lib/python3.8/site-packages/airflow/example_dags/example_skip_dag.py for tasks to queue
[2025-08-02T03:00:19.485+0000] {logging_mixin.py:188} INFO - [2025-08-02T03:00:19.485+0000] {dagbag.py:540} INFO - Filling up the DagBag from /home/airflow/.local/lib/python3.8/site-packages/airflow/example_dags/example_skip_dag.py
[2025-08-02T03:00:19.489+0000] {processor.py:840} INFO - DAG(s) 'example_skip_dag' retrieved from /home/airflow/.local/lib/python3.8/site-packages/airflow/example_dags/example_skip_dag.py
[2025-08-02T03:00:19.504+0000] {logging_mixin.py:188} INFO - [2025-08-02T03:00:19.504+0000] {dag.py:3047} INFO - Sync 1 DAGs
[2025-08-02T03:00:19.529+0000] {logging_mixin.py:188} INFO - [2025-08-02T03:00:19.529+0000] {dag.py:3834} INFO - Setting next_dagrun for example_skip_dag to 2025-08-01 00:00:00+00:00, run_after=2025-08-02 00:00:00+00:00
[2025-08-02T03:00:19.542+0000] {processor.py:183} INFO - Processing /home/airflow/.local/lib/python3.8/site-packages/airflow/example_dags/example_skip_dag.py took 0.064 seconds
[2025-08-02T03:00:51.297+0000] {processor.py:161} INFO - Started process (PID=535) to work on /home/airflow/.local/lib/python3.8/site-packages/airflow/example_dags/example_skip_dag.py
[2025-08-02T03:00:51.304+0000] {processor.py:830} INFO - Processing file /home/airflow/.local/lib/python3.8/site-packages/airflow/example_dags/example_skip_dag.py for tasks to queue
[2025-08-02T03:00:51.310+0000] {logging_mixin.py:188} INFO - [2025-08-02T03:00:51.310+0000] {dagbag.py:540} INFO - Filling up the DagBag from /home/airflow/.local/lib/python3.8/site-packages/airflow/example_dags/example_skip_dag.py
[2025-08-02T03:00:51.321+0000] {processor.py:840} INFO - DAG(s) 'example_skip_dag' retrieved from /home/airflow/.local/lib/python3.8/site-packages/airflow/example_dags/example_skip_dag.py
[2025-08-02T03:00:51.356+0000] {logging_mixin.py:188} INFO - [2025-08-02T03:00:51.356+0000] {dag.py:3047} INFO - Sync 1 DAGs
[2025-08-02T03:00:51.376+0000] {logging_mixin.py:188} INFO - [2025-08-02T03:00:51.376+0000] {dag.py:3834} INFO - Setting next_dagrun for example_skip_dag to 2025-08-01 00:00:00+00:00, run_after=2025-08-02 00:00:00+00:00
[2025-08-02T03:00:51.391+0000] {processor.py:183} INFO - Processing /home/airflow/.local/lib/python3.8/site-packages/airflow/example_dags/example_skip_dag.py took 0.107 seconds
[2025-08-02T03:01:21.586+0000] {processor.py:161} INFO - Started process (PID=591) to work on /home/airflow/.local/lib/python3.8/site-packages/airflow/example_dags/example_skip_dag.py
[2025-08-02T03:01:21.587+0000] {processor.py:830} INFO - Processing file /home/airflow/.local/lib/python3.8/site-packages/airflow/example_dags/example_skip_dag.py for tasks to queue
[2025-08-02T03:01:21.591+0000] {logging_mixin.py:188} INFO - [2025-08-02T03:01:21.591+0000] {dagbag.py:540} INFO - Filling up the DagBag from /home/airflow/.local/lib/python3.8/site-packages/airflow/example_dags/example_skip_dag.py
[2025-08-02T03:01:21.598+0000] {processor.py:840} INFO - DAG(s) 'example_skip_dag' retrieved from /home/airflow/.local/lib/python3.8/site-packages/airflow/example_dags/example_skip_dag.py
[2025-08-02T03:01:21.627+0000] {logging_mixin.py:188} INFO - [2025-08-02T03:01:21.627+0000] {dag.py:3047} INFO - Sync 1 DAGs
[2025-08-02T03:01:21.640+0000] {logging_mixin.py:188} INFO - [2025-08-02T03:01:21.639+0000] {dag.py:3834} INFO - Setting next_dagrun for example_skip_dag to 2025-08-01 00:00:00+00:00, run_after=2025-08-02 00:00:00+00:00
[2025-08-02T03:01:21.650+0000] {processor.py:183} INFO - Processing /home/airflow/.local/lib/python3.8/site-packages/airflow/example_dags/example_skip_dag.py took 0.068 seconds
[2025-08-02T03:01:52.582+0000] {processor.py:161} INFO - Started process (PID=647) to work on /home/airflow/.local/lib/python3.8/site-packages/airflow/example_dags/example_skip_dag.py
[2025-08-02T03:01:52.584+0000] {processor.py:830} INFO - Processing file /home/airflow/.local/lib/python3.8/site-packages/airflow/example_dags/example_skip_dag.py for tasks to queue
[2025-08-02T03:01:52.586+0000] {logging_mixin.py:188} INFO - [2025-08-02T03:01:52.586+0000] {dagbag.py:540} INFO - Filling up the DagBag from /home/airflow/.local/lib/python3.8/site-packages/airflow/example_dags/example_skip_dag.py
[2025-08-02T03:01:52.592+0000] {processor.py:840} INFO - DAG(s) 'example_skip_dag' retrieved from /home/airflow/.local/lib/python3.8/site-packages/airflow/example_dags/example_skip_dag.py
[2025-08-02T03:01:52.610+0000] {logging_mixin.py:188} INFO - [2025-08-02T03:01:52.609+0000] {dag.py:3047} INFO - Sync 1 DAGs
[2025-08-02T03:01:52.626+0000] {logging_mixin.py:188} INFO - [2025-08-02T03:01:52.625+0000] {dag.py:3834} INFO - Setting next_dagrun for example_skip_dag to 2025-08-01 00:00:00+00:00, run_after=2025-08-02 00:00:00+00:00
[2025-08-02T03:01:52.651+0000] {processor.py:183} INFO - Processing /home/airflow/.local/lib/python3.8/site-packages/airflow/example_dags/example_skip_dag.py took 0.071 seconds
[2025-08-02T03:02:23.423+0000] {processor.py:161} INFO - Started process (PID=703) to work on /home/airflow/.local/lib/python3.8/site-packages/airflow/example_dags/example_skip_dag.py
[2025-08-02T03:02:23.424+0000] {processor.py:830} INFO - Processing file /home/airflow/.local/lib/python3.8/site-packages/airflow/example_dags/example_skip_dag.py for tasks to queue
[2025-08-02T03:02:23.426+0000] {logging_mixin.py:188} INFO - [2025-08-02T03:02:23.425+0000] {dagbag.py:540} INFO - Filling up the DagBag from /home/airflow/.local/lib/python3.8/site-packages/airflow/example_dags/example_skip_dag.py
[2025-08-02T03:02:23.430+0000] {processor.py:840} INFO - DAG(s) 'example_skip_dag' retrieved from /home/airflow/.local/lib/python3.8/site-packages/airflow/example_dags/example_skip_dag.py
[2025-08-02T03:02:23.485+0000] {logging_mixin.py:188} INFO - [2025-08-02T03:02:23.484+0000] {dag.py:3047} INFO - Sync 1 DAGs
[2025-08-02T03:02:23.509+0000] {logging_mixin.py:188} INFO - [2025-08-02T03:02:23.508+0000] {dag.py:3834} INFO - Setting next_dagrun for example_skip_dag to 2025-08-01 00:00:00+00:00, run_after=2025-08-02 00:00:00+00:00
[2025-08-02T03:02:23.541+0000] {processor.py:183} INFO - Processing /home/airflow/.local/lib/python3.8/site-packages/airflow/example_dags/example_skip_dag.py took 0.122 seconds
[2025-08-02T03:02:55.462+0000] {processor.py:161} INFO - Started process (PID=759) to work on /home/airflow/.local/lib/python3.8/site-packages/airflow/example_dags/example_skip_dag.py
[2025-08-02T03:02:55.480+0000] {processor.py:830} INFO - Processing file /home/airflow/.local/lib/python3.8/site-packages/airflow/example_dags/example_skip_dag.py for tasks to queue
[2025-08-02T03:02:55.495+0000] {logging_mixin.py:188} INFO - [2025-08-02T03:02:55.494+0000] {dagbag.py:540} INFO - Filling up the DagBag from /home/airflow/.local/lib/python3.8/site-packages/airflow/example_dags/example_skip_dag.py
[2025-08-02T03:02:55.574+0000] {processor.py:840} INFO - DAG(s) 'example_skip_dag' retrieved from /home/airflow/.local/lib/python3.8/site-packages/airflow/example_dags/example_skip_dag.py
[2025-08-02T03:02:55.720+0000] {logging_mixin.py:188} INFO - [2025-08-02T03:02:55.719+0000] {dag.py:3047} INFO - Sync 1 DAGs
[2025-08-02T03:02:55.749+0000] {logging_mixin.py:188} INFO - [2025-08-02T03:02:55.749+0000] {dag.py:3834} INFO - Setting next_dagrun for example_skip_dag to 2025-08-01 00:00:00+00:00, run_after=2025-08-02 00:00:00+00:00
[2025-08-02T03:02:55.780+0000] {processor.py:183} INFO - Processing /home/airflow/.local/lib/python3.8/site-packages/airflow/example_dags/example_skip_dag.py took 0.335 seconds
[2025-08-02T03:03:26.266+0000] {processor.py:161} INFO - Started process (PID=815) to work on /home/airflow/.local/lib/python3.8/site-packages/airflow/example_dags/example_skip_dag.py
[2025-08-02T03:03:26.267+0000] {processor.py:830} INFO - Processing file /home/airflow/.local/lib/python3.8/site-packages/airflow/example_dags/example_skip_dag.py for tasks to queue
[2025-08-02T03:03:26.269+0000] {logging_mixin.py:188} INFO - [2025-08-02T03:03:26.269+0000] {dagbag.py:540} INFO - Filling up the DagBag from /home/airflow/.local/lib/python3.8/site-packages/airflow/example_dags/example_skip_dag.py
[2025-08-02T03:03:26.276+0000] {processor.py:840} INFO - DAG(s) 'example_skip_dag' retrieved from /home/airflow/.local/lib/python3.8/site-packages/airflow/example_dags/example_skip_dag.py
[2025-08-02T03:03:26.353+0000] {logging_mixin.py:188} INFO - [2025-08-02T03:03:26.352+0000] {dag.py:3047} INFO - Sync 1 DAGs
[2025-08-02T03:03:26.403+0000] {logging_mixin.py:188} INFO - [2025-08-02T03:03:26.403+0000] {dag.py:3834} INFO - Setting next_dagrun for example_skip_dag to 2025-08-01 00:00:00+00:00, run_after=2025-08-02 00:00:00+00:00
[2025-08-02T03:03:26.416+0000] {processor.py:183} INFO - Processing /home/airflow/.local/lib/python3.8/site-packages/airflow/example_dags/example_skip_dag.py took 0.152 seconds
[2025-08-02T03:03:57.284+0000] {processor.py:161} INFO - Started process (PID=871) to work on /home/airflow/.local/lib/python3.8/site-packages/airflow/example_dags/example_skip_dag.py
[2025-08-02T03:03:57.285+0000] {processor.py:830} INFO - Processing file /home/airflow/.local/lib/python3.8/site-packages/airflow/example_dags/example_skip_dag.py for tasks to queue
[2025-08-02T03:03:57.288+0000] {logging_mixin.py:188} INFO - [2025-08-02T03:03:57.287+0000] {dagbag.py:540} INFO - Filling up the DagBag from /home/airflow/.local/lib/python3.8/site-packages/airflow/example_dags/example_skip_dag.py
[2025-08-02T03:03:57.313+0000] {processor.py:840} INFO - DAG(s) 'example_skip_dag' retrieved from /home/airflow/.local/lib/python3.8/site-packages/airflow/example_dags/example_skip_dag.py
[2025-08-02T03:03:57.335+0000] {logging_mixin.py:188} INFO - [2025-08-02T03:03:57.334+0000] {dag.py:3047} INFO - Sync 1 DAGs
[2025-08-02T03:03:57.361+0000] {logging_mixin.py:188} INFO - [2025-08-02T03:03:57.361+0000] {dag.py:3834} INFO - Setting next_dagrun for example_skip_dag to 2025-08-01 00:00:00+00:00, run_after=2025-08-02 00:00:00+00:00
[2025-08-02T03:03:57.388+0000] {processor.py:183} INFO - Processing /home/airflow/.local/lib/python3.8/site-packages/airflow/example_dags/example_skip_dag.py took 0.106 seconds
[2025-08-02T03:04:27.429+0000] {processor.py:161} INFO - Started process (PID=927) to work on /home/airflow/.local/lib/python3.8/site-packages/airflow/example_dags/example_skip_dag.py
[2025-08-02T03:04:27.430+0000] {processor.py:830} INFO - Processing file /home/airflow/.local/lib/python3.8/site-packages/airflow/example_dags/example_skip_dag.py for tasks to queue
[2025-08-02T03:04:27.431+0000] {logging_mixin.py:188} INFO - [2025-08-02T03:04:27.430+0000] {dagbag.py:540} INFO - Filling up the DagBag from /home/airflow/.local/lib/python3.8/site-packages/airflow/example_dags/example_skip_dag.py
[2025-08-02T03:04:27.434+0000] {processor.py:840} INFO - DAG(s) 'example_skip_dag' retrieved from /home/airflow/.local/lib/python3.8/site-packages/airflow/example_dags/example_skip_dag.py
[2025-08-02T03:04:27.449+0000] {logging_mixin.py:188} INFO - [2025-08-02T03:04:27.449+0000] {dag.py:3047} INFO - Sync 1 DAGs
[2025-08-02T03:04:27.464+0000] {logging_mixin.py:188} INFO - [2025-08-02T03:04:27.464+0000] {dag.py:3834} INFO - Setting next_dagrun for example_skip_dag to 2025-08-01 00:00:00+00:00, run_after=2025-08-02 00:00:00+00:00
[2025-08-02T03:04:27.473+0000] {processor.py:183} INFO - Processing /home/airflow/.local/lib/python3.8/site-packages/airflow/example_dags/example_skip_dag.py took 0.046 seconds
[2025-08-02T03:04:57.801+0000] {processor.py:161} INFO - Started process (PID=984) to work on /home/airflow/.local/lib/python3.8/site-packages/airflow/example_dags/example_skip_dag.py
[2025-08-02T03:04:57.802+0000] {processor.py:830} INFO - Processing file /home/airflow/.local/lib/python3.8/site-packages/airflow/example_dags/example_skip_dag.py for tasks to queue
[2025-08-02T03:04:57.803+0000] {logging_mixin.py:188} INFO - [2025-08-02T03:04:57.803+0000] {dagbag.py:540} INFO - Filling up the DagBag from /home/airflow/.local/lib/python3.8/site-packages/airflow/example_dags/example_skip_dag.py
[2025-08-02T03:04:57.808+0000] {processor.py:840} INFO - DAG(s) 'example_skip_dag' retrieved from /home/airflow/.local/lib/python3.8/site-packages/airflow/example_dags/example_skip_dag.py
[2025-08-02T03:04:57.832+0000] {logging_mixin.py:188} INFO - [2025-08-02T03:04:57.831+0000] {dag.py:3047} INFO - Sync 1 DAGs
[2025-08-02T03:04:57.852+0000] {logging_mixin.py:188} INFO - [2025-08-02T03:04:57.852+0000] {dag.py:3834} INFO - Setting next_dagrun for example_skip_dag to 2025-08-01 00:00:00+00:00, run_after=2025-08-02 00:00:00+00:00
[2025-08-02T03:04:57.870+0000] {processor.py:183} INFO - Processing /home/airflow/.local/lib/python3.8/site-packages/airflow/example_dags/example_skip_dag.py took 0.072 seconds
[2025-08-02T03:05:28.971+0000] {processor.py:161} INFO - Started process (PID=1040) to work on /home/airflow/.local/lib/python3.8/site-packages/airflow/example_dags/example_skip_dag.py
[2025-08-02T03:05:28.974+0000] {processor.py:830} INFO - Processing file /home/airflow/.local/lib/python3.8/site-packages/airflow/example_dags/example_skip_dag.py for tasks to queue
[2025-08-02T03:05:28.975+0000] {logging_mixin.py:188} INFO - [2025-08-02T03:05:28.975+0000] {dagbag.py:540} INFO - Filling up the DagBag from /home/airflow/.local/lib/python3.8/site-packages/airflow/example_dags/example_skip_dag.py
[2025-08-02T03:05:28.983+0000] {processor.py:840} INFO - DAG(s) 'example_skip_dag' retrieved from /home/airflow/.local/lib/python3.8/site-packages/airflow/example_dags/example_skip_dag.py
[2025-08-02T03:05:29.059+0000] {logging_mixin.py:188} INFO - [2025-08-02T03:05:29.058+0000] {dag.py:3047} INFO - Sync 1 DAGs
[2025-08-02T03:05:29.111+0000] {logging_mixin.py:188} INFO - [2025-08-02T03:05:29.111+0000] {dag.py:3834} INFO - Setting next_dagrun for example_skip_dag to 2025-08-01 00:00:00+00:00, run_after=2025-08-02 00:00:00+00:00
[2025-08-02T03:05:29.184+0000] {processor.py:183} INFO - Processing /home/airflow/.local/lib/python3.8/site-packages/airflow/example_dags/example_skip_dag.py took 0.216 seconds
[2025-08-02T03:05:59.478+0000] {processor.py:161} INFO - Started process (PID=1096) to work on /home/airflow/.local/lib/python3.8/site-packages/airflow/example_dags/example_skip_dag.py
[2025-08-02T03:05:59.478+0000] {processor.py:830} INFO - Processing file /home/airflow/.local/lib/python3.8/site-packages/airflow/example_dags/example_skip_dag.py for tasks to queue
[2025-08-02T03:05:59.479+0000] {logging_mixin.py:188} INFO - [2025-08-02T03:05:59.479+0000] {dagbag.py:540} INFO - Filling up the DagBag from /home/airflow/.local/lib/python3.8/site-packages/airflow/example_dags/example_skip_dag.py
[2025-08-02T03:05:59.484+0000] {processor.py:840} INFO - DAG(s) 'example_skip_dag' retrieved from /home/airflow/.local/lib/python3.8/site-packages/airflow/example_dags/example_skip_dag.py
[2025-08-02T03:05:59.500+0000] {logging_mixin.py:188} INFO - [2025-08-02T03:05:59.500+0000] {dag.py:3047} INFO - Sync 1 DAGs
[2025-08-02T03:05:59.516+0000] {logging_mixin.py:188} INFO - [2025-08-02T03:05:59.515+0000] {dag.py:3834} INFO - Setting next_dagrun for example_skip_dag to 2025-08-01 00:00:00+00:00, run_after=2025-08-02 00:00:00+00:00
[2025-08-02T03:05:59.531+0000] {processor.py:183} INFO - Processing /home/airflow/.local/lib/python3.8/site-packages/airflow/example_dags/example_skip_dag.py took 0.055 seconds
[2025-08-02T03:06:37.395+0000] {processor.py:161} INFO - Started process (PID=1152) to work on /home/airflow/.local/lib/python3.8/site-packages/airflow/example_dags/example_skip_dag.py
[2025-08-02T03:06:37.396+0000] {processor.py:830} INFO - Processing file /home/airflow/.local/lib/python3.8/site-packages/airflow/example_dags/example_skip_dag.py for tasks to queue
[2025-08-02T03:06:37.399+0000] {logging_mixin.py:188} INFO - [2025-08-02T03:06:37.398+0000] {dagbag.py:540} INFO - Filling up the DagBag from /home/airflow/.local/lib/python3.8/site-packages/airflow/example_dags/example_skip_dag.py
[2025-08-02T03:06:37.404+0000] {processor.py:840} INFO - DAG(s) 'example_skip_dag' retrieved from /home/airflow/.local/lib/python3.8/site-packages/airflow/example_dags/example_skip_dag.py
[2025-08-02T03:06:37.429+0000] {logging_mixin.py:188} INFO - [2025-08-02T03:06:37.428+0000] {dag.py:3047} INFO - Sync 1 DAGs
[2025-08-02T03:06:37.448+0000] {logging_mixin.py:188} INFO - [2025-08-02T03:06:37.447+0000] {dag.py:3834} INFO - Setting next_dagrun for example_skip_dag to 2025-08-01 00:00:00+00:00, run_after=2025-08-02 00:00:00+00:00
[2025-08-02T03:06:37.468+0000] {processor.py:183} INFO - Processing /home/airflow/.local/lib/python3.8/site-packages/airflow/example_dags/example_skip_dag.py took 0.076 seconds
[2025-08-02T03:07:11.183+0000] {processor.py:161} INFO - Started process (PID=1208) to work on /home/airflow/.local/lib/python3.8/site-packages/airflow/example_dags/example_skip_dag.py
[2025-08-02T03:07:11.185+0000] {processor.py:830} INFO - Processing file /home/airflow/.local/lib/python3.8/site-packages/airflow/example_dags/example_skip_dag.py for tasks to queue
[2025-08-02T03:07:11.187+0000] {logging_mixin.py:188} INFO - [2025-08-02T03:07:11.186+0000] {dagbag.py:540} INFO - Filling up the DagBag from /home/airflow/.local/lib/python3.8/site-packages/airflow/example_dags/example_skip_dag.py
[2025-08-02T03:07:11.199+0000] {processor.py:840} INFO - DAG(s) 'example_skip_dag' retrieved from /home/airflow/.local/lib/python3.8/site-packages/airflow/example_dags/example_skip_dag.py
[2025-08-02T03:07:11.234+0000] {logging_mixin.py:188} INFO - [2025-08-02T03:07:11.234+0000] {dag.py:3047} INFO - Sync 1 DAGs
[2025-08-02T03:07:11.285+0000] {logging_mixin.py:188} INFO - [2025-08-02T03:07:11.285+0000] {dag.py:3834} INFO - Setting next_dagrun for example_skip_dag to 2025-08-01 00:00:00+00:00, run_after=2025-08-02 00:00:00+00:00
[2025-08-02T03:07:11.317+0000] {processor.py:183} INFO - Processing /home/airflow/.local/lib/python3.8/site-packages/airflow/example_dags/example_skip_dag.py took 0.137 seconds
[2025-08-02T03:07:42.273+0000] {processor.py:161} INFO - Started process (PID=1264) to work on /home/airflow/.local/lib/python3.8/site-packages/airflow/example_dags/example_skip_dag.py
[2025-08-02T03:07:42.274+0000] {processor.py:830} INFO - Processing file /home/airflow/.local/lib/python3.8/site-packages/airflow/example_dags/example_skip_dag.py for tasks to queue
[2025-08-02T03:07:42.276+0000] {logging_mixin.py:188} INFO - [2025-08-02T03:07:42.276+0000] {dagbag.py:540} INFO - Filling up the DagBag from /home/airflow/.local/lib/python3.8/site-packages/airflow/example_dags/example_skip_dag.py
[2025-08-02T03:07:42.281+0000] {processor.py:840} INFO - DAG(s) 'example_skip_dag' retrieved from /home/airflow/.local/lib/python3.8/site-packages/airflow/example_dags/example_skip_dag.py
[2025-08-02T03:07:42.297+0000] {logging_mixin.py:188} INFO - [2025-08-02T03:07:42.297+0000] {dag.py:3047} INFO - Sync 1 DAGs
[2025-08-02T03:07:42.318+0000] {logging_mixin.py:188} INFO - [2025-08-02T03:07:42.318+0000] {dag.py:3834} INFO - Setting next_dagrun for example_skip_dag to 2025-08-01 00:00:00+00:00, run_after=2025-08-02 00:00:00+00:00
[2025-08-02T03:07:42.338+0000] {processor.py:183} INFO - Processing /home/airflow/.local/lib/python3.8/site-packages/airflow/example_dags/example_skip_dag.py took 0.069 seconds
[2025-08-02T03:09:06.392+0000] {processor.py:161} INFO - Started process (PID=97) to work on /home/airflow/.local/lib/python3.8/site-packages/airflow/example_dags/example_skip_dag.py
[2025-08-02T03:09:06.397+0000] {processor.py:830} INFO - Processing file /home/airflow/.local/lib/python3.8/site-packages/airflow/example_dags/example_skip_dag.py for tasks to queue
[2025-08-02T03:09:06.414+0000] {logging_mixin.py:188} INFO - [2025-08-02T03:09:06.411+0000] {dagbag.py:540} INFO - Filling up the DagBag from /home/airflow/.local/lib/python3.8/site-packages/airflow/example_dags/example_skip_dag.py
[2025-08-02T03:09:06.499+0000] {processor.py:840} INFO - DAG(s) 'example_skip_dag' retrieved from /home/airflow/.local/lib/python3.8/site-packages/airflow/example_dags/example_skip_dag.py
[2025-08-02T03:09:06.758+0000] {logging_mixin.py:188} INFO - [2025-08-02T03:09:06.758+0000] {dag.py:3047} INFO - Sync 1 DAGs
[2025-08-02T03:09:06.822+0000] {logging_mixin.py:188} INFO - [2025-08-02T03:09:06.821+0000] {dag.py:3834} INFO - Setting next_dagrun for example_skip_dag to 2025-08-01 00:00:00+00:00, run_after=2025-08-02 00:00:00+00:00
[2025-08-02T03:09:06.867+0000] {processor.py:183} INFO - Processing /home/airflow/.local/lib/python3.8/site-packages/airflow/example_dags/example_skip_dag.py took 0.490 seconds
[2025-08-02T03:09:37.688+0000] {processor.py:161} INFO - Started process (PID=153) to work on /home/airflow/.local/lib/python3.8/site-packages/airflow/example_dags/example_skip_dag.py
[2025-08-02T03:09:37.692+0000] {processor.py:830} INFO - Processing file /home/airflow/.local/lib/python3.8/site-packages/airflow/example_dags/example_skip_dag.py for tasks to queue
[2025-08-02T03:09:37.694+0000] {logging_mixin.py:188} INFO - [2025-08-02T03:09:37.694+0000] {dagbag.py:540} INFO - Filling up the DagBag from /home/airflow/.local/lib/python3.8/site-packages/airflow/example_dags/example_skip_dag.py
[2025-08-02T03:09:37.701+0000] {processor.py:840} INFO - DAG(s) 'example_skip_dag' retrieved from /home/airflow/.local/lib/python3.8/site-packages/airflow/example_dags/example_skip_dag.py
[2025-08-02T03:09:37.721+0000] {logging_mixin.py:188} INFO - [2025-08-02T03:09:37.720+0000] {dag.py:3047} INFO - Sync 1 DAGs
[2025-08-02T03:09:37.750+0000] {logging_mixin.py:188} INFO - [2025-08-02T03:09:37.749+0000] {dag.py:3834} INFO - Setting next_dagrun for example_skip_dag to 2025-08-01 00:00:00+00:00, run_after=2025-08-02 00:00:00+00:00
[2025-08-02T03:09:37.782+0000] {processor.py:183} INFO - Processing /home/airflow/.local/lib/python3.8/site-packages/airflow/example_dags/example_skip_dag.py took 0.111 seconds
[2025-08-02T03:10:08.663+0000] {processor.py:161} INFO - Started process (PID=208) to work on /home/airflow/.local/lib/python3.8/site-packages/airflow/example_dags/example_skip_dag.py
[2025-08-02T03:10:08.664+0000] {processor.py:830} INFO - Processing file /home/airflow/.local/lib/python3.8/site-packages/airflow/example_dags/example_skip_dag.py for tasks to queue
[2025-08-02T03:10:08.666+0000] {logging_mixin.py:188} INFO - [2025-08-02T03:10:08.666+0000] {dagbag.py:540} INFO - Filling up the DagBag from /home/airflow/.local/lib/python3.8/site-packages/airflow/example_dags/example_skip_dag.py
[2025-08-02T03:10:08.673+0000] {processor.py:840} INFO - DAG(s) 'example_skip_dag' retrieved from /home/airflow/.local/lib/python3.8/site-packages/airflow/example_dags/example_skip_dag.py
[2025-08-02T03:10:08.704+0000] {logging_mixin.py:188} INFO - [2025-08-02T03:10:08.704+0000] {dag.py:3047} INFO - Sync 1 DAGs
[2025-08-02T03:10:08.726+0000] {logging_mixin.py:188} INFO - [2025-08-02T03:10:08.726+0000] {dag.py:3834} INFO - Setting next_dagrun for example_skip_dag to 2025-08-01 00:00:00+00:00, run_after=2025-08-02 00:00:00+00:00
[2025-08-02T03:10:08.745+0000] {processor.py:183} INFO - Processing /home/airflow/.local/lib/python3.8/site-packages/airflow/example_dags/example_skip_dag.py took 0.084 seconds
[2025-08-02T03:10:38.961+0000] {processor.py:161} INFO - Started process (PID=264) to work on /home/airflow/.local/lib/python3.8/site-packages/airflow/example_dags/example_skip_dag.py
[2025-08-02T03:10:38.962+0000] {processor.py:830} INFO - Processing file /home/airflow/.local/lib/python3.8/site-packages/airflow/example_dags/example_skip_dag.py for tasks to queue
[2025-08-02T03:10:38.964+0000] {logging_mixin.py:188} INFO - [2025-08-02T03:10:38.964+0000] {dagbag.py:540} INFO - Filling up the DagBag from /home/airflow/.local/lib/python3.8/site-packages/airflow/example_dags/example_skip_dag.py
[2025-08-02T03:10:38.968+0000] {processor.py:840} INFO - DAG(s) 'example_skip_dag' retrieved from /home/airflow/.local/lib/python3.8/site-packages/airflow/example_dags/example_skip_dag.py
[2025-08-02T03:10:38.982+0000] {logging_mixin.py:188} INFO - [2025-08-02T03:10:38.982+0000] {dag.py:3047} INFO - Sync 1 DAGs
[2025-08-02T03:10:38.994+0000] {logging_mixin.py:188} INFO - [2025-08-02T03:10:38.994+0000] {dag.py:3834} INFO - Setting next_dagrun for example_skip_dag to 2025-08-01 00:00:00+00:00, run_after=2025-08-02 00:00:00+00:00
[2025-08-02T03:10:39.004+0000] {processor.py:183} INFO - Processing /home/airflow/.local/lib/python3.8/site-packages/airflow/example_dags/example_skip_dag.py took 0.050 seconds
[2025-08-02T03:11:09.260+0000] {processor.py:161} INFO - Started process (PID=320) to work on /home/airflow/.local/lib/python3.8/site-packages/airflow/example_dags/example_skip_dag.py
[2025-08-02T03:11:09.261+0000] {processor.py:830} INFO - Processing file /home/airflow/.local/lib/python3.8/site-packages/airflow/example_dags/example_skip_dag.py for tasks to queue
[2025-08-02T03:11:09.263+0000] {logging_mixin.py:188} INFO - [2025-08-02T03:11:09.262+0000] {dagbag.py:540} INFO - Filling up the DagBag from /home/airflow/.local/lib/python3.8/site-packages/airflow/example_dags/example_skip_dag.py
[2025-08-02T03:11:09.269+0000] {processor.py:840} INFO - DAG(s) 'example_skip_dag' retrieved from /home/airflow/.local/lib/python3.8/site-packages/airflow/example_dags/example_skip_dag.py
[2025-08-02T03:11:09.295+0000] {logging_mixin.py:188} INFO - [2025-08-02T03:11:09.295+0000] {dag.py:3047} INFO - Sync 1 DAGs
[2025-08-02T03:11:09.312+0000] {logging_mixin.py:188} INFO - [2025-08-02T03:11:09.312+0000] {dag.py:3834} INFO - Setting next_dagrun for example_skip_dag to 2025-08-01 00:00:00+00:00, run_after=2025-08-02 00:00:00+00:00
[2025-08-02T03:11:09.325+0000] {processor.py:183} INFO - Processing /home/airflow/.local/lib/python3.8/site-packages/airflow/example_dags/example_skip_dag.py took 0.067 seconds
[2025-08-02T03:11:39.842+0000] {processor.py:161} INFO - Started process (PID=376) to work on /home/airflow/.local/lib/python3.8/site-packages/airflow/example_dags/example_skip_dag.py
[2025-08-02T03:11:39.843+0000] {processor.py:830} INFO - Processing file /home/airflow/.local/lib/python3.8/site-packages/airflow/example_dags/example_skip_dag.py for tasks to queue
[2025-08-02T03:11:39.845+0000] {logging_mixin.py:188} INFO - [2025-08-02T03:11:39.844+0000] {dagbag.py:540} INFO - Filling up the DagBag from /home/airflow/.local/lib/python3.8/site-packages/airflow/example_dags/example_skip_dag.py
[2025-08-02T03:11:39.850+0000] {processor.py:840} INFO - DAG(s) 'example_skip_dag' retrieved from /home/airflow/.local/lib/python3.8/site-packages/airflow/example_dags/example_skip_dag.py
[2025-08-02T03:11:39.869+0000] {logging_mixin.py:188} INFO - [2025-08-02T03:11:39.868+0000] {dag.py:3047} INFO - Sync 1 DAGs
[2025-08-02T03:11:39.886+0000] {logging_mixin.py:188} INFO - [2025-08-02T03:11:39.885+0000] {dag.py:3834} INFO - Setting next_dagrun for example_skip_dag to 2025-08-01 00:00:00+00:00, run_after=2025-08-02 00:00:00+00:00
[2025-08-02T03:11:39.909+0000] {processor.py:183} INFO - Processing /home/airflow/.local/lib/python3.8/site-packages/airflow/example_dags/example_skip_dag.py took 0.070 seconds
[2025-08-02T03:12:10.908+0000] {processor.py:161} INFO - Started process (PID=432) to work on /home/airflow/.local/lib/python3.8/site-packages/airflow/example_dags/example_skip_dag.py
[2025-08-02T03:12:10.909+0000] {processor.py:830} INFO - Processing file /home/airflow/.local/lib/python3.8/site-packages/airflow/example_dags/example_skip_dag.py for tasks to queue
[2025-08-02T03:12:10.912+0000] {logging_mixin.py:188} INFO - [2025-08-02T03:12:10.912+0000] {dagbag.py:540} INFO - Filling up the DagBag from /home/airflow/.local/lib/python3.8/site-packages/airflow/example_dags/example_skip_dag.py
[2025-08-02T03:12:10.927+0000] {processor.py:840} INFO - DAG(s) 'example_skip_dag' retrieved from /home/airflow/.local/lib/python3.8/site-packages/airflow/example_dags/example_skip_dag.py
[2025-08-02T03:12:10.996+0000] {logging_mixin.py:188} INFO - [2025-08-02T03:12:10.996+0000] {dag.py:3047} INFO - Sync 1 DAGs
[2025-08-02T03:12:11.021+0000] {logging_mixin.py:188} INFO - [2025-08-02T03:12:11.021+0000] {dag.py:3834} INFO - Setting next_dagrun for example_skip_dag to 2025-08-01 00:00:00+00:00, run_after=2025-08-02 00:00:00+00:00
[2025-08-02T03:12:11.033+0000] {processor.py:183} INFO - Processing /home/airflow/.local/lib/python3.8/site-packages/airflow/example_dags/example_skip_dag.py took 0.129 seconds
[2025-08-02T03:12:41.377+0000] {processor.py:161} INFO - Started process (PID=488) to work on /home/airflow/.local/lib/python3.8/site-packages/airflow/example_dags/example_skip_dag.py
[2025-08-02T03:12:41.380+0000] {processor.py:830} INFO - Processing file /home/airflow/.local/lib/python3.8/site-packages/airflow/example_dags/example_skip_dag.py for tasks to queue
[2025-08-02T03:12:41.382+0000] {logging_mixin.py:188} INFO - [2025-08-02T03:12:41.382+0000] {dagbag.py:540} INFO - Filling up the DagBag from /home/airflow/.local/lib/python3.8/site-packages/airflow/example_dags/example_skip_dag.py
[2025-08-02T03:12:41.386+0000] {processor.py:840} INFO - DAG(s) 'example_skip_dag' retrieved from /home/airflow/.local/lib/python3.8/site-packages/airflow/example_dags/example_skip_dag.py
[2025-08-02T03:12:41.404+0000] {logging_mixin.py:188} INFO - [2025-08-02T03:12:41.403+0000] {dag.py:3047} INFO - Sync 1 DAGs
[2025-08-02T03:12:41.421+0000] {logging_mixin.py:188} INFO - [2025-08-02T03:12:41.421+0000] {dag.py:3834} INFO - Setting next_dagrun for example_skip_dag to 2025-08-01 00:00:00+00:00, run_after=2025-08-02 00:00:00+00:00
[2025-08-02T03:12:41.441+0000] {processor.py:183} INFO - Processing /home/airflow/.local/lib/python3.8/site-packages/airflow/example_dags/example_skip_dag.py took 0.066 seconds
[2025-08-02T03:13:12.353+0000] {processor.py:161} INFO - Started process (PID=544) to work on /home/airflow/.local/lib/python3.8/site-packages/airflow/example_dags/example_skip_dag.py
[2025-08-02T03:13:12.354+0000] {processor.py:830} INFO - Processing file /home/airflow/.local/lib/python3.8/site-packages/airflow/example_dags/example_skip_dag.py for tasks to queue
[2025-08-02T03:13:12.356+0000] {logging_mixin.py:188} INFO - [2025-08-02T03:13:12.356+0000] {dagbag.py:540} INFO - Filling up the DagBag from /home/airflow/.local/lib/python3.8/site-packages/airflow/example_dags/example_skip_dag.py
[2025-08-02T03:13:12.362+0000] {processor.py:840} INFO - DAG(s) 'example_skip_dag' retrieved from /home/airflow/.local/lib/python3.8/site-packages/airflow/example_dags/example_skip_dag.py
[2025-08-02T03:13:12.383+0000] {logging_mixin.py:188} INFO - [2025-08-02T03:13:12.383+0000] {dag.py:3047} INFO - Sync 1 DAGs
[2025-08-02T03:13:12.419+0000] {logging_mixin.py:188} INFO - [2025-08-02T03:13:12.419+0000] {dag.py:3834} INFO - Setting next_dagrun for example_skip_dag to 2025-08-01 00:00:00+00:00, run_after=2025-08-02 00:00:00+00:00
[2025-08-02T03:13:12.444+0000] {processor.py:183} INFO - Processing /home/airflow/.local/lib/python3.8/site-packages/airflow/example_dags/example_skip_dag.py took 0.095 seconds
[2025-08-02T03:13:43.111+0000] {processor.py:161} INFO - Started process (PID=600) to work on /home/airflow/.local/lib/python3.8/site-packages/airflow/example_dags/example_skip_dag.py
[2025-08-02T03:13:43.112+0000] {processor.py:830} INFO - Processing file /home/airflow/.local/lib/python3.8/site-packages/airflow/example_dags/example_skip_dag.py for tasks to queue
[2025-08-02T03:13:43.113+0000] {logging_mixin.py:188} INFO - [2025-08-02T03:13:43.113+0000] {dagbag.py:540} INFO - Filling up the DagBag from /home/airflow/.local/lib/python3.8/site-packages/airflow/example_dags/example_skip_dag.py
[2025-08-02T03:13:43.118+0000] {processor.py:840} INFO - DAG(s) 'example_skip_dag' retrieved from /home/airflow/.local/lib/python3.8/site-packages/airflow/example_dags/example_skip_dag.py
[2025-08-02T03:13:43.277+0000] {logging_mixin.py:188} INFO - [2025-08-02T03:13:43.275+0000] {dag.py:3047} INFO - Sync 1 DAGs
[2025-08-02T03:13:43.313+0000] {logging_mixin.py:188} INFO - [2025-08-02T03:13:43.313+0000] {dag.py:3834} INFO - Setting next_dagrun for example_skip_dag to 2025-08-01 00:00:00+00:00, run_after=2025-08-02 00:00:00+00:00
[2025-08-02T03:13:43.329+0000] {processor.py:183} INFO - Processing /home/airflow/.local/lib/python3.8/site-packages/airflow/example_dags/example_skip_dag.py took 0.220 seconds
[2025-08-02T03:14:14.047+0000] {processor.py:161} INFO - Started process (PID=656) to work on /home/airflow/.local/lib/python3.8/site-packages/airflow/example_dags/example_skip_dag.py
[2025-08-02T03:14:14.048+0000] {processor.py:830} INFO - Processing file /home/airflow/.local/lib/python3.8/site-packages/airflow/example_dags/example_skip_dag.py for tasks to queue
[2025-08-02T03:14:14.051+0000] {logging_mixin.py:188} INFO - [2025-08-02T03:14:14.051+0000] {dagbag.py:540} INFO - Filling up the DagBag from /home/airflow/.local/lib/python3.8/site-packages/airflow/example_dags/example_skip_dag.py
[2025-08-02T03:14:14.080+0000] {processor.py:840} INFO - DAG(s) 'example_skip_dag' retrieved from /home/airflow/.local/lib/python3.8/site-packages/airflow/example_dags/example_skip_dag.py
[2025-08-02T03:14:14.150+0000] {logging_mixin.py:188} INFO - [2025-08-02T03:14:14.150+0000] {dag.py:3047} INFO - Sync 1 DAGs
[2025-08-02T03:14:14.168+0000] {logging_mixin.py:188} INFO - [2025-08-02T03:14:14.168+0000] {dag.py:3834} INFO - Setting next_dagrun for example_skip_dag to 2025-08-01 00:00:00+00:00, run_after=2025-08-02 00:00:00+00:00
[2025-08-02T03:14:14.187+0000] {processor.py:183} INFO - Processing /home/airflow/.local/lib/python3.8/site-packages/airflow/example_dags/example_skip_dag.py took 0.147 seconds
