[2025-08-02T01:42:36.198+0000] {processor.py:161} INFO - Started process (PID=60) to work on /home/airflow/.local/lib/python3.8/site-packages/airflow/example_dags/example_xcom.py
[2025-08-02T01:42:36.208+0000] {processor.py:830} INFO - Processing file /home/airflow/.local/lib/python3.8/site-packages/airflow/example_dags/example_xcom.py for tasks to queue
[2025-08-02T01:42:36.221+0000] {logging_mixin.py:188} INFO - [2025-08-02T01:42:36.219+0000] {dagbag.py:540} INFO - Filling up the DagBag from /home/airflow/.local/lib/python3.8/site-packages/airflow/example_dags/example_xcom.py
[2025-08-02T01:42:36.320+0000] {processor.py:840} INFO - DAG(s) 'example_xcom' retrieved from /home/airflow/.local/lib/python3.8/site-packages/airflow/example_dags/example_xcom.py
[2025-08-02T01:42:36.465+0000] {logging_mixin.py:188} INFO - [2025-08-02T01:42:36.462+0000] {dag.py:3047} INFO - Sync 1 DAGs
[2025-08-02T01:42:36.548+0000] {logging_mixin.py:188} INFO - [2025-08-02T01:42:36.547+0000] {dag.py:3834} INFO - Setting next_dagrun for example_xcom to 2021-01-01 00:00:00+00:00, run_after=2021-01-01 00:00:00+00:00
[2025-08-02T01:42:36.648+0000] {processor.py:183} INFO - Processing /home/airflow/.local/lib/python3.8/site-packages/airflow/example_dags/example_xcom.py took 0.528 seconds
[2025-08-02T01:43:07.103+0000] {processor.py:161} INFO - Started process (PID=117) to work on /home/airflow/.local/lib/python3.8/site-packages/airflow/example_dags/example_xcom.py
[2025-08-02T01:43:07.104+0000] {processor.py:830} INFO - Processing file /home/airflow/.local/lib/python3.8/site-packages/airflow/example_dags/example_xcom.py for tasks to queue
[2025-08-02T01:43:07.105+0000] {logging_mixin.py:188} INFO - [2025-08-02T01:43:07.105+0000] {dagbag.py:540} INFO - Filling up the DagBag from /home/airflow/.local/lib/python3.8/site-packages/airflow/example_dags/example_xcom.py
[2025-08-02T01:43:07.110+0000] {processor.py:840} INFO - DAG(s) 'example_xcom' retrieved from /home/airflow/.local/lib/python3.8/site-packages/airflow/example_dags/example_xcom.py
[2025-08-02T01:43:07.190+0000] {logging_mixin.py:188} INFO - [2025-08-02T01:43:07.190+0000] {dag.py:3047} INFO - Sync 1 DAGs
[2025-08-02T01:43:07.205+0000] {logging_mixin.py:188} INFO - [2025-08-02T01:43:07.204+0000] {dag.py:3834} INFO - Setting next_dagrun for example_xcom to 2021-01-01 00:00:00+00:00, run_after=2021-01-01 00:00:00+00:00
[2025-08-02T01:43:07.215+0000] {processor.py:183} INFO - Processing /home/airflow/.local/lib/python3.8/site-packages/airflow/example_dags/example_xcom.py took 0.115 seconds
[2025-08-02T01:43:37.507+0000] {processor.py:161} INFO - Started process (PID=179) to work on /home/airflow/.local/lib/python3.8/site-packages/airflow/example_dags/example_xcom.py
[2025-08-02T01:43:37.508+0000] {processor.py:830} INFO - Processing file /home/airflow/.local/lib/python3.8/site-packages/airflow/example_dags/example_xcom.py for tasks to queue
[2025-08-02T01:43:37.510+0000] {logging_mixin.py:188} INFO - [2025-08-02T01:43:37.510+0000] {dagbag.py:540} INFO - Filling up the DagBag from /home/airflow/.local/lib/python3.8/site-packages/airflow/example_dags/example_xcom.py
[2025-08-02T01:43:37.522+0000] {processor.py:840} INFO - DAG(s) 'example_xcom' retrieved from /home/airflow/.local/lib/python3.8/site-packages/airflow/example_dags/example_xcom.py
[2025-08-02T01:43:37.539+0000] {logging_mixin.py:188} INFO - [2025-08-02T01:43:37.539+0000] {dag.py:3047} INFO - Sync 1 DAGs
[2025-08-02T01:43:37.555+0000] {logging_mixin.py:188} INFO - [2025-08-02T01:43:37.555+0000] {dag.py:3834} INFO - Setting next_dagrun for example_xcom to 2021-01-01 00:00:00+00:00, run_after=2021-01-01 00:00:00+00:00
[2025-08-02T01:43:37.567+0000] {processor.py:183} INFO - Processing /home/airflow/.local/lib/python3.8/site-packages/airflow/example_dags/example_xcom.py took 0.064 seconds
[2025-08-02T01:44:07.891+0000] {processor.py:161} INFO - Started process (PID=235) to work on /home/airflow/.local/lib/python3.8/site-packages/airflow/example_dags/example_xcom.py
[2025-08-02T01:44:07.892+0000] {processor.py:830} INFO - Processing file /home/airflow/.local/lib/python3.8/site-packages/airflow/example_dags/example_xcom.py for tasks to queue
[2025-08-02T01:44:07.893+0000] {logging_mixin.py:188} INFO - [2025-08-02T01:44:07.893+0000] {dagbag.py:540} INFO - Filling up the DagBag from /home/airflow/.local/lib/python3.8/site-packages/airflow/example_dags/example_xcom.py
[2025-08-02T01:44:07.897+0000] {processor.py:840} INFO - DAG(s) 'example_xcom' retrieved from /home/airflow/.local/lib/python3.8/site-packages/airflow/example_dags/example_xcom.py
[2025-08-02T01:44:07.911+0000] {logging_mixin.py:188} INFO - [2025-08-02T01:44:07.911+0000] {dag.py:3047} INFO - Sync 1 DAGs
[2025-08-02T01:44:07.927+0000] {logging_mixin.py:188} INFO - [2025-08-02T01:44:07.927+0000] {dag.py:3834} INFO - Setting next_dagrun for example_xcom to 2021-01-01 00:00:00+00:00, run_after=2021-01-01 00:00:00+00:00
[2025-08-02T01:44:07.941+0000] {processor.py:183} INFO - Processing /home/airflow/.local/lib/python3.8/site-packages/airflow/example_dags/example_xcom.py took 0.052 seconds
[2025-08-02T01:44:38.032+0000] {processor.py:161} INFO - Started process (PID=291) to work on /home/airflow/.local/lib/python3.8/site-packages/airflow/example_dags/example_xcom.py
[2025-08-02T01:44:38.034+0000] {processor.py:830} INFO - Processing file /home/airflow/.local/lib/python3.8/site-packages/airflow/example_dags/example_xcom.py for tasks to queue
[2025-08-02T01:44:38.035+0000] {logging_mixin.py:188} INFO - [2025-08-02T01:44:38.035+0000] {dagbag.py:540} INFO - Filling up the DagBag from /home/airflow/.local/lib/python3.8/site-packages/airflow/example_dags/example_xcom.py
[2025-08-02T01:44:38.042+0000] {processor.py:840} INFO - DAG(s) 'example_xcom' retrieved from /home/airflow/.local/lib/python3.8/site-packages/airflow/example_dags/example_xcom.py
[2025-08-02T01:44:38.056+0000] {logging_mixin.py:188} INFO - [2025-08-02T01:44:38.056+0000] {dag.py:3047} INFO - Sync 1 DAGs
[2025-08-02T01:44:38.069+0000] {logging_mixin.py:188} INFO - [2025-08-02T01:44:38.069+0000] {dag.py:3834} INFO - Setting next_dagrun for example_xcom to 2021-01-01 00:00:00+00:00, run_after=2021-01-01 00:00:00+00:00
[2025-08-02T01:44:38.089+0000] {processor.py:183} INFO - Processing /home/airflow/.local/lib/python3.8/site-packages/airflow/example_dags/example_xcom.py took 0.059 seconds
[2025-08-02T01:45:08.121+0000] {processor.py:161} INFO - Started process (PID=347) to work on /home/airflow/.local/lib/python3.8/site-packages/airflow/example_dags/example_xcom.py
[2025-08-02T01:45:08.122+0000] {processor.py:830} INFO - Processing file /home/airflow/.local/lib/python3.8/site-packages/airflow/example_dags/example_xcom.py for tasks to queue
[2025-08-02T01:45:08.123+0000] {logging_mixin.py:188} INFO - [2025-08-02T01:45:08.122+0000] {dagbag.py:540} INFO - Filling up the DagBag from /home/airflow/.local/lib/python3.8/site-packages/airflow/example_dags/example_xcom.py
[2025-08-02T01:45:08.128+0000] {processor.py:840} INFO - DAG(s) 'example_xcom' retrieved from /home/airflow/.local/lib/python3.8/site-packages/airflow/example_dags/example_xcom.py
[2025-08-02T01:45:08.148+0000] {logging_mixin.py:188} INFO - [2025-08-02T01:45:08.148+0000] {dag.py:3047} INFO - Sync 1 DAGs
[2025-08-02T01:45:08.161+0000] {logging_mixin.py:188} INFO - [2025-08-02T01:45:08.160+0000] {dag.py:3834} INFO - Setting next_dagrun for example_xcom to 2021-01-01 00:00:00+00:00, run_after=2021-01-01 00:00:00+00:00
[2025-08-02T01:45:08.174+0000] {processor.py:183} INFO - Processing /home/airflow/.local/lib/python3.8/site-packages/airflow/example_dags/example_xcom.py took 0.056 seconds
[2025-08-02T01:45:38.635+0000] {processor.py:161} INFO - Started process (PID=403) to work on /home/airflow/.local/lib/python3.8/site-packages/airflow/example_dags/example_xcom.py
[2025-08-02T01:45:38.636+0000] {processor.py:830} INFO - Processing file /home/airflow/.local/lib/python3.8/site-packages/airflow/example_dags/example_xcom.py for tasks to queue
[2025-08-02T01:45:38.638+0000] {logging_mixin.py:188} INFO - [2025-08-02T01:45:38.637+0000] {dagbag.py:540} INFO - Filling up the DagBag from /home/airflow/.local/lib/python3.8/site-packages/airflow/example_dags/example_xcom.py
[2025-08-02T01:45:38.647+0000] {processor.py:840} INFO - DAG(s) 'example_xcom' retrieved from /home/airflow/.local/lib/python3.8/site-packages/airflow/example_dags/example_xcom.py
[2025-08-02T01:45:38.664+0000] {logging_mixin.py:188} INFO - [2025-08-02T01:45:38.664+0000] {dag.py:3047} INFO - Sync 1 DAGs
[2025-08-02T01:45:38.679+0000] {logging_mixin.py:188} INFO - [2025-08-02T01:45:38.679+0000] {dag.py:3834} INFO - Setting next_dagrun for example_xcom to 2021-01-01 00:00:00+00:00, run_after=2021-01-01 00:00:00+00:00
[2025-08-02T01:45:38.688+0000] {processor.py:183} INFO - Processing /home/airflow/.local/lib/python3.8/site-packages/airflow/example_dags/example_xcom.py took 0.056 seconds
[2025-08-02T01:46:08.933+0000] {processor.py:161} INFO - Started process (PID=459) to work on /home/airflow/.local/lib/python3.8/site-packages/airflow/example_dags/example_xcom.py
[2025-08-02T01:46:08.933+0000] {processor.py:830} INFO - Processing file /home/airflow/.local/lib/python3.8/site-packages/airflow/example_dags/example_xcom.py for tasks to queue
[2025-08-02T01:46:08.934+0000] {logging_mixin.py:188} INFO - [2025-08-02T01:46:08.934+0000] {dagbag.py:540} INFO - Filling up the DagBag from /home/airflow/.local/lib/python3.8/site-packages/airflow/example_dags/example_xcom.py
[2025-08-02T01:46:08.940+0000] {processor.py:840} INFO - DAG(s) 'example_xcom' retrieved from /home/airflow/.local/lib/python3.8/site-packages/airflow/example_dags/example_xcom.py
[2025-08-02T01:46:08.957+0000] {logging_mixin.py:188} INFO - [2025-08-02T01:46:08.956+0000] {dag.py:3047} INFO - Sync 1 DAGs
[2025-08-02T01:46:08.978+0000] {logging_mixin.py:188} INFO - [2025-08-02T01:46:08.978+0000] {dag.py:3834} INFO - Setting next_dagrun for example_xcom to 2021-01-01 00:00:00+00:00, run_after=2021-01-01 00:00:00+00:00
[2025-08-02T01:46:08.992+0000] {processor.py:183} INFO - Processing /home/airflow/.local/lib/python3.8/site-packages/airflow/example_dags/example_xcom.py took 0.061 seconds
[2025-08-02T01:46:39.937+0000] {processor.py:161} INFO - Started process (PID=515) to work on /home/airflow/.local/lib/python3.8/site-packages/airflow/example_dags/example_xcom.py
[2025-08-02T01:46:39.938+0000] {processor.py:830} INFO - Processing file /home/airflow/.local/lib/python3.8/site-packages/airflow/example_dags/example_xcom.py for tasks to queue
[2025-08-02T01:46:39.940+0000] {logging_mixin.py:188} INFO - [2025-08-02T01:46:39.939+0000] {dagbag.py:540} INFO - Filling up the DagBag from /home/airflow/.local/lib/python3.8/site-packages/airflow/example_dags/example_xcom.py
[2025-08-02T01:46:39.946+0000] {processor.py:840} INFO - DAG(s) 'example_xcom' retrieved from /home/airflow/.local/lib/python3.8/site-packages/airflow/example_dags/example_xcom.py
[2025-08-02T01:46:39.969+0000] {logging_mixin.py:188} INFO - [2025-08-02T01:46:39.969+0000] {dag.py:3047} INFO - Sync 1 DAGs
[2025-08-02T01:46:39.991+0000] {logging_mixin.py:188} INFO - [2025-08-02T01:46:39.991+0000] {dag.py:3834} INFO - Setting next_dagrun for example_xcom to 2021-01-01 00:00:00+00:00, run_after=2021-01-01 00:00:00+00:00
[2025-08-02T01:46:40.017+0000] {processor.py:183} INFO - Processing /home/airflow/.local/lib/python3.8/site-packages/airflow/example_dags/example_xcom.py took 0.086 seconds
[2025-08-02T01:47:10.724+0000] {processor.py:161} INFO - Started process (PID=572) to work on /home/airflow/.local/lib/python3.8/site-packages/airflow/example_dags/example_xcom.py
[2025-08-02T01:47:10.726+0000] {processor.py:830} INFO - Processing file /home/airflow/.local/lib/python3.8/site-packages/airflow/example_dags/example_xcom.py for tasks to queue
[2025-08-02T01:47:10.728+0000] {logging_mixin.py:188} INFO - [2025-08-02T01:47:10.727+0000] {dagbag.py:540} INFO - Filling up the DagBag from /home/airflow/.local/lib/python3.8/site-packages/airflow/example_dags/example_xcom.py
[2025-08-02T01:47:10.743+0000] {processor.py:840} INFO - DAG(s) 'example_xcom' retrieved from /home/airflow/.local/lib/python3.8/site-packages/airflow/example_dags/example_xcom.py
[2025-08-02T01:47:10.763+0000] {logging_mixin.py:188} INFO - [2025-08-02T01:47:10.763+0000] {dag.py:3047} INFO - Sync 1 DAGs
[2025-08-02T01:47:10.806+0000] {logging_mixin.py:188} INFO - [2025-08-02T01:47:10.805+0000] {dag.py:3834} INFO - Setting next_dagrun for example_xcom to 2021-01-01 00:00:00+00:00, run_after=2021-01-01 00:00:00+00:00
[2025-08-02T01:47:10.889+0000] {processor.py:183} INFO - Processing /home/airflow/.local/lib/python3.8/site-packages/airflow/example_dags/example_xcom.py took 0.176 seconds
[2025-08-02T01:47:41.210+0000] {processor.py:161} INFO - Started process (PID=628) to work on /home/airflow/.local/lib/python3.8/site-packages/airflow/example_dags/example_xcom.py
[2025-08-02T01:47:41.212+0000] {processor.py:830} INFO - Processing file /home/airflow/.local/lib/python3.8/site-packages/airflow/example_dags/example_xcom.py for tasks to queue
[2025-08-02T01:47:41.213+0000] {logging_mixin.py:188} INFO - [2025-08-02T01:47:41.213+0000] {dagbag.py:540} INFO - Filling up the DagBag from /home/airflow/.local/lib/python3.8/site-packages/airflow/example_dags/example_xcom.py
[2025-08-02T01:47:41.227+0000] {processor.py:840} INFO - DAG(s) 'example_xcom' retrieved from /home/airflow/.local/lib/python3.8/site-packages/airflow/example_dags/example_xcom.py
[2025-08-02T01:47:41.273+0000] {logging_mixin.py:188} INFO - [2025-08-02T01:47:41.272+0000] {dag.py:3047} INFO - Sync 1 DAGs
[2025-08-02T01:47:41.315+0000] {logging_mixin.py:188} INFO - [2025-08-02T01:47:41.315+0000] {dag.py:3834} INFO - Setting next_dagrun for example_xcom to 2021-01-01 00:00:00+00:00, run_after=2021-01-01 00:00:00+00:00
[2025-08-02T01:47:41.361+0000] {processor.py:183} INFO - Processing /home/airflow/.local/lib/python3.8/site-packages/airflow/example_dags/example_xcom.py took 0.156 seconds
[2025-08-02T01:48:11.715+0000] {processor.py:161} INFO - Started process (PID=684) to work on /home/airflow/.local/lib/python3.8/site-packages/airflow/example_dags/example_xcom.py
[2025-08-02T01:48:11.716+0000] {processor.py:830} INFO - Processing file /home/airflow/.local/lib/python3.8/site-packages/airflow/example_dags/example_xcom.py for tasks to queue
[2025-08-02T01:48:11.717+0000] {logging_mixin.py:188} INFO - [2025-08-02T01:48:11.716+0000] {dagbag.py:540} INFO - Filling up the DagBag from /home/airflow/.local/lib/python3.8/site-packages/airflow/example_dags/example_xcom.py
[2025-08-02T01:48:11.723+0000] {processor.py:840} INFO - DAG(s) 'example_xcom' retrieved from /home/airflow/.local/lib/python3.8/site-packages/airflow/example_dags/example_xcom.py
[2025-08-02T01:48:11.739+0000] {logging_mixin.py:188} INFO - [2025-08-02T01:48:11.739+0000] {dag.py:3047} INFO - Sync 1 DAGs
[2025-08-02T01:48:11.753+0000] {logging_mixin.py:188} INFO - [2025-08-02T01:48:11.753+0000] {dag.py:3834} INFO - Setting next_dagrun for example_xcom to 2021-01-01 00:00:00+00:00, run_after=2021-01-01 00:00:00+00:00
[2025-08-02T01:48:11.765+0000] {processor.py:183} INFO - Processing /home/airflow/.local/lib/python3.8/site-packages/airflow/example_dags/example_xcom.py took 0.052 seconds
[2025-08-02T01:48:43.064+0000] {processor.py:161} INFO - Started process (PID=740) to work on /home/airflow/.local/lib/python3.8/site-packages/airflow/example_dags/example_xcom.py
[2025-08-02T01:48:43.065+0000] {processor.py:830} INFO - Processing file /home/airflow/.local/lib/python3.8/site-packages/airflow/example_dags/example_xcom.py for tasks to queue
[2025-08-02T01:48:43.067+0000] {logging_mixin.py:188} INFO - [2025-08-02T01:48:43.067+0000] {dagbag.py:540} INFO - Filling up the DagBag from /home/airflow/.local/lib/python3.8/site-packages/airflow/example_dags/example_xcom.py
[2025-08-02T01:48:43.075+0000] {processor.py:840} INFO - DAG(s) 'example_xcom' retrieved from /home/airflow/.local/lib/python3.8/site-packages/airflow/example_dags/example_xcom.py
[2025-08-02T01:48:43.123+0000] {logging_mixin.py:188} INFO - [2025-08-02T01:48:43.122+0000] {dag.py:3047} INFO - Sync 1 DAGs
[2025-08-02T01:48:43.141+0000] {logging_mixin.py:188} INFO - [2025-08-02T01:48:43.141+0000] {dag.py:3834} INFO - Setting next_dagrun for example_xcom to 2021-01-01 00:00:00+00:00, run_after=2021-01-01 00:00:00+00:00
[2025-08-02T01:48:43.162+0000] {processor.py:183} INFO - Processing /home/airflow/.local/lib/python3.8/site-packages/airflow/example_dags/example_xcom.py took 0.101 seconds
[2025-08-02T01:49:13.984+0000] {processor.py:161} INFO - Started process (PID=796) to work on /home/airflow/.local/lib/python3.8/site-packages/airflow/example_dags/example_xcom.py
[2025-08-02T01:49:13.985+0000] {processor.py:830} INFO - Processing file /home/airflow/.local/lib/python3.8/site-packages/airflow/example_dags/example_xcom.py for tasks to queue
[2025-08-02T01:49:13.986+0000] {logging_mixin.py:188} INFO - [2025-08-02T01:49:13.986+0000] {dagbag.py:540} INFO - Filling up the DagBag from /home/airflow/.local/lib/python3.8/site-packages/airflow/example_dags/example_xcom.py
[2025-08-02T01:49:13.992+0000] {processor.py:840} INFO - DAG(s) 'example_xcom' retrieved from /home/airflow/.local/lib/python3.8/site-packages/airflow/example_dags/example_xcom.py
[2025-08-02T01:49:14.008+0000] {logging_mixin.py:188} INFO - [2025-08-02T01:49:14.008+0000] {dag.py:3047} INFO - Sync 1 DAGs
[2025-08-02T01:49:14.021+0000] {logging_mixin.py:188} INFO - [2025-08-02T01:49:14.021+0000] {dag.py:3834} INFO - Setting next_dagrun for example_xcom to 2021-01-01 00:00:00+00:00, run_after=2021-01-01 00:00:00+00:00
[2025-08-02T01:49:14.033+0000] {processor.py:183} INFO - Processing /home/airflow/.local/lib/python3.8/site-packages/airflow/example_dags/example_xcom.py took 0.052 seconds
[2025-08-02T01:49:44.738+0000] {processor.py:161} INFO - Started process (PID=852) to work on /home/airflow/.local/lib/python3.8/site-packages/airflow/example_dags/example_xcom.py
[2025-08-02T01:49:44.740+0000] {processor.py:830} INFO - Processing file /home/airflow/.local/lib/python3.8/site-packages/airflow/example_dags/example_xcom.py for tasks to queue
[2025-08-02T01:49:44.741+0000] {logging_mixin.py:188} INFO - [2025-08-02T01:49:44.741+0000] {dagbag.py:540} INFO - Filling up the DagBag from /home/airflow/.local/lib/python3.8/site-packages/airflow/example_dags/example_xcom.py
[2025-08-02T01:49:44.752+0000] {processor.py:840} INFO - DAG(s) 'example_xcom' retrieved from /home/airflow/.local/lib/python3.8/site-packages/airflow/example_dags/example_xcom.py
[2025-08-02T01:49:44.780+0000] {logging_mixin.py:188} INFO - [2025-08-02T01:49:44.780+0000] {dag.py:3047} INFO - Sync 1 DAGs
[2025-08-02T01:49:44.802+0000] {logging_mixin.py:188} INFO - [2025-08-02T01:49:44.801+0000] {dag.py:3834} INFO - Setting next_dagrun for example_xcom to 2021-01-01 00:00:00+00:00, run_after=2021-01-01 00:00:00+00:00
[2025-08-02T01:49:44.997+0000] {processor.py:183} INFO - Processing /home/airflow/.local/lib/python3.8/site-packages/airflow/example_dags/example_xcom.py took 0.262 seconds
[2025-08-02T01:50:15.087+0000] {processor.py:161} INFO - Started process (PID=908) to work on /home/airflow/.local/lib/python3.8/site-packages/airflow/example_dags/example_xcom.py
[2025-08-02T01:50:15.088+0000] {processor.py:830} INFO - Processing file /home/airflow/.local/lib/python3.8/site-packages/airflow/example_dags/example_xcom.py for tasks to queue
[2025-08-02T01:50:15.089+0000] {logging_mixin.py:188} INFO - [2025-08-02T01:50:15.089+0000] {dagbag.py:540} INFO - Filling up the DagBag from /home/airflow/.local/lib/python3.8/site-packages/airflow/example_dags/example_xcom.py
[2025-08-02T01:50:15.094+0000] {processor.py:840} INFO - DAG(s) 'example_xcom' retrieved from /home/airflow/.local/lib/python3.8/site-packages/airflow/example_dags/example_xcom.py
[2025-08-02T01:50:15.115+0000] {logging_mixin.py:188} INFO - [2025-08-02T01:50:15.115+0000] {dag.py:3047} INFO - Sync 1 DAGs
[2025-08-02T01:50:15.133+0000] {logging_mixin.py:188} INFO - [2025-08-02T01:50:15.132+0000] {dag.py:3834} INFO - Setting next_dagrun for example_xcom to 2021-01-01 00:00:00+00:00, run_after=2021-01-01 00:00:00+00:00
[2025-08-02T01:50:15.146+0000] {processor.py:183} INFO - Processing /home/airflow/.local/lib/python3.8/site-packages/airflow/example_dags/example_xcom.py took 0.063 seconds
[2025-08-02T01:50:45.449+0000] {processor.py:161} INFO - Started process (PID=964) to work on /home/airflow/.local/lib/python3.8/site-packages/airflow/example_dags/example_xcom.py
[2025-08-02T01:50:45.450+0000] {processor.py:830} INFO - Processing file /home/airflow/.local/lib/python3.8/site-packages/airflow/example_dags/example_xcom.py for tasks to queue
[2025-08-02T01:50:45.451+0000] {logging_mixin.py:188} INFO - [2025-08-02T01:50:45.451+0000] {dagbag.py:540} INFO - Filling up the DagBag from /home/airflow/.local/lib/python3.8/site-packages/airflow/example_dags/example_xcom.py
[2025-08-02T01:50:45.455+0000] {processor.py:840} INFO - DAG(s) 'example_xcom' retrieved from /home/airflow/.local/lib/python3.8/site-packages/airflow/example_dags/example_xcom.py
[2025-08-02T01:50:45.478+0000] {logging_mixin.py:188} INFO - [2025-08-02T01:50:45.478+0000] {dag.py:3047} INFO - Sync 1 DAGs
[2025-08-02T01:50:45.494+0000] {logging_mixin.py:188} INFO - [2025-08-02T01:50:45.494+0000] {dag.py:3834} INFO - Setting next_dagrun for example_xcom to 2021-01-01 00:00:00+00:00, run_after=2021-01-01 00:00:00+00:00
[2025-08-02T01:50:45.508+0000] {processor.py:183} INFO - Processing /home/airflow/.local/lib/python3.8/site-packages/airflow/example_dags/example_xcom.py took 0.063 seconds
[2025-08-02T01:51:15.727+0000] {processor.py:161} INFO - Started process (PID=1021) to work on /home/airflow/.local/lib/python3.8/site-packages/airflow/example_dags/example_xcom.py
[2025-08-02T01:51:15.728+0000] {processor.py:830} INFO - Processing file /home/airflow/.local/lib/python3.8/site-packages/airflow/example_dags/example_xcom.py for tasks to queue
[2025-08-02T01:51:15.729+0000] {logging_mixin.py:188} INFO - [2025-08-02T01:51:15.729+0000] {dagbag.py:540} INFO - Filling up the DagBag from /home/airflow/.local/lib/python3.8/site-packages/airflow/example_dags/example_xcom.py
[2025-08-02T01:51:15.733+0000] {processor.py:840} INFO - DAG(s) 'example_xcom' retrieved from /home/airflow/.local/lib/python3.8/site-packages/airflow/example_dags/example_xcom.py
[2025-08-02T01:51:15.745+0000] {logging_mixin.py:188} INFO - [2025-08-02T01:51:15.745+0000] {dag.py:3047} INFO - Sync 1 DAGs
[2025-08-02T01:51:15.756+0000] {logging_mixin.py:188} INFO - [2025-08-02T01:51:15.755+0000] {dag.py:3834} INFO - Setting next_dagrun for example_xcom to 2021-01-01 00:00:00+00:00, run_after=2021-01-01 00:00:00+00:00
[2025-08-02T01:51:15.765+0000] {processor.py:183} INFO - Processing /home/airflow/.local/lib/python3.8/site-packages/airflow/example_dags/example_xcom.py took 0.041 seconds
[2025-08-02T01:51:46.663+0000] {processor.py:161} INFO - Started process (PID=1077) to work on /home/airflow/.local/lib/python3.8/site-packages/airflow/example_dags/example_xcom.py
[2025-08-02T01:51:46.664+0000] {processor.py:830} INFO - Processing file /home/airflow/.local/lib/python3.8/site-packages/airflow/example_dags/example_xcom.py for tasks to queue
[2025-08-02T01:51:46.665+0000] {logging_mixin.py:188} INFO - [2025-08-02T01:51:46.664+0000] {dagbag.py:540} INFO - Filling up the DagBag from /home/airflow/.local/lib/python3.8/site-packages/airflow/example_dags/example_xcom.py
[2025-08-02T01:51:46.669+0000] {processor.py:840} INFO - DAG(s) 'example_xcom' retrieved from /home/airflow/.local/lib/python3.8/site-packages/airflow/example_dags/example_xcom.py
[2025-08-02T01:51:46.682+0000] {logging_mixin.py:188} INFO - [2025-08-02T01:51:46.682+0000] {dag.py:3047} INFO - Sync 1 DAGs
[2025-08-02T01:51:46.693+0000] {logging_mixin.py:188} INFO - [2025-08-02T01:51:46.693+0000] {dag.py:3834} INFO - Setting next_dagrun for example_xcom to 2021-01-01 00:00:00+00:00, run_after=2021-01-01 00:00:00+00:00
[2025-08-02T01:51:46.702+0000] {processor.py:183} INFO - Processing /home/airflow/.local/lib/python3.8/site-packages/airflow/example_dags/example_xcom.py took 0.043 seconds
[2025-08-02T01:52:17.121+0000] {processor.py:161} INFO - Started process (PID=1133) to work on /home/airflow/.local/lib/python3.8/site-packages/airflow/example_dags/example_xcom.py
[2025-08-02T01:52:17.122+0000] {processor.py:830} INFO - Processing file /home/airflow/.local/lib/python3.8/site-packages/airflow/example_dags/example_xcom.py for tasks to queue
[2025-08-02T01:52:17.123+0000] {logging_mixin.py:188} INFO - [2025-08-02T01:52:17.123+0000] {dagbag.py:540} INFO - Filling up the DagBag from /home/airflow/.local/lib/python3.8/site-packages/airflow/example_dags/example_xcom.py
[2025-08-02T01:52:17.131+0000] {processor.py:840} INFO - DAG(s) 'example_xcom' retrieved from /home/airflow/.local/lib/python3.8/site-packages/airflow/example_dags/example_xcom.py
[2025-08-02T01:52:17.178+0000] {logging_mixin.py:188} INFO - [2025-08-02T01:52:17.177+0000] {dag.py:3047} INFO - Sync 1 DAGs
[2025-08-02T01:52:17.196+0000] {logging_mixin.py:188} INFO - [2025-08-02T01:52:17.195+0000] {dag.py:3834} INFO - Setting next_dagrun for example_xcom to 2021-01-01 00:00:00+00:00, run_after=2021-01-01 00:00:00+00:00
[2025-08-02T01:52:17.218+0000] {processor.py:183} INFO - Processing /home/airflow/.local/lib/python3.8/site-packages/airflow/example_dags/example_xcom.py took 0.108 seconds
[2025-08-02T01:52:51.942+0000] {processor.py:161} INFO - Started process (PID=1189) to work on /home/airflow/.local/lib/python3.8/site-packages/airflow/example_dags/example_xcom.py
[2025-08-02T01:52:51.944+0000] {processor.py:830} INFO - Processing file /home/airflow/.local/lib/python3.8/site-packages/airflow/example_dags/example_xcom.py for tasks to queue
[2025-08-02T01:52:51.948+0000] {logging_mixin.py:188} INFO - [2025-08-02T01:52:51.948+0000] {dagbag.py:540} INFO - Filling up the DagBag from /home/airflow/.local/lib/python3.8/site-packages/airflow/example_dags/example_xcom.py
[2025-08-02T01:52:51.956+0000] {processor.py:840} INFO - DAG(s) 'example_xcom' retrieved from /home/airflow/.local/lib/python3.8/site-packages/airflow/example_dags/example_xcom.py
[2025-08-02T01:52:51.992+0000] {logging_mixin.py:188} INFO - [2025-08-02T01:52:51.991+0000] {dag.py:3047} INFO - Sync 1 DAGs
[2025-08-02T01:52:52.043+0000] {logging_mixin.py:188} INFO - [2025-08-02T01:52:52.042+0000] {dag.py:3834} INFO - Setting next_dagrun for example_xcom to 2021-01-01 00:00:00+00:00, run_after=2021-01-01 00:00:00+00:00
[2025-08-02T01:52:52.065+0000] {processor.py:183} INFO - Processing /home/airflow/.local/lib/python3.8/site-packages/airflow/example_dags/example_xcom.py took 0.127 seconds
[2025-08-02T01:53:23.199+0000] {processor.py:161} INFO - Started process (PID=1245) to work on /home/airflow/.local/lib/python3.8/site-packages/airflow/example_dags/example_xcom.py
[2025-08-02T01:53:23.216+0000] {processor.py:830} INFO - Processing file /home/airflow/.local/lib/python3.8/site-packages/airflow/example_dags/example_xcom.py for tasks to queue
[2025-08-02T01:53:23.339+0000] {logging_mixin.py:188} INFO - [2025-08-02T01:53:23.319+0000] {dagbag.py:540} INFO - Filling up the DagBag from /home/airflow/.local/lib/python3.8/site-packages/airflow/example_dags/example_xcom.py
[2025-08-02T01:53:23.545+0000] {processor.py:840} INFO - DAG(s) 'example_xcom' retrieved from /home/airflow/.local/lib/python3.8/site-packages/airflow/example_dags/example_xcom.py
[2025-08-02T01:53:25.080+0000] {logging_mixin.py:188} INFO - [2025-08-02T01:53:25.072+0000] {dag.py:3047} INFO - Sync 1 DAGs
[2025-08-02T01:53:25.597+0000] {logging_mixin.py:188} INFO - [2025-08-02T01:53:25.592+0000] {dag.py:3834} INFO - Setting next_dagrun for example_xcom to 2021-01-01 00:00:00+00:00, run_after=2021-01-01 00:00:00+00:00
[2025-08-02T01:53:27.034+0000] {processor.py:183} INFO - Processing /home/airflow/.local/lib/python3.8/site-packages/airflow/example_dags/example_xcom.py took 3.882 seconds
[2025-08-02T01:53:57.562+0000] {processor.py:161} INFO - Started process (PID=1299) to work on /home/airflow/.local/lib/python3.8/site-packages/airflow/example_dags/example_xcom.py
[2025-08-02T01:53:57.569+0000] {processor.py:830} INFO - Processing file /home/airflow/.local/lib/python3.8/site-packages/airflow/example_dags/example_xcom.py for tasks to queue
[2025-08-02T01:53:57.580+0000] {logging_mixin.py:188} INFO - [2025-08-02T01:53:57.579+0000] {dagbag.py:540} INFO - Filling up the DagBag from /home/airflow/.local/lib/python3.8/site-packages/airflow/example_dags/example_xcom.py
[2025-08-02T01:53:57.595+0000] {processor.py:840} INFO - DAG(s) 'example_xcom' retrieved from /home/airflow/.local/lib/python3.8/site-packages/airflow/example_dags/example_xcom.py
[2025-08-02T01:53:57.649+0000] {logging_mixin.py:188} INFO - [2025-08-02T01:53:57.649+0000] {dag.py:3047} INFO - Sync 1 DAGs
[2025-08-02T01:53:57.683+0000] {logging_mixin.py:188} INFO - [2025-08-02T01:53:57.682+0000] {dag.py:3834} INFO - Setting next_dagrun for example_xcom to 2021-01-01 00:00:00+00:00, run_after=2021-01-01 00:00:00+00:00
[2025-08-02T01:53:57.701+0000] {processor.py:183} INFO - Processing /home/airflow/.local/lib/python3.8/site-packages/airflow/example_dags/example_xcom.py took 0.166 seconds
[2025-08-02T01:54:28.407+0000] {processor.py:161} INFO - Started process (PID=1355) to work on /home/airflow/.local/lib/python3.8/site-packages/airflow/example_dags/example_xcom.py
[2025-08-02T01:54:28.415+0000] {processor.py:830} INFO - Processing file /home/airflow/.local/lib/python3.8/site-packages/airflow/example_dags/example_xcom.py for tasks to queue
[2025-08-02T01:54:28.430+0000] {logging_mixin.py:188} INFO - [2025-08-02T01:54:28.429+0000] {dagbag.py:540} INFO - Filling up the DagBag from /home/airflow/.local/lib/python3.8/site-packages/airflow/example_dags/example_xcom.py
[2025-08-02T01:54:28.447+0000] {processor.py:840} INFO - DAG(s) 'example_xcom' retrieved from /home/airflow/.local/lib/python3.8/site-packages/airflow/example_dags/example_xcom.py
[2025-08-02T01:54:28.491+0000] {logging_mixin.py:188} INFO - [2025-08-02T01:54:28.491+0000] {dag.py:3047} INFO - Sync 1 DAGs
[2025-08-02T01:54:28.511+0000] {logging_mixin.py:188} INFO - [2025-08-02T01:54:28.511+0000] {dag.py:3834} INFO - Setting next_dagrun for example_xcom to 2021-01-01 00:00:00+00:00, run_after=2021-01-01 00:00:00+00:00
[2025-08-02T01:54:28.523+0000] {processor.py:183} INFO - Processing /home/airflow/.local/lib/python3.8/site-packages/airflow/example_dags/example_xcom.py took 0.132 seconds
[2025-08-02T01:54:58.987+0000] {processor.py:161} INFO - Started process (PID=1411) to work on /home/airflow/.local/lib/python3.8/site-packages/airflow/example_dags/example_xcom.py
[2025-08-02T01:54:59.009+0000] {processor.py:830} INFO - Processing file /home/airflow/.local/lib/python3.8/site-packages/airflow/example_dags/example_xcom.py for tasks to queue
[2025-08-02T01:54:59.019+0000] {logging_mixin.py:188} INFO - [2025-08-02T01:54:59.017+0000] {dagbag.py:540} INFO - Filling up the DagBag from /home/airflow/.local/lib/python3.8/site-packages/airflow/example_dags/example_xcom.py
[2025-08-02T01:54:59.073+0000] {processor.py:840} INFO - DAG(s) 'example_xcom' retrieved from /home/airflow/.local/lib/python3.8/site-packages/airflow/example_dags/example_xcom.py
[2025-08-02T01:54:59.292+0000] {logging_mixin.py:188} INFO - [2025-08-02T01:54:59.290+0000] {dag.py:3047} INFO - Sync 1 DAGs
[2025-08-02T01:54:59.344+0000] {logging_mixin.py:188} INFO - [2025-08-02T01:54:59.344+0000] {dag.py:3834} INFO - Setting next_dagrun for example_xcom to 2021-01-01 00:00:00+00:00, run_after=2021-01-01 00:00:00+00:00
[2025-08-02T01:54:59.368+0000] {processor.py:183} INFO - Processing /home/airflow/.local/lib/python3.8/site-packages/airflow/example_dags/example_xcom.py took 0.400 seconds
[2025-08-02T01:55:30.164+0000] {processor.py:161} INFO - Started process (PID=1466) to work on /home/airflow/.local/lib/python3.8/site-packages/airflow/example_dags/example_xcom.py
[2025-08-02T01:55:30.166+0000] {processor.py:830} INFO - Processing file /home/airflow/.local/lib/python3.8/site-packages/airflow/example_dags/example_xcom.py for tasks to queue
[2025-08-02T01:55:30.170+0000] {logging_mixin.py:188} INFO - [2025-08-02T01:55:30.170+0000] {dagbag.py:540} INFO - Filling up the DagBag from /home/airflow/.local/lib/python3.8/site-packages/airflow/example_dags/example_xcom.py
[2025-08-02T01:55:30.184+0000] {processor.py:840} INFO - DAG(s) 'example_xcom' retrieved from /home/airflow/.local/lib/python3.8/site-packages/airflow/example_dags/example_xcom.py
[2025-08-02T01:55:30.229+0000] {logging_mixin.py:188} INFO - [2025-08-02T01:55:30.228+0000] {dag.py:3047} INFO - Sync 1 DAGs
[2025-08-02T01:55:30.251+0000] {logging_mixin.py:188} INFO - [2025-08-02T01:55:30.251+0000] {dag.py:3834} INFO - Setting next_dagrun for example_xcom to 2021-01-01 00:00:00+00:00, run_after=2021-01-01 00:00:00+00:00
[2025-08-02T01:55:30.276+0000] {processor.py:183} INFO - Processing /home/airflow/.local/lib/python3.8/site-packages/airflow/example_dags/example_xcom.py took 0.122 seconds
[2025-08-02T01:56:00.894+0000] {processor.py:161} INFO - Started process (PID=1522) to work on /home/airflow/.local/lib/python3.8/site-packages/airflow/example_dags/example_xcom.py
[2025-08-02T01:56:00.902+0000] {processor.py:830} INFO - Processing file /home/airflow/.local/lib/python3.8/site-packages/airflow/example_dags/example_xcom.py for tasks to queue
[2025-08-02T01:56:00.910+0000] {logging_mixin.py:188} INFO - [2025-08-02T01:56:00.908+0000] {dagbag.py:540} INFO - Filling up the DagBag from /home/airflow/.local/lib/python3.8/site-packages/airflow/example_dags/example_xcom.py
[2025-08-02T01:56:00.968+0000] {processor.py:840} INFO - DAG(s) 'example_xcom' retrieved from /home/airflow/.local/lib/python3.8/site-packages/airflow/example_dags/example_xcom.py
[2025-08-02T01:56:01.027+0000] {logging_mixin.py:188} INFO - [2025-08-02T01:56:01.026+0000] {dag.py:3047} INFO - Sync 1 DAGs
[2025-08-02T01:56:01.059+0000] {logging_mixin.py:188} INFO - [2025-08-02T01:56:01.058+0000] {dag.py:3834} INFO - Setting next_dagrun for example_xcom to 2021-01-01 00:00:00+00:00, run_after=2021-01-01 00:00:00+00:00
[2025-08-02T01:56:01.088+0000] {processor.py:183} INFO - Processing /home/airflow/.local/lib/python3.8/site-packages/airflow/example_dags/example_xcom.py took 0.233 seconds
[2025-08-02T01:56:31.537+0000] {processor.py:161} INFO - Started process (PID=1577) to work on /home/airflow/.local/lib/python3.8/site-packages/airflow/example_dags/example_xcom.py
[2025-08-02T01:56:31.542+0000] {processor.py:830} INFO - Processing file /home/airflow/.local/lib/python3.8/site-packages/airflow/example_dags/example_xcom.py for tasks to queue
[2025-08-02T01:56:31.555+0000] {logging_mixin.py:188} INFO - [2025-08-02T01:56:31.555+0000] {dagbag.py:540} INFO - Filling up the DagBag from /home/airflow/.local/lib/python3.8/site-packages/airflow/example_dags/example_xcom.py
[2025-08-02T01:56:31.605+0000] {processor.py:840} INFO - DAG(s) 'example_xcom' retrieved from /home/airflow/.local/lib/python3.8/site-packages/airflow/example_dags/example_xcom.py
[2025-08-02T01:56:31.788+0000] {logging_mixin.py:188} INFO - [2025-08-02T01:56:31.787+0000] {dag.py:3047} INFO - Sync 1 DAGs
[2025-08-02T01:56:31.846+0000] {logging_mixin.py:188} INFO - [2025-08-02T01:56:31.845+0000] {dag.py:3834} INFO - Setting next_dagrun for example_xcom to 2021-01-01 00:00:00+00:00, run_after=2021-01-01 00:00:00+00:00
[2025-08-02T01:56:31.881+0000] {processor.py:183} INFO - Processing /home/airflow/.local/lib/python3.8/site-packages/airflow/example_dags/example_xcom.py took 0.374 seconds
[2025-08-02T01:57:02.869+0000] {processor.py:161} INFO - Started process (PID=1633) to work on /home/airflow/.local/lib/python3.8/site-packages/airflow/example_dags/example_xcom.py
[2025-08-02T01:57:02.873+0000] {processor.py:830} INFO - Processing file /home/airflow/.local/lib/python3.8/site-packages/airflow/example_dags/example_xcom.py for tasks to queue
[2025-08-02T01:57:02.884+0000] {logging_mixin.py:188} INFO - [2025-08-02T01:57:02.882+0000] {dagbag.py:540} INFO - Filling up the DagBag from /home/airflow/.local/lib/python3.8/site-packages/airflow/example_dags/example_xcom.py
[2025-08-02T01:57:02.902+0000] {processor.py:840} INFO - DAG(s) 'example_xcom' retrieved from /home/airflow/.local/lib/python3.8/site-packages/airflow/example_dags/example_xcom.py
[2025-08-02T01:57:02.929+0000] {logging_mixin.py:188} INFO - [2025-08-02T01:57:02.929+0000] {dag.py:3047} INFO - Sync 1 DAGs
[2025-08-02T01:57:02.966+0000] {logging_mixin.py:188} INFO - [2025-08-02T01:57:02.966+0000] {dag.py:3834} INFO - Setting next_dagrun for example_xcom to 2021-01-01 00:00:00+00:00, run_after=2021-01-01 00:00:00+00:00
[2025-08-02T01:57:02.997+0000] {processor.py:183} INFO - Processing /home/airflow/.local/lib/python3.8/site-packages/airflow/example_dags/example_xcom.py took 0.143 seconds
[2025-08-02T01:57:33.464+0000] {processor.py:161} INFO - Started process (PID=1689) to work on /home/airflow/.local/lib/python3.8/site-packages/airflow/example_dags/example_xcom.py
[2025-08-02T01:57:33.473+0000] {processor.py:830} INFO - Processing file /home/airflow/.local/lib/python3.8/site-packages/airflow/example_dags/example_xcom.py for tasks to queue
[2025-08-02T01:57:33.487+0000] {logging_mixin.py:188} INFO - [2025-08-02T01:57:33.484+0000] {dagbag.py:540} INFO - Filling up the DagBag from /home/airflow/.local/lib/python3.8/site-packages/airflow/example_dags/example_xcom.py
[2025-08-02T01:57:33.550+0000] {processor.py:840} INFO - DAG(s) 'example_xcom' retrieved from /home/airflow/.local/lib/python3.8/site-packages/airflow/example_dags/example_xcom.py
[2025-08-02T01:57:33.707+0000] {logging_mixin.py:188} INFO - [2025-08-02T01:57:33.692+0000] {dag.py:3047} INFO - Sync 1 DAGs
[2025-08-02T01:57:33.845+0000] {logging_mixin.py:188} INFO - [2025-08-02T01:57:33.835+0000] {dag.py:3834} INFO - Setting next_dagrun for example_xcom to 2021-01-01 00:00:00+00:00, run_after=2021-01-01 00:00:00+00:00
[2025-08-02T01:57:34.095+0000] {processor.py:183} INFO - Processing /home/airflow/.local/lib/python3.8/site-packages/airflow/example_dags/example_xcom.py took 0.666 seconds
[2025-08-02T01:58:05.157+0000] {processor.py:161} INFO - Started process (PID=1745) to work on /home/airflow/.local/lib/python3.8/site-packages/airflow/example_dags/example_xcom.py
[2025-08-02T01:58:05.160+0000] {processor.py:830} INFO - Processing file /home/airflow/.local/lib/python3.8/site-packages/airflow/example_dags/example_xcom.py for tasks to queue
[2025-08-02T01:58:05.164+0000] {logging_mixin.py:188} INFO - [2025-08-02T01:58:05.163+0000] {dagbag.py:540} INFO - Filling up the DagBag from /home/airflow/.local/lib/python3.8/site-packages/airflow/example_dags/example_xcom.py
[2025-08-02T01:58:05.183+0000] {processor.py:840} INFO - DAG(s) 'example_xcom' retrieved from /home/airflow/.local/lib/python3.8/site-packages/airflow/example_dags/example_xcom.py
[2025-08-02T01:58:05.242+0000] {logging_mixin.py:188} INFO - [2025-08-02T01:58:05.242+0000] {dag.py:3047} INFO - Sync 1 DAGs
[2025-08-02T01:58:05.289+0000] {logging_mixin.py:188} INFO - [2025-08-02T01:58:05.288+0000] {dag.py:3834} INFO - Setting next_dagrun for example_xcom to 2021-01-01 00:00:00+00:00, run_after=2021-01-01 00:00:00+00:00
[2025-08-02T01:58:05.367+0000] {processor.py:183} INFO - Processing /home/airflow/.local/lib/python3.8/site-packages/airflow/example_dags/example_xcom.py took 0.219 seconds
[2025-08-02T01:58:36.505+0000] {processor.py:161} INFO - Started process (PID=1800) to work on /home/airflow/.local/lib/python3.8/site-packages/airflow/example_dags/example_xcom.py
[2025-08-02T01:58:36.508+0000] {processor.py:830} INFO - Processing file /home/airflow/.local/lib/python3.8/site-packages/airflow/example_dags/example_xcom.py for tasks to queue
[2025-08-02T01:58:36.511+0000] {logging_mixin.py:188} INFO - [2025-08-02T01:58:36.511+0000] {dagbag.py:540} INFO - Filling up the DagBag from /home/airflow/.local/lib/python3.8/site-packages/airflow/example_dags/example_xcom.py
[2025-08-02T01:58:36.521+0000] {processor.py:840} INFO - DAG(s) 'example_xcom' retrieved from /home/airflow/.local/lib/python3.8/site-packages/airflow/example_dags/example_xcom.py
[2025-08-02T01:58:36.553+0000] {logging_mixin.py:188} INFO - [2025-08-02T01:58:36.553+0000] {dag.py:3047} INFO - Sync 1 DAGs
[2025-08-02T01:58:36.581+0000] {logging_mixin.py:188} INFO - [2025-08-02T01:58:36.581+0000] {dag.py:3834} INFO - Setting next_dagrun for example_xcom to 2021-01-01 00:00:00+00:00, run_after=2021-01-01 00:00:00+00:00
[2025-08-02T01:58:36.605+0000] {processor.py:183} INFO - Processing /home/airflow/.local/lib/python3.8/site-packages/airflow/example_dags/example_xcom.py took 0.106 seconds
[2025-08-02T01:59:07.398+0000] {processor.py:161} INFO - Started process (PID=1854) to work on /home/airflow/.local/lib/python3.8/site-packages/airflow/example_dags/example_xcom.py
[2025-08-02T01:59:07.404+0000] {processor.py:830} INFO - Processing file /home/airflow/.local/lib/python3.8/site-packages/airflow/example_dags/example_xcom.py for tasks to queue
[2025-08-02T01:59:07.405+0000] {logging_mixin.py:188} INFO - [2025-08-02T01:59:07.405+0000] {dagbag.py:540} INFO - Filling up the DagBag from /home/airflow/.local/lib/python3.8/site-packages/airflow/example_dags/example_xcom.py
[2025-08-02T01:59:07.414+0000] {processor.py:840} INFO - DAG(s) 'example_xcom' retrieved from /home/airflow/.local/lib/python3.8/site-packages/airflow/example_dags/example_xcom.py
[2025-08-02T01:59:07.459+0000] {logging_mixin.py:188} INFO - [2025-08-02T01:59:07.458+0000] {dag.py:3047} INFO - Sync 1 DAGs
[2025-08-02T01:59:07.483+0000] {logging_mixin.py:188} INFO - [2025-08-02T01:59:07.483+0000] {dag.py:3834} INFO - Setting next_dagrun for example_xcom to 2021-01-01 00:00:00+00:00, run_after=2021-01-01 00:00:00+00:00
[2025-08-02T01:59:07.506+0000] {processor.py:183} INFO - Processing /home/airflow/.local/lib/python3.8/site-packages/airflow/example_dags/example_xcom.py took 0.113 seconds
[2025-08-02T01:59:38.051+0000] {processor.py:161} INFO - Started process (PID=1910) to work on /home/airflow/.local/lib/python3.8/site-packages/airflow/example_dags/example_xcom.py
[2025-08-02T01:59:38.052+0000] {processor.py:830} INFO - Processing file /home/airflow/.local/lib/python3.8/site-packages/airflow/example_dags/example_xcom.py for tasks to queue
[2025-08-02T01:59:38.054+0000] {logging_mixin.py:188} INFO - [2025-08-02T01:59:38.054+0000] {dagbag.py:540} INFO - Filling up the DagBag from /home/airflow/.local/lib/python3.8/site-packages/airflow/example_dags/example_xcom.py
[2025-08-02T01:59:38.061+0000] {processor.py:840} INFO - DAG(s) 'example_xcom' retrieved from /home/airflow/.local/lib/python3.8/site-packages/airflow/example_dags/example_xcom.py
[2025-08-02T01:59:38.084+0000] {logging_mixin.py:188} INFO - [2025-08-02T01:59:38.084+0000] {dag.py:3047} INFO - Sync 1 DAGs
[2025-08-02T01:59:38.109+0000] {logging_mixin.py:188} INFO - [2025-08-02T01:59:38.109+0000] {dag.py:3834} INFO - Setting next_dagrun for example_xcom to 2021-01-01 00:00:00+00:00, run_after=2021-01-01 00:00:00+00:00
[2025-08-02T01:59:38.128+0000] {processor.py:183} INFO - Processing /home/airflow/.local/lib/python3.8/site-packages/airflow/example_dags/example_xcom.py took 0.081 seconds
[2025-08-02T02:00:08.829+0000] {processor.py:161} INFO - Started process (PID=1966) to work on /home/airflow/.local/lib/python3.8/site-packages/airflow/example_dags/example_xcom.py
[2025-08-02T02:00:08.832+0000] {processor.py:830} INFO - Processing file /home/airflow/.local/lib/python3.8/site-packages/airflow/example_dags/example_xcom.py for tasks to queue
[2025-08-02T02:00:08.855+0000] {logging_mixin.py:188} INFO - [2025-08-02T02:00:08.850+0000] {dagbag.py:540} INFO - Filling up the DagBag from /home/airflow/.local/lib/python3.8/site-packages/airflow/example_dags/example_xcom.py
[2025-08-02T02:00:08.885+0000] {processor.py:840} INFO - DAG(s) 'example_xcom' retrieved from /home/airflow/.local/lib/python3.8/site-packages/airflow/example_dags/example_xcom.py
[2025-08-02T02:00:09.003+0000] {logging_mixin.py:188} INFO - [2025-08-02T02:00:09.002+0000] {dag.py:3047} INFO - Sync 1 DAGs
[2025-08-02T02:00:09.034+0000] {logging_mixin.py:188} INFO - [2025-08-02T02:00:09.034+0000] {dag.py:3834} INFO - Setting next_dagrun for example_xcom to 2021-01-01 00:00:00+00:00, run_after=2021-01-01 00:00:00+00:00
[2025-08-02T02:00:09.083+0000] {processor.py:183} INFO - Processing /home/airflow/.local/lib/python3.8/site-packages/airflow/example_dags/example_xcom.py took 0.262 seconds
[2025-08-02T02:00:39.668+0000] {processor.py:161} INFO - Started process (PID=2022) to work on /home/airflow/.local/lib/python3.8/site-packages/airflow/example_dags/example_xcom.py
[2025-08-02T02:00:39.672+0000] {processor.py:830} INFO - Processing file /home/airflow/.local/lib/python3.8/site-packages/airflow/example_dags/example_xcom.py for tasks to queue
[2025-08-02T02:00:39.680+0000] {logging_mixin.py:188} INFO - [2025-08-02T02:00:39.680+0000] {dagbag.py:540} INFO - Filling up the DagBag from /home/airflow/.local/lib/python3.8/site-packages/airflow/example_dags/example_xcom.py
[2025-08-02T02:00:39.720+0000] {processor.py:840} INFO - DAG(s) 'example_xcom' retrieved from /home/airflow/.local/lib/python3.8/site-packages/airflow/example_dags/example_xcom.py
[2025-08-02T02:00:39.883+0000] {logging_mixin.py:188} INFO - [2025-08-02T02:00:39.879+0000] {dag.py:3047} INFO - Sync 1 DAGs
[2025-08-02T02:00:39.940+0000] {logging_mixin.py:188} INFO - [2025-08-02T02:00:39.940+0000] {dag.py:3834} INFO - Setting next_dagrun for example_xcom to 2021-01-01 00:00:00+00:00, run_after=2021-01-01 00:00:00+00:00
[2025-08-02T02:00:39.993+0000] {processor.py:183} INFO - Processing /home/airflow/.local/lib/python3.8/site-packages/airflow/example_dags/example_xcom.py took 0.330 seconds
[2025-08-02T02:01:13.859+0000] {processor.py:161} INFO - Started process (PID=2078) to work on /home/airflow/.local/lib/python3.8/site-packages/airflow/example_dags/example_xcom.py
[2025-08-02T02:01:13.864+0000] {processor.py:830} INFO - Processing file /home/airflow/.local/lib/python3.8/site-packages/airflow/example_dags/example_xcom.py for tasks to queue
[2025-08-02T02:01:13.870+0000] {logging_mixin.py:188} INFO - [2025-08-02T02:01:13.870+0000] {dagbag.py:540} INFO - Filling up the DagBag from /home/airflow/.local/lib/python3.8/site-packages/airflow/example_dags/example_xcom.py
[2025-08-02T02:01:13.918+0000] {processor.py:840} INFO - DAG(s) 'example_xcom' retrieved from /home/airflow/.local/lib/python3.8/site-packages/airflow/example_dags/example_xcom.py
[2025-08-02T02:01:14.034+0000] {logging_mixin.py:188} INFO - [2025-08-02T02:01:14.033+0000] {dag.py:3047} INFO - Sync 1 DAGs
[2025-08-02T02:01:14.199+0000] {logging_mixin.py:188} INFO - [2025-08-02T02:01:14.198+0000] {dag.py:3834} INFO - Setting next_dagrun for example_xcom to 2021-01-01 00:00:00+00:00, run_after=2021-01-01 00:00:00+00:00
[2025-08-02T02:01:14.273+0000] {processor.py:183} INFO - Processing /home/airflow/.local/lib/python3.8/site-packages/airflow/example_dags/example_xcom.py took 0.431 seconds
[2025-08-02T02:02:26.538+0000] {processor.py:161} INFO - Started process (PID=2135) to work on /home/airflow/.local/lib/python3.8/site-packages/airflow/example_dags/example_xcom.py
[2025-08-02T02:02:26.540+0000] {processor.py:830} INFO - Processing file /home/airflow/.local/lib/python3.8/site-packages/airflow/example_dags/example_xcom.py for tasks to queue
[2025-08-02T02:02:26.545+0000] {logging_mixin.py:188} INFO - [2025-08-02T02:02:26.544+0000] {dagbag.py:540} INFO - Filling up the DagBag from /home/airflow/.local/lib/python3.8/site-packages/airflow/example_dags/example_xcom.py
[2025-08-02T02:02:26.557+0000] {processor.py:840} INFO - DAG(s) 'example_xcom' retrieved from /home/airflow/.local/lib/python3.8/site-packages/airflow/example_dags/example_xcom.py
[2025-08-02T02:02:26.601+0000] {logging_mixin.py:188} INFO - [2025-08-02T02:02:26.601+0000] {dag.py:3047} INFO - Sync 1 DAGs
[2025-08-02T02:02:26.633+0000] {logging_mixin.py:188} INFO - [2025-08-02T02:02:26.633+0000] {dag.py:3834} INFO - Setting next_dagrun for example_xcom to 2021-01-01 00:00:00+00:00, run_after=2021-01-01 00:00:00+00:00
[2025-08-02T02:02:26.685+0000] {processor.py:183} INFO - Processing /home/airflow/.local/lib/python3.8/site-packages/airflow/example_dags/example_xcom.py took 0.151 seconds
[2025-08-02T02:03:05.841+0000] {processor.py:161} INFO - Started process (PID=2191) to work on /home/airflow/.local/lib/python3.8/site-packages/airflow/example_dags/example_xcom.py
[2025-08-02T02:03:05.852+0000] {processor.py:830} INFO - Processing file /home/airflow/.local/lib/python3.8/site-packages/airflow/example_dags/example_xcom.py for tasks to queue
[2025-08-02T02:03:05.873+0000] {logging_mixin.py:188} INFO - [2025-08-02T02:03:05.866+0000] {dagbag.py:540} INFO - Filling up the DagBag from /home/airflow/.local/lib/python3.8/site-packages/airflow/example_dags/example_xcom.py
[2025-08-02T02:03:05.993+0000] {processor.py:840} INFO - DAG(s) 'example_xcom' retrieved from /home/airflow/.local/lib/python3.8/site-packages/airflow/example_dags/example_xcom.py
[2025-08-02T02:03:06.151+0000] {logging_mixin.py:188} INFO - [2025-08-02T02:03:06.150+0000] {dag.py:3047} INFO - Sync 1 DAGs
[2025-08-02T02:03:06.342+0000] {logging_mixin.py:188} INFO - [2025-08-02T02:03:06.333+0000] {dag.py:3834} INFO - Setting next_dagrun for example_xcom to 2021-01-01 00:00:00+00:00, run_after=2021-01-01 00:00:00+00:00
[2025-08-02T02:03:06.771+0000] {processor.py:183} INFO - Processing /home/airflow/.local/lib/python3.8/site-packages/airflow/example_dags/example_xcom.py took 0.984 seconds
[2025-08-02T02:03:37.903+0000] {processor.py:161} INFO - Started process (PID=2247) to work on /home/airflow/.local/lib/python3.8/site-packages/airflow/example_dags/example_xcom.py
[2025-08-02T02:03:37.908+0000] {processor.py:830} INFO - Processing file /home/airflow/.local/lib/python3.8/site-packages/airflow/example_dags/example_xcom.py for tasks to queue
[2025-08-02T02:03:37.913+0000] {logging_mixin.py:188} INFO - [2025-08-02T02:03:37.913+0000] {dagbag.py:540} INFO - Filling up the DagBag from /home/airflow/.local/lib/python3.8/site-packages/airflow/example_dags/example_xcom.py
[2025-08-02T02:03:37.959+0000] {processor.py:840} INFO - DAG(s) 'example_xcom' retrieved from /home/airflow/.local/lib/python3.8/site-packages/airflow/example_dags/example_xcom.py
[2025-08-02T02:03:38.071+0000] {logging_mixin.py:188} INFO - [2025-08-02T02:03:38.070+0000] {dag.py:3047} INFO - Sync 1 DAGs
[2025-08-02T02:03:38.145+0000] {logging_mixin.py:188} INFO - [2025-08-02T02:03:38.144+0000] {dag.py:3834} INFO - Setting next_dagrun for example_xcom to 2021-01-01 00:00:00+00:00, run_after=2021-01-01 00:00:00+00:00
[2025-08-02T02:03:38.250+0000] {processor.py:183} INFO - Processing /home/airflow/.local/lib/python3.8/site-packages/airflow/example_dags/example_xcom.py took 0.367 seconds
[2025-08-02T02:04:09.484+0000] {processor.py:161} INFO - Started process (PID=2303) to work on /home/airflow/.local/lib/python3.8/site-packages/airflow/example_dags/example_xcom.py
[2025-08-02T02:04:09.487+0000] {processor.py:830} INFO - Processing file /home/airflow/.local/lib/python3.8/site-packages/airflow/example_dags/example_xcom.py for tasks to queue
[2025-08-02T02:04:09.495+0000] {logging_mixin.py:188} INFO - [2025-08-02T02:04:09.494+0000] {dagbag.py:540} INFO - Filling up the DagBag from /home/airflow/.local/lib/python3.8/site-packages/airflow/example_dags/example_xcom.py
[2025-08-02T02:04:09.519+0000] {processor.py:840} INFO - DAG(s) 'example_xcom' retrieved from /home/airflow/.local/lib/python3.8/site-packages/airflow/example_dags/example_xcom.py
[2025-08-02T02:04:09.548+0000] {logging_mixin.py:188} INFO - [2025-08-02T02:04:09.548+0000] {dag.py:3047} INFO - Sync 1 DAGs
[2025-08-02T02:04:09.582+0000] {logging_mixin.py:188} INFO - [2025-08-02T02:04:09.582+0000] {dag.py:3834} INFO - Setting next_dagrun for example_xcom to 2021-01-01 00:00:00+00:00, run_after=2021-01-01 00:00:00+00:00
[2025-08-02T02:04:09.649+0000] {processor.py:183} INFO - Processing /home/airflow/.local/lib/python3.8/site-packages/airflow/example_dags/example_xcom.py took 0.174 seconds
[2025-08-02T02:04:44.568+0000] {processor.py:161} INFO - Started process (PID=2359) to work on /home/airflow/.local/lib/python3.8/site-packages/airflow/example_dags/example_xcom.py
[2025-08-02T02:04:44.588+0000] {processor.py:830} INFO - Processing file /home/airflow/.local/lib/python3.8/site-packages/airflow/example_dags/example_xcom.py for tasks to queue
[2025-08-02T02:04:44.611+0000] {logging_mixin.py:188} INFO - [2025-08-02T02:04:44.603+0000] {dagbag.py:540} INFO - Filling up the DagBag from /home/airflow/.local/lib/python3.8/site-packages/airflow/example_dags/example_xcom.py
[2025-08-02T02:04:44.686+0000] {processor.py:840} INFO - DAG(s) 'example_xcom' retrieved from /home/airflow/.local/lib/python3.8/site-packages/airflow/example_dags/example_xcom.py
[2025-08-02T02:04:45.139+0000] {logging_mixin.py:188} INFO - [2025-08-02T02:04:45.135+0000] {dag.py:3047} INFO - Sync 1 DAGs
[2025-08-02T02:04:45.265+0000] {logging_mixin.py:188} INFO - [2025-08-02T02:04:45.265+0000] {dag.py:3834} INFO - Setting next_dagrun for example_xcom to 2021-01-01 00:00:00+00:00, run_after=2021-01-01 00:00:00+00:00
[2025-08-02T02:04:45.372+0000] {processor.py:183} INFO - Processing /home/airflow/.local/lib/python3.8/site-packages/airflow/example_dags/example_xcom.py took 0.875 seconds
[2025-08-02T02:05:22.227+0000] {processor.py:161} INFO - Started process (PID=2415) to work on /home/airflow/.local/lib/python3.8/site-packages/airflow/example_dags/example_xcom.py
[2025-08-02T02:05:22.234+0000] {processor.py:830} INFO - Processing file /home/airflow/.local/lib/python3.8/site-packages/airflow/example_dags/example_xcom.py for tasks to queue
[2025-08-02T02:05:22.243+0000] {logging_mixin.py:188} INFO - [2025-08-02T02:05:22.241+0000] {dagbag.py:540} INFO - Filling up the DagBag from /home/airflow/.local/lib/python3.8/site-packages/airflow/example_dags/example_xcom.py
[2025-08-02T02:05:22.333+0000] {processor.py:840} INFO - DAG(s) 'example_xcom' retrieved from /home/airflow/.local/lib/python3.8/site-packages/airflow/example_dags/example_xcom.py
[2025-08-02T02:05:22.486+0000] {logging_mixin.py:188} INFO - [2025-08-02T02:05:22.486+0000] {dag.py:3047} INFO - Sync 1 DAGs
[2025-08-02T02:05:22.639+0000] {logging_mixin.py:188} INFO - [2025-08-02T02:05:22.637+0000] {dag.py:3834} INFO - Setting next_dagrun for example_xcom to 2021-01-01 00:00:00+00:00, run_after=2021-01-01 00:00:00+00:00
[2025-08-02T02:05:23.035+0000] {processor.py:183} INFO - Processing /home/airflow/.local/lib/python3.8/site-packages/airflow/example_dags/example_xcom.py took 0.841 seconds
[2025-08-02T02:08:40.910+0000] {processor.py:161} INFO - Started process (PID=2472) to work on /home/airflow/.local/lib/python3.8/site-packages/airflow/example_dags/example_xcom.py
[2025-08-02T02:08:40.934+0000] {processor.py:830} INFO - Processing file /home/airflow/.local/lib/python3.8/site-packages/airflow/example_dags/example_xcom.py for tasks to queue
[2025-08-02T02:08:40.995+0000] {logging_mixin.py:188} INFO - [2025-08-02T02:08:40.992+0000] {dagbag.py:540} INFO - Filling up the DagBag from /home/airflow/.local/lib/python3.8/site-packages/airflow/example_dags/example_xcom.py
[2025-08-02T02:08:41.112+0000] {processor.py:840} INFO - DAG(s) 'example_xcom' retrieved from /home/airflow/.local/lib/python3.8/site-packages/airflow/example_dags/example_xcom.py
[2025-08-02T02:08:41.309+0000] {logging_mixin.py:188} INFO - [2025-08-02T02:08:41.309+0000] {dag.py:3047} INFO - Sync 1 DAGs
[2025-08-02T02:08:41.501+0000] {logging_mixin.py:188} INFO - [2025-08-02T02:08:41.488+0000] {dag.py:3834} INFO - Setting next_dagrun for example_xcom to 2021-01-01 00:00:00+00:00, run_after=2021-01-01 00:00:00+00:00
[2025-08-02T02:08:41.662+0000] {processor.py:183} INFO - Processing /home/airflow/.local/lib/python3.8/site-packages/airflow/example_dags/example_xcom.py took 0.827 seconds
[2025-08-02T02:09:14.114+0000] {processor.py:161} INFO - Started process (PID=2528) to work on /home/airflow/.local/lib/python3.8/site-packages/airflow/example_dags/example_xcom.py
[2025-08-02T02:09:14.120+0000] {processor.py:830} INFO - Processing file /home/airflow/.local/lib/python3.8/site-packages/airflow/example_dags/example_xcom.py for tasks to queue
[2025-08-02T02:09:14.127+0000] {logging_mixin.py:188} INFO - [2025-08-02T02:09:14.125+0000] {dagbag.py:540} INFO - Filling up the DagBag from /home/airflow/.local/lib/python3.8/site-packages/airflow/example_dags/example_xcom.py
[2025-08-02T02:09:14.184+0000] {processor.py:840} INFO - DAG(s) 'example_xcom' retrieved from /home/airflow/.local/lib/python3.8/site-packages/airflow/example_dags/example_xcom.py
[2025-08-02T02:09:14.377+0000] {logging_mixin.py:188} INFO - [2025-08-02T02:09:14.375+0000] {dag.py:3047} INFO - Sync 1 DAGs
[2025-08-02T02:09:14.524+0000] {logging_mixin.py:188} INFO - [2025-08-02T02:09:14.522+0000] {dag.py:3834} INFO - Setting next_dagrun for example_xcom to 2021-01-01 00:00:00+00:00, run_after=2021-01-01 00:00:00+00:00
[2025-08-02T02:09:14.587+0000] {processor.py:183} INFO - Processing /home/airflow/.local/lib/python3.8/site-packages/airflow/example_dags/example_xcom.py took 0.490 seconds
[2025-08-02T02:09:50.341+0000] {processor.py:161} INFO - Started process (PID=2575) to work on /home/airflow/.local/lib/python3.8/site-packages/airflow/example_dags/example_xcom.py
[2025-08-02T02:09:50.344+0000] {processor.py:830} INFO - Processing file /home/airflow/.local/lib/python3.8/site-packages/airflow/example_dags/example_xcom.py for tasks to queue
[2025-08-02T02:09:50.345+0000] {logging_mixin.py:188} INFO - [2025-08-02T02:09:50.345+0000] {dagbag.py:540} INFO - Filling up the DagBag from /home/airflow/.local/lib/python3.8/site-packages/airflow/example_dags/example_xcom.py
[2025-08-02T02:09:50.383+0000] {processor.py:840} INFO - DAG(s) 'example_xcom' retrieved from /home/airflow/.local/lib/python3.8/site-packages/airflow/example_dags/example_xcom.py
[2025-08-02T02:09:50.704+0000] {logging_mixin.py:188} INFO - [2025-08-02T02:09:50.701+0000] {dag.py:3047} INFO - Sync 1 DAGs
[2025-08-02T02:09:50.861+0000] {logging_mixin.py:188} INFO - [2025-08-02T02:09:50.857+0000] {dag.py:3834} INFO - Setting next_dagrun for example_xcom to 2021-01-01 00:00:00+00:00, run_after=2021-01-01 00:00:00+00:00
[2025-08-02T02:09:51.048+0000] {processor.py:183} INFO - Processing /home/airflow/.local/lib/python3.8/site-packages/airflow/example_dags/example_xcom.py took 0.707 seconds
[2025-08-02T02:10:21.792+0000] {processor.py:161} INFO - Started process (PID=2629) to work on /home/airflow/.local/lib/python3.8/site-packages/airflow/example_dags/example_xcom.py
[2025-08-02T02:10:21.795+0000] {processor.py:830} INFO - Processing file /home/airflow/.local/lib/python3.8/site-packages/airflow/example_dags/example_xcom.py for tasks to queue
[2025-08-02T02:10:21.799+0000] {logging_mixin.py:188} INFO - [2025-08-02T02:10:21.796+0000] {dagbag.py:540} INFO - Filling up the DagBag from /home/airflow/.local/lib/python3.8/site-packages/airflow/example_dags/example_xcom.py
[2025-08-02T02:10:21.839+0000] {processor.py:840} INFO - DAG(s) 'example_xcom' retrieved from /home/airflow/.local/lib/python3.8/site-packages/airflow/example_dags/example_xcom.py
[2025-08-02T02:10:22.012+0000] {logging_mixin.py:188} INFO - [2025-08-02T02:10:22.012+0000] {dag.py:3047} INFO - Sync 1 DAGs
[2025-08-02T02:10:22.062+0000] {logging_mixin.py:188} INFO - [2025-08-02T02:10:22.060+0000] {dag.py:3834} INFO - Setting next_dagrun for example_xcom to 2021-01-01 00:00:00+00:00, run_after=2021-01-01 00:00:00+00:00
[2025-08-02T02:10:22.096+0000] {processor.py:183} INFO - Processing /home/airflow/.local/lib/python3.8/site-packages/airflow/example_dags/example_xcom.py took 0.315 seconds
[2025-08-02T02:10:52.480+0000] {processor.py:161} INFO - Started process (PID=2685) to work on /home/airflow/.local/lib/python3.8/site-packages/airflow/example_dags/example_xcom.py
[2025-08-02T02:10:52.484+0000] {processor.py:830} INFO - Processing file /home/airflow/.local/lib/python3.8/site-packages/airflow/example_dags/example_xcom.py for tasks to queue
[2025-08-02T02:10:52.490+0000] {logging_mixin.py:188} INFO - [2025-08-02T02:10:52.487+0000] {dagbag.py:540} INFO - Filling up the DagBag from /home/airflow/.local/lib/python3.8/site-packages/airflow/example_dags/example_xcom.py
[2025-08-02T02:10:52.539+0000] {processor.py:840} INFO - DAG(s) 'example_xcom' retrieved from /home/airflow/.local/lib/python3.8/site-packages/airflow/example_dags/example_xcom.py
[2025-08-02T02:10:52.844+0000] {logging_mixin.py:188} INFO - [2025-08-02T02:10:52.838+0000] {dag.py:3047} INFO - Sync 1 DAGs
[2025-08-02T02:10:53.209+0000] {logging_mixin.py:188} INFO - [2025-08-02T02:10:53.187+0000] {dag.py:3834} INFO - Setting next_dagrun for example_xcom to 2021-01-01 00:00:00+00:00, run_after=2021-01-01 00:00:00+00:00
[2025-08-02T02:10:53.436+0000] {processor.py:183} INFO - Processing /home/airflow/.local/lib/python3.8/site-packages/airflow/example_dags/example_xcom.py took 0.974 seconds
[2025-08-02T02:11:35.954+0000] {processor.py:161} INFO - Started process (PID=2747) to work on /home/airflow/.local/lib/python3.8/site-packages/airflow/example_dags/example_xcom.py
[2025-08-02T02:11:35.965+0000] {processor.py:830} INFO - Processing file /home/airflow/.local/lib/python3.8/site-packages/airflow/example_dags/example_xcom.py for tasks to queue
[2025-08-02T02:11:35.971+0000] {logging_mixin.py:188} INFO - [2025-08-02T02:11:35.969+0000] {dagbag.py:540} INFO - Filling up the DagBag from /home/airflow/.local/lib/python3.8/site-packages/airflow/example_dags/example_xcom.py
[2025-08-02T02:11:36.041+0000] {processor.py:840} INFO - DAG(s) 'example_xcom' retrieved from /home/airflow/.local/lib/python3.8/site-packages/airflow/example_dags/example_xcom.py
[2025-08-02T02:11:36.256+0000] {logging_mixin.py:188} INFO - [2025-08-02T02:11:36.254+0000] {dag.py:3047} INFO - Sync 1 DAGs
[2025-08-02T02:11:36.363+0000] {logging_mixin.py:188} INFO - [2025-08-02T02:11:36.362+0000] {dag.py:3834} INFO - Setting next_dagrun for example_xcom to 2021-01-01 00:00:00+00:00, run_after=2021-01-01 00:00:00+00:00
[2025-08-02T02:11:36.475+0000] {processor.py:183} INFO - Processing /home/airflow/.local/lib/python3.8/site-packages/airflow/example_dags/example_xcom.py took 0.536 seconds
[2025-08-02T02:12:06.933+0000] {processor.py:161} INFO - Started process (PID=2803) to work on /home/airflow/.local/lib/python3.8/site-packages/airflow/example_dags/example_xcom.py
[2025-08-02T02:12:06.937+0000] {processor.py:830} INFO - Processing file /home/airflow/.local/lib/python3.8/site-packages/airflow/example_dags/example_xcom.py for tasks to queue
[2025-08-02T02:12:06.938+0000] {logging_mixin.py:188} INFO - [2025-08-02T02:12:06.937+0000] {dagbag.py:540} INFO - Filling up the DagBag from /home/airflow/.local/lib/python3.8/site-packages/airflow/example_dags/example_xcom.py
[2025-08-02T02:12:06.956+0000] {processor.py:840} INFO - DAG(s) 'example_xcom' retrieved from /home/airflow/.local/lib/python3.8/site-packages/airflow/example_dags/example_xcom.py
[2025-08-02T02:12:07.041+0000] {logging_mixin.py:188} INFO - [2025-08-02T02:12:07.040+0000] {dag.py:3047} INFO - Sync 1 DAGs
[2025-08-02T02:12:07.153+0000] {logging_mixin.py:188} INFO - [2025-08-02T02:12:07.149+0000] {dag.py:3834} INFO - Setting next_dagrun for example_xcom to 2021-01-01 00:00:00+00:00, run_after=2021-01-01 00:00:00+00:00
[2025-08-02T02:12:07.204+0000] {processor.py:183} INFO - Processing /home/airflow/.local/lib/python3.8/site-packages/airflow/example_dags/example_xcom.py took 0.275 seconds
[2025-08-02T02:12:37.763+0000] {processor.py:161} INFO - Started process (PID=2859) to work on /home/airflow/.local/lib/python3.8/site-packages/airflow/example_dags/example_xcom.py
[2025-08-02T02:12:37.765+0000] {processor.py:830} INFO - Processing file /home/airflow/.local/lib/python3.8/site-packages/airflow/example_dags/example_xcom.py for tasks to queue
[2025-08-02T02:12:37.769+0000] {logging_mixin.py:188} INFO - [2025-08-02T02:12:37.768+0000] {dagbag.py:540} INFO - Filling up the DagBag from /home/airflow/.local/lib/python3.8/site-packages/airflow/example_dags/example_xcom.py
[2025-08-02T02:12:37.804+0000] {processor.py:840} INFO - DAG(s) 'example_xcom' retrieved from /home/airflow/.local/lib/python3.8/site-packages/airflow/example_dags/example_xcom.py
[2025-08-02T02:12:38.017+0000] {logging_mixin.py:188} INFO - [2025-08-02T02:12:38.017+0000] {dag.py:3047} INFO - Sync 1 DAGs
[2025-08-02T02:12:38.089+0000] {logging_mixin.py:188} INFO - [2025-08-02T02:12:38.088+0000] {dag.py:3834} INFO - Setting next_dagrun for example_xcom to 2021-01-01 00:00:00+00:00, run_after=2021-01-01 00:00:00+00:00
[2025-08-02T02:12:38.124+0000] {processor.py:183} INFO - Processing /home/airflow/.local/lib/python3.8/site-packages/airflow/example_dags/example_xcom.py took 0.369 seconds
[2025-08-02T02:13:09.762+0000] {processor.py:161} INFO - Started process (PID=2907) to work on /home/airflow/.local/lib/python3.8/site-packages/airflow/example_dags/example_xcom.py
[2025-08-02T02:13:09.767+0000] {processor.py:830} INFO - Processing file /home/airflow/.local/lib/python3.8/site-packages/airflow/example_dags/example_xcom.py for tasks to queue
[2025-08-02T02:13:09.769+0000] {logging_mixin.py:188} INFO - [2025-08-02T02:13:09.769+0000] {dagbag.py:540} INFO - Filling up the DagBag from /home/airflow/.local/lib/python3.8/site-packages/airflow/example_dags/example_xcom.py
[2025-08-02T02:13:09.787+0000] {processor.py:840} INFO - DAG(s) 'example_xcom' retrieved from /home/airflow/.local/lib/python3.8/site-packages/airflow/example_dags/example_xcom.py
[2025-08-02T02:13:09.848+0000] {logging_mixin.py:188} INFO - [2025-08-02T02:13:09.847+0000] {dag.py:3047} INFO - Sync 1 DAGs
[2025-08-02T02:13:09.943+0000] {logging_mixin.py:188} INFO - [2025-08-02T02:13:09.942+0000] {dag.py:3834} INFO - Setting next_dagrun for example_xcom to 2021-01-01 00:00:00+00:00, run_after=2021-01-01 00:00:00+00:00
[2025-08-02T02:13:10.050+0000] {processor.py:183} INFO - Processing /home/airflow/.local/lib/python3.8/site-packages/airflow/example_dags/example_xcom.py took 0.294 seconds
[2025-08-02T02:13:45.158+0000] {processor.py:161} INFO - Started process (PID=2956) to work on /home/airflow/.local/lib/python3.8/site-packages/airflow/example_dags/example_xcom.py
[2025-08-02T02:13:45.162+0000] {processor.py:830} INFO - Processing file /home/airflow/.local/lib/python3.8/site-packages/airflow/example_dags/example_xcom.py for tasks to queue
[2025-08-02T02:13:45.167+0000] {logging_mixin.py:188} INFO - [2025-08-02T02:13:45.167+0000] {dagbag.py:540} INFO - Filling up the DagBag from /home/airflow/.local/lib/python3.8/site-packages/airflow/example_dags/example_xcom.py
[2025-08-02T02:13:45.184+0000] {processor.py:840} INFO - DAG(s) 'example_xcom' retrieved from /home/airflow/.local/lib/python3.8/site-packages/airflow/example_dags/example_xcom.py
[2025-08-02T02:13:45.272+0000] {logging_mixin.py:188} INFO - [2025-08-02T02:13:45.271+0000] {dag.py:3047} INFO - Sync 1 DAGs
[2025-08-02T02:13:45.331+0000] {logging_mixin.py:188} INFO - [2025-08-02T02:13:45.330+0000] {dag.py:3834} INFO - Setting next_dagrun for example_xcom to 2021-01-01 00:00:00+00:00, run_after=2021-01-01 00:00:00+00:00
[2025-08-02T02:13:45.419+0000] {processor.py:183} INFO - Processing /home/airflow/.local/lib/python3.8/site-packages/airflow/example_dags/example_xcom.py took 0.273 seconds
[2025-08-02T02:14:15.971+0000] {processor.py:161} INFO - Started process (PID=3012) to work on /home/airflow/.local/lib/python3.8/site-packages/airflow/example_dags/example_xcom.py
[2025-08-02T02:14:15.974+0000] {processor.py:830} INFO - Processing file /home/airflow/.local/lib/python3.8/site-packages/airflow/example_dags/example_xcom.py for tasks to queue
[2025-08-02T02:14:15.977+0000] {logging_mixin.py:188} INFO - [2025-08-02T02:14:15.976+0000] {dagbag.py:540} INFO - Filling up the DagBag from /home/airflow/.local/lib/python3.8/site-packages/airflow/example_dags/example_xcom.py
[2025-08-02T02:14:16.007+0000] {processor.py:840} INFO - DAG(s) 'example_xcom' retrieved from /home/airflow/.local/lib/python3.8/site-packages/airflow/example_dags/example_xcom.py
[2025-08-02T02:14:16.092+0000] {logging_mixin.py:188} INFO - [2025-08-02T02:14:16.091+0000] {dag.py:3047} INFO - Sync 1 DAGs
[2025-08-02T02:14:16.138+0000] {logging_mixin.py:188} INFO - [2025-08-02T02:14:16.138+0000] {dag.py:3834} INFO - Setting next_dagrun for example_xcom to 2021-01-01 00:00:00+00:00, run_after=2021-01-01 00:00:00+00:00
[2025-08-02T02:14:16.170+0000] {processor.py:183} INFO - Processing /home/airflow/.local/lib/python3.8/site-packages/airflow/example_dags/example_xcom.py took 0.217 seconds
[2025-08-02T02:14:47.332+0000] {processor.py:161} INFO - Started process (PID=3067) to work on /home/airflow/.local/lib/python3.8/site-packages/airflow/example_dags/example_xcom.py
[2025-08-02T02:14:47.334+0000] {processor.py:830} INFO - Processing file /home/airflow/.local/lib/python3.8/site-packages/airflow/example_dags/example_xcom.py for tasks to queue
[2025-08-02T02:14:47.336+0000] {logging_mixin.py:188} INFO - [2025-08-02T02:14:47.335+0000] {dagbag.py:540} INFO - Filling up the DagBag from /home/airflow/.local/lib/python3.8/site-packages/airflow/example_dags/example_xcom.py
[2025-08-02T02:14:47.361+0000] {processor.py:840} INFO - DAG(s) 'example_xcom' retrieved from /home/airflow/.local/lib/python3.8/site-packages/airflow/example_dags/example_xcom.py
[2025-08-02T02:14:47.601+0000] {logging_mixin.py:188} INFO - [2025-08-02T02:14:47.590+0000] {dag.py:3047} INFO - Sync 1 DAGs
[2025-08-02T02:14:47.992+0000] {logging_mixin.py:188} INFO - [2025-08-02T02:14:47.946+0000] {dag.py:3834} INFO - Setting next_dagrun for example_xcom to 2021-01-01 00:00:00+00:00, run_after=2021-01-01 00:00:00+00:00
[2025-08-02T02:14:48.672+0000] {processor.py:183} INFO - Processing /home/airflow/.local/lib/python3.8/site-packages/airflow/example_dags/example_xcom.py took 1.343 seconds
[2025-08-02T02:15:39.913+0000] {processor.py:161} INFO - Started process (PID=3123) to work on /home/airflow/.local/lib/python3.8/site-packages/airflow/example_dags/example_xcom.py
[2025-08-02T02:15:39.917+0000] {processor.py:830} INFO - Processing file /home/airflow/.local/lib/python3.8/site-packages/airflow/example_dags/example_xcom.py for tasks to queue
[2025-08-02T02:15:39.920+0000] {logging_mixin.py:188} INFO - [2025-08-02T02:15:39.919+0000] {dagbag.py:540} INFO - Filling up the DagBag from /home/airflow/.local/lib/python3.8/site-packages/airflow/example_dags/example_xcom.py
[2025-08-02T02:15:39.959+0000] {processor.py:840} INFO - DAG(s) 'example_xcom' retrieved from /home/airflow/.local/lib/python3.8/site-packages/airflow/example_dags/example_xcom.py
[2025-08-02T02:15:40.137+0000] {logging_mixin.py:188} INFO - [2025-08-02T02:15:40.136+0000] {dag.py:3047} INFO - Sync 1 DAGs
[2025-08-02T02:15:40.221+0000] {logging_mixin.py:188} INFO - [2025-08-02T02:15:40.220+0000] {dag.py:3834} INFO - Setting next_dagrun for example_xcom to 2021-01-01 00:00:00+00:00, run_after=2021-01-01 00:00:00+00:00
[2025-08-02T02:15:40.291+0000] {processor.py:183} INFO - Processing /home/airflow/.local/lib/python3.8/site-packages/airflow/example_dags/example_xcom.py took 0.393 seconds
[2025-08-02T02:16:14.955+0000] {processor.py:161} INFO - Started process (PID=3179) to work on /home/airflow/.local/lib/python3.8/site-packages/airflow/example_dags/example_xcom.py
[2025-08-02T02:16:14.965+0000] {processor.py:830} INFO - Processing file /home/airflow/.local/lib/python3.8/site-packages/airflow/example_dags/example_xcom.py for tasks to queue
[2025-08-02T02:16:14.981+0000] {logging_mixin.py:188} INFO - [2025-08-02T02:16:14.974+0000] {dagbag.py:540} INFO - Filling up the DagBag from /home/airflow/.local/lib/python3.8/site-packages/airflow/example_dags/example_xcom.py
[2025-08-02T02:16:15.071+0000] {processor.py:840} INFO - DAG(s) 'example_xcom' retrieved from /home/airflow/.local/lib/python3.8/site-packages/airflow/example_dags/example_xcom.py
[2025-08-02T02:16:15.450+0000] {logging_mixin.py:188} INFO - [2025-08-02T02:16:15.443+0000] {dag.py:3047} INFO - Sync 1 DAGs
[2025-08-02T02:16:15.609+0000] {logging_mixin.py:188} INFO - [2025-08-02T02:16:15.607+0000] {dag.py:3834} INFO - Setting next_dagrun for example_xcom to 2021-01-01 00:00:00+00:00, run_after=2021-01-01 00:00:00+00:00
[2025-08-02T02:16:19.641+0000] {processor.py:183} INFO - Processing /home/airflow/.local/lib/python3.8/site-packages/airflow/example_dags/example_xcom.py took 4.712 seconds
[2025-08-02T02:16:52.593+0000] {processor.py:161} INFO - Started process (PID=3239) to work on /home/airflow/.local/lib/python3.8/site-packages/airflow/example_dags/example_xcom.py
[2025-08-02T02:16:52.607+0000] {processor.py:830} INFO - Processing file /home/airflow/.local/lib/python3.8/site-packages/airflow/example_dags/example_xcom.py for tasks to queue
[2025-08-02T02:16:52.619+0000] {logging_mixin.py:188} INFO - [2025-08-02T02:16:52.611+0000] {dagbag.py:540} INFO - Filling up the DagBag from /home/airflow/.local/lib/python3.8/site-packages/airflow/example_dags/example_xcom.py
[2025-08-02T02:16:52.674+0000] {processor.py:840} INFO - DAG(s) 'example_xcom' retrieved from /home/airflow/.local/lib/python3.8/site-packages/airflow/example_dags/example_xcom.py
[2025-08-02T02:16:52.761+0000] {logging_mixin.py:188} INFO - [2025-08-02T02:16:52.761+0000] {dag.py:3047} INFO - Sync 1 DAGs
[2025-08-02T02:16:52.809+0000] {logging_mixin.py:188} INFO - [2025-08-02T02:16:52.809+0000] {dag.py:3834} INFO - Setting next_dagrun for example_xcom to 2021-01-01 00:00:00+00:00, run_after=2021-01-01 00:00:00+00:00
[2025-08-02T02:16:52.896+0000] {processor.py:183} INFO - Processing /home/airflow/.local/lib/python3.8/site-packages/airflow/example_dags/example_xcom.py took 0.314 seconds
[2025-08-02T02:17:26.461+0000] {processor.py:161} INFO - Started process (PID=3295) to work on /home/airflow/.local/lib/python3.8/site-packages/airflow/example_dags/example_xcom.py
[2025-08-02T02:17:26.463+0000] {processor.py:830} INFO - Processing file /home/airflow/.local/lib/python3.8/site-packages/airflow/example_dags/example_xcom.py for tasks to queue
[2025-08-02T02:17:26.464+0000] {logging_mixin.py:188} INFO - [2025-08-02T02:17:26.464+0000] {dagbag.py:540} INFO - Filling up the DagBag from /home/airflow/.local/lib/python3.8/site-packages/airflow/example_dags/example_xcom.py
[2025-08-02T02:17:26.494+0000] {processor.py:840} INFO - DAG(s) 'example_xcom' retrieved from /home/airflow/.local/lib/python3.8/site-packages/airflow/example_dags/example_xcom.py
[2025-08-02T02:17:26.541+0000] {logging_mixin.py:188} INFO - [2025-08-02T02:17:26.540+0000] {dag.py:3047} INFO - Sync 1 DAGs
[2025-08-02T02:17:26.566+0000] {logging_mixin.py:188} INFO - [2025-08-02T02:17:26.566+0000] {dag.py:3834} INFO - Setting next_dagrun for example_xcom to 2021-01-01 00:00:00+00:00, run_after=2021-01-01 00:00:00+00:00
[2025-08-02T02:17:26.584+0000] {processor.py:183} INFO - Processing /home/airflow/.local/lib/python3.8/site-packages/airflow/example_dags/example_xcom.py took 0.170 seconds
[2025-08-02T02:18:18.478+0000] {processor.py:161} INFO - Started process (PID=3349) to work on /home/airflow/.local/lib/python3.8/site-packages/airflow/example_dags/example_xcom.py
[2025-08-02T02:18:18.486+0000] {processor.py:830} INFO - Processing file /home/airflow/.local/lib/python3.8/site-packages/airflow/example_dags/example_xcom.py for tasks to queue
[2025-08-02T02:18:18.502+0000] {logging_mixin.py:188} INFO - [2025-08-02T02:18:18.500+0000] {dagbag.py:540} INFO - Filling up the DagBag from /home/airflow/.local/lib/python3.8/site-packages/airflow/example_dags/example_xcom.py
[2025-08-02T02:18:18.634+0000] {processor.py:840} INFO - DAG(s) 'example_xcom' retrieved from /home/airflow/.local/lib/python3.8/site-packages/airflow/example_dags/example_xcom.py
[2025-08-02T02:18:19.408+0000] {logging_mixin.py:188} INFO - [2025-08-02T02:18:19.392+0000] {dag.py:3047} INFO - Sync 1 DAGs
[2025-08-02T02:18:19.600+0000] {logging_mixin.py:188} INFO - [2025-08-02T02:18:19.595+0000] {dag.py:3834} INFO - Setting next_dagrun for example_xcom to 2021-01-01 00:00:00+00:00, run_after=2021-01-01 00:00:00+00:00
[2025-08-02T02:18:19.743+0000] {processor.py:183} INFO - Processing /home/airflow/.local/lib/python3.8/site-packages/airflow/example_dags/example_xcom.py took 1.285 seconds
[2025-08-02T02:19:05.544+0000] {processor.py:161} INFO - Started process (PID=3416) to work on /home/airflow/.local/lib/python3.8/site-packages/airflow/example_dags/example_xcom.py
[2025-08-02T02:19:05.547+0000] {processor.py:830} INFO - Processing file /home/airflow/.local/lib/python3.8/site-packages/airflow/example_dags/example_xcom.py for tasks to queue
[2025-08-02T02:19:05.548+0000] {logging_mixin.py:188} INFO - [2025-08-02T02:19:05.547+0000] {dagbag.py:540} INFO - Filling up the DagBag from /home/airflow/.local/lib/python3.8/site-packages/airflow/example_dags/example_xcom.py
[2025-08-02T02:19:05.567+0000] {processor.py:840} INFO - DAG(s) 'example_xcom' retrieved from /home/airflow/.local/lib/python3.8/site-packages/airflow/example_dags/example_xcom.py
[2025-08-02T02:19:05.685+0000] {logging_mixin.py:188} INFO - [2025-08-02T02:19:05.684+0000] {dag.py:3047} INFO - Sync 1 DAGs
[2025-08-02T02:19:05.751+0000] {logging_mixin.py:188} INFO - [2025-08-02T02:19:05.750+0000] {dag.py:3834} INFO - Setting next_dagrun for example_xcom to 2021-01-01 00:00:00+00:00, run_after=2021-01-01 00:00:00+00:00
[2025-08-02T02:19:05.796+0000] {processor.py:183} INFO - Processing /home/airflow/.local/lib/python3.8/site-packages/airflow/example_dags/example_xcom.py took 0.259 seconds
[2025-08-02T02:19:39.517+0000] {processor.py:161} INFO - Started process (PID=3472) to work on /home/airflow/.local/lib/python3.8/site-packages/airflow/example_dags/example_xcom.py
[2025-08-02T02:19:39.525+0000] {processor.py:830} INFO - Processing file /home/airflow/.local/lib/python3.8/site-packages/airflow/example_dags/example_xcom.py for tasks to queue
[2025-08-02T02:19:39.529+0000] {logging_mixin.py:188} INFO - [2025-08-02T02:19:39.528+0000] {dagbag.py:540} INFO - Filling up the DagBag from /home/airflow/.local/lib/python3.8/site-packages/airflow/example_dags/example_xcom.py
[2025-08-02T02:19:39.567+0000] {processor.py:840} INFO - DAG(s) 'example_xcom' retrieved from /home/airflow/.local/lib/python3.8/site-packages/airflow/example_dags/example_xcom.py
[2025-08-02T02:19:39.697+0000] {logging_mixin.py:188} INFO - [2025-08-02T02:19:39.692+0000] {dag.py:3047} INFO - Sync 1 DAGs
[2025-08-02T02:19:41.266+0000] {logging_mixin.py:188} INFO - [2025-08-02T02:19:41.265+0000] {dag.py:3834} INFO - Setting next_dagrun for example_xcom to 2021-01-01 00:00:00+00:00, run_after=2021-01-01 00:00:00+00:00
[2025-08-02T02:19:41.325+0000] {processor.py:183} INFO - Processing /home/airflow/.local/lib/python3.8/site-packages/airflow/example_dags/example_xcom.py took 1.820 seconds
[2025-08-02T02:20:12.957+0000] {processor.py:161} INFO - Started process (PID=3527) to work on /home/airflow/.local/lib/python3.8/site-packages/airflow/example_dags/example_xcom.py
[2025-08-02T02:20:12.960+0000] {processor.py:830} INFO - Processing file /home/airflow/.local/lib/python3.8/site-packages/airflow/example_dags/example_xcom.py for tasks to queue
[2025-08-02T02:20:12.979+0000] {logging_mixin.py:188} INFO - [2025-08-02T02:20:12.966+0000] {dagbag.py:540} INFO - Filling up the DagBag from /home/airflow/.local/lib/python3.8/site-packages/airflow/example_dags/example_xcom.py
[2025-08-02T02:20:13.092+0000] {processor.py:840} INFO - DAG(s) 'example_xcom' retrieved from /home/airflow/.local/lib/python3.8/site-packages/airflow/example_dags/example_xcom.py
[2025-08-02T02:20:13.447+0000] {logging_mixin.py:188} INFO - [2025-08-02T02:20:13.439+0000] {dag.py:3047} INFO - Sync 1 DAGs
[2025-08-02T02:20:13.498+0000] {logging_mixin.py:188} INFO - [2025-08-02T02:20:13.498+0000] {dag.py:3834} INFO - Setting next_dagrun for example_xcom to 2021-01-01 00:00:00+00:00, run_after=2021-01-01 00:00:00+00:00
[2025-08-02T02:20:13.556+0000] {processor.py:183} INFO - Processing /home/airflow/.local/lib/python3.8/site-packages/airflow/example_dags/example_xcom.py took 0.657 seconds
[2025-08-02T02:20:44.252+0000] {processor.py:161} INFO - Started process (PID=3580) to work on /home/airflow/.local/lib/python3.8/site-packages/airflow/example_dags/example_xcom.py
[2025-08-02T02:20:44.253+0000] {processor.py:830} INFO - Processing file /home/airflow/.local/lib/python3.8/site-packages/airflow/example_dags/example_xcom.py for tasks to queue
[2025-08-02T02:20:44.254+0000] {logging_mixin.py:188} INFO - [2025-08-02T02:20:44.253+0000] {dagbag.py:540} INFO - Filling up the DagBag from /home/airflow/.local/lib/python3.8/site-packages/airflow/example_dags/example_xcom.py
[2025-08-02T02:20:44.544+0000] {processor.py:840} INFO - DAG(s) 'example_xcom' retrieved from /home/airflow/.local/lib/python3.8/site-packages/airflow/example_dags/example_xcom.py
[2025-08-02T02:20:44.602+0000] {logging_mixin.py:188} INFO - [2025-08-02T02:20:44.602+0000] {dag.py:3047} INFO - Sync 1 DAGs
[2025-08-02T02:20:44.620+0000] {logging_mixin.py:188} INFO - [2025-08-02T02:20:44.620+0000] {dag.py:3834} INFO - Setting next_dagrun for example_xcom to 2021-01-01 00:00:00+00:00, run_after=2021-01-01 00:00:00+00:00
[2025-08-02T02:20:44.643+0000] {processor.py:183} INFO - Processing /home/airflow/.local/lib/python3.8/site-packages/airflow/example_dags/example_xcom.py took 0.394 seconds
[2025-08-02T02:21:14.990+0000] {processor.py:161} INFO - Started process (PID=3636) to work on /home/airflow/.local/lib/python3.8/site-packages/airflow/example_dags/example_xcom.py
[2025-08-02T02:21:14.996+0000] {processor.py:830} INFO - Processing file /home/airflow/.local/lib/python3.8/site-packages/airflow/example_dags/example_xcom.py for tasks to queue
[2025-08-02T02:21:15.000+0000] {logging_mixin.py:188} INFO - [2025-08-02T02:21:14.999+0000] {dagbag.py:540} INFO - Filling up the DagBag from /home/airflow/.local/lib/python3.8/site-packages/airflow/example_dags/example_xcom.py
[2025-08-02T02:21:15.043+0000] {processor.py:840} INFO - DAG(s) 'example_xcom' retrieved from /home/airflow/.local/lib/python3.8/site-packages/airflow/example_dags/example_xcom.py
[2025-08-02T02:21:15.133+0000] {logging_mixin.py:188} INFO - [2025-08-02T02:21:15.132+0000] {dag.py:3047} INFO - Sync 1 DAGs
[2025-08-02T02:21:15.175+0000] {logging_mixin.py:188} INFO - [2025-08-02T02:21:15.174+0000] {dag.py:3834} INFO - Setting next_dagrun for example_xcom to 2021-01-01 00:00:00+00:00, run_after=2021-01-01 00:00:00+00:00
[2025-08-02T02:21:15.241+0000] {processor.py:183} INFO - Processing /home/airflow/.local/lib/python3.8/site-packages/airflow/example_dags/example_xcom.py took 0.263 seconds
[2025-08-02T02:21:49.240+0000] {processor.py:161} INFO - Started process (PID=3688) to work on /home/airflow/.local/lib/python3.8/site-packages/airflow/example_dags/example_xcom.py
[2025-08-02T02:21:49.242+0000] {processor.py:830} INFO - Processing file /home/airflow/.local/lib/python3.8/site-packages/airflow/example_dags/example_xcom.py for tasks to queue
[2025-08-02T02:21:49.243+0000] {logging_mixin.py:188} INFO - [2025-08-02T02:21:49.243+0000] {dagbag.py:540} INFO - Filling up the DagBag from /home/airflow/.local/lib/python3.8/site-packages/airflow/example_dags/example_xcom.py
[2025-08-02T02:21:49.258+0000] {processor.py:840} INFO - DAG(s) 'example_xcom' retrieved from /home/airflow/.local/lib/python3.8/site-packages/airflow/example_dags/example_xcom.py
[2025-08-02T02:21:49.394+0000] {logging_mixin.py:188} INFO - [2025-08-02T02:21:49.387+0000] {dag.py:3047} INFO - Sync 1 DAGs
[2025-08-02T02:21:49.638+0000] {logging_mixin.py:188} INFO - [2025-08-02T02:21:49.634+0000] {dag.py:3834} INFO - Setting next_dagrun for example_xcom to 2021-01-01 00:00:00+00:00, run_after=2021-01-01 00:00:00+00:00
[2025-08-02T02:21:50.273+0000] {processor.py:183} INFO - Processing /home/airflow/.local/lib/python3.8/site-packages/airflow/example_dags/example_xcom.py took 1.041 seconds
[2025-08-02T02:22:21.503+0000] {processor.py:161} INFO - Started process (PID=3744) to work on /home/airflow/.local/lib/python3.8/site-packages/airflow/example_dags/example_xcom.py
[2025-08-02T02:22:21.514+0000] {processor.py:830} INFO - Processing file /home/airflow/.local/lib/python3.8/site-packages/airflow/example_dags/example_xcom.py for tasks to queue
[2025-08-02T02:22:21.519+0000] {logging_mixin.py:188} INFO - [2025-08-02T02:22:21.518+0000] {dagbag.py:540} INFO - Filling up the DagBag from /home/airflow/.local/lib/python3.8/site-packages/airflow/example_dags/example_xcom.py
[2025-08-02T02:22:21.575+0000] {processor.py:840} INFO - DAG(s) 'example_xcom' retrieved from /home/airflow/.local/lib/python3.8/site-packages/airflow/example_dags/example_xcom.py
[2025-08-02T02:22:21.701+0000] {logging_mixin.py:188} INFO - [2025-08-02T02:22:21.701+0000] {dag.py:3047} INFO - Sync 1 DAGs
[2025-08-02T02:22:21.804+0000] {logging_mixin.py:188} INFO - [2025-08-02T02:22:21.803+0000] {dag.py:3834} INFO - Setting next_dagrun for example_xcom to 2021-01-01 00:00:00+00:00, run_after=2021-01-01 00:00:00+00:00
[2025-08-02T02:22:21.866+0000] {processor.py:183} INFO - Processing /home/airflow/.local/lib/python3.8/site-packages/airflow/example_dags/example_xcom.py took 0.406 seconds
[2025-08-02T02:22:51.996+0000] {processor.py:161} INFO - Started process (PID=3802) to work on /home/airflow/.local/lib/python3.8/site-packages/airflow/example_dags/example_xcom.py
[2025-08-02T02:22:52.006+0000] {processor.py:830} INFO - Processing file /home/airflow/.local/lib/python3.8/site-packages/airflow/example_dags/example_xcom.py for tasks to queue
[2025-08-02T02:22:52.010+0000] {logging_mixin.py:188} INFO - [2025-08-02T02:22:52.008+0000] {dagbag.py:540} INFO - Filling up the DagBag from /home/airflow/.local/lib/python3.8/site-packages/airflow/example_dags/example_xcom.py
[2025-08-02T02:22:52.035+0000] {processor.py:840} INFO - DAG(s) 'example_xcom' retrieved from /home/airflow/.local/lib/python3.8/site-packages/airflow/example_dags/example_xcom.py
[2025-08-02T02:22:52.155+0000] {logging_mixin.py:188} INFO - [2025-08-02T02:22:52.154+0000] {dag.py:3047} INFO - Sync 1 DAGs
[2025-08-02T02:22:52.276+0000] {logging_mixin.py:188} INFO - [2025-08-02T02:22:52.274+0000] {dag.py:3834} INFO - Setting next_dagrun for example_xcom to 2021-01-01 00:00:00+00:00, run_after=2021-01-01 00:00:00+00:00
[2025-08-02T02:22:52.371+0000] {processor.py:183} INFO - Processing /home/airflow/.local/lib/python3.8/site-packages/airflow/example_dags/example_xcom.py took 0.402 seconds
[2025-08-02T02:23:23.019+0000] {processor.py:161} INFO - Started process (PID=3857) to work on /home/airflow/.local/lib/python3.8/site-packages/airflow/example_dags/example_xcom.py
[2025-08-02T02:23:23.023+0000] {processor.py:830} INFO - Processing file /home/airflow/.local/lib/python3.8/site-packages/airflow/example_dags/example_xcom.py for tasks to queue
[2025-08-02T02:23:23.030+0000] {logging_mixin.py:188} INFO - [2025-08-02T02:23:23.027+0000] {dagbag.py:540} INFO - Filling up the DagBag from /home/airflow/.local/lib/python3.8/site-packages/airflow/example_dags/example_xcom.py
[2025-08-02T02:23:23.079+0000] {processor.py:840} INFO - DAG(s) 'example_xcom' retrieved from /home/airflow/.local/lib/python3.8/site-packages/airflow/example_dags/example_xcom.py
[2025-08-02T02:23:23.270+0000] {logging_mixin.py:188} INFO - [2025-08-02T02:23:23.259+0000] {dag.py:3047} INFO - Sync 1 DAGs
[2025-08-02T02:23:23.333+0000] {logging_mixin.py:188} INFO - [2025-08-02T02:23:23.317+0000] {dag.py:3834} INFO - Setting next_dagrun for example_xcom to 2021-01-01 00:00:00+00:00, run_after=2021-01-01 00:00:00+00:00
[2025-08-02T02:23:24.015+0000] {processor.py:183} INFO - Processing /home/airflow/.local/lib/python3.8/site-packages/airflow/example_dags/example_xcom.py took 1.007 seconds
[2025-08-02T02:23:54.685+0000] {processor.py:161} INFO - Started process (PID=3913) to work on /home/airflow/.local/lib/python3.8/site-packages/airflow/example_dags/example_xcom.py
[2025-08-02T02:23:54.687+0000] {processor.py:830} INFO - Processing file /home/airflow/.local/lib/python3.8/site-packages/airflow/example_dags/example_xcom.py for tasks to queue
[2025-08-02T02:23:54.689+0000] {logging_mixin.py:188} INFO - [2025-08-02T02:23:54.688+0000] {dagbag.py:540} INFO - Filling up the DagBag from /home/airflow/.local/lib/python3.8/site-packages/airflow/example_dags/example_xcom.py
[2025-08-02T02:23:54.717+0000] {processor.py:840} INFO - DAG(s) 'example_xcom' retrieved from /home/airflow/.local/lib/python3.8/site-packages/airflow/example_dags/example_xcom.py
[2025-08-02T02:23:54.768+0000] {logging_mixin.py:188} INFO - [2025-08-02T02:23:54.768+0000] {dag.py:3047} INFO - Sync 1 DAGs
[2025-08-02T02:23:54.816+0000] {logging_mixin.py:188} INFO - [2025-08-02T02:23:54.816+0000] {dag.py:3834} INFO - Setting next_dagrun for example_xcom to 2021-01-01 00:00:00+00:00, run_after=2021-01-01 00:00:00+00:00
[2025-08-02T02:23:54.843+0000] {processor.py:183} INFO - Processing /home/airflow/.local/lib/python3.8/site-packages/airflow/example_dags/example_xcom.py took 0.167 seconds
[2025-08-02T02:24:25.535+0000] {processor.py:161} INFO - Started process (PID=3968) to work on /home/airflow/.local/lib/python3.8/site-packages/airflow/example_dags/example_xcom.py
[2025-08-02T02:24:25.537+0000] {processor.py:830} INFO - Processing file /home/airflow/.local/lib/python3.8/site-packages/airflow/example_dags/example_xcom.py for tasks to queue
[2025-08-02T02:24:25.540+0000] {logging_mixin.py:188} INFO - [2025-08-02T02:24:25.540+0000] {dagbag.py:540} INFO - Filling up the DagBag from /home/airflow/.local/lib/python3.8/site-packages/airflow/example_dags/example_xcom.py
[2025-08-02T02:24:25.591+0000] {processor.py:840} INFO - DAG(s) 'example_xcom' retrieved from /home/airflow/.local/lib/python3.8/site-packages/airflow/example_dags/example_xcom.py
[2025-08-02T02:24:25.629+0000] {logging_mixin.py:188} INFO - [2025-08-02T02:24:25.629+0000] {dag.py:3047} INFO - Sync 1 DAGs
[2025-08-02T02:24:25.680+0000] {logging_mixin.py:188} INFO - [2025-08-02T02:24:25.679+0000] {dag.py:3834} INFO - Setting next_dagrun for example_xcom to 2021-01-01 00:00:00+00:00, run_after=2021-01-01 00:00:00+00:00
[2025-08-02T02:24:25.717+0000] {processor.py:183} INFO - Processing /home/airflow/.local/lib/python3.8/site-packages/airflow/example_dags/example_xcom.py took 0.192 seconds
[2025-08-02T02:24:55.773+0000] {processor.py:161} INFO - Started process (PID=4023) to work on /home/airflow/.local/lib/python3.8/site-packages/airflow/example_dags/example_xcom.py
[2025-08-02T02:24:55.779+0000] {processor.py:830} INFO - Processing file /home/airflow/.local/lib/python3.8/site-packages/airflow/example_dags/example_xcom.py for tasks to queue
[2025-08-02T02:24:55.786+0000] {logging_mixin.py:188} INFO - [2025-08-02T02:24:55.783+0000] {dagbag.py:540} INFO - Filling up the DagBag from /home/airflow/.local/lib/python3.8/site-packages/airflow/example_dags/example_xcom.py
[2025-08-02T02:24:55.815+0000] {processor.py:840} INFO - DAG(s) 'example_xcom' retrieved from /home/airflow/.local/lib/python3.8/site-packages/airflow/example_dags/example_xcom.py
[2025-08-02T02:24:55.919+0000] {logging_mixin.py:188} INFO - [2025-08-02T02:24:55.919+0000] {dag.py:3047} INFO - Sync 1 DAGs
[2025-08-02T02:24:55.963+0000] {logging_mixin.py:188} INFO - [2025-08-02T02:24:55.961+0000] {dag.py:3834} INFO - Setting next_dagrun for example_xcom to 2021-01-01 00:00:00+00:00, run_after=2021-01-01 00:00:00+00:00
[2025-08-02T02:24:56.004+0000] {processor.py:183} INFO - Processing /home/airflow/.local/lib/python3.8/site-packages/airflow/example_dags/example_xcom.py took 0.240 seconds
[2025-08-02T02:25:42.116+0000] {processor.py:161} INFO - Started process (PID=4075) to work on /home/airflow/.local/lib/python3.8/site-packages/airflow/example_dags/example_xcom.py
[2025-08-02T02:25:42.120+0000] {processor.py:830} INFO - Processing file /home/airflow/.local/lib/python3.8/site-packages/airflow/example_dags/example_xcom.py for tasks to queue
[2025-08-02T02:25:42.123+0000] {logging_mixin.py:188} INFO - [2025-08-02T02:25:42.122+0000] {dagbag.py:540} INFO - Filling up the DagBag from /home/airflow/.local/lib/python3.8/site-packages/airflow/example_dags/example_xcom.py
[2025-08-02T02:25:42.198+0000] {processor.py:840} INFO - DAG(s) 'example_xcom' retrieved from /home/airflow/.local/lib/python3.8/site-packages/airflow/example_dags/example_xcom.py
[2025-08-02T02:25:42.276+0000] {logging_mixin.py:188} INFO - [2025-08-02T02:25:42.275+0000] {dag.py:3047} INFO - Sync 1 DAGs
[2025-08-02T02:25:42.380+0000] {logging_mixin.py:188} INFO - [2025-08-02T02:25:42.379+0000] {dag.py:3834} INFO - Setting next_dagrun for example_xcom to 2021-01-01 00:00:00+00:00, run_after=2021-01-01 00:00:00+00:00
[2025-08-02T02:25:42.444+0000] {processor.py:183} INFO - Processing /home/airflow/.local/lib/python3.8/site-packages/airflow/example_dags/example_xcom.py took 0.336 seconds
[2025-08-02T02:26:18.476+0000] {processor.py:161} INFO - Started process (PID=4124) to work on /home/airflow/.local/lib/python3.8/site-packages/airflow/example_dags/example_xcom.py
[2025-08-02T02:26:18.480+0000] {processor.py:830} INFO - Processing file /home/airflow/.local/lib/python3.8/site-packages/airflow/example_dags/example_xcom.py for tasks to queue
[2025-08-02T02:26:18.481+0000] {logging_mixin.py:188} INFO - [2025-08-02T02:26:18.481+0000] {dagbag.py:540} INFO - Filling up the DagBag from /home/airflow/.local/lib/python3.8/site-packages/airflow/example_dags/example_xcom.py
[2025-08-02T02:26:18.517+0000] {processor.py:840} INFO - DAG(s) 'example_xcom' retrieved from /home/airflow/.local/lib/python3.8/site-packages/airflow/example_dags/example_xcom.py
[2025-08-02T02:26:18.796+0000] {logging_mixin.py:188} INFO - [2025-08-02T02:26:18.794+0000] {dag.py:3047} INFO - Sync 1 DAGs
[2025-08-02T02:26:18.997+0000] {logging_mixin.py:188} INFO - [2025-08-02T02:26:18.996+0000] {dag.py:3834} INFO - Setting next_dagrun for example_xcom to 2021-01-01 00:00:00+00:00, run_after=2021-01-01 00:00:00+00:00
[2025-08-02T02:26:19.118+0000] {processor.py:183} INFO - Processing /home/airflow/.local/lib/python3.8/site-packages/airflow/example_dags/example_xcom.py took 0.648 seconds
[2025-08-02T02:26:49.464+0000] {processor.py:161} INFO - Started process (PID=4180) to work on /home/airflow/.local/lib/python3.8/site-packages/airflow/example_dags/example_xcom.py
[2025-08-02T02:26:49.466+0000] {processor.py:830} INFO - Processing file /home/airflow/.local/lib/python3.8/site-packages/airflow/example_dags/example_xcom.py for tasks to queue
[2025-08-02T02:26:49.467+0000] {logging_mixin.py:188} INFO - [2025-08-02T02:26:49.466+0000] {dagbag.py:540} INFO - Filling up the DagBag from /home/airflow/.local/lib/python3.8/site-packages/airflow/example_dags/example_xcom.py
[2025-08-02T02:26:49.484+0000] {processor.py:840} INFO - DAG(s) 'example_xcom' retrieved from /home/airflow/.local/lib/python3.8/site-packages/airflow/example_dags/example_xcom.py
[2025-08-02T02:26:49.546+0000] {logging_mixin.py:188} INFO - [2025-08-02T02:26:49.546+0000] {dag.py:3047} INFO - Sync 1 DAGs
[2025-08-02T02:26:49.580+0000] {logging_mixin.py:188} INFO - [2025-08-02T02:26:49.580+0000] {dag.py:3834} INFO - Setting next_dagrun for example_xcom to 2021-01-01 00:00:00+00:00, run_after=2021-01-01 00:00:00+00:00
[2025-08-02T02:26:49.628+0000] {processor.py:183} INFO - Processing /home/airflow/.local/lib/python3.8/site-packages/airflow/example_dags/example_xcom.py took 0.167 seconds
[2025-08-02T02:27:21.709+0000] {processor.py:161} INFO - Started process (PID=4228) to work on /home/airflow/.local/lib/python3.8/site-packages/airflow/example_dags/example_xcom.py
[2025-08-02T02:27:21.716+0000] {processor.py:830} INFO - Processing file /home/airflow/.local/lib/python3.8/site-packages/airflow/example_dags/example_xcom.py for tasks to queue
[2025-08-02T02:27:21.720+0000] {logging_mixin.py:188} INFO - [2025-08-02T02:27:21.718+0000] {dagbag.py:540} INFO - Filling up the DagBag from /home/airflow/.local/lib/python3.8/site-packages/airflow/example_dags/example_xcom.py
[2025-08-02T02:27:21.742+0000] {processor.py:840} INFO - DAG(s) 'example_xcom' retrieved from /home/airflow/.local/lib/python3.8/site-packages/airflow/example_dags/example_xcom.py
[2025-08-02T02:27:21.878+0000] {logging_mixin.py:188} INFO - [2025-08-02T02:27:21.876+0000] {dag.py:3047} INFO - Sync 1 DAGs
[2025-08-02T02:27:21.975+0000] {logging_mixin.py:188} INFO - [2025-08-02T02:27:21.974+0000] {dag.py:3834} INFO - Setting next_dagrun for example_xcom to 2021-01-01 00:00:00+00:00, run_after=2021-01-01 00:00:00+00:00
[2025-08-02T02:27:22.028+0000] {processor.py:183} INFO - Processing /home/airflow/.local/lib/python3.8/site-packages/airflow/example_dags/example_xcom.py took 0.340 seconds
[2025-08-02T02:27:52.519+0000] {processor.py:161} INFO - Started process (PID=4282) to work on /home/airflow/.local/lib/python3.8/site-packages/airflow/example_dags/example_xcom.py
[2025-08-02T02:27:52.522+0000] {processor.py:830} INFO - Processing file /home/airflow/.local/lib/python3.8/site-packages/airflow/example_dags/example_xcom.py for tasks to queue
[2025-08-02T02:27:52.534+0000] {logging_mixin.py:188} INFO - [2025-08-02T02:27:52.529+0000] {dagbag.py:540} INFO - Filling up the DagBag from /home/airflow/.local/lib/python3.8/site-packages/airflow/example_dags/example_xcom.py
[2025-08-02T02:27:52.566+0000] {processor.py:840} INFO - DAG(s) 'example_xcom' retrieved from /home/airflow/.local/lib/python3.8/site-packages/airflow/example_dags/example_xcom.py
[2025-08-02T02:27:52.819+0000] {logging_mixin.py:188} INFO - [2025-08-02T02:27:52.815+0000] {dag.py:3047} INFO - Sync 1 DAGs
[2025-08-02T02:27:52.889+0000] {logging_mixin.py:188} INFO - [2025-08-02T02:27:52.886+0000] {dag.py:3834} INFO - Setting next_dagrun for example_xcom to 2021-01-01 00:00:00+00:00, run_after=2021-01-01 00:00:00+00:00
[2025-08-02T02:27:52.986+0000] {processor.py:183} INFO - Processing /home/airflow/.local/lib/python3.8/site-packages/airflow/example_dags/example_xcom.py took 0.471 seconds
[2025-08-02T02:28:25.726+0000] {processor.py:161} INFO - Started process (PID=4336) to work on /home/airflow/.local/lib/python3.8/site-packages/airflow/example_dags/example_xcom.py
[2025-08-02T02:28:25.745+0000] {processor.py:830} INFO - Processing file /home/airflow/.local/lib/python3.8/site-packages/airflow/example_dags/example_xcom.py for tasks to queue
[2025-08-02T02:28:25.752+0000] {logging_mixin.py:188} INFO - [2025-08-02T02:28:25.747+0000] {dagbag.py:540} INFO - Filling up the DagBag from /home/airflow/.local/lib/python3.8/site-packages/airflow/example_dags/example_xcom.py
[2025-08-02T02:28:25.909+0000] {processor.py:840} INFO - DAG(s) 'example_xcom' retrieved from /home/airflow/.local/lib/python3.8/site-packages/airflow/example_dags/example_xcom.py
[2025-08-02T02:28:26.202+0000] {logging_mixin.py:188} INFO - [2025-08-02T02:28:26.201+0000] {dag.py:3047} INFO - Sync 1 DAGs
[2025-08-02T02:28:26.268+0000] {logging_mixin.py:188} INFO - [2025-08-02T02:28:26.266+0000] {dag.py:3834} INFO - Setting next_dagrun for example_xcom to 2021-01-01 00:00:00+00:00, run_after=2021-01-01 00:00:00+00:00
[2025-08-02T02:28:26.316+0000] {processor.py:183} INFO - Processing /home/airflow/.local/lib/python3.8/site-packages/airflow/example_dags/example_xcom.py took 0.609 seconds
[2025-08-02T02:29:04.604+0000] {processor.py:161} INFO - Started process (PID=4370) to work on /home/airflow/.local/lib/python3.8/site-packages/airflow/example_dags/example_xcom.py
[2025-08-02T02:29:04.609+0000] {processor.py:830} INFO - Processing file /home/airflow/.local/lib/python3.8/site-packages/airflow/example_dags/example_xcom.py for tasks to queue
[2025-08-02T02:29:04.621+0000] {logging_mixin.py:188} INFO - [2025-08-02T02:29:04.618+0000] {dagbag.py:540} INFO - Filling up the DagBag from /home/airflow/.local/lib/python3.8/site-packages/airflow/example_dags/example_xcom.py
[2025-08-02T02:29:04.653+0000] {processor.py:840} INFO - DAG(s) 'example_xcom' retrieved from /home/airflow/.local/lib/python3.8/site-packages/airflow/example_dags/example_xcom.py
[2025-08-02T02:29:04.750+0000] {logging_mixin.py:188} INFO - [2025-08-02T02:29:04.750+0000] {dag.py:3047} INFO - Sync 1 DAGs
[2025-08-02T02:29:04.815+0000] {logging_mixin.py:188} INFO - [2025-08-02T02:29:04.814+0000] {dag.py:3834} INFO - Setting next_dagrun for example_xcom to 2021-01-01 00:00:00+00:00, run_after=2021-01-01 00:00:00+00:00
[2025-08-02T02:29:04.879+0000] {processor.py:183} INFO - Processing /home/airflow/.local/lib/python3.8/site-packages/airflow/example_dags/example_xcom.py took 0.282 seconds
[2025-08-02T02:29:35.180+0000] {processor.py:161} INFO - Started process (PID=4426) to work on /home/airflow/.local/lib/python3.8/site-packages/airflow/example_dags/example_xcom.py
[2025-08-02T02:29:35.181+0000] {processor.py:830} INFO - Processing file /home/airflow/.local/lib/python3.8/site-packages/airflow/example_dags/example_xcom.py for tasks to queue
[2025-08-02T02:29:35.183+0000] {logging_mixin.py:188} INFO - [2025-08-02T02:29:35.183+0000] {dagbag.py:540} INFO - Filling up the DagBag from /home/airflow/.local/lib/python3.8/site-packages/airflow/example_dags/example_xcom.py
[2025-08-02T02:29:35.213+0000] {processor.py:840} INFO - DAG(s) 'example_xcom' retrieved from /home/airflow/.local/lib/python3.8/site-packages/airflow/example_dags/example_xcom.py
[2025-08-02T02:29:35.243+0000] {logging_mixin.py:188} INFO - [2025-08-02T02:29:35.242+0000] {dag.py:3047} INFO - Sync 1 DAGs
[2025-08-02T02:29:35.265+0000] {logging_mixin.py:188} INFO - [2025-08-02T02:29:35.264+0000] {dag.py:3834} INFO - Setting next_dagrun for example_xcom to 2021-01-01 00:00:00+00:00, run_after=2021-01-01 00:00:00+00:00
[2025-08-02T02:29:35.354+0000] {processor.py:183} INFO - Processing /home/airflow/.local/lib/python3.8/site-packages/airflow/example_dags/example_xcom.py took 0.179 seconds
[2025-08-02T02:30:16.090+0000] {processor.py:161} INFO - Started process (PID=4470) to work on /home/airflow/.local/lib/python3.8/site-packages/airflow/example_dags/example_xcom.py
[2025-08-02T02:30:16.100+0000] {processor.py:830} INFO - Processing file /home/airflow/.local/lib/python3.8/site-packages/airflow/example_dags/example_xcom.py for tasks to queue
[2025-08-02T02:30:16.103+0000] {logging_mixin.py:188} INFO - [2025-08-02T02:30:16.103+0000] {dagbag.py:540} INFO - Filling up the DagBag from /home/airflow/.local/lib/python3.8/site-packages/airflow/example_dags/example_xcom.py
[2025-08-02T02:30:16.120+0000] {processor.py:840} INFO - DAG(s) 'example_xcom' retrieved from /home/airflow/.local/lib/python3.8/site-packages/airflow/example_dags/example_xcom.py
[2025-08-02T02:30:16.192+0000] {logging_mixin.py:188} INFO - [2025-08-02T02:30:16.192+0000] {dag.py:3047} INFO - Sync 1 DAGs
[2025-08-02T02:30:16.228+0000] {logging_mixin.py:188} INFO - [2025-08-02T02:30:16.227+0000] {dag.py:3834} INFO - Setting next_dagrun for example_xcom to 2021-01-01 00:00:00+00:00, run_after=2021-01-01 00:00:00+00:00
[2025-08-02T02:30:16.278+0000] {processor.py:183} INFO - Processing /home/airflow/.local/lib/python3.8/site-packages/airflow/example_dags/example_xcom.py took 0.198 seconds
[2025-08-02T02:30:47.603+0000] {processor.py:161} INFO - Started process (PID=4523) to work on /home/airflow/.local/lib/python3.8/site-packages/airflow/example_dags/example_xcom.py
[2025-08-02T02:30:47.606+0000] {processor.py:830} INFO - Processing file /home/airflow/.local/lib/python3.8/site-packages/airflow/example_dags/example_xcom.py for tasks to queue
[2025-08-02T02:30:47.608+0000] {logging_mixin.py:188} INFO - [2025-08-02T02:30:47.607+0000] {dagbag.py:540} INFO - Filling up the DagBag from /home/airflow/.local/lib/python3.8/site-packages/airflow/example_dags/example_xcom.py
[2025-08-02T02:30:47.624+0000] {processor.py:840} INFO - DAG(s) 'example_xcom' retrieved from /home/airflow/.local/lib/python3.8/site-packages/airflow/example_dags/example_xcom.py
[2025-08-02T02:30:47.719+0000] {logging_mixin.py:188} INFO - [2025-08-02T02:30:47.718+0000] {dag.py:3047} INFO - Sync 1 DAGs
[2025-08-02T02:30:47.774+0000] {logging_mixin.py:188} INFO - [2025-08-02T02:30:47.774+0000] {dag.py:3834} INFO - Setting next_dagrun for example_xcom to 2021-01-01 00:00:00+00:00, run_after=2021-01-01 00:00:00+00:00
[2025-08-02T02:30:47.823+0000] {processor.py:183} INFO - Processing /home/airflow/.local/lib/python3.8/site-packages/airflow/example_dags/example_xcom.py took 0.223 seconds
[2025-08-02T02:36:45.382+0000] {processor.py:161} INFO - Started process (PID=62) to work on /home/airflow/.local/lib/python3.8/site-packages/airflow/example_dags/example_xcom.py
[2025-08-02T02:36:45.388+0000] {processor.py:830} INFO - Processing file /home/airflow/.local/lib/python3.8/site-packages/airflow/example_dags/example_xcom.py for tasks to queue
[2025-08-02T02:36:45.395+0000] {logging_mixin.py:188} INFO - [2025-08-02T02:36:45.394+0000] {dagbag.py:540} INFO - Filling up the DagBag from /home/airflow/.local/lib/python3.8/site-packages/airflow/example_dags/example_xcom.py
[2025-08-02T02:36:45.405+0000] {processor.py:840} INFO - DAG(s) 'example_xcom' retrieved from /home/airflow/.local/lib/python3.8/site-packages/airflow/example_dags/example_xcom.py
[2025-08-02T02:36:45.612+0000] {logging_mixin.py:188} INFO - [2025-08-02T02:36:45.612+0000] {dag.py:3047} INFO - Sync 1 DAGs
[2025-08-02T02:36:45.636+0000] {logging_mixin.py:188} INFO - [2025-08-02T02:36:45.635+0000] {dag.py:3834} INFO - Setting next_dagrun for example_xcom to 2021-01-01 00:00:00+00:00, run_after=2021-01-01 00:00:00+00:00
[2025-08-02T02:36:45.661+0000] {processor.py:183} INFO - Processing /home/airflow/.local/lib/python3.8/site-packages/airflow/example_dags/example_xcom.py took 0.295 seconds
[2025-08-02T02:37:16.078+0000] {processor.py:161} INFO - Started process (PID=117) to work on /home/airflow/.local/lib/python3.8/site-packages/airflow/example_dags/example_xcom.py
[2025-08-02T02:37:16.081+0000] {processor.py:830} INFO - Processing file /home/airflow/.local/lib/python3.8/site-packages/airflow/example_dags/example_xcom.py for tasks to queue
[2025-08-02T02:37:16.086+0000] {logging_mixin.py:188} INFO - [2025-08-02T02:37:16.085+0000] {dagbag.py:540} INFO - Filling up the DagBag from /home/airflow/.local/lib/python3.8/site-packages/airflow/example_dags/example_xcom.py
[2025-08-02T02:37:16.113+0000] {processor.py:840} INFO - DAG(s) 'example_xcom' retrieved from /home/airflow/.local/lib/python3.8/site-packages/airflow/example_dags/example_xcom.py
[2025-08-02T02:37:16.179+0000] {logging_mixin.py:188} INFO - [2025-08-02T02:37:16.179+0000] {dag.py:3047} INFO - Sync 1 DAGs
[2025-08-02T02:37:16.227+0000] {logging_mixin.py:188} INFO - [2025-08-02T02:37:16.225+0000] {dag.py:3834} INFO - Setting next_dagrun for example_xcom to 2021-01-01 00:00:00+00:00, run_after=2021-01-01 00:00:00+00:00
[2025-08-02T02:37:16.245+0000] {processor.py:183} INFO - Processing /home/airflow/.local/lib/python3.8/site-packages/airflow/example_dags/example_xcom.py took 0.170 seconds
[2025-08-02T02:37:46.428+0000] {processor.py:161} INFO - Started process (PID=173) to work on /home/airflow/.local/lib/python3.8/site-packages/airflow/example_dags/example_xcom.py
[2025-08-02T02:37:46.431+0000] {processor.py:830} INFO - Processing file /home/airflow/.local/lib/python3.8/site-packages/airflow/example_dags/example_xcom.py for tasks to queue
[2025-08-02T02:37:46.434+0000] {logging_mixin.py:188} INFO - [2025-08-02T02:37:46.434+0000] {dagbag.py:540} INFO - Filling up the DagBag from /home/airflow/.local/lib/python3.8/site-packages/airflow/example_dags/example_xcom.py
[2025-08-02T02:37:46.449+0000] {processor.py:840} INFO - DAG(s) 'example_xcom' retrieved from /home/airflow/.local/lib/python3.8/site-packages/airflow/example_dags/example_xcom.py
[2025-08-02T02:37:46.507+0000] {logging_mixin.py:188} INFO - [2025-08-02T02:37:46.506+0000] {dag.py:3047} INFO - Sync 1 DAGs
[2025-08-02T02:37:46.573+0000] {logging_mixin.py:188} INFO - [2025-08-02T02:37:46.573+0000] {dag.py:3834} INFO - Setting next_dagrun for example_xcom to 2021-01-01 00:00:00+00:00, run_after=2021-01-01 00:00:00+00:00
[2025-08-02T02:37:46.626+0000] {processor.py:183} INFO - Processing /home/airflow/.local/lib/python3.8/site-packages/airflow/example_dags/example_xcom.py took 0.208 seconds
[2025-08-02T02:38:17.115+0000] {processor.py:161} INFO - Started process (PID=235) to work on /home/airflow/.local/lib/python3.8/site-packages/airflow/example_dags/example_xcom.py
[2025-08-02T02:38:17.118+0000] {processor.py:830} INFO - Processing file /home/airflow/.local/lib/python3.8/site-packages/airflow/example_dags/example_xcom.py for tasks to queue
[2025-08-02T02:38:17.122+0000] {logging_mixin.py:188} INFO - [2025-08-02T02:38:17.122+0000] {dagbag.py:540} INFO - Filling up the DagBag from /home/airflow/.local/lib/python3.8/site-packages/airflow/example_dags/example_xcom.py
[2025-08-02T02:38:17.131+0000] {processor.py:840} INFO - DAG(s) 'example_xcom' retrieved from /home/airflow/.local/lib/python3.8/site-packages/airflow/example_dags/example_xcom.py
[2025-08-02T02:38:17.151+0000] {logging_mixin.py:188} INFO - [2025-08-02T02:38:17.151+0000] {dag.py:3047} INFO - Sync 1 DAGs
[2025-08-02T02:38:17.166+0000] {logging_mixin.py:188} INFO - [2025-08-02T02:38:17.166+0000] {dag.py:3834} INFO - Setting next_dagrun for example_xcom to 2021-01-01 00:00:00+00:00, run_after=2021-01-01 00:00:00+00:00
[2025-08-02T02:38:17.204+0000] {processor.py:183} INFO - Processing /home/airflow/.local/lib/python3.8/site-packages/airflow/example_dags/example_xcom.py took 0.094 seconds
[2025-08-02T02:38:47.430+0000] {processor.py:161} INFO - Started process (PID=291) to work on /home/airflow/.local/lib/python3.8/site-packages/airflow/example_dags/example_xcom.py
[2025-08-02T02:38:47.432+0000] {processor.py:830} INFO - Processing file /home/airflow/.local/lib/python3.8/site-packages/airflow/example_dags/example_xcom.py for tasks to queue
[2025-08-02T02:38:47.434+0000] {logging_mixin.py:188} INFO - [2025-08-02T02:38:47.434+0000] {dagbag.py:540} INFO - Filling up the DagBag from /home/airflow/.local/lib/python3.8/site-packages/airflow/example_dags/example_xcom.py
[2025-08-02T02:38:47.439+0000] {processor.py:840} INFO - DAG(s) 'example_xcom' retrieved from /home/airflow/.local/lib/python3.8/site-packages/airflow/example_dags/example_xcom.py
[2025-08-02T02:38:47.467+0000] {logging_mixin.py:188} INFO - [2025-08-02T02:38:47.466+0000] {dag.py:3047} INFO - Sync 1 DAGs
[2025-08-02T02:38:47.488+0000] {logging_mixin.py:188} INFO - [2025-08-02T02:38:47.485+0000] {dag.py:3834} INFO - Setting next_dagrun for example_xcom to 2021-01-01 00:00:00+00:00, run_after=2021-01-01 00:00:00+00:00
[2025-08-02T02:38:47.498+0000] {processor.py:183} INFO - Processing /home/airflow/.local/lib/python3.8/site-packages/airflow/example_dags/example_xcom.py took 0.071 seconds
[2025-08-02T02:39:17.742+0000] {processor.py:161} INFO - Started process (PID=346) to work on /home/airflow/.local/lib/python3.8/site-packages/airflow/example_dags/example_xcom.py
[2025-08-02T02:39:17.744+0000] {processor.py:830} INFO - Processing file /home/airflow/.local/lib/python3.8/site-packages/airflow/example_dags/example_xcom.py for tasks to queue
[2025-08-02T02:39:17.747+0000] {logging_mixin.py:188} INFO - [2025-08-02T02:39:17.746+0000] {dagbag.py:540} INFO - Filling up the DagBag from /home/airflow/.local/lib/python3.8/site-packages/airflow/example_dags/example_xcom.py
[2025-08-02T02:39:17.751+0000] {processor.py:840} INFO - DAG(s) 'example_xcom' retrieved from /home/airflow/.local/lib/python3.8/site-packages/airflow/example_dags/example_xcom.py
[2025-08-02T02:39:17.779+0000] {logging_mixin.py:188} INFO - [2025-08-02T02:39:17.778+0000] {dag.py:3047} INFO - Sync 1 DAGs
[2025-08-02T02:39:17.804+0000] {logging_mixin.py:188} INFO - [2025-08-02T02:39:17.804+0000] {dag.py:3834} INFO - Setting next_dagrun for example_xcom to 2021-01-01 00:00:00+00:00, run_after=2021-01-01 00:00:00+00:00
[2025-08-02T02:39:17.824+0000] {processor.py:183} INFO - Processing /home/airflow/.local/lib/python3.8/site-packages/airflow/example_dags/example_xcom.py took 0.084 seconds
[2025-08-02T02:39:48.723+0000] {processor.py:161} INFO - Started process (PID=402) to work on /home/airflow/.local/lib/python3.8/site-packages/airflow/example_dags/example_xcom.py
[2025-08-02T02:39:48.724+0000] {processor.py:830} INFO - Processing file /home/airflow/.local/lib/python3.8/site-packages/airflow/example_dags/example_xcom.py for tasks to queue
[2025-08-02T02:39:48.726+0000] {logging_mixin.py:188} INFO - [2025-08-02T02:39:48.726+0000] {dagbag.py:540} INFO - Filling up the DagBag from /home/airflow/.local/lib/python3.8/site-packages/airflow/example_dags/example_xcom.py
[2025-08-02T02:39:48.733+0000] {processor.py:840} INFO - DAG(s) 'example_xcom' retrieved from /home/airflow/.local/lib/python3.8/site-packages/airflow/example_dags/example_xcom.py
[2025-08-02T02:39:49.319+0000] {logging_mixin.py:188} INFO - [2025-08-02T02:39:49.315+0000] {dag.py:3047} INFO - Sync 1 DAGs
[2025-08-02T02:39:49.477+0000] {logging_mixin.py:188} INFO - [2025-08-02T02:39:49.476+0000] {dag.py:3834} INFO - Setting next_dagrun for example_xcom to 2021-01-01 00:00:00+00:00, run_after=2021-01-01 00:00:00+00:00
[2025-08-02T02:39:49.605+0000] {processor.py:183} INFO - Processing /home/airflow/.local/lib/python3.8/site-packages/airflow/example_dags/example_xcom.py took 0.894 seconds
[2025-08-02T02:40:20.730+0000] {processor.py:161} INFO - Started process (PID=458) to work on /home/airflow/.local/lib/python3.8/site-packages/airflow/example_dags/example_xcom.py
[2025-08-02T02:40:20.734+0000] {processor.py:830} INFO - Processing file /home/airflow/.local/lib/python3.8/site-packages/airflow/example_dags/example_xcom.py for tasks to queue
[2025-08-02T02:40:20.736+0000] {logging_mixin.py:188} INFO - [2025-08-02T02:40:20.736+0000] {dagbag.py:540} INFO - Filling up the DagBag from /home/airflow/.local/lib/python3.8/site-packages/airflow/example_dags/example_xcom.py
[2025-08-02T02:40:20.746+0000] {processor.py:840} INFO - DAG(s) 'example_xcom' retrieved from /home/airflow/.local/lib/python3.8/site-packages/airflow/example_dags/example_xcom.py
[2025-08-02T02:40:20.822+0000] {logging_mixin.py:188} INFO - [2025-08-02T02:40:20.822+0000] {dag.py:3047} INFO - Sync 1 DAGs
[2025-08-02T02:40:20.864+0000] {logging_mixin.py:188} INFO - [2025-08-02T02:40:20.864+0000] {dag.py:3834} INFO - Setting next_dagrun for example_xcom to 2021-01-01 00:00:00+00:00, run_after=2021-01-01 00:00:00+00:00
[2025-08-02T02:40:20.888+0000] {processor.py:183} INFO - Processing /home/airflow/.local/lib/python3.8/site-packages/airflow/example_dags/example_xcom.py took 0.163 seconds
[2025-08-02T02:40:51.070+0000] {processor.py:161} INFO - Started process (PID=514) to work on /home/airflow/.local/lib/python3.8/site-packages/airflow/example_dags/example_xcom.py
[2025-08-02T02:40:51.071+0000] {processor.py:830} INFO - Processing file /home/airflow/.local/lib/python3.8/site-packages/airflow/example_dags/example_xcom.py for tasks to queue
[2025-08-02T02:40:51.073+0000] {logging_mixin.py:188} INFO - [2025-08-02T02:40:51.073+0000] {dagbag.py:540} INFO - Filling up the DagBag from /home/airflow/.local/lib/python3.8/site-packages/airflow/example_dags/example_xcom.py
[2025-08-02T02:40:51.080+0000] {processor.py:840} INFO - DAG(s) 'example_xcom' retrieved from /home/airflow/.local/lib/python3.8/site-packages/airflow/example_dags/example_xcom.py
[2025-08-02T02:40:51.105+0000] {logging_mixin.py:188} INFO - [2025-08-02T02:40:51.105+0000] {dag.py:3047} INFO - Sync 1 DAGs
[2025-08-02T02:40:51.136+0000] {logging_mixin.py:188} INFO - [2025-08-02T02:40:51.135+0000] {dag.py:3834} INFO - Setting next_dagrun for example_xcom to 2021-01-01 00:00:00+00:00, run_after=2021-01-01 00:00:00+00:00
[2025-08-02T02:40:51.213+0000] {processor.py:183} INFO - Processing /home/airflow/.local/lib/python3.8/site-packages/airflow/example_dags/example_xcom.py took 0.145 seconds
[2025-08-02T02:41:21.723+0000] {processor.py:161} INFO - Started process (PID=570) to work on /home/airflow/.local/lib/python3.8/site-packages/airflow/example_dags/example_xcom.py
[2025-08-02T02:41:21.725+0000] {processor.py:830} INFO - Processing file /home/airflow/.local/lib/python3.8/site-packages/airflow/example_dags/example_xcom.py for tasks to queue
[2025-08-02T02:41:21.727+0000] {logging_mixin.py:188} INFO - [2025-08-02T02:41:21.727+0000] {dagbag.py:540} INFO - Filling up the DagBag from /home/airflow/.local/lib/python3.8/site-packages/airflow/example_dags/example_xcom.py
[2025-08-02T02:41:21.736+0000] {processor.py:840} INFO - DAG(s) 'example_xcom' retrieved from /home/airflow/.local/lib/python3.8/site-packages/airflow/example_dags/example_xcom.py
[2025-08-02T02:41:21.761+0000] {logging_mixin.py:188} INFO - [2025-08-02T02:41:21.761+0000] {dag.py:3047} INFO - Sync 1 DAGs
[2025-08-02T02:41:21.800+0000] {logging_mixin.py:188} INFO - [2025-08-02T02:41:21.800+0000] {dag.py:3834} INFO - Setting next_dagrun for example_xcom to 2021-01-01 00:00:00+00:00, run_after=2021-01-01 00:00:00+00:00
[2025-08-02T02:41:21.839+0000] {processor.py:183} INFO - Processing /home/airflow/.local/lib/python3.8/site-packages/airflow/example_dags/example_xcom.py took 0.121 seconds
[2025-08-02T02:41:52.430+0000] {processor.py:161} INFO - Started process (PID=626) to work on /home/airflow/.local/lib/python3.8/site-packages/airflow/example_dags/example_xcom.py
[2025-08-02T02:41:52.431+0000] {processor.py:830} INFO - Processing file /home/airflow/.local/lib/python3.8/site-packages/airflow/example_dags/example_xcom.py for tasks to queue
[2025-08-02T02:41:52.434+0000] {logging_mixin.py:188} INFO - [2025-08-02T02:41:52.433+0000] {dagbag.py:540} INFO - Filling up the DagBag from /home/airflow/.local/lib/python3.8/site-packages/airflow/example_dags/example_xcom.py
[2025-08-02T02:41:52.438+0000] {processor.py:840} INFO - DAG(s) 'example_xcom' retrieved from /home/airflow/.local/lib/python3.8/site-packages/airflow/example_dags/example_xcom.py
[2025-08-02T02:41:52.473+0000] {logging_mixin.py:188} INFO - [2025-08-02T02:41:52.473+0000] {dag.py:3047} INFO - Sync 1 DAGs
[2025-08-02T02:41:52.499+0000] {logging_mixin.py:188} INFO - [2025-08-02T02:41:52.499+0000] {dag.py:3834} INFO - Setting next_dagrun for example_xcom to 2021-01-01 00:00:00+00:00, run_after=2021-01-01 00:00:00+00:00
[2025-08-02T02:41:52.512+0000] {processor.py:183} INFO - Processing /home/airflow/.local/lib/python3.8/site-packages/airflow/example_dags/example_xcom.py took 0.084 seconds
[2025-08-02T02:42:22.815+0000] {processor.py:161} INFO - Started process (PID=682) to work on /home/airflow/.local/lib/python3.8/site-packages/airflow/example_dags/example_xcom.py
[2025-08-02T02:42:22.819+0000] {processor.py:830} INFO - Processing file /home/airflow/.local/lib/python3.8/site-packages/airflow/example_dags/example_xcom.py for tasks to queue
[2025-08-02T02:42:22.821+0000] {logging_mixin.py:188} INFO - [2025-08-02T02:42:22.821+0000] {dagbag.py:540} INFO - Filling up the DagBag from /home/airflow/.local/lib/python3.8/site-packages/airflow/example_dags/example_xcom.py
[2025-08-02T02:42:22.828+0000] {processor.py:840} INFO - DAG(s) 'example_xcom' retrieved from /home/airflow/.local/lib/python3.8/site-packages/airflow/example_dags/example_xcom.py
[2025-08-02T02:42:22.854+0000] {logging_mixin.py:188} INFO - [2025-08-02T02:42:22.854+0000] {dag.py:3047} INFO - Sync 1 DAGs
[2025-08-02T02:42:22.870+0000] {logging_mixin.py:188} INFO - [2025-08-02T02:42:22.870+0000] {dag.py:3834} INFO - Setting next_dagrun for example_xcom to 2021-01-01 00:00:00+00:00, run_after=2021-01-01 00:00:00+00:00
[2025-08-02T02:42:22.891+0000] {processor.py:183} INFO - Processing /home/airflow/.local/lib/python3.8/site-packages/airflow/example_dags/example_xcom.py took 0.079 seconds
[2025-08-02T02:46:18.214+0000] {processor.py:161} INFO - Started process (PID=61) to work on /home/airflow/.local/lib/python3.8/site-packages/airflow/example_dags/example_xcom.py
[2025-08-02T02:46:18.221+0000] {processor.py:830} INFO - Processing file /home/airflow/.local/lib/python3.8/site-packages/airflow/example_dags/example_xcom.py for tasks to queue
[2025-08-02T02:46:18.226+0000] {logging_mixin.py:188} INFO - [2025-08-02T02:46:18.226+0000] {dagbag.py:540} INFO - Filling up the DagBag from /home/airflow/.local/lib/python3.8/site-packages/airflow/example_dags/example_xcom.py
[2025-08-02T02:46:18.249+0000] {processor.py:840} INFO - DAG(s) 'example_xcom' retrieved from /home/airflow/.local/lib/python3.8/site-packages/airflow/example_dags/example_xcom.py
[2025-08-02T02:46:18.281+0000] {logging_mixin.py:188} INFO - [2025-08-02T02:46:18.280+0000] {dag.py:3047} INFO - Sync 1 DAGs
[2025-08-02T02:46:18.426+0000] {logging_mixin.py:188} INFO - [2025-08-02T02:46:18.391+0000] {dag.py:3834} INFO - Setting next_dagrun for example_xcom to 2021-01-01 00:00:00+00:00, run_after=2021-01-01 00:00:00+00:00
[2025-08-02T02:46:18.572+0000] {processor.py:183} INFO - Processing /home/airflow/.local/lib/python3.8/site-packages/airflow/example_dags/example_xcom.py took 0.364 seconds
[2025-08-02T02:46:54.571+0000] {processor.py:161} INFO - Started process (PID=124) to work on /home/airflow/.local/lib/python3.8/site-packages/airflow/example_dags/example_xcom.py
[2025-08-02T02:46:54.590+0000] {processor.py:830} INFO - Processing file /home/airflow/.local/lib/python3.8/site-packages/airflow/example_dags/example_xcom.py for tasks to queue
[2025-08-02T02:46:54.605+0000] {logging_mixin.py:188} INFO - [2025-08-02T02:46:54.604+0000] {dagbag.py:540} INFO - Filling up the DagBag from /home/airflow/.local/lib/python3.8/site-packages/airflow/example_dags/example_xcom.py
[2025-08-02T02:46:54.687+0000] {processor.py:840} INFO - DAG(s) 'example_xcom' retrieved from /home/airflow/.local/lib/python3.8/site-packages/airflow/example_dags/example_xcom.py
[2025-08-02T02:46:55.939+0000] {logging_mixin.py:188} INFO - [2025-08-02T02:46:55.923+0000] {dag.py:3047} INFO - Sync 1 DAGs
[2025-08-02T02:46:56.115+0000] {logging_mixin.py:188} INFO - [2025-08-02T02:46:56.114+0000] {dag.py:3834} INFO - Setting next_dagrun for example_xcom to 2021-01-01 00:00:00+00:00, run_after=2021-01-01 00:00:00+00:00
[2025-08-02T02:46:56.345+0000] {processor.py:183} INFO - Processing /home/airflow/.local/lib/python3.8/site-packages/airflow/example_dags/example_xcom.py took 1.858 seconds
[2025-08-02T02:47:26.887+0000] {processor.py:161} INFO - Started process (PID=180) to work on /home/airflow/.local/lib/python3.8/site-packages/airflow/example_dags/example_xcom.py
[2025-08-02T02:47:26.893+0000] {processor.py:830} INFO - Processing file /home/airflow/.local/lib/python3.8/site-packages/airflow/example_dags/example_xcom.py for tasks to queue
[2025-08-02T02:47:26.902+0000] {logging_mixin.py:188} INFO - [2025-08-02T02:47:26.900+0000] {dagbag.py:540} INFO - Filling up the DagBag from /home/airflow/.local/lib/python3.8/site-packages/airflow/example_dags/example_xcom.py
[2025-08-02T02:47:27.001+0000] {processor.py:840} INFO - DAG(s) 'example_xcom' retrieved from /home/airflow/.local/lib/python3.8/site-packages/airflow/example_dags/example_xcom.py
[2025-08-02T02:47:27.239+0000] {logging_mixin.py:188} INFO - [2025-08-02T02:47:27.237+0000] {dag.py:3047} INFO - Sync 1 DAGs
[2025-08-02T02:47:27.412+0000] {logging_mixin.py:188} INFO - [2025-08-02T02:47:27.410+0000] {dag.py:3834} INFO - Setting next_dagrun for example_xcom to 2021-01-01 00:00:00+00:00, run_after=2021-01-01 00:00:00+00:00
[2025-08-02T02:47:27.626+0000] {processor.py:183} INFO - Processing /home/airflow/.local/lib/python3.8/site-packages/airflow/example_dags/example_xcom.py took 0.778 seconds
[2025-08-02T02:47:58.081+0000] {processor.py:161} INFO - Started process (PID=235) to work on /home/airflow/.local/lib/python3.8/site-packages/airflow/example_dags/example_xcom.py
[2025-08-02T02:47:58.083+0000] {processor.py:830} INFO - Processing file /home/airflow/.local/lib/python3.8/site-packages/airflow/example_dags/example_xcom.py for tasks to queue
[2025-08-02T02:47:58.087+0000] {logging_mixin.py:188} INFO - [2025-08-02T02:47:58.086+0000] {dagbag.py:540} INFO - Filling up the DagBag from /home/airflow/.local/lib/python3.8/site-packages/airflow/example_dags/example_xcom.py
[2025-08-02T02:47:58.118+0000] {processor.py:840} INFO - DAG(s) 'example_xcom' retrieved from /home/airflow/.local/lib/python3.8/site-packages/airflow/example_dags/example_xcom.py
[2025-08-02T02:47:58.346+0000] {logging_mixin.py:188} INFO - [2025-08-02T02:47:58.344+0000] {dag.py:3047} INFO - Sync 1 DAGs
[2025-08-02T02:47:58.481+0000] {logging_mixin.py:188} INFO - [2025-08-02T02:47:58.479+0000] {dag.py:3834} INFO - Setting next_dagrun for example_xcom to 2021-01-01 00:00:00+00:00, run_after=2021-01-01 00:00:00+00:00
[2025-08-02T02:47:58.644+0000] {processor.py:183} INFO - Processing /home/airflow/.local/lib/python3.8/site-packages/airflow/example_dags/example_xcom.py took 0.567 seconds
[2025-08-02T02:48:29.122+0000] {processor.py:161} INFO - Started process (PID=291) to work on /home/airflow/.local/lib/python3.8/site-packages/airflow/example_dags/example_xcom.py
[2025-08-02T02:48:29.123+0000] {processor.py:830} INFO - Processing file /home/airflow/.local/lib/python3.8/site-packages/airflow/example_dags/example_xcom.py for tasks to queue
[2025-08-02T02:48:29.124+0000] {logging_mixin.py:188} INFO - [2025-08-02T02:48:29.124+0000] {dagbag.py:540} INFO - Filling up the DagBag from /home/airflow/.local/lib/python3.8/site-packages/airflow/example_dags/example_xcom.py
[2025-08-02T02:48:29.129+0000] {processor.py:840} INFO - DAG(s) 'example_xcom' retrieved from /home/airflow/.local/lib/python3.8/site-packages/airflow/example_dags/example_xcom.py
[2025-08-02T02:48:29.150+0000] {logging_mixin.py:188} INFO - [2025-08-02T02:48:29.150+0000] {dag.py:3047} INFO - Sync 1 DAGs
[2025-08-02T02:48:29.166+0000] {logging_mixin.py:188} INFO - [2025-08-02T02:48:29.166+0000] {dag.py:3834} INFO - Setting next_dagrun for example_xcom to 2021-01-01 00:00:00+00:00, run_after=2021-01-01 00:00:00+00:00
[2025-08-02T02:48:29.177+0000] {processor.py:183} INFO - Processing /home/airflow/.local/lib/python3.8/site-packages/airflow/example_dags/example_xcom.py took 0.058 seconds
[2025-08-02T02:48:59.685+0000] {processor.py:161} INFO - Started process (PID=347) to work on /home/airflow/.local/lib/python3.8/site-packages/airflow/example_dags/example_xcom.py
[2025-08-02T02:48:59.687+0000] {processor.py:830} INFO - Processing file /home/airflow/.local/lib/python3.8/site-packages/airflow/example_dags/example_xcom.py for tasks to queue
[2025-08-02T02:48:59.691+0000] {logging_mixin.py:188} INFO - [2025-08-02T02:48:59.691+0000] {dagbag.py:540} INFO - Filling up the DagBag from /home/airflow/.local/lib/python3.8/site-packages/airflow/example_dags/example_xcom.py
[2025-08-02T02:48:59.711+0000] {processor.py:840} INFO - DAG(s) 'example_xcom' retrieved from /home/airflow/.local/lib/python3.8/site-packages/airflow/example_dags/example_xcom.py
[2025-08-02T02:48:59.746+0000] {logging_mixin.py:188} INFO - [2025-08-02T02:48:59.746+0000] {dag.py:3047} INFO - Sync 1 DAGs
[2025-08-02T02:48:59.811+0000] {logging_mixin.py:188} INFO - [2025-08-02T02:48:59.810+0000] {dag.py:3834} INFO - Setting next_dagrun for example_xcom to 2021-01-01 00:00:00+00:00, run_after=2021-01-01 00:00:00+00:00
[2025-08-02T02:48:59.836+0000] {processor.py:183} INFO - Processing /home/airflow/.local/lib/python3.8/site-packages/airflow/example_dags/example_xcom.py took 0.157 seconds
[2025-08-02T02:49:30.112+0000] {processor.py:161} INFO - Started process (PID=403) to work on /home/airflow/.local/lib/python3.8/site-packages/airflow/example_dags/example_xcom.py
[2025-08-02T02:49:30.117+0000] {processor.py:830} INFO - Processing file /home/airflow/.local/lib/python3.8/site-packages/airflow/example_dags/example_xcom.py for tasks to queue
[2025-08-02T02:49:30.125+0000] {logging_mixin.py:188} INFO - [2025-08-02T02:49:30.125+0000] {dagbag.py:540} INFO - Filling up the DagBag from /home/airflow/.local/lib/python3.8/site-packages/airflow/example_dags/example_xcom.py
[2025-08-02T02:49:30.140+0000] {processor.py:840} INFO - DAG(s) 'example_xcom' retrieved from /home/airflow/.local/lib/python3.8/site-packages/airflow/example_dags/example_xcom.py
[2025-08-02T02:49:30.168+0000] {logging_mixin.py:188} INFO - [2025-08-02T02:49:30.167+0000] {dag.py:3047} INFO - Sync 1 DAGs
[2025-08-02T02:49:30.211+0000] {logging_mixin.py:188} INFO - [2025-08-02T02:49:30.211+0000] {dag.py:3834} INFO - Setting next_dagrun for example_xcom to 2021-01-01 00:00:00+00:00, run_after=2021-01-01 00:00:00+00:00
[2025-08-02T02:49:30.229+0000] {processor.py:183} INFO - Processing /home/airflow/.local/lib/python3.8/site-packages/airflow/example_dags/example_xcom.py took 0.150 seconds
[2025-08-02T02:50:00.510+0000] {processor.py:161} INFO - Started process (PID=459) to work on /home/airflow/.local/lib/python3.8/site-packages/airflow/example_dags/example_xcom.py
[2025-08-02T02:50:00.512+0000] {processor.py:830} INFO - Processing file /home/airflow/.local/lib/python3.8/site-packages/airflow/example_dags/example_xcom.py for tasks to queue
[2025-08-02T02:50:00.515+0000] {logging_mixin.py:188} INFO - [2025-08-02T02:50:00.515+0000] {dagbag.py:540} INFO - Filling up the DagBag from /home/airflow/.local/lib/python3.8/site-packages/airflow/example_dags/example_xcom.py
[2025-08-02T02:50:00.523+0000] {processor.py:840} INFO - DAG(s) 'example_xcom' retrieved from /home/airflow/.local/lib/python3.8/site-packages/airflow/example_dags/example_xcom.py
[2025-08-02T02:50:00.540+0000] {logging_mixin.py:188} INFO - [2025-08-02T02:50:00.539+0000] {dag.py:3047} INFO - Sync 1 DAGs
[2025-08-02T02:50:00.556+0000] {logging_mixin.py:188} INFO - [2025-08-02T02:50:00.556+0000] {dag.py:3834} INFO - Setting next_dagrun for example_xcom to 2021-01-01 00:00:00+00:00, run_after=2021-01-01 00:00:00+00:00
[2025-08-02T02:50:00.572+0000] {processor.py:183} INFO - Processing /home/airflow/.local/lib/python3.8/site-packages/airflow/example_dags/example_xcom.py took 0.065 seconds
[2025-08-02T02:50:30.743+0000] {processor.py:161} INFO - Started process (PID=513) to work on /home/airflow/.local/lib/python3.8/site-packages/airflow/example_dags/example_xcom.py
[2025-08-02T02:50:30.752+0000] {processor.py:830} INFO - Processing file /home/airflow/.local/lib/python3.8/site-packages/airflow/example_dags/example_xcom.py for tasks to queue
[2025-08-02T02:50:30.764+0000] {logging_mixin.py:188} INFO - [2025-08-02T02:50:30.763+0000] {dagbag.py:540} INFO - Filling up the DagBag from /home/airflow/.local/lib/python3.8/site-packages/airflow/example_dags/example_xcom.py
[2025-08-02T02:50:30.816+0000] {processor.py:840} INFO - DAG(s) 'example_xcom' retrieved from /home/airflow/.local/lib/python3.8/site-packages/airflow/example_dags/example_xcom.py
[2025-08-02T02:50:30.914+0000] {logging_mixin.py:188} INFO - [2025-08-02T02:50:30.914+0000] {dag.py:3047} INFO - Sync 1 DAGs
[2025-08-02T02:50:30.985+0000] {logging_mixin.py:188} INFO - [2025-08-02T02:50:30.984+0000] {dag.py:3834} INFO - Setting next_dagrun for example_xcom to 2021-01-01 00:00:00+00:00, run_after=2021-01-01 00:00:00+00:00
[2025-08-02T02:50:31.058+0000] {processor.py:183} INFO - Processing /home/airflow/.local/lib/python3.8/site-packages/airflow/example_dags/example_xcom.py took 0.330 seconds
[2025-08-02T02:51:01.425+0000] {processor.py:161} INFO - Started process (PID=569) to work on /home/airflow/.local/lib/python3.8/site-packages/airflow/example_dags/example_xcom.py
[2025-08-02T02:51:01.427+0000] {processor.py:830} INFO - Processing file /home/airflow/.local/lib/python3.8/site-packages/airflow/example_dags/example_xcom.py for tasks to queue
[2025-08-02T02:51:01.429+0000] {logging_mixin.py:188} INFO - [2025-08-02T02:51:01.429+0000] {dagbag.py:540} INFO - Filling up the DagBag from /home/airflow/.local/lib/python3.8/site-packages/airflow/example_dags/example_xcom.py
[2025-08-02T02:51:01.443+0000] {processor.py:840} INFO - DAG(s) 'example_xcom' retrieved from /home/airflow/.local/lib/python3.8/site-packages/airflow/example_dags/example_xcom.py
[2025-08-02T02:51:01.506+0000] {logging_mixin.py:188} INFO - [2025-08-02T02:51:01.506+0000] {dag.py:3047} INFO - Sync 1 DAGs
[2025-08-02T02:51:01.547+0000] {logging_mixin.py:188} INFO - [2025-08-02T02:51:01.547+0000] {dag.py:3834} INFO - Setting next_dagrun for example_xcom to 2021-01-01 00:00:00+00:00, run_after=2021-01-01 00:00:00+00:00
[2025-08-02T02:51:01.570+0000] {processor.py:183} INFO - Processing /home/airflow/.local/lib/python3.8/site-packages/airflow/example_dags/example_xcom.py took 0.157 seconds
[2025-08-02T02:51:32.698+0000] {processor.py:161} INFO - Started process (PID=625) to work on /home/airflow/.local/lib/python3.8/site-packages/airflow/example_dags/example_xcom.py
[2025-08-02T02:51:32.700+0000] {processor.py:830} INFO - Processing file /home/airflow/.local/lib/python3.8/site-packages/airflow/example_dags/example_xcom.py for tasks to queue
[2025-08-02T02:51:32.707+0000] {logging_mixin.py:188} INFO - [2025-08-02T02:51:32.706+0000] {dagbag.py:540} INFO - Filling up the DagBag from /home/airflow/.local/lib/python3.8/site-packages/airflow/example_dags/example_xcom.py
[2025-08-02T02:51:32.731+0000] {processor.py:840} INFO - DAG(s) 'example_xcom' retrieved from /home/airflow/.local/lib/python3.8/site-packages/airflow/example_dags/example_xcom.py
[2025-08-02T02:51:32.780+0000] {logging_mixin.py:188} INFO - [2025-08-02T02:51:32.780+0000] {dag.py:3047} INFO - Sync 1 DAGs
[2025-08-02T02:51:32.801+0000] {logging_mixin.py:188} INFO - [2025-08-02T02:51:32.801+0000] {dag.py:3834} INFO - Setting next_dagrun for example_xcom to 2021-01-01 00:00:00+00:00, run_after=2021-01-01 00:00:00+00:00
[2025-08-02T02:51:32.818+0000] {processor.py:183} INFO - Processing /home/airflow/.local/lib/python3.8/site-packages/airflow/example_dags/example_xcom.py took 0.126 seconds
[2025-08-02T02:52:02.980+0000] {processor.py:161} INFO - Started process (PID=681) to work on /home/airflow/.local/lib/python3.8/site-packages/airflow/example_dags/example_xcom.py
[2025-08-02T02:52:02.982+0000] {processor.py:830} INFO - Processing file /home/airflow/.local/lib/python3.8/site-packages/airflow/example_dags/example_xcom.py for tasks to queue
[2025-08-02T02:52:02.985+0000] {logging_mixin.py:188} INFO - [2025-08-02T02:52:02.985+0000] {dagbag.py:540} INFO - Filling up the DagBag from /home/airflow/.local/lib/python3.8/site-packages/airflow/example_dags/example_xcom.py
[2025-08-02T02:52:02.998+0000] {processor.py:840} INFO - DAG(s) 'example_xcom' retrieved from /home/airflow/.local/lib/python3.8/site-packages/airflow/example_dags/example_xcom.py
[2025-08-02T02:52:03.066+0000] {logging_mixin.py:188} INFO - [2025-08-02T02:52:03.066+0000] {dag.py:3047} INFO - Sync 1 DAGs
[2025-08-02T02:52:03.100+0000] {logging_mixin.py:188} INFO - [2025-08-02T02:52:03.099+0000] {dag.py:3834} INFO - Setting next_dagrun for example_xcom to 2021-01-01 00:00:00+00:00, run_after=2021-01-01 00:00:00+00:00
[2025-08-02T02:52:03.121+0000] {processor.py:183} INFO - Processing /home/airflow/.local/lib/python3.8/site-packages/airflow/example_dags/example_xcom.py took 0.147 seconds
[2025-08-02T02:52:33.231+0000] {processor.py:161} INFO - Started process (PID=737) to work on /home/airflow/.local/lib/python3.8/site-packages/airflow/example_dags/example_xcom.py
[2025-08-02T02:52:33.242+0000] {processor.py:830} INFO - Processing file /home/airflow/.local/lib/python3.8/site-packages/airflow/example_dags/example_xcom.py for tasks to queue
[2025-08-02T02:52:33.247+0000] {logging_mixin.py:188} INFO - [2025-08-02T02:52:33.246+0000] {dagbag.py:540} INFO - Filling up the DagBag from /home/airflow/.local/lib/python3.8/site-packages/airflow/example_dags/example_xcom.py
[2025-08-02T02:52:33.265+0000] {processor.py:840} INFO - DAG(s) 'example_xcom' retrieved from /home/airflow/.local/lib/python3.8/site-packages/airflow/example_dags/example_xcom.py
[2025-08-02T02:52:33.303+0000] {logging_mixin.py:188} INFO - [2025-08-02T02:52:33.303+0000] {dag.py:3047} INFO - Sync 1 DAGs
[2025-08-02T02:52:33.324+0000] {logging_mixin.py:188} INFO - [2025-08-02T02:52:33.324+0000] {dag.py:3834} INFO - Setting next_dagrun for example_xcom to 2021-01-01 00:00:00+00:00, run_after=2021-01-01 00:00:00+00:00
[2025-08-02T02:52:33.341+0000] {processor.py:183} INFO - Processing /home/airflow/.local/lib/python3.8/site-packages/airflow/example_dags/example_xcom.py took 0.126 seconds
[2025-08-02T02:56:39.619+0000] {processor.py:161} INFO - Started process (PID=61) to work on /home/airflow/.local/lib/python3.8/site-packages/airflow/example_dags/example_xcom.py
[2025-08-02T02:56:39.627+0000] {processor.py:830} INFO - Processing file /home/airflow/.local/lib/python3.8/site-packages/airflow/example_dags/example_xcom.py for tasks to queue
[2025-08-02T02:56:39.637+0000] {logging_mixin.py:188} INFO - [2025-08-02T02:56:39.637+0000] {dagbag.py:540} INFO - Filling up the DagBag from /home/airflow/.local/lib/python3.8/site-packages/airflow/example_dags/example_xcom.py
[2025-08-02T02:56:39.661+0000] {processor.py:840} INFO - DAG(s) 'example_xcom' retrieved from /home/airflow/.local/lib/python3.8/site-packages/airflow/example_dags/example_xcom.py
[2025-08-02T02:56:39.710+0000] {logging_mixin.py:188} INFO - [2025-08-02T02:56:39.710+0000] {dag.py:3047} INFO - Sync 1 DAGs
[2025-08-02T02:56:39.737+0000] {logging_mixin.py:188} INFO - [2025-08-02T02:56:39.737+0000] {dag.py:3834} INFO - Setting next_dagrun for example_xcom to 2021-01-01 00:00:00+00:00, run_after=2021-01-01 00:00:00+00:00
[2025-08-02T02:56:39.786+0000] {processor.py:183} INFO - Processing /home/airflow/.local/lib/python3.8/site-packages/airflow/example_dags/example_xcom.py took 0.229 seconds
[2025-08-02T02:57:10.177+0000] {processor.py:161} INFO - Started process (PID=117) to work on /home/airflow/.local/lib/python3.8/site-packages/airflow/example_dags/example_xcom.py
[2025-08-02T02:57:10.179+0000] {processor.py:830} INFO - Processing file /home/airflow/.local/lib/python3.8/site-packages/airflow/example_dags/example_xcom.py for tasks to queue
[2025-08-02T02:57:10.183+0000] {logging_mixin.py:188} INFO - [2025-08-02T02:57:10.182+0000] {dagbag.py:540} INFO - Filling up the DagBag from /home/airflow/.local/lib/python3.8/site-packages/airflow/example_dags/example_xcom.py
[2025-08-02T02:57:10.230+0000] {processor.py:840} INFO - DAG(s) 'example_xcom' retrieved from /home/airflow/.local/lib/python3.8/site-packages/airflow/example_dags/example_xcom.py
[2025-08-02T02:57:10.469+0000] {logging_mixin.py:188} INFO - [2025-08-02T02:57:10.469+0000] {dag.py:3047} INFO - Sync 1 DAGs
[2025-08-02T02:57:10.506+0000] {logging_mixin.py:188} INFO - [2025-08-02T02:57:10.505+0000] {dag.py:3834} INFO - Setting next_dagrun for example_xcom to 2021-01-01 00:00:00+00:00, run_after=2021-01-01 00:00:00+00:00
[2025-08-02T02:57:10.530+0000] {processor.py:183} INFO - Processing /home/airflow/.local/lib/python3.8/site-packages/airflow/example_dags/example_xcom.py took 0.364 seconds
[2025-08-02T02:57:40.877+0000] {processor.py:161} INFO - Started process (PID=173) to work on /home/airflow/.local/lib/python3.8/site-packages/airflow/example_dags/example_xcom.py
[2025-08-02T02:57:40.879+0000] {processor.py:830} INFO - Processing file /home/airflow/.local/lib/python3.8/site-packages/airflow/example_dags/example_xcom.py for tasks to queue
[2025-08-02T02:57:40.883+0000] {logging_mixin.py:188} INFO - [2025-08-02T02:57:40.883+0000] {dagbag.py:540} INFO - Filling up the DagBag from /home/airflow/.local/lib/python3.8/site-packages/airflow/example_dags/example_xcom.py
[2025-08-02T02:57:40.889+0000] {processor.py:840} INFO - DAG(s) 'example_xcom' retrieved from /home/airflow/.local/lib/python3.8/site-packages/airflow/example_dags/example_xcom.py
[2025-08-02T02:57:40.912+0000] {logging_mixin.py:188} INFO - [2025-08-02T02:57:40.912+0000] {dag.py:3047} INFO - Sync 1 DAGs
[2025-08-02T02:57:40.931+0000] {logging_mixin.py:188} INFO - [2025-08-02T02:57:40.931+0000] {dag.py:3834} INFO - Setting next_dagrun for example_xcom to 2021-01-01 00:00:00+00:00, run_after=2021-01-01 00:00:00+00:00
[2025-08-02T02:57:40.968+0000] {processor.py:183} INFO - Processing /home/airflow/.local/lib/python3.8/site-packages/airflow/example_dags/example_xcom.py took 0.095 seconds
[2025-08-02T02:58:11.738+0000] {processor.py:161} INFO - Started process (PID=229) to work on /home/airflow/.local/lib/python3.8/site-packages/airflow/example_dags/example_xcom.py
[2025-08-02T02:58:11.739+0000] {processor.py:830} INFO - Processing file /home/airflow/.local/lib/python3.8/site-packages/airflow/example_dags/example_xcom.py for tasks to queue
[2025-08-02T02:58:11.740+0000] {logging_mixin.py:188} INFO - [2025-08-02T02:58:11.740+0000] {dagbag.py:540} INFO - Filling up the DagBag from /home/airflow/.local/lib/python3.8/site-packages/airflow/example_dags/example_xcom.py
[2025-08-02T02:58:11.750+0000] {processor.py:840} INFO - DAG(s) 'example_xcom' retrieved from /home/airflow/.local/lib/python3.8/site-packages/airflow/example_dags/example_xcom.py
[2025-08-02T02:58:11.779+0000] {logging_mixin.py:188} INFO - [2025-08-02T02:58:11.779+0000] {dag.py:3047} INFO - Sync 1 DAGs
[2025-08-02T02:58:11.795+0000] {logging_mixin.py:188} INFO - [2025-08-02T02:58:11.795+0000] {dag.py:3834} INFO - Setting next_dagrun for example_xcom to 2021-01-01 00:00:00+00:00, run_after=2021-01-01 00:00:00+00:00
[2025-08-02T02:58:11.821+0000] {processor.py:183} INFO - Processing /home/airflow/.local/lib/python3.8/site-packages/airflow/example_dags/example_xcom.py took 0.085 seconds
[2025-08-02T02:58:42.728+0000] {processor.py:161} INFO - Started process (PID=285) to work on /home/airflow/.local/lib/python3.8/site-packages/airflow/example_dags/example_xcom.py
[2025-08-02T02:58:42.730+0000] {processor.py:830} INFO - Processing file /home/airflow/.local/lib/python3.8/site-packages/airflow/example_dags/example_xcom.py for tasks to queue
[2025-08-02T02:58:42.732+0000] {logging_mixin.py:188} INFO - [2025-08-02T02:58:42.732+0000] {dagbag.py:540} INFO - Filling up the DagBag from /home/airflow/.local/lib/python3.8/site-packages/airflow/example_dags/example_xcom.py
[2025-08-02T02:58:42.741+0000] {processor.py:840} INFO - DAG(s) 'example_xcom' retrieved from /home/airflow/.local/lib/python3.8/site-packages/airflow/example_dags/example_xcom.py
[2025-08-02T02:58:42.768+0000] {logging_mixin.py:188} INFO - [2025-08-02T02:58:42.767+0000] {dag.py:3047} INFO - Sync 1 DAGs
[2025-08-02T02:58:42.786+0000] {logging_mixin.py:188} INFO - [2025-08-02T02:58:42.786+0000] {dag.py:3834} INFO - Setting next_dagrun for example_xcom to 2021-01-01 00:00:00+00:00, run_after=2021-01-01 00:00:00+00:00
[2025-08-02T02:58:42.798+0000] {processor.py:183} INFO - Processing /home/airflow/.local/lib/python3.8/site-packages/airflow/example_dags/example_xcom.py took 0.073 seconds
[2025-08-02T02:59:13.257+0000] {processor.py:161} INFO - Started process (PID=341) to work on /home/airflow/.local/lib/python3.8/site-packages/airflow/example_dags/example_xcom.py
[2025-08-02T02:59:13.258+0000] {processor.py:830} INFO - Processing file /home/airflow/.local/lib/python3.8/site-packages/airflow/example_dags/example_xcom.py for tasks to queue
[2025-08-02T02:59:13.260+0000] {logging_mixin.py:188} INFO - [2025-08-02T02:59:13.260+0000] {dagbag.py:540} INFO - Filling up the DagBag from /home/airflow/.local/lib/python3.8/site-packages/airflow/example_dags/example_xcom.py
[2025-08-02T02:59:13.265+0000] {processor.py:840} INFO - DAG(s) 'example_xcom' retrieved from /home/airflow/.local/lib/python3.8/site-packages/airflow/example_dags/example_xcom.py
[2025-08-02T02:59:13.280+0000] {logging_mixin.py:188} INFO - [2025-08-02T02:59:13.280+0000] {dag.py:3047} INFO - Sync 1 DAGs
[2025-08-02T02:59:13.291+0000] {logging_mixin.py:188} INFO - [2025-08-02T02:59:13.291+0000] {dag.py:3834} INFO - Setting next_dagrun for example_xcom to 2021-01-01 00:00:00+00:00, run_after=2021-01-01 00:00:00+00:00
[2025-08-02T02:59:13.305+0000] {processor.py:183} INFO - Processing /home/airflow/.local/lib/python3.8/site-packages/airflow/example_dags/example_xcom.py took 0.050 seconds
[2025-08-02T02:59:43.614+0000] {processor.py:161} INFO - Started process (PID=396) to work on /home/airflow/.local/lib/python3.8/site-packages/airflow/example_dags/example_xcom.py
[2025-08-02T02:59:43.615+0000] {processor.py:830} INFO - Processing file /home/airflow/.local/lib/python3.8/site-packages/airflow/example_dags/example_xcom.py for tasks to queue
[2025-08-02T02:59:43.616+0000] {logging_mixin.py:188} INFO - [2025-08-02T02:59:43.616+0000] {dagbag.py:540} INFO - Filling up the DagBag from /home/airflow/.local/lib/python3.8/site-packages/airflow/example_dags/example_xcom.py
[2025-08-02T02:59:43.621+0000] {processor.py:840} INFO - DAG(s) 'example_xcom' retrieved from /home/airflow/.local/lib/python3.8/site-packages/airflow/example_dags/example_xcom.py
[2025-08-02T02:59:43.632+0000] {logging_mixin.py:188} INFO - [2025-08-02T02:59:43.632+0000] {dag.py:3047} INFO - Sync 1 DAGs
[2025-08-02T02:59:43.643+0000] {logging_mixin.py:188} INFO - [2025-08-02T02:59:43.643+0000] {dag.py:3834} INFO - Setting next_dagrun for example_xcom to 2021-01-01 00:00:00+00:00, run_after=2021-01-01 00:00:00+00:00
[2025-08-02T02:59:43.651+0000] {processor.py:183} INFO - Processing /home/airflow/.local/lib/python3.8/site-packages/airflow/example_dags/example_xcom.py took 0.039 seconds
[2025-08-02T03:00:14.727+0000] {processor.py:161} INFO - Started process (PID=453) to work on /home/airflow/.local/lib/python3.8/site-packages/airflow/example_dags/example_xcom.py
[2025-08-02T03:00:14.728+0000] {processor.py:830} INFO - Processing file /home/airflow/.local/lib/python3.8/site-packages/airflow/example_dags/example_xcom.py for tasks to queue
[2025-08-02T03:00:14.729+0000] {logging_mixin.py:188} INFO - [2025-08-02T03:00:14.729+0000] {dagbag.py:540} INFO - Filling up the DagBag from /home/airflow/.local/lib/python3.8/site-packages/airflow/example_dags/example_xcom.py
[2025-08-02T03:00:14.733+0000] {processor.py:840} INFO - DAG(s) 'example_xcom' retrieved from /home/airflow/.local/lib/python3.8/site-packages/airflow/example_dags/example_xcom.py
[2025-08-02T03:00:14.755+0000] {logging_mixin.py:188} INFO - [2025-08-02T03:00:14.754+0000] {dag.py:3047} INFO - Sync 1 DAGs
[2025-08-02T03:00:14.774+0000] {logging_mixin.py:188} INFO - [2025-08-02T03:00:14.774+0000] {dag.py:3834} INFO - Setting next_dagrun for example_xcom to 2021-01-01 00:00:00+00:00, run_after=2021-01-01 00:00:00+00:00
[2025-08-02T03:00:14.798+0000] {processor.py:183} INFO - Processing /home/airflow/.local/lib/python3.8/site-packages/airflow/example_dags/example_xcom.py took 0.073 seconds
[2025-08-02T03:00:45.260+0000] {processor.py:161} INFO - Started process (PID=509) to work on /home/airflow/.local/lib/python3.8/site-packages/airflow/example_dags/example_xcom.py
[2025-08-02T03:00:45.262+0000] {processor.py:830} INFO - Processing file /home/airflow/.local/lib/python3.8/site-packages/airflow/example_dags/example_xcom.py for tasks to queue
[2025-08-02T03:00:45.264+0000] {logging_mixin.py:188} INFO - [2025-08-02T03:00:45.263+0000] {dagbag.py:540} INFO - Filling up the DagBag from /home/airflow/.local/lib/python3.8/site-packages/airflow/example_dags/example_xcom.py
[2025-08-02T03:00:45.274+0000] {processor.py:840} INFO - DAG(s) 'example_xcom' retrieved from /home/airflow/.local/lib/python3.8/site-packages/airflow/example_dags/example_xcom.py
[2025-08-02T03:00:45.296+0000] {logging_mixin.py:188} INFO - [2025-08-02T03:00:45.296+0000] {dag.py:3047} INFO - Sync 1 DAGs
[2025-08-02T03:00:45.312+0000] {logging_mixin.py:188} INFO - [2025-08-02T03:00:45.312+0000] {dag.py:3834} INFO - Setting next_dagrun for example_xcom to 2021-01-01 00:00:00+00:00, run_after=2021-01-01 00:00:00+00:00
[2025-08-02T03:00:45.332+0000] {processor.py:183} INFO - Processing /home/airflow/.local/lib/python3.8/site-packages/airflow/example_dags/example_xcom.py took 0.078 seconds
[2025-08-02T03:01:16.360+0000] {processor.py:161} INFO - Started process (PID=565) to work on /home/airflow/.local/lib/python3.8/site-packages/airflow/example_dags/example_xcom.py
[2025-08-02T03:01:16.362+0000] {processor.py:830} INFO - Processing file /home/airflow/.local/lib/python3.8/site-packages/airflow/example_dags/example_xcom.py for tasks to queue
[2025-08-02T03:01:16.367+0000] {logging_mixin.py:188} INFO - [2025-08-02T03:01:16.366+0000] {dagbag.py:540} INFO - Filling up the DagBag from /home/airflow/.local/lib/python3.8/site-packages/airflow/example_dags/example_xcom.py
[2025-08-02T03:01:16.386+0000] {processor.py:840} INFO - DAG(s) 'example_xcom' retrieved from /home/airflow/.local/lib/python3.8/site-packages/airflow/example_dags/example_xcom.py
[2025-08-02T03:01:16.412+0000] {logging_mixin.py:188} INFO - [2025-08-02T03:01:16.412+0000] {dag.py:3047} INFO - Sync 1 DAGs
[2025-08-02T03:01:16.435+0000] {logging_mixin.py:188} INFO - [2025-08-02T03:01:16.435+0000] {dag.py:3834} INFO - Setting next_dagrun for example_xcom to 2021-01-01 00:00:00+00:00, run_after=2021-01-01 00:00:00+00:00
[2025-08-02T03:01:16.453+0000] {processor.py:183} INFO - Processing /home/airflow/.local/lib/python3.8/site-packages/airflow/example_dags/example_xcom.py took 0.098 seconds
[2025-08-02T03:01:46.599+0000] {processor.py:161} INFO - Started process (PID=621) to work on /home/airflow/.local/lib/python3.8/site-packages/airflow/example_dags/example_xcom.py
[2025-08-02T03:01:46.600+0000] {processor.py:830} INFO - Processing file /home/airflow/.local/lib/python3.8/site-packages/airflow/example_dags/example_xcom.py for tasks to queue
[2025-08-02T03:01:46.601+0000] {logging_mixin.py:188} INFO - [2025-08-02T03:01:46.601+0000] {dagbag.py:540} INFO - Filling up the DagBag from /home/airflow/.local/lib/python3.8/site-packages/airflow/example_dags/example_xcom.py
[2025-08-02T03:01:46.605+0000] {processor.py:840} INFO - DAG(s) 'example_xcom' retrieved from /home/airflow/.local/lib/python3.8/site-packages/airflow/example_dags/example_xcom.py
[2025-08-02T03:01:46.618+0000] {logging_mixin.py:188} INFO - [2025-08-02T03:01:46.618+0000] {dag.py:3047} INFO - Sync 1 DAGs
[2025-08-02T03:01:46.630+0000] {logging_mixin.py:188} INFO - [2025-08-02T03:01:46.630+0000] {dag.py:3834} INFO - Setting next_dagrun for example_xcom to 2021-01-01 00:00:00+00:00, run_after=2021-01-01 00:00:00+00:00
[2025-08-02T03:01:46.639+0000] {processor.py:183} INFO - Processing /home/airflow/.local/lib/python3.8/site-packages/airflow/example_dags/example_xcom.py took 0.042 seconds
[2025-08-02T03:02:19.291+0000] {processor.py:161} INFO - Started process (PID=677) to work on /home/airflow/.local/lib/python3.8/site-packages/airflow/example_dags/example_xcom.py
[2025-08-02T03:02:19.297+0000] {processor.py:830} INFO - Processing file /home/airflow/.local/lib/python3.8/site-packages/airflow/example_dags/example_xcom.py for tasks to queue
[2025-08-02T03:02:19.301+0000] {logging_mixin.py:188} INFO - [2025-08-02T03:02:19.301+0000] {dagbag.py:540} INFO - Filling up the DagBag from /home/airflow/.local/lib/python3.8/site-packages/airflow/example_dags/example_xcom.py
[2025-08-02T03:02:19.316+0000] {processor.py:840} INFO - DAG(s) 'example_xcom' retrieved from /home/airflow/.local/lib/python3.8/site-packages/airflow/example_dags/example_xcom.py
[2025-08-02T03:02:19.401+0000] {logging_mixin.py:188} INFO - [2025-08-02T03:02:19.400+0000] {dag.py:3047} INFO - Sync 1 DAGs
[2025-08-02T03:02:19.459+0000] {logging_mixin.py:188} INFO - [2025-08-02T03:02:19.458+0000] {dag.py:3834} INFO - Setting next_dagrun for example_xcom to 2021-01-01 00:00:00+00:00, run_after=2021-01-01 00:00:00+00:00
[2025-08-02T03:02:19.506+0000] {processor.py:183} INFO - Processing /home/airflow/.local/lib/python3.8/site-packages/airflow/example_dags/example_xcom.py took 0.224 seconds
[2025-08-02T03:02:49.811+0000] {processor.py:161} INFO - Started process (PID=733) to work on /home/airflow/.local/lib/python3.8/site-packages/airflow/example_dags/example_xcom.py
[2025-08-02T03:02:49.817+0000] {processor.py:830} INFO - Processing file /home/airflow/.local/lib/python3.8/site-packages/airflow/example_dags/example_xcom.py for tasks to queue
[2025-08-02T03:02:49.822+0000] {logging_mixin.py:188} INFO - [2025-08-02T03:02:49.821+0000] {dagbag.py:540} INFO - Filling up the DagBag from /home/airflow/.local/lib/python3.8/site-packages/airflow/example_dags/example_xcom.py
[2025-08-02T03:02:49.840+0000] {processor.py:840} INFO - DAG(s) 'example_xcom' retrieved from /home/airflow/.local/lib/python3.8/site-packages/airflow/example_dags/example_xcom.py
[2025-08-02T03:02:49.881+0000] {logging_mixin.py:188} INFO - [2025-08-02T03:02:49.879+0000] {dag.py:3047} INFO - Sync 1 DAGs
[2025-08-02T03:02:49.921+0000] {logging_mixin.py:188} INFO - [2025-08-02T03:02:49.920+0000] {dag.py:3834} INFO - Setting next_dagrun for example_xcom to 2021-01-01 00:00:00+00:00, run_after=2021-01-01 00:00:00+00:00
[2025-08-02T03:02:49.955+0000] {processor.py:183} INFO - Processing /home/airflow/.local/lib/python3.8/site-packages/airflow/example_dags/example_xcom.py took 0.156 seconds
[2025-08-02T03:03:20.423+0000] {processor.py:161} INFO - Started process (PID=789) to work on /home/airflow/.local/lib/python3.8/site-packages/airflow/example_dags/example_xcom.py
[2025-08-02T03:03:20.424+0000] {processor.py:830} INFO - Processing file /home/airflow/.local/lib/python3.8/site-packages/airflow/example_dags/example_xcom.py for tasks to queue
[2025-08-02T03:03:20.426+0000] {logging_mixin.py:188} INFO - [2025-08-02T03:03:20.426+0000] {dagbag.py:540} INFO - Filling up the DagBag from /home/airflow/.local/lib/python3.8/site-packages/airflow/example_dags/example_xcom.py
[2025-08-02T03:03:20.433+0000] {processor.py:840} INFO - DAG(s) 'example_xcom' retrieved from /home/airflow/.local/lib/python3.8/site-packages/airflow/example_dags/example_xcom.py
[2025-08-02T03:03:20.465+0000] {logging_mixin.py:188} INFO - [2025-08-02T03:03:20.464+0000] {dag.py:3047} INFO - Sync 1 DAGs
[2025-08-02T03:03:20.481+0000] {logging_mixin.py:188} INFO - [2025-08-02T03:03:20.480+0000] {dag.py:3834} INFO - Setting next_dagrun for example_xcom to 2021-01-01 00:00:00+00:00, run_after=2021-01-01 00:00:00+00:00
[2025-08-02T03:03:20.497+0000] {processor.py:183} INFO - Processing /home/airflow/.local/lib/python3.8/site-packages/airflow/example_dags/example_xcom.py took 0.079 seconds
[2025-08-02T03:03:51.064+0000] {processor.py:161} INFO - Started process (PID=845) to work on /home/airflow/.local/lib/python3.8/site-packages/airflow/example_dags/example_xcom.py
[2025-08-02T03:03:51.065+0000] {processor.py:830} INFO - Processing file /home/airflow/.local/lib/python3.8/site-packages/airflow/example_dags/example_xcom.py for tasks to queue
[2025-08-02T03:03:51.069+0000] {logging_mixin.py:188} INFO - [2025-08-02T03:03:51.068+0000] {dagbag.py:540} INFO - Filling up the DagBag from /home/airflow/.local/lib/python3.8/site-packages/airflow/example_dags/example_xcom.py
[2025-08-02T03:03:51.082+0000] {processor.py:840} INFO - DAG(s) 'example_xcom' retrieved from /home/airflow/.local/lib/python3.8/site-packages/airflow/example_dags/example_xcom.py
[2025-08-02T03:03:51.115+0000] {logging_mixin.py:188} INFO - [2025-08-02T03:03:51.115+0000] {dag.py:3047} INFO - Sync 1 DAGs
[2025-08-02T03:03:51.146+0000] {logging_mixin.py:188} INFO - [2025-08-02T03:03:51.145+0000] {dag.py:3834} INFO - Setting next_dagrun for example_xcom to 2021-01-01 00:00:00+00:00, run_after=2021-01-01 00:00:00+00:00
[2025-08-02T03:03:51.175+0000] {processor.py:183} INFO - Processing /home/airflow/.local/lib/python3.8/site-packages/airflow/example_dags/example_xcom.py took 0.118 seconds
[2025-08-02T03:04:21.276+0000] {processor.py:161} INFO - Started process (PID=901) to work on /home/airflow/.local/lib/python3.8/site-packages/airflow/example_dags/example_xcom.py
[2025-08-02T03:04:21.278+0000] {processor.py:830} INFO - Processing file /home/airflow/.local/lib/python3.8/site-packages/airflow/example_dags/example_xcom.py for tasks to queue
[2025-08-02T03:04:21.280+0000] {logging_mixin.py:188} INFO - [2025-08-02T03:04:21.280+0000] {dagbag.py:540} INFO - Filling up the DagBag from /home/airflow/.local/lib/python3.8/site-packages/airflow/example_dags/example_xcom.py
[2025-08-02T03:04:21.285+0000] {processor.py:840} INFO - DAG(s) 'example_xcom' retrieved from /home/airflow/.local/lib/python3.8/site-packages/airflow/example_dags/example_xcom.py
[2025-08-02T03:04:21.307+0000] {logging_mixin.py:188} INFO - [2025-08-02T03:04:21.307+0000] {dag.py:3047} INFO - Sync 1 DAGs
[2025-08-02T03:04:21.324+0000] {logging_mixin.py:188} INFO - [2025-08-02T03:04:21.323+0000] {dag.py:3834} INFO - Setting next_dagrun for example_xcom to 2021-01-01 00:00:00+00:00, run_after=2021-01-01 00:00:00+00:00
[2025-08-02T03:04:21.344+0000] {processor.py:183} INFO - Processing /home/airflow/.local/lib/python3.8/site-packages/airflow/example_dags/example_xcom.py took 0.070 seconds
[2025-08-02T03:04:52.053+0000] {processor.py:161} INFO - Started process (PID=958) to work on /home/airflow/.local/lib/python3.8/site-packages/airflow/example_dags/example_xcom.py
[2025-08-02T03:04:52.054+0000] {processor.py:830} INFO - Processing file /home/airflow/.local/lib/python3.8/site-packages/airflow/example_dags/example_xcom.py for tasks to queue
[2025-08-02T03:04:52.056+0000] {logging_mixin.py:188} INFO - [2025-08-02T03:04:52.056+0000] {dagbag.py:540} INFO - Filling up the DagBag from /home/airflow/.local/lib/python3.8/site-packages/airflow/example_dags/example_xcom.py
[2025-08-02T03:04:52.063+0000] {processor.py:840} INFO - DAG(s) 'example_xcom' retrieved from /home/airflow/.local/lib/python3.8/site-packages/airflow/example_dags/example_xcom.py
[2025-08-02T03:04:52.080+0000] {logging_mixin.py:188} INFO - [2025-08-02T03:04:52.080+0000] {dag.py:3047} INFO - Sync 1 DAGs
[2025-08-02T03:04:52.095+0000] {logging_mixin.py:188} INFO - [2025-08-02T03:04:52.095+0000] {dag.py:3834} INFO - Setting next_dagrun for example_xcom to 2021-01-01 00:00:00+00:00, run_after=2021-01-01 00:00:00+00:00
[2025-08-02T03:04:52.111+0000] {processor.py:183} INFO - Processing /home/airflow/.local/lib/python3.8/site-packages/airflow/example_dags/example_xcom.py took 0.067 seconds
[2025-08-02T03:05:22.933+0000] {processor.py:161} INFO - Started process (PID=1014) to work on /home/airflow/.local/lib/python3.8/site-packages/airflow/example_dags/example_xcom.py
[2025-08-02T03:05:22.942+0000] {processor.py:830} INFO - Processing file /home/airflow/.local/lib/python3.8/site-packages/airflow/example_dags/example_xcom.py for tasks to queue
[2025-08-02T03:05:22.953+0000] {logging_mixin.py:188} INFO - [2025-08-02T03:05:22.952+0000] {dagbag.py:540} INFO - Filling up the DagBag from /home/airflow/.local/lib/python3.8/site-packages/airflow/example_dags/example_xcom.py
[2025-08-02T03:05:22.995+0000] {processor.py:840} INFO - DAG(s) 'example_xcom' retrieved from /home/airflow/.local/lib/python3.8/site-packages/airflow/example_dags/example_xcom.py
[2025-08-02T03:05:23.062+0000] {logging_mixin.py:188} INFO - [2025-08-02T03:05:23.062+0000] {dag.py:3047} INFO - Sync 1 DAGs
[2025-08-02T03:05:23.117+0000] {logging_mixin.py:188} INFO - [2025-08-02T03:05:23.117+0000] {dag.py:3834} INFO - Setting next_dagrun for example_xcom to 2021-01-01 00:00:00+00:00, run_after=2021-01-01 00:00:00+00:00
[2025-08-02T03:05:23.132+0000] {processor.py:183} INFO - Processing /home/airflow/.local/lib/python3.8/site-packages/airflow/example_dags/example_xcom.py took 0.204 seconds
[2025-08-02T03:05:54.409+0000] {processor.py:161} INFO - Started process (PID=1070) to work on /home/airflow/.local/lib/python3.8/site-packages/airflow/example_dags/example_xcom.py
[2025-08-02T03:05:54.413+0000] {processor.py:830} INFO - Processing file /home/airflow/.local/lib/python3.8/site-packages/airflow/example_dags/example_xcom.py for tasks to queue
[2025-08-02T03:05:54.433+0000] {logging_mixin.py:188} INFO - [2025-08-02T03:05:54.430+0000] {dagbag.py:540} INFO - Filling up the DagBag from /home/airflow/.local/lib/python3.8/site-packages/airflow/example_dags/example_xcom.py
[2025-08-02T03:05:54.458+0000] {processor.py:840} INFO - DAG(s) 'example_xcom' retrieved from /home/airflow/.local/lib/python3.8/site-packages/airflow/example_dags/example_xcom.py
[2025-08-02T03:05:54.521+0000] {logging_mixin.py:188} INFO - [2025-08-02T03:05:54.520+0000] {dag.py:3047} INFO - Sync 1 DAGs
[2025-08-02T03:05:54.575+0000] {logging_mixin.py:188} INFO - [2025-08-02T03:05:54.574+0000] {dag.py:3834} INFO - Setting next_dagrun for example_xcom to 2021-01-01 00:00:00+00:00, run_after=2021-01-01 00:00:00+00:00
[2025-08-02T03:05:54.602+0000] {processor.py:183} INFO - Processing /home/airflow/.local/lib/python3.8/site-packages/airflow/example_dags/example_xcom.py took 0.205 seconds
[2025-08-02T03:06:25.271+0000] {processor.py:161} INFO - Started process (PID=1124) to work on /home/airflow/.local/lib/python3.8/site-packages/airflow/example_dags/example_xcom.py
[2025-08-02T03:06:25.284+0000] {processor.py:830} INFO - Processing file /home/airflow/.local/lib/python3.8/site-packages/airflow/example_dags/example_xcom.py for tasks to queue
[2025-08-02T03:06:25.294+0000] {logging_mixin.py:188} INFO - [2025-08-02T03:06:25.293+0000] {dagbag.py:540} INFO - Filling up the DagBag from /home/airflow/.local/lib/python3.8/site-packages/airflow/example_dags/example_xcom.py
[2025-08-02T03:06:25.310+0000] {processor.py:840} INFO - DAG(s) 'example_xcom' retrieved from /home/airflow/.local/lib/python3.8/site-packages/airflow/example_dags/example_xcom.py
[2025-08-02T03:06:25.449+0000] {logging_mixin.py:188} INFO - [2025-08-02T03:06:25.448+0000] {dag.py:3047} INFO - Sync 1 DAGs
[2025-08-02T03:06:25.481+0000] {logging_mixin.py:188} INFO - [2025-08-02T03:06:25.481+0000] {dag.py:3834} INFO - Setting next_dagrun for example_xcom to 2021-01-01 00:00:00+00:00, run_after=2021-01-01 00:00:00+00:00
[2025-08-02T03:06:25.523+0000] {processor.py:183} INFO - Processing /home/airflow/.local/lib/python3.8/site-packages/airflow/example_dags/example_xcom.py took 0.259 seconds
[2025-08-02T03:06:56.451+0000] {processor.py:161} INFO - Started process (PID=1180) to work on /home/airflow/.local/lib/python3.8/site-packages/airflow/example_dags/example_xcom.py
[2025-08-02T03:06:56.453+0000] {processor.py:830} INFO - Processing file /home/airflow/.local/lib/python3.8/site-packages/airflow/example_dags/example_xcom.py for tasks to queue
[2025-08-02T03:06:56.455+0000] {logging_mixin.py:188} INFO - [2025-08-02T03:06:56.455+0000] {dagbag.py:540} INFO - Filling up the DagBag from /home/airflow/.local/lib/python3.8/site-packages/airflow/example_dags/example_xcom.py
[2025-08-02T03:06:56.463+0000] {processor.py:840} INFO - DAG(s) 'example_xcom' retrieved from /home/airflow/.local/lib/python3.8/site-packages/airflow/example_dags/example_xcom.py
[2025-08-02T03:06:56.484+0000] {logging_mixin.py:188} INFO - [2025-08-02T03:06:56.484+0000] {dag.py:3047} INFO - Sync 1 DAGs
[2025-08-02T03:06:56.510+0000] {logging_mixin.py:188} INFO - [2025-08-02T03:06:56.510+0000] {dag.py:3834} INFO - Setting next_dagrun for example_xcom to 2021-01-01 00:00:00+00:00, run_after=2021-01-01 00:00:00+00:00
[2025-08-02T03:06:56.541+0000] {processor.py:183} INFO - Processing /home/airflow/.local/lib/python3.8/site-packages/airflow/example_dags/example_xcom.py took 0.095 seconds
[2025-08-02T03:07:27.015+0000] {processor.py:161} INFO - Started process (PID=1236) to work on /home/airflow/.local/lib/python3.8/site-packages/airflow/example_dags/example_xcom.py
[2025-08-02T03:07:27.020+0000] {processor.py:830} INFO - Processing file /home/airflow/.local/lib/python3.8/site-packages/airflow/example_dags/example_xcom.py for tasks to queue
[2025-08-02T03:07:27.040+0000] {logging_mixin.py:188} INFO - [2025-08-02T03:07:27.037+0000] {dagbag.py:540} INFO - Filling up the DagBag from /home/airflow/.local/lib/python3.8/site-packages/airflow/example_dags/example_xcom.py
[2025-08-02T03:07:27.088+0000] {processor.py:840} INFO - DAG(s) 'example_xcom' retrieved from /home/airflow/.local/lib/python3.8/site-packages/airflow/example_dags/example_xcom.py
[2025-08-02T03:07:27.152+0000] {logging_mixin.py:188} INFO - [2025-08-02T03:07:27.152+0000] {dag.py:3047} INFO - Sync 1 DAGs
[2025-08-02T03:07:27.200+0000] {logging_mixin.py:188} INFO - [2025-08-02T03:07:27.200+0000] {dag.py:3834} INFO - Setting next_dagrun for example_xcom to 2021-01-01 00:00:00+00:00, run_after=2021-01-01 00:00:00+00:00
[2025-08-02T03:07:27.223+0000] {processor.py:183} INFO - Processing /home/airflow/.local/lib/python3.8/site-packages/airflow/example_dags/example_xcom.py took 0.222 seconds
[2025-08-02T03:08:58.562+0000] {processor.py:161} INFO - Started process (PID=65) to work on /home/airflow/.local/lib/python3.8/site-packages/airflow/example_dags/example_xcom.py
[2025-08-02T03:08:58.568+0000] {processor.py:830} INFO - Processing file /home/airflow/.local/lib/python3.8/site-packages/airflow/example_dags/example_xcom.py for tasks to queue
[2025-08-02T03:08:58.572+0000] {logging_mixin.py:188} INFO - [2025-08-02T03:08:58.571+0000] {dagbag.py:540} INFO - Filling up the DagBag from /home/airflow/.local/lib/python3.8/site-packages/airflow/example_dags/example_xcom.py
[2025-08-02T03:08:58.588+0000] {processor.py:840} INFO - DAG(s) 'example_xcom' retrieved from /home/airflow/.local/lib/python3.8/site-packages/airflow/example_dags/example_xcom.py
[2025-08-02T03:08:58.780+0000] {logging_mixin.py:188} INFO - [2025-08-02T03:08:58.780+0000] {dag.py:3047} INFO - Sync 1 DAGs
[2025-08-02T03:08:58.826+0000] {logging_mixin.py:188} INFO - [2025-08-02T03:08:58.826+0000] {dag.py:3834} INFO - Setting next_dagrun for example_xcom to 2021-01-01 00:00:00+00:00, run_after=2021-01-01 00:00:00+00:00
[2025-08-02T03:08:58.868+0000] {processor.py:183} INFO - Processing /home/airflow/.local/lib/python3.8/site-packages/airflow/example_dags/example_xcom.py took 0.312 seconds
[2025-08-02T03:09:28.954+0000] {processor.py:161} INFO - Started process (PID=121) to work on /home/airflow/.local/lib/python3.8/site-packages/airflow/example_dags/example_xcom.py
[2025-08-02T03:09:28.956+0000] {processor.py:830} INFO - Processing file /home/airflow/.local/lib/python3.8/site-packages/airflow/example_dags/example_xcom.py for tasks to queue
[2025-08-02T03:09:28.957+0000] {logging_mixin.py:188} INFO - [2025-08-02T03:09:28.957+0000] {dagbag.py:540} INFO - Filling up the DagBag from /home/airflow/.local/lib/python3.8/site-packages/airflow/example_dags/example_xcom.py
[2025-08-02T03:09:28.970+0000] {processor.py:840} INFO - DAG(s) 'example_xcom' retrieved from /home/airflow/.local/lib/python3.8/site-packages/airflow/example_dags/example_xcom.py
[2025-08-02T03:09:28.995+0000] {logging_mixin.py:188} INFO - [2025-08-02T03:09:28.994+0000] {dag.py:3047} INFO - Sync 1 DAGs
[2025-08-02T03:09:29.017+0000] {logging_mixin.py:188} INFO - [2025-08-02T03:09:29.016+0000] {dag.py:3834} INFO - Setting next_dagrun for example_xcom to 2021-01-01 00:00:00+00:00, run_after=2021-01-01 00:00:00+00:00
[2025-08-02T03:09:29.048+0000] {processor.py:183} INFO - Processing /home/airflow/.local/lib/python3.8/site-packages/airflow/example_dags/example_xcom.py took 0.096 seconds
[2025-08-02T03:10:02.147+0000] {processor.py:161} INFO - Started process (PID=182) to work on /home/airflow/.local/lib/python3.8/site-packages/airflow/example_dags/example_xcom.py
[2025-08-02T03:10:02.157+0000] {processor.py:830} INFO - Processing file /home/airflow/.local/lib/python3.8/site-packages/airflow/example_dags/example_xcom.py for tasks to queue
[2025-08-02T03:10:02.180+0000] {logging_mixin.py:188} INFO - [2025-08-02T03:10:02.171+0000] {dagbag.py:540} INFO - Filling up the DagBag from /home/airflow/.local/lib/python3.8/site-packages/airflow/example_dags/example_xcom.py
[2025-08-02T03:10:02.256+0000] {processor.py:840} INFO - DAG(s) 'example_xcom' retrieved from /home/airflow/.local/lib/python3.8/site-packages/airflow/example_dags/example_xcom.py
[2025-08-02T03:10:02.782+0000] {logging_mixin.py:188} INFO - [2025-08-02T03:10:02.757+0000] {dag.py:3047} INFO - Sync 1 DAGs
[2025-08-02T03:10:03.218+0000] {logging_mixin.py:188} INFO - [2025-08-02T03:10:03.208+0000] {dag.py:3834} INFO - Setting next_dagrun for example_xcom to 2021-01-01 00:00:00+00:00, run_after=2021-01-01 00:00:00+00:00
[2025-08-02T03:10:03.659+0000] {processor.py:183} INFO - Processing /home/airflow/.local/lib/python3.8/site-packages/airflow/example_dags/example_xcom.py took 1.527 seconds
[2025-08-02T03:10:34.699+0000] {processor.py:161} INFO - Started process (PID=238) to work on /home/airflow/.local/lib/python3.8/site-packages/airflow/example_dags/example_xcom.py
[2025-08-02T03:10:34.715+0000] {processor.py:830} INFO - Processing file /home/airflow/.local/lib/python3.8/site-packages/airflow/example_dags/example_xcom.py for tasks to queue
[2025-08-02T03:10:34.723+0000] {logging_mixin.py:188} INFO - [2025-08-02T03:10:34.723+0000] {dagbag.py:540} INFO - Filling up the DagBag from /home/airflow/.local/lib/python3.8/site-packages/airflow/example_dags/example_xcom.py
[2025-08-02T03:10:34.741+0000] {processor.py:840} INFO - DAG(s) 'example_xcom' retrieved from /home/airflow/.local/lib/python3.8/site-packages/airflow/example_dags/example_xcom.py
[2025-08-02T03:10:34.816+0000] {logging_mixin.py:188} INFO - [2025-08-02T03:10:34.816+0000] {dag.py:3047} INFO - Sync 1 DAGs
[2025-08-02T03:10:34.907+0000] {logging_mixin.py:188} INFO - [2025-08-02T03:10:34.906+0000] {dag.py:3834} INFO - Setting next_dagrun for example_xcom to 2021-01-01 00:00:00+00:00, run_after=2021-01-01 00:00:00+00:00
[2025-08-02T03:10:34.968+0000] {processor.py:183} INFO - Processing /home/airflow/.local/lib/python3.8/site-packages/airflow/example_dags/example_xcom.py took 0.277 seconds
[2025-08-02T03:11:05.427+0000] {processor.py:161} INFO - Started process (PID=294) to work on /home/airflow/.local/lib/python3.8/site-packages/airflow/example_dags/example_xcom.py
[2025-08-02T03:11:05.432+0000] {processor.py:830} INFO - Processing file /home/airflow/.local/lib/python3.8/site-packages/airflow/example_dags/example_xcom.py for tasks to queue
[2025-08-02T03:11:05.441+0000] {logging_mixin.py:188} INFO - [2025-08-02T03:11:05.439+0000] {dagbag.py:540} INFO - Filling up the DagBag from /home/airflow/.local/lib/python3.8/site-packages/airflow/example_dags/example_xcom.py
[2025-08-02T03:11:05.468+0000] {processor.py:840} INFO - DAG(s) 'example_xcom' retrieved from /home/airflow/.local/lib/python3.8/site-packages/airflow/example_dags/example_xcom.py
[2025-08-02T03:11:05.525+0000] {logging_mixin.py:188} INFO - [2025-08-02T03:11:05.525+0000] {dag.py:3047} INFO - Sync 1 DAGs
[2025-08-02T03:11:05.553+0000] {logging_mixin.py:188} INFO - [2025-08-02T03:11:05.553+0000] {dag.py:3834} INFO - Setting next_dagrun for example_xcom to 2021-01-01 00:00:00+00:00, run_after=2021-01-01 00:00:00+00:00
[2025-08-02T03:11:05.576+0000] {processor.py:183} INFO - Processing /home/airflow/.local/lib/python3.8/site-packages/airflow/example_dags/example_xcom.py took 0.173 seconds
[2025-08-02T03:11:36.080+0000] {processor.py:161} INFO - Started process (PID=350) to work on /home/airflow/.local/lib/python3.8/site-packages/airflow/example_dags/example_xcom.py
[2025-08-02T03:11:36.082+0000] {processor.py:830} INFO - Processing file /home/airflow/.local/lib/python3.8/site-packages/airflow/example_dags/example_xcom.py for tasks to queue
[2025-08-02T03:11:36.087+0000] {logging_mixin.py:188} INFO - [2025-08-02T03:11:36.087+0000] {dagbag.py:540} INFO - Filling up the DagBag from /home/airflow/.local/lib/python3.8/site-packages/airflow/example_dags/example_xcom.py
[2025-08-02T03:11:36.099+0000] {processor.py:840} INFO - DAG(s) 'example_xcom' retrieved from /home/airflow/.local/lib/python3.8/site-packages/airflow/example_dags/example_xcom.py
[2025-08-02T03:11:36.129+0000] {logging_mixin.py:188} INFO - [2025-08-02T03:11:36.129+0000] {dag.py:3047} INFO - Sync 1 DAGs
[2025-08-02T03:11:36.146+0000] {logging_mixin.py:188} INFO - [2025-08-02T03:11:36.146+0000] {dag.py:3834} INFO - Setting next_dagrun for example_xcom to 2021-01-01 00:00:00+00:00, run_after=2021-01-01 00:00:00+00:00
[2025-08-02T03:11:36.174+0000] {processor.py:183} INFO - Processing /home/airflow/.local/lib/python3.8/site-packages/airflow/example_dags/example_xcom.py took 0.100 seconds
[2025-08-02T03:12:06.375+0000] {processor.py:161} INFO - Started process (PID=406) to work on /home/airflow/.local/lib/python3.8/site-packages/airflow/example_dags/example_xcom.py
[2025-08-02T03:12:06.377+0000] {processor.py:830} INFO - Processing file /home/airflow/.local/lib/python3.8/site-packages/airflow/example_dags/example_xcom.py for tasks to queue
[2025-08-02T03:12:06.379+0000] {logging_mixin.py:188} INFO - [2025-08-02T03:12:06.379+0000] {dagbag.py:540} INFO - Filling up the DagBag from /home/airflow/.local/lib/python3.8/site-packages/airflow/example_dags/example_xcom.py
[2025-08-02T03:12:06.392+0000] {processor.py:840} INFO - DAG(s) 'example_xcom' retrieved from /home/airflow/.local/lib/python3.8/site-packages/airflow/example_dags/example_xcom.py
[2025-08-02T03:12:06.416+0000] {logging_mixin.py:188} INFO - [2025-08-02T03:12:06.415+0000] {dag.py:3047} INFO - Sync 1 DAGs
[2025-08-02T03:12:06.458+0000] {logging_mixin.py:188} INFO - [2025-08-02T03:12:06.458+0000] {dag.py:3834} INFO - Setting next_dagrun for example_xcom to 2021-01-01 00:00:00+00:00, run_after=2021-01-01 00:00:00+00:00
[2025-08-02T03:12:06.481+0000] {processor.py:183} INFO - Processing /home/airflow/.local/lib/python3.8/site-packages/airflow/example_dags/example_xcom.py took 0.111 seconds
[2025-08-02T03:12:36.666+0000] {processor.py:161} INFO - Started process (PID=462) to work on /home/airflow/.local/lib/python3.8/site-packages/airflow/example_dags/example_xcom.py
[2025-08-02T03:12:36.669+0000] {processor.py:830} INFO - Processing file /home/airflow/.local/lib/python3.8/site-packages/airflow/example_dags/example_xcom.py for tasks to queue
[2025-08-02T03:12:36.674+0000] {logging_mixin.py:188} INFO - [2025-08-02T03:12:36.673+0000] {dagbag.py:540} INFO - Filling up the DagBag from /home/airflow/.local/lib/python3.8/site-packages/airflow/example_dags/example_xcom.py
[2025-08-02T03:12:36.706+0000] {processor.py:840} INFO - DAG(s) 'example_xcom' retrieved from /home/airflow/.local/lib/python3.8/site-packages/airflow/example_dags/example_xcom.py
[2025-08-02T03:12:36.732+0000] {logging_mixin.py:188} INFO - [2025-08-02T03:12:36.732+0000] {dag.py:3047} INFO - Sync 1 DAGs
[2025-08-02T03:12:36.755+0000] {logging_mixin.py:188} INFO - [2025-08-02T03:12:36.754+0000] {dag.py:3834} INFO - Setting next_dagrun for example_xcom to 2021-01-01 00:00:00+00:00, run_after=2021-01-01 00:00:00+00:00
[2025-08-02T03:12:36.799+0000] {processor.py:183} INFO - Processing /home/airflow/.local/lib/python3.8/site-packages/airflow/example_dags/example_xcom.py took 0.147 seconds
[2025-08-02T03:13:06.933+0000] {processor.py:161} INFO - Started process (PID=518) to work on /home/airflow/.local/lib/python3.8/site-packages/airflow/example_dags/example_xcom.py
[2025-08-02T03:13:06.938+0000] {processor.py:830} INFO - Processing file /home/airflow/.local/lib/python3.8/site-packages/airflow/example_dags/example_xcom.py for tasks to queue
[2025-08-02T03:13:06.940+0000] {logging_mixin.py:188} INFO - [2025-08-02T03:13:06.939+0000] {dagbag.py:540} INFO - Filling up the DagBag from /home/airflow/.local/lib/python3.8/site-packages/airflow/example_dags/example_xcom.py
[2025-08-02T03:13:06.947+0000] {processor.py:840} INFO - DAG(s) 'example_xcom' retrieved from /home/airflow/.local/lib/python3.8/site-packages/airflow/example_dags/example_xcom.py
[2025-08-02T03:13:06.979+0000] {logging_mixin.py:188} INFO - [2025-08-02T03:13:06.978+0000] {dag.py:3047} INFO - Sync 1 DAGs
[2025-08-02T03:13:06.995+0000] {logging_mixin.py:188} INFO - [2025-08-02T03:13:06.995+0000] {dag.py:3834} INFO - Setting next_dagrun for example_xcom to 2021-01-01 00:00:00+00:00, run_after=2021-01-01 00:00:00+00:00
[2025-08-02T03:13:07.010+0000] {processor.py:183} INFO - Processing /home/airflow/.local/lib/python3.8/site-packages/airflow/example_dags/example_xcom.py took 0.083 seconds
[2025-08-02T03:13:37.440+0000] {processor.py:161} INFO - Started process (PID=574) to work on /home/airflow/.local/lib/python3.8/site-packages/airflow/example_dags/example_xcom.py
[2025-08-02T03:13:37.448+0000] {processor.py:830} INFO - Processing file /home/airflow/.local/lib/python3.8/site-packages/airflow/example_dags/example_xcom.py for tasks to queue
[2025-08-02T03:13:37.451+0000] {logging_mixin.py:188} INFO - [2025-08-02T03:13:37.451+0000] {dagbag.py:540} INFO - Filling up the DagBag from /home/airflow/.local/lib/python3.8/site-packages/airflow/example_dags/example_xcom.py
[2025-08-02T03:13:37.469+0000] {processor.py:840} INFO - DAG(s) 'example_xcom' retrieved from /home/airflow/.local/lib/python3.8/site-packages/airflow/example_dags/example_xcom.py
[2025-08-02T03:13:37.524+0000] {logging_mixin.py:188} INFO - [2025-08-02T03:13:37.524+0000] {dag.py:3047} INFO - Sync 1 DAGs
[2025-08-02T03:13:37.583+0000] {logging_mixin.py:188} INFO - [2025-08-02T03:13:37.582+0000] {dag.py:3834} INFO - Setting next_dagrun for example_xcom to 2021-01-01 00:00:00+00:00, run_after=2021-01-01 00:00:00+00:00
[2025-08-02T03:13:37.615+0000] {processor.py:183} INFO - Processing /home/airflow/.local/lib/python3.8/site-packages/airflow/example_dags/example_xcom.py took 0.191 seconds
[2025-08-02T03:14:08.375+0000] {processor.py:161} INFO - Started process (PID=630) to work on /home/airflow/.local/lib/python3.8/site-packages/airflow/example_dags/example_xcom.py
[2025-08-02T03:14:08.386+0000] {processor.py:830} INFO - Processing file /home/airflow/.local/lib/python3.8/site-packages/airflow/example_dags/example_xcom.py for tasks to queue
[2025-08-02T03:14:08.410+0000] {logging_mixin.py:188} INFO - [2025-08-02T03:14:08.409+0000] {dagbag.py:540} INFO - Filling up the DagBag from /home/airflow/.local/lib/python3.8/site-packages/airflow/example_dags/example_xcom.py
[2025-08-02T03:14:08.444+0000] {processor.py:840} INFO - DAG(s) 'example_xcom' retrieved from /home/airflow/.local/lib/python3.8/site-packages/airflow/example_dags/example_xcom.py
[2025-08-02T03:14:08.519+0000] {logging_mixin.py:188} INFO - [2025-08-02T03:14:08.519+0000] {dag.py:3047} INFO - Sync 1 DAGs
[2025-08-02T03:14:08.557+0000] {logging_mixin.py:188} INFO - [2025-08-02T03:14:08.556+0000] {dag.py:3834} INFO - Setting next_dagrun for example_xcom to 2021-01-01 00:00:00+00:00, run_after=2021-01-01 00:00:00+00:00
[2025-08-02T03:14:08.615+0000] {processor.py:183} INFO - Processing /home/airflow/.local/lib/python3.8/site-packages/airflow/example_dags/example_xcom.py took 0.264 seconds
[2025-08-02T03:14:38.730+0000] {processor.py:161} INFO - Started process (PID=686) to work on /home/airflow/.local/lib/python3.8/site-packages/airflow/example_dags/example_xcom.py
[2025-08-02T03:14:38.733+0000] {processor.py:830} INFO - Processing file /home/airflow/.local/lib/python3.8/site-packages/airflow/example_dags/example_xcom.py for tasks to queue
[2025-08-02T03:14:38.738+0000] {logging_mixin.py:188} INFO - [2025-08-02T03:14:38.738+0000] {dagbag.py:540} INFO - Filling up the DagBag from /home/airflow/.local/lib/python3.8/site-packages/airflow/example_dags/example_xcom.py
[2025-08-02T03:14:38.754+0000] {processor.py:840} INFO - DAG(s) 'example_xcom' retrieved from /home/airflow/.local/lib/python3.8/site-packages/airflow/example_dags/example_xcom.py
[2025-08-02T03:14:38.814+0000] {logging_mixin.py:188} INFO - [2025-08-02T03:14:38.814+0000] {dag.py:3047} INFO - Sync 1 DAGs
[2025-08-02T03:14:38.845+0000] {logging_mixin.py:188} INFO - [2025-08-02T03:14:38.845+0000] {dag.py:3834} INFO - Setting next_dagrun for example_xcom to 2021-01-01 00:00:00+00:00, run_after=2021-01-01 00:00:00+00:00
[2025-08-02T03:14:38.876+0000] {processor.py:183} INFO - Processing /home/airflow/.local/lib/python3.8/site-packages/airflow/example_dags/example_xcom.py took 0.163 seconds
