[2025-08-02T01:42:45.930+0000] {processor.py:161} INFO - Started process (PID=106) to work on /home/airflow/.local/lib/python3.8/site-packages/airflow/example_dags/example_kubernetes_executor.py
[2025-08-02T01:42:45.931+0000] {processor.py:830} INFO - Processing file /home/airflow/.local/lib/python3.8/site-packages/airflow/example_dags/example_kubernetes_executor.py for tasks to queue
[2025-08-02T01:42:45.933+0000] {logging_mixin.py:188} INFO - [2025-08-02T01:42:45.932+0000] {dagbag.py:540} INFO - Filling up the DagBag from /home/airflow/.local/lib/python3.8/site-packages/airflow/example_dags/example_kubernetes_executor.py
[2025-08-02T01:42:45.962+0000] {processor.py:840} INFO - DAG(s) 'example_kubernetes_executor' retrieved from /home/airflow/.local/lib/python3.8/site-packages/airflow/example_dags/example_kubernetes_executor.py
[2025-08-02T01:42:46.092+0000] {logging_mixin.py:188} INFO - [2025-08-02T01:42:46.091+0000] {dag.py:3047} INFO - Sync 1 DAGs
[2025-08-02T01:42:46.103+0000] {logging_mixin.py:188} INFO - [2025-08-02T01:42:46.103+0000] {dag.py:3834} INFO - Setting next_dagrun for example_kubernetes_executor to None, run_after=None
[2025-08-02T01:42:46.131+0000] {processor.py:183} INFO - Processing /home/airflow/.local/lib/python3.8/site-packages/airflow/example_dags/example_kubernetes_executor.py took 0.205 seconds
[2025-08-02T01:43:16.701+0000] {processor.py:161} INFO - Started process (PID=162) to work on /home/airflow/.local/lib/python3.8/site-packages/airflow/example_dags/example_kubernetes_executor.py
[2025-08-02T01:43:16.709+0000] {processor.py:830} INFO - Processing file /home/airflow/.local/lib/python3.8/site-packages/airflow/example_dags/example_kubernetes_executor.py for tasks to queue
[2025-08-02T01:43:16.716+0000] {logging_mixin.py:188} INFO - [2025-08-02T01:43:16.714+0000] {dagbag.py:540} INFO - Filling up the DagBag from /home/airflow/.local/lib/python3.8/site-packages/airflow/example_dags/example_kubernetes_executor.py
[2025-08-02T01:43:16.734+0000] {processor.py:840} INFO - DAG(s) 'example_kubernetes_executor' retrieved from /home/airflow/.local/lib/python3.8/site-packages/airflow/example_dags/example_kubernetes_executor.py
[2025-08-02T01:43:16.769+0000] {logging_mixin.py:188} INFO - [2025-08-02T01:43:16.769+0000] {dag.py:3047} INFO - Sync 1 DAGs
[2025-08-02T01:43:16.778+0000] {logging_mixin.py:188} INFO - [2025-08-02T01:43:16.778+0000] {dag.py:3834} INFO - Setting next_dagrun for example_kubernetes_executor to None, run_after=None
[2025-08-02T01:43:16.807+0000] {processor.py:183} INFO - Processing /home/airflow/.local/lib/python3.8/site-packages/airflow/example_dags/example_kubernetes_executor.py took 0.113 seconds
[2025-08-02T01:43:47.037+0000] {processor.py:161} INFO - Started process (PID=218) to work on /home/airflow/.local/lib/python3.8/site-packages/airflow/example_dags/example_kubernetes_executor.py
[2025-08-02T01:43:47.038+0000] {processor.py:830} INFO - Processing file /home/airflow/.local/lib/python3.8/site-packages/airflow/example_dags/example_kubernetes_executor.py for tasks to queue
[2025-08-02T01:43:47.039+0000] {logging_mixin.py:188} INFO - [2025-08-02T01:43:47.039+0000] {dagbag.py:540} INFO - Filling up the DagBag from /home/airflow/.local/lib/python3.8/site-packages/airflow/example_dags/example_kubernetes_executor.py
[2025-08-02T01:43:47.051+0000] {processor.py:840} INFO - DAG(s) 'example_kubernetes_executor' retrieved from /home/airflow/.local/lib/python3.8/site-packages/airflow/example_dags/example_kubernetes_executor.py
[2025-08-02T01:43:47.097+0000] {logging_mixin.py:188} INFO - [2025-08-02T01:43:47.097+0000] {dag.py:3047} INFO - Sync 1 DAGs
[2025-08-02T01:43:47.108+0000] {logging_mixin.py:188} INFO - [2025-08-02T01:43:47.108+0000] {dag.py:3834} INFO - Setting next_dagrun for example_kubernetes_executor to None, run_after=None
[2025-08-02T01:43:47.139+0000] {processor.py:183} INFO - Processing /home/airflow/.local/lib/python3.8/site-packages/airflow/example_dags/example_kubernetes_executor.py took 0.105 seconds
[2025-08-02T01:44:18.252+0000] {processor.py:161} INFO - Started process (PID=274) to work on /home/airflow/.local/lib/python3.8/site-packages/airflow/example_dags/example_kubernetes_executor.py
[2025-08-02T01:44:18.255+0000] {processor.py:830} INFO - Processing file /home/airflow/.local/lib/python3.8/site-packages/airflow/example_dags/example_kubernetes_executor.py for tasks to queue
[2025-08-02T01:44:18.258+0000] {logging_mixin.py:188} INFO - [2025-08-02T01:44:18.257+0000] {dagbag.py:540} INFO - Filling up the DagBag from /home/airflow/.local/lib/python3.8/site-packages/airflow/example_dags/example_kubernetes_executor.py
[2025-08-02T01:44:18.288+0000] {processor.py:840} INFO - DAG(s) 'example_kubernetes_executor' retrieved from /home/airflow/.local/lib/python3.8/site-packages/airflow/example_dags/example_kubernetes_executor.py
[2025-08-02T01:44:18.355+0000] {logging_mixin.py:188} INFO - [2025-08-02T01:44:18.355+0000] {dag.py:3047} INFO - Sync 1 DAGs
[2025-08-02T01:44:18.363+0000] {logging_mixin.py:188} INFO - [2025-08-02T01:44:18.363+0000] {dag.py:3834} INFO - Setting next_dagrun for example_kubernetes_executor to None, run_after=None
[2025-08-02T01:44:18.404+0000] {processor.py:183} INFO - Processing /home/airflow/.local/lib/python3.8/site-packages/airflow/example_dags/example_kubernetes_executor.py took 0.158 seconds
[2025-08-02T01:44:49.033+0000] {processor.py:161} INFO - Started process (PID=330) to work on /home/airflow/.local/lib/python3.8/site-packages/airflow/example_dags/example_kubernetes_executor.py
[2025-08-02T01:44:49.034+0000] {processor.py:830} INFO - Processing file /home/airflow/.local/lib/python3.8/site-packages/airflow/example_dags/example_kubernetes_executor.py for tasks to queue
[2025-08-02T01:44:49.035+0000] {logging_mixin.py:188} INFO - [2025-08-02T01:44:49.035+0000] {dagbag.py:540} INFO - Filling up the DagBag from /home/airflow/.local/lib/python3.8/site-packages/airflow/example_dags/example_kubernetes_executor.py
[2025-08-02T01:44:49.048+0000] {processor.py:840} INFO - DAG(s) 'example_kubernetes_executor' retrieved from /home/airflow/.local/lib/python3.8/site-packages/airflow/example_dags/example_kubernetes_executor.py
[2025-08-02T01:44:49.095+0000] {logging_mixin.py:188} INFO - [2025-08-02T01:44:49.094+0000] {dag.py:3047} INFO - Sync 1 DAGs
[2025-08-02T01:44:49.111+0000] {logging_mixin.py:188} INFO - [2025-08-02T01:44:49.111+0000] {dag.py:3834} INFO - Setting next_dagrun for example_kubernetes_executor to None, run_after=None
[2025-08-02T01:44:49.132+0000] {processor.py:183} INFO - Processing /home/airflow/.local/lib/python3.8/site-packages/airflow/example_dags/example_kubernetes_executor.py took 0.101 seconds
[2025-08-02T01:45:20.079+0000] {processor.py:161} INFO - Started process (PID=386) to work on /home/airflow/.local/lib/python3.8/site-packages/airflow/example_dags/example_kubernetes_executor.py
[2025-08-02T01:45:20.079+0000] {processor.py:830} INFO - Processing file /home/airflow/.local/lib/python3.8/site-packages/airflow/example_dags/example_kubernetes_executor.py for tasks to queue
[2025-08-02T01:45:20.082+0000] {logging_mixin.py:188} INFO - [2025-08-02T01:45:20.081+0000] {dagbag.py:540} INFO - Filling up the DagBag from /home/airflow/.local/lib/python3.8/site-packages/airflow/example_dags/example_kubernetes_executor.py
[2025-08-02T01:45:20.107+0000] {processor.py:840} INFO - DAG(s) 'example_kubernetes_executor' retrieved from /home/airflow/.local/lib/python3.8/site-packages/airflow/example_dags/example_kubernetes_executor.py
[2025-08-02T01:45:20.162+0000] {logging_mixin.py:188} INFO - [2025-08-02T01:45:20.162+0000] {dag.py:3047} INFO - Sync 1 DAGs
[2025-08-02T01:45:20.171+0000] {logging_mixin.py:188} INFO - [2025-08-02T01:45:20.171+0000] {dag.py:3834} INFO - Setting next_dagrun for example_kubernetes_executor to None, run_after=None
[2025-08-02T01:45:20.183+0000] {processor.py:183} INFO - Processing /home/airflow/.local/lib/python3.8/site-packages/airflow/example_dags/example_kubernetes_executor.py took 0.106 seconds
[2025-08-02T01:45:50.575+0000] {processor.py:161} INFO - Started process (PID=442) to work on /home/airflow/.local/lib/python3.8/site-packages/airflow/example_dags/example_kubernetes_executor.py
[2025-08-02T01:45:50.577+0000] {processor.py:830} INFO - Processing file /home/airflow/.local/lib/python3.8/site-packages/airflow/example_dags/example_kubernetes_executor.py for tasks to queue
[2025-08-02T01:45:50.580+0000] {logging_mixin.py:188} INFO - [2025-08-02T01:45:50.580+0000] {dagbag.py:540} INFO - Filling up the DagBag from /home/airflow/.local/lib/python3.8/site-packages/airflow/example_dags/example_kubernetes_executor.py
[2025-08-02T01:45:50.598+0000] {processor.py:840} INFO - DAG(s) 'example_kubernetes_executor' retrieved from /home/airflow/.local/lib/python3.8/site-packages/airflow/example_dags/example_kubernetes_executor.py
[2025-08-02T01:45:50.637+0000] {logging_mixin.py:188} INFO - [2025-08-02T01:45:50.637+0000] {dag.py:3047} INFO - Sync 1 DAGs
[2025-08-02T01:45:50.644+0000] {logging_mixin.py:188} INFO - [2025-08-02T01:45:50.644+0000] {dag.py:3834} INFO - Setting next_dagrun for example_kubernetes_executor to None, run_after=None
[2025-08-02T01:45:50.663+0000] {processor.py:183} INFO - Processing /home/airflow/.local/lib/python3.8/site-packages/airflow/example_dags/example_kubernetes_executor.py took 0.092 seconds
[2025-08-02T01:46:21.415+0000] {processor.py:161} INFO - Started process (PID=499) to work on /home/airflow/.local/lib/python3.8/site-packages/airflow/example_dags/example_kubernetes_executor.py
[2025-08-02T01:46:21.417+0000] {processor.py:830} INFO - Processing file /home/airflow/.local/lib/python3.8/site-packages/airflow/example_dags/example_kubernetes_executor.py for tasks to queue
[2025-08-02T01:46:21.419+0000] {logging_mixin.py:188} INFO - [2025-08-02T01:46:21.419+0000] {dagbag.py:540} INFO - Filling up the DagBag from /home/airflow/.local/lib/python3.8/site-packages/airflow/example_dags/example_kubernetes_executor.py
[2025-08-02T01:46:21.444+0000] {processor.py:840} INFO - DAG(s) 'example_kubernetes_executor' retrieved from /home/airflow/.local/lib/python3.8/site-packages/airflow/example_dags/example_kubernetes_executor.py
[2025-08-02T01:46:21.604+0000] {logging_mixin.py:188} INFO - [2025-08-02T01:46:21.604+0000] {dag.py:3047} INFO - Sync 1 DAGs
[2025-08-02T01:46:21.629+0000] {logging_mixin.py:188} INFO - [2025-08-02T01:46:21.629+0000] {dag.py:3834} INFO - Setting next_dagrun for example_kubernetes_executor to None, run_after=None
[2025-08-02T01:46:21.654+0000] {processor.py:183} INFO - Processing /home/airflow/.local/lib/python3.8/site-packages/airflow/example_dags/example_kubernetes_executor.py took 0.242 seconds
[2025-08-02T01:46:51.807+0000] {processor.py:161} INFO - Started process (PID=556) to work on /home/airflow/.local/lib/python3.8/site-packages/airflow/example_dags/example_kubernetes_executor.py
[2025-08-02T01:46:51.808+0000] {processor.py:830} INFO - Processing file /home/airflow/.local/lib/python3.8/site-packages/airflow/example_dags/example_kubernetes_executor.py for tasks to queue
[2025-08-02T01:46:51.809+0000] {logging_mixin.py:188} INFO - [2025-08-02T01:46:51.809+0000] {dagbag.py:540} INFO - Filling up the DagBag from /home/airflow/.local/lib/python3.8/site-packages/airflow/example_dags/example_kubernetes_executor.py
[2025-08-02T01:46:51.824+0000] {processor.py:840} INFO - DAG(s) 'example_kubernetes_executor' retrieved from /home/airflow/.local/lib/python3.8/site-packages/airflow/example_dags/example_kubernetes_executor.py
[2025-08-02T01:46:51.867+0000] {logging_mixin.py:188} INFO - [2025-08-02T01:46:51.867+0000] {dag.py:3047} INFO - Sync 1 DAGs
[2025-08-02T01:46:51.879+0000] {logging_mixin.py:188} INFO - [2025-08-02T01:46:51.879+0000] {dag.py:3834} INFO - Setting next_dagrun for example_kubernetes_executor to None, run_after=None
[2025-08-02T01:46:51.898+0000] {processor.py:183} INFO - Processing /home/airflow/.local/lib/python3.8/site-packages/airflow/example_dags/example_kubernetes_executor.py took 0.094 seconds
[2025-08-02T01:47:22.369+0000] {processor.py:161} INFO - Started process (PID=612) to work on /home/airflow/.local/lib/python3.8/site-packages/airflow/example_dags/example_kubernetes_executor.py
[2025-08-02T01:47:22.370+0000] {processor.py:830} INFO - Processing file /home/airflow/.local/lib/python3.8/site-packages/airflow/example_dags/example_kubernetes_executor.py for tasks to queue
[2025-08-02T01:47:22.371+0000] {logging_mixin.py:188} INFO - [2025-08-02T01:47:22.371+0000] {dagbag.py:540} INFO - Filling up the DagBag from /home/airflow/.local/lib/python3.8/site-packages/airflow/example_dags/example_kubernetes_executor.py
[2025-08-02T01:47:22.383+0000] {processor.py:840} INFO - DAG(s) 'example_kubernetes_executor' retrieved from /home/airflow/.local/lib/python3.8/site-packages/airflow/example_dags/example_kubernetes_executor.py
[2025-08-02T01:47:22.432+0000] {logging_mixin.py:188} INFO - [2025-08-02T01:47:22.432+0000] {dag.py:3047} INFO - Sync 1 DAGs
[2025-08-02T01:47:22.440+0000] {logging_mixin.py:188} INFO - [2025-08-02T01:47:22.440+0000] {dag.py:3834} INFO - Setting next_dagrun for example_kubernetes_executor to None, run_after=None
[2025-08-02T01:47:22.455+0000] {processor.py:183} INFO - Processing /home/airflow/.local/lib/python3.8/site-packages/airflow/example_dags/example_kubernetes_executor.py took 0.089 seconds
[2025-08-02T01:47:53.345+0000] {processor.py:161} INFO - Started process (PID=668) to work on /home/airflow/.local/lib/python3.8/site-packages/airflow/example_dags/example_kubernetes_executor.py
[2025-08-02T01:47:53.349+0000] {processor.py:830} INFO - Processing file /home/airflow/.local/lib/python3.8/site-packages/airflow/example_dags/example_kubernetes_executor.py for tasks to queue
[2025-08-02T01:47:53.353+0000] {logging_mixin.py:188} INFO - [2025-08-02T01:47:53.353+0000] {dagbag.py:540} INFO - Filling up the DagBag from /home/airflow/.local/lib/python3.8/site-packages/airflow/example_dags/example_kubernetes_executor.py
[2025-08-02T01:47:53.370+0000] {processor.py:840} INFO - DAG(s) 'example_kubernetes_executor' retrieved from /home/airflow/.local/lib/python3.8/site-packages/airflow/example_dags/example_kubernetes_executor.py
[2025-08-02T01:47:53.413+0000] {logging_mixin.py:188} INFO - [2025-08-02T01:47:53.413+0000] {dag.py:3047} INFO - Sync 1 DAGs
[2025-08-02T01:47:53.421+0000] {logging_mixin.py:188} INFO - [2025-08-02T01:47:53.421+0000] {dag.py:3834} INFO - Setting next_dagrun for example_kubernetes_executor to None, run_after=None
[2025-08-02T01:47:53.433+0000] {processor.py:183} INFO - Processing /home/airflow/.local/lib/python3.8/site-packages/airflow/example_dags/example_kubernetes_executor.py took 0.103 seconds
[2025-08-02T01:48:23.980+0000] {processor.py:161} INFO - Started process (PID=724) to work on /home/airflow/.local/lib/python3.8/site-packages/airflow/example_dags/example_kubernetes_executor.py
[2025-08-02T01:48:23.981+0000] {processor.py:830} INFO - Processing file /home/airflow/.local/lib/python3.8/site-packages/airflow/example_dags/example_kubernetes_executor.py for tasks to queue
[2025-08-02T01:48:23.982+0000] {logging_mixin.py:188} INFO - [2025-08-02T01:48:23.982+0000] {dagbag.py:540} INFO - Filling up the DagBag from /home/airflow/.local/lib/python3.8/site-packages/airflow/example_dags/example_kubernetes_executor.py
[2025-08-02T01:48:23.994+0000] {processor.py:840} INFO - DAG(s) 'example_kubernetes_executor' retrieved from /home/airflow/.local/lib/python3.8/site-packages/airflow/example_dags/example_kubernetes_executor.py
[2025-08-02T01:48:24.029+0000] {logging_mixin.py:188} INFO - [2025-08-02T01:48:24.029+0000] {dag.py:3047} INFO - Sync 1 DAGs
[2025-08-02T01:48:24.036+0000] {logging_mixin.py:188} INFO - [2025-08-02T01:48:24.036+0000] {dag.py:3834} INFO - Setting next_dagrun for example_kubernetes_executor to None, run_after=None
[2025-08-02T01:48:24.046+0000] {processor.py:183} INFO - Processing /home/airflow/.local/lib/python3.8/site-packages/airflow/example_dags/example_kubernetes_executor.py took 0.069 seconds
[2025-08-02T01:48:55.221+0000] {processor.py:161} INFO - Started process (PID=780) to work on /home/airflow/.local/lib/python3.8/site-packages/airflow/example_dags/example_kubernetes_executor.py
[2025-08-02T01:48:55.222+0000] {processor.py:830} INFO - Processing file /home/airflow/.local/lib/python3.8/site-packages/airflow/example_dags/example_kubernetes_executor.py for tasks to queue
[2025-08-02T01:48:55.223+0000] {logging_mixin.py:188} INFO - [2025-08-02T01:48:55.223+0000] {dagbag.py:540} INFO - Filling up the DagBag from /home/airflow/.local/lib/python3.8/site-packages/airflow/example_dags/example_kubernetes_executor.py
[2025-08-02T01:48:55.234+0000] {processor.py:840} INFO - DAG(s) 'example_kubernetes_executor' retrieved from /home/airflow/.local/lib/python3.8/site-packages/airflow/example_dags/example_kubernetes_executor.py
[2025-08-02T01:48:55.287+0000] {logging_mixin.py:188} INFO - [2025-08-02T01:48:55.287+0000] {dag.py:3047} INFO - Sync 1 DAGs
[2025-08-02T01:48:55.293+0000] {logging_mixin.py:188} INFO - [2025-08-02T01:48:55.293+0000] {dag.py:3834} INFO - Setting next_dagrun for example_kubernetes_executor to None, run_after=None
[2025-08-02T01:48:55.307+0000] {processor.py:183} INFO - Processing /home/airflow/.local/lib/python3.8/site-packages/airflow/example_dags/example_kubernetes_executor.py took 0.089 seconds
[2025-08-02T01:49:26.073+0000] {processor.py:161} INFO - Started process (PID=836) to work on /home/airflow/.local/lib/python3.8/site-packages/airflow/example_dags/example_kubernetes_executor.py
[2025-08-02T01:49:26.075+0000] {processor.py:830} INFO - Processing file /home/airflow/.local/lib/python3.8/site-packages/airflow/example_dags/example_kubernetes_executor.py for tasks to queue
[2025-08-02T01:49:26.077+0000] {logging_mixin.py:188} INFO - [2025-08-02T01:49:26.076+0000] {dagbag.py:540} INFO - Filling up the DagBag from /home/airflow/.local/lib/python3.8/site-packages/airflow/example_dags/example_kubernetes_executor.py
[2025-08-02T01:49:26.100+0000] {processor.py:840} INFO - DAG(s) 'example_kubernetes_executor' retrieved from /home/airflow/.local/lib/python3.8/site-packages/airflow/example_dags/example_kubernetes_executor.py
[2025-08-02T01:49:26.141+0000] {logging_mixin.py:188} INFO - [2025-08-02T01:49:26.141+0000] {dag.py:3047} INFO - Sync 1 DAGs
[2025-08-02T01:49:26.150+0000] {logging_mixin.py:188} INFO - [2025-08-02T01:49:26.150+0000] {dag.py:3834} INFO - Setting next_dagrun for example_kubernetes_executor to None, run_after=None
[2025-08-02T01:49:26.172+0000] {processor.py:183} INFO - Processing /home/airflow/.local/lib/python3.8/site-packages/airflow/example_dags/example_kubernetes_executor.py took 0.101 seconds
[2025-08-02T01:49:56.954+0000] {processor.py:161} INFO - Started process (PID=892) to work on /home/airflow/.local/lib/python3.8/site-packages/airflow/example_dags/example_kubernetes_executor.py
[2025-08-02T01:49:56.958+0000] {processor.py:830} INFO - Processing file /home/airflow/.local/lib/python3.8/site-packages/airflow/example_dags/example_kubernetes_executor.py for tasks to queue
[2025-08-02T01:49:56.962+0000] {logging_mixin.py:188} INFO - [2025-08-02T01:49:56.961+0000] {dagbag.py:540} INFO - Filling up the DagBag from /home/airflow/.local/lib/python3.8/site-packages/airflow/example_dags/example_kubernetes_executor.py
[2025-08-02T01:49:57.099+0000] {processor.py:840} INFO - DAG(s) 'example_kubernetes_executor' retrieved from /home/airflow/.local/lib/python3.8/site-packages/airflow/example_dags/example_kubernetes_executor.py
[2025-08-02T01:49:57.411+0000] {logging_mixin.py:188} INFO - [2025-08-02T01:49:57.410+0000] {dag.py:3047} INFO - Sync 1 DAGs
[2025-08-02T01:49:57.444+0000] {logging_mixin.py:188} INFO - [2025-08-02T01:49:57.443+0000] {dag.py:3834} INFO - Setting next_dagrun for example_kubernetes_executor to None, run_after=None
[2025-08-02T01:49:57.509+0000] {processor.py:183} INFO - Processing /home/airflow/.local/lib/python3.8/site-packages/airflow/example_dags/example_kubernetes_executor.py took 0.559 seconds
[2025-08-02T01:50:28.616+0000] {processor.py:161} INFO - Started process (PID=948) to work on /home/airflow/.local/lib/python3.8/site-packages/airflow/example_dags/example_kubernetes_executor.py
[2025-08-02T01:50:28.618+0000] {processor.py:830} INFO - Processing file /home/airflow/.local/lib/python3.8/site-packages/airflow/example_dags/example_kubernetes_executor.py for tasks to queue
[2025-08-02T01:50:28.620+0000] {logging_mixin.py:188} INFO - [2025-08-02T01:50:28.620+0000] {dagbag.py:540} INFO - Filling up the DagBag from /home/airflow/.local/lib/python3.8/site-packages/airflow/example_dags/example_kubernetes_executor.py
[2025-08-02T01:50:28.637+0000] {processor.py:840} INFO - DAG(s) 'example_kubernetes_executor' retrieved from /home/airflow/.local/lib/python3.8/site-packages/airflow/example_dags/example_kubernetes_executor.py
[2025-08-02T01:50:28.693+0000] {logging_mixin.py:188} INFO - [2025-08-02T01:50:28.693+0000] {dag.py:3047} INFO - Sync 1 DAGs
[2025-08-02T01:50:28.725+0000] {logging_mixin.py:188} INFO - [2025-08-02T01:50:28.725+0000] {dag.py:3834} INFO - Setting next_dagrun for example_kubernetes_executor to None, run_after=None
[2025-08-02T01:50:28.754+0000] {processor.py:183} INFO - Processing /home/airflow/.local/lib/python3.8/site-packages/airflow/example_dags/example_kubernetes_executor.py took 0.141 seconds
[2025-08-02T01:51:01.909+0000] {processor.py:161} INFO - Started process (PID=1005) to work on /home/airflow/.local/lib/python3.8/site-packages/airflow/example_dags/example_kubernetes_executor.py
[2025-08-02T01:51:01.910+0000] {processor.py:830} INFO - Processing file /home/airflow/.local/lib/python3.8/site-packages/airflow/example_dags/example_kubernetes_executor.py for tasks to queue
[2025-08-02T01:51:01.912+0000] {logging_mixin.py:188} INFO - [2025-08-02T01:51:01.912+0000] {dagbag.py:540} INFO - Filling up the DagBag from /home/airflow/.local/lib/python3.8/site-packages/airflow/example_dags/example_kubernetes_executor.py
[2025-08-02T01:51:01.950+0000] {processor.py:840} INFO - DAG(s) 'example_kubernetes_executor' retrieved from /home/airflow/.local/lib/python3.8/site-packages/airflow/example_dags/example_kubernetes_executor.py
[2025-08-02T01:51:02.094+0000] {logging_mixin.py:188} INFO - [2025-08-02T01:51:02.090+0000] {dag.py:3047} INFO - Sync 1 DAGs
[2025-08-02T01:51:02.238+0000] {logging_mixin.py:188} INFO - [2025-08-02T01:51:02.224+0000] {dag.py:3834} INFO - Setting next_dagrun for example_kubernetes_executor to None, run_after=None
[2025-08-02T01:51:02.684+0000] {processor.py:183} INFO - Processing /home/airflow/.local/lib/python3.8/site-packages/airflow/example_dags/example_kubernetes_executor.py took 0.769 seconds
[2025-08-02T01:51:33.156+0000] {processor.py:161} INFO - Started process (PID=1061) to work on /home/airflow/.local/lib/python3.8/site-packages/airflow/example_dags/example_kubernetes_executor.py
[2025-08-02T01:51:33.159+0000] {processor.py:830} INFO - Processing file /home/airflow/.local/lib/python3.8/site-packages/airflow/example_dags/example_kubernetes_executor.py for tasks to queue
[2025-08-02T01:51:33.166+0000] {logging_mixin.py:188} INFO - [2025-08-02T01:51:33.165+0000] {dagbag.py:540} INFO - Filling up the DagBag from /home/airflow/.local/lib/python3.8/site-packages/airflow/example_dags/example_kubernetes_executor.py
[2025-08-02T01:51:33.213+0000] {processor.py:840} INFO - DAG(s) 'example_kubernetes_executor' retrieved from /home/airflow/.local/lib/python3.8/site-packages/airflow/example_dags/example_kubernetes_executor.py
[2025-08-02T01:51:33.305+0000] {logging_mixin.py:188} INFO - [2025-08-02T01:51:33.305+0000] {dag.py:3047} INFO - Sync 1 DAGs
[2025-08-02T01:51:33.318+0000] {logging_mixin.py:188} INFO - [2025-08-02T01:51:33.317+0000] {dag.py:3834} INFO - Setting next_dagrun for example_kubernetes_executor to None, run_after=None
[2025-08-02T01:51:33.356+0000] {processor.py:183} INFO - Processing /home/airflow/.local/lib/python3.8/site-packages/airflow/example_dags/example_kubernetes_executor.py took 0.210 seconds
[2025-08-02T01:52:03.532+0000] {processor.py:161} INFO - Started process (PID=1117) to work on /home/airflow/.local/lib/python3.8/site-packages/airflow/example_dags/example_kubernetes_executor.py
[2025-08-02T01:52:03.534+0000] {processor.py:830} INFO - Processing file /home/airflow/.local/lib/python3.8/site-packages/airflow/example_dags/example_kubernetes_executor.py for tasks to queue
[2025-08-02T01:52:03.536+0000] {logging_mixin.py:188} INFO - [2025-08-02T01:52:03.536+0000] {dagbag.py:540} INFO - Filling up the DagBag from /home/airflow/.local/lib/python3.8/site-packages/airflow/example_dags/example_kubernetes_executor.py
[2025-08-02T01:52:03.553+0000] {processor.py:840} INFO - DAG(s) 'example_kubernetes_executor' retrieved from /home/airflow/.local/lib/python3.8/site-packages/airflow/example_dags/example_kubernetes_executor.py
[2025-08-02T01:52:03.592+0000] {logging_mixin.py:188} INFO - [2025-08-02T01:52:03.592+0000] {dag.py:3047} INFO - Sync 1 DAGs
[2025-08-02T01:52:03.607+0000] {logging_mixin.py:188} INFO - [2025-08-02T01:52:03.607+0000] {dag.py:3834} INFO - Setting next_dagrun for example_kubernetes_executor to None, run_after=None
[2025-08-02T01:52:03.626+0000] {processor.py:183} INFO - Processing /home/airflow/.local/lib/python3.8/site-packages/airflow/example_dags/example_kubernetes_executor.py took 0.098 seconds
[2025-08-02T01:52:34.482+0000] {processor.py:161} INFO - Started process (PID=1173) to work on /home/airflow/.local/lib/python3.8/site-packages/airflow/example_dags/example_kubernetes_executor.py
[2025-08-02T01:52:34.486+0000] {processor.py:830} INFO - Processing file /home/airflow/.local/lib/python3.8/site-packages/airflow/example_dags/example_kubernetes_executor.py for tasks to queue
[2025-08-02T01:52:34.495+0000] {logging_mixin.py:188} INFO - [2025-08-02T01:52:34.495+0000] {dagbag.py:540} INFO - Filling up the DagBag from /home/airflow/.local/lib/python3.8/site-packages/airflow/example_dags/example_kubernetes_executor.py
[2025-08-02T01:52:34.536+0000] {processor.py:840} INFO - DAG(s) 'example_kubernetes_executor' retrieved from /home/airflow/.local/lib/python3.8/site-packages/airflow/example_dags/example_kubernetes_executor.py
[2025-08-02T01:52:34.601+0000] {logging_mixin.py:188} INFO - [2025-08-02T01:52:34.600+0000] {dag.py:3047} INFO - Sync 1 DAGs
[2025-08-02T01:52:34.613+0000] {logging_mixin.py:188} INFO - [2025-08-02T01:52:34.613+0000] {dag.py:3834} INFO - Setting next_dagrun for example_kubernetes_executor to None, run_after=None
[2025-08-02T01:52:34.639+0000] {processor.py:183} INFO - Processing /home/airflow/.local/lib/python3.8/site-packages/airflow/example_dags/example_kubernetes_executor.py took 0.162 seconds
[2025-08-02T01:53:04.933+0000] {processor.py:161} INFO - Started process (PID=1229) to work on /home/airflow/.local/lib/python3.8/site-packages/airflow/example_dags/example_kubernetes_executor.py
[2025-08-02T01:53:04.934+0000] {processor.py:830} INFO - Processing file /home/airflow/.local/lib/python3.8/site-packages/airflow/example_dags/example_kubernetes_executor.py for tasks to queue
[2025-08-02T01:53:04.936+0000] {logging_mixin.py:188} INFO - [2025-08-02T01:53:04.936+0000] {dagbag.py:540} INFO - Filling up the DagBag from /home/airflow/.local/lib/python3.8/site-packages/airflow/example_dags/example_kubernetes_executor.py
[2025-08-02T01:53:04.967+0000] {processor.py:840} INFO - DAG(s) 'example_kubernetes_executor' retrieved from /home/airflow/.local/lib/python3.8/site-packages/airflow/example_dags/example_kubernetes_executor.py
[2025-08-02T01:53:05.070+0000] {logging_mixin.py:188} INFO - [2025-08-02T01:53:05.070+0000] {dag.py:3047} INFO - Sync 1 DAGs
[2025-08-02T01:53:05.082+0000] {logging_mixin.py:188} INFO - [2025-08-02T01:53:05.082+0000] {dag.py:3834} INFO - Setting next_dagrun for example_kubernetes_executor to None, run_after=None
[2025-08-02T01:53:05.113+0000] {processor.py:183} INFO - Processing /home/airflow/.local/lib/python3.8/site-packages/airflow/example_dags/example_kubernetes_executor.py took 0.187 seconds
[2025-08-02T01:53:35.554+0000] {processor.py:161} INFO - Started process (PID=1285) to work on /home/airflow/.local/lib/python3.8/site-packages/airflow/example_dags/example_kubernetes_executor.py
[2025-08-02T01:53:35.555+0000] {processor.py:830} INFO - Processing file /home/airflow/.local/lib/python3.8/site-packages/airflow/example_dags/example_kubernetes_executor.py for tasks to queue
[2025-08-02T01:53:35.556+0000] {logging_mixin.py:188} INFO - [2025-08-02T01:53:35.556+0000] {dagbag.py:540} INFO - Filling up the DagBag from /home/airflow/.local/lib/python3.8/site-packages/airflow/example_dags/example_kubernetes_executor.py
[2025-08-02T01:53:35.575+0000] {processor.py:840} INFO - DAG(s) 'example_kubernetes_executor' retrieved from /home/airflow/.local/lib/python3.8/site-packages/airflow/example_dags/example_kubernetes_executor.py
[2025-08-02T01:53:35.633+0000] {logging_mixin.py:188} INFO - [2025-08-02T01:53:35.632+0000] {dag.py:3047} INFO - Sync 1 DAGs
[2025-08-02T01:53:35.644+0000] {logging_mixin.py:188} INFO - [2025-08-02T01:53:35.644+0000] {dag.py:3834} INFO - Setting next_dagrun for example_kubernetes_executor to None, run_after=None
[2025-08-02T01:53:35.655+0000] {processor.py:183} INFO - Processing /home/airflow/.local/lib/python3.8/site-packages/airflow/example_dags/example_kubernetes_executor.py took 0.104 seconds
[2025-08-02T01:54:06.298+0000] {processor.py:161} INFO - Started process (PID=1341) to work on /home/airflow/.local/lib/python3.8/site-packages/airflow/example_dags/example_kubernetes_executor.py
[2025-08-02T01:54:06.301+0000] {processor.py:830} INFO - Processing file /home/airflow/.local/lib/python3.8/site-packages/airflow/example_dags/example_kubernetes_executor.py for tasks to queue
[2025-08-02T01:54:06.302+0000] {logging_mixin.py:188} INFO - [2025-08-02T01:54:06.302+0000] {dagbag.py:540} INFO - Filling up the DagBag from /home/airflow/.local/lib/python3.8/site-packages/airflow/example_dags/example_kubernetes_executor.py
[2025-08-02T01:54:06.319+0000] {processor.py:840} INFO - DAG(s) 'example_kubernetes_executor' retrieved from /home/airflow/.local/lib/python3.8/site-packages/airflow/example_dags/example_kubernetes_executor.py
[2025-08-02T01:54:06.376+0000] {logging_mixin.py:188} INFO - [2025-08-02T01:54:06.376+0000] {dag.py:3047} INFO - Sync 1 DAGs
[2025-08-02T01:54:06.389+0000] {logging_mixin.py:188} INFO - [2025-08-02T01:54:06.388+0000] {dag.py:3834} INFO - Setting next_dagrun for example_kubernetes_executor to None, run_after=None
[2025-08-02T01:54:06.413+0000] {processor.py:183} INFO - Processing /home/airflow/.local/lib/python3.8/site-packages/airflow/example_dags/example_kubernetes_executor.py took 0.118 seconds
[2025-08-02T01:54:36.789+0000] {processor.py:161} INFO - Started process (PID=1397) to work on /home/airflow/.local/lib/python3.8/site-packages/airflow/example_dags/example_kubernetes_executor.py
[2025-08-02T01:54:36.791+0000] {processor.py:830} INFO - Processing file /home/airflow/.local/lib/python3.8/site-packages/airflow/example_dags/example_kubernetes_executor.py for tasks to queue
[2025-08-02T01:54:36.793+0000] {logging_mixin.py:188} INFO - [2025-08-02T01:54:36.793+0000] {dagbag.py:540} INFO - Filling up the DagBag from /home/airflow/.local/lib/python3.8/site-packages/airflow/example_dags/example_kubernetes_executor.py
[2025-08-02T01:54:36.807+0000] {processor.py:840} INFO - DAG(s) 'example_kubernetes_executor' retrieved from /home/airflow/.local/lib/python3.8/site-packages/airflow/example_dags/example_kubernetes_executor.py
[2025-08-02T01:54:36.849+0000] {logging_mixin.py:188} INFO - [2025-08-02T01:54:36.848+0000] {dag.py:3047} INFO - Sync 1 DAGs
[2025-08-02T01:54:36.856+0000] {logging_mixin.py:188} INFO - [2025-08-02T01:54:36.856+0000] {dag.py:3834} INFO - Setting next_dagrun for example_kubernetes_executor to None, run_after=None
[2025-08-02T01:54:36.872+0000] {processor.py:183} INFO - Processing /home/airflow/.local/lib/python3.8/site-packages/airflow/example_dags/example_kubernetes_executor.py took 0.092 seconds
[2025-08-02T01:55:07.489+0000] {processor.py:161} INFO - Started process (PID=1453) to work on /home/airflow/.local/lib/python3.8/site-packages/airflow/example_dags/example_kubernetes_executor.py
[2025-08-02T01:55:07.490+0000] {processor.py:830} INFO - Processing file /home/airflow/.local/lib/python3.8/site-packages/airflow/example_dags/example_kubernetes_executor.py for tasks to queue
[2025-08-02T01:55:07.491+0000] {logging_mixin.py:188} INFO - [2025-08-02T01:55:07.491+0000] {dagbag.py:540} INFO - Filling up the DagBag from /home/airflow/.local/lib/python3.8/site-packages/airflow/example_dags/example_kubernetes_executor.py
[2025-08-02T01:55:07.504+0000] {processor.py:840} INFO - DAG(s) 'example_kubernetes_executor' retrieved from /home/airflow/.local/lib/python3.8/site-packages/airflow/example_dags/example_kubernetes_executor.py
[2025-08-02T01:55:07.539+0000] {logging_mixin.py:188} INFO - [2025-08-02T01:55:07.538+0000] {dag.py:3047} INFO - Sync 1 DAGs
[2025-08-02T01:55:07.546+0000] {logging_mixin.py:188} INFO - [2025-08-02T01:55:07.546+0000] {dag.py:3834} INFO - Setting next_dagrun for example_kubernetes_executor to None, run_after=None
[2025-08-02T01:55:07.556+0000] {processor.py:183} INFO - Processing /home/airflow/.local/lib/python3.8/site-packages/airflow/example_dags/example_kubernetes_executor.py took 0.070 seconds
[2025-08-02T01:55:37.726+0000] {processor.py:161} INFO - Started process (PID=1508) to work on /home/airflow/.local/lib/python3.8/site-packages/airflow/example_dags/example_kubernetes_executor.py
[2025-08-02T01:55:37.727+0000] {processor.py:830} INFO - Processing file /home/airflow/.local/lib/python3.8/site-packages/airflow/example_dags/example_kubernetes_executor.py for tasks to queue
[2025-08-02T01:55:37.728+0000] {logging_mixin.py:188} INFO - [2025-08-02T01:55:37.728+0000] {dagbag.py:540} INFO - Filling up the DagBag from /home/airflow/.local/lib/python3.8/site-packages/airflow/example_dags/example_kubernetes_executor.py
[2025-08-02T01:55:37.747+0000] {processor.py:840} INFO - DAG(s) 'example_kubernetes_executor' retrieved from /home/airflow/.local/lib/python3.8/site-packages/airflow/example_dags/example_kubernetes_executor.py
[2025-08-02T01:55:37.795+0000] {logging_mixin.py:188} INFO - [2025-08-02T01:55:37.795+0000] {dag.py:3047} INFO - Sync 1 DAGs
[2025-08-02T01:55:37.807+0000] {logging_mixin.py:188} INFO - [2025-08-02T01:55:37.807+0000] {dag.py:3834} INFO - Setting next_dagrun for example_kubernetes_executor to None, run_after=None
[2025-08-02T01:55:37.826+0000] {processor.py:183} INFO - Processing /home/airflow/.local/lib/python3.8/site-packages/airflow/example_dags/example_kubernetes_executor.py took 0.103 seconds
[2025-08-02T01:56:09.191+0000] {processor.py:161} INFO - Started process (PID=1564) to work on /home/airflow/.local/lib/python3.8/site-packages/airflow/example_dags/example_kubernetes_executor.py
[2025-08-02T01:56:09.193+0000] {processor.py:830} INFO - Processing file /home/airflow/.local/lib/python3.8/site-packages/airflow/example_dags/example_kubernetes_executor.py for tasks to queue
[2025-08-02T01:56:09.196+0000] {logging_mixin.py:188} INFO - [2025-08-02T01:56:09.195+0000] {dagbag.py:540} INFO - Filling up the DagBag from /home/airflow/.local/lib/python3.8/site-packages/airflow/example_dags/example_kubernetes_executor.py
[2025-08-02T01:56:09.211+0000] {processor.py:840} INFO - DAG(s) 'example_kubernetes_executor' retrieved from /home/airflow/.local/lib/python3.8/site-packages/airflow/example_dags/example_kubernetes_executor.py
[2025-08-02T01:56:09.278+0000] {logging_mixin.py:188} INFO - [2025-08-02T01:56:09.278+0000] {dag.py:3047} INFO - Sync 1 DAGs
[2025-08-02T01:56:09.287+0000] {logging_mixin.py:188} INFO - [2025-08-02T01:56:09.287+0000] {dag.py:3834} INFO - Setting next_dagrun for example_kubernetes_executor to None, run_after=None
[2025-08-02T01:56:09.298+0000] {processor.py:183} INFO - Processing /home/airflow/.local/lib/python3.8/site-packages/airflow/example_dags/example_kubernetes_executor.py took 0.121 seconds
[2025-08-02T01:56:39.891+0000] {processor.py:161} INFO - Started process (PID=1619) to work on /home/airflow/.local/lib/python3.8/site-packages/airflow/example_dags/example_kubernetes_executor.py
[2025-08-02T01:56:39.892+0000] {processor.py:830} INFO - Processing file /home/airflow/.local/lib/python3.8/site-packages/airflow/example_dags/example_kubernetes_executor.py for tasks to queue
[2025-08-02T01:56:39.894+0000] {logging_mixin.py:188} INFO - [2025-08-02T01:56:39.893+0000] {dagbag.py:540} INFO - Filling up the DagBag from /home/airflow/.local/lib/python3.8/site-packages/airflow/example_dags/example_kubernetes_executor.py
[2025-08-02T01:56:39.904+0000] {processor.py:840} INFO - DAG(s) 'example_kubernetes_executor' retrieved from /home/airflow/.local/lib/python3.8/site-packages/airflow/example_dags/example_kubernetes_executor.py
[2025-08-02T01:56:39.944+0000] {logging_mixin.py:188} INFO - [2025-08-02T01:56:39.944+0000] {dag.py:3047} INFO - Sync 1 DAGs
[2025-08-02T01:56:39.953+0000] {logging_mixin.py:188} INFO - [2025-08-02T01:56:39.953+0000] {dag.py:3834} INFO - Setting next_dagrun for example_kubernetes_executor to None, run_after=None
[2025-08-02T01:56:39.977+0000] {processor.py:183} INFO - Processing /home/airflow/.local/lib/python3.8/site-packages/airflow/example_dags/example_kubernetes_executor.py took 0.088 seconds
[2025-08-02T01:57:15.495+0000] {processor.py:161} INFO - Started process (PID=1681) to work on /home/airflow/.local/lib/python3.8/site-packages/airflow/example_dags/example_kubernetes_executor.py
[2025-08-02T01:57:15.497+0000] {processor.py:830} INFO - Processing file /home/airflow/.local/lib/python3.8/site-packages/airflow/example_dags/example_kubernetes_executor.py for tasks to queue
[2025-08-02T01:57:15.504+0000] {logging_mixin.py:188} INFO - [2025-08-02T01:57:15.504+0000] {dagbag.py:540} INFO - Filling up the DagBag from /home/airflow/.local/lib/python3.8/site-packages/airflow/example_dags/example_kubernetes_executor.py
[2025-08-02T01:57:15.528+0000] {processor.py:840} INFO - DAG(s) 'example_kubernetes_executor' retrieved from /home/airflow/.local/lib/python3.8/site-packages/airflow/example_dags/example_kubernetes_executor.py
[2025-08-02T01:57:15.593+0000] {logging_mixin.py:188} INFO - [2025-08-02T01:57:15.592+0000] {dag.py:3047} INFO - Sync 1 DAGs
[2025-08-02T01:57:15.608+0000] {logging_mixin.py:188} INFO - [2025-08-02T01:57:15.607+0000] {dag.py:3834} INFO - Setting next_dagrun for example_kubernetes_executor to None, run_after=None
[2025-08-02T01:57:15.633+0000] {processor.py:183} INFO - Processing /home/airflow/.local/lib/python3.8/site-packages/airflow/example_dags/example_kubernetes_executor.py took 0.154 seconds
[2025-08-02T01:57:49.116+0000] {processor.py:161} INFO - Started process (PID=1735) to work on /home/airflow/.local/lib/python3.8/site-packages/airflow/example_dags/example_kubernetes_executor.py
[2025-08-02T01:57:49.118+0000] {processor.py:830} INFO - Processing file /home/airflow/.local/lib/python3.8/site-packages/airflow/example_dags/example_kubernetes_executor.py for tasks to queue
[2025-08-02T01:57:49.119+0000] {logging_mixin.py:188} INFO - [2025-08-02T01:57:49.119+0000] {dagbag.py:540} INFO - Filling up the DagBag from /home/airflow/.local/lib/python3.8/site-packages/airflow/example_dags/example_kubernetes_executor.py
[2025-08-02T01:57:49.144+0000] {processor.py:840} INFO - DAG(s) 'example_kubernetes_executor' retrieved from /home/airflow/.local/lib/python3.8/site-packages/airflow/example_dags/example_kubernetes_executor.py
[2025-08-02T01:57:49.305+0000] {logging_mixin.py:188} INFO - [2025-08-02T01:57:49.304+0000] {dag.py:3047} INFO - Sync 1 DAGs
[2025-08-02T01:57:49.371+0000] {logging_mixin.py:188} INFO - [2025-08-02T01:57:49.369+0000] {dag.py:3834} INFO - Setting next_dagrun for example_kubernetes_executor to None, run_after=None
[2025-08-02T01:57:49.415+0000] {processor.py:183} INFO - Processing /home/airflow/.local/lib/python3.8/site-packages/airflow/example_dags/example_kubernetes_executor.py took 0.302 seconds
[2025-08-02T01:58:21.411+0000] {processor.py:161} INFO - Started process (PID=1790) to work on /home/airflow/.local/lib/python3.8/site-packages/airflow/example_dags/example_kubernetes_executor.py
[2025-08-02T01:58:21.413+0000] {processor.py:830} INFO - Processing file /home/airflow/.local/lib/python3.8/site-packages/airflow/example_dags/example_kubernetes_executor.py for tasks to queue
[2025-08-02T01:58:21.415+0000] {logging_mixin.py:188} INFO - [2025-08-02T01:58:21.414+0000] {dagbag.py:540} INFO - Filling up the DagBag from /home/airflow/.local/lib/python3.8/site-packages/airflow/example_dags/example_kubernetes_executor.py
[2025-08-02T01:58:21.465+0000] {processor.py:840} INFO - DAG(s) 'example_kubernetes_executor' retrieved from /home/airflow/.local/lib/python3.8/site-packages/airflow/example_dags/example_kubernetes_executor.py
[2025-08-02T01:58:21.506+0000] {logging_mixin.py:188} INFO - [2025-08-02T01:58:21.506+0000] {dag.py:3047} INFO - Sync 1 DAGs
[2025-08-02T01:58:21.514+0000] {logging_mixin.py:188} INFO - [2025-08-02T01:58:21.514+0000] {dag.py:3834} INFO - Setting next_dagrun for example_kubernetes_executor to None, run_after=None
[2025-08-02T01:58:21.542+0000] {processor.py:183} INFO - Processing /home/airflow/.local/lib/python3.8/site-packages/airflow/example_dags/example_kubernetes_executor.py took 0.134 seconds
[2025-08-02T01:58:51.743+0000] {processor.py:161} INFO - Started process (PID=1846) to work on /home/airflow/.local/lib/python3.8/site-packages/airflow/example_dags/example_kubernetes_executor.py
[2025-08-02T01:58:51.744+0000] {processor.py:830} INFO - Processing file /home/airflow/.local/lib/python3.8/site-packages/airflow/example_dags/example_kubernetes_executor.py for tasks to queue
[2025-08-02T01:58:51.745+0000] {logging_mixin.py:188} INFO - [2025-08-02T01:58:51.745+0000] {dagbag.py:540} INFO - Filling up the DagBag from /home/airflow/.local/lib/python3.8/site-packages/airflow/example_dags/example_kubernetes_executor.py
[2025-08-02T01:58:51.763+0000] {processor.py:840} INFO - DAG(s) 'example_kubernetes_executor' retrieved from /home/airflow/.local/lib/python3.8/site-packages/airflow/example_dags/example_kubernetes_executor.py
[2025-08-02T01:58:51.800+0000] {logging_mixin.py:188} INFO - [2025-08-02T01:58:51.800+0000] {dag.py:3047} INFO - Sync 1 DAGs
[2025-08-02T01:58:51.808+0000] {logging_mixin.py:188} INFO - [2025-08-02T01:58:51.808+0000] {dag.py:3834} INFO - Setting next_dagrun for example_kubernetes_executor to None, run_after=None
[2025-08-02T01:58:51.818+0000] {processor.py:183} INFO - Processing /home/airflow/.local/lib/python3.8/site-packages/airflow/example_dags/example_kubernetes_executor.py took 0.077 seconds
[2025-08-02T01:59:22.320+0000] {processor.py:161} INFO - Started process (PID=1902) to work on /home/airflow/.local/lib/python3.8/site-packages/airflow/example_dags/example_kubernetes_executor.py
[2025-08-02T01:59:22.322+0000] {processor.py:830} INFO - Processing file /home/airflow/.local/lib/python3.8/site-packages/airflow/example_dags/example_kubernetes_executor.py for tasks to queue
[2025-08-02T01:59:22.323+0000] {logging_mixin.py:188} INFO - [2025-08-02T01:59:22.323+0000] {dagbag.py:540} INFO - Filling up the DagBag from /home/airflow/.local/lib/python3.8/site-packages/airflow/example_dags/example_kubernetes_executor.py
[2025-08-02T01:59:22.335+0000] {processor.py:840} INFO - DAG(s) 'example_kubernetes_executor' retrieved from /home/airflow/.local/lib/python3.8/site-packages/airflow/example_dags/example_kubernetes_executor.py
[2025-08-02T01:59:22.378+0000] {logging_mixin.py:188} INFO - [2025-08-02T01:59:22.378+0000] {dag.py:3047} INFO - Sync 1 DAGs
[2025-08-02T01:59:22.389+0000] {logging_mixin.py:188} INFO - [2025-08-02T01:59:22.388+0000] {dag.py:3834} INFO - Setting next_dagrun for example_kubernetes_executor to None, run_after=None
[2025-08-02T01:59:22.405+0000] {processor.py:183} INFO - Processing /home/airflow/.local/lib/python3.8/site-packages/airflow/example_dags/example_kubernetes_executor.py took 0.088 seconds
[2025-08-02T01:59:52.971+0000] {processor.py:161} INFO - Started process (PID=1958) to work on /home/airflow/.local/lib/python3.8/site-packages/airflow/example_dags/example_kubernetes_executor.py
[2025-08-02T01:59:52.975+0000] {processor.py:830} INFO - Processing file /home/airflow/.local/lib/python3.8/site-packages/airflow/example_dags/example_kubernetes_executor.py for tasks to queue
[2025-08-02T01:59:52.976+0000] {logging_mixin.py:188} INFO - [2025-08-02T01:59:52.976+0000] {dagbag.py:540} INFO - Filling up the DagBag from /home/airflow/.local/lib/python3.8/site-packages/airflow/example_dags/example_kubernetes_executor.py
[2025-08-02T01:59:52.988+0000] {processor.py:840} INFO - DAG(s) 'example_kubernetes_executor' retrieved from /home/airflow/.local/lib/python3.8/site-packages/airflow/example_dags/example_kubernetes_executor.py
[2025-08-02T01:59:53.037+0000] {logging_mixin.py:188} INFO - [2025-08-02T01:59:53.037+0000] {dag.py:3047} INFO - Sync 1 DAGs
[2025-08-02T01:59:53.052+0000] {logging_mixin.py:188} INFO - [2025-08-02T01:59:53.051+0000] {dag.py:3834} INFO - Setting next_dagrun for example_kubernetes_executor to None, run_after=None
[2025-08-02T01:59:53.071+0000] {processor.py:183} INFO - Processing /home/airflow/.local/lib/python3.8/site-packages/airflow/example_dags/example_kubernetes_executor.py took 0.102 seconds
[2025-08-02T02:00:23.946+0000] {processor.py:161} INFO - Started process (PID=2014) to work on /home/airflow/.local/lib/python3.8/site-packages/airflow/example_dags/example_kubernetes_executor.py
[2025-08-02T02:00:23.952+0000] {processor.py:830} INFO - Processing file /home/airflow/.local/lib/python3.8/site-packages/airflow/example_dags/example_kubernetes_executor.py for tasks to queue
[2025-08-02T02:00:23.955+0000] {logging_mixin.py:188} INFO - [2025-08-02T02:00:23.955+0000] {dagbag.py:540} INFO - Filling up the DagBag from /home/airflow/.local/lib/python3.8/site-packages/airflow/example_dags/example_kubernetes_executor.py
[2025-08-02T02:00:23.966+0000] {processor.py:840} INFO - DAG(s) 'example_kubernetes_executor' retrieved from /home/airflow/.local/lib/python3.8/site-packages/airflow/example_dags/example_kubernetes_executor.py
[2025-08-02T02:00:24.005+0000] {logging_mixin.py:188} INFO - [2025-08-02T02:00:24.005+0000] {dag.py:3047} INFO - Sync 1 DAGs
[2025-08-02T02:00:24.016+0000] {logging_mixin.py:188} INFO - [2025-08-02T02:00:24.016+0000] {dag.py:3834} INFO - Setting next_dagrun for example_kubernetes_executor to None, run_after=None
[2025-08-02T02:00:24.030+0000] {processor.py:183} INFO - Processing /home/airflow/.local/lib/python3.8/site-packages/airflow/example_dags/example_kubernetes_executor.py took 0.086 seconds
[2025-08-02T02:01:11.184+0000] {processor.py:161} INFO - Started process (PID=2070) to work on /home/airflow/.local/lib/python3.8/site-packages/airflow/example_dags/example_kubernetes_executor.py
[2025-08-02T02:01:11.189+0000] {processor.py:830} INFO - Processing file /home/airflow/.local/lib/python3.8/site-packages/airflow/example_dags/example_kubernetes_executor.py for tasks to queue
[2025-08-02T02:01:11.202+0000] {logging_mixin.py:188} INFO - [2025-08-02T02:01:11.200+0000] {dagbag.py:540} INFO - Filling up the DagBag from /home/airflow/.local/lib/python3.8/site-packages/airflow/example_dags/example_kubernetes_executor.py
[2025-08-02T02:01:11.280+0000] {processor.py:840} INFO - DAG(s) 'example_kubernetes_executor' retrieved from /home/airflow/.local/lib/python3.8/site-packages/airflow/example_dags/example_kubernetes_executor.py
[2025-08-02T02:01:11.607+0000] {logging_mixin.py:188} INFO - [2025-08-02T02:01:11.606+0000] {dag.py:3047} INFO - Sync 1 DAGs
[2025-08-02T02:01:11.667+0000] {logging_mixin.py:188} INFO - [2025-08-02T02:01:11.666+0000] {dag.py:3834} INFO - Setting next_dagrun for example_kubernetes_executor to None, run_after=None
[2025-08-02T02:01:11.784+0000] {processor.py:183} INFO - Processing /home/airflow/.local/lib/python3.8/site-packages/airflow/example_dags/example_kubernetes_executor.py took 0.607 seconds
[2025-08-02T02:02:41.254+0000] {processor.py:161} INFO - Started process (PID=2170) to work on /home/airflow/.local/lib/python3.8/site-packages/airflow/example_dags/example_kubernetes_executor.py
[2025-08-02T02:02:41.256+0000] {processor.py:830} INFO - Processing file /home/airflow/.local/lib/python3.8/site-packages/airflow/example_dags/example_kubernetes_executor.py for tasks to queue
[2025-08-02T02:02:41.260+0000] {logging_mixin.py:188} INFO - [2025-08-02T02:02:41.259+0000] {dagbag.py:540} INFO - Filling up the DagBag from /home/airflow/.local/lib/python3.8/site-packages/airflow/example_dags/example_kubernetes_executor.py
[2025-08-02T02:02:41.361+0000] {processor.py:840} INFO - DAG(s) 'example_kubernetes_executor' retrieved from /home/airflow/.local/lib/python3.8/site-packages/airflow/example_dags/example_kubernetes_executor.py
[2025-08-02T02:02:41.436+0000] {logging_mixin.py:188} INFO - [2025-08-02T02:02:41.435+0000] {dag.py:3047} INFO - Sync 1 DAGs
[2025-08-02T02:02:41.450+0000] {logging_mixin.py:188} INFO - [2025-08-02T02:02:41.450+0000] {dag.py:3834} INFO - Setting next_dagrun for example_kubernetes_executor to None, run_after=None
[2025-08-02T02:02:41.494+0000] {processor.py:183} INFO - Processing /home/airflow/.local/lib/python3.8/site-packages/airflow/example_dags/example_kubernetes_executor.py took 0.245 seconds
[2025-08-02T02:03:20.659+0000] {processor.py:161} INFO - Started process (PID=2228) to work on /home/airflow/.local/lib/python3.8/site-packages/airflow/example_dags/example_kubernetes_executor.py
[2025-08-02T02:03:20.681+0000] {processor.py:830} INFO - Processing file /home/airflow/.local/lib/python3.8/site-packages/airflow/example_dags/example_kubernetes_executor.py for tasks to queue
[2025-08-02T02:03:20.695+0000] {logging_mixin.py:188} INFO - [2025-08-02T02:03:20.693+0000] {dagbag.py:540} INFO - Filling up the DagBag from /home/airflow/.local/lib/python3.8/site-packages/airflow/example_dags/example_kubernetes_executor.py
[2025-08-02T02:03:20.811+0000] {processor.py:840} INFO - DAG(s) 'example_kubernetes_executor' retrieved from /home/airflow/.local/lib/python3.8/site-packages/airflow/example_dags/example_kubernetes_executor.py
[2025-08-02T02:03:21.164+0000] {logging_mixin.py:188} INFO - [2025-08-02T02:03:21.143+0000] {dag.py:3047} INFO - Sync 1 DAGs
[2025-08-02T02:03:21.261+0000] {logging_mixin.py:188} INFO - [2025-08-02T02:03:21.261+0000] {dag.py:3834} INFO - Setting next_dagrun for example_kubernetes_executor to None, run_after=None
[2025-08-02T02:03:21.387+0000] {processor.py:183} INFO - Processing /home/airflow/.local/lib/python3.8/site-packages/airflow/example_dags/example_kubernetes_executor.py took 0.753 seconds
[2025-08-02T02:03:53.980+0000] {processor.py:161} INFO - Started process (PID=2284) to work on /home/airflow/.local/lib/python3.8/site-packages/airflow/example_dags/example_kubernetes_executor.py
[2025-08-02T02:03:53.982+0000] {processor.py:830} INFO - Processing file /home/airflow/.local/lib/python3.8/site-packages/airflow/example_dags/example_kubernetes_executor.py for tasks to queue
[2025-08-02T02:03:53.985+0000] {logging_mixin.py:188} INFO - [2025-08-02T02:03:53.984+0000] {dagbag.py:540} INFO - Filling up the DagBag from /home/airflow/.local/lib/python3.8/site-packages/airflow/example_dags/example_kubernetes_executor.py
[2025-08-02T02:03:54.043+0000] {processor.py:840} INFO - DAG(s) 'example_kubernetes_executor' retrieved from /home/airflow/.local/lib/python3.8/site-packages/airflow/example_dags/example_kubernetes_executor.py
[2025-08-02T02:03:54.254+0000] {logging_mixin.py:188} INFO - [2025-08-02T02:03:54.253+0000] {dag.py:3047} INFO - Sync 1 DAGs
[2025-08-02T02:03:54.274+0000] {logging_mixin.py:188} INFO - [2025-08-02T02:03:54.274+0000] {dag.py:3834} INFO - Setting next_dagrun for example_kubernetes_executor to None, run_after=None
[2025-08-02T02:03:54.318+0000] {processor.py:183} INFO - Processing /home/airflow/.local/lib/python3.8/site-packages/airflow/example_dags/example_kubernetes_executor.py took 0.342 seconds
[2025-08-02T02:04:25.397+0000] {processor.py:161} INFO - Started process (PID=2340) to work on /home/airflow/.local/lib/python3.8/site-packages/airflow/example_dags/example_kubernetes_executor.py
[2025-08-02T02:04:25.460+0000] {processor.py:830} INFO - Processing file /home/airflow/.local/lib/python3.8/site-packages/airflow/example_dags/example_kubernetes_executor.py for tasks to queue
[2025-08-02T02:04:25.492+0000] {logging_mixin.py:188} INFO - [2025-08-02T02:04:25.489+0000] {dagbag.py:540} INFO - Filling up the DagBag from /home/airflow/.local/lib/python3.8/site-packages/airflow/example_dags/example_kubernetes_executor.py
[2025-08-02T02:04:25.899+0000] {processor.py:840} INFO - DAG(s) 'example_kubernetes_executor' retrieved from /home/airflow/.local/lib/python3.8/site-packages/airflow/example_dags/example_kubernetes_executor.py
[2025-08-02T02:04:26.555+0000] {logging_mixin.py:188} INFO - [2025-08-02T02:04:26.552+0000] {dag.py:3047} INFO - Sync 1 DAGs
[2025-08-02T02:04:26.635+0000] {logging_mixin.py:188} INFO - [2025-08-02T02:04:26.634+0000] {dag.py:3834} INFO - Setting next_dagrun for example_kubernetes_executor to None, run_after=None
[2025-08-02T02:04:26.724+0000] {processor.py:183} INFO - Processing /home/airflow/.local/lib/python3.8/site-packages/airflow/example_dags/example_kubernetes_executor.py took 1.420 seconds
[2025-08-02T02:05:04.712+0000] {processor.py:161} INFO - Started process (PID=2402) to work on /home/airflow/.local/lib/python3.8/site-packages/airflow/example_dags/example_kubernetes_executor.py
[2025-08-02T02:05:04.716+0000] {processor.py:830} INFO - Processing file /home/airflow/.local/lib/python3.8/site-packages/airflow/example_dags/example_kubernetes_executor.py for tasks to queue
[2025-08-02T02:05:04.725+0000] {logging_mixin.py:188} INFO - [2025-08-02T02:05:04.723+0000] {dagbag.py:540} INFO - Filling up the DagBag from /home/airflow/.local/lib/python3.8/site-packages/airflow/example_dags/example_kubernetes_executor.py
[2025-08-02T02:05:05.049+0000] {processor.py:840} INFO - DAG(s) 'example_kubernetes_executor' retrieved from /home/airflow/.local/lib/python3.8/site-packages/airflow/example_dags/example_kubernetes_executor.py
[2025-08-02T02:05:06.376+0000] {logging_mixin.py:188} INFO - [2025-08-02T02:05:06.180+0000] {dag.py:3047} INFO - Sync 1 DAGs
[2025-08-02T02:05:07.143+0000] {logging_mixin.py:188} INFO - [2025-08-02T02:05:07.139+0000] {dag.py:3834} INFO - Setting next_dagrun for example_kubernetes_executor to None, run_after=None
[2025-08-02T02:05:07.746+0000] {processor.py:183} INFO - Processing /home/airflow/.local/lib/python3.8/site-packages/airflow/example_dags/example_kubernetes_executor.py took 3.069 seconds
[2025-08-02T02:08:34.325+0000] {processor.py:161} INFO - Started process (PID=2463) to work on /home/airflow/.local/lib/python3.8/site-packages/airflow/example_dags/example_kubernetes_executor.py
[2025-08-02T02:08:34.338+0000] {processor.py:830} INFO - Processing file /home/airflow/.local/lib/python3.8/site-packages/airflow/example_dags/example_kubernetes_executor.py for tasks to queue
[2025-08-02T02:08:34.348+0000] {logging_mixin.py:188} INFO - [2025-08-02T02:08:34.344+0000] {dagbag.py:540} INFO - Filling up the DagBag from /home/airflow/.local/lib/python3.8/site-packages/airflow/example_dags/example_kubernetes_executor.py
[2025-08-02T02:08:34.681+0000] {processor.py:840} INFO - DAG(s) 'example_kubernetes_executor' retrieved from /home/airflow/.local/lib/python3.8/site-packages/airflow/example_dags/example_kubernetes_executor.py
[2025-08-02T02:08:36.108+0000] {logging_mixin.py:188} INFO - [2025-08-02T02:08:36.105+0000] {dag.py:3047} INFO - Sync 1 DAGs
[2025-08-02T02:08:36.212+0000] {logging_mixin.py:188} INFO - [2025-08-02T02:08:36.212+0000] {dag.py:3834} INFO - Setting next_dagrun for example_kubernetes_executor to None, run_after=None
[2025-08-02T02:08:36.443+0000] {processor.py:183} INFO - Processing /home/airflow/.local/lib/python3.8/site-packages/airflow/example_dags/example_kubernetes_executor.py took 2.139 seconds
[2025-08-02T02:09:12.078+0000] {processor.py:161} INFO - Started process (PID=2521) to work on /home/airflow/.local/lib/python3.8/site-packages/airflow/example_dags/example_kubernetes_executor.py
[2025-08-02T02:09:12.086+0000] {processor.py:830} INFO - Processing file /home/airflow/.local/lib/python3.8/site-packages/airflow/example_dags/example_kubernetes_executor.py for tasks to queue
[2025-08-02T02:09:12.093+0000] {logging_mixin.py:188} INFO - [2025-08-02T02:09:12.092+0000] {dagbag.py:540} INFO - Filling up the DagBag from /home/airflow/.local/lib/python3.8/site-packages/airflow/example_dags/example_kubernetes_executor.py
[2025-08-02T02:09:12.212+0000] {processor.py:840} INFO - DAG(s) 'example_kubernetes_executor' retrieved from /home/airflow/.local/lib/python3.8/site-packages/airflow/example_dags/example_kubernetes_executor.py
[2025-08-02T02:09:12.537+0000] {logging_mixin.py:188} INFO - [2025-08-02T02:09:12.536+0000] {dag.py:3047} INFO - Sync 1 DAGs
[2025-08-02T02:09:12.596+0000] {logging_mixin.py:188} INFO - [2025-08-02T02:09:12.594+0000] {dag.py:3834} INFO - Setting next_dagrun for example_kubernetes_executor to None, run_after=None
[2025-08-02T02:09:12.842+0000] {processor.py:183} INFO - Processing /home/airflow/.local/lib/python3.8/site-packages/airflow/example_dags/example_kubernetes_executor.py took 0.782 seconds
[2025-08-02T02:09:54.026+0000] {processor.py:161} INFO - Started process (PID=2588) to work on /home/airflow/.local/lib/python3.8/site-packages/airflow/example_dags/example_kubernetes_executor.py
[2025-08-02T02:09:54.043+0000] {processor.py:830} INFO - Processing file /home/airflow/.local/lib/python3.8/site-packages/airflow/example_dags/example_kubernetes_executor.py for tasks to queue
[2025-08-02T02:09:54.066+0000] {logging_mixin.py:188} INFO - [2025-08-02T02:09:54.050+0000] {dagbag.py:540} INFO - Filling up the DagBag from /home/airflow/.local/lib/python3.8/site-packages/airflow/example_dags/example_kubernetes_executor.py
[2025-08-02T02:09:54.153+0000] {processor.py:840} INFO - DAG(s) 'example_kubernetes_executor' retrieved from /home/airflow/.local/lib/python3.8/site-packages/airflow/example_dags/example_kubernetes_executor.py
[2025-08-02T02:09:54.286+0000] {logging_mixin.py:188} INFO - [2025-08-02T02:09:54.285+0000] {dag.py:3047} INFO - Sync 1 DAGs
[2025-08-02T02:09:54.344+0000] {logging_mixin.py:188} INFO - [2025-08-02T02:09:54.343+0000] {dag.py:3834} INFO - Setting next_dagrun for example_kubernetes_executor to None, run_after=None
[2025-08-02T02:09:54.486+0000] {processor.py:183} INFO - Processing /home/airflow/.local/lib/python3.8/site-packages/airflow/example_dags/example_kubernetes_executor.py took 0.474 seconds
[2025-08-02T02:10:37.092+0000] {processor.py:161} INFO - Started process (PID=2652) to work on /home/airflow/.local/lib/python3.8/site-packages/airflow/example_dags/example_kubernetes_executor.py
[2025-08-02T02:10:37.095+0000] {processor.py:830} INFO - Processing file /home/airflow/.local/lib/python3.8/site-packages/airflow/example_dags/example_kubernetes_executor.py for tasks to queue
[2025-08-02T02:10:37.100+0000] {logging_mixin.py:188} INFO - [2025-08-02T02:10:37.098+0000] {dagbag.py:540} INFO - Filling up the DagBag from /home/airflow/.local/lib/python3.8/site-packages/airflow/example_dags/example_kubernetes_executor.py
[2025-08-02T02:10:37.211+0000] {processor.py:840} INFO - DAG(s) 'example_kubernetes_executor' retrieved from /home/airflow/.local/lib/python3.8/site-packages/airflow/example_dags/example_kubernetes_executor.py
[2025-08-02T02:10:37.507+0000] {logging_mixin.py:188} INFO - [2025-08-02T02:10:37.501+0000] {dag.py:3047} INFO - Sync 1 DAGs
[2025-08-02T02:10:37.566+0000] {logging_mixin.py:188} INFO - [2025-08-02T02:10:37.565+0000] {dag.py:3834} INFO - Setting next_dagrun for example_kubernetes_executor to None, run_after=None
[2025-08-02T02:10:37.611+0000] {processor.py:183} INFO - Processing /home/airflow/.local/lib/python3.8/site-packages/airflow/example_dags/example_kubernetes_executor.py took 0.524 seconds
[2025-08-02T02:11:11.516+0000] {processor.py:161} INFO - Started process (PID=2712) to work on /home/airflow/.local/lib/python3.8/site-packages/airflow/example_dags/example_kubernetes_executor.py
[2025-08-02T02:11:11.520+0000] {processor.py:830} INFO - Processing file /home/airflow/.local/lib/python3.8/site-packages/airflow/example_dags/example_kubernetes_executor.py for tasks to queue
[2025-08-02T02:11:11.526+0000] {logging_mixin.py:188} INFO - [2025-08-02T02:11:11.525+0000] {dagbag.py:540} INFO - Filling up the DagBag from /home/airflow/.local/lib/python3.8/site-packages/airflow/example_dags/example_kubernetes_executor.py
[2025-08-02T02:11:11.599+0000] {processor.py:840} INFO - DAG(s) 'example_kubernetes_executor' retrieved from /home/airflow/.local/lib/python3.8/site-packages/airflow/example_dags/example_kubernetes_executor.py
[2025-08-02T02:11:12.025+0000] {logging_mixin.py:188} INFO - [2025-08-02T02:11:12.016+0000] {dag.py:3047} INFO - Sync 1 DAGs
[2025-08-02T02:11:12.133+0000] {logging_mixin.py:188} INFO - [2025-08-02T02:11:12.127+0000] {dag.py:3834} INFO - Setting next_dagrun for example_kubernetes_executor to None, run_after=None
[2025-08-02T02:11:12.300+0000] {processor.py:183} INFO - Processing /home/airflow/.local/lib/python3.8/site-packages/airflow/example_dags/example_kubernetes_executor.py took 0.789 seconds
[2025-08-02T02:11:43.674+0000] {processor.py:161} INFO - Started process (PID=2768) to work on /home/airflow/.local/lib/python3.8/site-packages/airflow/example_dags/example_kubernetes_executor.py
[2025-08-02T02:11:43.680+0000] {processor.py:830} INFO - Processing file /home/airflow/.local/lib/python3.8/site-packages/airflow/example_dags/example_kubernetes_executor.py for tasks to queue
[2025-08-02T02:11:43.687+0000] {logging_mixin.py:188} INFO - [2025-08-02T02:11:43.684+0000] {dagbag.py:540} INFO - Filling up the DagBag from /home/airflow/.local/lib/python3.8/site-packages/airflow/example_dags/example_kubernetes_executor.py
[2025-08-02T02:11:43.722+0000] {processor.py:840} INFO - DAG(s) 'example_kubernetes_executor' retrieved from /home/airflow/.local/lib/python3.8/site-packages/airflow/example_dags/example_kubernetes_executor.py
[2025-08-02T02:11:43.786+0000] {logging_mixin.py:188} INFO - [2025-08-02T02:11:43.785+0000] {dag.py:3047} INFO - Sync 1 DAGs
[2025-08-02T02:11:43.819+0000] {logging_mixin.py:188} INFO - [2025-08-02T02:11:43.819+0000] {dag.py:3834} INFO - Setting next_dagrun for example_kubernetes_executor to None, run_after=None
[2025-08-02T02:11:43.873+0000] {processor.py:183} INFO - Processing /home/airflow/.local/lib/python3.8/site-packages/airflow/example_dags/example_kubernetes_executor.py took 0.208 seconds
[2025-08-02T02:12:26.261+0000] {processor.py:161} INFO - Started process (PID=2825) to work on /home/airflow/.local/lib/python3.8/site-packages/airflow/example_dags/example_kubernetes_executor.py
[2025-08-02T02:12:26.266+0000] {processor.py:830} INFO - Processing file /home/airflow/.local/lib/python3.8/site-packages/airflow/example_dags/example_kubernetes_executor.py for tasks to queue
[2025-08-02T02:12:26.268+0000] {logging_mixin.py:188} INFO - [2025-08-02T02:12:26.267+0000] {dagbag.py:540} INFO - Filling up the DagBag from /home/airflow/.local/lib/python3.8/site-packages/airflow/example_dags/example_kubernetes_executor.py
[2025-08-02T02:12:26.349+0000] {processor.py:840} INFO - DAG(s) 'example_kubernetes_executor' retrieved from /home/airflow/.local/lib/python3.8/site-packages/airflow/example_dags/example_kubernetes_executor.py
[2025-08-02T02:12:26.495+0000] {logging_mixin.py:188} INFO - [2025-08-02T02:12:26.495+0000] {dag.py:3047} INFO - Sync 1 DAGs
[2025-08-02T02:12:26.534+0000] {logging_mixin.py:188} INFO - [2025-08-02T02:12:26.533+0000] {dag.py:3834} INFO - Setting next_dagrun for example_kubernetes_executor to None, run_after=None
[2025-08-02T02:12:26.584+0000] {processor.py:183} INFO - Processing /home/airflow/.local/lib/python3.8/site-packages/airflow/example_dags/example_kubernetes_executor.py took 0.332 seconds
[2025-08-02T02:12:56.824+0000] {processor.py:161} INFO - Started process (PID=2879) to work on /home/airflow/.local/lib/python3.8/site-packages/airflow/example_dags/example_kubernetes_executor.py
[2025-08-02T02:12:56.826+0000] {processor.py:830} INFO - Processing file /home/airflow/.local/lib/python3.8/site-packages/airflow/example_dags/example_kubernetes_executor.py for tasks to queue
[2025-08-02T02:12:56.828+0000] {logging_mixin.py:188} INFO - [2025-08-02T02:12:56.828+0000] {dagbag.py:540} INFO - Filling up the DagBag from /home/airflow/.local/lib/python3.8/site-packages/airflow/example_dags/example_kubernetes_executor.py
[2025-08-02T02:12:56.898+0000] {processor.py:840} INFO - DAG(s) 'example_kubernetes_executor' retrieved from /home/airflow/.local/lib/python3.8/site-packages/airflow/example_dags/example_kubernetes_executor.py
[2025-08-02T02:12:57.092+0000] {logging_mixin.py:188} INFO - [2025-08-02T02:12:57.092+0000] {dag.py:3047} INFO - Sync 1 DAGs
[2025-08-02T02:12:57.108+0000] {logging_mixin.py:188} INFO - [2025-08-02T02:12:57.107+0000] {dag.py:3834} INFO - Setting next_dagrun for example_kubernetes_executor to None, run_after=None
[2025-08-02T02:12:57.165+0000] {processor.py:183} INFO - Processing /home/airflow/.local/lib/python3.8/site-packages/airflow/example_dags/example_kubernetes_executor.py took 0.346 seconds
[2025-08-02T02:13:27.662+0000] {processor.py:161} INFO - Started process (PID=2936) to work on /home/airflow/.local/lib/python3.8/site-packages/airflow/example_dags/example_kubernetes_executor.py
[2025-08-02T02:13:27.665+0000] {processor.py:830} INFO - Processing file /home/airflow/.local/lib/python3.8/site-packages/airflow/example_dags/example_kubernetes_executor.py for tasks to queue
[2025-08-02T02:13:27.667+0000] {logging_mixin.py:188} INFO - [2025-08-02T02:13:27.666+0000] {dagbag.py:540} INFO - Filling up the DagBag from /home/airflow/.local/lib/python3.8/site-packages/airflow/example_dags/example_kubernetes_executor.py
[2025-08-02T02:13:27.708+0000] {processor.py:840} INFO - DAG(s) 'example_kubernetes_executor' retrieved from /home/airflow/.local/lib/python3.8/site-packages/airflow/example_dags/example_kubernetes_executor.py
[2025-08-02T02:13:27.948+0000] {logging_mixin.py:188} INFO - [2025-08-02T02:13:27.947+0000] {dag.py:3047} INFO - Sync 1 DAGs
[2025-08-02T02:13:28.081+0000] {logging_mixin.py:188} INFO - [2025-08-02T02:13:28.080+0000] {dag.py:3834} INFO - Setting next_dagrun for example_kubernetes_executor to None, run_after=None
[2025-08-02T02:13:28.270+0000] {processor.py:183} INFO - Processing /home/airflow/.local/lib/python3.8/site-packages/airflow/example_dags/example_kubernetes_executor.py took 0.623 seconds
[2025-08-02T02:13:58.515+0000] {processor.py:161} INFO - Started process (PID=2992) to work on /home/airflow/.local/lib/python3.8/site-packages/airflow/example_dags/example_kubernetes_executor.py
[2025-08-02T02:13:58.519+0000] {processor.py:830} INFO - Processing file /home/airflow/.local/lib/python3.8/site-packages/airflow/example_dags/example_kubernetes_executor.py for tasks to queue
[2025-08-02T02:13:58.522+0000] {logging_mixin.py:188} INFO - [2025-08-02T02:13:58.522+0000] {dagbag.py:540} INFO - Filling up the DagBag from /home/airflow/.local/lib/python3.8/site-packages/airflow/example_dags/example_kubernetes_executor.py
[2025-08-02T02:13:58.564+0000] {processor.py:840} INFO - DAG(s) 'example_kubernetes_executor' retrieved from /home/airflow/.local/lib/python3.8/site-packages/airflow/example_dags/example_kubernetes_executor.py
[2025-08-02T02:13:58.679+0000] {logging_mixin.py:188} INFO - [2025-08-02T02:13:58.679+0000] {dag.py:3047} INFO - Sync 1 DAGs
[2025-08-02T02:13:58.703+0000] {logging_mixin.py:188} INFO - [2025-08-02T02:13:58.703+0000] {dag.py:3834} INFO - Setting next_dagrun for example_kubernetes_executor to None, run_after=None
[2025-08-02T02:13:58.754+0000] {processor.py:183} INFO - Processing /home/airflow/.local/lib/python3.8/site-packages/airflow/example_dags/example_kubernetes_executor.py took 0.248 seconds
[2025-08-02T02:14:28.837+0000] {processor.py:161} INFO - Started process (PID=3048) to work on /home/airflow/.local/lib/python3.8/site-packages/airflow/example_dags/example_kubernetes_executor.py
[2025-08-02T02:14:28.843+0000] {processor.py:830} INFO - Processing file /home/airflow/.local/lib/python3.8/site-packages/airflow/example_dags/example_kubernetes_executor.py for tasks to queue
[2025-08-02T02:14:28.845+0000] {logging_mixin.py:188} INFO - [2025-08-02T02:14:28.845+0000] {dagbag.py:540} INFO - Filling up the DagBag from /home/airflow/.local/lib/python3.8/site-packages/airflow/example_dags/example_kubernetes_executor.py
[2025-08-02T02:14:28.924+0000] {processor.py:840} INFO - DAG(s) 'example_kubernetes_executor' retrieved from /home/airflow/.local/lib/python3.8/site-packages/airflow/example_dags/example_kubernetes_executor.py
[2025-08-02T02:14:29.155+0000] {logging_mixin.py:188} INFO - [2025-08-02T02:14:29.154+0000] {dag.py:3047} INFO - Sync 1 DAGs
[2025-08-02T02:14:29.181+0000] {logging_mixin.py:188} INFO - [2025-08-02T02:14:29.180+0000] {dag.py:3834} INFO - Setting next_dagrun for example_kubernetes_executor to None, run_after=None
[2025-08-02T02:14:29.239+0000] {processor.py:183} INFO - Processing /home/airflow/.local/lib/python3.8/site-packages/airflow/example_dags/example_kubernetes_executor.py took 0.407 seconds
[2025-08-02T02:15:09.241+0000] {processor.py:161} INFO - Started process (PID=3107) to work on /home/airflow/.local/lib/python3.8/site-packages/airflow/example_dags/example_kubernetes_executor.py
[2025-08-02T02:15:09.243+0000] {processor.py:830} INFO - Processing file /home/airflow/.local/lib/python3.8/site-packages/airflow/example_dags/example_kubernetes_executor.py for tasks to queue
[2025-08-02T02:15:09.245+0000] {logging_mixin.py:188} INFO - [2025-08-02T02:15:09.244+0000] {dagbag.py:540} INFO - Filling up the DagBag from /home/airflow/.local/lib/python3.8/site-packages/airflow/example_dags/example_kubernetes_executor.py
[2025-08-02T02:15:09.278+0000] {processor.py:840} INFO - DAG(s) 'example_kubernetes_executor' retrieved from /home/airflow/.local/lib/python3.8/site-packages/airflow/example_dags/example_kubernetes_executor.py
[2025-08-02T02:15:09.358+0000] {logging_mixin.py:188} INFO - [2025-08-02T02:15:09.358+0000] {dag.py:3047} INFO - Sync 1 DAGs
[2025-08-02T02:15:09.417+0000] {logging_mixin.py:188} INFO - [2025-08-02T02:15:09.416+0000] {dag.py:3834} INFO - Setting next_dagrun for example_kubernetes_executor to None, run_after=None
[2025-08-02T02:15:09.508+0000] {processor.py:183} INFO - Processing /home/airflow/.local/lib/python3.8/site-packages/airflow/example_dags/example_kubernetes_executor.py took 0.270 seconds
[2025-08-02T02:15:49.010+0000] {processor.py:161} INFO - Started process (PID=3168) to work on /home/airflow/.local/lib/python3.8/site-packages/airflow/example_dags/example_kubernetes_executor.py
[2025-08-02T02:15:49.011+0000] {processor.py:830} INFO - Processing file /home/airflow/.local/lib/python3.8/site-packages/airflow/example_dags/example_kubernetes_executor.py for tasks to queue
[2025-08-02T02:15:49.012+0000] {logging_mixin.py:188} INFO - [2025-08-02T02:15:49.011+0000] {dagbag.py:540} INFO - Filling up the DagBag from /home/airflow/.local/lib/python3.8/site-packages/airflow/example_dags/example_kubernetes_executor.py
[2025-08-02T02:15:49.048+0000] {processor.py:840} INFO - DAG(s) 'example_kubernetes_executor' retrieved from /home/airflow/.local/lib/python3.8/site-packages/airflow/example_dags/example_kubernetes_executor.py
[2025-08-02T02:15:49.153+0000] {logging_mixin.py:188} INFO - [2025-08-02T02:15:49.151+0000] {dag.py:3047} INFO - Sync 1 DAGs
[2025-08-02T02:15:49.176+0000] {logging_mixin.py:188} INFO - [2025-08-02T02:15:49.175+0000] {dag.py:3834} INFO - Setting next_dagrun for example_kubernetes_executor to None, run_after=None
[2025-08-02T02:15:49.233+0000] {processor.py:183} INFO - Processing /home/airflow/.local/lib/python3.8/site-packages/airflow/example_dags/example_kubernetes_executor.py took 0.227 seconds
[2025-08-02T02:16:33.013+0000] {processor.py:161} INFO - Started process (PID=3222) to work on /home/airflow/.local/lib/python3.8/site-packages/airflow/example_dags/example_kubernetes_executor.py
[2025-08-02T02:16:33.015+0000] {processor.py:830} INFO - Processing file /home/airflow/.local/lib/python3.8/site-packages/airflow/example_dags/example_kubernetes_executor.py for tasks to queue
[2025-08-02T02:16:33.017+0000] {logging_mixin.py:188} INFO - [2025-08-02T02:16:33.017+0000] {dagbag.py:540} INFO - Filling up the DagBag from /home/airflow/.local/lib/python3.8/site-packages/airflow/example_dags/example_kubernetes_executor.py
[2025-08-02T02:16:33.086+0000] {processor.py:840} INFO - DAG(s) 'example_kubernetes_executor' retrieved from /home/airflow/.local/lib/python3.8/site-packages/airflow/example_dags/example_kubernetes_executor.py
[2025-08-02T02:16:33.247+0000] {logging_mixin.py:188} INFO - [2025-08-02T02:16:33.247+0000] {dag.py:3047} INFO - Sync 1 DAGs
[2025-08-02T02:16:33.265+0000] {logging_mixin.py:188} INFO - [2025-08-02T02:16:33.265+0000] {dag.py:3834} INFO - Setting next_dagrun for example_kubernetes_executor to None, run_after=None
[2025-08-02T02:16:33.296+0000] {processor.py:183} INFO - Processing /home/airflow/.local/lib/python3.8/site-packages/airflow/example_dags/example_kubernetes_executor.py took 0.311 seconds
[2025-08-02T02:17:13.698+0000] {processor.py:161} INFO - Started process (PID=3278) to work on /home/airflow/.local/lib/python3.8/site-packages/airflow/example_dags/example_kubernetes_executor.py
[2025-08-02T02:17:13.700+0000] {processor.py:830} INFO - Processing file /home/airflow/.local/lib/python3.8/site-packages/airflow/example_dags/example_kubernetes_executor.py for tasks to queue
[2025-08-02T02:17:13.702+0000] {logging_mixin.py:188} INFO - [2025-08-02T02:17:13.701+0000] {dagbag.py:540} INFO - Filling up the DagBag from /home/airflow/.local/lib/python3.8/site-packages/airflow/example_dags/example_kubernetes_executor.py
[2025-08-02T02:17:13.786+0000] {processor.py:840} INFO - DAG(s) 'example_kubernetes_executor' retrieved from /home/airflow/.local/lib/python3.8/site-packages/airflow/example_dags/example_kubernetes_executor.py
[2025-08-02T02:17:14.064+0000] {logging_mixin.py:188} INFO - [2025-08-02T02:17:14.063+0000] {dag.py:3047} INFO - Sync 1 DAGs
[2025-08-02T02:17:14.088+0000] {logging_mixin.py:188} INFO - [2025-08-02T02:17:14.088+0000] {dag.py:3834} INFO - Setting next_dagrun for example_kubernetes_executor to None, run_after=None
[2025-08-02T02:17:14.448+0000] {processor.py:183} INFO - Processing /home/airflow/.local/lib/python3.8/site-packages/airflow/example_dags/example_kubernetes_executor.py took 0.753 seconds
[2025-08-02T02:18:10.661+0000] {processor.py:161} INFO - Started process (PID=3340) to work on /home/airflow/.local/lib/python3.8/site-packages/airflow/example_dags/example_kubernetes_executor.py
[2025-08-02T02:18:10.671+0000] {processor.py:830} INFO - Processing file /home/airflow/.local/lib/python3.8/site-packages/airflow/example_dags/example_kubernetes_executor.py for tasks to queue
[2025-08-02T02:18:10.680+0000] {logging_mixin.py:188} INFO - [2025-08-02T02:18:10.680+0000] {dagbag.py:540} INFO - Filling up the DagBag from /home/airflow/.local/lib/python3.8/site-packages/airflow/example_dags/example_kubernetes_executor.py
[2025-08-02T02:18:10.899+0000] {processor.py:840} INFO - DAG(s) 'example_kubernetes_executor' retrieved from /home/airflow/.local/lib/python3.8/site-packages/airflow/example_dags/example_kubernetes_executor.py
[2025-08-02T02:18:11.428+0000] {logging_mixin.py:188} INFO - [2025-08-02T02:18:11.426+0000] {dag.py:3047} INFO - Sync 1 DAGs
[2025-08-02T02:18:11.509+0000] {logging_mixin.py:188} INFO - [2025-08-02T02:18:11.508+0000] {dag.py:3834} INFO - Setting next_dagrun for example_kubernetes_executor to None, run_after=None
[2025-08-02T02:18:11.857+0000] {processor.py:183} INFO - Processing /home/airflow/.local/lib/python3.8/site-packages/airflow/example_dags/example_kubernetes_executor.py took 1.225 seconds
[2025-08-02T02:19:04.906+0000] {processor.py:161} INFO - Started process (PID=3411) to work on /home/airflow/.local/lib/python3.8/site-packages/airflow/example_dags/example_kubernetes_executor.py
[2025-08-02T02:19:04.908+0000] {processor.py:830} INFO - Processing file /home/airflow/.local/lib/python3.8/site-packages/airflow/example_dags/example_kubernetes_executor.py for tasks to queue
[2025-08-02T02:19:04.911+0000] {logging_mixin.py:188} INFO - [2025-08-02T02:19:04.910+0000] {dagbag.py:540} INFO - Filling up the DagBag from /home/airflow/.local/lib/python3.8/site-packages/airflow/example_dags/example_kubernetes_executor.py
[2025-08-02T02:19:04.953+0000] {processor.py:840} INFO - DAG(s) 'example_kubernetes_executor' retrieved from /home/airflow/.local/lib/python3.8/site-packages/airflow/example_dags/example_kubernetes_executor.py
[2025-08-02T02:19:05.089+0000] {logging_mixin.py:188} INFO - [2025-08-02T02:19:05.089+0000] {dag.py:3047} INFO - Sync 1 DAGs
[2025-08-02T02:19:05.104+0000] {logging_mixin.py:188} INFO - [2025-08-02T02:19:05.104+0000] {dag.py:3834} INFO - Setting next_dagrun for example_kubernetes_executor to None, run_after=None
[2025-08-02T02:19:05.132+0000] {processor.py:183} INFO - Processing /home/airflow/.local/lib/python3.8/site-packages/airflow/example_dags/example_kubernetes_executor.py took 0.251 seconds
[2025-08-02T02:19:36.693+0000] {processor.py:161} INFO - Started process (PID=3467) to work on /home/airflow/.local/lib/python3.8/site-packages/airflow/example_dags/example_kubernetes_executor.py
[2025-08-02T02:19:36.696+0000] {processor.py:830} INFO - Processing file /home/airflow/.local/lib/python3.8/site-packages/airflow/example_dags/example_kubernetes_executor.py for tasks to queue
[2025-08-02T02:19:36.713+0000] {logging_mixin.py:188} INFO - [2025-08-02T02:19:36.707+0000] {dagbag.py:540} INFO - Filling up the DagBag from /home/airflow/.local/lib/python3.8/site-packages/airflow/example_dags/example_kubernetes_executor.py
[2025-08-02T02:19:36.816+0000] {processor.py:840} INFO - DAG(s) 'example_kubernetes_executor' retrieved from /home/airflow/.local/lib/python3.8/site-packages/airflow/example_dags/example_kubernetes_executor.py
[2025-08-02T02:19:37.384+0000] {logging_mixin.py:188} INFO - [2025-08-02T02:19:37.371+0000] {dag.py:3047} INFO - Sync 1 DAGs
[2025-08-02T02:19:38.951+0000] {logging_mixin.py:188} INFO - [2025-08-02T02:19:38.950+0000] {dag.py:3834} INFO - Setting next_dagrun for example_kubernetes_executor to None, run_after=None
[2025-08-02T02:19:39.040+0000] {processor.py:183} INFO - Processing /home/airflow/.local/lib/python3.8/site-packages/airflow/example_dags/example_kubernetes_executor.py took 2.351 seconds
[2025-08-02T02:20:09.939+0000] {processor.py:161} INFO - Started process (PID=3523) to work on /home/airflow/.local/lib/python3.8/site-packages/airflow/example_dags/example_kubernetes_executor.py
[2025-08-02T02:20:09.941+0000] {processor.py:830} INFO - Processing file /home/airflow/.local/lib/python3.8/site-packages/airflow/example_dags/example_kubernetes_executor.py for tasks to queue
[2025-08-02T02:20:09.947+0000] {logging_mixin.py:188} INFO - [2025-08-02T02:20:09.944+0000] {dagbag.py:540} INFO - Filling up the DagBag from /home/airflow/.local/lib/python3.8/site-packages/airflow/example_dags/example_kubernetes_executor.py
[2025-08-02T02:20:10.029+0000] {processor.py:840} INFO - DAG(s) 'example_kubernetes_executor' retrieved from /home/airflow/.local/lib/python3.8/site-packages/airflow/example_dags/example_kubernetes_executor.py
[2025-08-02T02:20:10.773+0000] {logging_mixin.py:188} INFO - [2025-08-02T02:20:10.768+0000] {dag.py:3047} INFO - Sync 1 DAGs
[2025-08-02T02:20:11.170+0000] {logging_mixin.py:188} INFO - [2025-08-02T02:20:11.147+0000] {dag.py:3834} INFO - Setting next_dagrun for example_kubernetes_executor to None, run_after=None
[2025-08-02T02:20:12.622+0000] {processor.py:183} INFO - Processing /home/airflow/.local/lib/python3.8/site-packages/airflow/example_dags/example_kubernetes_executor.py took 2.687 seconds
[2025-08-02T02:20:44.592+0000] {processor.py:161} INFO - Started process (PID=3581) to work on /home/airflow/.local/lib/python3.8/site-packages/airflow/example_dags/example_kubernetes_executor.py
[2025-08-02T02:20:44.597+0000] {processor.py:830} INFO - Processing file /home/airflow/.local/lib/python3.8/site-packages/airflow/example_dags/example_kubernetes_executor.py for tasks to queue
[2025-08-02T02:20:44.599+0000] {logging_mixin.py:188} INFO - [2025-08-02T02:20:44.599+0000] {dagbag.py:540} INFO - Filling up the DagBag from /home/airflow/.local/lib/python3.8/site-packages/airflow/example_dags/example_kubernetes_executor.py
[2025-08-02T02:20:44.620+0000] {processor.py:840} INFO - DAG(s) 'example_kubernetes_executor' retrieved from /home/airflow/.local/lib/python3.8/site-packages/airflow/example_dags/example_kubernetes_executor.py
[2025-08-02T02:20:44.673+0000] {logging_mixin.py:188} INFO - [2025-08-02T02:20:44.672+0000] {dag.py:3047} INFO - Sync 1 DAGs
[2025-08-02T02:20:44.689+0000] {logging_mixin.py:188} INFO - [2025-08-02T02:20:44.689+0000] {dag.py:3834} INFO - Setting next_dagrun for example_kubernetes_executor to None, run_after=None
[2025-08-02T02:20:44.714+0000] {processor.py:183} INFO - Processing /home/airflow/.local/lib/python3.8/site-packages/airflow/example_dags/example_kubernetes_executor.py took 0.144 seconds
[2025-08-02T02:21:15.348+0000] {processor.py:161} INFO - Started process (PID=3638) to work on /home/airflow/.local/lib/python3.8/site-packages/airflow/example_dags/example_kubernetes_executor.py
[2025-08-02T02:21:15.351+0000] {processor.py:830} INFO - Processing file /home/airflow/.local/lib/python3.8/site-packages/airflow/example_dags/example_kubernetes_executor.py for tasks to queue
[2025-08-02T02:21:15.352+0000] {logging_mixin.py:188} INFO - [2025-08-02T02:21:15.351+0000] {dagbag.py:540} INFO - Filling up the DagBag from /home/airflow/.local/lib/python3.8/site-packages/airflow/example_dags/example_kubernetes_executor.py
[2025-08-02T02:21:15.382+0000] {processor.py:840} INFO - DAG(s) 'example_kubernetes_executor' retrieved from /home/airflow/.local/lib/python3.8/site-packages/airflow/example_dags/example_kubernetes_executor.py
[2025-08-02T02:21:15.491+0000] {logging_mixin.py:188} INFO - [2025-08-02T02:21:15.491+0000] {dag.py:3047} INFO - Sync 1 DAGs
[2025-08-02T02:21:15.505+0000] {logging_mixin.py:188} INFO - [2025-08-02T02:21:15.505+0000] {dag.py:3834} INFO - Setting next_dagrun for example_kubernetes_executor to None, run_after=None
[2025-08-02T02:21:15.538+0000] {processor.py:183} INFO - Processing /home/airflow/.local/lib/python3.8/site-packages/airflow/example_dags/example_kubernetes_executor.py took 0.214 seconds
[2025-08-02T02:21:50.716+0000] {processor.py:161} INFO - Started process (PID=3692) to work on /home/airflow/.local/lib/python3.8/site-packages/airflow/example_dags/example_kubernetes_executor.py
[2025-08-02T02:21:50.718+0000] {processor.py:830} INFO - Processing file /home/airflow/.local/lib/python3.8/site-packages/airflow/example_dags/example_kubernetes_executor.py for tasks to queue
[2025-08-02T02:21:50.720+0000] {logging_mixin.py:188} INFO - [2025-08-02T02:21:50.720+0000] {dagbag.py:540} INFO - Filling up the DagBag from /home/airflow/.local/lib/python3.8/site-packages/airflow/example_dags/example_kubernetes_executor.py
[2025-08-02T02:21:50.758+0000] {processor.py:840} INFO - DAG(s) 'example_kubernetes_executor' retrieved from /home/airflow/.local/lib/python3.8/site-packages/airflow/example_dags/example_kubernetes_executor.py
[2025-08-02T02:21:50.852+0000] {logging_mixin.py:188} INFO - [2025-08-02T02:21:50.852+0000] {dag.py:3047} INFO - Sync 1 DAGs
[2025-08-02T02:21:50.865+0000] {logging_mixin.py:188} INFO - [2025-08-02T02:21:50.864+0000] {dag.py:3834} INFO - Setting next_dagrun for example_kubernetes_executor to None, run_after=None
[2025-08-02T02:21:50.882+0000] {processor.py:183} INFO - Processing /home/airflow/.local/lib/python3.8/site-packages/airflow/example_dags/example_kubernetes_executor.py took 0.170 seconds
[2025-08-02T02:22:22.967+0000] {processor.py:161} INFO - Started process (PID=3748) to work on /home/airflow/.local/lib/python3.8/site-packages/airflow/example_dags/example_kubernetes_executor.py
[2025-08-02T02:22:22.971+0000] {processor.py:830} INFO - Processing file /home/airflow/.local/lib/python3.8/site-packages/airflow/example_dags/example_kubernetes_executor.py for tasks to queue
[2025-08-02T02:22:22.976+0000] {logging_mixin.py:188} INFO - [2025-08-02T02:22:22.975+0000] {dagbag.py:540} INFO - Filling up the DagBag from /home/airflow/.local/lib/python3.8/site-packages/airflow/example_dags/example_kubernetes_executor.py
[2025-08-02T02:22:23.014+0000] {processor.py:840} INFO - DAG(s) 'example_kubernetes_executor' retrieved from /home/airflow/.local/lib/python3.8/site-packages/airflow/example_dags/example_kubernetes_executor.py
[2025-08-02T02:22:23.287+0000] {logging_mixin.py:188} INFO - [2025-08-02T02:22:23.285+0000] {dag.py:3047} INFO - Sync 1 DAGs
[2025-08-02T02:22:23.359+0000] {logging_mixin.py:188} INFO - [2025-08-02T02:22:23.357+0000] {dag.py:3834} INFO - Setting next_dagrun for example_kubernetes_executor to None, run_after=None
[2025-08-02T02:22:23.434+0000] {processor.py:183} INFO - Processing /home/airflow/.local/lib/python3.8/site-packages/airflow/example_dags/example_kubernetes_executor.py took 0.478 seconds
[2025-08-02T02:22:54.563+0000] {processor.py:161} INFO - Started process (PID=3807) to work on /home/airflow/.local/lib/python3.8/site-packages/airflow/example_dags/example_kubernetes_executor.py
[2025-08-02T02:22:54.567+0000] {processor.py:830} INFO - Processing file /home/airflow/.local/lib/python3.8/site-packages/airflow/example_dags/example_kubernetes_executor.py for tasks to queue
[2025-08-02T02:22:54.569+0000] {logging_mixin.py:188} INFO - [2025-08-02T02:22:54.568+0000] {dagbag.py:540} INFO - Filling up the DagBag from /home/airflow/.local/lib/python3.8/site-packages/airflow/example_dags/example_kubernetes_executor.py
[2025-08-02T02:22:54.633+0000] {processor.py:840} INFO - DAG(s) 'example_kubernetes_executor' retrieved from /home/airflow/.local/lib/python3.8/site-packages/airflow/example_dags/example_kubernetes_executor.py
[2025-08-02T02:22:54.821+0000] {logging_mixin.py:188} INFO - [2025-08-02T02:22:54.820+0000] {dag.py:3047} INFO - Sync 1 DAGs
[2025-08-02T02:22:54.922+0000] {logging_mixin.py:188} INFO - [2025-08-02T02:22:54.919+0000] {dag.py:3834} INFO - Setting next_dagrun for example_kubernetes_executor to None, run_after=None
[2025-08-02T02:22:55.052+0000] {processor.py:183} INFO - Processing /home/airflow/.local/lib/python3.8/site-packages/airflow/example_dags/example_kubernetes_executor.py took 0.525 seconds
[2025-08-02T02:23:26.353+0000] {processor.py:161} INFO - Started process (PID=3862) to work on /home/airflow/.local/lib/python3.8/site-packages/airflow/example_dags/example_kubernetes_executor.py
[2025-08-02T02:23:26.356+0000] {processor.py:830} INFO - Processing file /home/airflow/.local/lib/python3.8/site-packages/airflow/example_dags/example_kubernetes_executor.py for tasks to queue
[2025-08-02T02:23:26.357+0000] {logging_mixin.py:188} INFO - [2025-08-02T02:23:26.356+0000] {dagbag.py:540} INFO - Filling up the DagBag from /home/airflow/.local/lib/python3.8/site-packages/airflow/example_dags/example_kubernetes_executor.py
[2025-08-02T02:23:26.383+0000] {processor.py:840} INFO - DAG(s) 'example_kubernetes_executor' retrieved from /home/airflow/.local/lib/python3.8/site-packages/airflow/example_dags/example_kubernetes_executor.py
[2025-08-02T02:23:28.096+0000] {logging_mixin.py:188} INFO - [2025-08-02T02:23:28.056+0000] {dag.py:3047} INFO - Sync 1 DAGs
[2025-08-02T02:23:28.202+0000] {logging_mixin.py:188} INFO - [2025-08-02T02:23:28.201+0000] {dag.py:3834} INFO - Setting next_dagrun for example_kubernetes_executor to None, run_after=None
[2025-08-02T02:23:28.351+0000] {processor.py:183} INFO - Processing /home/airflow/.local/lib/python3.8/site-packages/airflow/example_dags/example_kubernetes_executor.py took 2.002 seconds
[2025-08-02T02:23:59.663+0000] {processor.py:161} INFO - Started process (PID=3918) to work on /home/airflow/.local/lib/python3.8/site-packages/airflow/example_dags/example_kubernetes_executor.py
[2025-08-02T02:23:59.731+0000] {processor.py:830} INFO - Processing file /home/airflow/.local/lib/python3.8/site-packages/airflow/example_dags/example_kubernetes_executor.py for tasks to queue
[2025-08-02T02:23:59.753+0000] {logging_mixin.py:188} INFO - [2025-08-02T02:23:59.744+0000] {dagbag.py:540} INFO - Filling up the DagBag from /home/airflow/.local/lib/python3.8/site-packages/airflow/example_dags/example_kubernetes_executor.py
[2025-08-02T02:24:00.162+0000] {processor.py:840} INFO - DAG(s) 'example_kubernetes_executor' retrieved from /home/airflow/.local/lib/python3.8/site-packages/airflow/example_dags/example_kubernetes_executor.py
[2025-08-02T02:24:01.378+0000] {logging_mixin.py:188} INFO - [2025-08-02T02:24:01.369+0000] {dag.py:3047} INFO - Sync 1 DAGs
[2025-08-02T02:24:01.426+0000] {logging_mixin.py:188} INFO - [2025-08-02T02:24:01.424+0000] {dag.py:3834} INFO - Setting next_dagrun for example_kubernetes_executor to None, run_after=None
[2025-08-02T02:24:01.548+0000] {processor.py:183} INFO - Processing /home/airflow/.local/lib/python3.8/site-packages/airflow/example_dags/example_kubernetes_executor.py took 1.951 seconds
[2025-08-02T02:24:33.911+0000] {processor.py:161} INFO - Started process (PID=3975) to work on /home/airflow/.local/lib/python3.8/site-packages/airflow/example_dags/example_kubernetes_executor.py
[2025-08-02T02:24:33.934+0000] {processor.py:830} INFO - Processing file /home/airflow/.local/lib/python3.8/site-packages/airflow/example_dags/example_kubernetes_executor.py for tasks to queue
[2025-08-02T02:24:33.961+0000] {logging_mixin.py:188} INFO - [2025-08-02T02:24:33.952+0000] {dagbag.py:540} INFO - Filling up the DagBag from /home/airflow/.local/lib/python3.8/site-packages/airflow/example_dags/example_kubernetes_executor.py
[2025-08-02T02:24:34.290+0000] {processor.py:840} INFO - DAG(s) 'example_kubernetes_executor' retrieved from /home/airflow/.local/lib/python3.8/site-packages/airflow/example_dags/example_kubernetes_executor.py
[2025-08-02T02:24:35.598+0000] {logging_mixin.py:188} INFO - [2025-08-02T02:24:35.596+0000] {dag.py:3047} INFO - Sync 1 DAGs
[2025-08-02T02:24:35.763+0000] {logging_mixin.py:188} INFO - [2025-08-02T02:24:35.762+0000] {dag.py:3834} INFO - Setting next_dagrun for example_kubernetes_executor to None, run_after=None
[2025-08-02T02:24:35.835+0000] {processor.py:183} INFO - Processing /home/airflow/.local/lib/python3.8/site-packages/airflow/example_dags/example_kubernetes_executor.py took 1.945 seconds
[2025-08-02T02:25:20.248+0000] {processor.py:161} INFO - Started process (PID=4039) to work on /home/airflow/.local/lib/python3.8/site-packages/airflow/example_dags/example_kubernetes_executor.py
[2025-08-02T02:25:20.267+0000] {processor.py:830} INFO - Processing file /home/airflow/.local/lib/python3.8/site-packages/airflow/example_dags/example_kubernetes_executor.py for tasks to queue
[2025-08-02T02:25:20.298+0000] {logging_mixin.py:188} INFO - [2025-08-02T02:25:20.290+0000] {dagbag.py:540} INFO - Filling up the DagBag from /home/airflow/.local/lib/python3.8/site-packages/airflow/example_dags/example_kubernetes_executor.py
[2025-08-02T02:25:20.523+0000] {processor.py:840} INFO - DAG(s) 'example_kubernetes_executor' retrieved from /home/airflow/.local/lib/python3.8/site-packages/airflow/example_dags/example_kubernetes_executor.py
[2025-08-02T02:25:21.534+0000] {logging_mixin.py:188} INFO - [2025-08-02T02:25:21.523+0000] {dag.py:3047} INFO - Sync 1 DAGs
[2025-08-02T02:25:21.660+0000] {logging_mixin.py:188} INFO - [2025-08-02T02:25:21.649+0000] {dag.py:3834} INFO - Setting next_dagrun for example_kubernetes_executor to None, run_after=None
[2025-08-02T02:25:22.066+0000] {processor.py:183} INFO - Processing /home/airflow/.local/lib/python3.8/site-packages/airflow/example_dags/example_kubernetes_executor.py took 1.835 seconds
[2025-08-02T02:25:52.282+0000] {processor.py:161} INFO - Started process (PID=4095) to work on /home/airflow/.local/lib/python3.8/site-packages/airflow/example_dags/example_kubernetes_executor.py
[2025-08-02T02:25:52.291+0000] {processor.py:830} INFO - Processing file /home/airflow/.local/lib/python3.8/site-packages/airflow/example_dags/example_kubernetes_executor.py for tasks to queue
[2025-08-02T02:25:52.296+0000] {logging_mixin.py:188} INFO - [2025-08-02T02:25:52.294+0000] {dagbag.py:540} INFO - Filling up the DagBag from /home/airflow/.local/lib/python3.8/site-packages/airflow/example_dags/example_kubernetes_executor.py
[2025-08-02T02:25:52.329+0000] {processor.py:840} INFO - DAG(s) 'example_kubernetes_executor' retrieved from /home/airflow/.local/lib/python3.8/site-packages/airflow/example_dags/example_kubernetes_executor.py
[2025-08-02T02:25:52.571+0000] {logging_mixin.py:188} INFO - [2025-08-02T02:25:52.569+0000] {dag.py:3047} INFO - Sync 1 DAGs
[2025-08-02T02:25:52.673+0000] {logging_mixin.py:188} INFO - [2025-08-02T02:25:52.659+0000] {dag.py:3834} INFO - Setting next_dagrun for example_kubernetes_executor to None, run_after=None
[2025-08-02T02:25:53.028+0000] {processor.py:183} INFO - Processing /home/airflow/.local/lib/python3.8/site-packages/airflow/example_dags/example_kubernetes_executor.py took 0.740 seconds
[2025-08-02T02:26:24.441+0000] {processor.py:161} INFO - Started process (PID=4151) to work on /home/airflow/.local/lib/python3.8/site-packages/airflow/example_dags/example_kubernetes_executor.py
[2025-08-02T02:26:24.448+0000] {processor.py:830} INFO - Processing file /home/airflow/.local/lib/python3.8/site-packages/airflow/example_dags/example_kubernetes_executor.py for tasks to queue
[2025-08-02T02:26:24.530+0000] {logging_mixin.py:188} INFO - [2025-08-02T02:26:24.479+0000] {dagbag.py:540} INFO - Filling up the DagBag from /home/airflow/.local/lib/python3.8/site-packages/airflow/example_dags/example_kubernetes_executor.py
[2025-08-02T02:26:24.663+0000] {processor.py:840} INFO - DAG(s) 'example_kubernetes_executor' retrieved from /home/airflow/.local/lib/python3.8/site-packages/airflow/example_dags/example_kubernetes_executor.py
[2025-08-02T02:26:24.828+0000] {logging_mixin.py:188} INFO - [2025-08-02T02:26:24.827+0000] {dag.py:3047} INFO - Sync 1 DAGs
[2025-08-02T02:26:24.892+0000] {logging_mixin.py:188} INFO - [2025-08-02T02:26:24.891+0000] {dag.py:3834} INFO - Setting next_dagrun for example_kubernetes_executor to None, run_after=None
[2025-08-02T02:26:25.104+0000] {processor.py:183} INFO - Processing /home/airflow/.local/lib/python3.8/site-packages/airflow/example_dags/example_kubernetes_executor.py took 0.679 seconds
[2025-08-02T02:27:19.146+0000] {processor.py:161} INFO - Started process (PID=4215) to work on /home/airflow/.local/lib/python3.8/site-packages/airflow/example_dags/example_kubernetes_executor.py
[2025-08-02T02:27:19.150+0000] {processor.py:830} INFO - Processing file /home/airflow/.local/lib/python3.8/site-packages/airflow/example_dags/example_kubernetes_executor.py for tasks to queue
[2025-08-02T02:27:19.160+0000] {logging_mixin.py:188} INFO - [2025-08-02T02:27:19.158+0000] {dagbag.py:540} INFO - Filling up the DagBag from /home/airflow/.local/lib/python3.8/site-packages/airflow/example_dags/example_kubernetes_executor.py
[2025-08-02T02:27:19.345+0000] {processor.py:840} INFO - DAG(s) 'example_kubernetes_executor' retrieved from /home/airflow/.local/lib/python3.8/site-packages/airflow/example_dags/example_kubernetes_executor.py
[2025-08-02T02:27:20.026+0000] {logging_mixin.py:188} INFO - [2025-08-02T02:27:20.022+0000] {dag.py:3047} INFO - Sync 1 DAGs
[2025-08-02T02:27:20.112+0000] {logging_mixin.py:188} INFO - [2025-08-02T02:27:20.110+0000] {dag.py:3834} INFO - Setting next_dagrun for example_kubernetes_executor to None, run_after=None
[2025-08-02T02:27:20.290+0000] {processor.py:183} INFO - Processing /home/airflow/.local/lib/python3.8/site-packages/airflow/example_dags/example_kubernetes_executor.py took 1.168 seconds
[2025-08-02T02:27:50.678+0000] {processor.py:161} INFO - Started process (PID=4271) to work on /home/airflow/.local/lib/python3.8/site-packages/airflow/example_dags/example_kubernetes_executor.py
[2025-08-02T02:27:50.680+0000] {processor.py:830} INFO - Processing file /home/airflow/.local/lib/python3.8/site-packages/airflow/example_dags/example_kubernetes_executor.py for tasks to queue
[2025-08-02T02:27:50.684+0000] {logging_mixin.py:188} INFO - [2025-08-02T02:27:50.682+0000] {dagbag.py:540} INFO - Filling up the DagBag from /home/airflow/.local/lib/python3.8/site-packages/airflow/example_dags/example_kubernetes_executor.py
[2025-08-02T02:27:50.718+0000] {processor.py:840} INFO - DAG(s) 'example_kubernetes_executor' retrieved from /home/airflow/.local/lib/python3.8/site-packages/airflow/example_dags/example_kubernetes_executor.py
[2025-08-02T02:27:50.835+0000] {logging_mixin.py:188} INFO - [2025-08-02T02:27:50.835+0000] {dag.py:3047} INFO - Sync 1 DAGs
[2025-08-02T02:27:50.846+0000] {logging_mixin.py:188} INFO - [2025-08-02T02:27:50.846+0000] {dag.py:3834} INFO - Setting next_dagrun for example_kubernetes_executor to None, run_after=None
[2025-08-02T02:27:50.866+0000] {processor.py:183} INFO - Processing /home/airflow/.local/lib/python3.8/site-packages/airflow/example_dags/example_kubernetes_executor.py took 0.200 seconds
[2025-08-02T02:28:22.225+0000] {processor.py:161} INFO - Started process (PID=4327) to work on /home/airflow/.local/lib/python3.8/site-packages/airflow/example_dags/example_kubernetes_executor.py
[2025-08-02T02:28:22.233+0000] {processor.py:830} INFO - Processing file /home/airflow/.local/lib/python3.8/site-packages/airflow/example_dags/example_kubernetes_executor.py for tasks to queue
[2025-08-02T02:28:22.246+0000] {logging_mixin.py:188} INFO - [2025-08-02T02:28:22.236+0000] {dagbag.py:540} INFO - Filling up the DagBag from /home/airflow/.local/lib/python3.8/site-packages/airflow/example_dags/example_kubernetes_executor.py
[2025-08-02T02:28:22.444+0000] {processor.py:840} INFO - DAG(s) 'example_kubernetes_executor' retrieved from /home/airflow/.local/lib/python3.8/site-packages/airflow/example_dags/example_kubernetes_executor.py
[2025-08-02T02:28:24.004+0000] {logging_mixin.py:188} INFO - [2025-08-02T02:28:24.001+0000] {dag.py:3047} INFO - Sync 1 DAGs
[2025-08-02T02:28:24.307+0000] {logging_mixin.py:188} INFO - [2025-08-02T02:28:24.306+0000] {dag.py:3834} INFO - Setting next_dagrun for example_kubernetes_executor to None, run_after=None
[2025-08-02T02:28:25.180+0000] {processor.py:183} INFO - Processing /home/airflow/.local/lib/python3.8/site-packages/airflow/example_dags/example_kubernetes_executor.py took 3.184 seconds
[2025-08-02T02:29:15.660+0000] {processor.py:161} INFO - Started process (PID=4405) to work on /home/airflow/.local/lib/python3.8/site-packages/airflow/example_dags/example_kubernetes_executor.py
[2025-08-02T02:29:15.703+0000] {processor.py:830} INFO - Processing file /home/airflow/.local/lib/python3.8/site-packages/airflow/example_dags/example_kubernetes_executor.py for tasks to queue
[2025-08-02T02:29:15.708+0000] {logging_mixin.py:188} INFO - [2025-08-02T02:29:15.706+0000] {dagbag.py:540} INFO - Filling up the DagBag from /home/airflow/.local/lib/python3.8/site-packages/airflow/example_dags/example_kubernetes_executor.py
[2025-08-02T02:29:15.807+0000] {processor.py:840} INFO - DAG(s) 'example_kubernetes_executor' retrieved from /home/airflow/.local/lib/python3.8/site-packages/airflow/example_dags/example_kubernetes_executor.py
[2025-08-02T02:29:16.093+0000] {logging_mixin.py:188} INFO - [2025-08-02T02:29:16.092+0000] {dag.py:3047} INFO - Sync 1 DAGs
[2025-08-02T02:29:16.122+0000] {logging_mixin.py:188} INFO - [2025-08-02T02:29:16.122+0000] {dag.py:3834} INFO - Setting next_dagrun for example_kubernetes_executor to None, run_after=None
[2025-08-02T02:29:16.217+0000] {processor.py:183} INFO - Processing /home/airflow/.local/lib/python3.8/site-packages/airflow/example_dags/example_kubernetes_executor.py took 0.580 seconds
[2025-08-02T02:30:21.169+0000] {processor.py:161} INFO - Started process (PID=4496) to work on /home/airflow/.local/lib/python3.8/site-packages/airflow/example_dags/example_kubernetes_executor.py
[2025-08-02T02:30:21.170+0000] {processor.py:830} INFO - Processing file /home/airflow/.local/lib/python3.8/site-packages/airflow/example_dags/example_kubernetes_executor.py for tasks to queue
[2025-08-02T02:30:21.171+0000] {logging_mixin.py:188} INFO - [2025-08-02T02:30:21.171+0000] {dagbag.py:540} INFO - Filling up the DagBag from /home/airflow/.local/lib/python3.8/site-packages/airflow/example_dags/example_kubernetes_executor.py
[2025-08-02T02:30:21.183+0000] {processor.py:840} INFO - DAG(s) 'example_kubernetes_executor' retrieved from /home/airflow/.local/lib/python3.8/site-packages/airflow/example_dags/example_kubernetes_executor.py
[2025-08-02T02:30:21.214+0000] {logging_mixin.py:188} INFO - [2025-08-02T02:30:21.213+0000] {dag.py:3047} INFO - Sync 1 DAGs
[2025-08-02T02:30:21.221+0000] {logging_mixin.py:188} INFO - [2025-08-02T02:30:21.221+0000] {dag.py:3834} INFO - Setting next_dagrun for example_kubernetes_executor to None, run_after=None
[2025-08-02T02:30:21.234+0000] {processor.py:183} INFO - Processing /home/airflow/.local/lib/python3.8/site-packages/airflow/example_dags/example_kubernetes_executor.py took 0.069 seconds
[2025-08-02T02:30:54.506+0000] {processor.py:161} INFO - Started process (PID=4554) to work on /home/airflow/.local/lib/python3.8/site-packages/airflow/example_dags/example_kubernetes_executor.py
[2025-08-02T02:30:54.514+0000] {processor.py:830} INFO - Processing file /home/airflow/.local/lib/python3.8/site-packages/airflow/example_dags/example_kubernetes_executor.py for tasks to queue
[2025-08-02T02:30:54.518+0000] {logging_mixin.py:188} INFO - [2025-08-02T02:30:54.517+0000] {dagbag.py:540} INFO - Filling up the DagBag from /home/airflow/.local/lib/python3.8/site-packages/airflow/example_dags/example_kubernetes_executor.py
[2025-08-02T02:30:54.582+0000] {processor.py:840} INFO - DAG(s) 'example_kubernetes_executor' retrieved from /home/airflow/.local/lib/python3.8/site-packages/airflow/example_dags/example_kubernetes_executor.py
[2025-08-02T02:30:54.703+0000] {logging_mixin.py:188} INFO - [2025-08-02T02:30:54.701+0000] {dag.py:3047} INFO - Sync 1 DAGs
[2025-08-02T02:30:54.751+0000] {logging_mixin.py:188} INFO - [2025-08-02T02:30:54.750+0000] {dag.py:3834} INFO - Setting next_dagrun for example_kubernetes_executor to None, run_after=None
[2025-08-02T02:30:55.002+0000] {processor.py:183} INFO - Processing /home/airflow/.local/lib/python3.8/site-packages/airflow/example_dags/example_kubernetes_executor.py took 0.517 seconds
[2025-08-02T02:36:58.810+0000] {processor.py:161} INFO - Started process (PID=106) to work on /home/airflow/.local/lib/python3.8/site-packages/airflow/example_dags/example_kubernetes_executor.py
[2025-08-02T02:36:58.812+0000] {processor.py:830} INFO - Processing file /home/airflow/.local/lib/python3.8/site-packages/airflow/example_dags/example_kubernetes_executor.py for tasks to queue
[2025-08-02T02:36:58.815+0000] {logging_mixin.py:188} INFO - [2025-08-02T02:36:58.814+0000] {dagbag.py:540} INFO - Filling up the DagBag from /home/airflow/.local/lib/python3.8/site-packages/airflow/example_dags/example_kubernetes_executor.py
[2025-08-02T02:36:58.836+0000] {processor.py:840} INFO - DAG(s) 'example_kubernetes_executor' retrieved from /home/airflow/.local/lib/python3.8/site-packages/airflow/example_dags/example_kubernetes_executor.py
[2025-08-02T02:36:59.049+0000] {logging_mixin.py:188} INFO - [2025-08-02T02:36:59.047+0000] {dag.py:3047} INFO - Sync 1 DAGs
[2025-08-02T02:36:59.082+0000] {logging_mixin.py:188} INFO - [2025-08-02T02:36:59.081+0000] {dag.py:3834} INFO - Setting next_dagrun for example_kubernetes_executor to None, run_after=None
[2025-08-02T02:36:59.136+0000] {processor.py:183} INFO - Processing /home/airflow/.local/lib/python3.8/site-packages/airflow/example_dags/example_kubernetes_executor.py took 0.329 seconds
[2025-08-02T02:37:29.781+0000] {processor.py:161} INFO - Started process (PID=162) to work on /home/airflow/.local/lib/python3.8/site-packages/airflow/example_dags/example_kubernetes_executor.py
[2025-08-02T02:37:29.786+0000] {processor.py:830} INFO - Processing file /home/airflow/.local/lib/python3.8/site-packages/airflow/example_dags/example_kubernetes_executor.py for tasks to queue
[2025-08-02T02:37:29.792+0000] {logging_mixin.py:188} INFO - [2025-08-02T02:37:29.792+0000] {dagbag.py:540} INFO - Filling up the DagBag from /home/airflow/.local/lib/python3.8/site-packages/airflow/example_dags/example_kubernetes_executor.py
[2025-08-02T02:37:29.842+0000] {processor.py:840} INFO - DAG(s) 'example_kubernetes_executor' retrieved from /home/airflow/.local/lib/python3.8/site-packages/airflow/example_dags/example_kubernetes_executor.py
[2025-08-02T02:37:30.047+0000] {logging_mixin.py:188} INFO - [2025-08-02T02:37:30.047+0000] {dag.py:3047} INFO - Sync 1 DAGs
[2025-08-02T02:37:30.087+0000] {logging_mixin.py:188} INFO - [2025-08-02T02:37:30.086+0000] {dag.py:3834} INFO - Setting next_dagrun for example_kubernetes_executor to None, run_after=None
[2025-08-02T02:37:30.150+0000] {processor.py:183} INFO - Processing /home/airflow/.local/lib/python3.8/site-packages/airflow/example_dags/example_kubernetes_executor.py took 0.374 seconds
[2025-08-02T02:38:01.006+0000] {processor.py:161} INFO - Started process (PID=218) to work on /home/airflow/.local/lib/python3.8/site-packages/airflow/example_dags/example_kubernetes_executor.py
[2025-08-02T02:38:01.008+0000] {processor.py:830} INFO - Processing file /home/airflow/.local/lib/python3.8/site-packages/airflow/example_dags/example_kubernetes_executor.py for tasks to queue
[2025-08-02T02:38:01.011+0000] {logging_mixin.py:188} INFO - [2025-08-02T02:38:01.011+0000] {dagbag.py:540} INFO - Filling up the DagBag from /home/airflow/.local/lib/python3.8/site-packages/airflow/example_dags/example_kubernetes_executor.py
[2025-08-02T02:38:01.031+0000] {processor.py:840} INFO - DAG(s) 'example_kubernetes_executor' retrieved from /home/airflow/.local/lib/python3.8/site-packages/airflow/example_dags/example_kubernetes_executor.py
[2025-08-02T02:38:01.104+0000] {logging_mixin.py:188} INFO - [2025-08-02T02:38:01.104+0000] {dag.py:3047} INFO - Sync 1 DAGs
[2025-08-02T02:38:01.133+0000] {logging_mixin.py:188} INFO - [2025-08-02T02:38:01.132+0000] {dag.py:3834} INFO - Setting next_dagrun for example_kubernetes_executor to None, run_after=None
[2025-08-02T02:38:01.155+0000] {processor.py:183} INFO - Processing /home/airflow/.local/lib/python3.8/site-packages/airflow/example_dags/example_kubernetes_executor.py took 0.157 seconds
[2025-08-02T02:38:31.612+0000] {processor.py:161} INFO - Started process (PID=274) to work on /home/airflow/.local/lib/python3.8/site-packages/airflow/example_dags/example_kubernetes_executor.py
[2025-08-02T02:38:31.617+0000] {processor.py:830} INFO - Processing file /home/airflow/.local/lib/python3.8/site-packages/airflow/example_dags/example_kubernetes_executor.py for tasks to queue
[2025-08-02T02:38:31.629+0000] {logging_mixin.py:188} INFO - [2025-08-02T02:38:31.628+0000] {dagbag.py:540} INFO - Filling up the DagBag from /home/airflow/.local/lib/python3.8/site-packages/airflow/example_dags/example_kubernetes_executor.py
[2025-08-02T02:38:31.676+0000] {processor.py:840} INFO - DAG(s) 'example_kubernetes_executor' retrieved from /home/airflow/.local/lib/python3.8/site-packages/airflow/example_dags/example_kubernetes_executor.py
[2025-08-02T02:38:31.965+0000] {logging_mixin.py:188} INFO - [2025-08-02T02:38:31.963+0000] {dag.py:3047} INFO - Sync 1 DAGs
[2025-08-02T02:38:32.211+0000] {logging_mixin.py:188} INFO - [2025-08-02T02:38:32.211+0000] {dag.py:3834} INFO - Setting next_dagrun for example_kubernetes_executor to None, run_after=None
[2025-08-02T02:38:32.354+0000] {processor.py:183} INFO - Processing /home/airflow/.local/lib/python3.8/site-packages/airflow/example_dags/example_kubernetes_executor.py took 0.747 seconds
[2025-08-02T02:39:03.321+0000] {processor.py:161} INFO - Started process (PID=330) to work on /home/airflow/.local/lib/python3.8/site-packages/airflow/example_dags/example_kubernetes_executor.py
[2025-08-02T02:39:03.326+0000] {processor.py:830} INFO - Processing file /home/airflow/.local/lib/python3.8/site-packages/airflow/example_dags/example_kubernetes_executor.py for tasks to queue
[2025-08-02T02:39:03.335+0000] {logging_mixin.py:188} INFO - [2025-08-02T02:39:03.334+0000] {dagbag.py:540} INFO - Filling up the DagBag from /home/airflow/.local/lib/python3.8/site-packages/airflow/example_dags/example_kubernetes_executor.py
[2025-08-02T02:39:03.372+0000] {processor.py:840} INFO - DAG(s) 'example_kubernetes_executor' retrieved from /home/airflow/.local/lib/python3.8/site-packages/airflow/example_dags/example_kubernetes_executor.py
[2025-08-02T02:39:03.464+0000] {logging_mixin.py:188} INFO - [2025-08-02T02:39:03.464+0000] {dag.py:3047} INFO - Sync 1 DAGs
[2025-08-02T02:39:03.494+0000] {logging_mixin.py:188} INFO - [2025-08-02T02:39:03.494+0000] {dag.py:3834} INFO - Setting next_dagrun for example_kubernetes_executor to None, run_after=None
[2025-08-02T02:39:03.516+0000] {processor.py:183} INFO - Processing /home/airflow/.local/lib/python3.8/site-packages/airflow/example_dags/example_kubernetes_executor.py took 0.201 seconds
[2025-08-02T02:39:34.471+0000] {processor.py:161} INFO - Started process (PID=385) to work on /home/airflow/.local/lib/python3.8/site-packages/airflow/example_dags/example_kubernetes_executor.py
[2025-08-02T02:39:34.473+0000] {processor.py:830} INFO - Processing file /home/airflow/.local/lib/python3.8/site-packages/airflow/example_dags/example_kubernetes_executor.py for tasks to queue
[2025-08-02T02:39:34.476+0000] {logging_mixin.py:188} INFO - [2025-08-02T02:39:34.476+0000] {dagbag.py:540} INFO - Filling up the DagBag from /home/airflow/.local/lib/python3.8/site-packages/airflow/example_dags/example_kubernetes_executor.py
[2025-08-02T02:39:34.507+0000] {processor.py:840} INFO - DAG(s) 'example_kubernetes_executor' retrieved from /home/airflow/.local/lib/python3.8/site-packages/airflow/example_dags/example_kubernetes_executor.py
[2025-08-02T02:39:34.584+0000] {logging_mixin.py:188} INFO - [2025-08-02T02:39:34.584+0000] {dag.py:3047} INFO - Sync 1 DAGs
[2025-08-02T02:39:34.608+0000] {logging_mixin.py:188} INFO - [2025-08-02T02:39:34.608+0000] {dag.py:3834} INFO - Setting next_dagrun for example_kubernetes_executor to None, run_after=None
[2025-08-02T02:39:34.633+0000] {processor.py:183} INFO - Processing /home/airflow/.local/lib/python3.8/site-packages/airflow/example_dags/example_kubernetes_executor.py took 0.172 seconds
[2025-08-02T02:40:04.927+0000] {processor.py:161} INFO - Started process (PID=441) to work on /home/airflow/.local/lib/python3.8/site-packages/airflow/example_dags/example_kubernetes_executor.py
[2025-08-02T02:40:04.933+0000] {processor.py:830} INFO - Processing file /home/airflow/.local/lib/python3.8/site-packages/airflow/example_dags/example_kubernetes_executor.py for tasks to queue
[2025-08-02T02:40:04.941+0000] {logging_mixin.py:188} INFO - [2025-08-02T02:40:04.938+0000] {dagbag.py:540} INFO - Filling up the DagBag from /home/airflow/.local/lib/python3.8/site-packages/airflow/example_dags/example_kubernetes_executor.py
[2025-08-02T02:40:05.010+0000] {processor.py:840} INFO - DAG(s) 'example_kubernetes_executor' retrieved from /home/airflow/.local/lib/python3.8/site-packages/airflow/example_dags/example_kubernetes_executor.py
[2025-08-02T02:40:05.114+0000] {logging_mixin.py:188} INFO - [2025-08-02T02:40:05.114+0000] {dag.py:3047} INFO - Sync 1 DAGs
[2025-08-02T02:40:05.136+0000] {logging_mixin.py:188} INFO - [2025-08-02T02:40:05.136+0000] {dag.py:3834} INFO - Setting next_dagrun for example_kubernetes_executor to None, run_after=None
[2025-08-02T02:40:05.157+0000] {processor.py:183} INFO - Processing /home/airflow/.local/lib/python3.8/site-packages/airflow/example_dags/example_kubernetes_executor.py took 0.239 seconds
[2025-08-02T02:40:35.754+0000] {processor.py:161} INFO - Started process (PID=497) to work on /home/airflow/.local/lib/python3.8/site-packages/airflow/example_dags/example_kubernetes_executor.py
[2025-08-02T02:40:35.757+0000] {processor.py:830} INFO - Processing file /home/airflow/.local/lib/python3.8/site-packages/airflow/example_dags/example_kubernetes_executor.py for tasks to queue
[2025-08-02T02:40:35.760+0000] {logging_mixin.py:188} INFO - [2025-08-02T02:40:35.760+0000] {dagbag.py:540} INFO - Filling up the DagBag from /home/airflow/.local/lib/python3.8/site-packages/airflow/example_dags/example_kubernetes_executor.py
[2025-08-02T02:40:35.787+0000] {processor.py:840} INFO - DAG(s) 'example_kubernetes_executor' retrieved from /home/airflow/.local/lib/python3.8/site-packages/airflow/example_dags/example_kubernetes_executor.py
[2025-08-02T02:40:35.888+0000] {logging_mixin.py:188} INFO - [2025-08-02T02:40:35.888+0000] {dag.py:3047} INFO - Sync 1 DAGs
[2025-08-02T02:40:35.902+0000] {logging_mixin.py:188} INFO - [2025-08-02T02:40:35.902+0000] {dag.py:3834} INFO - Setting next_dagrun for example_kubernetes_executor to None, run_after=None
[2025-08-02T02:40:35.922+0000] {processor.py:183} INFO - Processing /home/airflow/.local/lib/python3.8/site-packages/airflow/example_dags/example_kubernetes_executor.py took 0.172 seconds
[2025-08-02T02:41:06.421+0000] {processor.py:161} INFO - Started process (PID=553) to work on /home/airflow/.local/lib/python3.8/site-packages/airflow/example_dags/example_kubernetes_executor.py
[2025-08-02T02:41:06.427+0000] {processor.py:830} INFO - Processing file /home/airflow/.local/lib/python3.8/site-packages/airflow/example_dags/example_kubernetes_executor.py for tasks to queue
[2025-08-02T02:41:06.431+0000] {logging_mixin.py:188} INFO - [2025-08-02T02:41:06.430+0000] {dagbag.py:540} INFO - Filling up the DagBag from /home/airflow/.local/lib/python3.8/site-packages/airflow/example_dags/example_kubernetes_executor.py
[2025-08-02T02:41:06.487+0000] {processor.py:840} INFO - DAG(s) 'example_kubernetes_executor' retrieved from /home/airflow/.local/lib/python3.8/site-packages/airflow/example_dags/example_kubernetes_executor.py
[2025-08-02T02:41:06.644+0000] {logging_mixin.py:188} INFO - [2025-08-02T02:41:06.643+0000] {dag.py:3047} INFO - Sync 1 DAGs
[2025-08-02T02:41:06.661+0000] {logging_mixin.py:188} INFO - [2025-08-02T02:41:06.660+0000] {dag.py:3834} INFO - Setting next_dagrun for example_kubernetes_executor to None, run_after=None
[2025-08-02T02:41:06.698+0000] {processor.py:183} INFO - Processing /home/airflow/.local/lib/python3.8/site-packages/airflow/example_dags/example_kubernetes_executor.py took 0.291 seconds
[2025-08-02T02:41:37.242+0000] {processor.py:161} INFO - Started process (PID=609) to work on /home/airflow/.local/lib/python3.8/site-packages/airflow/example_dags/example_kubernetes_executor.py
[2025-08-02T02:41:37.245+0000] {processor.py:830} INFO - Processing file /home/airflow/.local/lib/python3.8/site-packages/airflow/example_dags/example_kubernetes_executor.py for tasks to queue
[2025-08-02T02:41:37.251+0000] {logging_mixin.py:188} INFO - [2025-08-02T02:41:37.250+0000] {dagbag.py:540} INFO - Filling up the DagBag from /home/airflow/.local/lib/python3.8/site-packages/airflow/example_dags/example_kubernetes_executor.py
[2025-08-02T02:41:37.300+0000] {processor.py:840} INFO - DAG(s) 'example_kubernetes_executor' retrieved from /home/airflow/.local/lib/python3.8/site-packages/airflow/example_dags/example_kubernetes_executor.py
[2025-08-02T02:41:37.488+0000] {logging_mixin.py:188} INFO - [2025-08-02T02:41:37.486+0000] {dag.py:3047} INFO - Sync 1 DAGs
[2025-08-02T02:41:37.512+0000] {logging_mixin.py:188} INFO - [2025-08-02T02:41:37.511+0000] {dag.py:3834} INFO - Setting next_dagrun for example_kubernetes_executor to None, run_after=None
[2025-08-02T02:41:37.564+0000] {processor.py:183} INFO - Processing /home/airflow/.local/lib/python3.8/site-packages/airflow/example_dags/example_kubernetes_executor.py took 0.335 seconds
[2025-08-02T02:42:08.578+0000] {processor.py:161} INFO - Started process (PID=665) to work on /home/airflow/.local/lib/python3.8/site-packages/airflow/example_dags/example_kubernetes_executor.py
[2025-08-02T02:42:08.583+0000] {processor.py:830} INFO - Processing file /home/airflow/.local/lib/python3.8/site-packages/airflow/example_dags/example_kubernetes_executor.py for tasks to queue
[2025-08-02T02:42:08.586+0000] {logging_mixin.py:188} INFO - [2025-08-02T02:42:08.585+0000] {dagbag.py:540} INFO - Filling up the DagBag from /home/airflow/.local/lib/python3.8/site-packages/airflow/example_dags/example_kubernetes_executor.py
[2025-08-02T02:42:08.610+0000] {processor.py:840} INFO - DAG(s) 'example_kubernetes_executor' retrieved from /home/airflow/.local/lib/python3.8/site-packages/airflow/example_dags/example_kubernetes_executor.py
[2025-08-02T02:42:08.703+0000] {logging_mixin.py:188} INFO - [2025-08-02T02:42:08.702+0000] {dag.py:3047} INFO - Sync 1 DAGs
[2025-08-02T02:42:08.719+0000] {logging_mixin.py:188} INFO - [2025-08-02T02:42:08.719+0000] {dag.py:3834} INFO - Setting next_dagrun for example_kubernetes_executor to None, run_after=None
[2025-08-02T02:42:08.737+0000] {processor.py:183} INFO - Processing /home/airflow/.local/lib/python3.8/site-packages/airflow/example_dags/example_kubernetes_executor.py took 0.181 seconds
[2025-08-02T02:42:39.156+0000] {processor.py:161} INFO - Started process (PID=721) to work on /home/airflow/.local/lib/python3.8/site-packages/airflow/example_dags/example_kubernetes_executor.py
[2025-08-02T02:42:39.158+0000] {processor.py:830} INFO - Processing file /home/airflow/.local/lib/python3.8/site-packages/airflow/example_dags/example_kubernetes_executor.py for tasks to queue
[2025-08-02T02:42:39.164+0000] {logging_mixin.py:188} INFO - [2025-08-02T02:42:39.163+0000] {dagbag.py:540} INFO - Filling up the DagBag from /home/airflow/.local/lib/python3.8/site-packages/airflow/example_dags/example_kubernetes_executor.py
[2025-08-02T02:42:39.191+0000] {processor.py:840} INFO - DAG(s) 'example_kubernetes_executor' retrieved from /home/airflow/.local/lib/python3.8/site-packages/airflow/example_dags/example_kubernetes_executor.py
[2025-08-02T02:42:39.260+0000] {logging_mixin.py:188} INFO - [2025-08-02T02:42:39.260+0000] {dag.py:3047} INFO - Sync 1 DAGs
[2025-08-02T02:42:39.272+0000] {logging_mixin.py:188} INFO - [2025-08-02T02:42:39.272+0000] {dag.py:3834} INFO - Setting next_dagrun for example_kubernetes_executor to None, run_after=None
[2025-08-02T02:42:39.294+0000] {processor.py:183} INFO - Processing /home/airflow/.local/lib/python3.8/site-packages/airflow/example_dags/example_kubernetes_executor.py took 0.144 seconds
[2025-08-02T02:46:34.805+0000] {processor.py:161} INFO - Started process (PID=106) to work on /home/airflow/.local/lib/python3.8/site-packages/airflow/example_dags/example_kubernetes_executor.py
[2025-08-02T02:46:34.807+0000] {processor.py:830} INFO - Processing file /home/airflow/.local/lib/python3.8/site-packages/airflow/example_dags/example_kubernetes_executor.py for tasks to queue
[2025-08-02T02:46:34.810+0000] {logging_mixin.py:188} INFO - [2025-08-02T02:46:34.809+0000] {dagbag.py:540} INFO - Filling up the DagBag from /home/airflow/.local/lib/python3.8/site-packages/airflow/example_dags/example_kubernetes_executor.py
[2025-08-02T02:46:34.878+0000] {processor.py:840} INFO - DAG(s) 'example_kubernetes_executor' retrieved from /home/airflow/.local/lib/python3.8/site-packages/airflow/example_dags/example_kubernetes_executor.py
[2025-08-02T02:46:35.316+0000] {logging_mixin.py:188} INFO - [2025-08-02T02:46:35.315+0000] {dag.py:3047} INFO - Sync 1 DAGs
[2025-08-02T02:46:35.359+0000] {logging_mixin.py:188} INFO - [2025-08-02T02:46:35.358+0000] {dag.py:3834} INFO - Setting next_dagrun for example_kubernetes_executor to None, run_after=None
[2025-08-02T02:46:35.417+0000] {processor.py:183} INFO - Processing /home/airflow/.local/lib/python3.8/site-packages/airflow/example_dags/example_kubernetes_executor.py took 0.625 seconds
[2025-08-02T02:47:10.031+0000] {processor.py:161} INFO - Started process (PID=163) to work on /home/airflow/.local/lib/python3.8/site-packages/airflow/example_dags/example_kubernetes_executor.py
[2025-08-02T02:47:10.034+0000] {processor.py:830} INFO - Processing file /home/airflow/.local/lib/python3.8/site-packages/airflow/example_dags/example_kubernetes_executor.py for tasks to queue
[2025-08-02T02:47:10.038+0000] {logging_mixin.py:188} INFO - [2025-08-02T02:47:10.038+0000] {dagbag.py:540} INFO - Filling up the DagBag from /home/airflow/.local/lib/python3.8/site-packages/airflow/example_dags/example_kubernetes_executor.py
[2025-08-02T02:47:10.079+0000] {processor.py:840} INFO - DAG(s) 'example_kubernetes_executor' retrieved from /home/airflow/.local/lib/python3.8/site-packages/airflow/example_dags/example_kubernetes_executor.py
[2025-08-02T02:47:10.229+0000] {logging_mixin.py:188} INFO - [2025-08-02T02:47:10.229+0000] {dag.py:3047} INFO - Sync 1 DAGs
[2025-08-02T02:47:10.288+0000] {logging_mixin.py:188} INFO - [2025-08-02T02:47:10.288+0000] {dag.py:3834} INFO - Setting next_dagrun for example_kubernetes_executor to None, run_after=None
[2025-08-02T02:47:10.332+0000] {processor.py:183} INFO - Processing /home/airflow/.local/lib/python3.8/site-packages/airflow/example_dags/example_kubernetes_executor.py took 0.312 seconds
[2025-08-02T02:47:47.855+0000] {processor.py:161} INFO - Started process (PID=219) to work on /home/airflow/.local/lib/python3.8/site-packages/airflow/example_dags/example_kubernetes_executor.py
[2025-08-02T02:47:47.884+0000] {processor.py:830} INFO - Processing file /home/airflow/.local/lib/python3.8/site-packages/airflow/example_dags/example_kubernetes_executor.py for tasks to queue
[2025-08-02T02:47:47.945+0000] {logging_mixin.py:188} INFO - [2025-08-02T02:47:47.929+0000] {dagbag.py:540} INFO - Filling up the DagBag from /home/airflow/.local/lib/python3.8/site-packages/airflow/example_dags/example_kubernetes_executor.py
[2025-08-02T02:47:48.480+0000] {processor.py:840} INFO - DAG(s) 'example_kubernetes_executor' retrieved from /home/airflow/.local/lib/python3.8/site-packages/airflow/example_dags/example_kubernetes_executor.py
[2025-08-02T02:47:49.094+0000] {logging_mixin.py:188} INFO - [2025-08-02T02:47:49.072+0000] {dag.py:3047} INFO - Sync 1 DAGs
[2025-08-02T02:47:49.198+0000] {logging_mixin.py:188} INFO - [2025-08-02T02:47:49.196+0000] {dag.py:3834} INFO - Setting next_dagrun for example_kubernetes_executor to None, run_after=None
[2025-08-02T02:47:49.297+0000] {processor.py:183} INFO - Processing /home/airflow/.local/lib/python3.8/site-packages/airflow/example_dags/example_kubernetes_executor.py took 1.563 seconds
[2025-08-02T02:48:19.840+0000] {processor.py:161} INFO - Started process (PID=274) to work on /home/airflow/.local/lib/python3.8/site-packages/airflow/example_dags/example_kubernetes_executor.py
[2025-08-02T02:48:19.856+0000] {processor.py:830} INFO - Processing file /home/airflow/.local/lib/python3.8/site-packages/airflow/example_dags/example_kubernetes_executor.py for tasks to queue
[2025-08-02T02:48:19.868+0000] {logging_mixin.py:188} INFO - [2025-08-02T02:48:19.867+0000] {dagbag.py:540} INFO - Filling up the DagBag from /home/airflow/.local/lib/python3.8/site-packages/airflow/example_dags/example_kubernetes_executor.py
[2025-08-02T02:48:19.913+0000] {processor.py:840} INFO - DAG(s) 'example_kubernetes_executor' retrieved from /home/airflow/.local/lib/python3.8/site-packages/airflow/example_dags/example_kubernetes_executor.py
[2025-08-02T02:48:20.028+0000] {logging_mixin.py:188} INFO - [2025-08-02T02:48:20.027+0000] {dag.py:3047} INFO - Sync 1 DAGs
[2025-08-02T02:48:20.050+0000] {logging_mixin.py:188} INFO - [2025-08-02T02:48:20.050+0000] {dag.py:3834} INFO - Setting next_dagrun for example_kubernetes_executor to None, run_after=None
[2025-08-02T02:48:20.101+0000] {processor.py:183} INFO - Processing /home/airflow/.local/lib/python3.8/site-packages/airflow/example_dags/example_kubernetes_executor.py took 0.270 seconds
[2025-08-02T02:48:50.301+0000] {processor.py:161} INFO - Started process (PID=330) to work on /home/airflow/.local/lib/python3.8/site-packages/airflow/example_dags/example_kubernetes_executor.py
[2025-08-02T02:48:50.302+0000] {processor.py:830} INFO - Processing file /home/airflow/.local/lib/python3.8/site-packages/airflow/example_dags/example_kubernetes_executor.py for tasks to queue
[2025-08-02T02:48:50.306+0000] {logging_mixin.py:188} INFO - [2025-08-02T02:48:50.306+0000] {dagbag.py:540} INFO - Filling up the DagBag from /home/airflow/.local/lib/python3.8/site-packages/airflow/example_dags/example_kubernetes_executor.py
[2025-08-02T02:48:50.337+0000] {processor.py:840} INFO - DAG(s) 'example_kubernetes_executor' retrieved from /home/airflow/.local/lib/python3.8/site-packages/airflow/example_dags/example_kubernetes_executor.py
[2025-08-02T02:48:50.404+0000] {logging_mixin.py:188} INFO - [2025-08-02T02:48:50.404+0000] {dag.py:3047} INFO - Sync 1 DAGs
[2025-08-02T02:48:50.416+0000] {logging_mixin.py:188} INFO - [2025-08-02T02:48:50.415+0000] {dag.py:3834} INFO - Setting next_dagrun for example_kubernetes_executor to None, run_after=None
[2025-08-02T02:48:50.458+0000] {processor.py:183} INFO - Processing /home/airflow/.local/lib/python3.8/site-packages/airflow/example_dags/example_kubernetes_executor.py took 0.163 seconds
[2025-08-02T02:49:20.736+0000] {processor.py:161} INFO - Started process (PID=386) to work on /home/airflow/.local/lib/python3.8/site-packages/airflow/example_dags/example_kubernetes_executor.py
[2025-08-02T02:49:20.743+0000] {processor.py:830} INFO - Processing file /home/airflow/.local/lib/python3.8/site-packages/airflow/example_dags/example_kubernetes_executor.py for tasks to queue
[2025-08-02T02:49:20.760+0000] {logging_mixin.py:188} INFO - [2025-08-02T02:49:20.759+0000] {dagbag.py:540} INFO - Filling up the DagBag from /home/airflow/.local/lib/python3.8/site-packages/airflow/example_dags/example_kubernetes_executor.py
[2025-08-02T02:49:20.790+0000] {processor.py:840} INFO - DAG(s) 'example_kubernetes_executor' retrieved from /home/airflow/.local/lib/python3.8/site-packages/airflow/example_dags/example_kubernetes_executor.py
[2025-08-02T02:49:20.870+0000] {logging_mixin.py:188} INFO - [2025-08-02T02:49:20.869+0000] {dag.py:3047} INFO - Sync 1 DAGs
[2025-08-02T02:49:20.883+0000] {logging_mixin.py:188} INFO - [2025-08-02T02:49:20.883+0000] {dag.py:3834} INFO - Setting next_dagrun for example_kubernetes_executor to None, run_after=None
[2025-08-02T02:49:20.906+0000] {processor.py:183} INFO - Processing /home/airflow/.local/lib/python3.8/site-packages/airflow/example_dags/example_kubernetes_executor.py took 0.180 seconds
[2025-08-02T02:49:51.421+0000] {processor.py:161} INFO - Started process (PID=442) to work on /home/airflow/.local/lib/python3.8/site-packages/airflow/example_dags/example_kubernetes_executor.py
[2025-08-02T02:49:51.424+0000] {processor.py:830} INFO - Processing file /home/airflow/.local/lib/python3.8/site-packages/airflow/example_dags/example_kubernetes_executor.py for tasks to queue
[2025-08-02T02:49:51.429+0000] {logging_mixin.py:188} INFO - [2025-08-02T02:49:51.428+0000] {dagbag.py:540} INFO - Filling up the DagBag from /home/airflow/.local/lib/python3.8/site-packages/airflow/example_dags/example_kubernetes_executor.py
[2025-08-02T02:49:51.516+0000] {processor.py:840} INFO - DAG(s) 'example_kubernetes_executor' retrieved from /home/airflow/.local/lib/python3.8/site-packages/airflow/example_dags/example_kubernetes_executor.py
[2025-08-02T02:49:51.719+0000] {logging_mixin.py:188} INFO - [2025-08-02T02:49:51.718+0000] {dag.py:3047} INFO - Sync 1 DAGs
[2025-08-02T02:49:51.741+0000] {logging_mixin.py:188} INFO - [2025-08-02T02:49:51.740+0000] {dag.py:3834} INFO - Setting next_dagrun for example_kubernetes_executor to None, run_after=None
[2025-08-02T02:49:51.763+0000] {processor.py:183} INFO - Processing /home/airflow/.local/lib/python3.8/site-packages/airflow/example_dags/example_kubernetes_executor.py took 0.351 seconds
[2025-08-02T02:50:21.978+0000] {processor.py:161} INFO - Started process (PID=498) to work on /home/airflow/.local/lib/python3.8/site-packages/airflow/example_dags/example_kubernetes_executor.py
[2025-08-02T02:50:21.982+0000] {processor.py:830} INFO - Processing file /home/airflow/.local/lib/python3.8/site-packages/airflow/example_dags/example_kubernetes_executor.py for tasks to queue
[2025-08-02T02:50:21.986+0000] {logging_mixin.py:188} INFO - [2025-08-02T02:50:21.985+0000] {dagbag.py:540} INFO - Filling up the DagBag from /home/airflow/.local/lib/python3.8/site-packages/airflow/example_dags/example_kubernetes_executor.py
[2025-08-02T02:50:22.015+0000] {processor.py:840} INFO - DAG(s) 'example_kubernetes_executor' retrieved from /home/airflow/.local/lib/python3.8/site-packages/airflow/example_dags/example_kubernetes_executor.py
[2025-08-02T02:50:22.086+0000] {logging_mixin.py:188} INFO - [2025-08-02T02:50:22.085+0000] {dag.py:3047} INFO - Sync 1 DAGs
[2025-08-02T02:50:22.125+0000] {logging_mixin.py:188} INFO - [2025-08-02T02:50:22.125+0000] {dag.py:3834} INFO - Setting next_dagrun for example_kubernetes_executor to None, run_after=None
[2025-08-02T02:50:22.153+0000] {processor.py:183} INFO - Processing /home/airflow/.local/lib/python3.8/site-packages/airflow/example_dags/example_kubernetes_executor.py took 0.203 seconds
[2025-08-02T02:50:52.743+0000] {processor.py:161} INFO - Started process (PID=554) to work on /home/airflow/.local/lib/python3.8/site-packages/airflow/example_dags/example_kubernetes_executor.py
[2025-08-02T02:50:52.744+0000] {processor.py:830} INFO - Processing file /home/airflow/.local/lib/python3.8/site-packages/airflow/example_dags/example_kubernetes_executor.py for tasks to queue
[2025-08-02T02:50:52.748+0000] {logging_mixin.py:188} INFO - [2025-08-02T02:50:52.747+0000] {dagbag.py:540} INFO - Filling up the DagBag from /home/airflow/.local/lib/python3.8/site-packages/airflow/example_dags/example_kubernetes_executor.py
[2025-08-02T02:50:52.768+0000] {processor.py:840} INFO - DAG(s) 'example_kubernetes_executor' retrieved from /home/airflow/.local/lib/python3.8/site-packages/airflow/example_dags/example_kubernetes_executor.py
[2025-08-02T02:50:52.840+0000] {logging_mixin.py:188} INFO - [2025-08-02T02:50:52.840+0000] {dag.py:3047} INFO - Sync 1 DAGs
[2025-08-02T02:50:52.850+0000] {logging_mixin.py:188} INFO - [2025-08-02T02:50:52.850+0000] {dag.py:3834} INFO - Setting next_dagrun for example_kubernetes_executor to None, run_after=None
[2025-08-02T02:50:52.869+0000] {processor.py:183} INFO - Processing /home/airflow/.local/lib/python3.8/site-packages/airflow/example_dags/example_kubernetes_executor.py took 0.137 seconds
[2025-08-02T02:51:23.602+0000] {processor.py:161} INFO - Started process (PID=610) to work on /home/airflow/.local/lib/python3.8/site-packages/airflow/example_dags/example_kubernetes_executor.py
[2025-08-02T02:51:23.605+0000] {processor.py:830} INFO - Processing file /home/airflow/.local/lib/python3.8/site-packages/airflow/example_dags/example_kubernetes_executor.py for tasks to queue
[2025-08-02T02:51:23.609+0000] {logging_mixin.py:188} INFO - [2025-08-02T02:51:23.609+0000] {dagbag.py:540} INFO - Filling up the DagBag from /home/airflow/.local/lib/python3.8/site-packages/airflow/example_dags/example_kubernetes_executor.py
[2025-08-02T02:51:23.633+0000] {processor.py:840} INFO - DAG(s) 'example_kubernetes_executor' retrieved from /home/airflow/.local/lib/python3.8/site-packages/airflow/example_dags/example_kubernetes_executor.py
[2025-08-02T02:51:23.726+0000] {logging_mixin.py:188} INFO - [2025-08-02T02:51:23.725+0000] {dag.py:3047} INFO - Sync 1 DAGs
[2025-08-02T02:51:23.737+0000] {logging_mixin.py:188} INFO - [2025-08-02T02:51:23.737+0000] {dag.py:3834} INFO - Setting next_dagrun for example_kubernetes_executor to None, run_after=None
[2025-08-02T02:51:23.767+0000] {processor.py:183} INFO - Processing /home/airflow/.local/lib/python3.8/site-packages/airflow/example_dags/example_kubernetes_executor.py took 0.193 seconds
[2025-08-02T02:51:54.008+0000] {processor.py:161} INFO - Started process (PID=666) to work on /home/airflow/.local/lib/python3.8/site-packages/airflow/example_dags/example_kubernetes_executor.py
[2025-08-02T02:51:54.017+0000] {processor.py:830} INFO - Processing file /home/airflow/.local/lib/python3.8/site-packages/airflow/example_dags/example_kubernetes_executor.py for tasks to queue
[2025-08-02T02:51:54.042+0000] {logging_mixin.py:188} INFO - [2025-08-02T02:51:54.042+0000] {dagbag.py:540} INFO - Filling up the DagBag from /home/airflow/.local/lib/python3.8/site-packages/airflow/example_dags/example_kubernetes_executor.py
[2025-08-02T02:51:54.120+0000] {processor.py:840} INFO - DAG(s) 'example_kubernetes_executor' retrieved from /home/airflow/.local/lib/python3.8/site-packages/airflow/example_dags/example_kubernetes_executor.py
[2025-08-02T02:51:54.220+0000] {logging_mixin.py:188} INFO - [2025-08-02T02:51:54.219+0000] {dag.py:3047} INFO - Sync 1 DAGs
[2025-08-02T02:51:54.234+0000] {logging_mixin.py:188} INFO - [2025-08-02T02:51:54.234+0000] {dag.py:3834} INFO - Setting next_dagrun for example_kubernetes_executor to None, run_after=None
[2025-08-02T02:51:54.254+0000] {processor.py:183} INFO - Processing /home/airflow/.local/lib/python3.8/site-packages/airflow/example_dags/example_kubernetes_executor.py took 0.267 seconds
[2025-08-02T02:52:24.546+0000] {processor.py:161} INFO - Started process (PID=722) to work on /home/airflow/.local/lib/python3.8/site-packages/airflow/example_dags/example_kubernetes_executor.py
[2025-08-02T02:52:24.564+0000] {processor.py:830} INFO - Processing file /home/airflow/.local/lib/python3.8/site-packages/airflow/example_dags/example_kubernetes_executor.py for tasks to queue
[2025-08-02T02:52:24.574+0000] {logging_mixin.py:188} INFO - [2025-08-02T02:52:24.573+0000] {dagbag.py:540} INFO - Filling up the DagBag from /home/airflow/.local/lib/python3.8/site-packages/airflow/example_dags/example_kubernetes_executor.py
[2025-08-02T02:52:24.599+0000] {processor.py:840} INFO - DAG(s) 'example_kubernetes_executor' retrieved from /home/airflow/.local/lib/python3.8/site-packages/airflow/example_dags/example_kubernetes_executor.py
[2025-08-02T02:52:24.660+0000] {logging_mixin.py:188} INFO - [2025-08-02T02:52:24.660+0000] {dag.py:3047} INFO - Sync 1 DAGs
[2025-08-02T02:52:24.671+0000] {logging_mixin.py:188} INFO - [2025-08-02T02:52:24.671+0000] {dag.py:3834} INFO - Setting next_dagrun for example_kubernetes_executor to None, run_after=None
[2025-08-02T02:52:24.703+0000] {processor.py:183} INFO - Processing /home/airflow/.local/lib/python3.8/site-packages/airflow/example_dags/example_kubernetes_executor.py took 0.168 seconds
[2025-08-02T02:56:49.162+0000] {processor.py:161} INFO - Started process (PID=100) to work on /home/airflow/.local/lib/python3.8/site-packages/airflow/example_dags/example_kubernetes_executor.py
[2025-08-02T02:56:49.168+0000] {processor.py:830} INFO - Processing file /home/airflow/.local/lib/python3.8/site-packages/airflow/example_dags/example_kubernetes_executor.py for tasks to queue
[2025-08-02T02:56:49.176+0000] {logging_mixin.py:188} INFO - [2025-08-02T02:56:49.174+0000] {dagbag.py:540} INFO - Filling up the DagBag from /home/airflow/.local/lib/python3.8/site-packages/airflow/example_dags/example_kubernetes_executor.py
[2025-08-02T02:56:49.254+0000] {processor.py:840} INFO - DAG(s) 'example_kubernetes_executor' retrieved from /home/airflow/.local/lib/python3.8/site-packages/airflow/example_dags/example_kubernetes_executor.py
[2025-08-02T02:56:49.533+0000] {logging_mixin.py:188} INFO - [2025-08-02T02:56:49.533+0000] {dag.py:3047} INFO - Sync 1 DAGs
[2025-08-02T02:56:49.556+0000] {logging_mixin.py:188} INFO - [2025-08-02T02:56:49.555+0000] {dag.py:3834} INFO - Setting next_dagrun for example_kubernetes_executor to None, run_after=None
[2025-08-02T02:56:49.637+0000] {processor.py:183} INFO - Processing /home/airflow/.local/lib/python3.8/site-packages/airflow/example_dags/example_kubernetes_executor.py took 0.485 seconds
[2025-08-02T02:57:20.577+0000] {processor.py:161} INFO - Started process (PID=156) to work on /home/airflow/.local/lib/python3.8/site-packages/airflow/example_dags/example_kubernetes_executor.py
[2025-08-02T02:57:20.583+0000] {processor.py:830} INFO - Processing file /home/airflow/.local/lib/python3.8/site-packages/airflow/example_dags/example_kubernetes_executor.py for tasks to queue
[2025-08-02T02:57:20.598+0000] {logging_mixin.py:188} INFO - [2025-08-02T02:57:20.597+0000] {dagbag.py:540} INFO - Filling up the DagBag from /home/airflow/.local/lib/python3.8/site-packages/airflow/example_dags/example_kubernetes_executor.py
[2025-08-02T02:57:20.655+0000] {processor.py:840} INFO - DAG(s) 'example_kubernetes_executor' retrieved from /home/airflow/.local/lib/python3.8/site-packages/airflow/example_dags/example_kubernetes_executor.py
[2025-08-02T02:57:20.788+0000] {logging_mixin.py:188} INFO - [2025-08-02T02:57:20.788+0000] {dag.py:3047} INFO - Sync 1 DAGs
[2025-08-02T02:57:20.841+0000] {logging_mixin.py:188} INFO - [2025-08-02T02:57:20.840+0000] {dag.py:3834} INFO - Setting next_dagrun for example_kubernetes_executor to None, run_after=None
[2025-08-02T02:57:20.897+0000] {processor.py:183} INFO - Processing /home/airflow/.local/lib/python3.8/site-packages/airflow/example_dags/example_kubernetes_executor.py took 0.350 seconds
[2025-08-02T02:57:51.384+0000] {processor.py:161} INFO - Started process (PID=212) to work on /home/airflow/.local/lib/python3.8/site-packages/airflow/example_dags/example_kubernetes_executor.py
[2025-08-02T02:57:51.388+0000] {processor.py:830} INFO - Processing file /home/airflow/.local/lib/python3.8/site-packages/airflow/example_dags/example_kubernetes_executor.py for tasks to queue
[2025-08-02T02:57:51.401+0000] {logging_mixin.py:188} INFO - [2025-08-02T02:57:51.399+0000] {dagbag.py:540} INFO - Filling up the DagBag from /home/airflow/.local/lib/python3.8/site-packages/airflow/example_dags/example_kubernetes_executor.py
[2025-08-02T02:57:51.460+0000] {processor.py:840} INFO - DAG(s) 'example_kubernetes_executor' retrieved from /home/airflow/.local/lib/python3.8/site-packages/airflow/example_dags/example_kubernetes_executor.py
[2025-08-02T02:57:51.560+0000] {logging_mixin.py:188} INFO - [2025-08-02T02:57:51.559+0000] {dag.py:3047} INFO - Sync 1 DAGs
[2025-08-02T02:57:51.596+0000] {logging_mixin.py:188} INFO - [2025-08-02T02:57:51.596+0000] {dag.py:3834} INFO - Setting next_dagrun for example_kubernetes_executor to None, run_after=None
[2025-08-02T02:57:51.648+0000] {processor.py:183} INFO - Processing /home/airflow/.local/lib/python3.8/site-packages/airflow/example_dags/example_kubernetes_executor.py took 0.280 seconds
[2025-08-02T02:58:21.992+0000] {processor.py:161} INFO - Started process (PID=268) to work on /home/airflow/.local/lib/python3.8/site-packages/airflow/example_dags/example_kubernetes_executor.py
[2025-08-02T02:58:21.993+0000] {processor.py:830} INFO - Processing file /home/airflow/.local/lib/python3.8/site-packages/airflow/example_dags/example_kubernetes_executor.py for tasks to queue
[2025-08-02T02:58:21.996+0000] {logging_mixin.py:188} INFO - [2025-08-02T02:58:21.995+0000] {dagbag.py:540} INFO - Filling up the DagBag from /home/airflow/.local/lib/python3.8/site-packages/airflow/example_dags/example_kubernetes_executor.py
[2025-08-02T02:58:22.033+0000] {processor.py:840} INFO - DAG(s) 'example_kubernetes_executor' retrieved from /home/airflow/.local/lib/python3.8/site-packages/airflow/example_dags/example_kubernetes_executor.py
[2025-08-02T02:58:22.096+0000] {logging_mixin.py:188} INFO - [2025-08-02T02:58:22.095+0000] {dag.py:3047} INFO - Sync 1 DAGs
[2025-08-02T02:58:22.107+0000] {logging_mixin.py:188} INFO - [2025-08-02T02:58:22.107+0000] {dag.py:3834} INFO - Setting next_dagrun for example_kubernetes_executor to None, run_after=None
[2025-08-02T02:58:22.121+0000] {processor.py:183} INFO - Processing /home/airflow/.local/lib/python3.8/site-packages/airflow/example_dags/example_kubernetes_executor.py took 0.132 seconds
[2025-08-02T02:58:52.361+0000] {processor.py:161} INFO - Started process (PID=324) to work on /home/airflow/.local/lib/python3.8/site-packages/airflow/example_dags/example_kubernetes_executor.py
[2025-08-02T02:58:52.364+0000] {processor.py:830} INFO - Processing file /home/airflow/.local/lib/python3.8/site-packages/airflow/example_dags/example_kubernetes_executor.py for tasks to queue
[2025-08-02T02:58:52.366+0000] {logging_mixin.py:188} INFO - [2025-08-02T02:58:52.365+0000] {dagbag.py:540} INFO - Filling up the DagBag from /home/airflow/.local/lib/python3.8/site-packages/airflow/example_dags/example_kubernetes_executor.py
[2025-08-02T02:58:52.378+0000] {processor.py:840} INFO - DAG(s) 'example_kubernetes_executor' retrieved from /home/airflow/.local/lib/python3.8/site-packages/airflow/example_dags/example_kubernetes_executor.py
[2025-08-02T02:58:52.414+0000] {logging_mixin.py:188} INFO - [2025-08-02T02:58:52.414+0000] {dag.py:3047} INFO - Sync 1 DAGs
[2025-08-02T02:58:52.421+0000] {logging_mixin.py:188} INFO - [2025-08-02T02:58:52.421+0000] {dag.py:3834} INFO - Setting next_dagrun for example_kubernetes_executor to None, run_after=None
[2025-08-02T02:58:52.430+0000] {processor.py:183} INFO - Processing /home/airflow/.local/lib/python3.8/site-packages/airflow/example_dags/example_kubernetes_executor.py took 0.072 seconds
[2025-08-02T02:59:23.080+0000] {processor.py:161} INFO - Started process (PID=380) to work on /home/airflow/.local/lib/python3.8/site-packages/airflow/example_dags/example_kubernetes_executor.py
[2025-08-02T02:59:23.081+0000] {processor.py:830} INFO - Processing file /home/airflow/.local/lib/python3.8/site-packages/airflow/example_dags/example_kubernetes_executor.py for tasks to queue
[2025-08-02T02:59:23.083+0000] {logging_mixin.py:188} INFO - [2025-08-02T02:59:23.083+0000] {dagbag.py:540} INFO - Filling up the DagBag from /home/airflow/.local/lib/python3.8/site-packages/airflow/example_dags/example_kubernetes_executor.py
[2025-08-02T02:59:23.094+0000] {processor.py:840} INFO - DAG(s) 'example_kubernetes_executor' retrieved from /home/airflow/.local/lib/python3.8/site-packages/airflow/example_dags/example_kubernetes_executor.py
[2025-08-02T02:59:23.122+0000] {logging_mixin.py:188} INFO - [2025-08-02T02:59:23.122+0000] {dag.py:3047} INFO - Sync 1 DAGs
[2025-08-02T02:59:23.128+0000] {logging_mixin.py:188} INFO - [2025-08-02T02:59:23.127+0000] {dag.py:3834} INFO - Setting next_dagrun for example_kubernetes_executor to None, run_after=None
[2025-08-02T02:59:23.142+0000] {processor.py:183} INFO - Processing /home/airflow/.local/lib/python3.8/site-packages/airflow/example_dags/example_kubernetes_executor.py took 0.064 seconds
[2025-08-02T02:59:54.109+0000] {processor.py:161} INFO - Started process (PID=436) to work on /home/airflow/.local/lib/python3.8/site-packages/airflow/example_dags/example_kubernetes_executor.py
[2025-08-02T02:59:54.111+0000] {processor.py:830} INFO - Processing file /home/airflow/.local/lib/python3.8/site-packages/airflow/example_dags/example_kubernetes_executor.py for tasks to queue
[2025-08-02T02:59:54.117+0000] {logging_mixin.py:188} INFO - [2025-08-02T02:59:54.117+0000] {dagbag.py:540} INFO - Filling up the DagBag from /home/airflow/.local/lib/python3.8/site-packages/airflow/example_dags/example_kubernetes_executor.py
[2025-08-02T02:59:54.189+0000] {processor.py:840} INFO - DAG(s) 'example_kubernetes_executor' retrieved from /home/airflow/.local/lib/python3.8/site-packages/airflow/example_dags/example_kubernetes_executor.py
[2025-08-02T02:59:54.230+0000] {logging_mixin.py:188} INFO - [2025-08-02T02:59:54.230+0000] {dag.py:3047} INFO - Sync 1 DAGs
[2025-08-02T02:59:54.237+0000] {logging_mixin.py:188} INFO - [2025-08-02T02:59:54.237+0000] {dag.py:3834} INFO - Setting next_dagrun for example_kubernetes_executor to None, run_after=None
[2025-08-02T02:59:54.246+0000] {processor.py:183} INFO - Processing /home/airflow/.local/lib/python3.8/site-packages/airflow/example_dags/example_kubernetes_executor.py took 0.145 seconds
[2025-08-02T03:00:24.393+0000] {processor.py:161} INFO - Started process (PID=492) to work on /home/airflow/.local/lib/python3.8/site-packages/airflow/example_dags/example_kubernetes_executor.py
[2025-08-02T03:00:24.393+0000] {processor.py:830} INFO - Processing file /home/airflow/.local/lib/python3.8/site-packages/airflow/example_dags/example_kubernetes_executor.py for tasks to queue
[2025-08-02T03:00:24.395+0000] {logging_mixin.py:188} INFO - [2025-08-02T03:00:24.394+0000] {dagbag.py:540} INFO - Filling up the DagBag from /home/airflow/.local/lib/python3.8/site-packages/airflow/example_dags/example_kubernetes_executor.py
[2025-08-02T03:00:24.405+0000] {processor.py:840} INFO - DAG(s) 'example_kubernetes_executor' retrieved from /home/airflow/.local/lib/python3.8/site-packages/airflow/example_dags/example_kubernetes_executor.py
[2025-08-02T03:00:24.439+0000] {logging_mixin.py:188} INFO - [2025-08-02T03:00:24.438+0000] {dag.py:3047} INFO - Sync 1 DAGs
[2025-08-02T03:00:24.446+0000] {logging_mixin.py:188} INFO - [2025-08-02T03:00:24.446+0000] {dag.py:3834} INFO - Setting next_dagrun for example_kubernetes_executor to None, run_after=None
[2025-08-02T03:00:24.460+0000] {processor.py:183} INFO - Processing /home/airflow/.local/lib/python3.8/site-packages/airflow/example_dags/example_kubernetes_executor.py took 0.070 seconds
[2025-08-02T03:00:54.566+0000] {processor.py:161} INFO - Started process (PID=548) to work on /home/airflow/.local/lib/python3.8/site-packages/airflow/example_dags/example_kubernetes_executor.py
[2025-08-02T03:00:54.573+0000] {processor.py:830} INFO - Processing file /home/airflow/.local/lib/python3.8/site-packages/airflow/example_dags/example_kubernetes_executor.py for tasks to queue
[2025-08-02T03:00:54.587+0000] {logging_mixin.py:188} INFO - [2025-08-02T03:00:54.586+0000] {dagbag.py:540} INFO - Filling up the DagBag from /home/airflow/.local/lib/python3.8/site-packages/airflow/example_dags/example_kubernetes_executor.py
[2025-08-02T03:00:54.615+0000] {processor.py:840} INFO - DAG(s) 'example_kubernetes_executor' retrieved from /home/airflow/.local/lib/python3.8/site-packages/airflow/example_dags/example_kubernetes_executor.py
[2025-08-02T03:00:54.693+0000] {logging_mixin.py:188} INFO - [2025-08-02T03:00:54.692+0000] {dag.py:3047} INFO - Sync 1 DAGs
[2025-08-02T03:00:54.705+0000] {logging_mixin.py:188} INFO - [2025-08-02T03:00:54.705+0000] {dag.py:3834} INFO - Setting next_dagrun for example_kubernetes_executor to None, run_after=None
[2025-08-02T03:00:54.741+0000] {processor.py:183} INFO - Processing /home/airflow/.local/lib/python3.8/site-packages/airflow/example_dags/example_kubernetes_executor.py took 0.182 seconds
[2025-08-02T03:01:25.684+0000] {processor.py:161} INFO - Started process (PID=604) to work on /home/airflow/.local/lib/python3.8/site-packages/airflow/example_dags/example_kubernetes_executor.py
[2025-08-02T03:01:25.685+0000] {processor.py:830} INFO - Processing file /home/airflow/.local/lib/python3.8/site-packages/airflow/example_dags/example_kubernetes_executor.py for tasks to queue
[2025-08-02T03:01:25.687+0000] {logging_mixin.py:188} INFO - [2025-08-02T03:01:25.686+0000] {dagbag.py:540} INFO - Filling up the DagBag from /home/airflow/.local/lib/python3.8/site-packages/airflow/example_dags/example_kubernetes_executor.py
[2025-08-02T03:01:25.696+0000] {processor.py:840} INFO - DAG(s) 'example_kubernetes_executor' retrieved from /home/airflow/.local/lib/python3.8/site-packages/airflow/example_dags/example_kubernetes_executor.py
[2025-08-02T03:01:25.750+0000] {logging_mixin.py:188} INFO - [2025-08-02T03:01:25.750+0000] {dag.py:3047} INFO - Sync 1 DAGs
[2025-08-02T03:01:25.759+0000] {logging_mixin.py:188} INFO - [2025-08-02T03:01:25.759+0000] {dag.py:3834} INFO - Setting next_dagrun for example_kubernetes_executor to None, run_after=None
[2025-08-02T03:01:25.771+0000] {processor.py:183} INFO - Processing /home/airflow/.local/lib/python3.8/site-packages/airflow/example_dags/example_kubernetes_executor.py took 0.089 seconds
[2025-08-02T03:01:56.544+0000] {processor.py:161} INFO - Started process (PID=660) to work on /home/airflow/.local/lib/python3.8/site-packages/airflow/example_dags/example_kubernetes_executor.py
[2025-08-02T03:01:56.545+0000] {processor.py:830} INFO - Processing file /home/airflow/.local/lib/python3.8/site-packages/airflow/example_dags/example_kubernetes_executor.py for tasks to queue
[2025-08-02T03:01:56.547+0000] {logging_mixin.py:188} INFO - [2025-08-02T03:01:56.547+0000] {dagbag.py:540} INFO - Filling up the DagBag from /home/airflow/.local/lib/python3.8/site-packages/airflow/example_dags/example_kubernetes_executor.py
[2025-08-02T03:01:56.558+0000] {processor.py:840} INFO - DAG(s) 'example_kubernetes_executor' retrieved from /home/airflow/.local/lib/python3.8/site-packages/airflow/example_dags/example_kubernetes_executor.py
[2025-08-02T03:01:56.606+0000] {logging_mixin.py:188} INFO - [2025-08-02T03:01:56.606+0000] {dag.py:3047} INFO - Sync 1 DAGs
[2025-08-02T03:01:56.614+0000] {logging_mixin.py:188} INFO - [2025-08-02T03:01:56.614+0000] {dag.py:3834} INFO - Setting next_dagrun for example_kubernetes_executor to None, run_after=None
[2025-08-02T03:01:56.625+0000] {processor.py:183} INFO - Processing /home/airflow/.local/lib/python3.8/site-packages/airflow/example_dags/example_kubernetes_executor.py took 0.083 seconds
[2025-08-02T03:02:27.426+0000] {processor.py:161} INFO - Started process (PID=716) to work on /home/airflow/.local/lib/python3.8/site-packages/airflow/example_dags/example_kubernetes_executor.py
[2025-08-02T03:02:27.427+0000] {processor.py:830} INFO - Processing file /home/airflow/.local/lib/python3.8/site-packages/airflow/example_dags/example_kubernetes_executor.py for tasks to queue
[2025-08-02T03:02:27.430+0000] {logging_mixin.py:188} INFO - [2025-08-02T03:02:27.429+0000] {dagbag.py:540} INFO - Filling up the DagBag from /home/airflow/.local/lib/python3.8/site-packages/airflow/example_dags/example_kubernetes_executor.py
[2025-08-02T03:02:27.446+0000] {processor.py:840} INFO - DAG(s) 'example_kubernetes_executor' retrieved from /home/airflow/.local/lib/python3.8/site-packages/airflow/example_dags/example_kubernetes_executor.py
[2025-08-02T03:02:27.473+0000] {logging_mixin.py:188} INFO - [2025-08-02T03:02:27.473+0000] {dag.py:3047} INFO - Sync 1 DAGs
[2025-08-02T03:02:27.479+0000] {logging_mixin.py:188} INFO - [2025-08-02T03:02:27.478+0000] {dag.py:3834} INFO - Setting next_dagrun for example_kubernetes_executor to None, run_after=None
[2025-08-02T03:02:27.487+0000] {processor.py:183} INFO - Processing /home/airflow/.local/lib/python3.8/site-packages/airflow/example_dags/example_kubernetes_executor.py took 0.066 seconds
[2025-08-02T03:02:58.981+0000] {processor.py:161} INFO - Started process (PID=772) to work on /home/airflow/.local/lib/python3.8/site-packages/airflow/example_dags/example_kubernetes_executor.py
[2025-08-02T03:02:58.985+0000] {processor.py:830} INFO - Processing file /home/airflow/.local/lib/python3.8/site-packages/airflow/example_dags/example_kubernetes_executor.py for tasks to queue
[2025-08-02T03:02:58.993+0000] {logging_mixin.py:188} INFO - [2025-08-02T03:02:58.993+0000] {dagbag.py:540} INFO - Filling up the DagBag from /home/airflow/.local/lib/python3.8/site-packages/airflow/example_dags/example_kubernetes_executor.py
[2025-08-02T03:02:59.048+0000] {processor.py:840} INFO - DAG(s) 'example_kubernetes_executor' retrieved from /home/airflow/.local/lib/python3.8/site-packages/airflow/example_dags/example_kubernetes_executor.py
[2025-08-02T03:02:59.195+0000] {logging_mixin.py:188} INFO - [2025-08-02T03:02:59.194+0000] {dag.py:3047} INFO - Sync 1 DAGs
[2025-08-02T03:02:59.241+0000] {logging_mixin.py:188} INFO - [2025-08-02T03:02:59.240+0000] {dag.py:3834} INFO - Setting next_dagrun for example_kubernetes_executor to None, run_after=None
[2025-08-02T03:02:59.353+0000] {processor.py:183} INFO - Processing /home/airflow/.local/lib/python3.8/site-packages/airflow/example_dags/example_kubernetes_executor.py took 0.380 seconds
[2025-08-02T03:03:30.214+0000] {processor.py:161} INFO - Started process (PID=828) to work on /home/airflow/.local/lib/python3.8/site-packages/airflow/example_dags/example_kubernetes_executor.py
[2025-08-02T03:03:30.216+0000] {processor.py:830} INFO - Processing file /home/airflow/.local/lib/python3.8/site-packages/airflow/example_dags/example_kubernetes_executor.py for tasks to queue
[2025-08-02T03:03:30.220+0000] {logging_mixin.py:188} INFO - [2025-08-02T03:03:30.220+0000] {dagbag.py:540} INFO - Filling up the DagBag from /home/airflow/.local/lib/python3.8/site-packages/airflow/example_dags/example_kubernetes_executor.py
[2025-08-02T03:03:30.291+0000] {processor.py:840} INFO - DAG(s) 'example_kubernetes_executor' retrieved from /home/airflow/.local/lib/python3.8/site-packages/airflow/example_dags/example_kubernetes_executor.py
[2025-08-02T03:03:30.398+0000] {logging_mixin.py:188} INFO - [2025-08-02T03:03:30.398+0000] {dag.py:3047} INFO - Sync 1 DAGs
[2025-08-02T03:03:30.422+0000] {logging_mixin.py:188} INFO - [2025-08-02T03:03:30.421+0000] {dag.py:3834} INFO - Setting next_dagrun for example_kubernetes_executor to None, run_after=None
[2025-08-02T03:03:30.466+0000] {processor.py:183} INFO - Processing /home/airflow/.local/lib/python3.8/site-packages/airflow/example_dags/example_kubernetes_executor.py took 0.258 seconds
[2025-08-02T03:04:01.101+0000] {processor.py:161} INFO - Started process (PID=884) to work on /home/airflow/.local/lib/python3.8/site-packages/airflow/example_dags/example_kubernetes_executor.py
[2025-08-02T03:04:01.107+0000] {processor.py:830} INFO - Processing file /home/airflow/.local/lib/python3.8/site-packages/airflow/example_dags/example_kubernetes_executor.py for tasks to queue
[2025-08-02T03:04:01.111+0000] {logging_mixin.py:188} INFO - [2025-08-02T03:04:01.111+0000] {dagbag.py:540} INFO - Filling up the DagBag from /home/airflow/.local/lib/python3.8/site-packages/airflow/example_dags/example_kubernetes_executor.py
[2025-08-02T03:04:01.150+0000] {processor.py:840} INFO - DAG(s) 'example_kubernetes_executor' retrieved from /home/airflow/.local/lib/python3.8/site-packages/airflow/example_dags/example_kubernetes_executor.py
[2025-08-02T03:04:01.209+0000] {logging_mixin.py:188} INFO - [2025-08-02T03:04:01.209+0000] {dag.py:3047} INFO - Sync 1 DAGs
[2025-08-02T03:04:01.230+0000] {logging_mixin.py:188} INFO - [2025-08-02T03:04:01.229+0000] {dag.py:3834} INFO - Setting next_dagrun for example_kubernetes_executor to None, run_after=None
[2025-08-02T03:04:01.259+0000] {processor.py:183} INFO - Processing /home/airflow/.local/lib/python3.8/site-packages/airflow/example_dags/example_kubernetes_executor.py took 0.185 seconds
[2025-08-02T03:04:32.042+0000] {processor.py:161} INFO - Started process (PID=940) to work on /home/airflow/.local/lib/python3.8/site-packages/airflow/example_dags/example_kubernetes_executor.py
[2025-08-02T03:04:32.043+0000] {processor.py:830} INFO - Processing file /home/airflow/.local/lib/python3.8/site-packages/airflow/example_dags/example_kubernetes_executor.py for tasks to queue
[2025-08-02T03:04:32.047+0000] {logging_mixin.py:188} INFO - [2025-08-02T03:04:32.046+0000] {dagbag.py:540} INFO - Filling up the DagBag from /home/airflow/.local/lib/python3.8/site-packages/airflow/example_dags/example_kubernetes_executor.py
[2025-08-02T03:04:32.064+0000] {processor.py:840} INFO - DAG(s) 'example_kubernetes_executor' retrieved from /home/airflow/.local/lib/python3.8/site-packages/airflow/example_dags/example_kubernetes_executor.py
[2025-08-02T03:04:32.114+0000] {logging_mixin.py:188} INFO - [2025-08-02T03:04:32.113+0000] {dag.py:3047} INFO - Sync 1 DAGs
[2025-08-02T03:04:32.121+0000] {logging_mixin.py:188} INFO - [2025-08-02T03:04:32.121+0000] {dag.py:3834} INFO - Setting next_dagrun for example_kubernetes_executor to None, run_after=None
[2025-08-02T03:04:32.134+0000] {processor.py:183} INFO - Processing /home/airflow/.local/lib/python3.8/site-packages/airflow/example_dags/example_kubernetes_executor.py took 0.098 seconds
[2025-08-02T03:05:02.701+0000] {processor.py:161} INFO - Started process (PID=997) to work on /home/airflow/.local/lib/python3.8/site-packages/airflow/example_dags/example_kubernetes_executor.py
[2025-08-02T03:05:02.705+0000] {processor.py:830} INFO - Processing file /home/airflow/.local/lib/python3.8/site-packages/airflow/example_dags/example_kubernetes_executor.py for tasks to queue
[2025-08-02T03:05:02.714+0000] {logging_mixin.py:188} INFO - [2025-08-02T03:05:02.711+0000] {dagbag.py:540} INFO - Filling up the DagBag from /home/airflow/.local/lib/python3.8/site-packages/airflow/example_dags/example_kubernetes_executor.py
[2025-08-02T03:05:02.742+0000] {processor.py:840} INFO - DAG(s) 'example_kubernetes_executor' retrieved from /home/airflow/.local/lib/python3.8/site-packages/airflow/example_dags/example_kubernetes_executor.py
[2025-08-02T03:05:02.812+0000] {logging_mixin.py:188} INFO - [2025-08-02T03:05:02.812+0000] {dag.py:3047} INFO - Sync 1 DAGs
[2025-08-02T03:05:02.856+0000] {logging_mixin.py:188} INFO - [2025-08-02T03:05:02.856+0000] {dag.py:3834} INFO - Setting next_dagrun for example_kubernetes_executor to None, run_after=None
[2025-08-02T03:05:02.877+0000] {processor.py:183} INFO - Processing /home/airflow/.local/lib/python3.8/site-packages/airflow/example_dags/example_kubernetes_executor.py took 0.185 seconds
[2025-08-02T03:05:33.116+0000] {processor.py:161} INFO - Started process (PID=1053) to work on /home/airflow/.local/lib/python3.8/site-packages/airflow/example_dags/example_kubernetes_executor.py
[2025-08-02T03:05:33.121+0000] {processor.py:830} INFO - Processing file /home/airflow/.local/lib/python3.8/site-packages/airflow/example_dags/example_kubernetes_executor.py for tasks to queue
[2025-08-02T03:05:33.124+0000] {logging_mixin.py:188} INFO - [2025-08-02T03:05:33.124+0000] {dagbag.py:540} INFO - Filling up the DagBag from /home/airflow/.local/lib/python3.8/site-packages/airflow/example_dags/example_kubernetes_executor.py
[2025-08-02T03:05:33.167+0000] {processor.py:840} INFO - DAG(s) 'example_kubernetes_executor' retrieved from /home/airflow/.local/lib/python3.8/site-packages/airflow/example_dags/example_kubernetes_executor.py
[2025-08-02T03:05:33.210+0000] {logging_mixin.py:188} INFO - [2025-08-02T03:05:33.210+0000] {dag.py:3047} INFO - Sync 1 DAGs
[2025-08-02T03:05:33.219+0000] {logging_mixin.py:188} INFO - [2025-08-02T03:05:33.219+0000] {dag.py:3834} INFO - Setting next_dagrun for example_kubernetes_executor to None, run_after=None
[2025-08-02T03:05:33.237+0000] {processor.py:183} INFO - Processing /home/airflow/.local/lib/python3.8/site-packages/airflow/example_dags/example_kubernetes_executor.py took 0.126 seconds
[2025-08-02T03:06:04.079+0000] {processor.py:161} INFO - Started process (PID=1109) to work on /home/airflow/.local/lib/python3.8/site-packages/airflow/example_dags/example_kubernetes_executor.py
[2025-08-02T03:06:04.081+0000] {processor.py:830} INFO - Processing file /home/airflow/.local/lib/python3.8/site-packages/airflow/example_dags/example_kubernetes_executor.py for tasks to queue
[2025-08-02T03:06:04.084+0000] {logging_mixin.py:188} INFO - [2025-08-02T03:06:04.083+0000] {dagbag.py:540} INFO - Filling up the DagBag from /home/airflow/.local/lib/python3.8/site-packages/airflow/example_dags/example_kubernetes_executor.py
[2025-08-02T03:06:04.106+0000] {processor.py:840} INFO - DAG(s) 'example_kubernetes_executor' retrieved from /home/airflow/.local/lib/python3.8/site-packages/airflow/example_dags/example_kubernetes_executor.py
[2025-08-02T03:06:04.149+0000] {logging_mixin.py:188} INFO - [2025-08-02T03:06:04.148+0000] {dag.py:3047} INFO - Sync 1 DAGs
[2025-08-02T03:06:04.158+0000] {logging_mixin.py:188} INFO - [2025-08-02T03:06:04.157+0000] {dag.py:3834} INFO - Setting next_dagrun for example_kubernetes_executor to None, run_after=None
[2025-08-02T03:06:04.187+0000] {processor.py:183} INFO - Processing /home/airflow/.local/lib/python3.8/site-packages/airflow/example_dags/example_kubernetes_executor.py took 0.115 seconds
[2025-08-02T03:06:38.319+0000] {processor.py:161} INFO - Started process (PID=1165) to work on /home/airflow/.local/lib/python3.8/site-packages/airflow/example_dags/example_kubernetes_executor.py
[2025-08-02T03:06:38.322+0000] {processor.py:830} INFO - Processing file /home/airflow/.local/lib/python3.8/site-packages/airflow/example_dags/example_kubernetes_executor.py for tasks to queue
[2025-08-02T03:06:38.324+0000] {logging_mixin.py:188} INFO - [2025-08-02T03:06:38.324+0000] {dagbag.py:540} INFO - Filling up the DagBag from /home/airflow/.local/lib/python3.8/site-packages/airflow/example_dags/example_kubernetes_executor.py
[2025-08-02T03:06:38.342+0000] {processor.py:840} INFO - DAG(s) 'example_kubernetes_executor' retrieved from /home/airflow/.local/lib/python3.8/site-packages/airflow/example_dags/example_kubernetes_executor.py
[2025-08-02T03:06:38.432+0000] {logging_mixin.py:188} INFO - [2025-08-02T03:06:38.432+0000] {dag.py:3047} INFO - Sync 1 DAGs
[2025-08-02T03:06:38.446+0000] {logging_mixin.py:188} INFO - [2025-08-02T03:06:38.446+0000] {dag.py:3834} INFO - Setting next_dagrun for example_kubernetes_executor to None, run_after=None
[2025-08-02T03:06:38.489+0000] {processor.py:183} INFO - Processing /home/airflow/.local/lib/python3.8/site-packages/airflow/example_dags/example_kubernetes_executor.py took 0.178 seconds
[2025-08-02T03:07:13.013+0000] {processor.py:161} INFO - Started process (PID=1221) to work on /home/airflow/.local/lib/python3.8/site-packages/airflow/example_dags/example_kubernetes_executor.py
[2025-08-02T03:07:13.016+0000] {processor.py:830} INFO - Processing file /home/airflow/.local/lib/python3.8/site-packages/airflow/example_dags/example_kubernetes_executor.py for tasks to queue
[2025-08-02T03:07:13.030+0000] {logging_mixin.py:188} INFO - [2025-08-02T03:07:13.029+0000] {dagbag.py:540} INFO - Filling up the DagBag from /home/airflow/.local/lib/python3.8/site-packages/airflow/example_dags/example_kubernetes_executor.py
[2025-08-02T03:07:13.061+0000] {processor.py:840} INFO - DAG(s) 'example_kubernetes_executor' retrieved from /home/airflow/.local/lib/python3.8/site-packages/airflow/example_dags/example_kubernetes_executor.py
[2025-08-02T03:07:13.186+0000] {logging_mixin.py:188} INFO - [2025-08-02T03:07:13.186+0000] {dag.py:3047} INFO - Sync 1 DAGs
[2025-08-02T03:07:13.207+0000] {logging_mixin.py:188} INFO - [2025-08-02T03:07:13.206+0000] {dag.py:3834} INFO - Setting next_dagrun for example_kubernetes_executor to None, run_after=None
[2025-08-02T03:07:13.223+0000] {processor.py:183} INFO - Processing /home/airflow/.local/lib/python3.8/site-packages/airflow/example_dags/example_kubernetes_executor.py took 0.219 seconds
[2025-08-02T03:07:44.621+0000] {processor.py:161} INFO - Started process (PID=1282) to work on /home/airflow/.local/lib/python3.8/site-packages/airflow/example_dags/example_kubernetes_executor.py
[2025-08-02T03:07:44.624+0000] {processor.py:830} INFO - Processing file /home/airflow/.local/lib/python3.8/site-packages/airflow/example_dags/example_kubernetes_executor.py for tasks to queue
[2025-08-02T03:07:44.636+0000] {logging_mixin.py:188} INFO - [2025-08-02T03:07:44.636+0000] {dagbag.py:540} INFO - Filling up the DagBag from /home/airflow/.local/lib/python3.8/site-packages/airflow/example_dags/example_kubernetes_executor.py
[2025-08-02T03:07:44.688+0000] {processor.py:840} INFO - DAG(s) 'example_kubernetes_executor' retrieved from /home/airflow/.local/lib/python3.8/site-packages/airflow/example_dags/example_kubernetes_executor.py
[2025-08-02T03:07:44.827+0000] {logging_mixin.py:188} INFO - [2025-08-02T03:07:44.826+0000] {dag.py:3047} INFO - Sync 1 DAGs
[2025-08-02T03:07:44.867+0000] {logging_mixin.py:188} INFO - [2025-08-02T03:07:44.866+0000] {dag.py:3834} INFO - Setting next_dagrun for example_kubernetes_executor to None, run_after=None
[2025-08-02T03:07:44.948+0000] {processor.py:183} INFO - Processing /home/airflow/.local/lib/python3.8/site-packages/airflow/example_dags/example_kubernetes_executor.py took 0.335 seconds
[2025-08-02T03:09:10.457+0000] {processor.py:161} INFO - Started process (PID=110) to work on /home/airflow/.local/lib/python3.8/site-packages/airflow/example_dags/example_kubernetes_executor.py
[2025-08-02T03:09:10.460+0000] {processor.py:830} INFO - Processing file /home/airflow/.local/lib/python3.8/site-packages/airflow/example_dags/example_kubernetes_executor.py for tasks to queue
[2025-08-02T03:09:10.465+0000] {logging_mixin.py:188} INFO - [2025-08-02T03:09:10.465+0000] {dagbag.py:540} INFO - Filling up the DagBag from /home/airflow/.local/lib/python3.8/site-packages/airflow/example_dags/example_kubernetes_executor.py
[2025-08-02T03:09:10.514+0000] {processor.py:840} INFO - DAG(s) 'example_kubernetes_executor' retrieved from /home/airflow/.local/lib/python3.8/site-packages/airflow/example_dags/example_kubernetes_executor.py
[2025-08-02T03:09:10.788+0000] {logging_mixin.py:188} INFO - [2025-08-02T03:09:10.788+0000] {dag.py:3047} INFO - Sync 1 DAGs
[2025-08-02T03:09:10.818+0000] {logging_mixin.py:188} INFO - [2025-08-02T03:09:10.816+0000] {dag.py:3834} INFO - Setting next_dagrun for example_kubernetes_executor to None, run_after=None
[2025-08-02T03:09:10.864+0000] {processor.py:183} INFO - Processing /home/airflow/.local/lib/python3.8/site-packages/airflow/example_dags/example_kubernetes_executor.py took 0.412 seconds
[2025-08-02T03:09:41.812+0000] {processor.py:161} INFO - Started process (PID=166) to work on /home/airflow/.local/lib/python3.8/site-packages/airflow/example_dags/example_kubernetes_executor.py
[2025-08-02T03:09:41.814+0000] {processor.py:830} INFO - Processing file /home/airflow/.local/lib/python3.8/site-packages/airflow/example_dags/example_kubernetes_executor.py for tasks to queue
[2025-08-02T03:09:41.817+0000] {logging_mixin.py:188} INFO - [2025-08-02T03:09:41.816+0000] {dagbag.py:540} INFO - Filling up the DagBag from /home/airflow/.local/lib/python3.8/site-packages/airflow/example_dags/example_kubernetes_executor.py
[2025-08-02T03:09:41.865+0000] {processor.py:840} INFO - DAG(s) 'example_kubernetes_executor' retrieved from /home/airflow/.local/lib/python3.8/site-packages/airflow/example_dags/example_kubernetes_executor.py
[2025-08-02T03:09:41.951+0000] {logging_mixin.py:188} INFO - [2025-08-02T03:09:41.951+0000] {dag.py:3047} INFO - Sync 1 DAGs
[2025-08-02T03:09:41.975+0000] {logging_mixin.py:188} INFO - [2025-08-02T03:09:41.974+0000] {dag.py:3834} INFO - Setting next_dagrun for example_kubernetes_executor to None, run_after=None
[2025-08-02T03:09:42.017+0000] {processor.py:183} INFO - Processing /home/airflow/.local/lib/python3.8/site-packages/airflow/example_dags/example_kubernetes_executor.py took 0.211 seconds
[2025-08-02T03:10:12.472+0000] {processor.py:161} INFO - Started process (PID=221) to work on /home/airflow/.local/lib/python3.8/site-packages/airflow/example_dags/example_kubernetes_executor.py
[2025-08-02T03:10:12.474+0000] {processor.py:830} INFO - Processing file /home/airflow/.local/lib/python3.8/site-packages/airflow/example_dags/example_kubernetes_executor.py for tasks to queue
[2025-08-02T03:10:12.478+0000] {logging_mixin.py:188} INFO - [2025-08-02T03:10:12.477+0000] {dagbag.py:540} INFO - Filling up the DagBag from /home/airflow/.local/lib/python3.8/site-packages/airflow/example_dags/example_kubernetes_executor.py
[2025-08-02T03:10:12.502+0000] {processor.py:840} INFO - DAG(s) 'example_kubernetes_executor' retrieved from /home/airflow/.local/lib/python3.8/site-packages/airflow/example_dags/example_kubernetes_executor.py
[2025-08-02T03:10:12.557+0000] {logging_mixin.py:188} INFO - [2025-08-02T03:10:12.557+0000] {dag.py:3047} INFO - Sync 1 DAGs
[2025-08-02T03:10:12.571+0000] {logging_mixin.py:188} INFO - [2025-08-02T03:10:12.571+0000] {dag.py:3834} INFO - Setting next_dagrun for example_kubernetes_executor to None, run_after=None
[2025-08-02T03:10:12.588+0000] {processor.py:183} INFO - Processing /home/airflow/.local/lib/python3.8/site-packages/airflow/example_dags/example_kubernetes_executor.py took 0.122 seconds
[2025-08-02T03:10:42.897+0000] {processor.py:161} INFO - Started process (PID=277) to work on /home/airflow/.local/lib/python3.8/site-packages/airflow/example_dags/example_kubernetes_executor.py
[2025-08-02T03:10:42.898+0000] {processor.py:830} INFO - Processing file /home/airflow/.local/lib/python3.8/site-packages/airflow/example_dags/example_kubernetes_executor.py for tasks to queue
[2025-08-02T03:10:42.900+0000] {logging_mixin.py:188} INFO - [2025-08-02T03:10:42.900+0000] {dagbag.py:540} INFO - Filling up the DagBag from /home/airflow/.local/lib/python3.8/site-packages/airflow/example_dags/example_kubernetes_executor.py
[2025-08-02T03:10:42.914+0000] {processor.py:840} INFO - DAG(s) 'example_kubernetes_executor' retrieved from /home/airflow/.local/lib/python3.8/site-packages/airflow/example_dags/example_kubernetes_executor.py
[2025-08-02T03:10:42.966+0000] {logging_mixin.py:188} INFO - [2025-08-02T03:10:42.966+0000] {dag.py:3047} INFO - Sync 1 DAGs
[2025-08-02T03:10:42.975+0000] {logging_mixin.py:188} INFO - [2025-08-02T03:10:42.975+0000] {dag.py:3834} INFO - Setting next_dagrun for example_kubernetes_executor to None, run_after=None
[2025-08-02T03:10:42.987+0000] {processor.py:183} INFO - Processing /home/airflow/.local/lib/python3.8/site-packages/airflow/example_dags/example_kubernetes_executor.py took 0.097 seconds
[2025-08-02T03:11:14.028+0000] {processor.py:161} INFO - Started process (PID=333) to work on /home/airflow/.local/lib/python3.8/site-packages/airflow/example_dags/example_kubernetes_executor.py
[2025-08-02T03:11:14.036+0000] {processor.py:830} INFO - Processing file /home/airflow/.local/lib/python3.8/site-packages/airflow/example_dags/example_kubernetes_executor.py for tasks to queue
[2025-08-02T03:11:14.045+0000] {logging_mixin.py:188} INFO - [2025-08-02T03:11:14.043+0000] {dagbag.py:540} INFO - Filling up the DagBag from /home/airflow/.local/lib/python3.8/site-packages/airflow/example_dags/example_kubernetes_executor.py
[2025-08-02T03:11:14.076+0000] {processor.py:840} INFO - DAG(s) 'example_kubernetes_executor' retrieved from /home/airflow/.local/lib/python3.8/site-packages/airflow/example_dags/example_kubernetes_executor.py
[2025-08-02T03:11:14.139+0000] {logging_mixin.py:188} INFO - [2025-08-02T03:11:14.139+0000] {dag.py:3047} INFO - Sync 1 DAGs
[2025-08-02T03:11:14.148+0000] {logging_mixin.py:188} INFO - [2025-08-02T03:11:14.148+0000] {dag.py:3834} INFO - Setting next_dagrun for example_kubernetes_executor to None, run_after=None
[2025-08-02T03:11:14.178+0000] {processor.py:183} INFO - Processing /home/airflow/.local/lib/python3.8/site-packages/airflow/example_dags/example_kubernetes_executor.py took 0.166 seconds
[2025-08-02T03:11:44.644+0000] {processor.py:161} INFO - Started process (PID=389) to work on /home/airflow/.local/lib/python3.8/site-packages/airflow/example_dags/example_kubernetes_executor.py
[2025-08-02T03:11:44.645+0000] {processor.py:830} INFO - Processing file /home/airflow/.local/lib/python3.8/site-packages/airflow/example_dags/example_kubernetes_executor.py for tasks to queue
[2025-08-02T03:11:44.646+0000] {logging_mixin.py:188} INFO - [2025-08-02T03:11:44.646+0000] {dagbag.py:540} INFO - Filling up the DagBag from /home/airflow/.local/lib/python3.8/site-packages/airflow/example_dags/example_kubernetes_executor.py
[2025-08-02T03:11:44.660+0000] {processor.py:840} INFO - DAG(s) 'example_kubernetes_executor' retrieved from /home/airflow/.local/lib/python3.8/site-packages/airflow/example_dags/example_kubernetes_executor.py
[2025-08-02T03:11:44.709+0000] {logging_mixin.py:188} INFO - [2025-08-02T03:11:44.709+0000] {dag.py:3047} INFO - Sync 1 DAGs
[2025-08-02T03:11:44.718+0000] {logging_mixin.py:188} INFO - [2025-08-02T03:11:44.718+0000] {dag.py:3834} INFO - Setting next_dagrun for example_kubernetes_executor to None, run_after=None
[2025-08-02T03:11:44.741+0000] {processor.py:183} INFO - Processing /home/airflow/.local/lib/python3.8/site-packages/airflow/example_dags/example_kubernetes_executor.py took 0.100 seconds
[2025-08-02T03:12:15.859+0000] {processor.py:161} INFO - Started process (PID=445) to work on /home/airflow/.local/lib/python3.8/site-packages/airflow/example_dags/example_kubernetes_executor.py
[2025-08-02T03:12:15.860+0000] {processor.py:830} INFO - Processing file /home/airflow/.local/lib/python3.8/site-packages/airflow/example_dags/example_kubernetes_executor.py for tasks to queue
[2025-08-02T03:12:15.862+0000] {logging_mixin.py:188} INFO - [2025-08-02T03:12:15.862+0000] {dagbag.py:540} INFO - Filling up the DagBag from /home/airflow/.local/lib/python3.8/site-packages/airflow/example_dags/example_kubernetes_executor.py
[2025-08-02T03:12:15.878+0000] {processor.py:840} INFO - DAG(s) 'example_kubernetes_executor' retrieved from /home/airflow/.local/lib/python3.8/site-packages/airflow/example_dags/example_kubernetes_executor.py
[2025-08-02T03:12:15.936+0000] {logging_mixin.py:188} INFO - [2025-08-02T03:12:15.936+0000] {dag.py:3047} INFO - Sync 1 DAGs
[2025-08-02T03:12:15.952+0000] {logging_mixin.py:188} INFO - [2025-08-02T03:12:15.952+0000] {dag.py:3834} INFO - Setting next_dagrun for example_kubernetes_executor to None, run_after=None
[2025-08-02T03:12:15.987+0000] {processor.py:183} INFO - Processing /home/airflow/.local/lib/python3.8/site-packages/airflow/example_dags/example_kubernetes_executor.py took 0.131 seconds
[2025-08-02T03:12:46.174+0000] {processor.py:161} INFO - Started process (PID=501) to work on /home/airflow/.local/lib/python3.8/site-packages/airflow/example_dags/example_kubernetes_executor.py
[2025-08-02T03:12:46.175+0000] {processor.py:830} INFO - Processing file /home/airflow/.local/lib/python3.8/site-packages/airflow/example_dags/example_kubernetes_executor.py for tasks to queue
[2025-08-02T03:12:46.178+0000] {logging_mixin.py:188} INFO - [2025-08-02T03:12:46.177+0000] {dagbag.py:540} INFO - Filling up the DagBag from /home/airflow/.local/lib/python3.8/site-packages/airflow/example_dags/example_kubernetes_executor.py
[2025-08-02T03:12:46.197+0000] {processor.py:840} INFO - DAG(s) 'example_kubernetes_executor' retrieved from /home/airflow/.local/lib/python3.8/site-packages/airflow/example_dags/example_kubernetes_executor.py
[2025-08-02T03:12:46.254+0000] {logging_mixin.py:188} INFO - [2025-08-02T03:12:46.250+0000] {dag.py:3047} INFO - Sync 1 DAGs
[2025-08-02T03:12:46.289+0000] {logging_mixin.py:188} INFO - [2025-08-02T03:12:46.289+0000] {dag.py:3834} INFO - Setting next_dagrun for example_kubernetes_executor to None, run_after=None
[2025-08-02T03:12:46.322+0000] {processor.py:183} INFO - Processing /home/airflow/.local/lib/python3.8/site-packages/airflow/example_dags/example_kubernetes_executor.py took 0.170 seconds
[2025-08-02T03:13:17.051+0000] {processor.py:161} INFO - Started process (PID=557) to work on /home/airflow/.local/lib/python3.8/site-packages/airflow/example_dags/example_kubernetes_executor.py
[2025-08-02T03:13:17.052+0000] {processor.py:830} INFO - Processing file /home/airflow/.local/lib/python3.8/site-packages/airflow/example_dags/example_kubernetes_executor.py for tasks to queue
[2025-08-02T03:13:17.053+0000] {logging_mixin.py:188} INFO - [2025-08-02T03:13:17.053+0000] {dagbag.py:540} INFO - Filling up the DagBag from /home/airflow/.local/lib/python3.8/site-packages/airflow/example_dags/example_kubernetes_executor.py
[2025-08-02T03:13:17.064+0000] {processor.py:840} INFO - DAG(s) 'example_kubernetes_executor' retrieved from /home/airflow/.local/lib/python3.8/site-packages/airflow/example_dags/example_kubernetes_executor.py
[2025-08-02T03:13:17.103+0000] {logging_mixin.py:188} INFO - [2025-08-02T03:13:17.103+0000] {dag.py:3047} INFO - Sync 1 DAGs
[2025-08-02T03:13:17.112+0000] {logging_mixin.py:188} INFO - [2025-08-02T03:13:17.112+0000] {dag.py:3834} INFO - Setting next_dagrun for example_kubernetes_executor to None, run_after=None
[2025-08-02T03:13:17.135+0000] {processor.py:183} INFO - Processing /home/airflow/.local/lib/python3.8/site-packages/airflow/example_dags/example_kubernetes_executor.py took 0.085 seconds
[2025-08-02T03:13:48.262+0000] {processor.py:161} INFO - Started process (PID=613) to work on /home/airflow/.local/lib/python3.8/site-packages/airflow/example_dags/example_kubernetes_executor.py
[2025-08-02T03:13:48.264+0000] {processor.py:830} INFO - Processing file /home/airflow/.local/lib/python3.8/site-packages/airflow/example_dags/example_kubernetes_executor.py for tasks to queue
[2025-08-02T03:13:48.265+0000] {logging_mixin.py:188} INFO - [2025-08-02T03:13:48.265+0000] {dagbag.py:540} INFO - Filling up the DagBag from /home/airflow/.local/lib/python3.8/site-packages/airflow/example_dags/example_kubernetes_executor.py
[2025-08-02T03:13:48.278+0000] {processor.py:840} INFO - DAG(s) 'example_kubernetes_executor' retrieved from /home/airflow/.local/lib/python3.8/site-packages/airflow/example_dags/example_kubernetes_executor.py
[2025-08-02T03:13:48.308+0000] {logging_mixin.py:188} INFO - [2025-08-02T03:13:48.308+0000] {dag.py:3047} INFO - Sync 1 DAGs
[2025-08-02T03:13:48.316+0000] {logging_mixin.py:188} INFO - [2025-08-02T03:13:48.316+0000] {dag.py:3834} INFO - Setting next_dagrun for example_kubernetes_executor to None, run_after=None
[2025-08-02T03:13:48.326+0000] {processor.py:183} INFO - Processing /home/airflow/.local/lib/python3.8/site-packages/airflow/example_dags/example_kubernetes_executor.py took 0.066 seconds
[2025-08-02T03:14:19.552+0000] {processor.py:161} INFO - Started process (PID=669) to work on /home/airflow/.local/lib/python3.8/site-packages/airflow/example_dags/example_kubernetes_executor.py
[2025-08-02T03:14:19.554+0000] {processor.py:830} INFO - Processing file /home/airflow/.local/lib/python3.8/site-packages/airflow/example_dags/example_kubernetes_executor.py for tasks to queue
[2025-08-02T03:14:19.561+0000] {logging_mixin.py:188} INFO - [2025-08-02T03:14:19.561+0000] {dagbag.py:540} INFO - Filling up the DagBag from /home/airflow/.local/lib/python3.8/site-packages/airflow/example_dags/example_kubernetes_executor.py
[2025-08-02T03:14:19.611+0000] {processor.py:840} INFO - DAG(s) 'example_kubernetes_executor' retrieved from /home/airflow/.local/lib/python3.8/site-packages/airflow/example_dags/example_kubernetes_executor.py
[2025-08-02T03:14:19.693+0000] {logging_mixin.py:188} INFO - [2025-08-02T03:14:19.692+0000] {dag.py:3047} INFO - Sync 1 DAGs
[2025-08-02T03:14:19.704+0000] {logging_mixin.py:188} INFO - [2025-08-02T03:14:19.704+0000] {dag.py:3834} INFO - Setting next_dagrun for example_kubernetes_executor to None, run_after=None
[2025-08-02T03:14:19.725+0000] {processor.py:183} INFO - Processing /home/airflow/.local/lib/python3.8/site-packages/airflow/example_dags/example_kubernetes_executor.py took 0.176 seconds
