[2025-08-02T01:42:38.552+0000] {processor.py:161} INFO - Started process (PID=72) to work on /home/airflow/.local/lib/python3.8/site-packages/airflow/example_dags/example_task_group.py
[2025-08-02T01:42:38.554+0000] {processor.py:830} INFO - Processing file /home/airflow/.local/lib/python3.8/site-packages/airflow/example_dags/example_task_group.py for tasks to queue
[2025-08-02T01:42:38.558+0000] {logging_mixin.py:188} INFO - [2025-08-02T01:42:38.557+0000] {dagbag.py:540} INFO - Filling up the DagBag from /home/airflow/.local/lib/python3.8/site-packages/airflow/example_dags/example_task_group.py
[2025-08-02T01:42:38.587+0000] {processor.py:840} INFO - DAG(s) 'example_task_group' retrieved from /home/airflow/.local/lib/python3.8/site-packages/airflow/example_dags/example_task_group.py
[2025-08-02T01:42:38.883+0000] {logging_mixin.py:188} INFO - [2025-08-02T01:42:38.881+0000] {dag.py:3047} INFO - Sync 1 DAGs
[2025-08-02T01:42:38.950+0000] {logging_mixin.py:188} INFO - [2025-08-02T01:42:38.950+0000] {dag.py:3834} INFO - Setting next_dagrun for example_task_group to 2025-08-01 00:00:00+00:00, run_after=2025-08-02 00:00:00+00:00
[2025-08-02T01:42:39.033+0000] {processor.py:183} INFO - Processing /home/airflow/.local/lib/python3.8/site-packages/airflow/example_dags/example_task_group.py took 0.486 seconds
[2025-08-02T01:43:09.351+0000] {processor.py:161} INFO - Started process (PID=128) to work on /home/airflow/.local/lib/python3.8/site-packages/airflow/example_dags/example_task_group.py
[2025-08-02T01:43:09.352+0000] {processor.py:830} INFO - Processing file /home/airflow/.local/lib/python3.8/site-packages/airflow/example_dags/example_task_group.py for tasks to queue
[2025-08-02T01:43:09.353+0000] {logging_mixin.py:188} INFO - [2025-08-02T01:43:09.353+0000] {dagbag.py:540} INFO - Filling up the DagBag from /home/airflow/.local/lib/python3.8/site-packages/airflow/example_dags/example_task_group.py
[2025-08-02T01:43:09.357+0000] {processor.py:840} INFO - DAG(s) 'example_task_group' retrieved from /home/airflow/.local/lib/python3.8/site-packages/airflow/example_dags/example_task_group.py
[2025-08-02T01:43:09.368+0000] {logging_mixin.py:188} INFO - [2025-08-02T01:43:09.368+0000] {dag.py:3047} INFO - Sync 1 DAGs
[2025-08-02T01:43:09.382+0000] {logging_mixin.py:188} INFO - [2025-08-02T01:43:09.382+0000] {dag.py:3834} INFO - Setting next_dagrun for example_task_group to 2025-08-01 00:00:00+00:00, run_after=2025-08-02 00:00:00+00:00
[2025-08-02T01:43:09.391+0000] {processor.py:183} INFO - Processing /home/airflow/.local/lib/python3.8/site-packages/airflow/example_dags/example_task_group.py took 0.042 seconds
[2025-08-02T01:43:39.835+0000] {processor.py:161} INFO - Started process (PID=184) to work on /home/airflow/.local/lib/python3.8/site-packages/airflow/example_dags/example_task_group.py
[2025-08-02T01:43:39.836+0000] {processor.py:830} INFO - Processing file /home/airflow/.local/lib/python3.8/site-packages/airflow/example_dags/example_task_group.py for tasks to queue
[2025-08-02T01:43:39.837+0000] {logging_mixin.py:188} INFO - [2025-08-02T01:43:39.837+0000] {dagbag.py:540} INFO - Filling up the DagBag from /home/airflow/.local/lib/python3.8/site-packages/airflow/example_dags/example_task_group.py
[2025-08-02T01:43:39.843+0000] {processor.py:840} INFO - DAG(s) 'example_task_group' retrieved from /home/airflow/.local/lib/python3.8/site-packages/airflow/example_dags/example_task_group.py
[2025-08-02T01:43:39.855+0000] {logging_mixin.py:188} INFO - [2025-08-02T01:43:39.855+0000] {dag.py:3047} INFO - Sync 1 DAGs
[2025-08-02T01:43:39.865+0000] {logging_mixin.py:188} INFO - [2025-08-02T01:43:39.865+0000] {dag.py:3834} INFO - Setting next_dagrun for example_task_group to 2025-08-01 00:00:00+00:00, run_after=2025-08-02 00:00:00+00:00
[2025-08-02T01:43:39.874+0000] {processor.py:183} INFO - Processing /home/airflow/.local/lib/python3.8/site-packages/airflow/example_dags/example_task_group.py took 0.040 seconds
[2025-08-02T01:44:10.281+0000] {processor.py:161} INFO - Started process (PID=240) to work on /home/airflow/.local/lib/python3.8/site-packages/airflow/example_dags/example_task_group.py
[2025-08-02T01:44:10.282+0000] {processor.py:830} INFO - Processing file /home/airflow/.local/lib/python3.8/site-packages/airflow/example_dags/example_task_group.py for tasks to queue
[2025-08-02T01:44:10.285+0000] {logging_mixin.py:188} INFO - [2025-08-02T01:44:10.284+0000] {dagbag.py:540} INFO - Filling up the DagBag from /home/airflow/.local/lib/python3.8/site-packages/airflow/example_dags/example_task_group.py
[2025-08-02T01:44:10.296+0000] {processor.py:840} INFO - DAG(s) 'example_task_group' retrieved from /home/airflow/.local/lib/python3.8/site-packages/airflow/example_dags/example_task_group.py
[2025-08-02T01:44:10.330+0000] {logging_mixin.py:188} INFO - [2025-08-02T01:44:10.329+0000] {dag.py:3047} INFO - Sync 1 DAGs
[2025-08-02T01:44:10.357+0000] {logging_mixin.py:188} INFO - [2025-08-02T01:44:10.357+0000] {dag.py:3834} INFO - Setting next_dagrun for example_task_group to 2025-08-01 00:00:00+00:00, run_after=2025-08-02 00:00:00+00:00
[2025-08-02T01:44:10.368+0000] {processor.py:183} INFO - Processing /home/airflow/.local/lib/python3.8/site-packages/airflow/example_dags/example_task_group.py took 0.090 seconds
[2025-08-02T01:44:40.766+0000] {processor.py:161} INFO - Started process (PID=296) to work on /home/airflow/.local/lib/python3.8/site-packages/airflow/example_dags/example_task_group.py
[2025-08-02T01:44:40.768+0000] {processor.py:830} INFO - Processing file /home/airflow/.local/lib/python3.8/site-packages/airflow/example_dags/example_task_group.py for tasks to queue
[2025-08-02T01:44:40.771+0000] {logging_mixin.py:188} INFO - [2025-08-02T01:44:40.771+0000] {dagbag.py:540} INFO - Filling up the DagBag from /home/airflow/.local/lib/python3.8/site-packages/airflow/example_dags/example_task_group.py
[2025-08-02T01:44:40.778+0000] {processor.py:840} INFO - DAG(s) 'example_task_group' retrieved from /home/airflow/.local/lib/python3.8/site-packages/airflow/example_dags/example_task_group.py
[2025-08-02T01:44:40.798+0000] {logging_mixin.py:188} INFO - [2025-08-02T01:44:40.798+0000] {dag.py:3047} INFO - Sync 1 DAGs
[2025-08-02T01:44:40.815+0000] {logging_mixin.py:188} INFO - [2025-08-02T01:44:40.815+0000] {dag.py:3834} INFO - Setting next_dagrun for example_task_group to 2025-08-01 00:00:00+00:00, run_after=2025-08-02 00:00:00+00:00
[2025-08-02T01:44:40.828+0000] {processor.py:183} INFO - Processing /home/airflow/.local/lib/python3.8/site-packages/airflow/example_dags/example_task_group.py took 0.070 seconds
[2025-08-02T01:45:11.730+0000] {processor.py:161} INFO - Started process (PID=352) to work on /home/airflow/.local/lib/python3.8/site-packages/airflow/example_dags/example_task_group.py
[2025-08-02T01:45:11.731+0000] {processor.py:830} INFO - Processing file /home/airflow/.local/lib/python3.8/site-packages/airflow/example_dags/example_task_group.py for tasks to queue
[2025-08-02T01:45:11.733+0000] {logging_mixin.py:188} INFO - [2025-08-02T01:45:11.732+0000] {dagbag.py:540} INFO - Filling up the DagBag from /home/airflow/.local/lib/python3.8/site-packages/airflow/example_dags/example_task_group.py
[2025-08-02T01:45:11.743+0000] {processor.py:840} INFO - DAG(s) 'example_task_group' retrieved from /home/airflow/.local/lib/python3.8/site-packages/airflow/example_dags/example_task_group.py
[2025-08-02T01:45:11.759+0000] {logging_mixin.py:188} INFO - [2025-08-02T01:45:11.759+0000] {dag.py:3047} INFO - Sync 1 DAGs
[2025-08-02T01:45:11.775+0000] {logging_mixin.py:188} INFO - [2025-08-02T01:45:11.775+0000] {dag.py:3834} INFO - Setting next_dagrun for example_task_group to 2025-08-01 00:00:00+00:00, run_after=2025-08-02 00:00:00+00:00
[2025-08-02T01:45:11.799+0000] {processor.py:183} INFO - Processing /home/airflow/.local/lib/python3.8/site-packages/airflow/example_dags/example_task_group.py took 0.072 seconds
[2025-08-02T01:45:42.272+0000] {processor.py:161} INFO - Started process (PID=408) to work on /home/airflow/.local/lib/python3.8/site-packages/airflow/example_dags/example_task_group.py
[2025-08-02T01:45:42.276+0000] {processor.py:830} INFO - Processing file /home/airflow/.local/lib/python3.8/site-packages/airflow/example_dags/example_task_group.py for tasks to queue
[2025-08-02T01:45:42.281+0000] {logging_mixin.py:188} INFO - [2025-08-02T01:45:42.280+0000] {dagbag.py:540} INFO - Filling up the DagBag from /home/airflow/.local/lib/python3.8/site-packages/airflow/example_dags/example_task_group.py
[2025-08-02T01:45:42.300+0000] {processor.py:840} INFO - DAG(s) 'example_task_group' retrieved from /home/airflow/.local/lib/python3.8/site-packages/airflow/example_dags/example_task_group.py
[2025-08-02T01:45:42.372+0000] {logging_mixin.py:188} INFO - [2025-08-02T01:45:42.371+0000] {dag.py:3047} INFO - Sync 1 DAGs
[2025-08-02T01:45:42.449+0000] {logging_mixin.py:188} INFO - [2025-08-02T01:45:42.448+0000] {dag.py:3834} INFO - Setting next_dagrun for example_task_group to 2025-08-01 00:00:00+00:00, run_after=2025-08-02 00:00:00+00:00
[2025-08-02T01:45:42.525+0000] {processor.py:183} INFO - Processing /home/airflow/.local/lib/python3.8/site-packages/airflow/example_dags/example_task_group.py took 0.260 seconds
[2025-08-02T01:46:13.731+0000] {processor.py:161} INFO - Started process (PID=465) to work on /home/airflow/.local/lib/python3.8/site-packages/airflow/example_dags/example_task_group.py
[2025-08-02T01:46:13.739+0000] {processor.py:830} INFO - Processing file /home/airflow/.local/lib/python3.8/site-packages/airflow/example_dags/example_task_group.py for tasks to queue
[2025-08-02T01:46:13.742+0000] {logging_mixin.py:188} INFO - [2025-08-02T01:46:13.742+0000] {dagbag.py:540} INFO - Filling up the DagBag from /home/airflow/.local/lib/python3.8/site-packages/airflow/example_dags/example_task_group.py
[2025-08-02T01:46:13.762+0000] {processor.py:840} INFO - DAG(s) 'example_task_group' retrieved from /home/airflow/.local/lib/python3.8/site-packages/airflow/example_dags/example_task_group.py
[2025-08-02T01:46:13.827+0000] {logging_mixin.py:188} INFO - [2025-08-02T01:46:13.827+0000] {dag.py:3047} INFO - Sync 1 DAGs
[2025-08-02T01:46:13.851+0000] {logging_mixin.py:188} INFO - [2025-08-02T01:46:13.851+0000] {dag.py:3834} INFO - Setting next_dagrun for example_task_group to 2025-08-01 00:00:00+00:00, run_after=2025-08-02 00:00:00+00:00
[2025-08-02T01:46:13.868+0000] {processor.py:183} INFO - Processing /home/airflow/.local/lib/python3.8/site-packages/airflow/example_dags/example_task_group.py took 0.156 seconds
[2025-08-02T01:46:44.665+0000] {processor.py:161} INFO - Started process (PID=521) to work on /home/airflow/.local/lib/python3.8/site-packages/airflow/example_dags/example_task_group.py
[2025-08-02T01:46:44.667+0000] {processor.py:830} INFO - Processing file /home/airflow/.local/lib/python3.8/site-packages/airflow/example_dags/example_task_group.py for tasks to queue
[2025-08-02T01:46:44.669+0000] {logging_mixin.py:188} INFO - [2025-08-02T01:46:44.668+0000] {dagbag.py:540} INFO - Filling up the DagBag from /home/airflow/.local/lib/python3.8/site-packages/airflow/example_dags/example_task_group.py
[2025-08-02T01:46:44.675+0000] {processor.py:840} INFO - DAG(s) 'example_task_group' retrieved from /home/airflow/.local/lib/python3.8/site-packages/airflow/example_dags/example_task_group.py
[2025-08-02T01:46:44.696+0000] {logging_mixin.py:188} INFO - [2025-08-02T01:46:44.696+0000] {dag.py:3047} INFO - Sync 1 DAGs
[2025-08-02T01:46:44.729+0000] {logging_mixin.py:188} INFO - [2025-08-02T01:46:44.728+0000] {dag.py:3834} INFO - Setting next_dagrun for example_task_group to 2025-08-01 00:00:00+00:00, run_after=2025-08-02 00:00:00+00:00
[2025-08-02T01:46:44.746+0000] {processor.py:183} INFO - Processing /home/airflow/.local/lib/python3.8/site-packages/airflow/example_dags/example_task_group.py took 0.086 seconds
[2025-08-02T01:47:14.980+0000] {processor.py:161} INFO - Started process (PID=577) to work on /home/airflow/.local/lib/python3.8/site-packages/airflow/example_dags/example_task_group.py
[2025-08-02T01:47:14.982+0000] {processor.py:830} INFO - Processing file /home/airflow/.local/lib/python3.8/site-packages/airflow/example_dags/example_task_group.py for tasks to queue
[2025-08-02T01:47:14.984+0000] {logging_mixin.py:188} INFO - [2025-08-02T01:47:14.984+0000] {dagbag.py:540} INFO - Filling up the DagBag from /home/airflow/.local/lib/python3.8/site-packages/airflow/example_dags/example_task_group.py
[2025-08-02T01:47:14.997+0000] {processor.py:840} INFO - DAG(s) 'example_task_group' retrieved from /home/airflow/.local/lib/python3.8/site-packages/airflow/example_dags/example_task_group.py
[2025-08-02T01:47:15.025+0000] {logging_mixin.py:188} INFO - [2025-08-02T01:47:15.025+0000] {dag.py:3047} INFO - Sync 1 DAGs
[2025-08-02T01:47:15.042+0000] {logging_mixin.py:188} INFO - [2025-08-02T01:47:15.041+0000] {dag.py:3834} INFO - Setting next_dagrun for example_task_group to 2025-08-01 00:00:00+00:00, run_after=2025-08-02 00:00:00+00:00
[2025-08-02T01:47:15.078+0000] {processor.py:183} INFO - Processing /home/airflow/.local/lib/python3.8/site-packages/airflow/example_dags/example_task_group.py took 0.104 seconds
[2025-08-02T01:47:45.629+0000] {processor.py:161} INFO - Started process (PID=633) to work on /home/airflow/.local/lib/python3.8/site-packages/airflow/example_dags/example_task_group.py
[2025-08-02T01:47:45.631+0000] {processor.py:830} INFO - Processing file /home/airflow/.local/lib/python3.8/site-packages/airflow/example_dags/example_task_group.py for tasks to queue
[2025-08-02T01:47:45.634+0000] {logging_mixin.py:188} INFO - [2025-08-02T01:47:45.633+0000] {dagbag.py:540} INFO - Filling up the DagBag from /home/airflow/.local/lib/python3.8/site-packages/airflow/example_dags/example_task_group.py
[2025-08-02T01:47:45.644+0000] {processor.py:840} INFO - DAG(s) 'example_task_group' retrieved from /home/airflow/.local/lib/python3.8/site-packages/airflow/example_dags/example_task_group.py
[2025-08-02T01:47:45.688+0000] {logging_mixin.py:188} INFO - [2025-08-02T01:47:45.688+0000] {dag.py:3047} INFO - Sync 1 DAGs
[2025-08-02T01:47:45.714+0000] {logging_mixin.py:188} INFO - [2025-08-02T01:47:45.713+0000] {dag.py:3834} INFO - Setting next_dagrun for example_task_group to 2025-08-01 00:00:00+00:00, run_after=2025-08-02 00:00:00+00:00
[2025-08-02T01:47:45.733+0000] {processor.py:183} INFO - Processing /home/airflow/.local/lib/python3.8/site-packages/airflow/example_dags/example_task_group.py took 0.109 seconds
[2025-08-02T01:48:15.985+0000] {processor.py:161} INFO - Started process (PID=689) to work on /home/airflow/.local/lib/python3.8/site-packages/airflow/example_dags/example_task_group.py
[2025-08-02T01:48:15.987+0000] {processor.py:830} INFO - Processing file /home/airflow/.local/lib/python3.8/site-packages/airflow/example_dags/example_task_group.py for tasks to queue
[2025-08-02T01:48:15.989+0000] {logging_mixin.py:188} INFO - [2025-08-02T01:48:15.989+0000] {dagbag.py:540} INFO - Filling up the DagBag from /home/airflow/.local/lib/python3.8/site-packages/airflow/example_dags/example_task_group.py
[2025-08-02T01:48:15.998+0000] {processor.py:840} INFO - DAG(s) 'example_task_group' retrieved from /home/airflow/.local/lib/python3.8/site-packages/airflow/example_dags/example_task_group.py
[2025-08-02T01:48:16.022+0000] {logging_mixin.py:188} INFO - [2025-08-02T01:48:16.022+0000] {dag.py:3047} INFO - Sync 1 DAGs
[2025-08-02T01:48:16.043+0000] {logging_mixin.py:188} INFO - [2025-08-02T01:48:16.042+0000] {dag.py:3834} INFO - Setting next_dagrun for example_task_group to 2025-08-01 00:00:00+00:00, run_after=2025-08-02 00:00:00+00:00
[2025-08-02T01:48:16.061+0000] {processor.py:183} INFO - Processing /home/airflow/.local/lib/python3.8/site-packages/airflow/example_dags/example_task_group.py took 0.080 seconds
[2025-08-02T01:48:46.454+0000] {processor.py:161} INFO - Started process (PID=745) to work on /home/airflow/.local/lib/python3.8/site-packages/airflow/example_dags/example_task_group.py
[2025-08-02T01:48:46.456+0000] {processor.py:830} INFO - Processing file /home/airflow/.local/lib/python3.8/site-packages/airflow/example_dags/example_task_group.py for tasks to queue
[2025-08-02T01:48:46.460+0000] {logging_mixin.py:188} INFO - [2025-08-02T01:48:46.460+0000] {dagbag.py:540} INFO - Filling up the DagBag from /home/airflow/.local/lib/python3.8/site-packages/airflow/example_dags/example_task_group.py
[2025-08-02T01:48:46.475+0000] {processor.py:840} INFO - DAG(s) 'example_task_group' retrieved from /home/airflow/.local/lib/python3.8/site-packages/airflow/example_dags/example_task_group.py
[2025-08-02T01:48:46.541+0000] {logging_mixin.py:188} INFO - [2025-08-02T01:48:46.541+0000] {dag.py:3047} INFO - Sync 1 DAGs
[2025-08-02T01:48:46.559+0000] {logging_mixin.py:188} INFO - [2025-08-02T01:48:46.559+0000] {dag.py:3834} INFO - Setting next_dagrun for example_task_group to 2025-08-01 00:00:00+00:00, run_after=2025-08-02 00:00:00+00:00
[2025-08-02T01:48:46.573+0000] {processor.py:183} INFO - Processing /home/airflow/.local/lib/python3.8/site-packages/airflow/example_dags/example_task_group.py took 0.126 seconds
[2025-08-02T01:49:17.568+0000] {processor.py:161} INFO - Started process (PID=801) to work on /home/airflow/.local/lib/python3.8/site-packages/airflow/example_dags/example_task_group.py
[2025-08-02T01:49:17.570+0000] {processor.py:830} INFO - Processing file /home/airflow/.local/lib/python3.8/site-packages/airflow/example_dags/example_task_group.py for tasks to queue
[2025-08-02T01:49:17.575+0000] {logging_mixin.py:188} INFO - [2025-08-02T01:49:17.573+0000] {dagbag.py:540} INFO - Filling up the DagBag from /home/airflow/.local/lib/python3.8/site-packages/airflow/example_dags/example_task_group.py
[2025-08-02T01:49:17.587+0000] {processor.py:840} INFO - DAG(s) 'example_task_group' retrieved from /home/airflow/.local/lib/python3.8/site-packages/airflow/example_dags/example_task_group.py
[2025-08-02T01:49:17.813+0000] {logging_mixin.py:188} INFO - [2025-08-02T01:49:17.812+0000] {dag.py:3047} INFO - Sync 1 DAGs
[2025-08-02T01:49:17.897+0000] {logging_mixin.py:188} INFO - [2025-08-02T01:49:17.897+0000] {dag.py:3834} INFO - Setting next_dagrun for example_task_group to 2025-08-01 00:00:00+00:00, run_after=2025-08-02 00:00:00+00:00
[2025-08-02T01:49:17.946+0000] {processor.py:183} INFO - Processing /home/airflow/.local/lib/python3.8/site-packages/airflow/example_dags/example_task_group.py took 0.386 seconds
[2025-08-02T01:49:49.454+0000] {processor.py:161} INFO - Started process (PID=857) to work on /home/airflow/.local/lib/python3.8/site-packages/airflow/example_dags/example_task_group.py
[2025-08-02T01:49:49.461+0000] {processor.py:830} INFO - Processing file /home/airflow/.local/lib/python3.8/site-packages/airflow/example_dags/example_task_group.py for tasks to queue
[2025-08-02T01:49:49.480+0000] {logging_mixin.py:188} INFO - [2025-08-02T01:49:49.473+0000] {dagbag.py:540} INFO - Filling up the DagBag from /home/airflow/.local/lib/python3.8/site-packages/airflow/example_dags/example_task_group.py
[2025-08-02T01:49:49.556+0000] {processor.py:840} INFO - DAG(s) 'example_task_group' retrieved from /home/airflow/.local/lib/python3.8/site-packages/airflow/example_dags/example_task_group.py
[2025-08-02T01:49:49.713+0000] {logging_mixin.py:188} INFO - [2025-08-02T01:49:49.712+0000] {dag.py:3047} INFO - Sync 1 DAGs
[2025-08-02T01:49:49.790+0000] {logging_mixin.py:188} INFO - [2025-08-02T01:49:49.789+0000] {dag.py:3834} INFO - Setting next_dagrun for example_task_group to 2025-08-01 00:00:00+00:00, run_after=2025-08-02 00:00:00+00:00
[2025-08-02T01:49:49.858+0000] {processor.py:183} INFO - Processing /home/airflow/.local/lib/python3.8/site-packages/airflow/example_dags/example_task_group.py took 0.419 seconds
[2025-08-02T01:50:20.939+0000] {processor.py:161} INFO - Started process (PID=913) to work on /home/airflow/.local/lib/python3.8/site-packages/airflow/example_dags/example_task_group.py
[2025-08-02T01:50:20.945+0000] {processor.py:830} INFO - Processing file /home/airflow/.local/lib/python3.8/site-packages/airflow/example_dags/example_task_group.py for tasks to queue
[2025-08-02T01:50:20.965+0000] {logging_mixin.py:188} INFO - [2025-08-02T01:50:20.964+0000] {dagbag.py:540} INFO - Filling up the DagBag from /home/airflow/.local/lib/python3.8/site-packages/airflow/example_dags/example_task_group.py
[2025-08-02T01:50:20.990+0000] {processor.py:840} INFO - DAG(s) 'example_task_group' retrieved from /home/airflow/.local/lib/python3.8/site-packages/airflow/example_dags/example_task_group.py
[2025-08-02T01:50:21.179+0000] {logging_mixin.py:188} INFO - [2025-08-02T01:50:21.172+0000] {dag.py:3047} INFO - Sync 1 DAGs
[2025-08-02T01:50:21.317+0000] {logging_mixin.py:188} INFO - [2025-08-02T01:50:21.313+0000] {dag.py:3834} INFO - Setting next_dagrun for example_task_group to 2025-08-01 00:00:00+00:00, run_after=2025-08-02 00:00:00+00:00
[2025-08-02T01:50:21.410+0000] {processor.py:183} INFO - Processing /home/airflow/.local/lib/python3.8/site-packages/airflow/example_dags/example_task_group.py took 0.479 seconds
[2025-08-02T01:50:52.205+0000] {processor.py:161} INFO - Started process (PID=969) to work on /home/airflow/.local/lib/python3.8/site-packages/airflow/example_dags/example_task_group.py
[2025-08-02T01:50:52.211+0000] {processor.py:830} INFO - Processing file /home/airflow/.local/lib/python3.8/site-packages/airflow/example_dags/example_task_group.py for tasks to queue
[2025-08-02T01:50:52.221+0000] {logging_mixin.py:188} INFO - [2025-08-02T01:50:52.220+0000] {dagbag.py:540} INFO - Filling up the DagBag from /home/airflow/.local/lib/python3.8/site-packages/airflow/example_dags/example_task_group.py
[2025-08-02T01:50:52.238+0000] {processor.py:840} INFO - DAG(s) 'example_task_group' retrieved from /home/airflow/.local/lib/python3.8/site-packages/airflow/example_dags/example_task_group.py
[2025-08-02T01:50:52.302+0000] {logging_mixin.py:188} INFO - [2025-08-02T01:50:52.301+0000] {dag.py:3047} INFO - Sync 1 DAGs
[2025-08-02T01:50:52.353+0000] {logging_mixin.py:188} INFO - [2025-08-02T01:50:52.353+0000] {dag.py:3834} INFO - Setting next_dagrun for example_task_group to 2025-08-01 00:00:00+00:00, run_after=2025-08-02 00:00:00+00:00
[2025-08-02T01:50:52.377+0000] {processor.py:183} INFO - Processing /home/airflow/.local/lib/python3.8/site-packages/airflow/example_dags/example_task_group.py took 0.176 seconds
[2025-08-02T01:51:23.124+0000] {processor.py:161} INFO - Started process (PID=1026) to work on /home/airflow/.local/lib/python3.8/site-packages/airflow/example_dags/example_task_group.py
[2025-08-02T01:51:23.145+0000] {processor.py:830} INFO - Processing file /home/airflow/.local/lib/python3.8/site-packages/airflow/example_dags/example_task_group.py for tasks to queue
[2025-08-02T01:51:23.166+0000] {logging_mixin.py:188} INFO - [2025-08-02T01:51:23.165+0000] {dagbag.py:540} INFO - Filling up the DagBag from /home/airflow/.local/lib/python3.8/site-packages/airflow/example_dags/example_task_group.py
[2025-08-02T01:51:23.186+0000] {processor.py:840} INFO - DAG(s) 'example_task_group' retrieved from /home/airflow/.local/lib/python3.8/site-packages/airflow/example_dags/example_task_group.py
[2025-08-02T01:51:23.341+0000] {logging_mixin.py:188} INFO - [2025-08-02T01:51:23.340+0000] {dag.py:3047} INFO - Sync 1 DAGs
[2025-08-02T01:51:23.414+0000] {logging_mixin.py:188} INFO - [2025-08-02T01:51:23.414+0000] {dag.py:3834} INFO - Setting next_dagrun for example_task_group to 2025-08-01 00:00:00+00:00, run_after=2025-08-02 00:00:00+00:00
[2025-08-02T01:51:23.457+0000] {processor.py:183} INFO - Processing /home/airflow/.local/lib/python3.8/site-packages/airflow/example_dags/example_task_group.py took 0.338 seconds
[2025-08-02T01:51:53.975+0000] {processor.py:161} INFO - Started process (PID=1081) to work on /home/airflow/.local/lib/python3.8/site-packages/airflow/example_dags/example_task_group.py
[2025-08-02T01:51:53.977+0000] {processor.py:830} INFO - Processing file /home/airflow/.local/lib/python3.8/site-packages/airflow/example_dags/example_task_group.py for tasks to queue
[2025-08-02T01:51:53.981+0000] {logging_mixin.py:188} INFO - [2025-08-02T01:51:53.980+0000] {dagbag.py:540} INFO - Filling up the DagBag from /home/airflow/.local/lib/python3.8/site-packages/airflow/example_dags/example_task_group.py
[2025-08-02T01:51:53.990+0000] {processor.py:840} INFO - DAG(s) 'example_task_group' retrieved from /home/airflow/.local/lib/python3.8/site-packages/airflow/example_dags/example_task_group.py
[2025-08-02T01:51:54.014+0000] {logging_mixin.py:188} INFO - [2025-08-02T01:51:54.014+0000] {dag.py:3047} INFO - Sync 1 DAGs
[2025-08-02T01:51:54.050+0000] {logging_mixin.py:188} INFO - [2025-08-02T01:51:54.050+0000] {dag.py:3834} INFO - Setting next_dagrun for example_task_group to 2025-08-01 00:00:00+00:00, run_after=2025-08-02 00:00:00+00:00
[2025-08-02T01:51:54.075+0000] {processor.py:183} INFO - Processing /home/airflow/.local/lib/python3.8/site-packages/airflow/example_dags/example_task_group.py took 0.107 seconds
[2025-08-02T01:52:24.601+0000] {processor.py:161} INFO - Started process (PID=1137) to work on /home/airflow/.local/lib/python3.8/site-packages/airflow/example_dags/example_task_group.py
[2025-08-02T01:52:24.607+0000] {processor.py:830} INFO - Processing file /home/airflow/.local/lib/python3.8/site-packages/airflow/example_dags/example_task_group.py for tasks to queue
[2025-08-02T01:52:24.612+0000] {logging_mixin.py:188} INFO - [2025-08-02T01:52:24.611+0000] {dagbag.py:540} INFO - Filling up the DagBag from /home/airflow/.local/lib/python3.8/site-packages/airflow/example_dags/example_task_group.py
[2025-08-02T01:52:24.633+0000] {processor.py:840} INFO - DAG(s) 'example_task_group' retrieved from /home/airflow/.local/lib/python3.8/site-packages/airflow/example_dags/example_task_group.py
[2025-08-02T01:52:24.686+0000] {logging_mixin.py:188} INFO - [2025-08-02T01:52:24.686+0000] {dag.py:3047} INFO - Sync 1 DAGs
[2025-08-02T01:52:24.706+0000] {logging_mixin.py:188} INFO - [2025-08-02T01:52:24.706+0000] {dag.py:3834} INFO - Setting next_dagrun for example_task_group to 2025-08-01 00:00:00+00:00, run_after=2025-08-02 00:00:00+00:00
[2025-08-02T01:52:24.722+0000] {processor.py:183} INFO - Processing /home/airflow/.local/lib/python3.8/site-packages/airflow/example_dags/example_task_group.py took 0.148 seconds
[2025-08-02T01:52:55.730+0000] {processor.py:161} INFO - Started process (PID=1193) to work on /home/airflow/.local/lib/python3.8/site-packages/airflow/example_dags/example_task_group.py
[2025-08-02T01:52:55.751+0000] {processor.py:830} INFO - Processing file /home/airflow/.local/lib/python3.8/site-packages/airflow/example_dags/example_task_group.py for tasks to queue
[2025-08-02T01:52:55.756+0000] {logging_mixin.py:188} INFO - [2025-08-02T01:52:55.755+0000] {dagbag.py:540} INFO - Filling up the DagBag from /home/airflow/.local/lib/python3.8/site-packages/airflow/example_dags/example_task_group.py
[2025-08-02T01:52:55.831+0000] {processor.py:840} INFO - DAG(s) 'example_task_group' retrieved from /home/airflow/.local/lib/python3.8/site-packages/airflow/example_dags/example_task_group.py
[2025-08-02T01:52:55.914+0000] {logging_mixin.py:188} INFO - [2025-08-02T01:52:55.914+0000] {dag.py:3047} INFO - Sync 1 DAGs
[2025-08-02T01:52:55.961+0000] {logging_mixin.py:188} INFO - [2025-08-02T01:52:55.961+0000] {dag.py:3834} INFO - Setting next_dagrun for example_task_group to 2025-08-01 00:00:00+00:00, run_after=2025-08-02 00:00:00+00:00
[2025-08-02T01:52:56.003+0000] {processor.py:183} INFO - Processing /home/airflow/.local/lib/python3.8/site-packages/airflow/example_dags/example_task_group.py took 0.320 seconds
[2025-08-02T01:53:27.865+0000] {processor.py:161} INFO - Started process (PID=1249) to work on /home/airflow/.local/lib/python3.8/site-packages/airflow/example_dags/example_task_group.py
[2025-08-02T01:53:27.867+0000] {processor.py:830} INFO - Processing file /home/airflow/.local/lib/python3.8/site-packages/airflow/example_dags/example_task_group.py for tasks to queue
[2025-08-02T01:53:27.869+0000] {logging_mixin.py:188} INFO - [2025-08-02T01:53:27.869+0000] {dagbag.py:540} INFO - Filling up the DagBag from /home/airflow/.local/lib/python3.8/site-packages/airflow/example_dags/example_task_group.py
[2025-08-02T01:53:27.874+0000] {processor.py:840} INFO - DAG(s) 'example_task_group' retrieved from /home/airflow/.local/lib/python3.8/site-packages/airflow/example_dags/example_task_group.py
[2025-08-02T01:53:27.922+0000] {logging_mixin.py:188} INFO - [2025-08-02T01:53:27.922+0000] {dag.py:3047} INFO - Sync 1 DAGs
[2025-08-02T01:53:27.964+0000] {logging_mixin.py:188} INFO - [2025-08-02T01:53:27.964+0000] {dag.py:3834} INFO - Setting next_dagrun for example_task_group to 2025-08-01 00:00:00+00:00, run_after=2025-08-02 00:00:00+00:00
[2025-08-02T01:53:28.007+0000] {processor.py:183} INFO - Processing /home/airflow/.local/lib/python3.8/site-packages/airflow/example_dags/example_task_group.py took 0.145 seconds
[2025-08-02T01:53:58.738+0000] {processor.py:161} INFO - Started process (PID=1305) to work on /home/airflow/.local/lib/python3.8/site-packages/airflow/example_dags/example_task_group.py
[2025-08-02T01:53:58.742+0000] {processor.py:830} INFO - Processing file /home/airflow/.local/lib/python3.8/site-packages/airflow/example_dags/example_task_group.py for tasks to queue
[2025-08-02T01:53:58.744+0000] {logging_mixin.py:188} INFO - [2025-08-02T01:53:58.743+0000] {dagbag.py:540} INFO - Filling up the DagBag from /home/airflow/.local/lib/python3.8/site-packages/airflow/example_dags/example_task_group.py
[2025-08-02T01:53:58.750+0000] {processor.py:840} INFO - DAG(s) 'example_task_group' retrieved from /home/airflow/.local/lib/python3.8/site-packages/airflow/example_dags/example_task_group.py
[2025-08-02T01:53:58.766+0000] {logging_mixin.py:188} INFO - [2025-08-02T01:53:58.766+0000] {dag.py:3047} INFO - Sync 1 DAGs
[2025-08-02T01:53:58.797+0000] {logging_mixin.py:188} INFO - [2025-08-02T01:53:58.797+0000] {dag.py:3834} INFO - Setting next_dagrun for example_task_group to 2025-08-01 00:00:00+00:00, run_after=2025-08-02 00:00:00+00:00
[2025-08-02T01:53:58.809+0000] {processor.py:183} INFO - Processing /home/airflow/.local/lib/python3.8/site-packages/airflow/example_dags/example_task_group.py took 0.073 seconds
[2025-08-02T01:54:29.636+0000] {processor.py:161} INFO - Started process (PID=1359) to work on /home/airflow/.local/lib/python3.8/site-packages/airflow/example_dags/example_task_group.py
[2025-08-02T01:54:29.638+0000] {processor.py:830} INFO - Processing file /home/airflow/.local/lib/python3.8/site-packages/airflow/example_dags/example_task_group.py for tasks to queue
[2025-08-02T01:54:29.639+0000] {logging_mixin.py:188} INFO - [2025-08-02T01:54:29.639+0000] {dagbag.py:540} INFO - Filling up the DagBag from /home/airflow/.local/lib/python3.8/site-packages/airflow/example_dags/example_task_group.py
[2025-08-02T01:54:29.644+0000] {processor.py:840} INFO - DAG(s) 'example_task_group' retrieved from /home/airflow/.local/lib/python3.8/site-packages/airflow/example_dags/example_task_group.py
[2025-08-02T01:54:29.672+0000] {logging_mixin.py:188} INFO - [2025-08-02T01:54:29.672+0000] {dag.py:3047} INFO - Sync 1 DAGs
[2025-08-02T01:54:29.691+0000] {logging_mixin.py:188} INFO - [2025-08-02T01:54:29.691+0000] {dag.py:3834} INFO - Setting next_dagrun for example_task_group to 2025-08-01 00:00:00+00:00, run_after=2025-08-02 00:00:00+00:00
[2025-08-02T01:54:29.709+0000] {processor.py:183} INFO - Processing /home/airflow/.local/lib/python3.8/site-packages/airflow/example_dags/example_task_group.py took 0.078 seconds
[2025-08-02T01:55:00.295+0000] {processor.py:161} INFO - Started process (PID=1415) to work on /home/airflow/.local/lib/python3.8/site-packages/airflow/example_dags/example_task_group.py
[2025-08-02T01:55:00.297+0000] {processor.py:830} INFO - Processing file /home/airflow/.local/lib/python3.8/site-packages/airflow/example_dags/example_task_group.py for tasks to queue
[2025-08-02T01:55:00.300+0000] {logging_mixin.py:188} INFO - [2025-08-02T01:55:00.300+0000] {dagbag.py:540} INFO - Filling up the DagBag from /home/airflow/.local/lib/python3.8/site-packages/airflow/example_dags/example_task_group.py
[2025-08-02T01:55:00.311+0000] {processor.py:840} INFO - DAG(s) 'example_task_group' retrieved from /home/airflow/.local/lib/python3.8/site-packages/airflow/example_dags/example_task_group.py
[2025-08-02T01:55:00.327+0000] {logging_mixin.py:188} INFO - [2025-08-02T01:55:00.327+0000] {dag.py:3047} INFO - Sync 1 DAGs
[2025-08-02T01:55:00.343+0000] {logging_mixin.py:188} INFO - [2025-08-02T01:55:00.343+0000] {dag.py:3834} INFO - Setting next_dagrun for example_task_group to 2025-08-01 00:00:00+00:00, run_after=2025-08-02 00:00:00+00:00
[2025-08-02T01:55:00.376+0000] {processor.py:183} INFO - Processing /home/airflow/.local/lib/python3.8/site-packages/airflow/example_dags/example_task_group.py took 0.094 seconds
[2025-08-02T01:55:30.475+0000] {processor.py:161} INFO - Started process (PID=1470) to work on /home/airflow/.local/lib/python3.8/site-packages/airflow/example_dags/example_task_group.py
[2025-08-02T01:55:30.476+0000] {processor.py:830} INFO - Processing file /home/airflow/.local/lib/python3.8/site-packages/airflow/example_dags/example_task_group.py for tasks to queue
[2025-08-02T01:55:30.477+0000] {logging_mixin.py:188} INFO - [2025-08-02T01:55:30.477+0000] {dagbag.py:540} INFO - Filling up the DagBag from /home/airflow/.local/lib/python3.8/site-packages/airflow/example_dags/example_task_group.py
[2025-08-02T01:55:30.482+0000] {processor.py:840} INFO - DAG(s) 'example_task_group' retrieved from /home/airflow/.local/lib/python3.8/site-packages/airflow/example_dags/example_task_group.py
[2025-08-02T01:55:30.502+0000] {logging_mixin.py:188} INFO - [2025-08-02T01:55:30.502+0000] {dag.py:3047} INFO - Sync 1 DAGs
[2025-08-02T01:55:30.515+0000] {logging_mixin.py:188} INFO - [2025-08-02T01:55:30.515+0000] {dag.py:3834} INFO - Setting next_dagrun for example_task_group to 2025-08-01 00:00:00+00:00, run_after=2025-08-02 00:00:00+00:00
[2025-08-02T01:55:30.527+0000] {processor.py:183} INFO - Processing /home/airflow/.local/lib/python3.8/site-packages/airflow/example_dags/example_task_group.py took 0.065 seconds
[2025-08-02T01:56:01.284+0000] {processor.py:161} INFO - Started process (PID=1526) to work on /home/airflow/.local/lib/python3.8/site-packages/airflow/example_dags/example_task_group.py
[2025-08-02T01:56:01.286+0000] {processor.py:830} INFO - Processing file /home/airflow/.local/lib/python3.8/site-packages/airflow/example_dags/example_task_group.py for tasks to queue
[2025-08-02T01:56:01.288+0000] {logging_mixin.py:188} INFO - [2025-08-02T01:56:01.287+0000] {dagbag.py:540} INFO - Filling up the DagBag from /home/airflow/.local/lib/python3.8/site-packages/airflow/example_dags/example_task_group.py
[2025-08-02T01:56:01.297+0000] {processor.py:840} INFO - DAG(s) 'example_task_group' retrieved from /home/airflow/.local/lib/python3.8/site-packages/airflow/example_dags/example_task_group.py
[2025-08-02T01:56:01.331+0000] {logging_mixin.py:188} INFO - [2025-08-02T01:56:01.329+0000] {dag.py:3047} INFO - Sync 1 DAGs
[2025-08-02T01:56:01.359+0000] {logging_mixin.py:188} INFO - [2025-08-02T01:56:01.358+0000] {dag.py:3834} INFO - Setting next_dagrun for example_task_group to 2025-08-01 00:00:00+00:00, run_after=2025-08-02 00:00:00+00:00
[2025-08-02T01:56:01.406+0000] {processor.py:183} INFO - Processing /home/airflow/.local/lib/python3.8/site-packages/airflow/example_dags/example_task_group.py took 0.126 seconds
[2025-08-02T01:56:32.110+0000] {processor.py:161} INFO - Started process (PID=1581) to work on /home/airflow/.local/lib/python3.8/site-packages/airflow/example_dags/example_task_group.py
[2025-08-02T01:56:32.114+0000] {processor.py:830} INFO - Processing file /home/airflow/.local/lib/python3.8/site-packages/airflow/example_dags/example_task_group.py for tasks to queue
[2025-08-02T01:56:32.116+0000] {logging_mixin.py:188} INFO - [2025-08-02T01:56:32.116+0000] {dagbag.py:540} INFO - Filling up the DagBag from /home/airflow/.local/lib/python3.8/site-packages/airflow/example_dags/example_task_group.py
[2025-08-02T01:56:32.123+0000] {processor.py:840} INFO - DAG(s) 'example_task_group' retrieved from /home/airflow/.local/lib/python3.8/site-packages/airflow/example_dags/example_task_group.py
[2025-08-02T01:56:32.158+0000] {logging_mixin.py:188} INFO - [2025-08-02T01:56:32.157+0000] {dag.py:3047} INFO - Sync 1 DAGs
[2025-08-02T01:56:32.196+0000] {logging_mixin.py:188} INFO - [2025-08-02T01:56:32.196+0000] {dag.py:3834} INFO - Setting next_dagrun for example_task_group to 2025-08-01 00:00:00+00:00, run_after=2025-08-02 00:00:00+00:00
[2025-08-02T01:56:32.245+0000] {processor.py:183} INFO - Processing /home/airflow/.local/lib/python3.8/site-packages/airflow/example_dags/example_task_group.py took 0.139 seconds
[2025-08-02T01:57:03.137+0000] {processor.py:161} INFO - Started process (PID=1637) to work on /home/airflow/.local/lib/python3.8/site-packages/airflow/example_dags/example_task_group.py
[2025-08-02T01:57:03.141+0000] {processor.py:830} INFO - Processing file /home/airflow/.local/lib/python3.8/site-packages/airflow/example_dags/example_task_group.py for tasks to queue
[2025-08-02T01:57:03.142+0000] {logging_mixin.py:188} INFO - [2025-08-02T01:57:03.142+0000] {dagbag.py:540} INFO - Filling up the DagBag from /home/airflow/.local/lib/python3.8/site-packages/airflow/example_dags/example_task_group.py
[2025-08-02T01:57:03.149+0000] {processor.py:840} INFO - DAG(s) 'example_task_group' retrieved from /home/airflow/.local/lib/python3.8/site-packages/airflow/example_dags/example_task_group.py
[2025-08-02T01:57:03.168+0000] {logging_mixin.py:188} INFO - [2025-08-02T01:57:03.168+0000] {dag.py:3047} INFO - Sync 1 DAGs
[2025-08-02T01:57:03.187+0000] {logging_mixin.py:188} INFO - [2025-08-02T01:57:03.187+0000] {dag.py:3834} INFO - Setting next_dagrun for example_task_group to 2025-08-01 00:00:00+00:00, run_after=2025-08-02 00:00:00+00:00
[2025-08-02T01:57:03.201+0000] {processor.py:183} INFO - Processing /home/airflow/.local/lib/python3.8/site-packages/airflow/example_dags/example_task_group.py took 0.066 seconds
[2025-08-02T01:57:35.375+0000] {processor.py:161} INFO - Started process (PID=1693) to work on /home/airflow/.local/lib/python3.8/site-packages/airflow/example_dags/example_task_group.py
[2025-08-02T01:57:35.385+0000] {processor.py:830} INFO - Processing file /home/airflow/.local/lib/python3.8/site-packages/airflow/example_dags/example_task_group.py for tasks to queue
[2025-08-02T01:57:35.477+0000] {logging_mixin.py:188} INFO - [2025-08-02T01:57:35.450+0000] {dagbag.py:540} INFO - Filling up the DagBag from /home/airflow/.local/lib/python3.8/site-packages/airflow/example_dags/example_task_group.py
[2025-08-02T01:57:35.590+0000] {processor.py:840} INFO - DAG(s) 'example_task_group' retrieved from /home/airflow/.local/lib/python3.8/site-packages/airflow/example_dags/example_task_group.py
[2025-08-02T01:57:35.852+0000] {logging_mixin.py:188} INFO - [2025-08-02T01:57:35.845+0000] {dag.py:3047} INFO - Sync 1 DAGs
[2025-08-02T01:57:35.994+0000] {logging_mixin.py:188} INFO - [2025-08-02T01:57:35.991+0000] {dag.py:3834} INFO - Setting next_dagrun for example_task_group to 2025-08-01 00:00:00+00:00, run_after=2025-08-02 00:00:00+00:00
[2025-08-02T01:57:36.328+0000] {processor.py:183} INFO - Processing /home/airflow/.local/lib/python3.8/site-packages/airflow/example_dags/example_task_group.py took 1.058 seconds
[2025-08-02T01:58:06.880+0000] {processor.py:161} INFO - Started process (PID=1749) to work on /home/airflow/.local/lib/python3.8/site-packages/airflow/example_dags/example_task_group.py
[2025-08-02T01:58:06.881+0000] {processor.py:830} INFO - Processing file /home/airflow/.local/lib/python3.8/site-packages/airflow/example_dags/example_task_group.py for tasks to queue
[2025-08-02T01:58:06.884+0000] {logging_mixin.py:188} INFO - [2025-08-02T01:58:06.883+0000] {dagbag.py:540} INFO - Filling up the DagBag from /home/airflow/.local/lib/python3.8/site-packages/airflow/example_dags/example_task_group.py
[2025-08-02T01:58:06.899+0000] {processor.py:840} INFO - DAG(s) 'example_task_group' retrieved from /home/airflow/.local/lib/python3.8/site-packages/airflow/example_dags/example_task_group.py
[2025-08-02T01:58:06.979+0000] {logging_mixin.py:188} INFO - [2025-08-02T01:58:06.979+0000] {dag.py:3047} INFO - Sync 1 DAGs
[2025-08-02T01:58:07.015+0000] {logging_mixin.py:188} INFO - [2025-08-02T01:58:07.015+0000] {dag.py:3834} INFO - Setting next_dagrun for example_task_group to 2025-08-01 00:00:00+00:00, run_after=2025-08-02 00:00:00+00:00
[2025-08-02T01:58:07.062+0000] {processor.py:183} INFO - Processing /home/airflow/.local/lib/python3.8/site-packages/airflow/example_dags/example_task_group.py took 0.187 seconds
[2025-08-02T01:58:38.557+0000] {processor.py:161} INFO - Started process (PID=1804) to work on /home/airflow/.local/lib/python3.8/site-packages/airflow/example_dags/example_task_group.py
[2025-08-02T01:58:38.560+0000] {processor.py:830} INFO - Processing file /home/airflow/.local/lib/python3.8/site-packages/airflow/example_dags/example_task_group.py for tasks to queue
[2025-08-02T01:58:38.571+0000] {logging_mixin.py:188} INFO - [2025-08-02T01:58:38.565+0000] {dagbag.py:540} INFO - Filling up the DagBag from /home/airflow/.local/lib/python3.8/site-packages/airflow/example_dags/example_task_group.py
[2025-08-02T01:58:38.612+0000] {processor.py:840} INFO - DAG(s) 'example_task_group' retrieved from /home/airflow/.local/lib/python3.8/site-packages/airflow/example_dags/example_task_group.py
[2025-08-02T01:58:38.972+0000] {logging_mixin.py:188} INFO - [2025-08-02T01:58:38.963+0000] {dag.py:3047} INFO - Sync 1 DAGs
[2025-08-02T01:58:39.207+0000] {logging_mixin.py:188} INFO - [2025-08-02T01:58:39.194+0000] {dag.py:3834} INFO - Setting next_dagrun for example_task_group to 2025-08-01 00:00:00+00:00, run_after=2025-08-02 00:00:00+00:00
[2025-08-02T01:58:39.306+0000] {processor.py:183} INFO - Processing /home/airflow/.local/lib/python3.8/site-packages/airflow/example_dags/example_task_group.py took 0.759 seconds
[2025-08-02T01:59:09.725+0000] {processor.py:161} INFO - Started process (PID=1858) to work on /home/airflow/.local/lib/python3.8/site-packages/airflow/example_dags/example_task_group.py
[2025-08-02T01:59:09.726+0000] {processor.py:830} INFO - Processing file /home/airflow/.local/lib/python3.8/site-packages/airflow/example_dags/example_task_group.py for tasks to queue
[2025-08-02T01:59:09.727+0000] {logging_mixin.py:188} INFO - [2025-08-02T01:59:09.727+0000] {dagbag.py:540} INFO - Filling up the DagBag from /home/airflow/.local/lib/python3.8/site-packages/airflow/example_dags/example_task_group.py
[2025-08-02T01:59:09.733+0000] {processor.py:840} INFO - DAG(s) 'example_task_group' retrieved from /home/airflow/.local/lib/python3.8/site-packages/airflow/example_dags/example_task_group.py
[2025-08-02T01:59:09.777+0000] {logging_mixin.py:188} INFO - [2025-08-02T01:59:09.777+0000] {dag.py:3047} INFO - Sync 1 DAGs
[2025-08-02T01:59:09.816+0000] {logging_mixin.py:188} INFO - [2025-08-02T01:59:09.816+0000] {dag.py:3834} INFO - Setting next_dagrun for example_task_group to 2025-08-01 00:00:00+00:00, run_after=2025-08-02 00:00:00+00:00
[2025-08-02T01:59:09.840+0000] {processor.py:183} INFO - Processing /home/airflow/.local/lib/python3.8/site-packages/airflow/example_dags/example_task_group.py took 0.118 seconds
[2025-08-02T01:59:40.455+0000] {processor.py:161} INFO - Started process (PID=1914) to work on /home/airflow/.local/lib/python3.8/site-packages/airflow/example_dags/example_task_group.py
[2025-08-02T01:59:40.470+0000] {processor.py:830} INFO - Processing file /home/airflow/.local/lib/python3.8/site-packages/airflow/example_dags/example_task_group.py for tasks to queue
[2025-08-02T01:59:40.502+0000] {logging_mixin.py:188} INFO - [2025-08-02T01:59:40.492+0000] {dagbag.py:540} INFO - Filling up the DagBag from /home/airflow/.local/lib/python3.8/site-packages/airflow/example_dags/example_task_group.py
[2025-08-02T01:59:40.574+0000] {processor.py:840} INFO - DAG(s) 'example_task_group' retrieved from /home/airflow/.local/lib/python3.8/site-packages/airflow/example_dags/example_task_group.py
[2025-08-02T01:59:40.670+0000] {logging_mixin.py:188} INFO - [2025-08-02T01:59:40.670+0000] {dag.py:3047} INFO - Sync 1 DAGs
[2025-08-02T01:59:40.708+0000] {logging_mixin.py:188} INFO - [2025-08-02T01:59:40.708+0000] {dag.py:3834} INFO - Setting next_dagrun for example_task_group to 2025-08-01 00:00:00+00:00, run_after=2025-08-02 00:00:00+00:00
[2025-08-02T01:59:40.724+0000] {processor.py:183} INFO - Processing /home/airflow/.local/lib/python3.8/site-packages/airflow/example_dags/example_task_group.py took 0.293 seconds
[2025-08-02T02:00:11.326+0000] {processor.py:161} INFO - Started process (PID=1970) to work on /home/airflow/.local/lib/python3.8/site-packages/airflow/example_dags/example_task_group.py
[2025-08-02T02:00:11.327+0000] {processor.py:830} INFO - Processing file /home/airflow/.local/lib/python3.8/site-packages/airflow/example_dags/example_task_group.py for tasks to queue
[2025-08-02T02:00:11.329+0000] {logging_mixin.py:188} INFO - [2025-08-02T02:00:11.329+0000] {dagbag.py:540} INFO - Filling up the DagBag from /home/airflow/.local/lib/python3.8/site-packages/airflow/example_dags/example_task_group.py
[2025-08-02T02:00:11.336+0000] {processor.py:840} INFO - DAG(s) 'example_task_group' retrieved from /home/airflow/.local/lib/python3.8/site-packages/airflow/example_dags/example_task_group.py
[2025-08-02T02:00:11.358+0000] {logging_mixin.py:188} INFO - [2025-08-02T02:00:11.357+0000] {dag.py:3047} INFO - Sync 1 DAGs
[2025-08-02T02:00:11.375+0000] {logging_mixin.py:188} INFO - [2025-08-02T02:00:11.374+0000] {dag.py:3834} INFO - Setting next_dagrun for example_task_group to 2025-08-01 00:00:00+00:00, run_after=2025-08-02 00:00:00+00:00
[2025-08-02T02:00:11.385+0000] {processor.py:183} INFO - Processing /home/airflow/.local/lib/python3.8/site-packages/airflow/example_dags/example_task_group.py took 0.063 seconds
[2025-08-02T02:00:42.073+0000] {processor.py:161} INFO - Started process (PID=2026) to work on /home/airflow/.local/lib/python3.8/site-packages/airflow/example_dags/example_task_group.py
[2025-08-02T02:00:42.085+0000] {processor.py:830} INFO - Processing file /home/airflow/.local/lib/python3.8/site-packages/airflow/example_dags/example_task_group.py for tasks to queue
[2025-08-02T02:00:42.148+0000] {logging_mixin.py:188} INFO - [2025-08-02T02:00:42.141+0000] {dagbag.py:540} INFO - Filling up the DagBag from /home/airflow/.local/lib/python3.8/site-packages/airflow/example_dags/example_task_group.py
[2025-08-02T02:00:42.465+0000] {processor.py:840} INFO - DAG(s) 'example_task_group' retrieved from /home/airflow/.local/lib/python3.8/site-packages/airflow/example_dags/example_task_group.py
[2025-08-02T02:00:43.750+0000] {logging_mixin.py:188} INFO - [2025-08-02T02:00:43.745+0000] {dag.py:3047} INFO - Sync 1 DAGs
[2025-08-02T02:00:43.899+0000] {logging_mixin.py:188} INFO - [2025-08-02T02:00:43.897+0000] {dag.py:3834} INFO - Setting next_dagrun for example_task_group to 2025-08-01 00:00:00+00:00, run_after=2025-08-02 00:00:00+00:00
[2025-08-02T02:00:43.942+0000] {processor.py:183} INFO - Processing /home/airflow/.local/lib/python3.8/site-packages/airflow/example_dags/example_task_group.py took 2.012 seconds
[2025-08-02T02:01:14.732+0000] {processor.py:161} INFO - Started process (PID=2082) to work on /home/airflow/.local/lib/python3.8/site-packages/airflow/example_dags/example_task_group.py
[2025-08-02T02:01:14.735+0000] {processor.py:830} INFO - Processing file /home/airflow/.local/lib/python3.8/site-packages/airflow/example_dags/example_task_group.py for tasks to queue
[2025-08-02T02:01:14.738+0000] {logging_mixin.py:188} INFO - [2025-08-02T02:01:14.738+0000] {dagbag.py:540} INFO - Filling up the DagBag from /home/airflow/.local/lib/python3.8/site-packages/airflow/example_dags/example_task_group.py
[2025-08-02T02:01:14.747+0000] {processor.py:840} INFO - DAG(s) 'example_task_group' retrieved from /home/airflow/.local/lib/python3.8/site-packages/airflow/example_dags/example_task_group.py
[2025-08-02T02:01:14.800+0000] {logging_mixin.py:188} INFO - [2025-08-02T02:01:14.800+0000] {dag.py:3047} INFO - Sync 1 DAGs
[2025-08-02T02:01:14.828+0000] {logging_mixin.py:188} INFO - [2025-08-02T02:01:14.827+0000] {dag.py:3834} INFO - Setting next_dagrun for example_task_group to 2025-08-01 00:00:00+00:00, run_after=2025-08-02 00:00:00+00:00
[2025-08-02T02:01:14.862+0000] {processor.py:183} INFO - Processing /home/airflow/.local/lib/python3.8/site-packages/airflow/example_dags/example_task_group.py took 0.136 seconds
[2025-08-02T02:02:28.786+0000] {processor.py:161} INFO - Started process (PID=2140) to work on /home/airflow/.local/lib/python3.8/site-packages/airflow/example_dags/example_task_group.py
[2025-08-02T02:02:28.793+0000] {processor.py:830} INFO - Processing file /home/airflow/.local/lib/python3.8/site-packages/airflow/example_dags/example_task_group.py for tasks to queue
[2025-08-02T02:02:28.870+0000] {logging_mixin.py:188} INFO - [2025-08-02T02:02:28.864+0000] {dagbag.py:540} INFO - Filling up the DagBag from /home/airflow/.local/lib/python3.8/site-packages/airflow/example_dags/example_task_group.py
[2025-08-02T02:02:28.947+0000] {processor.py:840} INFO - DAG(s) 'example_task_group' retrieved from /home/airflow/.local/lib/python3.8/site-packages/airflow/example_dags/example_task_group.py
[2025-08-02T02:02:29.162+0000] {logging_mixin.py:188} INFO - [2025-08-02T02:02:29.161+0000] {dag.py:3047} INFO - Sync 1 DAGs
[2025-08-02T02:02:29.281+0000] {logging_mixin.py:188} INFO - [2025-08-02T02:02:29.280+0000] {dag.py:3834} INFO - Setting next_dagrun for example_task_group to 2025-08-01 00:00:00+00:00, run_after=2025-08-02 00:00:00+00:00
[2025-08-02T02:02:29.492+0000] {processor.py:183} INFO - Processing /home/airflow/.local/lib/python3.8/site-packages/airflow/example_dags/example_task_group.py took 0.770 seconds
[2025-08-02T02:03:08.315+0000] {processor.py:161} INFO - Started process (PID=2196) to work on /home/airflow/.local/lib/python3.8/site-packages/airflow/example_dags/example_task_group.py
[2025-08-02T02:03:08.331+0000] {processor.py:830} INFO - Processing file /home/airflow/.local/lib/python3.8/site-packages/airflow/example_dags/example_task_group.py for tasks to queue
[2025-08-02T02:03:08.371+0000] {logging_mixin.py:188} INFO - [2025-08-02T02:03:08.370+0000] {dagbag.py:540} INFO - Filling up the DagBag from /home/airflow/.local/lib/python3.8/site-packages/airflow/example_dags/example_task_group.py
[2025-08-02T02:03:08.461+0000] {processor.py:840} INFO - DAG(s) 'example_task_group' retrieved from /home/airflow/.local/lib/python3.8/site-packages/airflow/example_dags/example_task_group.py
[2025-08-02T02:03:08.755+0000] {logging_mixin.py:188} INFO - [2025-08-02T02:03:08.751+0000] {dag.py:3047} INFO - Sync 1 DAGs
[2025-08-02T02:03:08.901+0000] {logging_mixin.py:188} INFO - [2025-08-02T02:03:08.899+0000] {dag.py:3834} INFO - Setting next_dagrun for example_task_group to 2025-08-01 00:00:00+00:00, run_after=2025-08-02 00:00:00+00:00
[2025-08-02T02:03:09.063+0000] {processor.py:183} INFO - Processing /home/airflow/.local/lib/python3.8/site-packages/airflow/example_dags/example_task_group.py took 0.778 seconds
[2025-08-02T02:03:39.972+0000] {processor.py:161} INFO - Started process (PID=2252) to work on /home/airflow/.local/lib/python3.8/site-packages/airflow/example_dags/example_task_group.py
[2025-08-02T02:03:39.978+0000] {processor.py:830} INFO - Processing file /home/airflow/.local/lib/python3.8/site-packages/airflow/example_dags/example_task_group.py for tasks to queue
[2025-08-02T02:03:39.986+0000] {logging_mixin.py:188} INFO - [2025-08-02T02:03:39.985+0000] {dagbag.py:540} INFO - Filling up the DagBag from /home/airflow/.local/lib/python3.8/site-packages/airflow/example_dags/example_task_group.py
[2025-08-02T02:03:40.023+0000] {processor.py:840} INFO - DAG(s) 'example_task_group' retrieved from /home/airflow/.local/lib/python3.8/site-packages/airflow/example_dags/example_task_group.py
[2025-08-02T02:03:40.090+0000] {logging_mixin.py:188} INFO - [2025-08-02T02:03:40.090+0000] {dag.py:3047} INFO - Sync 1 DAGs
[2025-08-02T02:03:40.132+0000] {logging_mixin.py:188} INFO - [2025-08-02T02:03:40.132+0000] {dag.py:3834} INFO - Setting next_dagrun for example_task_group to 2025-08-01 00:00:00+00:00, run_after=2025-08-02 00:00:00+00:00
[2025-08-02T02:03:40.161+0000] {processor.py:183} INFO - Processing /home/airflow/.local/lib/python3.8/site-packages/airflow/example_dags/example_task_group.py took 0.194 seconds
[2025-08-02T02:04:10.219+0000] {processor.py:161} INFO - Started process (PID=2307) to work on /home/airflow/.local/lib/python3.8/site-packages/airflow/example_dags/example_task_group.py
[2025-08-02T02:04:10.221+0000] {processor.py:830} INFO - Processing file /home/airflow/.local/lib/python3.8/site-packages/airflow/example_dags/example_task_group.py for tasks to queue
[2025-08-02T02:04:10.229+0000] {logging_mixin.py:188} INFO - [2025-08-02T02:04:10.227+0000] {dagbag.py:540} INFO - Filling up the DagBag from /home/airflow/.local/lib/python3.8/site-packages/airflow/example_dags/example_task_group.py
[2025-08-02T02:04:10.266+0000] {processor.py:840} INFO - DAG(s) 'example_task_group' retrieved from /home/airflow/.local/lib/python3.8/site-packages/airflow/example_dags/example_task_group.py
[2025-08-02T02:04:10.378+0000] {logging_mixin.py:188} INFO - [2025-08-02T02:04:10.377+0000] {dag.py:3047} INFO - Sync 1 DAGs
[2025-08-02T02:04:10.546+0000] {logging_mixin.py:188} INFO - [2025-08-02T02:04:10.544+0000] {dag.py:3834} INFO - Setting next_dagrun for example_task_group to 2025-08-01 00:00:00+00:00, run_after=2025-08-02 00:00:00+00:00
[2025-08-02T02:04:10.678+0000] {processor.py:183} INFO - Processing /home/airflow/.local/lib/python3.8/site-packages/airflow/example_dags/example_task_group.py took 0.470 seconds
[2025-08-02T02:04:45.941+0000] {processor.py:161} INFO - Started process (PID=2363) to work on /home/airflow/.local/lib/python3.8/site-packages/airflow/example_dags/example_task_group.py
[2025-08-02T02:04:45.943+0000] {processor.py:830} INFO - Processing file /home/airflow/.local/lib/python3.8/site-packages/airflow/example_dags/example_task_group.py for tasks to queue
[2025-08-02T02:04:45.955+0000] {logging_mixin.py:188} INFO - [2025-08-02T02:04:45.954+0000] {dagbag.py:540} INFO - Filling up the DagBag from /home/airflow/.local/lib/python3.8/site-packages/airflow/example_dags/example_task_group.py
[2025-08-02T02:04:45.968+0000] {processor.py:840} INFO - DAG(s) 'example_task_group' retrieved from /home/airflow/.local/lib/python3.8/site-packages/airflow/example_dags/example_task_group.py
[2025-08-02T02:04:46.001+0000] {logging_mixin.py:188} INFO - [2025-08-02T02:04:46.001+0000] {dag.py:3047} INFO - Sync 1 DAGs
[2025-08-02T02:04:46.036+0000] {logging_mixin.py:188} INFO - [2025-08-02T02:04:46.035+0000] {dag.py:3834} INFO - Setting next_dagrun for example_task_group to 2025-08-01 00:00:00+00:00, run_after=2025-08-02 00:00:00+00:00
[2025-08-02T02:04:46.070+0000] {processor.py:183} INFO - Processing /home/airflow/.local/lib/python3.8/site-packages/airflow/example_dags/example_task_group.py took 0.135 seconds
[2025-08-02T02:05:36.773+0000] {processor.py:161} INFO - Started process (PID=2419) to work on /home/airflow/.local/lib/python3.8/site-packages/airflow/example_dags/example_task_group.py
[2025-08-02T02:05:37.035+0000] {processor.py:830} INFO - Processing file /home/airflow/.local/lib/python3.8/site-packages/airflow/example_dags/example_task_group.py for tasks to queue
[2025-08-02T02:05:37.420+0000] {logging_mixin.py:188} INFO - [2025-08-02T02:05:37.221+0000] {dagbag.py:540} INFO - Filling up the DagBag from /home/airflow/.local/lib/python3.8/site-packages/airflow/example_dags/example_task_group.py
[2025-08-02T02:05:38.551+0000] {processor.py:840} INFO - DAG(s) 'example_task_group' retrieved from /home/airflow/.local/lib/python3.8/site-packages/airflow/example_dags/example_task_group.py
[2025-08-02T02:05:39.857+0000] {logging_mixin.py:188} INFO - [2025-08-02T02:05:39.822+0000] {dag.py:3047} INFO - Sync 1 DAGs
[2025-08-02T02:05:40.219+0000] {logging_mixin.py:188} INFO - [2025-08-02T02:05:40.212+0000] {dag.py:3834} INFO - Setting next_dagrun for example_task_group to 2025-08-01 00:00:00+00:00, run_after=2025-08-02 00:00:00+00:00
[2025-08-02T02:05:40.825+0000] {processor.py:183} INFO - Processing /home/airflow/.local/lib/python3.8/site-packages/airflow/example_dags/example_task_group.py took 5.340 seconds
[2025-08-02T02:08:50.284+0000] {processor.py:161} INFO - Started process (PID=2483) to work on /home/airflow/.local/lib/python3.8/site-packages/airflow/example_dags/example_task_group.py
[2025-08-02T02:08:50.288+0000] {processor.py:830} INFO - Processing file /home/airflow/.local/lib/python3.8/site-packages/airflow/example_dags/example_task_group.py for tasks to queue
[2025-08-02T02:08:50.301+0000] {logging_mixin.py:188} INFO - [2025-08-02T02:08:50.294+0000] {dagbag.py:540} INFO - Filling up the DagBag from /home/airflow/.local/lib/python3.8/site-packages/airflow/example_dags/example_task_group.py
[2025-08-02T02:08:50.360+0000] {processor.py:840} INFO - DAG(s) 'example_task_group' retrieved from /home/airflow/.local/lib/python3.8/site-packages/airflow/example_dags/example_task_group.py
[2025-08-02T02:08:50.510+0000] {logging_mixin.py:188} INFO - [2025-08-02T02:08:50.509+0000] {dag.py:3047} INFO - Sync 1 DAGs
[2025-08-02T02:08:50.634+0000] {logging_mixin.py:188} INFO - [2025-08-02T02:08:50.634+0000] {dag.py:3834} INFO - Setting next_dagrun for example_task_group to 2025-08-01 00:00:00+00:00, run_after=2025-08-02 00:00:00+00:00
[2025-08-02T02:08:50.733+0000] {processor.py:183} INFO - Processing /home/airflow/.local/lib/python3.8/site-packages/airflow/example_dags/example_task_group.py took 0.472 seconds
[2025-08-02T02:09:22.599+0000] {processor.py:161} INFO - Started process (PID=2539) to work on /home/airflow/.local/lib/python3.8/site-packages/airflow/example_dags/example_task_group.py
[2025-08-02T02:09:22.604+0000] {processor.py:830} INFO - Processing file /home/airflow/.local/lib/python3.8/site-packages/airflow/example_dags/example_task_group.py for tasks to queue
[2025-08-02T02:09:22.615+0000] {logging_mixin.py:188} INFO - [2025-08-02T02:09:22.611+0000] {dagbag.py:540} INFO - Filling up the DagBag from /home/airflow/.local/lib/python3.8/site-packages/airflow/example_dags/example_task_group.py
[2025-08-02T02:09:22.681+0000] {processor.py:840} INFO - DAG(s) 'example_task_group' retrieved from /home/airflow/.local/lib/python3.8/site-packages/airflow/example_dags/example_task_group.py
[2025-08-02T02:09:22.760+0000] {logging_mixin.py:188} INFO - [2025-08-02T02:09:22.759+0000] {dag.py:3047} INFO - Sync 1 DAGs
[2025-08-02T02:09:22.830+0000] {logging_mixin.py:188} INFO - [2025-08-02T02:09:22.830+0000] {dag.py:3834} INFO - Setting next_dagrun for example_task_group to 2025-08-01 00:00:00+00:00, run_after=2025-08-02 00:00:00+00:00
[2025-08-02T02:09:22.891+0000] {processor.py:183} INFO - Processing /home/airflow/.local/lib/python3.8/site-packages/airflow/example_dags/example_task_group.py took 0.305 seconds
[2025-08-02T02:09:56.450+0000] {processor.py:161} INFO - Started process (PID=2595) to work on /home/airflow/.local/lib/python3.8/site-packages/airflow/example_dags/example_task_group.py
[2025-08-02T02:09:56.460+0000] {processor.py:830} INFO - Processing file /home/airflow/.local/lib/python3.8/site-packages/airflow/example_dags/example_task_group.py for tasks to queue
[2025-08-02T02:09:56.472+0000] {logging_mixin.py:188} INFO - [2025-08-02T02:09:56.469+0000] {dagbag.py:540} INFO - Filling up the DagBag from /home/airflow/.local/lib/python3.8/site-packages/airflow/example_dags/example_task_group.py
[2025-08-02T02:09:56.508+0000] {processor.py:840} INFO - DAG(s) 'example_task_group' retrieved from /home/airflow/.local/lib/python3.8/site-packages/airflow/example_dags/example_task_group.py
[2025-08-02T02:09:56.581+0000] {logging_mixin.py:188} INFO - [2025-08-02T02:09:56.580+0000] {dag.py:3047} INFO - Sync 1 DAGs
[2025-08-02T02:09:56.799+0000] {logging_mixin.py:188} INFO - [2025-08-02T02:09:56.787+0000] {dag.py:3834} INFO - Setting next_dagrun for example_task_group to 2025-08-01 00:00:00+00:00, run_after=2025-08-02 00:00:00+00:00
[2025-08-02T02:09:56.969+0000] {processor.py:183} INFO - Processing /home/airflow/.local/lib/python3.8/site-packages/airflow/example_dags/example_task_group.py took 0.546 seconds
[2025-08-02T02:10:35.020+0000] {processor.py:161} INFO - Started process (PID=2646) to work on /home/airflow/.local/lib/python3.8/site-packages/airflow/example_dags/example_task_group.py
[2025-08-02T02:10:35.046+0000] {processor.py:830} INFO - Processing file /home/airflow/.local/lib/python3.8/site-packages/airflow/example_dags/example_task_group.py for tasks to queue
[2025-08-02T02:10:35.055+0000] {logging_mixin.py:188} INFO - [2025-08-02T02:10:35.053+0000] {dagbag.py:540} INFO - Filling up the DagBag from /home/airflow/.local/lib/python3.8/site-packages/airflow/example_dags/example_task_group.py
[2025-08-02T02:10:35.104+0000] {processor.py:840} INFO - DAG(s) 'example_task_group' retrieved from /home/airflow/.local/lib/python3.8/site-packages/airflow/example_dags/example_task_group.py
[2025-08-02T02:10:35.299+0000] {logging_mixin.py:188} INFO - [2025-08-02T02:10:35.293+0000] {dag.py:3047} INFO - Sync 1 DAGs
[2025-08-02T02:10:35.429+0000] {logging_mixin.py:188} INFO - [2025-08-02T02:10:35.428+0000] {dag.py:3834} INFO - Setting next_dagrun for example_task_group to 2025-08-01 00:00:00+00:00, run_after=2025-08-02 00:00:00+00:00
[2025-08-02T02:10:35.496+0000] {processor.py:183} INFO - Processing /home/airflow/.local/lib/python3.8/site-packages/airflow/example_dags/example_task_group.py took 0.522 seconds
[2025-08-02T02:11:08.786+0000] {processor.py:161} INFO - Started process (PID=2702) to work on /home/airflow/.local/lib/python3.8/site-packages/airflow/example_dags/example_task_group.py
[2025-08-02T02:11:08.792+0000] {processor.py:830} INFO - Processing file /home/airflow/.local/lib/python3.8/site-packages/airflow/example_dags/example_task_group.py for tasks to queue
[2025-08-02T02:11:08.796+0000] {logging_mixin.py:188} INFO - [2025-08-02T02:11:08.794+0000] {dagbag.py:540} INFO - Filling up the DagBag from /home/airflow/.local/lib/python3.8/site-packages/airflow/example_dags/example_task_group.py
[2025-08-02T02:11:08.868+0000] {processor.py:840} INFO - DAG(s) 'example_task_group' retrieved from /home/airflow/.local/lib/python3.8/site-packages/airflow/example_dags/example_task_group.py
[2025-08-02T02:11:09.194+0000] {logging_mixin.py:188} INFO - [2025-08-02T02:11:09.192+0000] {dag.py:3047} INFO - Sync 1 DAGs
[2025-08-02T02:11:09.337+0000] {logging_mixin.py:188} INFO - [2025-08-02T02:11:09.336+0000] {dag.py:3834} INFO - Setting next_dagrun for example_task_group to 2025-08-01 00:00:00+00:00, run_after=2025-08-02 00:00:00+00:00
[2025-08-02T02:11:09.423+0000] {processor.py:183} INFO - Processing /home/airflow/.local/lib/python3.8/site-packages/airflow/example_dags/example_task_group.py took 0.669 seconds
[2025-08-02T02:11:41.372+0000] {processor.py:161} INFO - Started process (PID=2757) to work on /home/airflow/.local/lib/python3.8/site-packages/airflow/example_dags/example_task_group.py
[2025-08-02T02:11:41.380+0000] {processor.py:830} INFO - Processing file /home/airflow/.local/lib/python3.8/site-packages/airflow/example_dags/example_task_group.py for tasks to queue
[2025-08-02T02:11:41.388+0000] {logging_mixin.py:188} INFO - [2025-08-02T02:11:41.386+0000] {dagbag.py:540} INFO - Filling up the DagBag from /home/airflow/.local/lib/python3.8/site-packages/airflow/example_dags/example_task_group.py
[2025-08-02T02:11:41.552+0000] {processor.py:840} INFO - DAG(s) 'example_task_group' retrieved from /home/airflow/.local/lib/python3.8/site-packages/airflow/example_dags/example_task_group.py
[2025-08-02T02:11:41.774+0000] {logging_mixin.py:188} INFO - [2025-08-02T02:11:41.772+0000] {dag.py:3047} INFO - Sync 1 DAGs
[2025-08-02T02:11:41.911+0000] {logging_mixin.py:188} INFO - [2025-08-02T02:11:41.910+0000] {dag.py:3834} INFO - Setting next_dagrun for example_task_group to 2025-08-01 00:00:00+00:00, run_after=2025-08-02 00:00:00+00:00
[2025-08-02T02:11:41.988+0000] {processor.py:183} INFO - Processing /home/airflow/.local/lib/python3.8/site-packages/airflow/example_dags/example_task_group.py took 0.641 seconds
[2025-08-02T02:12:12.622+0000] {processor.py:161} INFO - Started process (PID=2812) to work on /home/airflow/.local/lib/python3.8/site-packages/airflow/example_dags/example_task_group.py
[2025-08-02T02:12:12.624+0000] {processor.py:830} INFO - Processing file /home/airflow/.local/lib/python3.8/site-packages/airflow/example_dags/example_task_group.py for tasks to queue
[2025-08-02T02:12:12.627+0000] {logging_mixin.py:188} INFO - [2025-08-02T02:12:12.626+0000] {dagbag.py:540} INFO - Filling up the DagBag from /home/airflow/.local/lib/python3.8/site-packages/airflow/example_dags/example_task_group.py
[2025-08-02T02:12:12.662+0000] {processor.py:840} INFO - DAG(s) 'example_task_group' retrieved from /home/airflow/.local/lib/python3.8/site-packages/airflow/example_dags/example_task_group.py
[2025-08-02T02:12:12.822+0000] {logging_mixin.py:188} INFO - [2025-08-02T02:12:12.821+0000] {dag.py:3047} INFO - Sync 1 DAGs
[2025-08-02T02:12:12.888+0000] {logging_mixin.py:188} INFO - [2025-08-02T02:12:12.888+0000] {dag.py:3834} INFO - Setting next_dagrun for example_task_group to 2025-08-01 00:00:00+00:00, run_after=2025-08-02 00:00:00+00:00
[2025-08-02T02:12:12.916+0000] {processor.py:183} INFO - Processing /home/airflow/.local/lib/python3.8/site-packages/airflow/example_dags/example_task_group.py took 0.302 seconds
[2025-08-02T02:12:43.232+0000] {processor.py:161} INFO - Started process (PID=2868) to work on /home/airflow/.local/lib/python3.8/site-packages/airflow/example_dags/example_task_group.py
[2025-08-02T02:12:43.247+0000] {processor.py:830} INFO - Processing file /home/airflow/.local/lib/python3.8/site-packages/airflow/example_dags/example_task_group.py for tasks to queue
[2025-08-02T02:12:43.255+0000] {logging_mixin.py:188} INFO - [2025-08-02T02:12:43.249+0000] {dagbag.py:540} INFO - Filling up the DagBag from /home/airflow/.local/lib/python3.8/site-packages/airflow/example_dags/example_task_group.py
[2025-08-02T02:12:43.321+0000] {processor.py:840} INFO - DAG(s) 'example_task_group' retrieved from /home/airflow/.local/lib/python3.8/site-packages/airflow/example_dags/example_task_group.py
[2025-08-02T02:12:44.629+0000] {logging_mixin.py:188} INFO - [2025-08-02T02:12:44.607+0000] {dag.py:3047} INFO - Sync 1 DAGs
[2025-08-02T02:12:45.141+0000] {logging_mixin.py:188} INFO - [2025-08-02T02:12:45.129+0000] {dag.py:3834} INFO - Setting next_dagrun for example_task_group to 2025-08-01 00:00:00+00:00, run_after=2025-08-02 00:00:00+00:00
[2025-08-02T02:12:45.246+0000] {processor.py:183} INFO - Processing /home/airflow/.local/lib/python3.8/site-packages/airflow/example_dags/example_task_group.py took 1.991 seconds
[2025-08-02T02:13:15.434+0000] {processor.py:161} INFO - Started process (PID=2924) to work on /home/airflow/.local/lib/python3.8/site-packages/airflow/example_dags/example_task_group.py
[2025-08-02T02:13:15.459+0000] {processor.py:830} INFO - Processing file /home/airflow/.local/lib/python3.8/site-packages/airflow/example_dags/example_task_group.py for tasks to queue
[2025-08-02T02:13:15.471+0000] {logging_mixin.py:188} INFO - [2025-08-02T02:13:15.470+0000] {dagbag.py:540} INFO - Filling up the DagBag from /home/airflow/.local/lib/python3.8/site-packages/airflow/example_dags/example_task_group.py
[2025-08-02T02:13:15.563+0000] {processor.py:840} INFO - DAG(s) 'example_task_group' retrieved from /home/airflow/.local/lib/python3.8/site-packages/airflow/example_dags/example_task_group.py
[2025-08-02T02:13:15.868+0000] {logging_mixin.py:188} INFO - [2025-08-02T02:13:15.866+0000] {dag.py:3047} INFO - Sync 1 DAGs
[2025-08-02T02:13:15.940+0000] {logging_mixin.py:188} INFO - [2025-08-02T02:13:15.940+0000] {dag.py:3834} INFO - Setting next_dagrun for example_task_group to 2025-08-01 00:00:00+00:00, run_after=2025-08-02 00:00:00+00:00
[2025-08-02T02:13:15.997+0000] {processor.py:183} INFO - Processing /home/airflow/.local/lib/python3.8/site-packages/airflow/example_dags/example_task_group.py took 0.579 seconds
[2025-08-02T02:13:49.932+0000] {processor.py:161} INFO - Started process (PID=2979) to work on /home/airflow/.local/lib/python3.8/site-packages/airflow/example_dags/example_task_group.py
[2025-08-02T02:13:49.937+0000] {processor.py:830} INFO - Processing file /home/airflow/.local/lib/python3.8/site-packages/airflow/example_dags/example_task_group.py for tasks to queue
[2025-08-02T02:13:49.959+0000] {logging_mixin.py:188} INFO - [2025-08-02T02:13:49.952+0000] {dagbag.py:540} INFO - Filling up the DagBag from /home/airflow/.local/lib/python3.8/site-packages/airflow/example_dags/example_task_group.py
[2025-08-02T02:13:50.010+0000] {processor.py:840} INFO - DAG(s) 'example_task_group' retrieved from /home/airflow/.local/lib/python3.8/site-packages/airflow/example_dags/example_task_group.py
[2025-08-02T02:13:50.239+0000] {logging_mixin.py:188} INFO - [2025-08-02T02:13:50.238+0000] {dag.py:3047} INFO - Sync 1 DAGs
[2025-08-02T02:13:50.292+0000] {logging_mixin.py:188} INFO - [2025-08-02T02:13:50.292+0000] {dag.py:3834} INFO - Setting next_dagrun for example_task_group to 2025-08-01 00:00:00+00:00, run_after=2025-08-02 00:00:00+00:00
[2025-08-02T02:13:50.362+0000] {processor.py:183} INFO - Processing /home/airflow/.local/lib/python3.8/site-packages/airflow/example_dags/example_task_group.py took 0.451 seconds
[2025-08-02T02:14:21.224+0000] {processor.py:161} INFO - Started process (PID=3035) to work on /home/airflow/.local/lib/python3.8/site-packages/airflow/example_dags/example_task_group.py
[2025-08-02T02:14:21.237+0000] {processor.py:830} INFO - Processing file /home/airflow/.local/lib/python3.8/site-packages/airflow/example_dags/example_task_group.py for tasks to queue
[2025-08-02T02:14:21.243+0000] {logging_mixin.py:188} INFO - [2025-08-02T02:14:21.241+0000] {dagbag.py:540} INFO - Filling up the DagBag from /home/airflow/.local/lib/python3.8/site-packages/airflow/example_dags/example_task_group.py
[2025-08-02T02:14:21.282+0000] {processor.py:840} INFO - DAG(s) 'example_task_group' retrieved from /home/airflow/.local/lib/python3.8/site-packages/airflow/example_dags/example_task_group.py
[2025-08-02T02:14:21.434+0000] {logging_mixin.py:188} INFO - [2025-08-02T02:14:21.433+0000] {dag.py:3047} INFO - Sync 1 DAGs
[2025-08-02T02:14:21.511+0000] {logging_mixin.py:188} INFO - [2025-08-02T02:14:21.511+0000] {dag.py:3834} INFO - Setting next_dagrun for example_task_group to 2025-08-01 00:00:00+00:00, run_after=2025-08-02 00:00:00+00:00
[2025-08-02T02:14:21.537+0000] {processor.py:183} INFO - Processing /home/airflow/.local/lib/python3.8/site-packages/airflow/example_dags/example_task_group.py took 0.328 seconds
[2025-08-02T02:15:02.912+0000] {processor.py:161} INFO - Started process (PID=3074) to work on /home/airflow/.local/lib/python3.8/site-packages/airflow/example_dags/example_task_group.py
[2025-08-02T02:15:02.935+0000] {processor.py:830} INFO - Processing file /home/airflow/.local/lib/python3.8/site-packages/airflow/example_dags/example_task_group.py for tasks to queue
[2025-08-02T02:15:02.974+0000] {logging_mixin.py:188} INFO - [2025-08-02T02:15:02.940+0000] {dagbag.py:540} INFO - Filling up the DagBag from /home/airflow/.local/lib/python3.8/site-packages/airflow/example_dags/example_task_group.py
[2025-08-02T02:15:03.126+0000] {processor.py:840} INFO - DAG(s) 'example_task_group' retrieved from /home/airflow/.local/lib/python3.8/site-packages/airflow/example_dags/example_task_group.py
[2025-08-02T02:15:03.352+0000] {logging_mixin.py:188} INFO - [2025-08-02T02:15:03.348+0000] {dag.py:3047} INFO - Sync 1 DAGs
[2025-08-02T02:15:03.498+0000] {logging_mixin.py:188} INFO - [2025-08-02T02:15:03.495+0000] {dag.py:3834} INFO - Setting next_dagrun for example_task_group to 2025-08-01 00:00:00+00:00, run_after=2025-08-02 00:00:00+00:00
[2025-08-02T02:15:03.662+0000] {processor.py:183} INFO - Processing /home/airflow/.local/lib/python3.8/site-packages/airflow/example_dags/example_task_group.py took 0.778 seconds
[2025-08-02T02:15:43.242+0000] {processor.py:161} INFO - Started process (PID=3128) to work on /home/airflow/.local/lib/python3.8/site-packages/airflow/example_dags/example_task_group.py
[2025-08-02T02:15:43.250+0000] {processor.py:830} INFO - Processing file /home/airflow/.local/lib/python3.8/site-packages/airflow/example_dags/example_task_group.py for tasks to queue
[2025-08-02T02:15:43.254+0000] {logging_mixin.py:188} INFO - [2025-08-02T02:15:43.252+0000] {dagbag.py:540} INFO - Filling up the DagBag from /home/airflow/.local/lib/python3.8/site-packages/airflow/example_dags/example_task_group.py
[2025-08-02T02:15:43.309+0000] {processor.py:840} INFO - DAG(s) 'example_task_group' retrieved from /home/airflow/.local/lib/python3.8/site-packages/airflow/example_dags/example_task_group.py
[2025-08-02T02:15:43.419+0000] {logging_mixin.py:188} INFO - [2025-08-02T02:15:43.418+0000] {dag.py:3047} INFO - Sync 1 DAGs
[2025-08-02T02:15:43.484+0000] {logging_mixin.py:188} INFO - [2025-08-02T02:15:43.484+0000] {dag.py:3834} INFO - Setting next_dagrun for example_task_group to 2025-08-01 00:00:00+00:00, run_after=2025-08-02 00:00:00+00:00
[2025-08-02T02:15:43.553+0000] {processor.py:183} INFO - Processing /home/airflow/.local/lib/python3.8/site-packages/airflow/example_dags/example_task_group.py took 0.325 seconds
[2025-08-02T02:16:22.040+0000] {processor.py:161} INFO - Started process (PID=3190) to work on /home/airflow/.local/lib/python3.8/site-packages/airflow/example_dags/example_task_group.py
[2025-08-02T02:16:22.046+0000] {processor.py:830} INFO - Processing file /home/airflow/.local/lib/python3.8/site-packages/airflow/example_dags/example_task_group.py for tasks to queue
[2025-08-02T02:16:22.052+0000] {logging_mixin.py:188} INFO - [2025-08-02T02:16:22.049+0000] {dagbag.py:540} INFO - Filling up the DagBag from /home/airflow/.local/lib/python3.8/site-packages/airflow/example_dags/example_task_group.py
[2025-08-02T02:16:22.131+0000] {processor.py:840} INFO - DAG(s) 'example_task_group' retrieved from /home/airflow/.local/lib/python3.8/site-packages/airflow/example_dags/example_task_group.py
[2025-08-02T02:16:22.257+0000] {logging_mixin.py:188} INFO - [2025-08-02T02:16:22.256+0000] {dag.py:3047} INFO - Sync 1 DAGs
[2025-08-02T02:16:22.335+0000] {logging_mixin.py:188} INFO - [2025-08-02T02:16:22.333+0000] {dag.py:3834} INFO - Setting next_dagrun for example_task_group to 2025-08-01 00:00:00+00:00, run_after=2025-08-02 00:00:00+00:00
[2025-08-02T02:16:22.422+0000] {processor.py:183} INFO - Processing /home/airflow/.local/lib/python3.8/site-packages/airflow/example_dags/example_task_group.py took 0.395 seconds
[2025-08-02T02:16:56.359+0000] {processor.py:161} INFO - Started process (PID=3246) to work on /home/airflow/.local/lib/python3.8/site-packages/airflow/example_dags/example_task_group.py
[2025-08-02T02:16:56.363+0000] {processor.py:830} INFO - Processing file /home/airflow/.local/lib/python3.8/site-packages/airflow/example_dags/example_task_group.py for tasks to queue
[2025-08-02T02:16:56.383+0000] {logging_mixin.py:188} INFO - [2025-08-02T02:16:56.368+0000] {dagbag.py:540} INFO - Filling up the DagBag from /home/airflow/.local/lib/python3.8/site-packages/airflow/example_dags/example_task_group.py
[2025-08-02T02:16:56.420+0000] {processor.py:840} INFO - DAG(s) 'example_task_group' retrieved from /home/airflow/.local/lib/python3.8/site-packages/airflow/example_dags/example_task_group.py
[2025-08-02T02:16:56.495+0000] {logging_mixin.py:188} INFO - [2025-08-02T02:16:56.495+0000] {dag.py:3047} INFO - Sync 1 DAGs
[2025-08-02T02:16:56.533+0000] {logging_mixin.py:188} INFO - [2025-08-02T02:16:56.533+0000] {dag.py:3834} INFO - Setting next_dagrun for example_task_group to 2025-08-01 00:00:00+00:00, run_after=2025-08-02 00:00:00+00:00
[2025-08-02T02:16:56.580+0000] {processor.py:183} INFO - Processing /home/airflow/.local/lib/python3.8/site-packages/airflow/example_dags/example_task_group.py took 0.244 seconds
[2025-08-02T02:17:28.157+0000] {processor.py:161} INFO - Started process (PID=3302) to work on /home/airflow/.local/lib/python3.8/site-packages/airflow/example_dags/example_task_group.py
[2025-08-02T02:17:28.161+0000] {processor.py:830} INFO - Processing file /home/airflow/.local/lib/python3.8/site-packages/airflow/example_dags/example_task_group.py for tasks to queue
[2025-08-02T02:17:28.165+0000] {logging_mixin.py:188} INFO - [2025-08-02T02:17:28.163+0000] {dagbag.py:540} INFO - Filling up the DagBag from /home/airflow/.local/lib/python3.8/site-packages/airflow/example_dags/example_task_group.py
[2025-08-02T02:17:28.288+0000] {processor.py:840} INFO - DAG(s) 'example_task_group' retrieved from /home/airflow/.local/lib/python3.8/site-packages/airflow/example_dags/example_task_group.py
[2025-08-02T02:17:28.372+0000] {logging_mixin.py:188} INFO - [2025-08-02T02:17:28.372+0000] {dag.py:3047} INFO - Sync 1 DAGs
[2025-08-02T02:17:28.428+0000] {logging_mixin.py:188} INFO - [2025-08-02T02:17:28.428+0000] {dag.py:3834} INFO - Setting next_dagrun for example_task_group to 2025-08-01 00:00:00+00:00, run_after=2025-08-02 00:00:00+00:00
[2025-08-02T02:17:28.538+0000] {processor.py:183} INFO - Processing /home/airflow/.local/lib/python3.8/site-packages/airflow/example_dags/example_task_group.py took 0.409 seconds
[2025-08-02T02:18:23.089+0000] {processor.py:161} INFO - Started process (PID=3354) to work on /home/airflow/.local/lib/python3.8/site-packages/airflow/example_dags/example_task_group.py
[2025-08-02T02:18:23.128+0000] {processor.py:830} INFO - Processing file /home/airflow/.local/lib/python3.8/site-packages/airflow/example_dags/example_task_group.py for tasks to queue
[2025-08-02T02:18:23.137+0000] {logging_mixin.py:188} INFO - [2025-08-02T02:18:23.136+0000] {dagbag.py:540} INFO - Filling up the DagBag from /home/airflow/.local/lib/python3.8/site-packages/airflow/example_dags/example_task_group.py
[2025-08-02T02:18:23.413+0000] {processor.py:840} INFO - DAG(s) 'example_task_group' retrieved from /home/airflow/.local/lib/python3.8/site-packages/airflow/example_dags/example_task_group.py
[2025-08-02T02:18:23.786+0000] {logging_mixin.py:188} INFO - [2025-08-02T02:18:23.783+0000] {dag.py:3047} INFO - Sync 1 DAGs
[2025-08-02T02:18:23.978+0000] {logging_mixin.py:188} INFO - [2025-08-02T02:18:23.974+0000] {dag.py:3834} INFO - Setting next_dagrun for example_task_group to 2025-08-01 00:00:00+00:00, run_after=2025-08-02 00:00:00+00:00
[2025-08-02T02:18:24.145+0000] {processor.py:183} INFO - Processing /home/airflow/.local/lib/python3.8/site-packages/airflow/example_dags/example_task_group.py took 1.088 seconds
[2025-08-02T02:19:07.794+0000] {processor.py:161} INFO - Started process (PID=3421) to work on /home/airflow/.local/lib/python3.8/site-packages/airflow/example_dags/example_task_group.py
[2025-08-02T02:19:07.803+0000] {processor.py:830} INFO - Processing file /home/airflow/.local/lib/python3.8/site-packages/airflow/example_dags/example_task_group.py for tasks to queue
[2025-08-02T02:19:07.814+0000] {logging_mixin.py:188} INFO - [2025-08-02T02:19:07.812+0000] {dagbag.py:540} INFO - Filling up the DagBag from /home/airflow/.local/lib/python3.8/site-packages/airflow/example_dags/example_task_group.py
[2025-08-02T02:19:07.876+0000] {processor.py:840} INFO - DAG(s) 'example_task_group' retrieved from /home/airflow/.local/lib/python3.8/site-packages/airflow/example_dags/example_task_group.py
[2025-08-02T02:19:08.149+0000] {logging_mixin.py:188} INFO - [2025-08-02T02:19:08.136+0000] {dag.py:3047} INFO - Sync 1 DAGs
[2025-08-02T02:19:08.466+0000] {logging_mixin.py:188} INFO - [2025-08-02T02:19:08.461+0000] {dag.py:3834} INFO - Setting next_dagrun for example_task_group to 2025-08-01 00:00:00+00:00, run_after=2025-08-02 00:00:00+00:00
[2025-08-02T02:19:08.571+0000] {processor.py:183} INFO - Processing /home/airflow/.local/lib/python3.8/site-packages/airflow/example_dags/example_task_group.py took 0.823 seconds
[2025-08-02T02:19:43.987+0000] {processor.py:161} INFO - Started process (PID=3476) to work on /home/airflow/.local/lib/python3.8/site-packages/airflow/example_dags/example_task_group.py
[2025-08-02T02:19:43.990+0000] {processor.py:830} INFO - Processing file /home/airflow/.local/lib/python3.8/site-packages/airflow/example_dags/example_task_group.py for tasks to queue
[2025-08-02T02:19:43.993+0000] {logging_mixin.py:188} INFO - [2025-08-02T02:19:43.992+0000] {dagbag.py:540} INFO - Filling up the DagBag from /home/airflow/.local/lib/python3.8/site-packages/airflow/example_dags/example_task_group.py
[2025-08-02T02:19:44.015+0000] {processor.py:840} INFO - DAG(s) 'example_task_group' retrieved from /home/airflow/.local/lib/python3.8/site-packages/airflow/example_dags/example_task_group.py
[2025-08-02T02:19:44.062+0000] {logging_mixin.py:188} INFO - [2025-08-02T02:19:44.061+0000] {dag.py:3047} INFO - Sync 1 DAGs
[2025-08-02T02:19:44.854+0000] {logging_mixin.py:188} INFO - [2025-08-02T02:19:44.853+0000] {dag.py:3834} INFO - Setting next_dagrun for example_task_group to 2025-08-01 00:00:00+00:00, run_after=2025-08-02 00:00:00+00:00
[2025-08-02T02:19:44.925+0000] {processor.py:183} INFO - Processing /home/airflow/.local/lib/python3.8/site-packages/airflow/example_dags/example_task_group.py took 0.948 seconds
[2025-08-02T02:20:15.827+0000] {processor.py:161} INFO - Started process (PID=3532) to work on /home/airflow/.local/lib/python3.8/site-packages/airflow/example_dags/example_task_group.py
[2025-08-02T02:20:15.829+0000] {processor.py:830} INFO - Processing file /home/airflow/.local/lib/python3.8/site-packages/airflow/example_dags/example_task_group.py for tasks to queue
[2025-08-02T02:20:15.834+0000] {logging_mixin.py:188} INFO - [2025-08-02T02:20:15.833+0000] {dagbag.py:540} INFO - Filling up the DagBag from /home/airflow/.local/lib/python3.8/site-packages/airflow/example_dags/example_task_group.py
[2025-08-02T02:20:15.863+0000] {processor.py:840} INFO - DAG(s) 'example_task_group' retrieved from /home/airflow/.local/lib/python3.8/site-packages/airflow/example_dags/example_task_group.py
[2025-08-02T02:20:16.060+0000] {logging_mixin.py:188} INFO - [2025-08-02T02:20:16.058+0000] {dag.py:3047} INFO - Sync 1 DAGs
[2025-08-02T02:20:16.148+0000] {logging_mixin.py:188} INFO - [2025-08-02T02:20:16.148+0000] {dag.py:3834} INFO - Setting next_dagrun for example_task_group to 2025-08-01 00:00:00+00:00, run_after=2025-08-02 00:00:00+00:00
[2025-08-02T02:20:16.209+0000] {processor.py:183} INFO - Processing /home/airflow/.local/lib/python3.8/site-packages/airflow/example_dags/example_task_group.py took 0.386 seconds
[2025-08-02T02:20:47.028+0000] {processor.py:161} INFO - Started process (PID=3588) to work on /home/airflow/.local/lib/python3.8/site-packages/airflow/example_dags/example_task_group.py
[2025-08-02T02:20:47.030+0000] {processor.py:830} INFO - Processing file /home/airflow/.local/lib/python3.8/site-packages/airflow/example_dags/example_task_group.py for tasks to queue
[2025-08-02T02:20:47.032+0000] {logging_mixin.py:188} INFO - [2025-08-02T02:20:47.031+0000] {dagbag.py:540} INFO - Filling up the DagBag from /home/airflow/.local/lib/python3.8/site-packages/airflow/example_dags/example_task_group.py
[2025-08-02T02:20:47.051+0000] {processor.py:840} INFO - DAG(s) 'example_task_group' retrieved from /home/airflow/.local/lib/python3.8/site-packages/airflow/example_dags/example_task_group.py
[2025-08-02T02:20:47.092+0000] {logging_mixin.py:188} INFO - [2025-08-02T02:20:47.092+0000] {dag.py:3047} INFO - Sync 1 DAGs
[2025-08-02T02:20:47.134+0000] {logging_mixin.py:188} INFO - [2025-08-02T02:20:47.134+0000] {dag.py:3834} INFO - Setting next_dagrun for example_task_group to 2025-08-01 00:00:00+00:00, run_after=2025-08-02 00:00:00+00:00
[2025-08-02T02:20:47.158+0000] {processor.py:183} INFO - Processing /home/airflow/.local/lib/python3.8/site-packages/airflow/example_dags/example_task_group.py took 0.134 seconds
[2025-08-02T02:21:18.074+0000] {processor.py:161} INFO - Started process (PID=3644) to work on /home/airflow/.local/lib/python3.8/site-packages/airflow/example_dags/example_task_group.py
[2025-08-02T02:21:18.081+0000] {processor.py:830} INFO - Processing file /home/airflow/.local/lib/python3.8/site-packages/airflow/example_dags/example_task_group.py for tasks to queue
[2025-08-02T02:21:18.082+0000] {logging_mixin.py:188} INFO - [2025-08-02T02:21:18.082+0000] {dagbag.py:540} INFO - Filling up the DagBag from /home/airflow/.local/lib/python3.8/site-packages/airflow/example_dags/example_task_group.py
[2025-08-02T02:21:18.114+0000] {processor.py:840} INFO - DAG(s) 'example_task_group' retrieved from /home/airflow/.local/lib/python3.8/site-packages/airflow/example_dags/example_task_group.py
[2025-08-02T02:21:18.164+0000] {logging_mixin.py:188} INFO - [2025-08-02T02:21:18.164+0000] {dag.py:3047} INFO - Sync 1 DAGs
[2025-08-02T02:21:18.215+0000] {logging_mixin.py:188} INFO - [2025-08-02T02:21:18.214+0000] {dag.py:3834} INFO - Setting next_dagrun for example_task_group to 2025-08-01 00:00:00+00:00, run_after=2025-08-02 00:00:00+00:00
[2025-08-02T02:21:18.244+0000] {processor.py:183} INFO - Processing /home/airflow/.local/lib/python3.8/site-packages/airflow/example_dags/example_task_group.py took 0.182 seconds
[2025-08-02T02:21:51.812+0000] {processor.py:161} INFO - Started process (PID=3700) to work on /home/airflow/.local/lib/python3.8/site-packages/airflow/example_dags/example_task_group.py
[2025-08-02T02:21:51.814+0000] {processor.py:830} INFO - Processing file /home/airflow/.local/lib/python3.8/site-packages/airflow/example_dags/example_task_group.py for tasks to queue
[2025-08-02T02:21:51.815+0000] {logging_mixin.py:188} INFO - [2025-08-02T02:21:51.815+0000] {dagbag.py:540} INFO - Filling up the DagBag from /home/airflow/.local/lib/python3.8/site-packages/airflow/example_dags/example_task_group.py
[2025-08-02T02:21:51.834+0000] {processor.py:840} INFO - DAG(s) 'example_task_group' retrieved from /home/airflow/.local/lib/python3.8/site-packages/airflow/example_dags/example_task_group.py
[2025-08-02T02:21:51.902+0000] {logging_mixin.py:188} INFO - [2025-08-02T02:21:51.902+0000] {dag.py:3047} INFO - Sync 1 DAGs
[2025-08-02T02:21:51.953+0000] {logging_mixin.py:188} INFO - [2025-08-02T02:21:51.953+0000] {dag.py:3834} INFO - Setting next_dagrun for example_task_group to 2025-08-01 00:00:00+00:00, run_after=2025-08-02 00:00:00+00:00
[2025-08-02T02:21:51.987+0000] {processor.py:183} INFO - Processing /home/airflow/.local/lib/python3.8/site-packages/airflow/example_dags/example_task_group.py took 0.180 seconds
[2025-08-02T02:22:24.209+0000] {processor.py:161} INFO - Started process (PID=3753) to work on /home/airflow/.local/lib/python3.8/site-packages/airflow/example_dags/example_task_group.py
[2025-08-02T02:22:24.215+0000] {processor.py:830} INFO - Processing file /home/airflow/.local/lib/python3.8/site-packages/airflow/example_dags/example_task_group.py for tasks to queue
[2025-08-02T02:22:24.219+0000] {logging_mixin.py:188} INFO - [2025-08-02T02:22:24.218+0000] {dagbag.py:540} INFO - Filling up the DagBag from /home/airflow/.local/lib/python3.8/site-packages/airflow/example_dags/example_task_group.py
[2025-08-02T02:22:24.257+0000] {processor.py:840} INFO - DAG(s) 'example_task_group' retrieved from /home/airflow/.local/lib/python3.8/site-packages/airflow/example_dags/example_task_group.py
[2025-08-02T02:22:24.386+0000] {logging_mixin.py:188} INFO - [2025-08-02T02:22:24.383+0000] {dag.py:3047} INFO - Sync 1 DAGs
[2025-08-02T02:22:24.478+0000] {logging_mixin.py:188} INFO - [2025-08-02T02:22:24.478+0000] {dag.py:3834} INFO - Setting next_dagrun for example_task_group to 2025-08-01 00:00:00+00:00, run_after=2025-08-02 00:00:00+00:00
[2025-08-02T02:22:24.520+0000] {processor.py:183} INFO - Processing /home/airflow/.local/lib/python3.8/site-packages/airflow/example_dags/example_task_group.py took 0.343 seconds
[2025-08-02T02:22:55.701+0000] {processor.py:161} INFO - Started process (PID=3811) to work on /home/airflow/.local/lib/python3.8/site-packages/airflow/example_dags/example_task_group.py
[2025-08-02T02:22:55.704+0000] {processor.py:830} INFO - Processing file /home/airflow/.local/lib/python3.8/site-packages/airflow/example_dags/example_task_group.py for tasks to queue
[2025-08-02T02:22:55.705+0000] {logging_mixin.py:188} INFO - [2025-08-02T02:22:55.704+0000] {dagbag.py:540} INFO - Filling up the DagBag from /home/airflow/.local/lib/python3.8/site-packages/airflow/example_dags/example_task_group.py
[2025-08-02T02:22:55.724+0000] {processor.py:840} INFO - DAG(s) 'example_task_group' retrieved from /home/airflow/.local/lib/python3.8/site-packages/airflow/example_dags/example_task_group.py
[2025-08-02T02:22:55.791+0000] {logging_mixin.py:188} INFO - [2025-08-02T02:22:55.790+0000] {dag.py:3047} INFO - Sync 1 DAGs
[2025-08-02T02:22:55.815+0000] {logging_mixin.py:188} INFO - [2025-08-02T02:22:55.815+0000] {dag.py:3834} INFO - Setting next_dagrun for example_task_group to 2025-08-01 00:00:00+00:00, run_after=2025-08-02 00:00:00+00:00
[2025-08-02T02:22:55.830+0000] {processor.py:183} INFO - Processing /home/airflow/.local/lib/python3.8/site-packages/airflow/example_dags/example_task_group.py took 0.150 seconds
[2025-08-02T02:23:28.689+0000] {processor.py:161} INFO - Started process (PID=3864) to work on /home/airflow/.local/lib/python3.8/site-packages/airflow/example_dags/example_task_group.py
[2025-08-02T02:23:28.700+0000] {processor.py:830} INFO - Processing file /home/airflow/.local/lib/python3.8/site-packages/airflow/example_dags/example_task_group.py for tasks to queue
[2025-08-02T02:23:28.704+0000] {logging_mixin.py:188} INFO - [2025-08-02T02:23:28.702+0000] {dagbag.py:540} INFO - Filling up the DagBag from /home/airflow/.local/lib/python3.8/site-packages/airflow/example_dags/example_task_group.py
[2025-08-02T02:23:28.849+0000] {processor.py:840} INFO - DAG(s) 'example_task_group' retrieved from /home/airflow/.local/lib/python3.8/site-packages/airflow/example_dags/example_task_group.py
[2025-08-02T02:23:29.126+0000] {logging_mixin.py:188} INFO - [2025-08-02T02:23:29.124+0000] {dag.py:3047} INFO - Sync 1 DAGs
[2025-08-02T02:23:29.234+0000] {logging_mixin.py:188} INFO - [2025-08-02T02:23:29.233+0000] {dag.py:3834} INFO - Setting next_dagrun for example_task_group to 2025-08-01 00:00:00+00:00, run_after=2025-08-02 00:00:00+00:00
[2025-08-02T02:23:29.339+0000] {processor.py:183} INFO - Processing /home/airflow/.local/lib/python3.8/site-packages/airflow/example_dags/example_task_group.py took 0.706 seconds
[2025-08-02T02:24:00.140+0000] {processor.py:161} INFO - Started process (PID=3919) to work on /home/airflow/.local/lib/python3.8/site-packages/airflow/example_dags/example_task_group.py
[2025-08-02T02:24:00.160+0000] {processor.py:830} INFO - Processing file /home/airflow/.local/lib/python3.8/site-packages/airflow/example_dags/example_task_group.py for tasks to queue
[2025-08-02T02:24:00.176+0000] {logging_mixin.py:188} INFO - [2025-08-02T02:24:00.163+0000] {dagbag.py:540} INFO - Filling up the DagBag from /home/airflow/.local/lib/python3.8/site-packages/airflow/example_dags/example_task_group.py
[2025-08-02T02:24:00.328+0000] {processor.py:840} INFO - DAG(s) 'example_task_group' retrieved from /home/airflow/.local/lib/python3.8/site-packages/airflow/example_dags/example_task_group.py
[2025-08-02T02:24:01.147+0000] {logging_mixin.py:188} INFO - [2025-08-02T02:24:01.058+0000] {dag.py:3047} INFO - Sync 1 DAGs
[2025-08-02T02:24:01.398+0000] {logging_mixin.py:188} INFO - [2025-08-02T02:24:01.397+0000] {dag.py:3834} INFO - Setting next_dagrun for example_task_group to 2025-08-01 00:00:00+00:00, run_after=2025-08-02 00:00:00+00:00
[2025-08-02T02:24:01.539+0000] {processor.py:183} INFO - Processing /home/airflow/.local/lib/python3.8/site-packages/airflow/example_dags/example_task_group.py took 1.451 seconds
[2025-08-02T02:24:32.390+0000] {processor.py:161} INFO - Started process (PID=3974) to work on /home/airflow/.local/lib/python3.8/site-packages/airflow/example_dags/example_task_group.py
[2025-08-02T02:24:32.393+0000] {processor.py:830} INFO - Processing file /home/airflow/.local/lib/python3.8/site-packages/airflow/example_dags/example_task_group.py for tasks to queue
[2025-08-02T02:24:32.395+0000] {logging_mixin.py:188} INFO - [2025-08-02T02:24:32.394+0000] {dagbag.py:540} INFO - Filling up the DagBag from /home/airflow/.local/lib/python3.8/site-packages/airflow/example_dags/example_task_group.py
[2025-08-02T02:24:32.427+0000] {processor.py:840} INFO - DAG(s) 'example_task_group' retrieved from /home/airflow/.local/lib/python3.8/site-packages/airflow/example_dags/example_task_group.py
[2025-08-02T02:24:32.631+0000] {logging_mixin.py:188} INFO - [2025-08-02T02:24:32.614+0000] {dag.py:3047} INFO - Sync 1 DAGs
[2025-08-02T02:24:32.703+0000] {logging_mixin.py:188} INFO - [2025-08-02T02:24:32.699+0000] {dag.py:3834} INFO - Setting next_dagrun for example_task_group to 2025-08-01 00:00:00+00:00, run_after=2025-08-02 00:00:00+00:00
[2025-08-02T02:24:33.763+0000] {processor.py:183} INFO - Processing /home/airflow/.local/lib/python3.8/site-packages/airflow/example_dags/example_task_group.py took 1.380 seconds
[2025-08-02T02:25:04.364+0000] {processor.py:161} INFO - Started process (PID=4028) to work on /home/airflow/.local/lib/python3.8/site-packages/airflow/example_dags/example_task_group.py
[2025-08-02T02:25:04.370+0000] {processor.py:830} INFO - Processing file /home/airflow/.local/lib/python3.8/site-packages/airflow/example_dags/example_task_group.py for tasks to queue
[2025-08-02T02:25:04.424+0000] {logging_mixin.py:188} INFO - [2025-08-02T02:25:04.416+0000] {dagbag.py:540} INFO - Filling up the DagBag from /home/airflow/.local/lib/python3.8/site-packages/airflow/example_dags/example_task_group.py
[2025-08-02T02:25:04.528+0000] {processor.py:840} INFO - DAG(s) 'example_task_group' retrieved from /home/airflow/.local/lib/python3.8/site-packages/airflow/example_dags/example_task_group.py
[2025-08-02T02:25:05.500+0000] {logging_mixin.py:188} INFO - [2025-08-02T02:25:05.410+0000] {dag.py:3047} INFO - Sync 1 DAGs
[2025-08-02T02:25:05.918+0000] {logging_mixin.py:188} INFO - [2025-08-02T02:25:05.908+0000] {dag.py:3834} INFO - Setting next_dagrun for example_task_group to 2025-08-01 00:00:00+00:00, run_after=2025-08-02 00:00:00+00:00
[2025-08-02T02:25:06.402+0000] {processor.py:183} INFO - Processing /home/airflow/.local/lib/python3.8/site-packages/airflow/example_dags/example_task_group.py took 2.047 seconds
[2025-08-02T02:25:42.929+0000] {processor.py:161} INFO - Started process (PID=4079) to work on /home/airflow/.local/lib/python3.8/site-packages/airflow/example_dags/example_task_group.py
[2025-08-02T02:25:42.932+0000] {processor.py:830} INFO - Processing file /home/airflow/.local/lib/python3.8/site-packages/airflow/example_dags/example_task_group.py for tasks to queue
[2025-08-02T02:25:42.936+0000] {logging_mixin.py:188} INFO - [2025-08-02T02:25:42.936+0000] {dagbag.py:540} INFO - Filling up the DagBag from /home/airflow/.local/lib/python3.8/site-packages/airflow/example_dags/example_task_group.py
[2025-08-02T02:25:42.952+0000] {processor.py:840} INFO - DAG(s) 'example_task_group' retrieved from /home/airflow/.local/lib/python3.8/site-packages/airflow/example_dags/example_task_group.py
[2025-08-02T02:25:43.018+0000] {logging_mixin.py:188} INFO - [2025-08-02T02:25:43.017+0000] {dag.py:3047} INFO - Sync 1 DAGs
[2025-08-02T02:25:43.089+0000] {logging_mixin.py:188} INFO - [2025-08-02T02:25:43.088+0000] {dag.py:3834} INFO - Setting next_dagrun for example_task_group to 2025-08-01 00:00:00+00:00, run_after=2025-08-02 00:00:00+00:00
[2025-08-02T02:25:43.142+0000] {processor.py:183} INFO - Processing /home/airflow/.local/lib/python3.8/site-packages/airflow/example_dags/example_task_group.py took 0.219 seconds
[2025-08-02T02:26:21.145+0000] {processor.py:161} INFO - Started process (PID=4135) to work on /home/airflow/.local/lib/python3.8/site-packages/airflow/example_dags/example_task_group.py
[2025-08-02T02:26:21.160+0000] {processor.py:830} INFO - Processing file /home/airflow/.local/lib/python3.8/site-packages/airflow/example_dags/example_task_group.py for tasks to queue
[2025-08-02T02:26:21.168+0000] {logging_mixin.py:188} INFO - [2025-08-02T02:26:21.165+0000] {dagbag.py:540} INFO - Filling up the DagBag from /home/airflow/.local/lib/python3.8/site-packages/airflow/example_dags/example_task_group.py
[2025-08-02T02:26:21.248+0000] {processor.py:840} INFO - DAG(s) 'example_task_group' retrieved from /home/airflow/.local/lib/python3.8/site-packages/airflow/example_dags/example_task_group.py
[2025-08-02T02:26:21.430+0000] {logging_mixin.py:188} INFO - [2025-08-02T02:26:21.429+0000] {dag.py:3047} INFO - Sync 1 DAGs
[2025-08-02T02:26:21.538+0000] {logging_mixin.py:188} INFO - [2025-08-02T02:26:21.536+0000] {dag.py:3834} INFO - Setting next_dagrun for example_task_group to 2025-08-01 00:00:00+00:00, run_after=2025-08-02 00:00:00+00:00
[2025-08-02T02:26:21.648+0000] {processor.py:183} INFO - Processing /home/airflow/.local/lib/python3.8/site-packages/airflow/example_dags/example_task_group.py took 0.534 seconds
[2025-08-02T02:27:11.015+0000] {processor.py:161} INFO - Started process (PID=4190) to work on /home/airflow/.local/lib/python3.8/site-packages/airflow/example_dags/example_task_group.py
[2025-08-02T02:27:11.027+0000] {processor.py:830} INFO - Processing file /home/airflow/.local/lib/python3.8/site-packages/airflow/example_dags/example_task_group.py for tasks to queue
[2025-08-02T02:27:11.031+0000] {logging_mixin.py:188} INFO - [2025-08-02T02:27:11.030+0000] {dagbag.py:540} INFO - Filling up the DagBag from /home/airflow/.local/lib/python3.8/site-packages/airflow/example_dags/example_task_group.py
[2025-08-02T02:27:11.092+0000] {processor.py:840} INFO - DAG(s) 'example_task_group' retrieved from /home/airflow/.local/lib/python3.8/site-packages/airflow/example_dags/example_task_group.py
[2025-08-02T02:27:11.343+0000] {logging_mixin.py:188} INFO - [2025-08-02T02:27:11.341+0000] {dag.py:3047} INFO - Sync 1 DAGs
[2025-08-02T02:27:11.432+0000] {logging_mixin.py:188} INFO - [2025-08-02T02:27:11.432+0000] {dag.py:3834} INFO - Setting next_dagrun for example_task_group to 2025-08-01 00:00:00+00:00, run_after=2025-08-02 00:00:00+00:00
[2025-08-02T02:27:11.538+0000] {processor.py:183} INFO - Processing /home/airflow/.local/lib/python3.8/site-packages/airflow/example_dags/example_task_group.py took 0.558 seconds
[2025-08-02T02:27:42.349+0000] {processor.py:161} INFO - Started process (PID=4246) to work on /home/airflow/.local/lib/python3.8/site-packages/airflow/example_dags/example_task_group.py
[2025-08-02T02:27:42.351+0000] {processor.py:830} INFO - Processing file /home/airflow/.local/lib/python3.8/site-packages/airflow/example_dags/example_task_group.py for tasks to queue
[2025-08-02T02:27:42.354+0000] {logging_mixin.py:188} INFO - [2025-08-02T02:27:42.354+0000] {dagbag.py:540} INFO - Filling up the DagBag from /home/airflow/.local/lib/python3.8/site-packages/airflow/example_dags/example_task_group.py
[2025-08-02T02:27:42.367+0000] {processor.py:840} INFO - DAG(s) 'example_task_group' retrieved from /home/airflow/.local/lib/python3.8/site-packages/airflow/example_dags/example_task_group.py
[2025-08-02T02:27:42.396+0000] {logging_mixin.py:188} INFO - [2025-08-02T02:27:42.396+0000] {dag.py:3047} INFO - Sync 1 DAGs
[2025-08-02T02:27:42.425+0000] {logging_mixin.py:188} INFO - [2025-08-02T02:27:42.425+0000] {dag.py:3834} INFO - Setting next_dagrun for example_task_group to 2025-08-01 00:00:00+00:00, run_after=2025-08-02 00:00:00+00:00
[2025-08-02T02:27:42.470+0000] {processor.py:183} INFO - Processing /home/airflow/.local/lib/python3.8/site-packages/airflow/example_dags/example_task_group.py took 0.126 seconds
[2025-08-02T02:28:12.805+0000] {processor.py:161} INFO - Started process (PID=4301) to work on /home/airflow/.local/lib/python3.8/site-packages/airflow/example_dags/example_task_group.py
[2025-08-02T02:28:12.824+0000] {processor.py:830} INFO - Processing file /home/airflow/.local/lib/python3.8/site-packages/airflow/example_dags/example_task_group.py for tasks to queue
[2025-08-02T02:28:12.851+0000] {logging_mixin.py:188} INFO - [2025-08-02T02:28:12.831+0000] {dagbag.py:540} INFO - Filling up the DagBag from /home/airflow/.local/lib/python3.8/site-packages/airflow/example_dags/example_task_group.py
[2025-08-02T02:28:13.124+0000] {processor.py:840} INFO - DAG(s) 'example_task_group' retrieved from /home/airflow/.local/lib/python3.8/site-packages/airflow/example_dags/example_task_group.py
[2025-08-02T02:28:13.634+0000] {logging_mixin.py:188} INFO - [2025-08-02T02:28:13.629+0000] {dag.py:3047} INFO - Sync 1 DAGs
[2025-08-02T02:28:13.694+0000] {logging_mixin.py:188} INFO - [2025-08-02T02:28:13.693+0000] {dag.py:3834} INFO - Setting next_dagrun for example_task_group to 2025-08-01 00:00:00+00:00, run_after=2025-08-02 00:00:00+00:00
[2025-08-02T02:28:13.740+0000] {processor.py:183} INFO - Processing /home/airflow/.local/lib/python3.8/site-packages/airflow/example_dags/example_task_group.py took 1.008 seconds
[2025-08-02T02:28:44.717+0000] {processor.py:161} INFO - Started process (PID=4357) to work on /home/airflow/.local/lib/python3.8/site-packages/airflow/example_dags/example_task_group.py
[2025-08-02T02:28:44.762+0000] {processor.py:830} INFO - Processing file /home/airflow/.local/lib/python3.8/site-packages/airflow/example_dags/example_task_group.py for tasks to queue
[2025-08-02T02:28:45.019+0000] {logging_mixin.py:188} INFO - [2025-08-02T02:28:45.010+0000] {dagbag.py:540} INFO - Filling up the DagBag from /home/airflow/.local/lib/python3.8/site-packages/airflow/example_dags/example_task_group.py
[2025-08-02T02:28:45.235+0000] {processor.py:840} INFO - DAG(s) 'example_task_group' retrieved from /home/airflow/.local/lib/python3.8/site-packages/airflow/example_dags/example_task_group.py
[2025-08-02T02:28:52.176+0000] {logging_mixin.py:188} INFO - [2025-08-02T02:28:51.675+0000] {dag.py:3047} INFO - Sync 1 DAGs
[2025-08-02T02:29:01.556+0000] {logging_mixin.py:188} INFO - [2025-08-02T02:29:01.550+0000] {dag.py:3834} INFO - Setting next_dagrun for example_task_group to 2025-08-01 00:00:00+00:00, run_after=2025-08-02 00:00:00+00:00
[2025-08-02T02:29:01.854+0000] {processor.py:183} INFO - Processing /home/airflow/.local/lib/python3.8/site-packages/airflow/example_dags/example_task_group.py took 17.114 seconds
[2025-08-02T02:29:32.028+0000] {processor.py:161} INFO - Started process (PID=4413) to work on /home/airflow/.local/lib/python3.8/site-packages/airflow/example_dags/example_task_group.py
[2025-08-02T02:29:32.031+0000] {processor.py:830} INFO - Processing file /home/airflow/.local/lib/python3.8/site-packages/airflow/example_dags/example_task_group.py for tasks to queue
[2025-08-02T02:29:32.033+0000] {logging_mixin.py:188} INFO - [2025-08-02T02:29:32.032+0000] {dagbag.py:540} INFO - Filling up the DagBag from /home/airflow/.local/lib/python3.8/site-packages/airflow/example_dags/example_task_group.py
[2025-08-02T02:29:32.056+0000] {processor.py:840} INFO - DAG(s) 'example_task_group' retrieved from /home/airflow/.local/lib/python3.8/site-packages/airflow/example_dags/example_task_group.py
[2025-08-02T02:29:32.450+0000] {logging_mixin.py:188} INFO - [2025-08-02T02:29:32.448+0000] {dag.py:3047} INFO - Sync 1 DAGs
[2025-08-02T02:29:32.556+0000] {logging_mixin.py:188} INFO - [2025-08-02T02:29:32.556+0000] {dag.py:3834} INFO - Setting next_dagrun for example_task_group to 2025-08-01 00:00:00+00:00, run_after=2025-08-02 00:00:00+00:00
[2025-08-02T02:29:32.636+0000] {processor.py:183} INFO - Processing /home/airflow/.local/lib/python3.8/site-packages/airflow/example_dags/example_task_group.py took 0.614 seconds
[2025-08-02T02:30:18.045+0000] {processor.py:161} INFO - Started process (PID=4475) to work on /home/airflow/.local/lib/python3.8/site-packages/airflow/example_dags/example_task_group.py
[2025-08-02T02:30:18.059+0000] {processor.py:830} INFO - Processing file /home/airflow/.local/lib/python3.8/site-packages/airflow/example_dags/example_task_group.py for tasks to queue
[2025-08-02T02:30:18.065+0000] {logging_mixin.py:188} INFO - [2025-08-02T02:30:18.063+0000] {dagbag.py:540} INFO - Filling up the DagBag from /home/airflow/.local/lib/python3.8/site-packages/airflow/example_dags/example_task_group.py
[2025-08-02T02:30:18.099+0000] {processor.py:840} INFO - DAG(s) 'example_task_group' retrieved from /home/airflow/.local/lib/python3.8/site-packages/airflow/example_dags/example_task_group.py
[2025-08-02T02:30:18.249+0000] {logging_mixin.py:188} INFO - [2025-08-02T02:30:18.246+0000] {dag.py:3047} INFO - Sync 1 DAGs
[2025-08-02T02:30:18.348+0000] {logging_mixin.py:188} INFO - [2025-08-02T02:30:18.347+0000] {dag.py:3834} INFO - Setting next_dagrun for example_task_group to 2025-08-01 00:00:00+00:00, run_after=2025-08-02 00:00:00+00:00
[2025-08-02T02:30:18.397+0000] {processor.py:183} INFO - Processing /home/airflow/.local/lib/python3.8/site-packages/airflow/example_dags/example_task_group.py took 0.371 seconds
[2025-08-02T02:30:49.172+0000] {processor.py:161} INFO - Started process (PID=4531) to work on /home/airflow/.local/lib/python3.8/site-packages/airflow/example_dags/example_task_group.py
[2025-08-02T02:30:49.173+0000] {processor.py:830} INFO - Processing file /home/airflow/.local/lib/python3.8/site-packages/airflow/example_dags/example_task_group.py for tasks to queue
[2025-08-02T02:30:49.174+0000] {logging_mixin.py:188} INFO - [2025-08-02T02:30:49.173+0000] {dagbag.py:540} INFO - Filling up the DagBag from /home/airflow/.local/lib/python3.8/site-packages/airflow/example_dags/example_task_group.py
[2025-08-02T02:30:49.187+0000] {processor.py:840} INFO - DAG(s) 'example_task_group' retrieved from /home/airflow/.local/lib/python3.8/site-packages/airflow/example_dags/example_task_group.py
[2025-08-02T02:30:49.243+0000] {logging_mixin.py:188} INFO - [2025-08-02T02:30:49.243+0000] {dag.py:3047} INFO - Sync 1 DAGs
[2025-08-02T02:30:49.276+0000] {logging_mixin.py:188} INFO - [2025-08-02T02:30:49.276+0000] {dag.py:3834} INFO - Setting next_dagrun for example_task_group to 2025-08-01 00:00:00+00:00, run_after=2025-08-02 00:00:00+00:00
[2025-08-02T02:30:49.394+0000] {processor.py:183} INFO - Processing /home/airflow/.local/lib/python3.8/site-packages/airflow/example_dags/example_task_group.py took 0.227 seconds
[2025-08-02T02:36:47.352+0000] {processor.py:161} INFO - Started process (PID=72) to work on /home/airflow/.local/lib/python3.8/site-packages/airflow/example_dags/example_task_group.py
[2025-08-02T02:36:47.354+0000] {processor.py:830} INFO - Processing file /home/airflow/.local/lib/python3.8/site-packages/airflow/example_dags/example_task_group.py for tasks to queue
[2025-08-02T02:36:47.356+0000] {logging_mixin.py:188} INFO - [2025-08-02T02:36:47.356+0000] {dagbag.py:540} INFO - Filling up the DagBag from /home/airflow/.local/lib/python3.8/site-packages/airflow/example_dags/example_task_group.py
[2025-08-02T02:36:47.398+0000] {processor.py:840} INFO - DAG(s) 'example_task_group' retrieved from /home/airflow/.local/lib/python3.8/site-packages/airflow/example_dags/example_task_group.py
[2025-08-02T02:36:47.684+0000] {logging_mixin.py:188} INFO - [2025-08-02T02:36:47.682+0000] {dag.py:3047} INFO - Sync 1 DAGs
[2025-08-02T02:36:47.735+0000] {logging_mixin.py:188} INFO - [2025-08-02T02:36:47.735+0000] {dag.py:3834} INFO - Setting next_dagrun for example_task_group to 2025-08-01 00:00:00+00:00, run_after=2025-08-02 00:00:00+00:00
[2025-08-02T02:36:47.807+0000] {processor.py:183} INFO - Processing /home/airflow/.local/lib/python3.8/site-packages/airflow/example_dags/example_task_group.py took 0.458 seconds
[2025-08-02T02:37:18.700+0000] {processor.py:161} INFO - Started process (PID=128) to work on /home/airflow/.local/lib/python3.8/site-packages/airflow/example_dags/example_task_group.py
[2025-08-02T02:37:18.703+0000] {processor.py:830} INFO - Processing file /home/airflow/.local/lib/python3.8/site-packages/airflow/example_dags/example_task_group.py for tasks to queue
[2025-08-02T02:37:18.708+0000] {logging_mixin.py:188} INFO - [2025-08-02T02:37:18.707+0000] {dagbag.py:540} INFO - Filling up the DagBag from /home/airflow/.local/lib/python3.8/site-packages/airflow/example_dags/example_task_group.py
[2025-08-02T02:37:18.725+0000] {processor.py:840} INFO - DAG(s) 'example_task_group' retrieved from /home/airflow/.local/lib/python3.8/site-packages/airflow/example_dags/example_task_group.py
[2025-08-02T02:37:18.756+0000] {logging_mixin.py:188} INFO - [2025-08-02T02:37:18.755+0000] {dag.py:3047} INFO - Sync 1 DAGs
[2025-08-02T02:37:18.784+0000] {logging_mixin.py:188} INFO - [2025-08-02T02:37:18.784+0000] {dag.py:3834} INFO - Setting next_dagrun for example_task_group to 2025-08-01 00:00:00+00:00, run_after=2025-08-02 00:00:00+00:00
[2025-08-02T02:37:18.809+0000] {processor.py:183} INFO - Processing /home/airflow/.local/lib/python3.8/site-packages/airflow/example_dags/example_task_group.py took 0.117 seconds
[2025-08-02T02:37:49.261+0000] {processor.py:161} INFO - Started process (PID=184) to work on /home/airflow/.local/lib/python3.8/site-packages/airflow/example_dags/example_task_group.py
[2025-08-02T02:37:49.277+0000] {processor.py:830} INFO - Processing file /home/airflow/.local/lib/python3.8/site-packages/airflow/example_dags/example_task_group.py for tasks to queue
[2025-08-02T02:37:49.282+0000] {logging_mixin.py:188} INFO - [2025-08-02T02:37:49.281+0000] {dagbag.py:540} INFO - Filling up the DagBag from /home/airflow/.local/lib/python3.8/site-packages/airflow/example_dags/example_task_group.py
[2025-08-02T02:37:49.300+0000] {processor.py:840} INFO - DAG(s) 'example_task_group' retrieved from /home/airflow/.local/lib/python3.8/site-packages/airflow/example_dags/example_task_group.py
[2025-08-02T02:37:49.395+0000] {logging_mixin.py:188} INFO - [2025-08-02T02:37:49.395+0000] {dag.py:3047} INFO - Sync 1 DAGs
[2025-08-02T02:37:49.436+0000] {logging_mixin.py:188} INFO - [2025-08-02T02:37:49.436+0000] {dag.py:3834} INFO - Setting next_dagrun for example_task_group to 2025-08-01 00:00:00+00:00, run_after=2025-08-02 00:00:00+00:00
[2025-08-02T02:37:49.457+0000] {processor.py:183} INFO - Processing /home/airflow/.local/lib/python3.8/site-packages/airflow/example_dags/example_task_group.py took 0.209 seconds
[2025-08-02T02:38:19.728+0000] {processor.py:161} INFO - Started process (PID=240) to work on /home/airflow/.local/lib/python3.8/site-packages/airflow/example_dags/example_task_group.py
[2025-08-02T02:38:19.731+0000] {processor.py:830} INFO - Processing file /home/airflow/.local/lib/python3.8/site-packages/airflow/example_dags/example_task_group.py for tasks to queue
[2025-08-02T02:38:19.740+0000] {logging_mixin.py:188} INFO - [2025-08-02T02:38:19.739+0000] {dagbag.py:540} INFO - Filling up the DagBag from /home/airflow/.local/lib/python3.8/site-packages/airflow/example_dags/example_task_group.py
[2025-08-02T02:38:19.779+0000] {processor.py:840} INFO - DAG(s) 'example_task_group' retrieved from /home/airflow/.local/lib/python3.8/site-packages/airflow/example_dags/example_task_group.py
[2025-08-02T02:38:19.836+0000] {logging_mixin.py:188} INFO - [2025-08-02T02:38:19.835+0000] {dag.py:3047} INFO - Sync 1 DAGs
[2025-08-02T02:38:19.894+0000] {logging_mixin.py:188} INFO - [2025-08-02T02:38:19.893+0000] {dag.py:3834} INFO - Setting next_dagrun for example_task_group to 2025-08-01 00:00:00+00:00, run_after=2025-08-02 00:00:00+00:00
[2025-08-02T02:38:20.008+0000] {processor.py:183} INFO - Processing /home/airflow/.local/lib/python3.8/site-packages/airflow/example_dags/example_task_group.py took 0.307 seconds
[2025-08-02T02:38:50.175+0000] {processor.py:161} INFO - Started process (PID=296) to work on /home/airflow/.local/lib/python3.8/site-packages/airflow/example_dags/example_task_group.py
[2025-08-02T02:38:50.176+0000] {processor.py:830} INFO - Processing file /home/airflow/.local/lib/python3.8/site-packages/airflow/example_dags/example_task_group.py for tasks to queue
[2025-08-02T02:38:50.179+0000] {logging_mixin.py:188} INFO - [2025-08-02T02:38:50.178+0000] {dagbag.py:540} INFO - Filling up the DagBag from /home/airflow/.local/lib/python3.8/site-packages/airflow/example_dags/example_task_group.py
[2025-08-02T02:38:50.191+0000] {processor.py:840} INFO - DAG(s) 'example_task_group' retrieved from /home/airflow/.local/lib/python3.8/site-packages/airflow/example_dags/example_task_group.py
[2025-08-02T02:38:50.263+0000] {logging_mixin.py:188} INFO - [2025-08-02T02:38:50.263+0000] {dag.py:3047} INFO - Sync 1 DAGs
[2025-08-02T02:38:50.284+0000] {logging_mixin.py:188} INFO - [2025-08-02T02:38:50.284+0000] {dag.py:3834} INFO - Setting next_dagrun for example_task_group to 2025-08-01 00:00:00+00:00, run_after=2025-08-02 00:00:00+00:00
[2025-08-02T02:38:50.302+0000] {processor.py:183} INFO - Processing /home/airflow/.local/lib/python3.8/site-packages/airflow/example_dags/example_task_group.py took 0.133 seconds
[2025-08-02T02:39:20.440+0000] {processor.py:161} INFO - Started process (PID=351) to work on /home/airflow/.local/lib/python3.8/site-packages/airflow/example_dags/example_task_group.py
[2025-08-02T02:39:20.442+0000] {processor.py:830} INFO - Processing file /home/airflow/.local/lib/python3.8/site-packages/airflow/example_dags/example_task_group.py for tasks to queue
[2025-08-02T02:39:20.446+0000] {logging_mixin.py:188} INFO - [2025-08-02T02:39:20.446+0000] {dagbag.py:540} INFO - Filling up the DagBag from /home/airflow/.local/lib/python3.8/site-packages/airflow/example_dags/example_task_group.py
[2025-08-02T02:39:20.456+0000] {processor.py:840} INFO - DAG(s) 'example_task_group' retrieved from /home/airflow/.local/lib/python3.8/site-packages/airflow/example_dags/example_task_group.py
[2025-08-02T02:39:20.488+0000] {logging_mixin.py:188} INFO - [2025-08-02T02:39:20.488+0000] {dag.py:3047} INFO - Sync 1 DAGs
[2025-08-02T02:39:20.507+0000] {logging_mixin.py:188} INFO - [2025-08-02T02:39:20.507+0000] {dag.py:3834} INFO - Setting next_dagrun for example_task_group to 2025-08-01 00:00:00+00:00, run_after=2025-08-02 00:00:00+00:00
[2025-08-02T02:39:20.522+0000] {processor.py:183} INFO - Processing /home/airflow/.local/lib/python3.8/site-packages/airflow/example_dags/example_task_group.py took 0.090 seconds
[2025-08-02T02:39:51.595+0000] {processor.py:161} INFO - Started process (PID=407) to work on /home/airflow/.local/lib/python3.8/site-packages/airflow/example_dags/example_task_group.py
[2025-08-02T02:39:51.596+0000] {processor.py:830} INFO - Processing file /home/airflow/.local/lib/python3.8/site-packages/airflow/example_dags/example_task_group.py for tasks to queue
[2025-08-02T02:39:51.599+0000] {logging_mixin.py:188} INFO - [2025-08-02T02:39:51.598+0000] {dagbag.py:540} INFO - Filling up the DagBag from /home/airflow/.local/lib/python3.8/site-packages/airflow/example_dags/example_task_group.py
[2025-08-02T02:39:51.609+0000] {processor.py:840} INFO - DAG(s) 'example_task_group' retrieved from /home/airflow/.local/lib/python3.8/site-packages/airflow/example_dags/example_task_group.py
[2025-08-02T02:39:51.632+0000] {logging_mixin.py:188} INFO - [2025-08-02T02:39:51.631+0000] {dag.py:3047} INFO - Sync 1 DAGs
[2025-08-02T02:39:51.680+0000] {logging_mixin.py:188} INFO - [2025-08-02T02:39:51.680+0000] {dag.py:3834} INFO - Setting next_dagrun for example_task_group to 2025-08-01 00:00:00+00:00, run_after=2025-08-02 00:00:00+00:00
[2025-08-02T02:39:51.705+0000] {processor.py:183} INFO - Processing /home/airflow/.local/lib/python3.8/site-packages/airflow/example_dags/example_task_group.py took 0.116 seconds
[2025-08-02T02:40:22.046+0000] {processor.py:161} INFO - Started process (PID=462) to work on /home/airflow/.local/lib/python3.8/site-packages/airflow/example_dags/example_task_group.py
[2025-08-02T02:40:22.052+0000] {processor.py:830} INFO - Processing file /home/airflow/.local/lib/python3.8/site-packages/airflow/example_dags/example_task_group.py for tasks to queue
[2025-08-02T02:40:22.068+0000] {logging_mixin.py:188} INFO - [2025-08-02T02:40:22.065+0000] {dagbag.py:540} INFO - Filling up the DagBag from /home/airflow/.local/lib/python3.8/site-packages/airflow/example_dags/example_task_group.py
[2025-08-02T02:40:22.103+0000] {processor.py:840} INFO - DAG(s) 'example_task_group' retrieved from /home/airflow/.local/lib/python3.8/site-packages/airflow/example_dags/example_task_group.py
[2025-08-02T02:40:22.190+0000] {logging_mixin.py:188} INFO - [2025-08-02T02:40:22.190+0000] {dag.py:3047} INFO - Sync 1 DAGs
[2025-08-02T02:40:22.248+0000] {logging_mixin.py:188} INFO - [2025-08-02T02:40:22.248+0000] {dag.py:3834} INFO - Setting next_dagrun for example_task_group to 2025-08-01 00:00:00+00:00, run_after=2025-08-02 00:00:00+00:00
[2025-08-02T02:40:22.323+0000] {processor.py:183} INFO - Processing /home/airflow/.local/lib/python3.8/site-packages/airflow/example_dags/example_task_group.py took 0.317 seconds
[2025-08-02T02:40:52.454+0000] {processor.py:161} INFO - Started process (PID=518) to work on /home/airflow/.local/lib/python3.8/site-packages/airflow/example_dags/example_task_group.py
[2025-08-02T02:40:52.457+0000] {processor.py:830} INFO - Processing file /home/airflow/.local/lib/python3.8/site-packages/airflow/example_dags/example_task_group.py for tasks to queue
[2025-08-02T02:40:52.462+0000] {logging_mixin.py:188} INFO - [2025-08-02T02:40:52.462+0000] {dagbag.py:540} INFO - Filling up the DagBag from /home/airflow/.local/lib/python3.8/site-packages/airflow/example_dags/example_task_group.py
[2025-08-02T02:40:52.476+0000] {processor.py:840} INFO - DAG(s) 'example_task_group' retrieved from /home/airflow/.local/lib/python3.8/site-packages/airflow/example_dags/example_task_group.py
[2025-08-02T02:40:52.542+0000] {logging_mixin.py:188} INFO - [2025-08-02T02:40:52.542+0000] {dag.py:3047} INFO - Sync 1 DAGs
[2025-08-02T02:40:52.568+0000] {logging_mixin.py:188} INFO - [2025-08-02T02:40:52.568+0000] {dag.py:3834} INFO - Setting next_dagrun for example_task_group to 2025-08-01 00:00:00+00:00, run_after=2025-08-02 00:00:00+00:00
[2025-08-02T02:40:52.596+0000] {processor.py:183} INFO - Processing /home/airflow/.local/lib/python3.8/site-packages/airflow/example_dags/example_task_group.py took 0.161 seconds
[2025-08-02T02:41:23.051+0000] {processor.py:161} INFO - Started process (PID=574) to work on /home/airflow/.local/lib/python3.8/site-packages/airflow/example_dags/example_task_group.py
[2025-08-02T02:41:23.058+0000] {processor.py:830} INFO - Processing file /home/airflow/.local/lib/python3.8/site-packages/airflow/example_dags/example_task_group.py for tasks to queue
[2025-08-02T02:41:23.066+0000] {logging_mixin.py:188} INFO - [2025-08-02T02:41:23.066+0000] {dagbag.py:540} INFO - Filling up the DagBag from /home/airflow/.local/lib/python3.8/site-packages/airflow/example_dags/example_task_group.py
[2025-08-02T02:41:23.090+0000] {processor.py:840} INFO - DAG(s) 'example_task_group' retrieved from /home/airflow/.local/lib/python3.8/site-packages/airflow/example_dags/example_task_group.py
[2025-08-02T02:41:23.159+0000] {logging_mixin.py:188} INFO - [2025-08-02T02:41:23.159+0000] {dag.py:3047} INFO - Sync 1 DAGs
[2025-08-02T02:41:23.194+0000] {logging_mixin.py:188} INFO - [2025-08-02T02:41:23.194+0000] {dag.py:3834} INFO - Setting next_dagrun for example_task_group to 2025-08-01 00:00:00+00:00, run_after=2025-08-02 00:00:00+00:00
[2025-08-02T02:41:23.214+0000] {processor.py:183} INFO - Processing /home/airflow/.local/lib/python3.8/site-packages/airflow/example_dags/example_task_group.py took 0.172 seconds
[2025-08-02T02:41:53.616+0000] {processor.py:161} INFO - Started process (PID=630) to work on /home/airflow/.local/lib/python3.8/site-packages/airflow/example_dags/example_task_group.py
[2025-08-02T02:41:53.619+0000] {processor.py:830} INFO - Processing file /home/airflow/.local/lib/python3.8/site-packages/airflow/example_dags/example_task_group.py for tasks to queue
[2025-08-02T02:41:53.620+0000] {logging_mixin.py:188} INFO - [2025-08-02T02:41:53.619+0000] {dagbag.py:540} INFO - Filling up the DagBag from /home/airflow/.local/lib/python3.8/site-packages/airflow/example_dags/example_task_group.py
[2025-08-02T02:41:53.624+0000] {processor.py:840} INFO - DAG(s) 'example_task_group' retrieved from /home/airflow/.local/lib/python3.8/site-packages/airflow/example_dags/example_task_group.py
[2025-08-02T02:41:53.647+0000] {logging_mixin.py:188} INFO - [2025-08-02T02:41:53.647+0000] {dag.py:3047} INFO - Sync 1 DAGs
[2025-08-02T02:41:53.666+0000] {logging_mixin.py:188} INFO - [2025-08-02T02:41:53.666+0000] {dag.py:3834} INFO - Setting next_dagrun for example_task_group to 2025-08-01 00:00:00+00:00, run_after=2025-08-02 00:00:00+00:00
[2025-08-02T02:41:53.686+0000] {processor.py:183} INFO - Processing /home/airflow/.local/lib/python3.8/site-packages/airflow/example_dags/example_task_group.py took 0.073 seconds
[2025-08-02T02:42:24.052+0000] {processor.py:161} INFO - Started process (PID=686) to work on /home/airflow/.local/lib/python3.8/site-packages/airflow/example_dags/example_task_group.py
[2025-08-02T02:42:24.057+0000] {processor.py:830} INFO - Processing file /home/airflow/.local/lib/python3.8/site-packages/airflow/example_dags/example_task_group.py for tasks to queue
[2025-08-02T02:42:24.064+0000] {logging_mixin.py:188} INFO - [2025-08-02T02:42:24.063+0000] {dagbag.py:540} INFO - Filling up the DagBag from /home/airflow/.local/lib/python3.8/site-packages/airflow/example_dags/example_task_group.py
[2025-08-02T02:42:24.102+0000] {processor.py:840} INFO - DAG(s) 'example_task_group' retrieved from /home/airflow/.local/lib/python3.8/site-packages/airflow/example_dags/example_task_group.py
[2025-08-02T02:42:24.182+0000] {logging_mixin.py:188} INFO - [2025-08-02T02:42:24.182+0000] {dag.py:3047} INFO - Sync 1 DAGs
[2025-08-02T02:42:24.217+0000] {logging_mixin.py:188} INFO - [2025-08-02T02:42:24.217+0000] {dag.py:3834} INFO - Setting next_dagrun for example_task_group to 2025-08-01 00:00:00+00:00, run_after=2025-08-02 00:00:00+00:00
[2025-08-02T02:42:24.292+0000] {processor.py:183} INFO - Processing /home/airflow/.local/lib/python3.8/site-packages/airflow/example_dags/example_task_group.py took 0.252 seconds
[2025-08-02T02:46:19.749+0000] {processor.py:161} INFO - Started process (PID=66) to work on /home/airflow/.local/lib/python3.8/site-packages/airflow/example_dags/example_task_group.py
[2025-08-02T02:46:19.751+0000] {processor.py:830} INFO - Processing file /home/airflow/.local/lib/python3.8/site-packages/airflow/example_dags/example_task_group.py for tasks to queue
[2025-08-02T02:46:19.753+0000] {logging_mixin.py:188} INFO - [2025-08-02T02:46:19.753+0000] {dagbag.py:540} INFO - Filling up the DagBag from /home/airflow/.local/lib/python3.8/site-packages/airflow/example_dags/example_task_group.py
[2025-08-02T02:46:19.764+0000] {processor.py:840} INFO - DAG(s) 'example_task_group' retrieved from /home/airflow/.local/lib/python3.8/site-packages/airflow/example_dags/example_task_group.py
[2025-08-02T02:46:19.821+0000] {logging_mixin.py:188} INFO - [2025-08-02T02:46:19.820+0000] {dag.py:3047} INFO - Sync 1 DAGs
[2025-08-02T02:46:19.864+0000] {logging_mixin.py:188} INFO - [2025-08-02T02:46:19.864+0000] {dag.py:3834} INFO - Setting next_dagrun for example_task_group to 2025-08-01 00:00:00+00:00, run_after=2025-08-02 00:00:00+00:00
[2025-08-02T02:46:19.914+0000] {processor.py:183} INFO - Processing /home/airflow/.local/lib/python3.8/site-packages/airflow/example_dags/example_task_group.py took 0.169 seconds
[2025-08-02T02:46:59.935+0000] {processor.py:161} INFO - Started process (PID=129) to work on /home/airflow/.local/lib/python3.8/site-packages/airflow/example_dags/example_task_group.py
[2025-08-02T02:46:59.976+0000] {processor.py:830} INFO - Processing file /home/airflow/.local/lib/python3.8/site-packages/airflow/example_dags/example_task_group.py for tasks to queue
[2025-08-02T02:47:00.025+0000] {logging_mixin.py:188} INFO - [2025-08-02T02:47:00.021+0000] {dagbag.py:540} INFO - Filling up the DagBag from /home/airflow/.local/lib/python3.8/site-packages/airflow/example_dags/example_task_group.py
[2025-08-02T02:47:00.152+0000] {processor.py:840} INFO - DAG(s) 'example_task_group' retrieved from /home/airflow/.local/lib/python3.8/site-packages/airflow/example_dags/example_task_group.py
[2025-08-02T02:47:00.958+0000] {logging_mixin.py:188} INFO - [2025-08-02T02:47:00.904+0000] {dag.py:3047} INFO - Sync 1 DAGs
[2025-08-02T02:47:01.356+0000] {logging_mixin.py:188} INFO - [2025-08-02T02:47:01.349+0000] {dag.py:3834} INFO - Setting next_dagrun for example_task_group to 2025-08-01 00:00:00+00:00, run_after=2025-08-02 00:00:00+00:00
[2025-08-02T02:47:01.480+0000] {processor.py:183} INFO - Processing /home/airflow/.local/lib/python3.8/site-packages/airflow/example_dags/example_task_group.py took 1.597 seconds
[2025-08-02T02:47:32.286+0000] {processor.py:161} INFO - Started process (PID=185) to work on /home/airflow/.local/lib/python3.8/site-packages/airflow/example_dags/example_task_group.py
[2025-08-02T02:47:32.289+0000] {processor.py:830} INFO - Processing file /home/airflow/.local/lib/python3.8/site-packages/airflow/example_dags/example_task_group.py for tasks to queue
[2025-08-02T02:47:32.308+0000] {logging_mixin.py:188} INFO - [2025-08-02T02:47:32.305+0000] {dagbag.py:540} INFO - Filling up the DagBag from /home/airflow/.local/lib/python3.8/site-packages/airflow/example_dags/example_task_group.py
[2025-08-02T02:47:32.340+0000] {processor.py:840} INFO - DAG(s) 'example_task_group' retrieved from /home/airflow/.local/lib/python3.8/site-packages/airflow/example_dags/example_task_group.py
[2025-08-02T02:47:32.411+0000] {logging_mixin.py:188} INFO - [2025-08-02T02:47:32.411+0000] {dag.py:3047} INFO - Sync 1 DAGs
[2025-08-02T02:47:32.458+0000] {logging_mixin.py:188} INFO - [2025-08-02T02:47:32.458+0000] {dag.py:3834} INFO - Setting next_dagrun for example_task_group to 2025-08-01 00:00:00+00:00, run_after=2025-08-02 00:00:00+00:00
[2025-08-02T02:47:32.502+0000] {processor.py:183} INFO - Processing /home/airflow/.local/lib/python3.8/site-packages/airflow/example_dags/example_task_group.py took 0.231 seconds
[2025-08-02T02:48:03.323+0000] {processor.py:161} INFO - Started process (PID=240) to work on /home/airflow/.local/lib/python3.8/site-packages/airflow/example_dags/example_task_group.py
[2025-08-02T02:48:03.329+0000] {processor.py:830} INFO - Processing file /home/airflow/.local/lib/python3.8/site-packages/airflow/example_dags/example_task_group.py for tasks to queue
[2025-08-02T02:48:03.338+0000] {logging_mixin.py:188} INFO - [2025-08-02T02:48:03.336+0000] {dagbag.py:540} INFO - Filling up the DagBag from /home/airflow/.local/lib/python3.8/site-packages/airflow/example_dags/example_task_group.py
[2025-08-02T02:48:03.382+0000] {processor.py:840} INFO - DAG(s) 'example_task_group' retrieved from /home/airflow/.local/lib/python3.8/site-packages/airflow/example_dags/example_task_group.py
[2025-08-02T02:48:03.445+0000] {logging_mixin.py:188} INFO - [2025-08-02T02:48:03.445+0000] {dag.py:3047} INFO - Sync 1 DAGs
[2025-08-02T02:48:03.487+0000] {logging_mixin.py:188} INFO - [2025-08-02T02:48:03.487+0000] {dag.py:3834} INFO - Setting next_dagrun for example_task_group to 2025-08-01 00:00:00+00:00, run_after=2025-08-02 00:00:00+00:00
[2025-08-02T02:48:03.527+0000] {processor.py:183} INFO - Processing /home/airflow/.local/lib/python3.8/site-packages/airflow/example_dags/example_task_group.py took 0.231 seconds
[2025-08-02T02:48:34.579+0000] {processor.py:161} INFO - Started process (PID=296) to work on /home/airflow/.local/lib/python3.8/site-packages/airflow/example_dags/example_task_group.py
[2025-08-02T02:48:34.583+0000] {processor.py:830} INFO - Processing file /home/airflow/.local/lib/python3.8/site-packages/airflow/example_dags/example_task_group.py for tasks to queue
[2025-08-02T02:48:34.587+0000] {logging_mixin.py:188} INFO - [2025-08-02T02:48:34.586+0000] {dagbag.py:540} INFO - Filling up the DagBag from /home/airflow/.local/lib/python3.8/site-packages/airflow/example_dags/example_task_group.py
[2025-08-02T02:48:34.625+0000] {processor.py:840} INFO - DAG(s) 'example_task_group' retrieved from /home/airflow/.local/lib/python3.8/site-packages/airflow/example_dags/example_task_group.py
[2025-08-02T02:48:34.697+0000] {logging_mixin.py:188} INFO - [2025-08-02T02:48:34.696+0000] {dag.py:3047} INFO - Sync 1 DAGs
[2025-08-02T02:48:34.721+0000] {logging_mixin.py:188} INFO - [2025-08-02T02:48:34.721+0000] {dag.py:3834} INFO - Setting next_dagrun for example_task_group to 2025-08-01 00:00:00+00:00, run_after=2025-08-02 00:00:00+00:00
[2025-08-02T02:48:34.739+0000] {processor.py:183} INFO - Processing /home/airflow/.local/lib/python3.8/site-packages/airflow/example_dags/example_task_group.py took 0.173 seconds
[2025-08-02T02:49:05.189+0000] {processor.py:161} INFO - Started process (PID=352) to work on /home/airflow/.local/lib/python3.8/site-packages/airflow/example_dags/example_task_group.py
[2025-08-02T02:49:05.196+0000] {processor.py:830} INFO - Processing file /home/airflow/.local/lib/python3.8/site-packages/airflow/example_dags/example_task_group.py for tasks to queue
[2025-08-02T02:49:05.200+0000] {logging_mixin.py:188} INFO - [2025-08-02T02:49:05.200+0000] {dagbag.py:540} INFO - Filling up the DagBag from /home/airflow/.local/lib/python3.8/site-packages/airflow/example_dags/example_task_group.py
[2025-08-02T02:49:05.216+0000] {processor.py:840} INFO - DAG(s) 'example_task_group' retrieved from /home/airflow/.local/lib/python3.8/site-packages/airflow/example_dags/example_task_group.py
[2025-08-02T02:49:05.263+0000] {logging_mixin.py:188} INFO - [2025-08-02T02:49:05.263+0000] {dag.py:3047} INFO - Sync 1 DAGs
[2025-08-02T02:49:05.291+0000] {logging_mixin.py:188} INFO - [2025-08-02T02:49:05.291+0000] {dag.py:3834} INFO - Setting next_dagrun for example_task_group to 2025-08-01 00:00:00+00:00, run_after=2025-08-02 00:00:00+00:00
[2025-08-02T02:49:05.312+0000] {processor.py:183} INFO - Processing /home/airflow/.local/lib/python3.8/site-packages/airflow/example_dags/example_task_group.py took 0.145 seconds
[2025-08-02T02:49:35.567+0000] {processor.py:161} INFO - Started process (PID=408) to work on /home/airflow/.local/lib/python3.8/site-packages/airflow/example_dags/example_task_group.py
[2025-08-02T02:49:35.575+0000] {processor.py:830} INFO - Processing file /home/airflow/.local/lib/python3.8/site-packages/airflow/example_dags/example_task_group.py for tasks to queue
[2025-08-02T02:49:35.594+0000] {logging_mixin.py:188} INFO - [2025-08-02T02:49:35.590+0000] {dagbag.py:540} INFO - Filling up the DagBag from /home/airflow/.local/lib/python3.8/site-packages/airflow/example_dags/example_task_group.py
[2025-08-02T02:49:35.642+0000] {processor.py:840} INFO - DAG(s) 'example_task_group' retrieved from /home/airflow/.local/lib/python3.8/site-packages/airflow/example_dags/example_task_group.py
[2025-08-02T02:49:35.721+0000] {logging_mixin.py:188} INFO - [2025-08-02T02:49:35.721+0000] {dag.py:3047} INFO - Sync 1 DAGs
[2025-08-02T02:49:35.812+0000] {logging_mixin.py:188} INFO - [2025-08-02T02:49:35.812+0000] {dag.py:3834} INFO - Setting next_dagrun for example_task_group to 2025-08-01 00:00:00+00:00, run_after=2025-08-02 00:00:00+00:00
[2025-08-02T02:49:35.850+0000] {processor.py:183} INFO - Processing /home/airflow/.local/lib/python3.8/site-packages/airflow/example_dags/example_task_group.py took 0.341 seconds
[2025-08-02T02:50:06.335+0000] {processor.py:161} INFO - Started process (PID=464) to work on /home/airflow/.local/lib/python3.8/site-packages/airflow/example_dags/example_task_group.py
[2025-08-02T02:50:06.339+0000] {processor.py:830} INFO - Processing file /home/airflow/.local/lib/python3.8/site-packages/airflow/example_dags/example_task_group.py for tasks to queue
[2025-08-02T02:50:06.356+0000] {logging_mixin.py:188} INFO - [2025-08-02T02:50:06.345+0000] {dagbag.py:540} INFO - Filling up the DagBag from /home/airflow/.local/lib/python3.8/site-packages/airflow/example_dags/example_task_group.py
[2025-08-02T02:50:06.376+0000] {processor.py:840} INFO - DAG(s) 'example_task_group' retrieved from /home/airflow/.local/lib/python3.8/site-packages/airflow/example_dags/example_task_group.py
[2025-08-02T02:50:06.446+0000] {logging_mixin.py:188} INFO - [2025-08-02T02:50:06.445+0000] {dag.py:3047} INFO - Sync 1 DAGs
[2025-08-02T02:50:06.472+0000] {logging_mixin.py:188} INFO - [2025-08-02T02:50:06.472+0000] {dag.py:3834} INFO - Setting next_dagrun for example_task_group to 2025-08-01 00:00:00+00:00, run_after=2025-08-02 00:00:00+00:00
[2025-08-02T02:50:06.492+0000] {processor.py:183} INFO - Processing /home/airflow/.local/lib/python3.8/site-packages/airflow/example_dags/example_task_group.py took 0.168 seconds
[2025-08-02T02:50:37.802+0000] {processor.py:161} INFO - Started process (PID=520) to work on /home/airflow/.local/lib/python3.8/site-packages/airflow/example_dags/example_task_group.py
[2025-08-02T02:50:37.877+0000] {processor.py:830} INFO - Processing file /home/airflow/.local/lib/python3.8/site-packages/airflow/example_dags/example_task_group.py for tasks to queue
[2025-08-02T02:50:37.918+0000] {logging_mixin.py:188} INFO - [2025-08-02T02:50:37.904+0000] {dagbag.py:540} INFO - Filling up the DagBag from /home/airflow/.local/lib/python3.8/site-packages/airflow/example_dags/example_task_group.py
[2025-08-02T02:50:38.098+0000] {processor.py:840} INFO - DAG(s) 'example_task_group' retrieved from /home/airflow/.local/lib/python3.8/site-packages/airflow/example_dags/example_task_group.py
[2025-08-02T02:50:38.496+0000] {logging_mixin.py:188} INFO - [2025-08-02T02:50:38.471+0000] {dag.py:3047} INFO - Sync 1 DAGs
[2025-08-02T02:50:38.651+0000] {logging_mixin.py:188} INFO - [2025-08-02T02:50:38.650+0000] {dag.py:3834} INFO - Setting next_dagrun for example_task_group to 2025-08-01 00:00:00+00:00, run_after=2025-08-02 00:00:00+00:00
[2025-08-02T02:50:38.719+0000] {processor.py:183} INFO - Processing /home/airflow/.local/lib/python3.8/site-packages/airflow/example_dags/example_task_group.py took 1.049 seconds
[2025-08-02T02:51:09.239+0000] {processor.py:161} INFO - Started process (PID=574) to work on /home/airflow/.local/lib/python3.8/site-packages/airflow/example_dags/example_task_group.py
[2025-08-02T02:51:09.240+0000] {processor.py:830} INFO - Processing file /home/airflow/.local/lib/python3.8/site-packages/airflow/example_dags/example_task_group.py for tasks to queue
[2025-08-02T02:51:09.241+0000] {logging_mixin.py:188} INFO - [2025-08-02T02:51:09.241+0000] {dagbag.py:540} INFO - Filling up the DagBag from /home/airflow/.local/lib/python3.8/site-packages/airflow/example_dags/example_task_group.py
[2025-08-02T02:51:09.247+0000] {processor.py:840} INFO - DAG(s) 'example_task_group' retrieved from /home/airflow/.local/lib/python3.8/site-packages/airflow/example_dags/example_task_group.py
[2025-08-02T02:51:09.291+0000] {logging_mixin.py:188} INFO - [2025-08-02T02:51:09.291+0000] {dag.py:3047} INFO - Sync 1 DAGs
[2025-08-02T02:51:09.315+0000] {logging_mixin.py:188} INFO - [2025-08-02T02:51:09.315+0000] {dag.py:3834} INFO - Setting next_dagrun for example_task_group to 2025-08-01 00:00:00+00:00, run_after=2025-08-02 00:00:00+00:00
[2025-08-02T02:51:09.342+0000] {processor.py:183} INFO - Processing /home/airflow/.local/lib/python3.8/site-packages/airflow/example_dags/example_task_group.py took 0.109 seconds
[2025-08-02T02:51:40.476+0000] {processor.py:161} INFO - Started process (PID=630) to work on /home/airflow/.local/lib/python3.8/site-packages/airflow/example_dags/example_task_group.py
[2025-08-02T02:51:40.502+0000] {processor.py:830} INFO - Processing file /home/airflow/.local/lib/python3.8/site-packages/airflow/example_dags/example_task_group.py for tasks to queue
[2025-08-02T02:51:40.530+0000] {logging_mixin.py:188} INFO - [2025-08-02T02:51:40.527+0000] {dagbag.py:540} INFO - Filling up the DagBag from /home/airflow/.local/lib/python3.8/site-packages/airflow/example_dags/example_task_group.py
[2025-08-02T02:51:40.589+0000] {processor.py:840} INFO - DAG(s) 'example_task_group' retrieved from /home/airflow/.local/lib/python3.8/site-packages/airflow/example_dags/example_task_group.py
[2025-08-02T02:51:40.708+0000] {logging_mixin.py:188} INFO - [2025-08-02T02:51:40.707+0000] {dag.py:3047} INFO - Sync 1 DAGs
[2025-08-02T02:51:40.774+0000] {logging_mixin.py:188} INFO - [2025-08-02T02:51:40.774+0000] {dag.py:3834} INFO - Setting next_dagrun for example_task_group to 2025-08-01 00:00:00+00:00, run_after=2025-08-02 00:00:00+00:00
[2025-08-02T02:51:40.806+0000] {processor.py:183} INFO - Processing /home/airflow/.local/lib/python3.8/site-packages/airflow/example_dags/example_task_group.py took 0.372 seconds
[2025-08-02T02:52:11.584+0000] {processor.py:161} INFO - Started process (PID=686) to work on /home/airflow/.local/lib/python3.8/site-packages/airflow/example_dags/example_task_group.py
[2025-08-02T02:52:11.586+0000] {processor.py:830} INFO - Processing file /home/airflow/.local/lib/python3.8/site-packages/airflow/example_dags/example_task_group.py for tasks to queue
[2025-08-02T02:52:11.599+0000] {logging_mixin.py:188} INFO - [2025-08-02T02:52:11.597+0000] {dagbag.py:540} INFO - Filling up the DagBag from /home/airflow/.local/lib/python3.8/site-packages/airflow/example_dags/example_task_group.py
[2025-08-02T02:52:11.634+0000] {processor.py:840} INFO - DAG(s) 'example_task_group' retrieved from /home/airflow/.local/lib/python3.8/site-packages/airflow/example_dags/example_task_group.py
[2025-08-02T02:52:11.691+0000] {logging_mixin.py:188} INFO - [2025-08-02T02:52:11.691+0000] {dag.py:3047} INFO - Sync 1 DAGs
[2025-08-02T02:52:11.716+0000] {logging_mixin.py:188} INFO - [2025-08-02T02:52:11.715+0000] {dag.py:3834} INFO - Setting next_dagrun for example_task_group to 2025-08-01 00:00:00+00:00, run_after=2025-08-02 00:00:00+00:00
[2025-08-02T02:52:11.739+0000] {processor.py:183} INFO - Processing /home/airflow/.local/lib/python3.8/site-packages/airflow/example_dags/example_task_group.py took 0.164 seconds
[2025-08-02T02:52:41.960+0000] {processor.py:161} INFO - Started process (PID=742) to work on /home/airflow/.local/lib/python3.8/site-packages/airflow/example_dags/example_task_group.py
[2025-08-02T02:52:41.964+0000] {processor.py:830} INFO - Processing file /home/airflow/.local/lib/python3.8/site-packages/airflow/example_dags/example_task_group.py for tasks to queue
[2025-08-02T02:52:41.969+0000] {logging_mixin.py:188} INFO - [2025-08-02T02:52:41.968+0000] {dagbag.py:540} INFO - Filling up the DagBag from /home/airflow/.local/lib/python3.8/site-packages/airflow/example_dags/example_task_group.py
[2025-08-02T02:52:41.987+0000] {processor.py:840} INFO - DAG(s) 'example_task_group' retrieved from /home/airflow/.local/lib/python3.8/site-packages/airflow/example_dags/example_task_group.py
[2025-08-02T02:52:42.023+0000] {logging_mixin.py:188} INFO - [2025-08-02T02:52:42.023+0000] {dag.py:3047} INFO - Sync 1 DAGs
[2025-08-02T02:52:42.045+0000] {logging_mixin.py:188} INFO - [2025-08-02T02:52:42.045+0000] {dag.py:3834} INFO - Setting next_dagrun for example_task_group to 2025-08-01 00:00:00+00:00, run_after=2025-08-02 00:00:00+00:00
[2025-08-02T02:52:42.065+0000] {processor.py:183} INFO - Processing /home/airflow/.local/lib/python3.8/site-packages/airflow/example_dags/example_task_group.py took 0.118 seconds
[2025-08-02T02:56:40.517+0000] {processor.py:161} INFO - Started process (PID=66) to work on /home/airflow/.local/lib/python3.8/site-packages/airflow/example_dags/example_task_group.py
[2025-08-02T02:56:40.526+0000] {processor.py:830} INFO - Processing file /home/airflow/.local/lib/python3.8/site-packages/airflow/example_dags/example_task_group.py for tasks to queue
[2025-08-02T02:56:40.534+0000] {logging_mixin.py:188} INFO - [2025-08-02T02:56:40.533+0000] {dagbag.py:540} INFO - Filling up the DagBag from /home/airflow/.local/lib/python3.8/site-packages/airflow/example_dags/example_task_group.py
[2025-08-02T02:56:40.558+0000] {processor.py:840} INFO - DAG(s) 'example_task_group' retrieved from /home/airflow/.local/lib/python3.8/site-packages/airflow/example_dags/example_task_group.py
[2025-08-02T02:56:40.619+0000] {logging_mixin.py:188} INFO - [2025-08-02T02:56:40.619+0000] {dag.py:3047} INFO - Sync 1 DAGs
[2025-08-02T02:56:40.694+0000] {logging_mixin.py:188} INFO - [2025-08-02T02:56:40.693+0000] {dag.py:3834} INFO - Setting next_dagrun for example_task_group to 2025-08-01 00:00:00+00:00, run_after=2025-08-02 00:00:00+00:00
[2025-08-02T02:56:40.743+0000] {processor.py:183} INFO - Processing /home/airflow/.local/lib/python3.8/site-packages/airflow/example_dags/example_task_group.py took 0.258 seconds
[2025-08-02T02:57:11.023+0000] {processor.py:161} INFO - Started process (PID=122) to work on /home/airflow/.local/lib/python3.8/site-packages/airflow/example_dags/example_task_group.py
[2025-08-02T02:57:11.027+0000] {processor.py:830} INFO - Processing file /home/airflow/.local/lib/python3.8/site-packages/airflow/example_dags/example_task_group.py for tasks to queue
[2025-08-02T02:57:11.028+0000] {logging_mixin.py:188} INFO - [2025-08-02T02:57:11.028+0000] {dagbag.py:540} INFO - Filling up the DagBag from /home/airflow/.local/lib/python3.8/site-packages/airflow/example_dags/example_task_group.py
[2025-08-02T02:57:11.034+0000] {processor.py:840} INFO - DAG(s) 'example_task_group' retrieved from /home/airflow/.local/lib/python3.8/site-packages/airflow/example_dags/example_task_group.py
[2025-08-02T02:57:11.197+0000] {logging_mixin.py:188} INFO - [2025-08-02T02:57:11.196+0000] {dag.py:3047} INFO - Sync 1 DAGs
[2025-08-02T02:57:11.223+0000] {logging_mixin.py:188} INFO - [2025-08-02T02:57:11.222+0000] {dag.py:3834} INFO - Setting next_dagrun for example_task_group to 2025-08-01 00:00:00+00:00, run_after=2025-08-02 00:00:00+00:00
[2025-08-02T02:57:11.253+0000] {processor.py:183} INFO - Processing /home/airflow/.local/lib/python3.8/site-packages/airflow/example_dags/example_task_group.py took 0.237 seconds
[2025-08-02T02:57:42.274+0000] {processor.py:161} INFO - Started process (PID=178) to work on /home/airflow/.local/lib/python3.8/site-packages/airflow/example_dags/example_task_group.py
[2025-08-02T02:57:42.277+0000] {processor.py:830} INFO - Processing file /home/airflow/.local/lib/python3.8/site-packages/airflow/example_dags/example_task_group.py for tasks to queue
[2025-08-02T02:57:42.281+0000] {logging_mixin.py:188} INFO - [2025-08-02T02:57:42.281+0000] {dagbag.py:540} INFO - Filling up the DagBag from /home/airflow/.local/lib/python3.8/site-packages/airflow/example_dags/example_task_group.py
[2025-08-02T02:57:42.309+0000] {processor.py:840} INFO - DAG(s) 'example_task_group' retrieved from /home/airflow/.local/lib/python3.8/site-packages/airflow/example_dags/example_task_group.py
[2025-08-02T02:57:42.378+0000] {logging_mixin.py:188} INFO - [2025-08-02T02:57:42.378+0000] {dag.py:3047} INFO - Sync 1 DAGs
[2025-08-02T02:57:42.432+0000] {logging_mixin.py:188} INFO - [2025-08-02T02:57:42.431+0000] {dag.py:3834} INFO - Setting next_dagrun for example_task_group to 2025-08-01 00:00:00+00:00, run_after=2025-08-02 00:00:00+00:00
[2025-08-02T02:57:42.472+0000] {processor.py:183} INFO - Processing /home/airflow/.local/lib/python3.8/site-packages/airflow/example_dags/example_task_group.py took 0.201 seconds
[2025-08-02T02:58:13.313+0000] {processor.py:161} INFO - Started process (PID=234) to work on /home/airflow/.local/lib/python3.8/site-packages/airflow/example_dags/example_task_group.py
[2025-08-02T02:58:13.317+0000] {processor.py:830} INFO - Processing file /home/airflow/.local/lib/python3.8/site-packages/airflow/example_dags/example_task_group.py for tasks to queue
[2025-08-02T02:58:13.322+0000] {logging_mixin.py:188} INFO - [2025-08-02T02:58:13.322+0000] {dagbag.py:540} INFO - Filling up the DagBag from /home/airflow/.local/lib/python3.8/site-packages/airflow/example_dags/example_task_group.py
[2025-08-02T02:58:13.329+0000] {processor.py:840} INFO - DAG(s) 'example_task_group' retrieved from /home/airflow/.local/lib/python3.8/site-packages/airflow/example_dags/example_task_group.py
[2025-08-02T02:58:13.375+0000] {logging_mixin.py:188} INFO - [2025-08-02T02:58:13.375+0000] {dag.py:3047} INFO - Sync 1 DAGs
[2025-08-02T02:58:13.398+0000] {logging_mixin.py:188} INFO - [2025-08-02T02:58:13.397+0000] {dag.py:3834} INFO - Setting next_dagrun for example_task_group to 2025-08-01 00:00:00+00:00, run_after=2025-08-02 00:00:00+00:00
[2025-08-02T02:58:13.427+0000] {processor.py:183} INFO - Processing /home/airflow/.local/lib/python3.8/site-packages/airflow/example_dags/example_task_group.py took 0.119 seconds
[2025-08-02T02:58:44.109+0000] {processor.py:161} INFO - Started process (PID=290) to work on /home/airflow/.local/lib/python3.8/site-packages/airflow/example_dags/example_task_group.py
[2025-08-02T02:58:44.111+0000] {processor.py:830} INFO - Processing file /home/airflow/.local/lib/python3.8/site-packages/airflow/example_dags/example_task_group.py for tasks to queue
[2025-08-02T02:58:44.119+0000] {logging_mixin.py:188} INFO - [2025-08-02T02:58:44.119+0000] {dagbag.py:540} INFO - Filling up the DagBag from /home/airflow/.local/lib/python3.8/site-packages/airflow/example_dags/example_task_group.py
[2025-08-02T02:58:44.162+0000] {processor.py:840} INFO - DAG(s) 'example_task_group' retrieved from /home/airflow/.local/lib/python3.8/site-packages/airflow/example_dags/example_task_group.py
[2025-08-02T02:58:44.195+0000] {logging_mixin.py:188} INFO - [2025-08-02T02:58:44.195+0000] {dag.py:3047} INFO - Sync 1 DAGs
[2025-08-02T02:58:44.233+0000] {logging_mixin.py:188} INFO - [2025-08-02T02:58:44.233+0000] {dag.py:3834} INFO - Setting next_dagrun for example_task_group to 2025-08-01 00:00:00+00:00, run_after=2025-08-02 00:00:00+00:00
[2025-08-02T02:58:44.278+0000] {processor.py:183} INFO - Processing /home/airflow/.local/lib/python3.8/site-packages/airflow/example_dags/example_task_group.py took 0.175 seconds
[2025-08-02T02:59:14.568+0000] {processor.py:161} INFO - Started process (PID=346) to work on /home/airflow/.local/lib/python3.8/site-packages/airflow/example_dags/example_task_group.py
[2025-08-02T02:59:14.576+0000] {processor.py:830} INFO - Processing file /home/airflow/.local/lib/python3.8/site-packages/airflow/example_dags/example_task_group.py for tasks to queue
[2025-08-02T02:59:14.584+0000] {logging_mixin.py:188} INFO - [2025-08-02T02:59:14.584+0000] {dagbag.py:540} INFO - Filling up the DagBag from /home/airflow/.local/lib/python3.8/site-packages/airflow/example_dags/example_task_group.py
[2025-08-02T02:59:14.595+0000] {processor.py:840} INFO - DAG(s) 'example_task_group' retrieved from /home/airflow/.local/lib/python3.8/site-packages/airflow/example_dags/example_task_group.py
[2025-08-02T02:59:14.631+0000] {logging_mixin.py:188} INFO - [2025-08-02T02:59:14.631+0000] {dag.py:3047} INFO - Sync 1 DAGs
[2025-08-02T02:59:14.669+0000] {logging_mixin.py:188} INFO - [2025-08-02T02:59:14.669+0000] {dag.py:3834} INFO - Setting next_dagrun for example_task_group to 2025-08-01 00:00:00+00:00, run_after=2025-08-02 00:00:00+00:00
[2025-08-02T02:59:14.685+0000] {processor.py:183} INFO - Processing /home/airflow/.local/lib/python3.8/site-packages/airflow/example_dags/example_task_group.py took 0.124 seconds
[2025-08-02T02:59:44.999+0000] {processor.py:161} INFO - Started process (PID=402) to work on /home/airflow/.local/lib/python3.8/site-packages/airflow/example_dags/example_task_group.py
[2025-08-02T02:59:45.003+0000] {processor.py:830} INFO - Processing file /home/airflow/.local/lib/python3.8/site-packages/airflow/example_dags/example_task_group.py for tasks to queue
[2025-08-02T02:59:45.005+0000] {logging_mixin.py:188} INFO - [2025-08-02T02:59:45.005+0000] {dagbag.py:540} INFO - Filling up the DagBag from /home/airflow/.local/lib/python3.8/site-packages/airflow/example_dags/example_task_group.py
[2025-08-02T02:59:45.015+0000] {processor.py:840} INFO - DAG(s) 'example_task_group' retrieved from /home/airflow/.local/lib/python3.8/site-packages/airflow/example_dags/example_task_group.py
[2025-08-02T02:59:45.044+0000] {logging_mixin.py:188} INFO - [2025-08-02T02:59:45.044+0000] {dag.py:3047} INFO - Sync 1 DAGs
[2025-08-02T02:59:45.064+0000] {logging_mixin.py:188} INFO - [2025-08-02T02:59:45.064+0000] {dag.py:3834} INFO - Setting next_dagrun for example_task_group to 2025-08-01 00:00:00+00:00, run_after=2025-08-02 00:00:00+00:00
[2025-08-02T02:59:45.082+0000] {processor.py:183} INFO - Processing /home/airflow/.local/lib/python3.8/site-packages/airflow/example_dags/example_task_group.py took 0.091 seconds
[2025-08-02T03:00:15.134+0000] {processor.py:161} INFO - Started process (PID=458) to work on /home/airflow/.local/lib/python3.8/site-packages/airflow/example_dags/example_task_group.py
[2025-08-02T03:00:15.135+0000] {processor.py:830} INFO - Processing file /home/airflow/.local/lib/python3.8/site-packages/airflow/example_dags/example_task_group.py for tasks to queue
[2025-08-02T03:00:15.136+0000] {logging_mixin.py:188} INFO - [2025-08-02T03:00:15.136+0000] {dagbag.py:540} INFO - Filling up the DagBag from /home/airflow/.local/lib/python3.8/site-packages/airflow/example_dags/example_task_group.py
[2025-08-02T03:00:15.141+0000] {processor.py:840} INFO - DAG(s) 'example_task_group' retrieved from /home/airflow/.local/lib/python3.8/site-packages/airflow/example_dags/example_task_group.py
[2025-08-02T03:00:15.163+0000] {logging_mixin.py:188} INFO - [2025-08-02T03:00:15.162+0000] {dag.py:3047} INFO - Sync 1 DAGs
[2025-08-02T03:00:15.181+0000] {logging_mixin.py:188} INFO - [2025-08-02T03:00:15.181+0000] {dag.py:3834} INFO - Setting next_dagrun for example_task_group to 2025-08-01 00:00:00+00:00, run_after=2025-08-02 00:00:00+00:00
[2025-08-02T03:00:15.194+0000] {processor.py:183} INFO - Processing /home/airflow/.local/lib/python3.8/site-packages/airflow/example_dags/example_task_group.py took 0.062 seconds
[2025-08-02T03:00:45.512+0000] {processor.py:161} INFO - Started process (PID=514) to work on /home/airflow/.local/lib/python3.8/site-packages/airflow/example_dags/example_task_group.py
[2025-08-02T03:00:45.513+0000] {processor.py:830} INFO - Processing file /home/airflow/.local/lib/python3.8/site-packages/airflow/example_dags/example_task_group.py for tasks to queue
[2025-08-02T03:00:45.515+0000] {logging_mixin.py:188} INFO - [2025-08-02T03:00:45.515+0000] {dagbag.py:540} INFO - Filling up the DagBag from /home/airflow/.local/lib/python3.8/site-packages/airflow/example_dags/example_task_group.py
[2025-08-02T03:00:45.520+0000] {processor.py:840} INFO - DAG(s) 'example_task_group' retrieved from /home/airflow/.local/lib/python3.8/site-packages/airflow/example_dags/example_task_group.py
[2025-08-02T03:00:45.535+0000] {logging_mixin.py:188} INFO - [2025-08-02T03:00:45.535+0000] {dag.py:3047} INFO - Sync 1 DAGs
[2025-08-02T03:00:45.547+0000] {logging_mixin.py:188} INFO - [2025-08-02T03:00:45.547+0000] {dag.py:3834} INFO - Setting next_dagrun for example_task_group to 2025-08-01 00:00:00+00:00, run_after=2025-08-02 00:00:00+00:00
[2025-08-02T03:00:45.558+0000] {processor.py:183} INFO - Processing /home/airflow/.local/lib/python3.8/site-packages/airflow/example_dags/example_task_group.py took 0.049 seconds
[2025-08-02T03:01:16.944+0000] {processor.py:161} INFO - Started process (PID=570) to work on /home/airflow/.local/lib/python3.8/site-packages/airflow/example_dags/example_task_group.py
[2025-08-02T03:01:16.947+0000] {processor.py:830} INFO - Processing file /home/airflow/.local/lib/python3.8/site-packages/airflow/example_dags/example_task_group.py for tasks to queue
[2025-08-02T03:01:16.949+0000] {logging_mixin.py:188} INFO - [2025-08-02T03:01:16.949+0000] {dagbag.py:540} INFO - Filling up the DagBag from /home/airflow/.local/lib/python3.8/site-packages/airflow/example_dags/example_task_group.py
[2025-08-02T03:01:16.961+0000] {processor.py:840} INFO - DAG(s) 'example_task_group' retrieved from /home/airflow/.local/lib/python3.8/site-packages/airflow/example_dags/example_task_group.py
[2025-08-02T03:01:17.011+0000] {logging_mixin.py:188} INFO - [2025-08-02T03:01:17.011+0000] {dag.py:3047} INFO - Sync 1 DAGs
[2025-08-02T03:01:17.072+0000] {logging_mixin.py:188} INFO - [2025-08-02T03:01:17.072+0000] {dag.py:3834} INFO - Setting next_dagrun for example_task_group to 2025-08-01 00:00:00+00:00, run_after=2025-08-02 00:00:00+00:00
[2025-08-02T03:01:17.095+0000] {processor.py:183} INFO - Processing /home/airflow/.local/lib/python3.8/site-packages/airflow/example_dags/example_task_group.py took 0.155 seconds
[2025-08-02T03:01:48.331+0000] {processor.py:161} INFO - Started process (PID=626) to work on /home/airflow/.local/lib/python3.8/site-packages/airflow/example_dags/example_task_group.py
[2025-08-02T03:01:48.332+0000] {processor.py:830} INFO - Processing file /home/airflow/.local/lib/python3.8/site-packages/airflow/example_dags/example_task_group.py for tasks to queue
[2025-08-02T03:01:48.337+0000] {logging_mixin.py:188} INFO - [2025-08-02T03:01:48.337+0000] {dagbag.py:540} INFO - Filling up the DagBag from /home/airflow/.local/lib/python3.8/site-packages/airflow/example_dags/example_task_group.py
[2025-08-02T03:01:48.369+0000] {processor.py:840} INFO - DAG(s) 'example_task_group' retrieved from /home/airflow/.local/lib/python3.8/site-packages/airflow/example_dags/example_task_group.py
[2025-08-02T03:01:48.405+0000] {logging_mixin.py:188} INFO - [2025-08-02T03:01:48.405+0000] {dag.py:3047} INFO - Sync 1 DAGs
[2025-08-02T03:01:48.426+0000] {logging_mixin.py:188} INFO - [2025-08-02T03:01:48.425+0000] {dag.py:3834} INFO - Setting next_dagrun for example_task_group to 2025-08-01 00:00:00+00:00, run_after=2025-08-02 00:00:00+00:00
[2025-08-02T03:01:48.447+0000] {processor.py:183} INFO - Processing /home/airflow/.local/lib/python3.8/site-packages/airflow/example_dags/example_task_group.py took 0.123 seconds
[2025-08-02T03:02:20.267+0000] {processor.py:161} INFO - Started process (PID=682) to work on /home/airflow/.local/lib/python3.8/site-packages/airflow/example_dags/example_task_group.py
[2025-08-02T03:02:20.269+0000] {processor.py:830} INFO - Processing file /home/airflow/.local/lib/python3.8/site-packages/airflow/example_dags/example_task_group.py for tasks to queue
[2025-08-02T03:02:20.272+0000] {logging_mixin.py:188} INFO - [2025-08-02T03:02:20.272+0000] {dagbag.py:540} INFO - Filling up the DagBag from /home/airflow/.local/lib/python3.8/site-packages/airflow/example_dags/example_task_group.py
[2025-08-02T03:02:20.291+0000] {processor.py:840} INFO - DAG(s) 'example_task_group' retrieved from /home/airflow/.local/lib/python3.8/site-packages/airflow/example_dags/example_task_group.py
[2025-08-02T03:02:20.319+0000] {logging_mixin.py:188} INFO - [2025-08-02T03:02:20.319+0000] {dag.py:3047} INFO - Sync 1 DAGs
[2025-08-02T03:02:20.344+0000] {logging_mixin.py:188} INFO - [2025-08-02T03:02:20.344+0000] {dag.py:3834} INFO - Setting next_dagrun for example_task_group to 2025-08-01 00:00:00+00:00, run_after=2025-08-02 00:00:00+00:00
[2025-08-02T03:02:20.357+0000] {processor.py:183} INFO - Processing /home/airflow/.local/lib/python3.8/site-packages/airflow/example_dags/example_task_group.py took 0.094 seconds
[2025-08-02T03:02:50.572+0000] {processor.py:161} INFO - Started process (PID=738) to work on /home/airflow/.local/lib/python3.8/site-packages/airflow/example_dags/example_task_group.py
[2025-08-02T03:02:50.573+0000] {processor.py:830} INFO - Processing file /home/airflow/.local/lib/python3.8/site-packages/airflow/example_dags/example_task_group.py for tasks to queue
[2025-08-02T03:02:50.584+0000] {logging_mixin.py:188} INFO - [2025-08-02T03:02:50.583+0000] {dagbag.py:540} INFO - Filling up the DagBag from /home/airflow/.local/lib/python3.8/site-packages/airflow/example_dags/example_task_group.py
[2025-08-02T03:02:50.599+0000] {processor.py:840} INFO - DAG(s) 'example_task_group' retrieved from /home/airflow/.local/lib/python3.8/site-packages/airflow/example_dags/example_task_group.py
[2025-08-02T03:02:50.632+0000] {logging_mixin.py:188} INFO - [2025-08-02T03:02:50.630+0000] {dag.py:3047} INFO - Sync 1 DAGs
[2025-08-02T03:02:50.682+0000] {logging_mixin.py:188} INFO - [2025-08-02T03:02:50.681+0000] {dag.py:3834} INFO - Setting next_dagrun for example_task_group to 2025-08-01 00:00:00+00:00, run_after=2025-08-02 00:00:00+00:00
[2025-08-02T03:02:50.775+0000] {processor.py:183} INFO - Processing /home/airflow/.local/lib/python3.8/site-packages/airflow/example_dags/example_task_group.py took 0.206 seconds
[2025-08-02T03:03:20.869+0000] {processor.py:161} INFO - Started process (PID=793) to work on /home/airflow/.local/lib/python3.8/site-packages/airflow/example_dags/example_task_group.py
[2025-08-02T03:03:20.871+0000] {processor.py:830} INFO - Processing file /home/airflow/.local/lib/python3.8/site-packages/airflow/example_dags/example_task_group.py for tasks to queue
[2025-08-02T03:03:20.876+0000] {logging_mixin.py:188} INFO - [2025-08-02T03:03:20.876+0000] {dagbag.py:540} INFO - Filling up the DagBag from /home/airflow/.local/lib/python3.8/site-packages/airflow/example_dags/example_task_group.py
[2025-08-02T03:03:20.884+0000] {processor.py:840} INFO - DAG(s) 'example_task_group' retrieved from /home/airflow/.local/lib/python3.8/site-packages/airflow/example_dags/example_task_group.py
[2025-08-02T03:03:20.907+0000] {logging_mixin.py:188} INFO - [2025-08-02T03:03:20.907+0000] {dag.py:3047} INFO - Sync 1 DAGs
[2025-08-02T03:03:20.922+0000] {logging_mixin.py:188} INFO - [2025-08-02T03:03:20.922+0000] {dag.py:3834} INFO - Setting next_dagrun for example_task_group to 2025-08-01 00:00:00+00:00, run_after=2025-08-02 00:00:00+00:00
[2025-08-02T03:03:20.934+0000] {processor.py:183} INFO - Processing /home/airflow/.local/lib/python3.8/site-packages/airflow/example_dags/example_task_group.py took 0.068 seconds
[2025-08-02T03:03:51.285+0000] {processor.py:161} INFO - Started process (PID=849) to work on /home/airflow/.local/lib/python3.8/site-packages/airflow/example_dags/example_task_group.py
[2025-08-02T03:03:51.285+0000] {processor.py:830} INFO - Processing file /home/airflow/.local/lib/python3.8/site-packages/airflow/example_dags/example_task_group.py for tasks to queue
[2025-08-02T03:03:51.287+0000] {logging_mixin.py:188} INFO - [2025-08-02T03:03:51.287+0000] {dagbag.py:540} INFO - Filling up the DagBag from /home/airflow/.local/lib/python3.8/site-packages/airflow/example_dags/example_task_group.py
[2025-08-02T03:03:51.300+0000] {processor.py:840} INFO - DAG(s) 'example_task_group' retrieved from /home/airflow/.local/lib/python3.8/site-packages/airflow/example_dags/example_task_group.py
[2025-08-02T03:03:51.322+0000] {logging_mixin.py:188} INFO - [2025-08-02T03:03:51.322+0000] {dag.py:3047} INFO - Sync 1 DAGs
[2025-08-02T03:03:51.343+0000] {logging_mixin.py:188} INFO - [2025-08-02T03:03:51.343+0000] {dag.py:3834} INFO - Setting next_dagrun for example_task_group to 2025-08-01 00:00:00+00:00, run_after=2025-08-02 00:00:00+00:00
[2025-08-02T03:03:51.362+0000] {processor.py:183} INFO - Processing /home/airflow/.local/lib/python3.8/site-packages/airflow/example_dags/example_task_group.py took 0.079 seconds
[2025-08-02T03:04:21.382+0000] {processor.py:161} INFO - Started process (PID=904) to work on /home/airflow/.local/lib/python3.8/site-packages/airflow/example_dags/example_task_group.py
[2025-08-02T03:04:21.383+0000] {processor.py:830} INFO - Processing file /home/airflow/.local/lib/python3.8/site-packages/airflow/example_dags/example_task_group.py for tasks to queue
[2025-08-02T03:04:21.384+0000] {logging_mixin.py:188} INFO - [2025-08-02T03:04:21.384+0000] {dagbag.py:540} INFO - Filling up the DagBag from /home/airflow/.local/lib/python3.8/site-packages/airflow/example_dags/example_task_group.py
[2025-08-02T03:04:21.389+0000] {processor.py:840} INFO - DAG(s) 'example_task_group' retrieved from /home/airflow/.local/lib/python3.8/site-packages/airflow/example_dags/example_task_group.py
[2025-08-02T03:04:21.406+0000] {logging_mixin.py:188} INFO - [2025-08-02T03:04:21.405+0000] {dag.py:3047} INFO - Sync 1 DAGs
[2025-08-02T03:04:21.420+0000] {logging_mixin.py:188} INFO - [2025-08-02T03:04:21.419+0000] {dag.py:3834} INFO - Setting next_dagrun for example_task_group to 2025-08-01 00:00:00+00:00, run_after=2025-08-02 00:00:00+00:00
[2025-08-02T03:04:21.432+0000] {processor.py:183} INFO - Processing /home/airflow/.local/lib/python3.8/site-packages/airflow/example_dags/example_task_group.py took 0.053 seconds
[2025-08-02T03:04:52.223+0000] {processor.py:161} INFO - Started process (PID=962) to work on /home/airflow/.local/lib/python3.8/site-packages/airflow/example_dags/example_task_group.py
[2025-08-02T03:04:52.225+0000] {processor.py:830} INFO - Processing file /home/airflow/.local/lib/python3.8/site-packages/airflow/example_dags/example_task_group.py for tasks to queue
[2025-08-02T03:04:52.227+0000] {logging_mixin.py:188} INFO - [2025-08-02T03:04:52.227+0000] {dagbag.py:540} INFO - Filling up the DagBag from /home/airflow/.local/lib/python3.8/site-packages/airflow/example_dags/example_task_group.py
[2025-08-02T03:04:52.244+0000] {processor.py:840} INFO - DAG(s) 'example_task_group' retrieved from /home/airflow/.local/lib/python3.8/site-packages/airflow/example_dags/example_task_group.py
[2025-08-02T03:04:52.273+0000] {logging_mixin.py:188} INFO - [2025-08-02T03:04:52.273+0000] {dag.py:3047} INFO - Sync 1 DAGs
[2025-08-02T03:04:52.292+0000] {logging_mixin.py:188} INFO - [2025-08-02T03:04:52.292+0000] {dag.py:3834} INFO - Setting next_dagrun for example_task_group to 2025-08-01 00:00:00+00:00, run_after=2025-08-02 00:00:00+00:00
[2025-08-02T03:04:52.315+0000] {processor.py:183} INFO - Processing /home/airflow/.local/lib/python3.8/site-packages/airflow/example_dags/example_task_group.py took 0.094 seconds
[2025-08-02T03:05:23.310+0000] {processor.py:161} INFO - Started process (PID=1018) to work on /home/airflow/.local/lib/python3.8/site-packages/airflow/example_dags/example_task_group.py
[2025-08-02T03:05:23.311+0000] {processor.py:830} INFO - Processing file /home/airflow/.local/lib/python3.8/site-packages/airflow/example_dags/example_task_group.py for tasks to queue
[2025-08-02T03:05:23.312+0000] {logging_mixin.py:188} INFO - [2025-08-02T03:05:23.312+0000] {dagbag.py:540} INFO - Filling up the DagBag from /home/airflow/.local/lib/python3.8/site-packages/airflow/example_dags/example_task_group.py
[2025-08-02T03:05:23.317+0000] {processor.py:840} INFO - DAG(s) 'example_task_group' retrieved from /home/airflow/.local/lib/python3.8/site-packages/airflow/example_dags/example_task_group.py
[2025-08-02T03:05:23.352+0000] {logging_mixin.py:188} INFO - [2025-08-02T03:05:23.351+0000] {dag.py:3047} INFO - Sync 1 DAGs
[2025-08-02T03:05:23.372+0000] {logging_mixin.py:188} INFO - [2025-08-02T03:05:23.372+0000] {dag.py:3834} INFO - Setting next_dagrun for example_task_group to 2025-08-01 00:00:00+00:00, run_after=2025-08-02 00:00:00+00:00
[2025-08-02T03:05:23.385+0000] {processor.py:183} INFO - Processing /home/airflow/.local/lib/python3.8/site-packages/airflow/example_dags/example_task_group.py took 0.077 seconds
[2025-08-02T03:05:55.156+0000] {processor.py:161} INFO - Started process (PID=1074) to work on /home/airflow/.local/lib/python3.8/site-packages/airflow/example_dags/example_task_group.py
[2025-08-02T03:05:55.158+0000] {processor.py:830} INFO - Processing file /home/airflow/.local/lib/python3.8/site-packages/airflow/example_dags/example_task_group.py for tasks to queue
[2025-08-02T03:05:55.160+0000] {logging_mixin.py:188} INFO - [2025-08-02T03:05:55.160+0000] {dagbag.py:540} INFO - Filling up the DagBag from /home/airflow/.local/lib/python3.8/site-packages/airflow/example_dags/example_task_group.py
[2025-08-02T03:05:55.168+0000] {processor.py:840} INFO - DAG(s) 'example_task_group' retrieved from /home/airflow/.local/lib/python3.8/site-packages/airflow/example_dags/example_task_group.py
[2025-08-02T03:05:55.185+0000] {logging_mixin.py:188} INFO - [2025-08-02T03:05:55.185+0000] {dag.py:3047} INFO - Sync 1 DAGs
[2025-08-02T03:05:55.201+0000] {logging_mixin.py:188} INFO - [2025-08-02T03:05:55.201+0000] {dag.py:3834} INFO - Setting next_dagrun for example_task_group to 2025-08-01 00:00:00+00:00, run_after=2025-08-02 00:00:00+00:00
[2025-08-02T03:05:55.218+0000] {processor.py:183} INFO - Processing /home/airflow/.local/lib/python3.8/site-packages/airflow/example_dags/example_task_group.py took 0.066 seconds
[2025-08-02T03:06:25.753+0000] {processor.py:161} INFO - Started process (PID=1128) to work on /home/airflow/.local/lib/python3.8/site-packages/airflow/example_dags/example_task_group.py
[2025-08-02T03:06:25.756+0000] {processor.py:830} INFO - Processing file /home/airflow/.local/lib/python3.8/site-packages/airflow/example_dags/example_task_group.py for tasks to queue
[2025-08-02T03:06:25.767+0000] {logging_mixin.py:188} INFO - [2025-08-02T03:06:25.766+0000] {dagbag.py:540} INFO - Filling up the DagBag from /home/airflow/.local/lib/python3.8/site-packages/airflow/example_dags/example_task_group.py
[2025-08-02T03:06:25.781+0000] {processor.py:840} INFO - DAG(s) 'example_task_group' retrieved from /home/airflow/.local/lib/python3.8/site-packages/airflow/example_dags/example_task_group.py
[2025-08-02T03:06:25.821+0000] {logging_mixin.py:188} INFO - [2025-08-02T03:06:25.820+0000] {dag.py:3047} INFO - Sync 1 DAGs
[2025-08-02T03:06:25.856+0000] {logging_mixin.py:188} INFO - [2025-08-02T03:06:25.856+0000] {dag.py:3834} INFO - Setting next_dagrun for example_task_group to 2025-08-01 00:00:00+00:00, run_after=2025-08-02 00:00:00+00:00
[2025-08-02T03:06:25.940+0000] {processor.py:183} INFO - Processing /home/airflow/.local/lib/python3.8/site-packages/airflow/example_dags/example_task_group.py took 0.193 seconds
[2025-08-02T03:06:56.645+0000] {processor.py:161} INFO - Started process (PID=1184) to work on /home/airflow/.local/lib/python3.8/site-packages/airflow/example_dags/example_task_group.py
[2025-08-02T03:06:56.645+0000] {processor.py:830} INFO - Processing file /home/airflow/.local/lib/python3.8/site-packages/airflow/example_dags/example_task_group.py for tasks to queue
[2025-08-02T03:06:56.646+0000] {logging_mixin.py:188} INFO - [2025-08-02T03:06:56.646+0000] {dagbag.py:540} INFO - Filling up the DagBag from /home/airflow/.local/lib/python3.8/site-packages/airflow/example_dags/example_task_group.py
[2025-08-02T03:06:56.650+0000] {processor.py:840} INFO - DAG(s) 'example_task_group' retrieved from /home/airflow/.local/lib/python3.8/site-packages/airflow/example_dags/example_task_group.py
[2025-08-02T03:06:56.662+0000] {logging_mixin.py:188} INFO - [2025-08-02T03:06:56.662+0000] {dag.py:3047} INFO - Sync 1 DAGs
[2025-08-02T03:06:56.672+0000] {logging_mixin.py:188} INFO - [2025-08-02T03:06:56.672+0000] {dag.py:3834} INFO - Setting next_dagrun for example_task_group to 2025-08-01 00:00:00+00:00, run_after=2025-08-02 00:00:00+00:00
[2025-08-02T03:06:56.681+0000] {processor.py:183} INFO - Processing /home/airflow/.local/lib/python3.8/site-packages/airflow/example_dags/example_task_group.py took 0.039 seconds
[2025-08-02T03:07:27.319+0000] {processor.py:161} INFO - Started process (PID=1240) to work on /home/airflow/.local/lib/python3.8/site-packages/airflow/example_dags/example_task_group.py
[2025-08-02T03:07:27.323+0000] {processor.py:830} INFO - Processing file /home/airflow/.local/lib/python3.8/site-packages/airflow/example_dags/example_task_group.py for tasks to queue
[2025-08-02T03:07:27.325+0000] {logging_mixin.py:188} INFO - [2025-08-02T03:07:27.324+0000] {dagbag.py:540} INFO - Filling up the DagBag from /home/airflow/.local/lib/python3.8/site-packages/airflow/example_dags/example_task_group.py
[2025-08-02T03:07:27.332+0000] {processor.py:840} INFO - DAG(s) 'example_task_group' retrieved from /home/airflow/.local/lib/python3.8/site-packages/airflow/example_dags/example_task_group.py
[2025-08-02T03:07:27.351+0000] {logging_mixin.py:188} INFO - [2025-08-02T03:07:27.351+0000] {dag.py:3047} INFO - Sync 1 DAGs
[2025-08-02T03:07:27.365+0000] {logging_mixin.py:188} INFO - [2025-08-02T03:07:27.365+0000] {dag.py:3834} INFO - Setting next_dagrun for example_task_group to 2025-08-01 00:00:00+00:00, run_after=2025-08-02 00:00:00+00:00
[2025-08-02T03:07:27.385+0000] {processor.py:183} INFO - Processing /home/airflow/.local/lib/python3.8/site-packages/airflow/example_dags/example_task_group.py took 0.070 seconds
[2025-08-02T03:09:00.769+0000] {processor.py:161} INFO - Started process (PID=76) to work on /home/airflow/.local/lib/python3.8/site-packages/airflow/example_dags/example_task_group.py
[2025-08-02T03:09:00.772+0000] {processor.py:830} INFO - Processing file /home/airflow/.local/lib/python3.8/site-packages/airflow/example_dags/example_task_group.py for tasks to queue
[2025-08-02T03:09:00.775+0000] {logging_mixin.py:188} INFO - [2025-08-02T03:09:00.774+0000] {dagbag.py:540} INFO - Filling up the DagBag from /home/airflow/.local/lib/python3.8/site-packages/airflow/example_dags/example_task_group.py
[2025-08-02T03:09:00.800+0000] {processor.py:840} INFO - DAG(s) 'example_task_group' retrieved from /home/airflow/.local/lib/python3.8/site-packages/airflow/example_dags/example_task_group.py
[2025-08-02T03:09:00.945+0000] {logging_mixin.py:188} INFO - [2025-08-02T03:09:00.945+0000] {dag.py:3047} INFO - Sync 1 DAGs
[2025-08-02T03:09:00.984+0000] {logging_mixin.py:188} INFO - [2025-08-02T03:09:00.983+0000] {dag.py:3834} INFO - Setting next_dagrun for example_task_group to 2025-08-01 00:00:00+00:00, run_after=2025-08-02 00:00:00+00:00
[2025-08-02T03:09:01.004+0000] {processor.py:183} INFO - Processing /home/airflow/.local/lib/python3.8/site-packages/airflow/example_dags/example_task_group.py took 0.241 seconds
[2025-08-02T03:09:31.303+0000] {processor.py:161} INFO - Started process (PID=132) to work on /home/airflow/.local/lib/python3.8/site-packages/airflow/example_dags/example_task_group.py
[2025-08-02T03:09:31.306+0000] {processor.py:830} INFO - Processing file /home/airflow/.local/lib/python3.8/site-packages/airflow/example_dags/example_task_group.py for tasks to queue
[2025-08-02T03:09:31.310+0000] {logging_mixin.py:188} INFO - [2025-08-02T03:09:31.309+0000] {dagbag.py:540} INFO - Filling up the DagBag from /home/airflow/.local/lib/python3.8/site-packages/airflow/example_dags/example_task_group.py
[2025-08-02T03:09:31.328+0000] {processor.py:840} INFO - DAG(s) 'example_task_group' retrieved from /home/airflow/.local/lib/python3.8/site-packages/airflow/example_dags/example_task_group.py
[2025-08-02T03:09:31.385+0000] {logging_mixin.py:188} INFO - [2025-08-02T03:09:31.384+0000] {dag.py:3047} INFO - Sync 1 DAGs
[2025-08-02T03:09:31.440+0000] {logging_mixin.py:188} INFO - [2025-08-02T03:09:31.439+0000] {dag.py:3834} INFO - Setting next_dagrun for example_task_group to 2025-08-01 00:00:00+00:00, run_after=2025-08-02 00:00:00+00:00
[2025-08-02T03:09:31.475+0000] {processor.py:183} INFO - Processing /home/airflow/.local/lib/python3.8/site-packages/airflow/example_dags/example_task_group.py took 0.173 seconds
[2025-08-02T03:10:04.616+0000] {processor.py:161} INFO - Started process (PID=187) to work on /home/airflow/.local/lib/python3.8/site-packages/airflow/example_dags/example_task_group.py
[2025-08-02T03:10:04.619+0000] {processor.py:830} INFO - Processing file /home/airflow/.local/lib/python3.8/site-packages/airflow/example_dags/example_task_group.py for tasks to queue
[2025-08-02T03:10:04.626+0000] {logging_mixin.py:188} INFO - [2025-08-02T03:10:04.625+0000] {dagbag.py:540} INFO - Filling up the DagBag from /home/airflow/.local/lib/python3.8/site-packages/airflow/example_dags/example_task_group.py
[2025-08-02T03:10:04.657+0000] {processor.py:840} INFO - DAG(s) 'example_task_group' retrieved from /home/airflow/.local/lib/python3.8/site-packages/airflow/example_dags/example_task_group.py
[2025-08-02T03:10:04.728+0000] {logging_mixin.py:188} INFO - [2025-08-02T03:10:04.727+0000] {dag.py:3047} INFO - Sync 1 DAGs
[2025-08-02T03:10:04.762+0000] {logging_mixin.py:188} INFO - [2025-08-02T03:10:04.762+0000] {dag.py:3834} INFO - Setting next_dagrun for example_task_group to 2025-08-01 00:00:00+00:00, run_after=2025-08-02 00:00:00+00:00
[2025-08-02T03:10:04.825+0000] {processor.py:183} INFO - Processing /home/airflow/.local/lib/python3.8/site-packages/airflow/example_dags/example_task_group.py took 0.215 seconds
[2025-08-02T03:10:35.442+0000] {processor.py:161} INFO - Started process (PID=243) to work on /home/airflow/.local/lib/python3.8/site-packages/airflow/example_dags/example_task_group.py
[2025-08-02T03:10:35.444+0000] {processor.py:830} INFO - Processing file /home/airflow/.local/lib/python3.8/site-packages/airflow/example_dags/example_task_group.py for tasks to queue
[2025-08-02T03:10:35.448+0000] {logging_mixin.py:188} INFO - [2025-08-02T03:10:35.447+0000] {dagbag.py:540} INFO - Filling up the DagBag from /home/airflow/.local/lib/python3.8/site-packages/airflow/example_dags/example_task_group.py
[2025-08-02T03:10:35.465+0000] {processor.py:840} INFO - DAG(s) 'example_task_group' retrieved from /home/airflow/.local/lib/python3.8/site-packages/airflow/example_dags/example_task_group.py
[2025-08-02T03:10:35.501+0000] {logging_mixin.py:188} INFO - [2025-08-02T03:10:35.501+0000] {dag.py:3047} INFO - Sync 1 DAGs
[2025-08-02T03:10:35.526+0000] {logging_mixin.py:188} INFO - [2025-08-02T03:10:35.526+0000] {dag.py:3834} INFO - Setting next_dagrun for example_task_group to 2025-08-01 00:00:00+00:00, run_after=2025-08-02 00:00:00+00:00
[2025-08-02T03:10:35.562+0000] {processor.py:183} INFO - Processing /home/airflow/.local/lib/python3.8/site-packages/airflow/example_dags/example_task_group.py took 0.141 seconds
[2025-08-02T03:11:05.903+0000] {processor.py:161} INFO - Started process (PID=299) to work on /home/airflow/.local/lib/python3.8/site-packages/airflow/example_dags/example_task_group.py
[2025-08-02T03:11:05.905+0000] {processor.py:830} INFO - Processing file /home/airflow/.local/lib/python3.8/site-packages/airflow/example_dags/example_task_group.py for tasks to queue
[2025-08-02T03:11:05.907+0000] {logging_mixin.py:188} INFO - [2025-08-02T03:11:05.906+0000] {dagbag.py:540} INFO - Filling up the DagBag from /home/airflow/.local/lib/python3.8/site-packages/airflow/example_dags/example_task_group.py
[2025-08-02T03:11:05.912+0000] {processor.py:840} INFO - DAG(s) 'example_task_group' retrieved from /home/airflow/.local/lib/python3.8/site-packages/airflow/example_dags/example_task_group.py
[2025-08-02T03:11:05.936+0000] {logging_mixin.py:188} INFO - [2025-08-02T03:11:05.936+0000] {dag.py:3047} INFO - Sync 1 DAGs
[2025-08-02T03:11:05.952+0000] {logging_mixin.py:188} INFO - [2025-08-02T03:11:05.952+0000] {dag.py:3834} INFO - Setting next_dagrun for example_task_group to 2025-08-01 00:00:00+00:00, run_after=2025-08-02 00:00:00+00:00
[2025-08-02T03:11:05.970+0000] {processor.py:183} INFO - Processing /home/airflow/.local/lib/python3.8/site-packages/airflow/example_dags/example_task_group.py took 0.069 seconds
[2025-08-02T03:11:36.532+0000] {processor.py:161} INFO - Started process (PID=355) to work on /home/airflow/.local/lib/python3.8/site-packages/airflow/example_dags/example_task_group.py
[2025-08-02T03:11:36.535+0000] {processor.py:830} INFO - Processing file /home/airflow/.local/lib/python3.8/site-packages/airflow/example_dags/example_task_group.py for tasks to queue
[2025-08-02T03:11:36.537+0000] {logging_mixin.py:188} INFO - [2025-08-02T03:11:36.537+0000] {dagbag.py:540} INFO - Filling up the DagBag from /home/airflow/.local/lib/python3.8/site-packages/airflow/example_dags/example_task_group.py
[2025-08-02T03:11:36.545+0000] {processor.py:840} INFO - DAG(s) 'example_task_group' retrieved from /home/airflow/.local/lib/python3.8/site-packages/airflow/example_dags/example_task_group.py
[2025-08-02T03:11:36.561+0000] {logging_mixin.py:188} INFO - [2025-08-02T03:11:36.561+0000] {dag.py:3047} INFO - Sync 1 DAGs
[2025-08-02T03:11:36.608+0000] {logging_mixin.py:188} INFO - [2025-08-02T03:11:36.608+0000] {dag.py:3834} INFO - Setting next_dagrun for example_task_group to 2025-08-01 00:00:00+00:00, run_after=2025-08-02 00:00:00+00:00
[2025-08-02T03:11:36.622+0000] {processor.py:183} INFO - Processing /home/airflow/.local/lib/python3.8/site-packages/airflow/example_dags/example_task_group.py took 0.094 seconds
[2025-08-02T03:12:06.772+0000] {processor.py:161} INFO - Started process (PID=411) to work on /home/airflow/.local/lib/python3.8/site-packages/airflow/example_dags/example_task_group.py
[2025-08-02T03:12:06.774+0000] {processor.py:830} INFO - Processing file /home/airflow/.local/lib/python3.8/site-packages/airflow/example_dags/example_task_group.py for tasks to queue
[2025-08-02T03:12:06.776+0000] {logging_mixin.py:188} INFO - [2025-08-02T03:12:06.776+0000] {dagbag.py:540} INFO - Filling up the DagBag from /home/airflow/.local/lib/python3.8/site-packages/airflow/example_dags/example_task_group.py
[2025-08-02T03:12:06.782+0000] {processor.py:840} INFO - DAG(s) 'example_task_group' retrieved from /home/airflow/.local/lib/python3.8/site-packages/airflow/example_dags/example_task_group.py
[2025-08-02T03:12:06.802+0000] {logging_mixin.py:188} INFO - [2025-08-02T03:12:06.802+0000] {dag.py:3047} INFO - Sync 1 DAGs
[2025-08-02T03:12:06.815+0000] {logging_mixin.py:188} INFO - [2025-08-02T03:12:06.815+0000] {dag.py:3834} INFO - Setting next_dagrun for example_task_group to 2025-08-01 00:00:00+00:00, run_after=2025-08-02 00:00:00+00:00
[2025-08-02T03:12:06.829+0000] {processor.py:183} INFO - Processing /home/airflow/.local/lib/python3.8/site-packages/airflow/example_dags/example_task_group.py took 0.060 seconds
[2025-08-02T03:12:37.086+0000] {processor.py:161} INFO - Started process (PID=467) to work on /home/airflow/.local/lib/python3.8/site-packages/airflow/example_dags/example_task_group.py
[2025-08-02T03:12:37.088+0000] {processor.py:830} INFO - Processing file /home/airflow/.local/lib/python3.8/site-packages/airflow/example_dags/example_task_group.py for tasks to queue
[2025-08-02T03:12:37.090+0000] {logging_mixin.py:188} INFO - [2025-08-02T03:12:37.090+0000] {dagbag.py:540} INFO - Filling up the DagBag from /home/airflow/.local/lib/python3.8/site-packages/airflow/example_dags/example_task_group.py
[2025-08-02T03:12:37.101+0000] {processor.py:840} INFO - DAG(s) 'example_task_group' retrieved from /home/airflow/.local/lib/python3.8/site-packages/airflow/example_dags/example_task_group.py
[2025-08-02T03:12:37.140+0000] {logging_mixin.py:188} INFO - [2025-08-02T03:12:37.140+0000] {dag.py:3047} INFO - Sync 1 DAGs
[2025-08-02T03:12:37.163+0000] {logging_mixin.py:188} INFO - [2025-08-02T03:12:37.163+0000] {dag.py:3834} INFO - Setting next_dagrun for example_task_group to 2025-08-01 00:00:00+00:00, run_after=2025-08-02 00:00:00+00:00
[2025-08-02T03:12:37.185+0000] {processor.py:183} INFO - Processing /home/airflow/.local/lib/python3.8/site-packages/airflow/example_dags/example_task_group.py took 0.103 seconds
[2025-08-02T03:13:08.152+0000] {processor.py:161} INFO - Started process (PID=523) to work on /home/airflow/.local/lib/python3.8/site-packages/airflow/example_dags/example_task_group.py
[2025-08-02T03:13:08.155+0000] {processor.py:830} INFO - Processing file /home/airflow/.local/lib/python3.8/site-packages/airflow/example_dags/example_task_group.py for tasks to queue
[2025-08-02T03:13:08.158+0000] {logging_mixin.py:188} INFO - [2025-08-02T03:13:08.157+0000] {dagbag.py:540} INFO - Filling up the DagBag from /home/airflow/.local/lib/python3.8/site-packages/airflow/example_dags/example_task_group.py
[2025-08-02T03:13:08.173+0000] {processor.py:840} INFO - DAG(s) 'example_task_group' retrieved from /home/airflow/.local/lib/python3.8/site-packages/airflow/example_dags/example_task_group.py
[2025-08-02T03:13:08.206+0000] {logging_mixin.py:188} INFO - [2025-08-02T03:13:08.205+0000] {dag.py:3047} INFO - Sync 1 DAGs
[2025-08-02T03:13:08.225+0000] {logging_mixin.py:188} INFO - [2025-08-02T03:13:08.224+0000] {dag.py:3834} INFO - Setting next_dagrun for example_task_group to 2025-08-01 00:00:00+00:00, run_after=2025-08-02 00:00:00+00:00
[2025-08-02T03:13:08.251+0000] {processor.py:183} INFO - Processing /home/airflow/.local/lib/python3.8/site-packages/airflow/example_dags/example_task_group.py took 0.103 seconds
[2025-08-02T03:13:38.494+0000] {processor.py:161} INFO - Started process (PID=578) to work on /home/airflow/.local/lib/python3.8/site-packages/airflow/example_dags/example_task_group.py
[2025-08-02T03:13:38.495+0000] {processor.py:830} INFO - Processing file /home/airflow/.local/lib/python3.8/site-packages/airflow/example_dags/example_task_group.py for tasks to queue
[2025-08-02T03:13:38.496+0000] {logging_mixin.py:188} INFO - [2025-08-02T03:13:38.496+0000] {dagbag.py:540} INFO - Filling up the DagBag from /home/airflow/.local/lib/python3.8/site-packages/airflow/example_dags/example_task_group.py
[2025-08-02T03:13:38.502+0000] {processor.py:840} INFO - DAG(s) 'example_task_group' retrieved from /home/airflow/.local/lib/python3.8/site-packages/airflow/example_dags/example_task_group.py
[2025-08-02T03:13:38.546+0000] {logging_mixin.py:188} INFO - [2025-08-02T03:13:38.545+0000] {dag.py:3047} INFO - Sync 1 DAGs
[2025-08-02T03:13:38.571+0000] {logging_mixin.py:188} INFO - [2025-08-02T03:13:38.571+0000] {dag.py:3834} INFO - Setting next_dagrun for example_task_group to 2025-08-01 00:00:00+00:00, run_after=2025-08-02 00:00:00+00:00
[2025-08-02T03:13:38.610+0000] {processor.py:183} INFO - Processing /home/airflow/.local/lib/python3.8/site-packages/airflow/example_dags/example_task_group.py took 0.120 seconds
[2025-08-02T03:14:09.031+0000] {processor.py:161} INFO - Started process (PID=635) to work on /home/airflow/.local/lib/python3.8/site-packages/airflow/example_dags/example_task_group.py
[2025-08-02T03:14:09.035+0000] {processor.py:830} INFO - Processing file /home/airflow/.local/lib/python3.8/site-packages/airflow/example_dags/example_task_group.py for tasks to queue
[2025-08-02T03:14:09.037+0000] {logging_mixin.py:188} INFO - [2025-08-02T03:14:09.036+0000] {dagbag.py:540} INFO - Filling up the DagBag from /home/airflow/.local/lib/python3.8/site-packages/airflow/example_dags/example_task_group.py
[2025-08-02T03:14:09.060+0000] {processor.py:840} INFO - DAG(s) 'example_task_group' retrieved from /home/airflow/.local/lib/python3.8/site-packages/airflow/example_dags/example_task_group.py
[2025-08-02T03:14:09.121+0000] {logging_mixin.py:188} INFO - [2025-08-02T03:14:09.120+0000] {dag.py:3047} INFO - Sync 1 DAGs
[2025-08-02T03:14:09.140+0000] {logging_mixin.py:188} INFO - [2025-08-02T03:14:09.140+0000] {dag.py:3834} INFO - Setting next_dagrun for example_task_group to 2025-08-01 00:00:00+00:00, run_after=2025-08-02 00:00:00+00:00
[2025-08-02T03:14:09.181+0000] {processor.py:183} INFO - Processing /home/airflow/.local/lib/python3.8/site-packages/airflow/example_dags/example_task_group.py took 0.175 seconds
[2025-08-02T03:14:40.053+0000] {processor.py:161} INFO - Started process (PID=690) to work on /home/airflow/.local/lib/python3.8/site-packages/airflow/example_dags/example_task_group.py
[2025-08-02T03:14:40.055+0000] {processor.py:830} INFO - Processing file /home/airflow/.local/lib/python3.8/site-packages/airflow/example_dags/example_task_group.py for tasks to queue
[2025-08-02T03:14:40.060+0000] {logging_mixin.py:188} INFO - [2025-08-02T03:14:40.059+0000] {dagbag.py:540} INFO - Filling up the DagBag from /home/airflow/.local/lib/python3.8/site-packages/airflow/example_dags/example_task_group.py
[2025-08-02T03:14:40.072+0000] {processor.py:840} INFO - DAG(s) 'example_task_group' retrieved from /home/airflow/.local/lib/python3.8/site-packages/airflow/example_dags/example_task_group.py
[2025-08-02T03:14:40.103+0000] {logging_mixin.py:188} INFO - [2025-08-02T03:14:40.103+0000] {dag.py:3047} INFO - Sync 1 DAGs
[2025-08-02T03:14:40.126+0000] {logging_mixin.py:188} INFO - [2025-08-02T03:14:40.125+0000] {dag.py:3834} INFO - Setting next_dagrun for example_task_group to 2025-08-01 00:00:00+00:00, run_after=2025-08-02 00:00:00+00:00
[2025-08-02T03:14:40.150+0000] {processor.py:183} INFO - Processing /home/airflow/.local/lib/python3.8/site-packages/airflow/example_dags/example_task_group.py took 0.103 seconds
