[2025-08-02T01:42:36.779+0000] {processor.py:161} INFO - Started process (PID=62) to work on /home/airflow/.local/lib/python3.8/site-packages/airflow/example_dags/example_latest_only.py
[2025-08-02T01:42:36.782+0000] {processor.py:830} INFO - Processing file /home/airflow/.local/lib/python3.8/site-packages/airflow/example_dags/example_latest_only.py for tasks to queue
[2025-08-02T01:42:36.787+0000] {logging_mixin.py:188} INFO - [2025-08-02T01:42:36.787+0000] {dagbag.py:540} INFO - Filling up the DagBag from /home/airflow/.local/lib/python3.8/site-packages/airflow/example_dags/example_latest_only.py
[2025-08-02T01:42:36.859+0000] {processor.py:840} INFO - DAG(s) 'latest_only' retrieved from /home/airflow/.local/lib/python3.8/site-packages/airflow/example_dags/example_latest_only.py
[2025-08-02T01:42:37.858+0000] {logging_mixin.py:188} INFO - [2025-08-02T01:42:37.855+0000] {dag.py:3047} INFO - Sync 1 DAGs
[2025-08-02T01:42:37.925+0000] {logging_mixin.py:188} INFO - [2025-08-02T01:42:37.923+0000] {dag.py:3834} INFO - Setting next_dagrun for latest_only to 2025-08-01 20:00:00+00:00, run_after=2025-08-02 00:00:00+00:00
[2025-08-02T01:42:38.037+0000] {processor.py:183} INFO - Processing /home/airflow/.local/lib/python3.8/site-packages/airflow/example_dags/example_latest_only.py took 1.282 seconds
[2025-08-02T01:43:08.143+0000] {processor.py:161} INFO - Started process (PID=125) to work on /home/airflow/.local/lib/python3.8/site-packages/airflow/example_dags/example_latest_only.py
[2025-08-02T01:43:08.145+0000] {processor.py:830} INFO - Processing file /home/airflow/.local/lib/python3.8/site-packages/airflow/example_dags/example_latest_only.py for tasks to queue
[2025-08-02T01:43:08.149+0000] {logging_mixin.py:188} INFO - [2025-08-02T01:43:08.149+0000] {dagbag.py:540} INFO - Filling up the DagBag from /home/airflow/.local/lib/python3.8/site-packages/airflow/example_dags/example_latest_only.py
[2025-08-02T01:43:08.157+0000] {processor.py:840} INFO - DAG(s) 'latest_only' retrieved from /home/airflow/.local/lib/python3.8/site-packages/airflow/example_dags/example_latest_only.py
[2025-08-02T01:43:08.178+0000] {logging_mixin.py:188} INFO - [2025-08-02T01:43:08.178+0000] {dag.py:3047} INFO - Sync 1 DAGs
[2025-08-02T01:43:08.202+0000] {logging_mixin.py:188} INFO - [2025-08-02T01:43:08.201+0000] {dag.py:3834} INFO - Setting next_dagrun for latest_only to 2025-08-01 20:00:00+00:00, run_after=2025-08-02 00:00:00+00:00
[2025-08-02T01:43:08.222+0000] {processor.py:183} INFO - Processing /home/airflow/.local/lib/python3.8/site-packages/airflow/example_dags/example_latest_only.py took 0.083 seconds
[2025-08-02T01:43:38.566+0000] {processor.py:161} INFO - Started process (PID=181) to work on /home/airflow/.local/lib/python3.8/site-packages/airflow/example_dags/example_latest_only.py
[2025-08-02T01:43:38.567+0000] {processor.py:830} INFO - Processing file /home/airflow/.local/lib/python3.8/site-packages/airflow/example_dags/example_latest_only.py for tasks to queue
[2025-08-02T01:43:38.571+0000] {logging_mixin.py:188} INFO - [2025-08-02T01:43:38.570+0000] {dagbag.py:540} INFO - Filling up the DagBag from /home/airflow/.local/lib/python3.8/site-packages/airflow/example_dags/example_latest_only.py
[2025-08-02T01:43:38.576+0000] {processor.py:840} INFO - DAG(s) 'latest_only' retrieved from /home/airflow/.local/lib/python3.8/site-packages/airflow/example_dags/example_latest_only.py
[2025-08-02T01:43:38.606+0000] {logging_mixin.py:188} INFO - [2025-08-02T01:43:38.606+0000] {dag.py:3047} INFO - Sync 1 DAGs
[2025-08-02T01:43:38.628+0000] {logging_mixin.py:188} INFO - [2025-08-02T01:43:38.628+0000] {dag.py:3834} INFO - Setting next_dagrun for latest_only to 2025-08-01 20:00:00+00:00, run_after=2025-08-02 00:00:00+00:00
[2025-08-02T01:43:38.658+0000] {processor.py:183} INFO - Processing /home/airflow/.local/lib/python3.8/site-packages/airflow/example_dags/example_latest_only.py took 0.096 seconds
[2025-08-02T01:44:08.950+0000] {processor.py:161} INFO - Started process (PID=237) to work on /home/airflow/.local/lib/python3.8/site-packages/airflow/example_dags/example_latest_only.py
[2025-08-02T01:44:08.955+0000] {processor.py:830} INFO - Processing file /home/airflow/.local/lib/python3.8/site-packages/airflow/example_dags/example_latest_only.py for tasks to queue
[2025-08-02T01:44:08.962+0000] {logging_mixin.py:188} INFO - [2025-08-02T01:44:08.962+0000] {dagbag.py:540} INFO - Filling up the DagBag from /home/airflow/.local/lib/python3.8/site-packages/airflow/example_dags/example_latest_only.py
[2025-08-02T01:44:08.972+0000] {processor.py:840} INFO - DAG(s) 'latest_only' retrieved from /home/airflow/.local/lib/python3.8/site-packages/airflow/example_dags/example_latest_only.py
[2025-08-02T01:44:09.021+0000] {logging_mixin.py:188} INFO - [2025-08-02T01:44:09.021+0000] {dag.py:3047} INFO - Sync 1 DAGs
[2025-08-02T01:44:09.061+0000] {logging_mixin.py:188} INFO - [2025-08-02T01:44:09.061+0000] {dag.py:3834} INFO - Setting next_dagrun for latest_only to 2025-08-01 20:00:00+00:00, run_after=2025-08-02 00:00:00+00:00
[2025-08-02T01:44:09.082+0000] {processor.py:183} INFO - Processing /home/airflow/.local/lib/python3.8/site-packages/airflow/example_dags/example_latest_only.py took 0.146 seconds
[2025-08-02T01:44:39.115+0000] {processor.py:161} INFO - Started process (PID=292) to work on /home/airflow/.local/lib/python3.8/site-packages/airflow/example_dags/example_latest_only.py
[2025-08-02T01:44:39.118+0000] {processor.py:830} INFO - Processing file /home/airflow/.local/lib/python3.8/site-packages/airflow/example_dags/example_latest_only.py for tasks to queue
[2025-08-02T01:44:39.121+0000] {logging_mixin.py:188} INFO - [2025-08-02T01:44:39.120+0000] {dagbag.py:540} INFO - Filling up the DagBag from /home/airflow/.local/lib/python3.8/site-packages/airflow/example_dags/example_latest_only.py
[2025-08-02T01:44:39.129+0000] {processor.py:840} INFO - DAG(s) 'latest_only' retrieved from /home/airflow/.local/lib/python3.8/site-packages/airflow/example_dags/example_latest_only.py
[2025-08-02T01:44:39.173+0000] {logging_mixin.py:188} INFO - [2025-08-02T01:44:39.172+0000] {dag.py:3047} INFO - Sync 1 DAGs
[2025-08-02T01:44:39.189+0000] {logging_mixin.py:188} INFO - [2025-08-02T01:44:39.189+0000] {dag.py:3834} INFO - Setting next_dagrun for latest_only to 2025-08-01 20:00:00+00:00, run_after=2025-08-02 00:00:00+00:00
[2025-08-02T01:44:39.212+0000] {processor.py:183} INFO - Processing /home/airflow/.local/lib/python3.8/site-packages/airflow/example_dags/example_latest_only.py took 0.103 seconds
[2025-08-02T01:45:10.237+0000] {processor.py:161} INFO - Started process (PID=348) to work on /home/airflow/.local/lib/python3.8/site-packages/airflow/example_dags/example_latest_only.py
[2025-08-02T01:45:10.239+0000] {processor.py:830} INFO - Processing file /home/airflow/.local/lib/python3.8/site-packages/airflow/example_dags/example_latest_only.py for tasks to queue
[2025-08-02T01:45:10.243+0000] {logging_mixin.py:188} INFO - [2025-08-02T01:45:10.242+0000] {dagbag.py:540} INFO - Filling up the DagBag from /home/airflow/.local/lib/python3.8/site-packages/airflow/example_dags/example_latest_only.py
[2025-08-02T01:45:10.252+0000] {processor.py:840} INFO - DAG(s) 'latest_only' retrieved from /home/airflow/.local/lib/python3.8/site-packages/airflow/example_dags/example_latest_only.py
[2025-08-02T01:45:10.278+0000] {logging_mixin.py:188} INFO - [2025-08-02T01:45:10.278+0000] {dag.py:3047} INFO - Sync 1 DAGs
[2025-08-02T01:45:10.308+0000] {logging_mixin.py:188} INFO - [2025-08-02T01:45:10.308+0000] {dag.py:3834} INFO - Setting next_dagrun for latest_only to 2025-08-01 20:00:00+00:00, run_after=2025-08-02 00:00:00+00:00
[2025-08-02T01:45:10.320+0000] {processor.py:183} INFO - Processing /home/airflow/.local/lib/python3.8/site-packages/airflow/example_dags/example_latest_only.py took 0.090 seconds
[2025-08-02T01:45:40.700+0000] {processor.py:161} INFO - Started process (PID=404) to work on /home/airflow/.local/lib/python3.8/site-packages/airflow/example_dags/example_latest_only.py
[2025-08-02T01:45:40.702+0000] {processor.py:830} INFO - Processing file /home/airflow/.local/lib/python3.8/site-packages/airflow/example_dags/example_latest_only.py for tasks to queue
[2025-08-02T01:45:40.706+0000] {logging_mixin.py:188} INFO - [2025-08-02T01:45:40.706+0000] {dagbag.py:540} INFO - Filling up the DagBag from /home/airflow/.local/lib/python3.8/site-packages/airflow/example_dags/example_latest_only.py
[2025-08-02T01:45:40.714+0000] {processor.py:840} INFO - DAG(s) 'latest_only' retrieved from /home/airflow/.local/lib/python3.8/site-packages/airflow/example_dags/example_latest_only.py
[2025-08-02T01:45:40.752+0000] {logging_mixin.py:188} INFO - [2025-08-02T01:45:40.751+0000] {dag.py:3047} INFO - Sync 1 DAGs
[2025-08-02T01:45:40.769+0000] {logging_mixin.py:188} INFO - [2025-08-02T01:45:40.769+0000] {dag.py:3834} INFO - Setting next_dagrun for latest_only to 2025-08-01 20:00:00+00:00, run_after=2025-08-02 00:00:00+00:00
[2025-08-02T01:45:40.779+0000] {processor.py:183} INFO - Processing /home/airflow/.local/lib/python3.8/site-packages/airflow/example_dags/example_latest_only.py took 0.086 seconds
[2025-08-02T01:46:11.145+0000] {processor.py:161} INFO - Started process (PID=460) to work on /home/airflow/.local/lib/python3.8/site-packages/airflow/example_dags/example_latest_only.py
[2025-08-02T01:46:11.147+0000] {processor.py:830} INFO - Processing file /home/airflow/.local/lib/python3.8/site-packages/airflow/example_dags/example_latest_only.py for tasks to queue
[2025-08-02T01:46:11.152+0000] {logging_mixin.py:188} INFO - [2025-08-02T01:46:11.151+0000] {dagbag.py:540} INFO - Filling up the DagBag from /home/airflow/.local/lib/python3.8/site-packages/airflow/example_dags/example_latest_only.py
[2025-08-02T01:46:11.164+0000] {processor.py:840} INFO - DAG(s) 'latest_only' retrieved from /home/airflow/.local/lib/python3.8/site-packages/airflow/example_dags/example_latest_only.py
[2025-08-02T01:46:11.203+0000] {logging_mixin.py:188} INFO - [2025-08-02T01:46:11.203+0000] {dag.py:3047} INFO - Sync 1 DAGs
[2025-08-02T01:46:11.222+0000] {logging_mixin.py:188} INFO - [2025-08-02T01:46:11.222+0000] {dag.py:3834} INFO - Setting next_dagrun for latest_only to 2025-08-01 20:00:00+00:00, run_after=2025-08-02 00:00:00+00:00
[2025-08-02T01:46:11.235+0000] {processor.py:183} INFO - Processing /home/airflow/.local/lib/python3.8/site-packages/airflow/example_dags/example_latest_only.py took 0.115 seconds
[2025-08-02T01:46:42.115+0000] {processor.py:161} INFO - Started process (PID=516) to work on /home/airflow/.local/lib/python3.8/site-packages/airflow/example_dags/example_latest_only.py
[2025-08-02T01:46:42.117+0000] {processor.py:830} INFO - Processing file /home/airflow/.local/lib/python3.8/site-packages/airflow/example_dags/example_latest_only.py for tasks to queue
[2025-08-02T01:46:42.121+0000] {logging_mixin.py:188} INFO - [2025-08-02T01:46:42.121+0000] {dagbag.py:540} INFO - Filling up the DagBag from /home/airflow/.local/lib/python3.8/site-packages/airflow/example_dags/example_latest_only.py
[2025-08-02T01:46:42.131+0000] {processor.py:840} INFO - DAG(s) 'latest_only' retrieved from /home/airflow/.local/lib/python3.8/site-packages/airflow/example_dags/example_latest_only.py
[2025-08-02T01:46:42.168+0000] {logging_mixin.py:188} INFO - [2025-08-02T01:46:42.168+0000] {dag.py:3047} INFO - Sync 1 DAGs
[2025-08-02T01:46:42.188+0000] {logging_mixin.py:188} INFO - [2025-08-02T01:46:42.188+0000] {dag.py:3834} INFO - Setting next_dagrun for latest_only to 2025-08-01 20:00:00+00:00, run_after=2025-08-02 00:00:00+00:00
[2025-08-02T01:46:42.210+0000] {processor.py:183} INFO - Processing /home/airflow/.local/lib/python3.8/site-packages/airflow/example_dags/example_latest_only.py took 0.111 seconds
[2025-08-02T01:47:12.768+0000] {processor.py:161} INFO - Started process (PID=573) to work on /home/airflow/.local/lib/python3.8/site-packages/airflow/example_dags/example_latest_only.py
[2025-08-02T01:47:12.771+0000] {processor.py:830} INFO - Processing file /home/airflow/.local/lib/python3.8/site-packages/airflow/example_dags/example_latest_only.py for tasks to queue
[2025-08-02T01:47:12.775+0000] {logging_mixin.py:188} INFO - [2025-08-02T01:47:12.774+0000] {dagbag.py:540} INFO - Filling up the DagBag from /home/airflow/.local/lib/python3.8/site-packages/airflow/example_dags/example_latest_only.py
[2025-08-02T01:47:12.786+0000] {processor.py:840} INFO - DAG(s) 'latest_only' retrieved from /home/airflow/.local/lib/python3.8/site-packages/airflow/example_dags/example_latest_only.py
[2025-08-02T01:47:12.831+0000] {logging_mixin.py:188} INFO - [2025-08-02T01:47:12.831+0000] {dag.py:3047} INFO - Sync 1 DAGs
[2025-08-02T01:47:12.864+0000] {logging_mixin.py:188} INFO - [2025-08-02T01:47:12.864+0000] {dag.py:3834} INFO - Setting next_dagrun for latest_only to 2025-08-01 20:00:00+00:00, run_after=2025-08-02 00:00:00+00:00
[2025-08-02T01:47:12.876+0000] {processor.py:183} INFO - Processing /home/airflow/.local/lib/python3.8/site-packages/airflow/example_dags/example_latest_only.py took 0.116 seconds
[2025-08-02T01:47:43.423+0000] {processor.py:161} INFO - Started process (PID=629) to work on /home/airflow/.local/lib/python3.8/site-packages/airflow/example_dags/example_latest_only.py
[2025-08-02T01:47:43.426+0000] {processor.py:830} INFO - Processing file /home/airflow/.local/lib/python3.8/site-packages/airflow/example_dags/example_latest_only.py for tasks to queue
[2025-08-02T01:47:43.429+0000] {logging_mixin.py:188} INFO - [2025-08-02T01:47:43.429+0000] {dagbag.py:540} INFO - Filling up the DagBag from /home/airflow/.local/lib/python3.8/site-packages/airflow/example_dags/example_latest_only.py
[2025-08-02T01:47:43.444+0000] {processor.py:840} INFO - DAG(s) 'latest_only' retrieved from /home/airflow/.local/lib/python3.8/site-packages/airflow/example_dags/example_latest_only.py
[2025-08-02T01:47:43.485+0000] {logging_mixin.py:188} INFO - [2025-08-02T01:47:43.485+0000] {dag.py:3047} INFO - Sync 1 DAGs
[2025-08-02T01:47:43.504+0000] {logging_mixin.py:188} INFO - [2025-08-02T01:47:43.504+0000] {dag.py:3834} INFO - Setting next_dagrun for latest_only to 2025-08-01 20:00:00+00:00, run_after=2025-08-02 00:00:00+00:00
[2025-08-02T01:47:43.526+0000] {processor.py:183} INFO - Processing /home/airflow/.local/lib/python3.8/site-packages/airflow/example_dags/example_latest_only.py took 0.109 seconds
[2025-08-02T01:48:13.745+0000] {processor.py:161} INFO - Started process (PID=685) to work on /home/airflow/.local/lib/python3.8/site-packages/airflow/example_dags/example_latest_only.py
[2025-08-02T01:48:13.746+0000] {processor.py:830} INFO - Processing file /home/airflow/.local/lib/python3.8/site-packages/airflow/example_dags/example_latest_only.py for tasks to queue
[2025-08-02T01:48:13.748+0000] {logging_mixin.py:188} INFO - [2025-08-02T01:48:13.748+0000] {dagbag.py:540} INFO - Filling up the DagBag from /home/airflow/.local/lib/python3.8/site-packages/airflow/example_dags/example_latest_only.py
[2025-08-02T01:48:13.753+0000] {processor.py:840} INFO - DAG(s) 'latest_only' retrieved from /home/airflow/.local/lib/python3.8/site-packages/airflow/example_dags/example_latest_only.py
[2025-08-02T01:48:13.769+0000] {logging_mixin.py:188} INFO - [2025-08-02T01:48:13.769+0000] {dag.py:3047} INFO - Sync 1 DAGs
[2025-08-02T01:48:13.783+0000] {logging_mixin.py:188} INFO - [2025-08-02T01:48:13.783+0000] {dag.py:3834} INFO - Setting next_dagrun for latest_only to 2025-08-01 20:00:00+00:00, run_after=2025-08-02 00:00:00+00:00
[2025-08-02T01:48:13.796+0000] {processor.py:183} INFO - Processing /home/airflow/.local/lib/python3.8/site-packages/airflow/example_dags/example_latest_only.py took 0.057 seconds
[2025-08-02T01:48:44.100+0000] {processor.py:161} INFO - Started process (PID=741) to work on /home/airflow/.local/lib/python3.8/site-packages/airflow/example_dags/example_latest_only.py
[2025-08-02T01:48:44.106+0000] {processor.py:830} INFO - Processing file /home/airflow/.local/lib/python3.8/site-packages/airflow/example_dags/example_latest_only.py for tasks to queue
[2025-08-02T01:48:44.115+0000] {logging_mixin.py:188} INFO - [2025-08-02T01:48:44.114+0000] {dagbag.py:540} INFO - Filling up the DagBag from /home/airflow/.local/lib/python3.8/site-packages/airflow/example_dags/example_latest_only.py
[2025-08-02T01:48:44.134+0000] {processor.py:840} INFO - DAG(s) 'latest_only' retrieved from /home/airflow/.local/lib/python3.8/site-packages/airflow/example_dags/example_latest_only.py
[2025-08-02T01:48:44.187+0000] {logging_mixin.py:188} INFO - [2025-08-02T01:48:44.187+0000] {dag.py:3047} INFO - Sync 1 DAGs
[2025-08-02T01:48:44.201+0000] {logging_mixin.py:188} INFO - [2025-08-02T01:48:44.201+0000] {dag.py:3834} INFO - Setting next_dagrun for latest_only to 2025-08-01 20:00:00+00:00, run_after=2025-08-02 00:00:00+00:00
[2025-08-02T01:48:44.211+0000] {processor.py:183} INFO - Processing /home/airflow/.local/lib/python3.8/site-packages/airflow/example_dags/example_latest_only.py took 0.121 seconds
[2025-08-02T01:49:15.068+0000] {processor.py:161} INFO - Started process (PID=797) to work on /home/airflow/.local/lib/python3.8/site-packages/airflow/example_dags/example_latest_only.py
[2025-08-02T01:49:15.070+0000] {processor.py:830} INFO - Processing file /home/airflow/.local/lib/python3.8/site-packages/airflow/example_dags/example_latest_only.py for tasks to queue
[2025-08-02T01:49:15.074+0000] {logging_mixin.py:188} INFO - [2025-08-02T01:49:15.073+0000] {dagbag.py:540} INFO - Filling up the DagBag from /home/airflow/.local/lib/python3.8/site-packages/airflow/example_dags/example_latest_only.py
[2025-08-02T01:49:15.094+0000] {processor.py:840} INFO - DAG(s) 'latest_only' retrieved from /home/airflow/.local/lib/python3.8/site-packages/airflow/example_dags/example_latest_only.py
[2025-08-02T01:49:15.145+0000] {logging_mixin.py:188} INFO - [2025-08-02T01:49:15.145+0000] {dag.py:3047} INFO - Sync 1 DAGs
[2025-08-02T01:49:15.176+0000] {logging_mixin.py:188} INFO - [2025-08-02T01:49:15.176+0000] {dag.py:3834} INFO - Setting next_dagrun for latest_only to 2025-08-01 20:00:00+00:00, run_after=2025-08-02 00:00:00+00:00
[2025-08-02T01:49:15.200+0000] {processor.py:183} INFO - Processing /home/airflow/.local/lib/python3.8/site-packages/airflow/example_dags/example_latest_only.py took 0.140 seconds
[2025-08-02T01:49:45.887+0000] {processor.py:161} INFO - Started process (PID=853) to work on /home/airflow/.local/lib/python3.8/site-packages/airflow/example_dags/example_latest_only.py
[2025-08-02T01:49:45.889+0000] {processor.py:830} INFO - Processing file /home/airflow/.local/lib/python3.8/site-packages/airflow/example_dags/example_latest_only.py for tasks to queue
[2025-08-02T01:49:45.896+0000] {logging_mixin.py:188} INFO - [2025-08-02T01:49:45.894+0000] {dagbag.py:540} INFO - Filling up the DagBag from /home/airflow/.local/lib/python3.8/site-packages/airflow/example_dags/example_latest_only.py
[2025-08-02T01:49:45.908+0000] {processor.py:840} INFO - DAG(s) 'latest_only' retrieved from /home/airflow/.local/lib/python3.8/site-packages/airflow/example_dags/example_latest_only.py
[2025-08-02T01:49:45.985+0000] {logging_mixin.py:188} INFO - [2025-08-02T01:49:45.985+0000] {dag.py:3047} INFO - Sync 1 DAGs
[2025-08-02T01:49:46.012+0000] {logging_mixin.py:188} INFO - [2025-08-02T01:49:46.012+0000] {dag.py:3834} INFO - Setting next_dagrun for latest_only to 2025-08-01 20:00:00+00:00, run_after=2025-08-02 00:00:00+00:00
[2025-08-02T01:49:46.044+0000] {processor.py:183} INFO - Processing /home/airflow/.local/lib/python3.8/site-packages/airflow/example_dags/example_latest_only.py took 0.167 seconds
[2025-08-02T01:50:16.214+0000] {processor.py:161} INFO - Started process (PID=909) to work on /home/airflow/.local/lib/python3.8/site-packages/airflow/example_dags/example_latest_only.py
[2025-08-02T01:50:16.215+0000] {processor.py:830} INFO - Processing file /home/airflow/.local/lib/python3.8/site-packages/airflow/example_dags/example_latest_only.py for tasks to queue
[2025-08-02T01:50:16.219+0000] {logging_mixin.py:188} INFO - [2025-08-02T01:50:16.219+0000] {dagbag.py:540} INFO - Filling up the DagBag from /home/airflow/.local/lib/python3.8/site-packages/airflow/example_dags/example_latest_only.py
[2025-08-02T01:50:16.233+0000] {processor.py:840} INFO - DAG(s) 'latest_only' retrieved from /home/airflow/.local/lib/python3.8/site-packages/airflow/example_dags/example_latest_only.py
[2025-08-02T01:50:16.277+0000] {logging_mixin.py:188} INFO - [2025-08-02T01:50:16.276+0000] {dag.py:3047} INFO - Sync 1 DAGs
[2025-08-02T01:50:16.296+0000] {logging_mixin.py:188} INFO - [2025-08-02T01:50:16.296+0000] {dag.py:3834} INFO - Setting next_dagrun for latest_only to 2025-08-01 20:00:00+00:00, run_after=2025-08-02 00:00:00+00:00
[2025-08-02T01:50:16.313+0000] {processor.py:183} INFO - Processing /home/airflow/.local/lib/python3.8/site-packages/airflow/example_dags/example_latest_only.py took 0.106 seconds
[2025-08-02T01:50:46.521+0000] {processor.py:161} INFO - Started process (PID=965) to work on /home/airflow/.local/lib/python3.8/site-packages/airflow/example_dags/example_latest_only.py
[2025-08-02T01:50:46.522+0000] {processor.py:830} INFO - Processing file /home/airflow/.local/lib/python3.8/site-packages/airflow/example_dags/example_latest_only.py for tasks to queue
[2025-08-02T01:50:46.523+0000] {logging_mixin.py:188} INFO - [2025-08-02T01:50:46.523+0000] {dagbag.py:540} INFO - Filling up the DagBag from /home/airflow/.local/lib/python3.8/site-packages/airflow/example_dags/example_latest_only.py
[2025-08-02T01:50:46.526+0000] {processor.py:840} INFO - DAG(s) 'latest_only' retrieved from /home/airflow/.local/lib/python3.8/site-packages/airflow/example_dags/example_latest_only.py
[2025-08-02T01:50:46.537+0000] {logging_mixin.py:188} INFO - [2025-08-02T01:50:46.537+0000] {dag.py:3047} INFO - Sync 1 DAGs
[2025-08-02T01:50:46.549+0000] {logging_mixin.py:188} INFO - [2025-08-02T01:50:46.549+0000] {dag.py:3834} INFO - Setting next_dagrun for latest_only to 2025-08-01 20:00:00+00:00, run_after=2025-08-02 00:00:00+00:00
[2025-08-02T01:50:46.558+0000] {processor.py:183} INFO - Processing /home/airflow/.local/lib/python3.8/site-packages/airflow/example_dags/example_latest_only.py took 0.039 seconds
[2025-08-02T01:51:16.778+0000] {processor.py:161} INFO - Started process (PID=1022) to work on /home/airflow/.local/lib/python3.8/site-packages/airflow/example_dags/example_latest_only.py
[2025-08-02T01:51:16.780+0000] {processor.py:830} INFO - Processing file /home/airflow/.local/lib/python3.8/site-packages/airflow/example_dags/example_latest_only.py for tasks to queue
[2025-08-02T01:51:16.784+0000] {logging_mixin.py:188} INFO - [2025-08-02T01:51:16.783+0000] {dagbag.py:540} INFO - Filling up the DagBag from /home/airflow/.local/lib/python3.8/site-packages/airflow/example_dags/example_latest_only.py
[2025-08-02T01:51:16.793+0000] {processor.py:840} INFO - DAG(s) 'latest_only' retrieved from /home/airflow/.local/lib/python3.8/site-packages/airflow/example_dags/example_latest_only.py
[2025-08-02T01:51:16.820+0000] {logging_mixin.py:188} INFO - [2025-08-02T01:51:16.819+0000] {dag.py:3047} INFO - Sync 1 DAGs
[2025-08-02T01:51:16.871+0000] {logging_mixin.py:188} INFO - [2025-08-02T01:51:16.871+0000] {dag.py:3834} INFO - Setting next_dagrun for latest_only to 2025-08-01 20:00:00+00:00, run_after=2025-08-02 00:00:00+00:00
[2025-08-02T01:51:16.896+0000] {processor.py:183} INFO - Processing /home/airflow/.local/lib/python3.8/site-packages/airflow/example_dags/example_latest_only.py took 0.126 seconds
[2025-08-02T01:51:47.676+0000] {processor.py:161} INFO - Started process (PID=1078) to work on /home/airflow/.local/lib/python3.8/site-packages/airflow/example_dags/example_latest_only.py
[2025-08-02T01:51:47.678+0000] {processor.py:830} INFO - Processing file /home/airflow/.local/lib/python3.8/site-packages/airflow/example_dags/example_latest_only.py for tasks to queue
[2025-08-02T01:51:47.679+0000] {logging_mixin.py:188} INFO - [2025-08-02T01:51:47.679+0000] {dagbag.py:540} INFO - Filling up the DagBag from /home/airflow/.local/lib/python3.8/site-packages/airflow/example_dags/example_latest_only.py
[2025-08-02T01:51:47.684+0000] {processor.py:840} INFO - DAG(s) 'latest_only' retrieved from /home/airflow/.local/lib/python3.8/site-packages/airflow/example_dags/example_latest_only.py
[2025-08-02T01:51:47.699+0000] {logging_mixin.py:188} INFO - [2025-08-02T01:51:47.699+0000] {dag.py:3047} INFO - Sync 1 DAGs
[2025-08-02T01:51:47.711+0000] {logging_mixin.py:188} INFO - [2025-08-02T01:51:47.711+0000] {dag.py:3834} INFO - Setting next_dagrun for latest_only to 2025-08-01 20:00:00+00:00, run_after=2025-08-02 00:00:00+00:00
[2025-08-02T01:51:47.722+0000] {processor.py:183} INFO - Processing /home/airflow/.local/lib/python3.8/site-packages/airflow/example_dags/example_latest_only.py took 0.049 seconds
[2025-08-02T01:52:18.276+0000] {processor.py:161} INFO - Started process (PID=1134) to work on /home/airflow/.local/lib/python3.8/site-packages/airflow/example_dags/example_latest_only.py
[2025-08-02T01:52:18.279+0000] {processor.py:830} INFO - Processing file /home/airflow/.local/lib/python3.8/site-packages/airflow/example_dags/example_latest_only.py for tasks to queue
[2025-08-02T01:52:18.294+0000] {logging_mixin.py:188} INFO - [2025-08-02T01:52:18.288+0000] {dagbag.py:540} INFO - Filling up the DagBag from /home/airflow/.local/lib/python3.8/site-packages/airflow/example_dags/example_latest_only.py
[2025-08-02T01:52:18.342+0000] {processor.py:840} INFO - DAG(s) 'latest_only' retrieved from /home/airflow/.local/lib/python3.8/site-packages/airflow/example_dags/example_latest_only.py
[2025-08-02T01:52:18.375+0000] {logging_mixin.py:188} INFO - [2025-08-02T01:52:18.375+0000] {dag.py:3047} INFO - Sync 1 DAGs
[2025-08-02T01:52:18.429+0000] {logging_mixin.py:188} INFO - [2025-08-02T01:52:18.428+0000] {dag.py:3834} INFO - Setting next_dagrun for latest_only to 2025-08-01 20:00:00+00:00, run_after=2025-08-02 00:00:00+00:00
[2025-08-02T01:52:18.446+0000] {processor.py:183} INFO - Processing /home/airflow/.local/lib/python3.8/site-packages/airflow/example_dags/example_latest_only.py took 0.177 seconds
[2025-08-02T01:52:52.046+0000] {processor.py:161} INFO - Started process (PID=1190) to work on /home/airflow/.local/lib/python3.8/site-packages/airflow/example_dags/example_latest_only.py
[2025-08-02T01:52:52.047+0000] {processor.py:830} INFO - Processing file /home/airflow/.local/lib/python3.8/site-packages/airflow/example_dags/example_latest_only.py for tasks to queue
[2025-08-02T01:52:52.049+0000] {logging_mixin.py:188} INFO - [2025-08-02T01:52:52.049+0000] {dagbag.py:540} INFO - Filling up the DagBag from /home/airflow/.local/lib/python3.8/site-packages/airflow/example_dags/example_latest_only.py
[2025-08-02T01:52:52.059+0000] {processor.py:840} INFO - DAG(s) 'latest_only' retrieved from /home/airflow/.local/lib/python3.8/site-packages/airflow/example_dags/example_latest_only.py
[2025-08-02T01:52:52.091+0000] {logging_mixin.py:188} INFO - [2025-08-02T01:52:52.091+0000] {dag.py:3047} INFO - Sync 1 DAGs
[2025-08-02T01:52:52.105+0000] {logging_mixin.py:188} INFO - [2025-08-02T01:52:52.105+0000] {dag.py:3834} INFO - Setting next_dagrun for latest_only to 2025-08-01 20:00:00+00:00, run_after=2025-08-02 00:00:00+00:00
[2025-08-02T01:52:52.116+0000] {processor.py:183} INFO - Processing /home/airflow/.local/lib/python3.8/site-packages/airflow/example_dags/example_latest_only.py took 0.072 seconds
[2025-08-02T01:53:27.247+0000] {processor.py:161} INFO - Started process (PID=1246) to work on /home/airflow/.local/lib/python3.8/site-packages/airflow/example_dags/example_latest_only.py
[2025-08-02T01:53:27.264+0000] {processor.py:830} INFO - Processing file /home/airflow/.local/lib/python3.8/site-packages/airflow/example_dags/example_latest_only.py for tasks to queue
[2025-08-02T01:53:27.296+0000] {logging_mixin.py:188} INFO - [2025-08-02T01:53:27.286+0000] {dagbag.py:540} INFO - Filling up the DagBag from /home/airflow/.local/lib/python3.8/site-packages/airflow/example_dags/example_latest_only.py
[2025-08-02T01:53:27.411+0000] {processor.py:840} INFO - DAG(s) 'latest_only' retrieved from /home/airflow/.local/lib/python3.8/site-packages/airflow/example_dags/example_latest_only.py
[2025-08-02T01:53:27.611+0000] {logging_mixin.py:188} INFO - [2025-08-02T01:53:27.602+0000] {dag.py:3047} INFO - Sync 1 DAGs
[2025-08-02T01:53:27.685+0000] {logging_mixin.py:188} INFO - [2025-08-02T01:53:27.684+0000] {dag.py:3834} INFO - Setting next_dagrun for latest_only to 2025-08-01 20:00:00+00:00, run_after=2025-08-02 00:00:00+00:00
[2025-08-02T01:53:27.722+0000] {processor.py:183} INFO - Processing /home/airflow/.local/lib/python3.8/site-packages/airflow/example_dags/example_latest_only.py took 0.494 seconds
[2025-08-02T01:53:58.601+0000] {processor.py:161} INFO - Started process (PID=1302) to work on /home/airflow/.local/lib/python3.8/site-packages/airflow/example_dags/example_latest_only.py
[2025-08-02T01:53:58.603+0000] {processor.py:830} INFO - Processing file /home/airflow/.local/lib/python3.8/site-packages/airflow/example_dags/example_latest_only.py for tasks to queue
[2025-08-02T01:53:58.608+0000] {logging_mixin.py:188} INFO - [2025-08-02T01:53:58.605+0000] {dagbag.py:540} INFO - Filling up the DagBag from /home/airflow/.local/lib/python3.8/site-packages/airflow/example_dags/example_latest_only.py
[2025-08-02T01:53:58.632+0000] {processor.py:840} INFO - DAG(s) 'latest_only' retrieved from /home/airflow/.local/lib/python3.8/site-packages/airflow/example_dags/example_latest_only.py
[2025-08-02T01:53:58.654+0000] {logging_mixin.py:188} INFO - [2025-08-02T01:53:58.654+0000] {dag.py:3047} INFO - Sync 1 DAGs
[2025-08-02T01:53:58.676+0000] {logging_mixin.py:188} INFO - [2025-08-02T01:53:58.675+0000] {dag.py:3834} INFO - Setting next_dagrun for latest_only to 2025-08-01 20:00:00+00:00, run_after=2025-08-02 00:00:00+00:00
[2025-08-02T01:53:58.694+0000] {processor.py:183} INFO - Processing /home/airflow/.local/lib/python3.8/site-packages/airflow/example_dags/example_latest_only.py took 0.097 seconds
[2025-08-02T01:54:29.460+0000] {processor.py:161} INFO - Started process (PID=1356) to work on /home/airflow/.local/lib/python3.8/site-packages/airflow/example_dags/example_latest_only.py
[2025-08-02T01:54:29.462+0000] {processor.py:830} INFO - Processing file /home/airflow/.local/lib/python3.8/site-packages/airflow/example_dags/example_latest_only.py for tasks to queue
[2025-08-02T01:54:29.464+0000] {logging_mixin.py:188} INFO - [2025-08-02T01:54:29.464+0000] {dagbag.py:540} INFO - Filling up the DagBag from /home/airflow/.local/lib/python3.8/site-packages/airflow/example_dags/example_latest_only.py
[2025-08-02T01:54:29.471+0000] {processor.py:840} INFO - DAG(s) 'latest_only' retrieved from /home/airflow/.local/lib/python3.8/site-packages/airflow/example_dags/example_latest_only.py
[2025-08-02T01:54:29.504+0000] {logging_mixin.py:188} INFO - [2025-08-02T01:54:29.503+0000] {dag.py:3047} INFO - Sync 1 DAGs
[2025-08-02T01:54:29.548+0000] {logging_mixin.py:188} INFO - [2025-08-02T01:54:29.548+0000] {dag.py:3834} INFO - Setting next_dagrun for latest_only to 2025-08-01 20:00:00+00:00, run_after=2025-08-02 00:00:00+00:00
[2025-08-02T01:54:29.576+0000] {processor.py:183} INFO - Processing /home/airflow/.local/lib/python3.8/site-packages/airflow/example_dags/example_latest_only.py took 0.121 seconds
[2025-08-02T01:55:00.042+0000] {processor.py:161} INFO - Started process (PID=1412) to work on /home/airflow/.local/lib/python3.8/site-packages/airflow/example_dags/example_latest_only.py
[2025-08-02T01:55:00.050+0000] {processor.py:830} INFO - Processing file /home/airflow/.local/lib/python3.8/site-packages/airflow/example_dags/example_latest_only.py for tasks to queue
[2025-08-02T01:55:00.061+0000] {logging_mixin.py:188} INFO - [2025-08-02T01:55:00.060+0000] {dagbag.py:540} INFO - Filling up the DagBag from /home/airflow/.local/lib/python3.8/site-packages/airflow/example_dags/example_latest_only.py
[2025-08-02T01:55:00.093+0000] {processor.py:840} INFO - DAG(s) 'latest_only' retrieved from /home/airflow/.local/lib/python3.8/site-packages/airflow/example_dags/example_latest_only.py
[2025-08-02T01:55:00.159+0000] {logging_mixin.py:188} INFO - [2025-08-02T01:55:00.158+0000] {dag.py:3047} INFO - Sync 1 DAGs
[2025-08-02T01:55:00.204+0000] {logging_mixin.py:188} INFO - [2025-08-02T01:55:00.204+0000] {dag.py:3834} INFO - Setting next_dagrun for latest_only to 2025-08-01 20:00:00+00:00, run_after=2025-08-02 00:00:00+00:00
[2025-08-02T01:55:00.248+0000] {processor.py:183} INFO - Processing /home/airflow/.local/lib/python3.8/site-packages/airflow/example_dags/example_latest_only.py took 0.223 seconds
[2025-08-02T01:55:30.291+0000] {processor.py:161} INFO - Started process (PID=1467) to work on /home/airflow/.local/lib/python3.8/site-packages/airflow/example_dags/example_latest_only.py
[2025-08-02T01:55:30.292+0000] {processor.py:830} INFO - Processing file /home/airflow/.local/lib/python3.8/site-packages/airflow/example_dags/example_latest_only.py for tasks to queue
[2025-08-02T01:55:30.293+0000] {logging_mixin.py:188} INFO - [2025-08-02T01:55:30.293+0000] {dagbag.py:540} INFO - Filling up the DagBag from /home/airflow/.local/lib/python3.8/site-packages/airflow/example_dags/example_latest_only.py
[2025-08-02T01:55:30.298+0000] {processor.py:840} INFO - DAG(s) 'latest_only' retrieved from /home/airflow/.local/lib/python3.8/site-packages/airflow/example_dags/example_latest_only.py
[2025-08-02T01:55:30.330+0000] {logging_mixin.py:188} INFO - [2025-08-02T01:55:30.329+0000] {dag.py:3047} INFO - Sync 1 DAGs
[2025-08-02T01:55:30.383+0000] {logging_mixin.py:188} INFO - [2025-08-02T01:55:30.383+0000] {dag.py:3834} INFO - Setting next_dagrun for latest_only to 2025-08-01 20:00:00+00:00, run_after=2025-08-02 00:00:00+00:00
[2025-08-02T01:55:30.404+0000] {processor.py:183} INFO - Processing /home/airflow/.local/lib/python3.8/site-packages/airflow/example_dags/example_latest_only.py took 0.116 seconds
[2025-08-02T01:56:00.898+0000] {processor.py:161} INFO - Started process (PID=1523) to work on /home/airflow/.local/lib/python3.8/site-packages/airflow/example_dags/example_latest_only.py
[2025-08-02T01:56:00.905+0000] {processor.py:830} INFO - Processing file /home/airflow/.local/lib/python3.8/site-packages/airflow/example_dags/example_latest_only.py for tasks to queue
[2025-08-02T01:56:00.911+0000] {logging_mixin.py:188} INFO - [2025-08-02T01:56:00.911+0000] {dagbag.py:540} INFO - Filling up the DagBag from /home/airflow/.local/lib/python3.8/site-packages/airflow/example_dags/example_latest_only.py
[2025-08-02T01:56:00.960+0000] {processor.py:840} INFO - DAG(s) 'latest_only' retrieved from /home/airflow/.local/lib/python3.8/site-packages/airflow/example_dags/example_latest_only.py
[2025-08-02T01:56:01.026+0000] {logging_mixin.py:188} INFO - [2025-08-02T01:56:01.026+0000] {dag.py:3047} INFO - Sync 1 DAGs
[2025-08-02T01:56:01.059+0000] {logging_mixin.py:188} INFO - [2025-08-02T01:56:01.059+0000] {dag.py:3834} INFO - Setting next_dagrun for latest_only to 2025-08-01 20:00:00+00:00, run_after=2025-08-02 00:00:00+00:00
[2025-08-02T01:56:01.083+0000] {processor.py:183} INFO - Processing /home/airflow/.local/lib/python3.8/site-packages/airflow/example_dags/example_latest_only.py took 0.216 seconds
[2025-08-02T01:56:31.538+0000] {processor.py:161} INFO - Started process (PID=1578) to work on /home/airflow/.local/lib/python3.8/site-packages/airflow/example_dags/example_latest_only.py
[2025-08-02T01:56:31.542+0000] {processor.py:830} INFO - Processing file /home/airflow/.local/lib/python3.8/site-packages/airflow/example_dags/example_latest_only.py for tasks to queue
[2025-08-02T01:56:31.552+0000] {logging_mixin.py:188} INFO - [2025-08-02T01:56:31.550+0000] {dagbag.py:540} INFO - Filling up the DagBag from /home/airflow/.local/lib/python3.8/site-packages/airflow/example_dags/example_latest_only.py
[2025-08-02T01:56:31.594+0000] {processor.py:840} INFO - DAG(s) 'latest_only' retrieved from /home/airflow/.local/lib/python3.8/site-packages/airflow/example_dags/example_latest_only.py
[2025-08-02T01:56:31.788+0000] {logging_mixin.py:188} INFO - [2025-08-02T01:56:31.788+0000] {dag.py:3047} INFO - Sync 1 DAGs
[2025-08-02T01:56:31.851+0000] {logging_mixin.py:188} INFO - [2025-08-02T01:56:31.851+0000] {dag.py:3834} INFO - Setting next_dagrun for latest_only to 2025-08-01 20:00:00+00:00, run_after=2025-08-02 00:00:00+00:00
[2025-08-02T01:56:31.884+0000] {processor.py:183} INFO - Processing /home/airflow/.local/lib/python3.8/site-packages/airflow/example_dags/example_latest_only.py took 0.362 seconds
[2025-08-02T01:57:02.871+0000] {processor.py:161} INFO - Started process (PID=1634) to work on /home/airflow/.local/lib/python3.8/site-packages/airflow/example_dags/example_latest_only.py
[2025-08-02T01:57:02.879+0000] {processor.py:830} INFO - Processing file /home/airflow/.local/lib/python3.8/site-packages/airflow/example_dags/example_latest_only.py for tasks to queue
[2025-08-02T01:57:02.884+0000] {logging_mixin.py:188} INFO - [2025-08-02T01:57:02.883+0000] {dagbag.py:540} INFO - Filling up the DagBag from /home/airflow/.local/lib/python3.8/site-packages/airflow/example_dags/example_latest_only.py
[2025-08-02T01:57:02.897+0000] {processor.py:840} INFO - DAG(s) 'latest_only' retrieved from /home/airflow/.local/lib/python3.8/site-packages/airflow/example_dags/example_latest_only.py
[2025-08-02T01:57:02.929+0000] {logging_mixin.py:188} INFO - [2025-08-02T01:57:02.929+0000] {dag.py:3047} INFO - Sync 1 DAGs
[2025-08-02T01:57:02.968+0000] {logging_mixin.py:188} INFO - [2025-08-02T01:57:02.968+0000] {dag.py:3834} INFO - Setting next_dagrun for latest_only to 2025-08-01 20:00:00+00:00, run_after=2025-08-02 00:00:00+00:00
[2025-08-02T01:57:02.990+0000] {processor.py:183} INFO - Processing /home/airflow/.local/lib/python3.8/site-packages/airflow/example_dags/example_latest_only.py took 0.132 seconds
[2025-08-02T01:57:33.466+0000] {processor.py:161} INFO - Started process (PID=1690) to work on /home/airflow/.local/lib/python3.8/site-packages/airflow/example_dags/example_latest_only.py
[2025-08-02T01:57:33.471+0000] {processor.py:830} INFO - Processing file /home/airflow/.local/lib/python3.8/site-packages/airflow/example_dags/example_latest_only.py for tasks to queue
[2025-08-02T01:57:33.487+0000] {logging_mixin.py:188} INFO - [2025-08-02T01:57:33.483+0000] {dagbag.py:540} INFO - Filling up the DagBag from /home/airflow/.local/lib/python3.8/site-packages/airflow/example_dags/example_latest_only.py
[2025-08-02T01:57:33.546+0000] {processor.py:840} INFO - DAG(s) 'latest_only' retrieved from /home/airflow/.local/lib/python3.8/site-packages/airflow/example_dags/example_latest_only.py
[2025-08-02T01:57:33.707+0000] {logging_mixin.py:188} INFO - [2025-08-02T01:57:33.692+0000] {dag.py:3047} INFO - Sync 1 DAGs
[2025-08-02T01:57:33.854+0000] {logging_mixin.py:188} INFO - [2025-08-02T01:57:33.853+0000] {dag.py:3834} INFO - Setting next_dagrun for latest_only to 2025-08-01 20:00:00+00:00, run_after=2025-08-02 00:00:00+00:00
[2025-08-02T01:57:34.095+0000] {processor.py:183} INFO - Processing /home/airflow/.local/lib/python3.8/site-packages/airflow/example_dags/example_latest_only.py took 0.656 seconds
[2025-08-02T01:58:05.432+0000] {processor.py:161} INFO - Started process (PID=1746) to work on /home/airflow/.local/lib/python3.8/site-packages/airflow/example_dags/example_latest_only.py
[2025-08-02T01:58:05.433+0000] {processor.py:830} INFO - Processing file /home/airflow/.local/lib/python3.8/site-packages/airflow/example_dags/example_latest_only.py for tasks to queue
[2025-08-02T01:58:05.436+0000] {logging_mixin.py:188} INFO - [2025-08-02T01:58:05.436+0000] {dagbag.py:540} INFO - Filling up the DagBag from /home/airflow/.local/lib/python3.8/site-packages/airflow/example_dags/example_latest_only.py
[2025-08-02T01:58:05.454+0000] {processor.py:840} INFO - DAG(s) 'latest_only' retrieved from /home/airflow/.local/lib/python3.8/site-packages/airflow/example_dags/example_latest_only.py
[2025-08-02T01:58:05.489+0000] {logging_mixin.py:188} INFO - [2025-08-02T01:58:05.488+0000] {dag.py:3047} INFO - Sync 1 DAGs
[2025-08-02T01:58:05.560+0000] {logging_mixin.py:188} INFO - [2025-08-02T01:58:05.558+0000] {dag.py:3834} INFO - Setting next_dagrun for latest_only to 2025-08-01 20:00:00+00:00, run_after=2025-08-02 00:00:00+00:00
[2025-08-02T01:58:05.637+0000] {processor.py:183} INFO - Processing /home/airflow/.local/lib/python3.8/site-packages/airflow/example_dags/example_latest_only.py took 0.235 seconds
[2025-08-02T01:58:36.622+0000] {processor.py:161} INFO - Started process (PID=1801) to work on /home/airflow/.local/lib/python3.8/site-packages/airflow/example_dags/example_latest_only.py
[2025-08-02T01:58:36.623+0000] {processor.py:830} INFO - Processing file /home/airflow/.local/lib/python3.8/site-packages/airflow/example_dags/example_latest_only.py for tasks to queue
[2025-08-02T01:58:36.626+0000] {logging_mixin.py:188} INFO - [2025-08-02T01:58:36.626+0000] {dagbag.py:540} INFO - Filling up the DagBag from /home/airflow/.local/lib/python3.8/site-packages/airflow/example_dags/example_latest_only.py
[2025-08-02T01:58:36.632+0000] {processor.py:840} INFO - DAG(s) 'latest_only' retrieved from /home/airflow/.local/lib/python3.8/site-packages/airflow/example_dags/example_latest_only.py
[2025-08-02T01:58:36.670+0000] {logging_mixin.py:188} INFO - [2025-08-02T01:58:36.669+0000] {dag.py:3047} INFO - Sync 1 DAGs
[2025-08-02T01:58:36.699+0000] {logging_mixin.py:188} INFO - [2025-08-02T01:58:36.699+0000] {dag.py:3834} INFO - Setting next_dagrun for latest_only to 2025-08-01 20:00:00+00:00, run_after=2025-08-02 00:00:00+00:00
[2025-08-02T01:58:36.750+0000] {processor.py:183} INFO - Processing /home/airflow/.local/lib/python3.8/site-packages/airflow/example_dags/example_latest_only.py took 0.131 seconds
[2025-08-02T01:59:07.530+0000] {processor.py:161} INFO - Started process (PID=1855) to work on /home/airflow/.local/lib/python3.8/site-packages/airflow/example_dags/example_latest_only.py
[2025-08-02T01:59:07.532+0000] {processor.py:830} INFO - Processing file /home/airflow/.local/lib/python3.8/site-packages/airflow/example_dags/example_latest_only.py for tasks to queue
[2025-08-02T01:59:07.533+0000] {logging_mixin.py:188} INFO - [2025-08-02T01:59:07.533+0000] {dagbag.py:540} INFO - Filling up the DagBag from /home/airflow/.local/lib/python3.8/site-packages/airflow/example_dags/example_latest_only.py
[2025-08-02T01:59:07.537+0000] {processor.py:840} INFO - DAG(s) 'latest_only' retrieved from /home/airflow/.local/lib/python3.8/site-packages/airflow/example_dags/example_latest_only.py
[2025-08-02T01:59:07.554+0000] {logging_mixin.py:188} INFO - [2025-08-02T01:59:07.554+0000] {dag.py:3047} INFO - Sync 1 DAGs
[2025-08-02T01:59:07.567+0000] {logging_mixin.py:188} INFO - [2025-08-02T01:59:07.567+0000] {dag.py:3834} INFO - Setting next_dagrun for latest_only to 2025-08-01 20:00:00+00:00, run_after=2025-08-02 00:00:00+00:00
[2025-08-02T01:59:07.584+0000] {processor.py:183} INFO - Processing /home/airflow/.local/lib/python3.8/site-packages/airflow/example_dags/example_latest_only.py took 0.059 seconds
[2025-08-02T01:59:38.141+0000] {processor.py:161} INFO - Started process (PID=1911) to work on /home/airflow/.local/lib/python3.8/site-packages/airflow/example_dags/example_latest_only.py
[2025-08-02T01:59:38.143+0000] {processor.py:830} INFO - Processing file /home/airflow/.local/lib/python3.8/site-packages/airflow/example_dags/example_latest_only.py for tasks to queue
[2025-08-02T01:59:38.146+0000] {logging_mixin.py:188} INFO - [2025-08-02T01:59:38.146+0000] {dagbag.py:540} INFO - Filling up the DagBag from /home/airflow/.local/lib/python3.8/site-packages/airflow/example_dags/example_latest_only.py
[2025-08-02T01:59:38.151+0000] {processor.py:840} INFO - DAG(s) 'latest_only' retrieved from /home/airflow/.local/lib/python3.8/site-packages/airflow/example_dags/example_latest_only.py
[2025-08-02T01:59:38.172+0000] {logging_mixin.py:188} INFO - [2025-08-02T01:59:38.171+0000] {dag.py:3047} INFO - Sync 1 DAGs
[2025-08-02T01:59:38.189+0000] {logging_mixin.py:188} INFO - [2025-08-02T01:59:38.188+0000] {dag.py:3834} INFO - Setting next_dagrun for latest_only to 2025-08-01 20:00:00+00:00, run_after=2025-08-02 00:00:00+00:00
[2025-08-02T01:59:38.215+0000] {processor.py:183} INFO - Processing /home/airflow/.local/lib/python3.8/site-packages/airflow/example_dags/example_latest_only.py took 0.081 seconds
[2025-08-02T02:00:09.121+0000] {processor.py:161} INFO - Started process (PID=1967) to work on /home/airflow/.local/lib/python3.8/site-packages/airflow/example_dags/example_latest_only.py
[2025-08-02T02:00:09.123+0000] {processor.py:830} INFO - Processing file /home/airflow/.local/lib/python3.8/site-packages/airflow/example_dags/example_latest_only.py for tasks to queue
[2025-08-02T02:00:09.124+0000] {logging_mixin.py:188} INFO - [2025-08-02T02:00:09.124+0000] {dagbag.py:540} INFO - Filling up the DagBag from /home/airflow/.local/lib/python3.8/site-packages/airflow/example_dags/example_latest_only.py
[2025-08-02T02:00:09.139+0000] {processor.py:840} INFO - DAG(s) 'latest_only' retrieved from /home/airflow/.local/lib/python3.8/site-packages/airflow/example_dags/example_latest_only.py
[2025-08-02T02:00:09.160+0000] {logging_mixin.py:188} INFO - [2025-08-02T02:00:09.159+0000] {dag.py:3047} INFO - Sync 1 DAGs
[2025-08-02T02:00:09.173+0000] {logging_mixin.py:188} INFO - [2025-08-02T02:00:09.172+0000] {dag.py:3834} INFO - Setting next_dagrun for latest_only to 2025-08-01 20:00:00+00:00, run_after=2025-08-02 00:00:00+00:00
[2025-08-02T02:00:09.183+0000] {processor.py:183} INFO - Processing /home/airflow/.local/lib/python3.8/site-packages/airflow/example_dags/example_latest_only.py took 0.068 seconds
[2025-08-02T02:00:40.073+0000] {processor.py:161} INFO - Started process (PID=2023) to work on /home/airflow/.local/lib/python3.8/site-packages/airflow/example_dags/example_latest_only.py
[2025-08-02T02:00:40.076+0000] {processor.py:830} INFO - Processing file /home/airflow/.local/lib/python3.8/site-packages/airflow/example_dags/example_latest_only.py for tasks to queue
[2025-08-02T02:00:40.080+0000] {logging_mixin.py:188} INFO - [2025-08-02T02:00:40.079+0000] {dagbag.py:540} INFO - Filling up the DagBag from /home/airflow/.local/lib/python3.8/site-packages/airflow/example_dags/example_latest_only.py
[2025-08-02T02:00:40.101+0000] {processor.py:840} INFO - DAG(s) 'latest_only' retrieved from /home/airflow/.local/lib/python3.8/site-packages/airflow/example_dags/example_latest_only.py
[2025-08-02T02:00:40.223+0000] {logging_mixin.py:188} INFO - [2025-08-02T02:00:40.222+0000] {dag.py:3047} INFO - Sync 1 DAGs
[2025-08-02T02:00:40.256+0000] {logging_mixin.py:188} INFO - [2025-08-02T02:00:40.256+0000] {dag.py:3834} INFO - Setting next_dagrun for latest_only to 2025-08-01 20:00:00+00:00, run_after=2025-08-02 00:00:00+00:00
[2025-08-02T02:00:40.280+0000] {processor.py:183} INFO - Processing /home/airflow/.local/lib/python3.8/site-packages/airflow/example_dags/example_latest_only.py took 0.219 seconds
[2025-08-02T02:01:13.966+0000] {processor.py:161} INFO - Started process (PID=2079) to work on /home/airflow/.local/lib/python3.8/site-packages/airflow/example_dags/example_latest_only.py
[2025-08-02T02:01:13.983+0000] {processor.py:830} INFO - Processing file /home/airflow/.local/lib/python3.8/site-packages/airflow/example_dags/example_latest_only.py for tasks to queue
[2025-08-02T02:01:13.997+0000] {logging_mixin.py:188} INFO - [2025-08-02T02:01:13.996+0000] {dagbag.py:540} INFO - Filling up the DagBag from /home/airflow/.local/lib/python3.8/site-packages/airflow/example_dags/example_latest_only.py
[2025-08-02T02:01:14.046+0000] {processor.py:840} INFO - DAG(s) 'latest_only' retrieved from /home/airflow/.local/lib/python3.8/site-packages/airflow/example_dags/example_latest_only.py
[2025-08-02T02:01:14.219+0000] {logging_mixin.py:188} INFO - [2025-08-02T02:01:14.218+0000] {dag.py:3047} INFO - Sync 1 DAGs
[2025-08-02T02:01:14.290+0000] {logging_mixin.py:188} INFO - [2025-08-02T02:01:14.289+0000] {dag.py:3834} INFO - Setting next_dagrun for latest_only to 2025-08-01 20:00:00+00:00, run_after=2025-08-02 00:00:00+00:00
[2025-08-02T02:01:14.413+0000] {processor.py:183} INFO - Processing /home/airflow/.local/lib/python3.8/site-packages/airflow/example_dags/example_latest_only.py took 0.451 seconds
[2025-08-02T02:02:26.718+0000] {processor.py:161} INFO - Started process (PID=2137) to work on /home/airflow/.local/lib/python3.8/site-packages/airflow/example_dags/example_latest_only.py
[2025-08-02T02:02:26.721+0000] {processor.py:830} INFO - Processing file /home/airflow/.local/lib/python3.8/site-packages/airflow/example_dags/example_latest_only.py for tasks to queue
[2025-08-02T02:02:26.724+0000] {logging_mixin.py:188} INFO - [2025-08-02T02:02:26.724+0000] {dagbag.py:540} INFO - Filling up the DagBag from /home/airflow/.local/lib/python3.8/site-packages/airflow/example_dags/example_latest_only.py
[2025-08-02T02:02:26.745+0000] {processor.py:840} INFO - DAG(s) 'latest_only' retrieved from /home/airflow/.local/lib/python3.8/site-packages/airflow/example_dags/example_latest_only.py
[2025-08-02T02:02:26.811+0000] {logging_mixin.py:188} INFO - [2025-08-02T02:02:26.811+0000] {dag.py:3047} INFO - Sync 1 DAGs
[2025-08-02T02:02:26.888+0000] {logging_mixin.py:188} INFO - [2025-08-02T02:02:26.888+0000] {dag.py:3834} INFO - Setting next_dagrun for latest_only to 2025-08-01 20:00:00+00:00, run_after=2025-08-02 00:00:00+00:00
[2025-08-02T02:02:26.974+0000] {processor.py:183} INFO - Processing /home/airflow/.local/lib/python3.8/site-packages/airflow/example_dags/example_latest_only.py took 0.261 seconds
[2025-08-02T02:03:06.020+0000] {processor.py:161} INFO - Started process (PID=2192) to work on /home/airflow/.local/lib/python3.8/site-packages/airflow/example_dags/example_latest_only.py
[2025-08-02T02:03:06.031+0000] {processor.py:830} INFO - Processing file /home/airflow/.local/lib/python3.8/site-packages/airflow/example_dags/example_latest_only.py for tasks to queue
[2025-08-02T02:03:06.040+0000] {logging_mixin.py:188} INFO - [2025-08-02T02:03:06.039+0000] {dagbag.py:540} INFO - Filling up the DagBag from /home/airflow/.local/lib/python3.8/site-packages/airflow/example_dags/example_latest_only.py
[2025-08-02T02:03:06.064+0000] {processor.py:840} INFO - DAG(s) 'latest_only' retrieved from /home/airflow/.local/lib/python3.8/site-packages/airflow/example_dags/example_latest_only.py
[2025-08-02T02:03:06.188+0000] {logging_mixin.py:188} INFO - [2025-08-02T02:03:06.187+0000] {dag.py:3047} INFO - Sync 1 DAGs
[2025-08-02T02:03:06.354+0000] {logging_mixin.py:188} INFO - [2025-08-02T02:03:06.353+0000] {dag.py:3834} INFO - Setting next_dagrun for latest_only to 2025-08-01 20:00:00+00:00, run_after=2025-08-02 00:00:00+00:00
[2025-08-02T02:03:06.740+0000] {processor.py:183} INFO - Processing /home/airflow/.local/lib/python3.8/site-packages/airflow/example_dags/example_latest_only.py took 0.739 seconds
[2025-08-02T02:03:37.916+0000] {processor.py:161} INFO - Started process (PID=2248) to work on /home/airflow/.local/lib/python3.8/site-packages/airflow/example_dags/example_latest_only.py
[2025-08-02T02:03:37.921+0000] {processor.py:830} INFO - Processing file /home/airflow/.local/lib/python3.8/site-packages/airflow/example_dags/example_latest_only.py for tasks to queue
[2025-08-02T02:03:37.954+0000] {logging_mixin.py:188} INFO - [2025-08-02T02:03:37.954+0000] {dagbag.py:540} INFO - Filling up the DagBag from /home/airflow/.local/lib/python3.8/site-packages/airflow/example_dags/example_latest_only.py
[2025-08-02T02:03:37.967+0000] {processor.py:840} INFO - DAG(s) 'latest_only' retrieved from /home/airflow/.local/lib/python3.8/site-packages/airflow/example_dags/example_latest_only.py
[2025-08-02T02:03:38.075+0000] {logging_mixin.py:188} INFO - [2025-08-02T02:03:38.075+0000] {dag.py:3047} INFO - Sync 1 DAGs
[2025-08-02T02:03:38.153+0000] {logging_mixin.py:188} INFO - [2025-08-02T02:03:38.152+0000] {dag.py:3834} INFO - Setting next_dagrun for latest_only to 2025-08-01 20:00:00+00:00, run_after=2025-08-02 00:00:00+00:00
[2025-08-02T02:03:38.250+0000] {processor.py:183} INFO - Processing /home/airflow/.local/lib/python3.8/site-packages/airflow/example_dags/example_latest_only.py took 0.340 seconds
[2025-08-02T02:04:09.548+0000] {processor.py:161} INFO - Started process (PID=2304) to work on /home/airflow/.local/lib/python3.8/site-packages/airflow/example_dags/example_latest_only.py
[2025-08-02T02:04:09.552+0000] {processor.py:830} INFO - Processing file /home/airflow/.local/lib/python3.8/site-packages/airflow/example_dags/example_latest_only.py for tasks to queue
[2025-08-02T02:04:09.557+0000] {logging_mixin.py:188} INFO - [2025-08-02T02:04:09.557+0000] {dagbag.py:540} INFO - Filling up the DagBag from /home/airflow/.local/lib/python3.8/site-packages/airflow/example_dags/example_latest_only.py
[2025-08-02T02:04:09.568+0000] {processor.py:840} INFO - DAG(s) 'latest_only' retrieved from /home/airflow/.local/lib/python3.8/site-packages/airflow/example_dags/example_latest_only.py
[2025-08-02T02:04:09.641+0000] {logging_mixin.py:188} INFO - [2025-08-02T02:04:09.640+0000] {dag.py:3047} INFO - Sync 1 DAGs
[2025-08-02T02:04:09.681+0000] {logging_mixin.py:188} INFO - [2025-08-02T02:04:09.681+0000] {dag.py:3834} INFO - Setting next_dagrun for latest_only to 2025-08-01 20:00:00+00:00, run_after=2025-08-02 00:00:00+00:00
[2025-08-02T02:04:09.717+0000] {processor.py:183} INFO - Processing /home/airflow/.local/lib/python3.8/site-packages/airflow/example_dags/example_latest_only.py took 0.174 seconds
[2025-08-02T02:04:45.540+0000] {processor.py:161} INFO - Started process (PID=2360) to work on /home/airflow/.local/lib/python3.8/site-packages/airflow/example_dags/example_latest_only.py
[2025-08-02T02:04:45.544+0000] {processor.py:830} INFO - Processing file /home/airflow/.local/lib/python3.8/site-packages/airflow/example_dags/example_latest_only.py for tasks to queue
[2025-08-02T02:04:45.549+0000] {logging_mixin.py:188} INFO - [2025-08-02T02:04:45.548+0000] {dagbag.py:540} INFO - Filling up the DagBag from /home/airflow/.local/lib/python3.8/site-packages/airflow/example_dags/example_latest_only.py
[2025-08-02T02:04:45.577+0000] {processor.py:840} INFO - DAG(s) 'latest_only' retrieved from /home/airflow/.local/lib/python3.8/site-packages/airflow/example_dags/example_latest_only.py
[2025-08-02T02:04:45.725+0000] {logging_mixin.py:188} INFO - [2025-08-02T02:04:45.724+0000] {dag.py:3047} INFO - Sync 1 DAGs
[2025-08-02T02:04:45.813+0000] {logging_mixin.py:188} INFO - [2025-08-02T02:04:45.813+0000] {dag.py:3834} INFO - Setting next_dagrun for latest_only to 2025-08-01 20:00:00+00:00, run_after=2025-08-02 00:00:00+00:00
[2025-08-02T02:04:45.865+0000] {processor.py:183} INFO - Processing /home/airflow/.local/lib/python3.8/site-packages/airflow/example_dags/example_latest_only.py took 0.346 seconds
[2025-08-02T02:05:23.387+0000] {processor.py:161} INFO - Started process (PID=2416) to work on /home/airflow/.local/lib/python3.8/site-packages/airflow/example_dags/example_latest_only.py
[2025-08-02T02:05:23.401+0000] {processor.py:830} INFO - Processing file /home/airflow/.local/lib/python3.8/site-packages/airflow/example_dags/example_latest_only.py for tasks to queue
[2025-08-02T02:05:23.471+0000] {logging_mixin.py:188} INFO - [2025-08-02T02:05:23.448+0000] {dagbag.py:540} INFO - Filling up the DagBag from /home/airflow/.local/lib/python3.8/site-packages/airflow/example_dags/example_latest_only.py
[2025-08-02T02:05:24.063+0000] {processor.py:840} INFO - DAG(s) 'latest_only' retrieved from /home/airflow/.local/lib/python3.8/site-packages/airflow/example_dags/example_latest_only.py
[2025-08-02T02:05:24.962+0000] {logging_mixin.py:188} INFO - [2025-08-02T02:05:24.948+0000] {dag.py:3047} INFO - Sync 1 DAGs
[2025-08-02T02:05:25.497+0000] {logging_mixin.py:188} INFO - [2025-08-02T02:05:25.494+0000] {dag.py:3834} INFO - Setting next_dagrun for latest_only to 2025-08-01 20:00:00+00:00, run_after=2025-08-02 00:00:00+00:00
[2025-08-02T02:05:25.764+0000] {processor.py:183} INFO - Processing /home/airflow/.local/lib/python3.8/site-packages/airflow/example_dags/example_latest_only.py took 2.555 seconds
[2025-08-02T02:08:41.826+0000] {processor.py:161} INFO - Started process (PID=2474) to work on /home/airflow/.local/lib/python3.8/site-packages/airflow/example_dags/example_latest_only.py
[2025-08-02T02:08:41.829+0000] {processor.py:830} INFO - Processing file /home/airflow/.local/lib/python3.8/site-packages/airflow/example_dags/example_latest_only.py for tasks to queue
[2025-08-02T02:08:41.841+0000] {logging_mixin.py:188} INFO - [2025-08-02T02:08:41.832+0000] {dagbag.py:540} INFO - Filling up the DagBag from /home/airflow/.local/lib/python3.8/site-packages/airflow/example_dags/example_latest_only.py
[2025-08-02T02:08:41.899+0000] {processor.py:840} INFO - DAG(s) 'latest_only' retrieved from /home/airflow/.local/lib/python3.8/site-packages/airflow/example_dags/example_latest_only.py
[2025-08-02T02:08:42.097+0000] {logging_mixin.py:188} INFO - [2025-08-02T02:08:42.096+0000] {dag.py:3047} INFO - Sync 1 DAGs
[2025-08-02T02:08:42.175+0000] {logging_mixin.py:188} INFO - [2025-08-02T02:08:42.173+0000] {dag.py:3834} INFO - Setting next_dagrun for latest_only to 2025-08-01 20:00:00+00:00, run_after=2025-08-02 00:00:00+00:00
[2025-08-02T02:08:42.267+0000] {processor.py:183} INFO - Processing /home/airflow/.local/lib/python3.8/site-packages/airflow/example_dags/example_latest_only.py took 0.454 seconds
[2025-08-02T02:09:14.730+0000] {processor.py:161} INFO - Started process (PID=2529) to work on /home/airflow/.local/lib/python3.8/site-packages/airflow/example_dags/example_latest_only.py
[2025-08-02T02:09:14.735+0000] {processor.py:830} INFO - Processing file /home/airflow/.local/lib/python3.8/site-packages/airflow/example_dags/example_latest_only.py for tasks to queue
[2025-08-02T02:09:14.737+0000] {logging_mixin.py:188} INFO - [2025-08-02T02:09:14.736+0000] {dagbag.py:540} INFO - Filling up the DagBag from /home/airflow/.local/lib/python3.8/site-packages/airflow/example_dags/example_latest_only.py
[2025-08-02T02:09:14.776+0000] {processor.py:840} INFO - DAG(s) 'latest_only' retrieved from /home/airflow/.local/lib/python3.8/site-packages/airflow/example_dags/example_latest_only.py
[2025-08-02T02:09:14.858+0000] {logging_mixin.py:188} INFO - [2025-08-02T02:09:14.857+0000] {dag.py:3047} INFO - Sync 1 DAGs
[2025-08-02T02:09:14.961+0000] {logging_mixin.py:188} INFO - [2025-08-02T02:09:14.960+0000] {dag.py:3834} INFO - Setting next_dagrun for latest_only to 2025-08-01 20:00:00+00:00, run_after=2025-08-02 00:00:00+00:00
[2025-08-02T02:09:15.052+0000] {processor.py:183} INFO - Processing /home/airflow/.local/lib/python3.8/site-packages/airflow/example_dags/example_latest_only.py took 0.331 seconds
[2025-08-02T02:09:51.183+0000] {processor.py:161} INFO - Started process (PID=2576) to work on /home/airflow/.local/lib/python3.8/site-packages/airflow/example_dags/example_latest_only.py
[2025-08-02T02:09:51.189+0000] {processor.py:830} INFO - Processing file /home/airflow/.local/lib/python3.8/site-packages/airflow/example_dags/example_latest_only.py for tasks to queue
[2025-08-02T02:09:51.195+0000] {logging_mixin.py:188} INFO - [2025-08-02T02:09:51.194+0000] {dagbag.py:540} INFO - Filling up the DagBag from /home/airflow/.local/lib/python3.8/site-packages/airflow/example_dags/example_latest_only.py
[2025-08-02T02:09:51.249+0000] {processor.py:840} INFO - DAG(s) 'latest_only' retrieved from /home/airflow/.local/lib/python3.8/site-packages/airflow/example_dags/example_latest_only.py
[2025-08-02T02:09:51.438+0000] {logging_mixin.py:188} INFO - [2025-08-02T02:09:51.434+0000] {dag.py:3047} INFO - Sync 1 DAGs
[2025-08-02T02:09:51.537+0000] {logging_mixin.py:188} INFO - [2025-08-02T02:09:51.536+0000] {dag.py:3834} INFO - Setting next_dagrun for latest_only to 2025-08-01 20:00:00+00:00, run_after=2025-08-02 00:00:00+00:00
[2025-08-02T02:09:51.613+0000] {processor.py:183} INFO - Processing /home/airflow/.local/lib/python3.8/site-packages/airflow/example_dags/example_latest_only.py took 0.455 seconds
[2025-08-02T02:10:21.793+0000] {processor.py:161} INFO - Started process (PID=2630) to work on /home/airflow/.local/lib/python3.8/site-packages/airflow/example_dags/example_latest_only.py
[2025-08-02T02:10:21.795+0000] {processor.py:830} INFO - Processing file /home/airflow/.local/lib/python3.8/site-packages/airflow/example_dags/example_latest_only.py for tasks to queue
[2025-08-02T02:10:21.800+0000] {logging_mixin.py:188} INFO - [2025-08-02T02:10:21.798+0000] {dagbag.py:540} INFO - Filling up the DagBag from /home/airflow/.local/lib/python3.8/site-packages/airflow/example_dags/example_latest_only.py
[2025-08-02T02:10:21.825+0000] {processor.py:840} INFO - DAG(s) 'latest_only' retrieved from /home/airflow/.local/lib/python3.8/site-packages/airflow/example_dags/example_latest_only.py
[2025-08-02T02:10:22.008+0000] {logging_mixin.py:188} INFO - [2025-08-02T02:10:22.008+0000] {dag.py:3047} INFO - Sync 1 DAGs
[2025-08-02T02:10:22.069+0000] {logging_mixin.py:188} INFO - [2025-08-02T02:10:22.069+0000] {dag.py:3834} INFO - Setting next_dagrun for latest_only to 2025-08-01 20:00:00+00:00, run_after=2025-08-02 00:00:00+00:00
[2025-08-02T02:10:22.096+0000] {processor.py:183} INFO - Processing /home/airflow/.local/lib/python3.8/site-packages/airflow/example_dags/example_latest_only.py took 0.312 seconds
[2025-08-02T02:10:52.494+0000] {processor.py:161} INFO - Started process (PID=2686) to work on /home/airflow/.local/lib/python3.8/site-packages/airflow/example_dags/example_latest_only.py
[2025-08-02T02:10:52.499+0000] {processor.py:830} INFO - Processing file /home/airflow/.local/lib/python3.8/site-packages/airflow/example_dags/example_latest_only.py for tasks to queue
[2025-08-02T02:10:52.502+0000] {logging_mixin.py:188} INFO - [2025-08-02T02:10:52.502+0000] {dagbag.py:540} INFO - Filling up the DagBag from /home/airflow/.local/lib/python3.8/site-packages/airflow/example_dags/example_latest_only.py
[2025-08-02T02:10:52.532+0000] {processor.py:840} INFO - DAG(s) 'latest_only' retrieved from /home/airflow/.local/lib/python3.8/site-packages/airflow/example_dags/example_latest_only.py
[2025-08-02T02:10:52.844+0000] {logging_mixin.py:188} INFO - [2025-08-02T02:10:52.837+0000] {dag.py:3047} INFO - Sync 1 DAGs
[2025-08-02T02:10:53.241+0000] {logging_mixin.py:188} INFO - [2025-08-02T02:10:53.224+0000] {dag.py:3834} INFO - Setting next_dagrun for latest_only to 2025-08-01 20:00:00+00:00, run_after=2025-08-02 00:00:00+00:00
[2025-08-02T02:10:53.439+0000] {processor.py:183} INFO - Processing /home/airflow/.local/lib/python3.8/site-packages/airflow/example_dags/example_latest_only.py took 0.955 seconds
[2025-08-02T02:11:36.457+0000] {processor.py:161} INFO - Started process (PID=2748) to work on /home/airflow/.local/lib/python3.8/site-packages/airflow/example_dags/example_latest_only.py
[2025-08-02T02:11:36.460+0000] {processor.py:830} INFO - Processing file /home/airflow/.local/lib/python3.8/site-packages/airflow/example_dags/example_latest_only.py for tasks to queue
[2025-08-02T02:11:36.465+0000] {logging_mixin.py:188} INFO - [2025-08-02T02:11:36.463+0000] {dagbag.py:540} INFO - Filling up the DagBag from /home/airflow/.local/lib/python3.8/site-packages/airflow/example_dags/example_latest_only.py
[2025-08-02T02:11:36.519+0000] {processor.py:840} INFO - DAG(s) 'latest_only' retrieved from /home/airflow/.local/lib/python3.8/site-packages/airflow/example_dags/example_latest_only.py
[2025-08-02T02:11:36.681+0000] {logging_mixin.py:188} INFO - [2025-08-02T02:11:36.681+0000] {dag.py:3047} INFO - Sync 1 DAGs
[2025-08-02T02:11:36.800+0000] {logging_mixin.py:188} INFO - [2025-08-02T02:11:36.797+0000] {dag.py:3834} INFO - Setting next_dagrun for latest_only to 2025-08-01 20:00:00+00:00, run_after=2025-08-02 00:00:00+00:00
[2025-08-02T02:11:37.139+0000] {processor.py:183} INFO - Processing /home/airflow/.local/lib/python3.8/site-packages/airflow/example_dags/example_latest_only.py took 0.702 seconds
[2025-08-02T02:12:08.301+0000] {processor.py:161} INFO - Started process (PID=2804) to work on /home/airflow/.local/lib/python3.8/site-packages/airflow/example_dags/example_latest_only.py
[2025-08-02T02:12:08.317+0000] {processor.py:830} INFO - Processing file /home/airflow/.local/lib/python3.8/site-packages/airflow/example_dags/example_latest_only.py for tasks to queue
[2025-08-02T02:12:08.329+0000] {logging_mixin.py:188} INFO - [2025-08-02T02:12:08.322+0000] {dagbag.py:540} INFO - Filling up the DagBag from /home/airflow/.local/lib/python3.8/site-packages/airflow/example_dags/example_latest_only.py
[2025-08-02T02:12:08.389+0000] {processor.py:840} INFO - DAG(s) 'latest_only' retrieved from /home/airflow/.local/lib/python3.8/site-packages/airflow/example_dags/example_latest_only.py
[2025-08-02T02:12:08.487+0000] {logging_mixin.py:188} INFO - [2025-08-02T02:12:08.487+0000] {dag.py:3047} INFO - Sync 1 DAGs
[2025-08-02T02:12:08.548+0000] {logging_mixin.py:188} INFO - [2025-08-02T02:12:08.547+0000] {dag.py:3834} INFO - Setting next_dagrun for latest_only to 2025-08-01 20:00:00+00:00, run_after=2025-08-02 00:00:00+00:00
[2025-08-02T02:12:08.602+0000] {processor.py:183} INFO - Processing /home/airflow/.local/lib/python3.8/site-packages/airflow/example_dags/example_latest_only.py took 0.317 seconds
[2025-08-02T02:12:38.834+0000] {processor.py:161} INFO - Started process (PID=2860) to work on /home/airflow/.local/lib/python3.8/site-packages/airflow/example_dags/example_latest_only.py
[2025-08-02T02:12:38.845+0000] {processor.py:830} INFO - Processing file /home/airflow/.local/lib/python3.8/site-packages/airflow/example_dags/example_latest_only.py for tasks to queue
[2025-08-02T02:12:38.847+0000] {logging_mixin.py:188} INFO - [2025-08-02T02:12:38.846+0000] {dagbag.py:540} INFO - Filling up the DagBag from /home/airflow/.local/lib/python3.8/site-packages/airflow/example_dags/example_latest_only.py
[2025-08-02T02:12:38.929+0000] {processor.py:840} INFO - DAG(s) 'latest_only' retrieved from /home/airflow/.local/lib/python3.8/site-packages/airflow/example_dags/example_latest_only.py
[2025-08-02T02:12:39.072+0000] {logging_mixin.py:188} INFO - [2025-08-02T02:12:39.071+0000] {dag.py:3047} INFO - Sync 1 DAGs
[2025-08-02T02:12:39.157+0000] {logging_mixin.py:188} INFO - [2025-08-02T02:12:39.157+0000] {dag.py:3834} INFO - Setting next_dagrun for latest_only to 2025-08-01 20:00:00+00:00, run_after=2025-08-02 00:00:00+00:00
[2025-08-02T02:12:39.243+0000] {processor.py:183} INFO - Processing /home/airflow/.local/lib/python3.8/site-packages/airflow/example_dags/example_latest_only.py took 0.431 seconds
[2025-08-02T02:13:12.091+0000] {processor.py:161} INFO - Started process (PID=2917) to work on /home/airflow/.local/lib/python3.8/site-packages/airflow/example_dags/example_latest_only.py
[2025-08-02T02:13:12.093+0000] {processor.py:830} INFO - Processing file /home/airflow/.local/lib/python3.8/site-packages/airflow/example_dags/example_latest_only.py for tasks to queue
[2025-08-02T02:13:12.102+0000] {logging_mixin.py:188} INFO - [2025-08-02T02:13:12.101+0000] {dagbag.py:540} INFO - Filling up the DagBag from /home/airflow/.local/lib/python3.8/site-packages/airflow/example_dags/example_latest_only.py
[2025-08-02T02:13:12.125+0000] {processor.py:840} INFO - DAG(s) 'latest_only' retrieved from /home/airflow/.local/lib/python3.8/site-packages/airflow/example_dags/example_latest_only.py
[2025-08-02T02:13:12.215+0000] {logging_mixin.py:188} INFO - [2025-08-02T02:13:12.214+0000] {dag.py:3047} INFO - Sync 1 DAGs
[2025-08-02T02:13:12.287+0000] {logging_mixin.py:188} INFO - [2025-08-02T02:13:12.286+0000] {dag.py:3834} INFO - Setting next_dagrun for latest_only to 2025-08-01 20:00:00+00:00, run_after=2025-08-02 00:00:00+00:00
[2025-08-02T02:13:12.340+0000] {processor.py:183} INFO - Processing /home/airflow/.local/lib/python3.8/site-packages/airflow/example_dags/example_latest_only.py took 0.253 seconds
[2025-08-02T02:13:45.217+0000] {processor.py:161} INFO - Started process (PID=2957) to work on /home/airflow/.local/lib/python3.8/site-packages/airflow/example_dags/example_latest_only.py
[2025-08-02T02:13:45.221+0000] {processor.py:830} INFO - Processing file /home/airflow/.local/lib/python3.8/site-packages/airflow/example_dags/example_latest_only.py for tasks to queue
[2025-08-02T02:13:45.223+0000] {logging_mixin.py:188} INFO - [2025-08-02T02:13:45.222+0000] {dagbag.py:540} INFO - Filling up the DagBag from /home/airflow/.local/lib/python3.8/site-packages/airflow/example_dags/example_latest_only.py
[2025-08-02T02:13:45.232+0000] {processor.py:840} INFO - DAG(s) 'latest_only' retrieved from /home/airflow/.local/lib/python3.8/site-packages/airflow/example_dags/example_latest_only.py
[2025-08-02T02:13:45.295+0000] {logging_mixin.py:188} INFO - [2025-08-02T02:13:45.295+0000] {dag.py:3047} INFO - Sync 1 DAGs
[2025-08-02T02:13:45.336+0000] {logging_mixin.py:188} INFO - [2025-08-02T02:13:45.336+0000] {dag.py:3834} INFO - Setting next_dagrun for latest_only to 2025-08-01 20:00:00+00:00, run_after=2025-08-02 00:00:00+00:00
[2025-08-02T02:13:45.417+0000] {processor.py:183} INFO - Processing /home/airflow/.local/lib/python3.8/site-packages/airflow/example_dags/example_latest_only.py took 0.224 seconds
[2025-08-02T02:14:16.205+0000] {processor.py:161} INFO - Started process (PID=3013) to work on /home/airflow/.local/lib/python3.8/site-packages/airflow/example_dags/example_latest_only.py
[2025-08-02T02:14:16.209+0000] {processor.py:830} INFO - Processing file /home/airflow/.local/lib/python3.8/site-packages/airflow/example_dags/example_latest_only.py for tasks to queue
[2025-08-02T02:14:16.210+0000] {logging_mixin.py:188} INFO - [2025-08-02T02:14:16.210+0000] {dagbag.py:540} INFO - Filling up the DagBag from /home/airflow/.local/lib/python3.8/site-packages/airflow/example_dags/example_latest_only.py
[2025-08-02T02:14:16.228+0000] {processor.py:840} INFO - DAG(s) 'latest_only' retrieved from /home/airflow/.local/lib/python3.8/site-packages/airflow/example_dags/example_latest_only.py
[2025-08-02T02:14:16.260+0000] {logging_mixin.py:188} INFO - [2025-08-02T02:14:16.259+0000] {dag.py:3047} INFO - Sync 1 DAGs
[2025-08-02T02:14:16.293+0000] {logging_mixin.py:188} INFO - [2025-08-02T02:14:16.292+0000] {dag.py:3834} INFO - Setting next_dagrun for latest_only to 2025-08-01 20:00:00+00:00, run_after=2025-08-02 00:00:00+00:00
[2025-08-02T02:14:16.313+0000] {processor.py:183} INFO - Processing /home/airflow/.local/lib/python3.8/site-packages/airflow/example_dags/example_latest_only.py took 0.117 seconds
[2025-08-02T02:14:49.173+0000] {processor.py:161} INFO - Started process (PID=3068) to work on /home/airflow/.local/lib/python3.8/site-packages/airflow/example_dags/example_latest_only.py
[2025-08-02T02:14:49.196+0000] {processor.py:830} INFO - Processing file /home/airflow/.local/lib/python3.8/site-packages/airflow/example_dags/example_latest_only.py for tasks to queue
[2025-08-02T02:14:49.224+0000] {logging_mixin.py:188} INFO - [2025-08-02T02:14:49.215+0000] {dagbag.py:540} INFO - Filling up the DagBag from /home/airflow/.local/lib/python3.8/site-packages/airflow/example_dags/example_latest_only.py
[2025-08-02T02:14:49.291+0000] {processor.py:840} INFO - DAG(s) 'latest_only' retrieved from /home/airflow/.local/lib/python3.8/site-packages/airflow/example_dags/example_latest_only.py
[2025-08-02T02:14:50.285+0000] {logging_mixin.py:188} INFO - [2025-08-02T02:14:50.235+0000] {dag.py:3047} INFO - Sync 1 DAGs
[2025-08-02T02:14:56.953+0000] {logging_mixin.py:188} INFO - [2025-08-02T02:14:55.519+0000] {dag.py:3834} INFO - Setting next_dagrun for latest_only to 2025-08-01 20:00:00+00:00, run_after=2025-08-02 00:00:00+00:00
[2025-08-02T02:14:57.323+0000] {processor.py:183} INFO - Processing /home/airflow/.local/lib/python3.8/site-packages/airflow/example_dags/example_latest_only.py took 8.203 seconds
[2025-08-02T02:15:41.227+0000] {processor.py:161} INFO - Started process (PID=3125) to work on /home/airflow/.local/lib/python3.8/site-packages/airflow/example_dags/example_latest_only.py
[2025-08-02T02:15:41.245+0000] {processor.py:830} INFO - Processing file /home/airflow/.local/lib/python3.8/site-packages/airflow/example_dags/example_latest_only.py for tasks to queue
[2025-08-02T02:15:41.251+0000] {logging_mixin.py:188} INFO - [2025-08-02T02:15:41.249+0000] {dagbag.py:540} INFO - Filling up the DagBag from /home/airflow/.local/lib/python3.8/site-packages/airflow/example_dags/example_latest_only.py
[2025-08-02T02:15:41.305+0000] {processor.py:840} INFO - DAG(s) 'latest_only' retrieved from /home/airflow/.local/lib/python3.8/site-packages/airflow/example_dags/example_latest_only.py
[2025-08-02T02:15:41.539+0000] {logging_mixin.py:188} INFO - [2025-08-02T02:15:41.538+0000] {dag.py:3047} INFO - Sync 1 DAGs
[2025-08-02T02:15:41.677+0000] {logging_mixin.py:188} INFO - [2025-08-02T02:15:41.675+0000] {dag.py:3834} INFO - Setting next_dagrun for latest_only to 2025-08-01 20:00:00+00:00, run_after=2025-08-02 00:00:00+00:00
[2025-08-02T02:15:41.854+0000] {processor.py:183} INFO - Processing /home/airflow/.local/lib/python3.8/site-packages/airflow/example_dags/example_latest_only.py took 0.676 seconds
[2025-08-02T02:16:19.869+0000] {processor.py:161} INFO - Started process (PID=3187) to work on /home/airflow/.local/lib/python3.8/site-packages/airflow/example_dags/example_latest_only.py
[2025-08-02T02:16:19.883+0000] {processor.py:830} INFO - Processing file /home/airflow/.local/lib/python3.8/site-packages/airflow/example_dags/example_latest_only.py for tasks to queue
[2025-08-02T02:16:19.897+0000] {logging_mixin.py:188} INFO - [2025-08-02T02:16:19.891+0000] {dagbag.py:540} INFO - Filling up the DagBag from /home/airflow/.local/lib/python3.8/site-packages/airflow/example_dags/example_latest_only.py
[2025-08-02T02:16:19.977+0000] {processor.py:840} INFO - DAG(s) 'latest_only' retrieved from /home/airflow/.local/lib/python3.8/site-packages/airflow/example_dags/example_latest_only.py
[2025-08-02T02:16:20.138+0000] {logging_mixin.py:188} INFO - [2025-08-02T02:16:20.138+0000] {dag.py:3047} INFO - Sync 1 DAGs
[2025-08-02T02:16:20.216+0000] {logging_mixin.py:188} INFO - [2025-08-02T02:16:20.214+0000] {dag.py:3834} INFO - Setting next_dagrun for latest_only to 2025-08-01 20:00:00+00:00, run_after=2025-08-02 00:00:00+00:00
[2025-08-02T02:16:21.314+0000] {processor.py:183} INFO - Processing /home/airflow/.local/lib/python3.8/site-packages/airflow/example_dags/example_latest_only.py took 1.470 seconds
[2025-08-02T02:16:52.937+0000] {processor.py:161} INFO - Started process (PID=3241) to work on /home/airflow/.local/lib/python3.8/site-packages/airflow/example_dags/example_latest_only.py
[2025-08-02T02:16:52.940+0000] {processor.py:830} INFO - Processing file /home/airflow/.local/lib/python3.8/site-packages/airflow/example_dags/example_latest_only.py for tasks to queue
[2025-08-02T02:16:52.944+0000] {logging_mixin.py:188} INFO - [2025-08-02T02:16:52.942+0000] {dagbag.py:540} INFO - Filling up the DagBag from /home/airflow/.local/lib/python3.8/site-packages/airflow/example_dags/example_latest_only.py
[2025-08-02T02:16:52.975+0000] {processor.py:840} INFO - DAG(s) 'latest_only' retrieved from /home/airflow/.local/lib/python3.8/site-packages/airflow/example_dags/example_latest_only.py
[2025-08-02T02:16:53.093+0000] {logging_mixin.py:188} INFO - [2025-08-02T02:16:53.093+0000] {dag.py:3047} INFO - Sync 1 DAGs
[2025-08-02T02:16:53.190+0000] {logging_mixin.py:188} INFO - [2025-08-02T02:16:53.190+0000] {dag.py:3834} INFO - Setting next_dagrun for latest_only to 2025-08-01 20:00:00+00:00, run_after=2025-08-02 00:00:00+00:00
[2025-08-02T02:16:53.256+0000] {processor.py:183} INFO - Processing /home/airflow/.local/lib/python3.8/site-packages/airflow/example_dags/example_latest_only.py took 0.323 seconds
[2025-08-02T02:17:26.613+0000] {processor.py:161} INFO - Started process (PID=3296) to work on /home/airflow/.local/lib/python3.8/site-packages/airflow/example_dags/example_latest_only.py
[2025-08-02T02:17:26.616+0000] {processor.py:830} INFO - Processing file /home/airflow/.local/lib/python3.8/site-packages/airflow/example_dags/example_latest_only.py for tasks to queue
[2025-08-02T02:17:26.617+0000] {logging_mixin.py:188} INFO - [2025-08-02T02:17:26.617+0000] {dagbag.py:540} INFO - Filling up the DagBag from /home/airflow/.local/lib/python3.8/site-packages/airflow/example_dags/example_latest_only.py
[2025-08-02T02:17:26.635+0000] {processor.py:840} INFO - DAG(s) 'latest_only' retrieved from /home/airflow/.local/lib/python3.8/site-packages/airflow/example_dags/example_latest_only.py
[2025-08-02T02:17:26.707+0000] {logging_mixin.py:188} INFO - [2025-08-02T02:17:26.705+0000] {dag.py:3047} INFO - Sync 1 DAGs
[2025-08-02T02:17:26.759+0000] {logging_mixin.py:188} INFO - [2025-08-02T02:17:26.758+0000] {dag.py:3834} INFO - Setting next_dagrun for latest_only to 2025-08-01 20:00:00+00:00, run_after=2025-08-02 00:00:00+00:00
[2025-08-02T02:17:26.797+0000] {processor.py:183} INFO - Processing /home/airflow/.local/lib/python3.8/site-packages/airflow/example_dags/example_latest_only.py took 0.189 seconds
[2025-08-02T02:18:20.001+0000] {processor.py:161} INFO - Started process (PID=3351) to work on /home/airflow/.local/lib/python3.8/site-packages/airflow/example_dags/example_latest_only.py
[2025-08-02T02:18:20.009+0000] {processor.py:830} INFO - Processing file /home/airflow/.local/lib/python3.8/site-packages/airflow/example_dags/example_latest_only.py for tasks to queue
[2025-08-02T02:18:20.023+0000] {logging_mixin.py:188} INFO - [2025-08-02T02:18:20.019+0000] {dagbag.py:540} INFO - Filling up the DagBag from /home/airflow/.local/lib/python3.8/site-packages/airflow/example_dags/example_latest_only.py
[2025-08-02T02:18:20.133+0000] {processor.py:840} INFO - DAG(s) 'latest_only' retrieved from /home/airflow/.local/lib/python3.8/site-packages/airflow/example_dags/example_latest_only.py
[2025-08-02T02:18:20.418+0000] {logging_mixin.py:188} INFO - [2025-08-02T02:18:20.416+0000] {dag.py:3047} INFO - Sync 1 DAGs
[2025-08-02T02:18:20.507+0000] {logging_mixin.py:188} INFO - [2025-08-02T02:18:20.506+0000] {dag.py:3834} INFO - Setting next_dagrun for latest_only to 2025-08-01 20:00:00+00:00, run_after=2025-08-02 00:00:00+00:00
[2025-08-02T02:18:20.664+0000] {processor.py:183} INFO - Processing /home/airflow/.local/lib/python3.8/site-packages/airflow/example_dags/example_latest_only.py took 0.704 seconds
[2025-08-02T02:19:05.877+0000] {processor.py:161} INFO - Started process (PID=3418) to work on /home/airflow/.local/lib/python3.8/site-packages/airflow/example_dags/example_latest_only.py
[2025-08-02T02:19:05.881+0000] {processor.py:830} INFO - Processing file /home/airflow/.local/lib/python3.8/site-packages/airflow/example_dags/example_latest_only.py for tasks to queue
[2025-08-02T02:19:05.890+0000] {logging_mixin.py:188} INFO - [2025-08-02T02:19:05.888+0000] {dagbag.py:540} INFO - Filling up the DagBag from /home/airflow/.local/lib/python3.8/site-packages/airflow/example_dags/example_latest_only.py
[2025-08-02T02:19:05.922+0000] {processor.py:840} INFO - DAG(s) 'latest_only' retrieved from /home/airflow/.local/lib/python3.8/site-packages/airflow/example_dags/example_latest_only.py
[2025-08-02T02:19:06.052+0000] {logging_mixin.py:188} INFO - [2025-08-02T02:19:06.050+0000] {dag.py:3047} INFO - Sync 1 DAGs
[2025-08-02T02:19:06.136+0000] {logging_mixin.py:188} INFO - [2025-08-02T02:19:06.136+0000] {dag.py:3834} INFO - Setting next_dagrun for latest_only to 2025-08-01 20:00:00+00:00, run_after=2025-08-02 00:00:00+00:00
[2025-08-02T02:19:06.216+0000] {processor.py:183} INFO - Processing /home/airflow/.local/lib/python3.8/site-packages/airflow/example_dags/example_latest_only.py took 0.351 seconds
[2025-08-02T02:19:41.391+0000] {processor.py:161} INFO - Started process (PID=3473) to work on /home/airflow/.local/lib/python3.8/site-packages/airflow/example_dags/example_latest_only.py
[2025-08-02T02:19:41.394+0000] {processor.py:830} INFO - Processing file /home/airflow/.local/lib/python3.8/site-packages/airflow/example_dags/example_latest_only.py for tasks to queue
[2025-08-02T02:19:41.396+0000] {logging_mixin.py:188} INFO - [2025-08-02T02:19:41.396+0000] {dagbag.py:540} INFO - Filling up the DagBag from /home/airflow/.local/lib/python3.8/site-packages/airflow/example_dags/example_latest_only.py
[2025-08-02T02:19:41.408+0000] {processor.py:840} INFO - DAG(s) 'latest_only' retrieved from /home/airflow/.local/lib/python3.8/site-packages/airflow/example_dags/example_latest_only.py
[2025-08-02T02:19:41.503+0000] {logging_mixin.py:188} INFO - [2025-08-02T02:19:41.502+0000] {dag.py:3047} INFO - Sync 1 DAGs
[2025-08-02T02:19:43.759+0000] {logging_mixin.py:188} INFO - [2025-08-02T02:19:43.758+0000] {dag.py:3834} INFO - Setting next_dagrun for latest_only to 2025-08-01 20:00:00+00:00, run_after=2025-08-02 00:00:00+00:00
[2025-08-02T02:19:43.830+0000] {processor.py:183} INFO - Processing /home/airflow/.local/lib/python3.8/site-packages/airflow/example_dags/example_latest_only.py took 2.460 seconds
[2025-08-02T02:20:14.021+0000] {processor.py:161} INFO - Started process (PID=3529) to work on /home/airflow/.local/lib/python3.8/site-packages/airflow/example_dags/example_latest_only.py
[2025-08-02T02:20:14.024+0000] {processor.py:830} INFO - Processing file /home/airflow/.local/lib/python3.8/site-packages/airflow/example_dags/example_latest_only.py for tasks to queue
[2025-08-02T02:20:14.026+0000] {logging_mixin.py:188} INFO - [2025-08-02T02:20:14.025+0000] {dagbag.py:540} INFO - Filling up the DagBag from /home/airflow/.local/lib/python3.8/site-packages/airflow/example_dags/example_latest_only.py
[2025-08-02T02:20:14.076+0000] {processor.py:840} INFO - DAG(s) 'latest_only' retrieved from /home/airflow/.local/lib/python3.8/site-packages/airflow/example_dags/example_latest_only.py
[2025-08-02T02:20:14.232+0000] {logging_mixin.py:188} INFO - [2025-08-02T02:20:14.230+0000] {dag.py:3047} INFO - Sync 1 DAGs
[2025-08-02T02:20:14.471+0000] {logging_mixin.py:188} INFO - [2025-08-02T02:20:14.470+0000] {dag.py:3834} INFO - Setting next_dagrun for latest_only to 2025-08-01 20:00:00+00:00, run_after=2025-08-02 00:00:00+00:00
[2025-08-02T02:20:14.535+0000] {processor.py:183} INFO - Processing /home/airflow/.local/lib/python3.8/site-packages/airflow/example_dags/example_latest_only.py took 0.529 seconds
[2025-08-02T02:20:44.762+0000] {processor.py:161} INFO - Started process (PID=3584) to work on /home/airflow/.local/lib/python3.8/site-packages/airflow/example_dags/example_latest_only.py
[2025-08-02T02:20:44.763+0000] {processor.py:830} INFO - Processing file /home/airflow/.local/lib/python3.8/site-packages/airflow/example_dags/example_latest_only.py for tasks to queue
[2025-08-02T02:20:44.765+0000] {logging_mixin.py:188} INFO - [2025-08-02T02:20:44.764+0000] {dagbag.py:540} INFO - Filling up the DagBag from /home/airflow/.local/lib/python3.8/site-packages/airflow/example_dags/example_latest_only.py
[2025-08-02T02:20:44.777+0000] {processor.py:840} INFO - DAG(s) 'latest_only' retrieved from /home/airflow/.local/lib/python3.8/site-packages/airflow/example_dags/example_latest_only.py
[2025-08-02T02:20:44.797+0000] {logging_mixin.py:188} INFO - [2025-08-02T02:20:44.797+0000] {dag.py:3047} INFO - Sync 1 DAGs
[2025-08-02T02:20:44.814+0000] {logging_mixin.py:188} INFO - [2025-08-02T02:20:44.814+0000] {dag.py:3834} INFO - Setting next_dagrun for latest_only to 2025-08-01 20:00:00+00:00, run_after=2025-08-02 00:00:00+00:00
[2025-08-02T02:20:44.839+0000] {processor.py:183} INFO - Processing /home/airflow/.local/lib/python3.8/site-packages/airflow/example_dags/example_latest_only.py took 0.082 seconds
[2025-08-02T02:21:15.069+0000] {processor.py:161} INFO - Started process (PID=3637) to work on /home/airflow/.local/lib/python3.8/site-packages/airflow/example_dags/example_latest_only.py
[2025-08-02T02:21:15.073+0000] {processor.py:830} INFO - Processing file /home/airflow/.local/lib/python3.8/site-packages/airflow/example_dags/example_latest_only.py for tasks to queue
[2025-08-02T02:21:15.081+0000] {logging_mixin.py:188} INFO - [2025-08-02T02:21:15.080+0000] {dagbag.py:540} INFO - Filling up the DagBag from /home/airflow/.local/lib/python3.8/site-packages/airflow/example_dags/example_latest_only.py
[2025-08-02T02:21:15.119+0000] {processor.py:840} INFO - DAG(s) 'latest_only' retrieved from /home/airflow/.local/lib/python3.8/site-packages/airflow/example_dags/example_latest_only.py
[2025-08-02T02:21:15.163+0000] {logging_mixin.py:188} INFO - [2025-08-02T02:21:15.163+0000] {dag.py:3047} INFO - Sync 1 DAGs
[2025-08-02T02:21:15.211+0000] {logging_mixin.py:188} INFO - [2025-08-02T02:21:15.210+0000] {dag.py:3834} INFO - Setting next_dagrun for latest_only to 2025-08-01 20:00:00+00:00, run_after=2025-08-02 00:00:00+00:00
[2025-08-02T02:21:15.291+0000] {processor.py:183} INFO - Processing /home/airflow/.local/lib/python3.8/site-packages/airflow/example_dags/example_latest_only.py took 0.239 seconds
[2025-08-02T02:21:49.240+0000] {processor.py:161} INFO - Started process (PID=3689) to work on /home/airflow/.local/lib/python3.8/site-packages/airflow/example_dags/example_latest_only.py
[2025-08-02T02:21:49.242+0000] {processor.py:830} INFO - Processing file /home/airflow/.local/lib/python3.8/site-packages/airflow/example_dags/example_latest_only.py for tasks to queue
[2025-08-02T02:21:49.243+0000] {logging_mixin.py:188} INFO - [2025-08-02T02:21:49.242+0000] {dagbag.py:540} INFO - Filling up the DagBag from /home/airflow/.local/lib/python3.8/site-packages/airflow/example_dags/example_latest_only.py
[2025-08-02T02:21:49.258+0000] {processor.py:840} INFO - DAG(s) 'latest_only' retrieved from /home/airflow/.local/lib/python3.8/site-packages/airflow/example_dags/example_latest_only.py
[2025-08-02T02:21:49.394+0000] {logging_mixin.py:188} INFO - [2025-08-02T02:21:49.387+0000] {dag.py:3047} INFO - Sync 1 DAGs
[2025-08-02T02:21:49.700+0000] {logging_mixin.py:188} INFO - [2025-08-02T02:21:49.693+0000] {dag.py:3834} INFO - Setting next_dagrun for latest_only to 2025-08-01 20:00:00+00:00, run_after=2025-08-02 00:00:00+00:00
[2025-08-02T02:21:50.273+0000] {processor.py:183} INFO - Processing /home/airflow/.local/lib/python3.8/site-packages/airflow/example_dags/example_latest_only.py took 1.038 seconds
[2025-08-02T02:22:21.518+0000] {processor.py:161} INFO - Started process (PID=3745) to work on /home/airflow/.local/lib/python3.8/site-packages/airflow/example_dags/example_latest_only.py
[2025-08-02T02:22:21.533+0000] {processor.py:830} INFO - Processing file /home/airflow/.local/lib/python3.8/site-packages/airflow/example_dags/example_latest_only.py for tasks to queue
[2025-08-02T02:22:21.537+0000] {logging_mixin.py:188} INFO - [2025-08-02T02:22:21.536+0000] {dagbag.py:540} INFO - Filling up the DagBag from /home/airflow/.local/lib/python3.8/site-packages/airflow/example_dags/example_latest_only.py
[2025-08-02T02:22:21.576+0000] {processor.py:840} INFO - DAG(s) 'latest_only' retrieved from /home/airflow/.local/lib/python3.8/site-packages/airflow/example_dags/example_latest_only.py
[2025-08-02T02:22:21.702+0000] {logging_mixin.py:188} INFO - [2025-08-02T02:22:21.702+0000] {dag.py:3047} INFO - Sync 1 DAGs
[2025-08-02T02:22:21.809+0000] {logging_mixin.py:188} INFO - [2025-08-02T02:22:21.809+0000] {dag.py:3834} INFO - Setting next_dagrun for latest_only to 2025-08-01 20:00:00+00:00, run_after=2025-08-02 00:00:00+00:00
[2025-08-02T02:22:21.871+0000] {processor.py:183} INFO - Processing /home/airflow/.local/lib/python3.8/site-packages/airflow/example_dags/example_latest_only.py took 0.367 seconds
[2025-08-02T02:22:52.005+0000] {processor.py:161} INFO - Started process (PID=3803) to work on /home/airflow/.local/lib/python3.8/site-packages/airflow/example_dags/example_latest_only.py
[2025-08-02T02:22:52.011+0000] {processor.py:830} INFO - Processing file /home/airflow/.local/lib/python3.8/site-packages/airflow/example_dags/example_latest_only.py for tasks to queue
[2025-08-02T02:22:52.016+0000] {logging_mixin.py:188} INFO - [2025-08-02T02:22:52.015+0000] {dagbag.py:540} INFO - Filling up the DagBag from /home/airflow/.local/lib/python3.8/site-packages/airflow/example_dags/example_latest_only.py
[2025-08-02T02:22:52.035+0000] {processor.py:840} INFO - DAG(s) 'latest_only' retrieved from /home/airflow/.local/lib/python3.8/site-packages/airflow/example_dags/example_latest_only.py
[2025-08-02T02:22:52.155+0000] {logging_mixin.py:188} INFO - [2025-08-02T02:22:52.155+0000] {dag.py:3047} INFO - Sync 1 DAGs
[2025-08-02T02:22:52.290+0000] {logging_mixin.py:188} INFO - [2025-08-02T02:22:52.289+0000] {dag.py:3834} INFO - Setting next_dagrun for latest_only to 2025-08-01 20:00:00+00:00, run_after=2025-08-02 00:00:00+00:00
[2025-08-02T02:22:52.373+0000] {processor.py:183} INFO - Processing /home/airflow/.local/lib/python3.8/site-packages/airflow/example_dags/example_latest_only.py took 0.384 seconds
[2025-08-02T02:23:23.021+0000] {processor.py:161} INFO - Started process (PID=3858) to work on /home/airflow/.local/lib/python3.8/site-packages/airflow/example_dags/example_latest_only.py
[2025-08-02T02:23:23.025+0000] {processor.py:830} INFO - Processing file /home/airflow/.local/lib/python3.8/site-packages/airflow/example_dags/example_latest_only.py for tasks to queue
[2025-08-02T02:23:23.031+0000] {logging_mixin.py:188} INFO - [2025-08-02T02:23:23.028+0000] {dagbag.py:540} INFO - Filling up the DagBag from /home/airflow/.local/lib/python3.8/site-packages/airflow/example_dags/example_latest_only.py
[2025-08-02T02:23:23.078+0000] {processor.py:840} INFO - DAG(s) 'latest_only' retrieved from /home/airflow/.local/lib/python3.8/site-packages/airflow/example_dags/example_latest_only.py
[2025-08-02T02:23:23.271+0000] {logging_mixin.py:188} INFO - [2025-08-02T02:23:23.258+0000] {dag.py:3047} INFO - Sync 1 DAGs
[2025-08-02T02:23:23.341+0000] {logging_mixin.py:188} INFO - [2025-08-02T02:23:23.340+0000] {dag.py:3834} INFO - Setting next_dagrun for latest_only to 2025-08-01 20:00:00+00:00, run_after=2025-08-02 00:00:00+00:00
[2025-08-02T02:23:24.015+0000] {processor.py:183} INFO - Processing /home/airflow/.local/lib/python3.8/site-packages/airflow/example_dags/example_latest_only.py took 0.999 seconds
[2025-08-02T02:23:54.687+0000] {processor.py:161} INFO - Started process (PID=3914) to work on /home/airflow/.local/lib/python3.8/site-packages/airflow/example_dags/example_latest_only.py
[2025-08-02T02:23:54.688+0000] {processor.py:830} INFO - Processing file /home/airflow/.local/lib/python3.8/site-packages/airflow/example_dags/example_latest_only.py for tasks to queue
[2025-08-02T02:23:54.690+0000] {logging_mixin.py:188} INFO - [2025-08-02T02:23:54.689+0000] {dagbag.py:540} INFO - Filling up the DagBag from /home/airflow/.local/lib/python3.8/site-packages/airflow/example_dags/example_latest_only.py
[2025-08-02T02:23:54.711+0000] {processor.py:840} INFO - DAG(s) 'latest_only' retrieved from /home/airflow/.local/lib/python3.8/site-packages/airflow/example_dags/example_latest_only.py
[2025-08-02T02:23:54.769+0000] {logging_mixin.py:188} INFO - [2025-08-02T02:23:54.769+0000] {dag.py:3047} INFO - Sync 1 DAGs
[2025-08-02T02:23:54.818+0000] {logging_mixin.py:188} INFO - [2025-08-02T02:23:54.817+0000] {dag.py:3834} INFO - Setting next_dagrun for latest_only to 2025-08-01 20:00:00+00:00, run_after=2025-08-02 00:00:00+00:00
[2025-08-02T02:23:54.842+0000] {processor.py:183} INFO - Processing /home/airflow/.local/lib/python3.8/site-packages/airflow/example_dags/example_latest_only.py took 0.161 seconds
[2025-08-02T02:24:25.535+0000] {processor.py:161} INFO - Started process (PID=3969) to work on /home/airflow/.local/lib/python3.8/site-packages/airflow/example_dags/example_latest_only.py
[2025-08-02T02:24:25.537+0000] {processor.py:830} INFO - Processing file /home/airflow/.local/lib/python3.8/site-packages/airflow/example_dags/example_latest_only.py for tasks to queue
[2025-08-02T02:24:25.539+0000] {logging_mixin.py:188} INFO - [2025-08-02T02:24:25.538+0000] {dagbag.py:540} INFO - Filling up the DagBag from /home/airflow/.local/lib/python3.8/site-packages/airflow/example_dags/example_latest_only.py
[2025-08-02T02:24:25.565+0000] {processor.py:840} INFO - DAG(s) 'latest_only' retrieved from /home/airflow/.local/lib/python3.8/site-packages/airflow/example_dags/example_latest_only.py
[2025-08-02T02:24:25.628+0000] {logging_mixin.py:188} INFO - [2025-08-02T02:24:25.627+0000] {dag.py:3047} INFO - Sync 1 DAGs
[2025-08-02T02:24:25.685+0000] {logging_mixin.py:188} INFO - [2025-08-02T02:24:25.685+0000] {dag.py:3834} INFO - Setting next_dagrun for latest_only to 2025-08-01 20:00:00+00:00, run_after=2025-08-02 00:00:00+00:00
[2025-08-02T02:24:25.719+0000] {processor.py:183} INFO - Processing /home/airflow/.local/lib/python3.8/site-packages/airflow/example_dags/example_latest_only.py took 0.187 seconds
[2025-08-02T02:24:55.794+0000] {processor.py:161} INFO - Started process (PID=4024) to work on /home/airflow/.local/lib/python3.8/site-packages/airflow/example_dags/example_latest_only.py
[2025-08-02T02:24:55.799+0000] {processor.py:830} INFO - Processing file /home/airflow/.local/lib/python3.8/site-packages/airflow/example_dags/example_latest_only.py for tasks to queue
[2025-08-02T02:24:55.800+0000] {logging_mixin.py:188} INFO - [2025-08-02T02:24:55.800+0000] {dagbag.py:540} INFO - Filling up the DagBag from /home/airflow/.local/lib/python3.8/site-packages/airflow/example_dags/example_latest_only.py
[2025-08-02T02:24:55.814+0000] {processor.py:840} INFO - DAG(s) 'latest_only' retrieved from /home/airflow/.local/lib/python3.8/site-packages/airflow/example_dags/example_latest_only.py
[2025-08-02T02:24:55.920+0000] {logging_mixin.py:188} INFO - [2025-08-02T02:24:55.920+0000] {dag.py:3047} INFO - Sync 1 DAGs
[2025-08-02T02:24:55.968+0000] {logging_mixin.py:188} INFO - [2025-08-02T02:24:55.968+0000] {dag.py:3834} INFO - Setting next_dagrun for latest_only to 2025-08-01 20:00:00+00:00, run_after=2025-08-02 00:00:00+00:00
[2025-08-02T02:24:56.001+0000] {processor.py:183} INFO - Processing /home/airflow/.local/lib/python3.8/site-packages/airflow/example_dags/example_latest_only.py took 0.225 seconds
[2025-08-02T02:25:42.541+0000] {processor.py:161} INFO - Started process (PID=4076) to work on /home/airflow/.local/lib/python3.8/site-packages/airflow/example_dags/example_latest_only.py
[2025-08-02T02:25:42.543+0000] {processor.py:830} INFO - Processing file /home/airflow/.local/lib/python3.8/site-packages/airflow/example_dags/example_latest_only.py for tasks to queue
[2025-08-02T02:25:42.546+0000] {logging_mixin.py:188} INFO - [2025-08-02T02:25:42.545+0000] {dagbag.py:540} INFO - Filling up the DagBag from /home/airflow/.local/lib/python3.8/site-packages/airflow/example_dags/example_latest_only.py
[2025-08-02T02:25:42.555+0000] {processor.py:840} INFO - DAG(s) 'latest_only' retrieved from /home/airflow/.local/lib/python3.8/site-packages/airflow/example_dags/example_latest_only.py
[2025-08-02T02:25:42.602+0000] {logging_mixin.py:188} INFO - [2025-08-02T02:25:42.602+0000] {dag.py:3047} INFO - Sync 1 DAGs
[2025-08-02T02:25:42.635+0000] {logging_mixin.py:188} INFO - [2025-08-02T02:25:42.635+0000] {dag.py:3834} INFO - Setting next_dagrun for latest_only to 2025-08-01 20:00:00+00:00, run_after=2025-08-02 00:00:00+00:00
[2025-08-02T02:25:42.661+0000] {processor.py:183} INFO - Processing /home/airflow/.local/lib/python3.8/site-packages/airflow/example_dags/example_latest_only.py took 0.148 seconds
[2025-08-02T02:26:19.605+0000] {processor.py:161} INFO - Started process (PID=4126) to work on /home/airflow/.local/lib/python3.8/site-packages/airflow/example_dags/example_latest_only.py
[2025-08-02T02:26:19.615+0000] {processor.py:830} INFO - Processing file /home/airflow/.local/lib/python3.8/site-packages/airflow/example_dags/example_latest_only.py for tasks to queue
[2025-08-02T02:26:19.647+0000] {logging_mixin.py:188} INFO - [2025-08-02T02:26:19.636+0000] {dagbag.py:540} INFO - Filling up the DagBag from /home/airflow/.local/lib/python3.8/site-packages/airflow/example_dags/example_latest_only.py
[2025-08-02T02:26:19.747+0000] {processor.py:840} INFO - DAG(s) 'latest_only' retrieved from /home/airflow/.local/lib/python3.8/site-packages/airflow/example_dags/example_latest_only.py
[2025-08-02T02:26:20.109+0000] {logging_mixin.py:188} INFO - [2025-08-02T02:26:20.105+0000] {dag.py:3047} INFO - Sync 1 DAGs
[2025-08-02T02:26:20.211+0000] {logging_mixin.py:188} INFO - [2025-08-02T02:26:20.210+0000] {dag.py:3834} INFO - Setting next_dagrun for latest_only to 2025-08-01 20:00:00+00:00, run_after=2025-08-02 00:00:00+00:00
[2025-08-02T02:26:20.337+0000] {processor.py:183} INFO - Processing /home/airflow/.local/lib/python3.8/site-packages/airflow/example_dags/example_latest_only.py took 0.819 seconds
[2025-08-02T02:26:50.662+0000] {processor.py:161} INFO - Started process (PID=4186) to work on /home/airflow/.local/lib/python3.8/site-packages/airflow/example_dags/example_latest_only.py
[2025-08-02T02:26:50.665+0000] {processor.py:830} INFO - Processing file /home/airflow/.local/lib/python3.8/site-packages/airflow/example_dags/example_latest_only.py for tasks to queue
[2025-08-02T02:26:50.667+0000] {logging_mixin.py:188} INFO - [2025-08-02T02:26:50.666+0000] {dagbag.py:540} INFO - Filling up the DagBag from /home/airflow/.local/lib/python3.8/site-packages/airflow/example_dags/example_latest_only.py
[2025-08-02T02:26:50.686+0000] {processor.py:840} INFO - DAG(s) 'latest_only' retrieved from /home/airflow/.local/lib/python3.8/site-packages/airflow/example_dags/example_latest_only.py
[2025-08-02T02:26:51.002+0000] {logging_mixin.py:188} INFO - [2025-08-02T02:26:50.997+0000] {dag.py:3047} INFO - Sync 1 DAGs
[2025-08-02T02:26:51.185+0000] {logging_mixin.py:188} INFO - [2025-08-02T02:26:51.177+0000] {dag.py:3834} INFO - Setting next_dagrun for latest_only to 2025-08-01 20:00:00+00:00, run_after=2025-08-02 00:00:00+00:00
[2025-08-02T02:26:51.269+0000] {processor.py:183} INFO - Processing /home/airflow/.local/lib/python3.8/site-packages/airflow/example_dags/example_latest_only.py took 0.619 seconds
[2025-08-02T02:27:22.123+0000] {processor.py:161} INFO - Started process (PID=4229) to work on /home/airflow/.local/lib/python3.8/site-packages/airflow/example_dags/example_latest_only.py
[2025-08-02T02:27:22.127+0000] {processor.py:830} INFO - Processing file /home/airflow/.local/lib/python3.8/site-packages/airflow/example_dags/example_latest_only.py for tasks to queue
[2025-08-02T02:27:22.130+0000] {logging_mixin.py:188} INFO - [2025-08-02T02:27:22.128+0000] {dagbag.py:540} INFO - Filling up the DagBag from /home/airflow/.local/lib/python3.8/site-packages/airflow/example_dags/example_latest_only.py
[2025-08-02T02:27:22.157+0000] {processor.py:840} INFO - DAG(s) 'latest_only' retrieved from /home/airflow/.local/lib/python3.8/site-packages/airflow/example_dags/example_latest_only.py
[2025-08-02T02:27:22.203+0000] {logging_mixin.py:188} INFO - [2025-08-02T02:27:22.203+0000] {dag.py:3047} INFO - Sync 1 DAGs
[2025-08-02T02:27:22.232+0000] {logging_mixin.py:188} INFO - [2025-08-02T02:27:22.232+0000] {dag.py:3834} INFO - Setting next_dagrun for latest_only to 2025-08-01 20:00:00+00:00, run_after=2025-08-02 00:00:00+00:00
[2025-08-02T02:27:22.303+0000] {processor.py:183} INFO - Processing /home/airflow/.local/lib/python3.8/site-packages/airflow/example_dags/example_latest_only.py took 0.189 seconds
[2025-08-02T02:27:53.204+0000] {processor.py:161} INFO - Started process (PID=4283) to work on /home/airflow/.local/lib/python3.8/site-packages/airflow/example_dags/example_latest_only.py
[2025-08-02T02:27:53.206+0000] {processor.py:830} INFO - Processing file /home/airflow/.local/lib/python3.8/site-packages/airflow/example_dags/example_latest_only.py for tasks to queue
[2025-08-02T02:27:53.209+0000] {logging_mixin.py:188} INFO - [2025-08-02T02:27:53.208+0000] {dagbag.py:540} INFO - Filling up the DagBag from /home/airflow/.local/lib/python3.8/site-packages/airflow/example_dags/example_latest_only.py
[2025-08-02T02:27:53.226+0000] {processor.py:840} INFO - DAG(s) 'latest_only' retrieved from /home/airflow/.local/lib/python3.8/site-packages/airflow/example_dags/example_latest_only.py
[2025-08-02T02:27:53.365+0000] {logging_mixin.py:188} INFO - [2025-08-02T02:27:53.358+0000] {dag.py:3047} INFO - Sync 1 DAGs
[2025-08-02T02:27:53.690+0000] {logging_mixin.py:188} INFO - [2025-08-02T02:27:53.683+0000] {dag.py:3834} INFO - Setting next_dagrun for latest_only to 2025-08-01 20:00:00+00:00, run_after=2025-08-02 00:00:00+00:00
[2025-08-02T02:27:53.986+0000] {processor.py:183} INFO - Processing /home/airflow/.local/lib/python3.8/site-packages/airflow/example_dags/example_latest_only.py took 0.791 seconds
[2025-08-02T02:28:26.200+0000] {processor.py:161} INFO - Started process (PID=4337) to work on /home/airflow/.local/lib/python3.8/site-packages/airflow/example_dags/example_latest_only.py
[2025-08-02T02:28:26.205+0000] {processor.py:830} INFO - Processing file /home/airflow/.local/lib/python3.8/site-packages/airflow/example_dags/example_latest_only.py for tasks to queue
[2025-08-02T02:28:26.209+0000] {logging_mixin.py:188} INFO - [2025-08-02T02:28:26.209+0000] {dagbag.py:540} INFO - Filling up the DagBag from /home/airflow/.local/lib/python3.8/site-packages/airflow/example_dags/example_latest_only.py
[2025-08-02T02:28:26.228+0000] {processor.py:840} INFO - DAG(s) 'latest_only' retrieved from /home/airflow/.local/lib/python3.8/site-packages/airflow/example_dags/example_latest_only.py
[2025-08-02T02:28:26.358+0000] {logging_mixin.py:188} INFO - [2025-08-02T02:28:26.357+0000] {dag.py:3047} INFO - Sync 1 DAGs
[2025-08-02T02:28:26.477+0000] {logging_mixin.py:188} INFO - [2025-08-02T02:28:26.475+0000] {dag.py:3834} INFO - Setting next_dagrun for latest_only to 2025-08-01 20:00:00+00:00, run_after=2025-08-02 00:00:00+00:00
[2025-08-02T02:28:26.574+0000] {processor.py:183} INFO - Processing /home/airflow/.local/lib/python3.8/site-packages/airflow/example_dags/example_latest_only.py took 0.393 seconds
[2025-08-02T02:29:04.864+0000] {processor.py:161} INFO - Started process (PID=4371) to work on /home/airflow/.local/lib/python3.8/site-packages/airflow/example_dags/example_latest_only.py
[2025-08-02T02:29:04.868+0000] {processor.py:830} INFO - Processing file /home/airflow/.local/lib/python3.8/site-packages/airflow/example_dags/example_latest_only.py for tasks to queue
[2025-08-02T02:29:04.870+0000] {logging_mixin.py:188} INFO - [2025-08-02T02:29:04.869+0000] {dagbag.py:540} INFO - Filling up the DagBag from /home/airflow/.local/lib/python3.8/site-packages/airflow/example_dags/example_latest_only.py
[2025-08-02T02:29:04.897+0000] {processor.py:840} INFO - DAG(s) 'latest_only' retrieved from /home/airflow/.local/lib/python3.8/site-packages/airflow/example_dags/example_latest_only.py
[2025-08-02T02:29:04.957+0000] {logging_mixin.py:188} INFO - [2025-08-02T02:29:04.955+0000] {dag.py:3047} INFO - Sync 1 DAGs
[2025-08-02T02:29:05.123+0000] {logging_mixin.py:188} INFO - [2025-08-02T02:29:05.120+0000] {dag.py:3834} INFO - Setting next_dagrun for latest_only to 2025-08-01 20:00:00+00:00, run_after=2025-08-02 00:00:00+00:00
[2025-08-02T02:29:05.225+0000] {processor.py:183} INFO - Processing /home/airflow/.local/lib/python3.8/site-packages/airflow/example_dags/example_latest_only.py took 0.372 seconds
[2025-08-02T02:29:35.451+0000] {processor.py:161} INFO - Started process (PID=4427) to work on /home/airflow/.local/lib/python3.8/site-packages/airflow/example_dags/example_latest_only.py
[2025-08-02T02:29:35.452+0000] {processor.py:830} INFO - Processing file /home/airflow/.local/lib/python3.8/site-packages/airflow/example_dags/example_latest_only.py for tasks to queue
[2025-08-02T02:29:35.453+0000] {logging_mixin.py:188} INFO - [2025-08-02T02:29:35.453+0000] {dagbag.py:540} INFO - Filling up the DagBag from /home/airflow/.local/lib/python3.8/site-packages/airflow/example_dags/example_latest_only.py
[2025-08-02T02:29:35.465+0000] {processor.py:840} INFO - DAG(s) 'latest_only' retrieved from /home/airflow/.local/lib/python3.8/site-packages/airflow/example_dags/example_latest_only.py
[2025-08-02T02:29:35.506+0000] {logging_mixin.py:188} INFO - [2025-08-02T02:29:35.505+0000] {dag.py:3047} INFO - Sync 1 DAGs
[2025-08-02T02:29:35.527+0000] {logging_mixin.py:188} INFO - [2025-08-02T02:29:35.527+0000] {dag.py:3834} INFO - Setting next_dagrun for latest_only to 2025-08-01 20:00:00+00:00, run_after=2025-08-02 00:00:00+00:00
[2025-08-02T02:29:35.540+0000] {processor.py:183} INFO - Processing /home/airflow/.local/lib/python3.8/site-packages/airflow/example_dags/example_latest_only.py took 0.093 seconds
[2025-08-02T02:30:17.169+0000] {processor.py:161} INFO - Started process (PID=4472) to work on /home/airflow/.local/lib/python3.8/site-packages/airflow/example_dags/example_latest_only.py
[2025-08-02T02:30:17.186+0000] {processor.py:830} INFO - Processing file /home/airflow/.local/lib/python3.8/site-packages/airflow/example_dags/example_latest_only.py for tasks to queue
[2025-08-02T02:30:17.192+0000] {logging_mixin.py:188} INFO - [2025-08-02T02:30:17.190+0000] {dagbag.py:540} INFO - Filling up the DagBag from /home/airflow/.local/lib/python3.8/site-packages/airflow/example_dags/example_latest_only.py
[2025-08-02T02:30:17.233+0000] {processor.py:840} INFO - DAG(s) 'latest_only' retrieved from /home/airflow/.local/lib/python3.8/site-packages/airflow/example_dags/example_latest_only.py
[2025-08-02T02:30:17.382+0000] {logging_mixin.py:188} INFO - [2025-08-02T02:30:17.381+0000] {dag.py:3047} INFO - Sync 1 DAGs
[2025-08-02T02:30:17.452+0000] {logging_mixin.py:188} INFO - [2025-08-02T02:30:17.451+0000] {dag.py:3834} INFO - Setting next_dagrun for latest_only to 2025-08-01 20:00:00+00:00, run_after=2025-08-02 00:00:00+00:00
[2025-08-02T02:30:17.520+0000] {processor.py:183} INFO - Processing /home/airflow/.local/lib/python3.8/site-packages/airflow/example_dags/example_latest_only.py took 0.369 seconds
[2025-08-02T02:30:48.437+0000] {processor.py:161} INFO - Started process (PID=4528) to work on /home/airflow/.local/lib/python3.8/site-packages/airflow/example_dags/example_latest_only.py
[2025-08-02T02:30:48.441+0000] {processor.py:830} INFO - Processing file /home/airflow/.local/lib/python3.8/site-packages/airflow/example_dags/example_latest_only.py for tasks to queue
[2025-08-02T02:30:48.444+0000] {logging_mixin.py:188} INFO - [2025-08-02T02:30:48.443+0000] {dagbag.py:540} INFO - Filling up the DagBag from /home/airflow/.local/lib/python3.8/site-packages/airflow/example_dags/example_latest_only.py
[2025-08-02T02:30:48.468+0000] {processor.py:840} INFO - DAG(s) 'latest_only' retrieved from /home/airflow/.local/lib/python3.8/site-packages/airflow/example_dags/example_latest_only.py
[2025-08-02T02:30:48.522+0000] {logging_mixin.py:188} INFO - [2025-08-02T02:30:48.522+0000] {dag.py:3047} INFO - Sync 1 DAGs
[2025-08-02T02:30:48.569+0000] {logging_mixin.py:188} INFO - [2025-08-02T02:30:48.569+0000] {dag.py:3834} INFO - Setting next_dagrun for latest_only to 2025-08-01 20:00:00+00:00, run_after=2025-08-02 00:00:00+00:00
[2025-08-02T02:30:48.621+0000] {processor.py:183} INFO - Processing /home/airflow/.local/lib/python3.8/site-packages/airflow/example_dags/example_latest_only.py took 0.194 seconds
[2025-08-02T02:36:45.700+0000] {processor.py:161} INFO - Started process (PID=64) to work on /home/airflow/.local/lib/python3.8/site-packages/airflow/example_dags/example_latest_only.py
[2025-08-02T02:36:45.703+0000] {processor.py:830} INFO - Processing file /home/airflow/.local/lib/python3.8/site-packages/airflow/example_dags/example_latest_only.py for tasks to queue
[2025-08-02T02:36:45.706+0000] {logging_mixin.py:188} INFO - [2025-08-02T02:36:45.705+0000] {dagbag.py:540} INFO - Filling up the DagBag from /home/airflow/.local/lib/python3.8/site-packages/airflow/example_dags/example_latest_only.py
[2025-08-02T02:36:45.718+0000] {processor.py:840} INFO - DAG(s) 'latest_only' retrieved from /home/airflow/.local/lib/python3.8/site-packages/airflow/example_dags/example_latest_only.py
[2025-08-02T02:36:46.444+0000] {logging_mixin.py:188} INFO - [2025-08-02T02:36:46.442+0000] {dag.py:3047} INFO - Sync 1 DAGs
[2025-08-02T02:36:46.498+0000] {logging_mixin.py:188} INFO - [2025-08-02T02:36:46.498+0000] {dag.py:3834} INFO - Setting next_dagrun for latest_only to 2025-08-01 20:00:00+00:00, run_after=2025-08-02 00:00:00+00:00
[2025-08-02T02:36:46.555+0000] {processor.py:183} INFO - Processing /home/airflow/.local/lib/python3.8/site-packages/airflow/example_dags/example_latest_only.py took 0.862 seconds
[2025-08-02T02:37:17.311+0000] {processor.py:161} INFO - Started process (PID=125) to work on /home/airflow/.local/lib/python3.8/site-packages/airflow/example_dags/example_latest_only.py
[2025-08-02T02:37:17.314+0000] {processor.py:830} INFO - Processing file /home/airflow/.local/lib/python3.8/site-packages/airflow/example_dags/example_latest_only.py for tasks to queue
[2025-08-02T02:37:17.317+0000] {logging_mixin.py:188} INFO - [2025-08-02T02:37:17.317+0000] {dagbag.py:540} INFO - Filling up the DagBag from /home/airflow/.local/lib/python3.8/site-packages/airflow/example_dags/example_latest_only.py
[2025-08-02T02:37:17.329+0000] {processor.py:840} INFO - DAG(s) 'latest_only' retrieved from /home/airflow/.local/lib/python3.8/site-packages/airflow/example_dags/example_latest_only.py
[2025-08-02T02:37:17.379+0000] {logging_mixin.py:188} INFO - [2025-08-02T02:37:17.379+0000] {dag.py:3047} INFO - Sync 1 DAGs
[2025-08-02T02:37:17.408+0000] {logging_mixin.py:188} INFO - [2025-08-02T02:37:17.408+0000] {dag.py:3834} INFO - Setting next_dagrun for latest_only to 2025-08-01 20:00:00+00:00, run_after=2025-08-02 00:00:00+00:00
[2025-08-02T02:37:17.425+0000] {processor.py:183} INFO - Processing /home/airflow/.local/lib/python3.8/site-packages/airflow/example_dags/example_latest_only.py took 0.120 seconds
[2025-08-02T02:37:47.697+0000] {processor.py:161} INFO - Started process (PID=181) to work on /home/airflow/.local/lib/python3.8/site-packages/airflow/example_dags/example_latest_only.py
[2025-08-02T02:37:47.700+0000] {processor.py:830} INFO - Processing file /home/airflow/.local/lib/python3.8/site-packages/airflow/example_dags/example_latest_only.py for tasks to queue
[2025-08-02T02:37:47.706+0000] {logging_mixin.py:188} INFO - [2025-08-02T02:37:47.706+0000] {dagbag.py:540} INFO - Filling up the DagBag from /home/airflow/.local/lib/python3.8/site-packages/airflow/example_dags/example_latest_only.py
[2025-08-02T02:37:47.726+0000] {processor.py:840} INFO - DAG(s) 'latest_only' retrieved from /home/airflow/.local/lib/python3.8/site-packages/airflow/example_dags/example_latest_only.py
[2025-08-02T02:37:47.791+0000] {logging_mixin.py:188} INFO - [2025-08-02T02:37:47.791+0000] {dag.py:3047} INFO - Sync 1 DAGs
[2025-08-02T02:37:47.822+0000] {logging_mixin.py:188} INFO - [2025-08-02T02:37:47.822+0000] {dag.py:3834} INFO - Setting next_dagrun for latest_only to 2025-08-01 20:00:00+00:00, run_after=2025-08-02 00:00:00+00:00
[2025-08-02T02:37:47.866+0000] {processor.py:183} INFO - Processing /home/airflow/.local/lib/python3.8/site-packages/airflow/example_dags/example_latest_only.py took 0.187 seconds
[2025-08-02T02:38:18.235+0000] {processor.py:161} INFO - Started process (PID=237) to work on /home/airflow/.local/lib/python3.8/site-packages/airflow/example_dags/example_latest_only.py
[2025-08-02T02:38:18.241+0000] {processor.py:830} INFO - Processing file /home/airflow/.local/lib/python3.8/site-packages/airflow/example_dags/example_latest_only.py for tasks to queue
[2025-08-02T02:38:18.244+0000] {logging_mixin.py:188} INFO - [2025-08-02T02:38:18.244+0000] {dagbag.py:540} INFO - Filling up the DagBag from /home/airflow/.local/lib/python3.8/site-packages/airflow/example_dags/example_latest_only.py
[2025-08-02T02:38:18.275+0000] {processor.py:840} INFO - DAG(s) 'latest_only' retrieved from /home/airflow/.local/lib/python3.8/site-packages/airflow/example_dags/example_latest_only.py
[2025-08-02T02:38:18.329+0000] {logging_mixin.py:188} INFO - [2025-08-02T02:38:18.328+0000] {dag.py:3047} INFO - Sync 1 DAGs
[2025-08-02T02:38:18.367+0000] {logging_mixin.py:188} INFO - [2025-08-02T02:38:18.367+0000] {dag.py:3834} INFO - Setting next_dagrun for latest_only to 2025-08-01 20:00:00+00:00, run_after=2025-08-02 00:00:00+00:00
[2025-08-02T02:38:18.388+0000] {processor.py:183} INFO - Processing /home/airflow/.local/lib/python3.8/site-packages/airflow/example_dags/example_latest_only.py took 0.160 seconds
[2025-08-02T02:38:48.583+0000] {processor.py:161} INFO - Started process (PID=292) to work on /home/airflow/.local/lib/python3.8/site-packages/airflow/example_dags/example_latest_only.py
[2025-08-02T02:38:48.585+0000] {processor.py:830} INFO - Processing file /home/airflow/.local/lib/python3.8/site-packages/airflow/example_dags/example_latest_only.py for tasks to queue
[2025-08-02T02:38:48.589+0000] {logging_mixin.py:188} INFO - [2025-08-02T02:38:48.588+0000] {dagbag.py:540} INFO - Filling up the DagBag from /home/airflow/.local/lib/python3.8/site-packages/airflow/example_dags/example_latest_only.py
[2025-08-02T02:38:48.600+0000] {processor.py:840} INFO - DAG(s) 'latest_only' retrieved from /home/airflow/.local/lib/python3.8/site-packages/airflow/example_dags/example_latest_only.py
[2025-08-02T02:38:48.661+0000] {logging_mixin.py:188} INFO - [2025-08-02T02:38:48.661+0000] {dag.py:3047} INFO - Sync 1 DAGs
[2025-08-02T02:38:48.702+0000] {logging_mixin.py:188} INFO - [2025-08-02T02:38:48.702+0000] {dag.py:3834} INFO - Setting next_dagrun for latest_only to 2025-08-01 20:00:00+00:00, run_after=2025-08-02 00:00:00+00:00
[2025-08-02T02:38:48.717+0000] {processor.py:183} INFO - Processing /home/airflow/.local/lib/python3.8/site-packages/airflow/example_dags/example_latest_only.py took 0.151 seconds
[2025-08-02T02:39:18.888+0000] {processor.py:161} INFO - Started process (PID=347) to work on /home/airflow/.local/lib/python3.8/site-packages/airflow/example_dags/example_latest_only.py
[2025-08-02T02:39:18.890+0000] {processor.py:830} INFO - Processing file /home/airflow/.local/lib/python3.8/site-packages/airflow/example_dags/example_latest_only.py for tasks to queue
[2025-08-02T02:39:18.893+0000] {logging_mixin.py:188} INFO - [2025-08-02T02:39:18.892+0000] {dagbag.py:540} INFO - Filling up the DagBag from /home/airflow/.local/lib/python3.8/site-packages/airflow/example_dags/example_latest_only.py
[2025-08-02T02:39:18.902+0000] {processor.py:840} INFO - DAG(s) 'latest_only' retrieved from /home/airflow/.local/lib/python3.8/site-packages/airflow/example_dags/example_latest_only.py
[2025-08-02T02:39:18.953+0000] {logging_mixin.py:188} INFO - [2025-08-02T02:39:18.952+0000] {dag.py:3047} INFO - Sync 1 DAGs
[2025-08-02T02:39:18.972+0000] {logging_mixin.py:188} INFO - [2025-08-02T02:39:18.972+0000] {dag.py:3834} INFO - Setting next_dagrun for latest_only to 2025-08-01 20:00:00+00:00, run_after=2025-08-02 00:00:00+00:00
[2025-08-02T02:39:18.984+0000] {processor.py:183} INFO - Processing /home/airflow/.local/lib/python3.8/site-packages/airflow/example_dags/example_latest_only.py took 0.100 seconds
[2025-08-02T02:39:49.683+0000] {processor.py:161} INFO - Started process (PID=403) to work on /home/airflow/.local/lib/python3.8/site-packages/airflow/example_dags/example_latest_only.py
[2025-08-02T02:39:49.686+0000] {processor.py:830} INFO - Processing file /home/airflow/.local/lib/python3.8/site-packages/airflow/example_dags/example_latest_only.py for tasks to queue
[2025-08-02T02:39:49.773+0000] {logging_mixin.py:188} INFO - [2025-08-02T02:39:49.770+0000] {dagbag.py:540} INFO - Filling up the DagBag from /home/airflow/.local/lib/python3.8/site-packages/airflow/example_dags/example_latest_only.py
[2025-08-02T02:39:49.815+0000] {processor.py:840} INFO - DAG(s) 'latest_only' retrieved from /home/airflow/.local/lib/python3.8/site-packages/airflow/example_dags/example_latest_only.py
[2025-08-02T02:39:49.877+0000] {logging_mixin.py:188} INFO - [2025-08-02T02:39:49.877+0000] {dag.py:3047} INFO - Sync 1 DAGs
[2025-08-02T02:39:50.037+0000] {logging_mixin.py:188} INFO - [2025-08-02T02:39:50.035+0000] {dag.py:3834} INFO - Setting next_dagrun for latest_only to 2025-08-01 20:00:00+00:00, run_after=2025-08-02 00:00:00+00:00
[2025-08-02T02:39:50.097+0000] {processor.py:183} INFO - Processing /home/airflow/.local/lib/python3.8/site-packages/airflow/example_dags/example_latest_only.py took 0.430 seconds
[2025-08-02T02:40:20.733+0000] {processor.py:161} INFO - Started process (PID=459) to work on /home/airflow/.local/lib/python3.8/site-packages/airflow/example_dags/example_latest_only.py
[2025-08-02T02:40:20.735+0000] {processor.py:830} INFO - Processing file /home/airflow/.local/lib/python3.8/site-packages/airflow/example_dags/example_latest_only.py for tasks to queue
[2025-08-02T02:40:20.736+0000] {logging_mixin.py:188} INFO - [2025-08-02T02:40:20.736+0000] {dagbag.py:540} INFO - Filling up the DagBag from /home/airflow/.local/lib/python3.8/site-packages/airflow/example_dags/example_latest_only.py
[2025-08-02T02:40:20.748+0000] {processor.py:840} INFO - DAG(s) 'latest_only' retrieved from /home/airflow/.local/lib/python3.8/site-packages/airflow/example_dags/example_latest_only.py
[2025-08-02T02:40:20.836+0000] {logging_mixin.py:188} INFO - [2025-08-02T02:40:20.834+0000] {dag.py:3047} INFO - Sync 1 DAGs
[2025-08-02T02:40:20.868+0000] {logging_mixin.py:188} INFO - [2025-08-02T02:40:20.867+0000] {dag.py:3834} INFO - Setting next_dagrun for latest_only to 2025-08-01 20:00:00+00:00, run_after=2025-08-02 00:00:00+00:00
[2025-08-02T02:40:20.888+0000] {processor.py:183} INFO - Processing /home/airflow/.local/lib/python3.8/site-packages/airflow/example_dags/example_latest_only.py took 0.157 seconds
[2025-08-02T02:40:51.075+0000] {processor.py:161} INFO - Started process (PID=515) to work on /home/airflow/.local/lib/python3.8/site-packages/airflow/example_dags/example_latest_only.py
[2025-08-02T02:40:51.078+0000] {processor.py:830} INFO - Processing file /home/airflow/.local/lib/python3.8/site-packages/airflow/example_dags/example_latest_only.py for tasks to queue
[2025-08-02T02:40:51.080+0000] {logging_mixin.py:188} INFO - [2025-08-02T02:40:51.080+0000] {dagbag.py:540} INFO - Filling up the DagBag from /home/airflow/.local/lib/python3.8/site-packages/airflow/example_dags/example_latest_only.py
[2025-08-02T02:40:51.087+0000] {processor.py:840} INFO - DAG(s) 'latest_only' retrieved from /home/airflow/.local/lib/python3.8/site-packages/airflow/example_dags/example_latest_only.py
[2025-08-02T02:40:51.109+0000] {logging_mixin.py:188} INFO - [2025-08-02T02:40:51.109+0000] {dag.py:3047} INFO - Sync 1 DAGs
[2025-08-02T02:40:51.141+0000] {logging_mixin.py:188} INFO - [2025-08-02T02:40:51.141+0000] {dag.py:3834} INFO - Setting next_dagrun for latest_only to 2025-08-01 20:00:00+00:00, run_after=2025-08-02 00:00:00+00:00
[2025-08-02T02:40:51.211+0000] {processor.py:183} INFO - Processing /home/airflow/.local/lib/python3.8/site-packages/airflow/example_dags/example_latest_only.py took 0.139 seconds
[2025-08-02T02:41:21.874+0000] {processor.py:161} INFO - Started process (PID=571) to work on /home/airflow/.local/lib/python3.8/site-packages/airflow/example_dags/example_latest_only.py
[2025-08-02T02:41:21.875+0000] {processor.py:830} INFO - Processing file /home/airflow/.local/lib/python3.8/site-packages/airflow/example_dags/example_latest_only.py for tasks to queue
[2025-08-02T02:41:21.878+0000] {logging_mixin.py:188} INFO - [2025-08-02T02:41:21.878+0000] {dagbag.py:540} INFO - Filling up the DagBag from /home/airflow/.local/lib/python3.8/site-packages/airflow/example_dags/example_latest_only.py
[2025-08-02T02:41:21.884+0000] {processor.py:840} INFO - DAG(s) 'latest_only' retrieved from /home/airflow/.local/lib/python3.8/site-packages/airflow/example_dags/example_latest_only.py
[2025-08-02T02:41:21.914+0000] {logging_mixin.py:188} INFO - [2025-08-02T02:41:21.913+0000] {dag.py:3047} INFO - Sync 1 DAGs
[2025-08-02T02:41:21.954+0000] {logging_mixin.py:188} INFO - [2025-08-02T02:41:21.954+0000] {dag.py:3834} INFO - Setting next_dagrun for latest_only to 2025-08-01 20:00:00+00:00, run_after=2025-08-02 00:00:00+00:00
[2025-08-02T02:41:21.972+0000] {processor.py:183} INFO - Processing /home/airflow/.local/lib/python3.8/site-packages/airflow/example_dags/example_latest_only.py took 0.101 seconds
[2025-08-02T02:41:52.519+0000] {processor.py:161} INFO - Started process (PID=627) to work on /home/airflow/.local/lib/python3.8/site-packages/airflow/example_dags/example_latest_only.py
[2025-08-02T02:41:52.519+0000] {processor.py:830} INFO - Processing file /home/airflow/.local/lib/python3.8/site-packages/airflow/example_dags/example_latest_only.py for tasks to queue
[2025-08-02T02:41:52.521+0000] {logging_mixin.py:188} INFO - [2025-08-02T02:41:52.521+0000] {dagbag.py:540} INFO - Filling up the DagBag from /home/airflow/.local/lib/python3.8/site-packages/airflow/example_dags/example_latest_only.py
[2025-08-02T02:41:52.525+0000] {processor.py:840} INFO - DAG(s) 'latest_only' retrieved from /home/airflow/.local/lib/python3.8/site-packages/airflow/example_dags/example_latest_only.py
[2025-08-02T02:41:52.540+0000] {logging_mixin.py:188} INFO - [2025-08-02T02:41:52.540+0000] {dag.py:3047} INFO - Sync 1 DAGs
[2025-08-02T02:41:52.556+0000] {logging_mixin.py:188} INFO - [2025-08-02T02:41:52.556+0000] {dag.py:3834} INFO - Setting next_dagrun for latest_only to 2025-08-01 20:00:00+00:00, run_after=2025-08-02 00:00:00+00:00
[2025-08-02T02:41:52.576+0000] {processor.py:183} INFO - Processing /home/airflow/.local/lib/python3.8/site-packages/airflow/example_dags/example_latest_only.py took 0.059 seconds
[2025-08-02T02:42:22.836+0000] {processor.py:161} INFO - Started process (PID=683) to work on /home/airflow/.local/lib/python3.8/site-packages/airflow/example_dags/example_latest_only.py
[2025-08-02T02:42:22.838+0000] {processor.py:830} INFO - Processing file /home/airflow/.local/lib/python3.8/site-packages/airflow/example_dags/example_latest_only.py for tasks to queue
[2025-08-02T02:42:22.839+0000] {logging_mixin.py:188} INFO - [2025-08-02T02:42:22.839+0000] {dagbag.py:540} INFO - Filling up the DagBag from /home/airflow/.local/lib/python3.8/site-packages/airflow/example_dags/example_latest_only.py
[2025-08-02T02:42:22.846+0000] {processor.py:840} INFO - DAG(s) 'latest_only' retrieved from /home/airflow/.local/lib/python3.8/site-packages/airflow/example_dags/example_latest_only.py
[2025-08-02T02:42:22.876+0000] {logging_mixin.py:188} INFO - [2025-08-02T02:42:22.876+0000] {dag.py:3047} INFO - Sync 1 DAGs
[2025-08-02T02:42:22.898+0000] {logging_mixin.py:188} INFO - [2025-08-02T02:42:22.898+0000] {dag.py:3834} INFO - Setting next_dagrun for latest_only to 2025-08-01 20:00:00+00:00, run_after=2025-08-02 00:00:00+00:00
[2025-08-02T02:42:22.910+0000] {processor.py:183} INFO - Processing /home/airflow/.local/lib/python3.8/site-packages/airflow/example_dags/example_latest_only.py took 0.077 seconds
[2025-08-02T02:46:18.706+0000] {processor.py:161} INFO - Started process (PID=63) to work on /home/airflow/.local/lib/python3.8/site-packages/airflow/example_dags/example_latest_only.py
[2025-08-02T02:46:18.711+0000] {processor.py:830} INFO - Processing file /home/airflow/.local/lib/python3.8/site-packages/airflow/example_dags/example_latest_only.py for tasks to queue
[2025-08-02T02:46:18.716+0000] {logging_mixin.py:188} INFO - [2025-08-02T02:46:18.715+0000] {dagbag.py:540} INFO - Filling up the DagBag from /home/airflow/.local/lib/python3.8/site-packages/airflow/example_dags/example_latest_only.py
[2025-08-02T02:46:18.853+0000] {processor.py:840} INFO - DAG(s) 'latest_only' retrieved from /home/airflow/.local/lib/python3.8/site-packages/airflow/example_dags/example_latest_only.py
[2025-08-02T02:46:18.968+0000] {logging_mixin.py:188} INFO - [2025-08-02T02:46:18.966+0000] {dag.py:3047} INFO - Sync 1 DAGs
[2025-08-02T02:46:19.069+0000] {logging_mixin.py:188} INFO - [2025-08-02T02:46:19.068+0000] {dag.py:3834} INFO - Setting next_dagrun for latest_only to 2025-08-01 20:00:00+00:00, run_after=2025-08-02 00:00:00+00:00
[2025-08-02T02:46:19.159+0000] {processor.py:183} INFO - Processing /home/airflow/.local/lib/python3.8/site-packages/airflow/example_dags/example_latest_only.py took 0.463 seconds
[2025-08-02T02:46:56.493+0000] {processor.py:161} INFO - Started process (PID=126) to work on /home/airflow/.local/lib/python3.8/site-packages/airflow/example_dags/example_latest_only.py
[2025-08-02T02:46:56.501+0000] {processor.py:830} INFO - Processing file /home/airflow/.local/lib/python3.8/site-packages/airflow/example_dags/example_latest_only.py for tasks to queue
[2025-08-02T02:46:56.521+0000] {logging_mixin.py:188} INFO - [2025-08-02T02:46:56.520+0000] {dagbag.py:540} INFO - Filling up the DagBag from /home/airflow/.local/lib/python3.8/site-packages/airflow/example_dags/example_latest_only.py
[2025-08-02T02:46:56.599+0000] {processor.py:840} INFO - DAG(s) 'latest_only' retrieved from /home/airflow/.local/lib/python3.8/site-packages/airflow/example_dags/example_latest_only.py
[2025-08-02T02:46:57.566+0000] {logging_mixin.py:188} INFO - [2025-08-02T02:46:57.545+0000] {dag.py:3047} INFO - Sync 1 DAGs
[2025-08-02T02:46:57.669+0000] {logging_mixin.py:188} INFO - [2025-08-02T02:46:57.668+0000] {dag.py:3834} INFO - Setting next_dagrun for latest_only to 2025-08-01 20:00:00+00:00, run_after=2025-08-02 00:00:00+00:00
[2025-08-02T02:46:57.723+0000] {processor.py:183} INFO - Processing /home/airflow/.local/lib/python3.8/site-packages/airflow/example_dags/example_latest_only.py took 1.243 seconds
[2025-08-02T02:47:28.203+0000] {processor.py:161} INFO - Started process (PID=182) to work on /home/airflow/.local/lib/python3.8/site-packages/airflow/example_dags/example_latest_only.py
[2025-08-02T02:47:28.221+0000] {processor.py:830} INFO - Processing file /home/airflow/.local/lib/python3.8/site-packages/airflow/example_dags/example_latest_only.py for tasks to queue
[2025-08-02T02:47:28.227+0000] {logging_mixin.py:188} INFO - [2025-08-02T02:47:28.227+0000] {dagbag.py:540} INFO - Filling up the DagBag from /home/airflow/.local/lib/python3.8/site-packages/airflow/example_dags/example_latest_only.py
[2025-08-02T02:47:28.268+0000] {processor.py:840} INFO - DAG(s) 'latest_only' retrieved from /home/airflow/.local/lib/python3.8/site-packages/airflow/example_dags/example_latest_only.py
[2025-08-02T02:47:28.379+0000] {logging_mixin.py:188} INFO - [2025-08-02T02:47:28.378+0000] {dag.py:3047} INFO - Sync 1 DAGs
[2025-08-02T02:47:28.455+0000] {logging_mixin.py:188} INFO - [2025-08-02T02:47:28.454+0000] {dag.py:3834} INFO - Setting next_dagrun for latest_only to 2025-08-01 20:00:00+00:00, run_after=2025-08-02 00:00:00+00:00
[2025-08-02T02:47:28.551+0000] {processor.py:183} INFO - Processing /home/airflow/.local/lib/python3.8/site-packages/airflow/example_dags/example_latest_only.py took 0.375 seconds
[2025-08-02T02:47:58.859+0000] {processor.py:161} INFO - Started process (PID=236) to work on /home/airflow/.local/lib/python3.8/site-packages/airflow/example_dags/example_latest_only.py
[2025-08-02T02:47:58.861+0000] {processor.py:830} INFO - Processing file /home/airflow/.local/lib/python3.8/site-packages/airflow/example_dags/example_latest_only.py for tasks to queue
[2025-08-02T02:47:58.868+0000] {logging_mixin.py:188} INFO - [2025-08-02T02:47:58.866+0000] {dagbag.py:540} INFO - Filling up the DagBag from /home/airflow/.local/lib/python3.8/site-packages/airflow/example_dags/example_latest_only.py
[2025-08-02T02:47:58.911+0000] {processor.py:840} INFO - DAG(s) 'latest_only' retrieved from /home/airflow/.local/lib/python3.8/site-packages/airflow/example_dags/example_latest_only.py
[2025-08-02T02:47:58.983+0000] {logging_mixin.py:188} INFO - [2025-08-02T02:47:58.982+0000] {dag.py:3047} INFO - Sync 1 DAGs
[2025-08-02T02:47:59.164+0000] {logging_mixin.py:188} INFO - [2025-08-02T02:47:59.163+0000] {dag.py:3834} INFO - Setting next_dagrun for latest_only to 2025-08-01 20:00:00+00:00, run_after=2025-08-02 00:00:00+00:00
[2025-08-02T02:47:59.221+0000] {processor.py:183} INFO - Processing /home/airflow/.local/lib/python3.8/site-packages/airflow/example_dags/example_latest_only.py took 0.371 seconds
[2025-08-02T02:48:30.145+0000] {processor.py:161} INFO - Started process (PID=293) to work on /home/airflow/.local/lib/python3.8/site-packages/airflow/example_dags/example_latest_only.py
[2025-08-02T02:48:30.147+0000] {processor.py:830} INFO - Processing file /home/airflow/.local/lib/python3.8/site-packages/airflow/example_dags/example_latest_only.py for tasks to queue
[2025-08-02T02:48:30.148+0000] {logging_mixin.py:188} INFO - [2025-08-02T02:48:30.148+0000] {dagbag.py:540} INFO - Filling up the DagBag from /home/airflow/.local/lib/python3.8/site-packages/airflow/example_dags/example_latest_only.py
[2025-08-02T02:48:30.154+0000] {processor.py:840} INFO - DAG(s) 'latest_only' retrieved from /home/airflow/.local/lib/python3.8/site-packages/airflow/example_dags/example_latest_only.py
[2025-08-02T02:48:30.183+0000] {logging_mixin.py:188} INFO - [2025-08-02T02:48:30.183+0000] {dag.py:3047} INFO - Sync 1 DAGs
[2025-08-02T02:48:30.221+0000] {logging_mixin.py:188} INFO - [2025-08-02T02:48:30.221+0000] {dag.py:3834} INFO - Setting next_dagrun for latest_only to 2025-08-01 20:00:00+00:00, run_after=2025-08-02 00:00:00+00:00
[2025-08-02T02:48:30.245+0000] {processor.py:183} INFO - Processing /home/airflow/.local/lib/python3.8/site-packages/airflow/example_dags/example_latest_only.py took 0.102 seconds
[2025-08-02T02:49:00.769+0000] {processor.py:161} INFO - Started process (PID=349) to work on /home/airflow/.local/lib/python3.8/site-packages/airflow/example_dags/example_latest_only.py
[2025-08-02T02:49:00.783+0000] {processor.py:830} INFO - Processing file /home/airflow/.local/lib/python3.8/site-packages/airflow/example_dags/example_latest_only.py for tasks to queue
[2025-08-02T02:49:00.793+0000] {logging_mixin.py:188} INFO - [2025-08-02T02:49:00.792+0000] {dagbag.py:540} INFO - Filling up the DagBag from /home/airflow/.local/lib/python3.8/site-packages/airflow/example_dags/example_latest_only.py
[2025-08-02T02:49:00.811+0000] {processor.py:840} INFO - DAG(s) 'latest_only' retrieved from /home/airflow/.local/lib/python3.8/site-packages/airflow/example_dags/example_latest_only.py
[2025-08-02T02:49:00.862+0000] {logging_mixin.py:188} INFO - [2025-08-02T02:49:00.861+0000] {dag.py:3047} INFO - Sync 1 DAGs
[2025-08-02T02:49:00.903+0000] {logging_mixin.py:188} INFO - [2025-08-02T02:49:00.903+0000] {dag.py:3834} INFO - Setting next_dagrun for latest_only to 2025-08-01 20:00:00+00:00, run_after=2025-08-02 00:00:00+00:00
[2025-08-02T02:49:00.922+0000] {processor.py:183} INFO - Processing /home/airflow/.local/lib/python3.8/site-packages/airflow/example_dags/example_latest_only.py took 0.173 seconds
[2025-08-02T02:49:31.138+0000] {processor.py:161} INFO - Started process (PID=405) to work on /home/airflow/.local/lib/python3.8/site-packages/airflow/example_dags/example_latest_only.py
[2025-08-02T02:49:31.140+0000] {processor.py:830} INFO - Processing file /home/airflow/.local/lib/python3.8/site-packages/airflow/example_dags/example_latest_only.py for tasks to queue
[2025-08-02T02:49:31.143+0000] {logging_mixin.py:188} INFO - [2025-08-02T02:49:31.143+0000] {dagbag.py:540} INFO - Filling up the DagBag from /home/airflow/.local/lib/python3.8/site-packages/airflow/example_dags/example_latest_only.py
[2025-08-02T02:49:31.150+0000] {processor.py:840} INFO - DAG(s) 'latest_only' retrieved from /home/airflow/.local/lib/python3.8/site-packages/airflow/example_dags/example_latest_only.py
[2025-08-02T02:49:31.178+0000] {logging_mixin.py:188} INFO - [2025-08-02T02:49:31.178+0000] {dag.py:3047} INFO - Sync 1 DAGs
[2025-08-02T02:49:31.212+0000] {logging_mixin.py:188} INFO - [2025-08-02T02:49:31.212+0000] {dag.py:3834} INFO - Setting next_dagrun for latest_only to 2025-08-01 20:00:00+00:00, run_after=2025-08-02 00:00:00+00:00
[2025-08-02T02:49:31.229+0000] {processor.py:183} INFO - Processing /home/airflow/.local/lib/python3.8/site-packages/airflow/example_dags/example_latest_only.py took 0.099 seconds
[2025-08-02T02:50:01.634+0000] {processor.py:161} INFO - Started process (PID=461) to work on /home/airflow/.local/lib/python3.8/site-packages/airflow/example_dags/example_latest_only.py
[2025-08-02T02:50:01.636+0000] {processor.py:830} INFO - Processing file /home/airflow/.local/lib/python3.8/site-packages/airflow/example_dags/example_latest_only.py for tasks to queue
[2025-08-02T02:50:01.640+0000] {logging_mixin.py:188} INFO - [2025-08-02T02:50:01.639+0000] {dagbag.py:540} INFO - Filling up the DagBag from /home/airflow/.local/lib/python3.8/site-packages/airflow/example_dags/example_latest_only.py
[2025-08-02T02:50:01.675+0000] {processor.py:840} INFO - DAG(s) 'latest_only' retrieved from /home/airflow/.local/lib/python3.8/site-packages/airflow/example_dags/example_latest_only.py
[2025-08-02T02:50:01.737+0000] {logging_mixin.py:188} INFO - [2025-08-02T02:50:01.737+0000] {dag.py:3047} INFO - Sync 1 DAGs
[2025-08-02T02:50:01.824+0000] {logging_mixin.py:188} INFO - [2025-08-02T02:50:01.824+0000] {dag.py:3834} INFO - Setting next_dagrun for latest_only to 2025-08-01 20:00:00+00:00, run_after=2025-08-02 00:00:00+00:00
[2025-08-02T02:50:01.911+0000] {processor.py:183} INFO - Processing /home/airflow/.local/lib/python3.8/site-packages/airflow/example_dags/example_latest_only.py took 0.283 seconds
[2025-08-02T02:50:33.354+0000] {processor.py:161} INFO - Started process (PID=517) to work on /home/airflow/.local/lib/python3.8/site-packages/airflow/example_dags/example_latest_only.py
[2025-08-02T02:50:33.357+0000] {processor.py:830} INFO - Processing file /home/airflow/.local/lib/python3.8/site-packages/airflow/example_dags/example_latest_only.py for tasks to queue
[2025-08-02T02:50:33.362+0000] {logging_mixin.py:188} INFO - [2025-08-02T02:50:33.361+0000] {dagbag.py:540} INFO - Filling up the DagBag from /home/airflow/.local/lib/python3.8/site-packages/airflow/example_dags/example_latest_only.py
[2025-08-02T02:50:33.399+0000] {processor.py:840} INFO - DAG(s) 'latest_only' retrieved from /home/airflow/.local/lib/python3.8/site-packages/airflow/example_dags/example_latest_only.py
[2025-08-02T02:50:33.560+0000] {logging_mixin.py:188} INFO - [2025-08-02T02:50:33.558+0000] {dag.py:3047} INFO - Sync 1 DAGs
[2025-08-02T02:50:33.659+0000] {logging_mixin.py:188} INFO - [2025-08-02T02:50:33.658+0000] {dag.py:3834} INFO - Setting next_dagrun for latest_only to 2025-08-01 20:00:00+00:00, run_after=2025-08-02 00:00:00+00:00
[2025-08-02T02:50:33.709+0000] {processor.py:183} INFO - Processing /home/airflow/.local/lib/python3.8/site-packages/airflow/example_dags/example_latest_only.py took 0.376 seconds
[2025-08-02T02:51:03.778+0000] {processor.py:161} INFO - Started process (PID=571) to work on /home/airflow/.local/lib/python3.8/site-packages/airflow/example_dags/example_latest_only.py
[2025-08-02T02:51:03.779+0000] {processor.py:830} INFO - Processing file /home/airflow/.local/lib/python3.8/site-packages/airflow/example_dags/example_latest_only.py for tasks to queue
[2025-08-02T02:51:03.780+0000] {logging_mixin.py:188} INFO - [2025-08-02T02:51:03.780+0000] {dagbag.py:540} INFO - Filling up the DagBag from /home/airflow/.local/lib/python3.8/site-packages/airflow/example_dags/example_latest_only.py
[2025-08-02T02:51:03.783+0000] {processor.py:840} INFO - DAG(s) 'latest_only' retrieved from /home/airflow/.local/lib/python3.8/site-packages/airflow/example_dags/example_latest_only.py
[2025-08-02T02:51:03.794+0000] {logging_mixin.py:188} INFO - [2025-08-02T02:51:03.794+0000] {dag.py:3047} INFO - Sync 1 DAGs
[2025-08-02T02:51:03.807+0000] {logging_mixin.py:188} INFO - [2025-08-02T02:51:03.807+0000] {dag.py:3834} INFO - Setting next_dagrun for latest_only to 2025-08-01 20:00:00+00:00, run_after=2025-08-02 00:00:00+00:00
[2025-08-02T02:51:03.815+0000] {processor.py:183} INFO - Processing /home/airflow/.local/lib/python3.8/site-packages/airflow/example_dags/example_latest_only.py took 0.039 seconds
[2025-08-02T02:51:34.759+0000] {processor.py:161} INFO - Started process (PID=627) to work on /home/airflow/.local/lib/python3.8/site-packages/airflow/example_dags/example_latest_only.py
[2025-08-02T02:51:34.762+0000] {processor.py:830} INFO - Processing file /home/airflow/.local/lib/python3.8/site-packages/airflow/example_dags/example_latest_only.py for tasks to queue
[2025-08-02T02:51:34.777+0000] {logging_mixin.py:188} INFO - [2025-08-02T02:51:34.775+0000] {dagbag.py:540} INFO - Filling up the DagBag from /home/airflow/.local/lib/python3.8/site-packages/airflow/example_dags/example_latest_only.py
[2025-08-02T02:51:34.796+0000] {processor.py:840} INFO - DAG(s) 'latest_only' retrieved from /home/airflow/.local/lib/python3.8/site-packages/airflow/example_dags/example_latest_only.py
[2025-08-02T02:51:34.928+0000] {logging_mixin.py:188} INFO - [2025-08-02T02:51:34.927+0000] {dag.py:3047} INFO - Sync 1 DAGs
[2025-08-02T02:51:35.030+0000] {logging_mixin.py:188} INFO - [2025-08-02T02:51:35.028+0000] {dag.py:3834} INFO - Setting next_dagrun for latest_only to 2025-08-01 20:00:00+00:00, run_after=2025-08-02 00:00:00+00:00
[2025-08-02T02:51:35.084+0000] {processor.py:183} INFO - Processing /home/airflow/.local/lib/python3.8/site-packages/airflow/example_dags/example_latest_only.py took 0.347 seconds
[2025-08-02T02:52:05.208+0000] {processor.py:161} INFO - Started process (PID=682) to work on /home/airflow/.local/lib/python3.8/site-packages/airflow/example_dags/example_latest_only.py
[2025-08-02T02:52:05.211+0000] {processor.py:830} INFO - Processing file /home/airflow/.local/lib/python3.8/site-packages/airflow/example_dags/example_latest_only.py for tasks to queue
[2025-08-02T02:52:05.215+0000] {logging_mixin.py:188} INFO - [2025-08-02T02:52:05.214+0000] {dagbag.py:540} INFO - Filling up the DagBag from /home/airflow/.local/lib/python3.8/site-packages/airflow/example_dags/example_latest_only.py
[2025-08-02T02:52:05.224+0000] {processor.py:840} INFO - DAG(s) 'latest_only' retrieved from /home/airflow/.local/lib/python3.8/site-packages/airflow/example_dags/example_latest_only.py
[2025-08-02T02:52:05.271+0000] {logging_mixin.py:188} INFO - [2025-08-02T02:52:05.270+0000] {dag.py:3047} INFO - Sync 1 DAGs
[2025-08-02T02:52:05.303+0000] {logging_mixin.py:188} INFO - [2025-08-02T02:52:05.303+0000] {dag.py:3834} INFO - Setting next_dagrun for latest_only to 2025-08-01 20:00:00+00:00, run_after=2025-08-02 00:00:00+00:00
[2025-08-02T02:52:05.332+0000] {processor.py:183} INFO - Processing /home/airflow/.local/lib/python3.8/site-packages/airflow/example_dags/example_latest_only.py took 0.149 seconds
[2025-08-02T02:52:35.398+0000] {processor.py:161} INFO - Started process (PID=738) to work on /home/airflow/.local/lib/python3.8/site-packages/airflow/example_dags/example_latest_only.py
[2025-08-02T02:52:35.401+0000] {processor.py:830} INFO - Processing file /home/airflow/.local/lib/python3.8/site-packages/airflow/example_dags/example_latest_only.py for tasks to queue
[2025-08-02T02:52:35.404+0000] {logging_mixin.py:188} INFO - [2025-08-02T02:52:35.403+0000] {dagbag.py:540} INFO - Filling up the DagBag from /home/airflow/.local/lib/python3.8/site-packages/airflow/example_dags/example_latest_only.py
[2025-08-02T02:52:35.412+0000] {processor.py:840} INFO - DAG(s) 'latest_only' retrieved from /home/airflow/.local/lib/python3.8/site-packages/airflow/example_dags/example_latest_only.py
[2025-08-02T02:52:35.430+0000] {logging_mixin.py:188} INFO - [2025-08-02T02:52:35.430+0000] {dag.py:3047} INFO - Sync 1 DAGs
[2025-08-02T02:52:35.444+0000] {logging_mixin.py:188} INFO - [2025-08-02T02:52:35.444+0000] {dag.py:3834} INFO - Setting next_dagrun for latest_only to 2025-08-01 20:00:00+00:00, run_after=2025-08-02 00:00:00+00:00
[2025-08-02T02:52:35.455+0000] {processor.py:183} INFO - Processing /home/airflow/.local/lib/python3.8/site-packages/airflow/example_dags/example_latest_only.py took 0.063 seconds
[2025-08-02T02:56:39.919+0000] {processor.py:161} INFO - Started process (PID=63) to work on /home/airflow/.local/lib/python3.8/site-packages/airflow/example_dags/example_latest_only.py
[2025-08-02T02:56:39.928+0000] {processor.py:830} INFO - Processing file /home/airflow/.local/lib/python3.8/site-packages/airflow/example_dags/example_latest_only.py for tasks to queue
[2025-08-02T02:56:39.935+0000] {logging_mixin.py:188} INFO - [2025-08-02T02:56:39.934+0000] {dagbag.py:540} INFO - Filling up the DagBag from /home/airflow/.local/lib/python3.8/site-packages/airflow/example_dags/example_latest_only.py
[2025-08-02T02:56:39.951+0000] {processor.py:840} INFO - DAG(s) 'latest_only' retrieved from /home/airflow/.local/lib/python3.8/site-packages/airflow/example_dags/example_latest_only.py
[2025-08-02T02:56:39.989+0000] {logging_mixin.py:188} INFO - [2025-08-02T02:56:39.988+0000] {dag.py:3047} INFO - Sync 1 DAGs
[2025-08-02T02:56:40.027+0000] {logging_mixin.py:188} INFO - [2025-08-02T02:56:40.027+0000] {dag.py:3834} INFO - Setting next_dagrun for latest_only to 2025-08-01 20:00:00+00:00, run_after=2025-08-02 00:00:00+00:00
[2025-08-02T02:56:40.062+0000] {processor.py:183} INFO - Processing /home/airflow/.local/lib/python3.8/site-packages/airflow/example_dags/example_latest_only.py took 0.180 seconds
[2025-08-02T02:57:10.559+0000] {processor.py:161} INFO - Started process (PID=119) to work on /home/airflow/.local/lib/python3.8/site-packages/airflow/example_dags/example_latest_only.py
[2025-08-02T02:57:10.562+0000] {processor.py:830} INFO - Processing file /home/airflow/.local/lib/python3.8/site-packages/airflow/example_dags/example_latest_only.py for tasks to queue
[2025-08-02T02:57:10.565+0000] {logging_mixin.py:188} INFO - [2025-08-02T02:57:10.565+0000] {dagbag.py:540} INFO - Filling up the DagBag from /home/airflow/.local/lib/python3.8/site-packages/airflow/example_dags/example_latest_only.py
[2025-08-02T02:57:10.572+0000] {processor.py:840} INFO - DAG(s) 'latest_only' retrieved from /home/airflow/.local/lib/python3.8/site-packages/airflow/example_dags/example_latest_only.py
[2025-08-02T02:57:10.715+0000] {logging_mixin.py:188} INFO - [2025-08-02T02:57:10.714+0000] {dag.py:3047} INFO - Sync 1 DAGs
[2025-08-02T02:57:10.738+0000] {logging_mixin.py:188} INFO - [2025-08-02T02:57:10.738+0000] {dag.py:3834} INFO - Setting next_dagrun for latest_only to 2025-08-01 20:00:00+00:00, run_after=2025-08-02 00:00:00+00:00
[2025-08-02T02:57:10.775+0000] {processor.py:183} INFO - Processing /home/airflow/.local/lib/python3.8/site-packages/airflow/example_dags/example_latest_only.py took 0.220 seconds
[2025-08-02T02:57:41.000+0000] {processor.py:161} INFO - Started process (PID=175) to work on /home/airflow/.local/lib/python3.8/site-packages/airflow/example_dags/example_latest_only.py
[2025-08-02T02:57:41.002+0000] {processor.py:830} INFO - Processing file /home/airflow/.local/lib/python3.8/site-packages/airflow/example_dags/example_latest_only.py for tasks to queue
[2025-08-02T02:57:41.004+0000] {logging_mixin.py:188} INFO - [2025-08-02T02:57:41.003+0000] {dagbag.py:540} INFO - Filling up the DagBag from /home/airflow/.local/lib/python3.8/site-packages/airflow/example_dags/example_latest_only.py
[2025-08-02T02:57:41.016+0000] {processor.py:840} INFO - DAG(s) 'latest_only' retrieved from /home/airflow/.local/lib/python3.8/site-packages/airflow/example_dags/example_latest_only.py
[2025-08-02T02:57:41.046+0000] {logging_mixin.py:188} INFO - [2025-08-02T02:57:41.045+0000] {dag.py:3047} INFO - Sync 1 DAGs
[2025-08-02T02:57:41.074+0000] {logging_mixin.py:188} INFO - [2025-08-02T02:57:41.074+0000] {dag.py:3834} INFO - Setting next_dagrun for latest_only to 2025-08-01 20:00:00+00:00, run_after=2025-08-02 00:00:00+00:00
[2025-08-02T02:57:41.109+0000] {processor.py:183} INFO - Processing /home/airflow/.local/lib/python3.8/site-packages/airflow/example_dags/example_latest_only.py took 0.114 seconds
[2025-08-02T02:58:12.166+0000] {processor.py:161} INFO - Started process (PID=231) to work on /home/airflow/.local/lib/python3.8/site-packages/airflow/example_dags/example_latest_only.py
[2025-08-02T02:58:12.167+0000] {processor.py:830} INFO - Processing file /home/airflow/.local/lib/python3.8/site-packages/airflow/example_dags/example_latest_only.py for tasks to queue
[2025-08-02T02:58:12.171+0000] {logging_mixin.py:188} INFO - [2025-08-02T02:58:12.171+0000] {dagbag.py:540} INFO - Filling up the DagBag from /home/airflow/.local/lib/python3.8/site-packages/airflow/example_dags/example_latest_only.py
[2025-08-02T02:58:12.180+0000] {processor.py:840} INFO - DAG(s) 'latest_only' retrieved from /home/airflow/.local/lib/python3.8/site-packages/airflow/example_dags/example_latest_only.py
[2025-08-02T02:58:12.204+0000] {logging_mixin.py:188} INFO - [2025-08-02T02:58:12.203+0000] {dag.py:3047} INFO - Sync 1 DAGs
[2025-08-02T02:58:12.219+0000] {logging_mixin.py:188} INFO - [2025-08-02T02:58:12.219+0000] {dag.py:3834} INFO - Setting next_dagrun for latest_only to 2025-08-01 20:00:00+00:00, run_after=2025-08-02 00:00:00+00:00
[2025-08-02T02:58:12.239+0000] {processor.py:183} INFO - Processing /home/airflow/.local/lib/python3.8/site-packages/airflow/example_dags/example_latest_only.py took 0.077 seconds
[2025-08-02T02:58:42.817+0000] {processor.py:161} INFO - Started process (PID=287) to work on /home/airflow/.local/lib/python3.8/site-packages/airflow/example_dags/example_latest_only.py
[2025-08-02T02:58:42.818+0000] {processor.py:830} INFO - Processing file /home/airflow/.local/lib/python3.8/site-packages/airflow/example_dags/example_latest_only.py for tasks to queue
[2025-08-02T02:58:42.820+0000] {logging_mixin.py:188} INFO - [2025-08-02T02:58:42.820+0000] {dagbag.py:540} INFO - Filling up the DagBag from /home/airflow/.local/lib/python3.8/site-packages/airflow/example_dags/example_latest_only.py
[2025-08-02T02:58:42.829+0000] {processor.py:840} INFO - DAG(s) 'latest_only' retrieved from /home/airflow/.local/lib/python3.8/site-packages/airflow/example_dags/example_latest_only.py
[2025-08-02T02:58:42.856+0000] {logging_mixin.py:188} INFO - [2025-08-02T02:58:42.856+0000] {dag.py:3047} INFO - Sync 1 DAGs
[2025-08-02T02:58:42.871+0000] {logging_mixin.py:188} INFO - [2025-08-02T02:58:42.871+0000] {dag.py:3834} INFO - Setting next_dagrun for latest_only to 2025-08-01 20:00:00+00:00, run_after=2025-08-02 00:00:00+00:00
[2025-08-02T02:58:42.894+0000] {processor.py:183} INFO - Processing /home/airflow/.local/lib/python3.8/site-packages/airflow/example_dags/example_latest_only.py took 0.080 seconds
[2025-08-02T02:59:13.318+0000] {processor.py:161} INFO - Started process (PID=342) to work on /home/airflow/.local/lib/python3.8/site-packages/airflow/example_dags/example_latest_only.py
[2025-08-02T02:59:13.318+0000] {processor.py:830} INFO - Processing file /home/airflow/.local/lib/python3.8/site-packages/airflow/example_dags/example_latest_only.py for tasks to queue
[2025-08-02T02:59:13.319+0000] {logging_mixin.py:188} INFO - [2025-08-02T02:59:13.319+0000] {dagbag.py:540} INFO - Filling up the DagBag from /home/airflow/.local/lib/python3.8/site-packages/airflow/example_dags/example_latest_only.py
[2025-08-02T02:59:13.324+0000] {processor.py:840} INFO - DAG(s) 'latest_only' retrieved from /home/airflow/.local/lib/python3.8/site-packages/airflow/example_dags/example_latest_only.py
[2025-08-02T02:59:13.337+0000] {logging_mixin.py:188} INFO - [2025-08-02T02:59:13.336+0000] {dag.py:3047} INFO - Sync 1 DAGs
[2025-08-02T02:59:13.348+0000] {logging_mixin.py:188} INFO - [2025-08-02T02:59:13.348+0000] {dag.py:3834} INFO - Setting next_dagrun for latest_only to 2025-08-01 20:00:00+00:00, run_after=2025-08-02 00:00:00+00:00
[2025-08-02T02:59:13.356+0000] {processor.py:183} INFO - Processing /home/airflow/.local/lib/python3.8/site-packages/airflow/example_dags/example_latest_only.py took 0.041 seconds
[2025-08-02T02:59:43.747+0000] {processor.py:161} INFO - Started process (PID=399) to work on /home/airflow/.local/lib/python3.8/site-packages/airflow/example_dags/example_latest_only.py
[2025-08-02T02:59:43.748+0000] {processor.py:830} INFO - Processing file /home/airflow/.local/lib/python3.8/site-packages/airflow/example_dags/example_latest_only.py for tasks to queue
[2025-08-02T02:59:43.750+0000] {logging_mixin.py:188} INFO - [2025-08-02T02:59:43.749+0000] {dagbag.py:540} INFO - Filling up the DagBag from /home/airflow/.local/lib/python3.8/site-packages/airflow/example_dags/example_latest_only.py
[2025-08-02T02:59:43.754+0000] {processor.py:840} INFO - DAG(s) 'latest_only' retrieved from /home/airflow/.local/lib/python3.8/site-packages/airflow/example_dags/example_latest_only.py
[2025-08-02T02:59:43.768+0000] {logging_mixin.py:188} INFO - [2025-08-02T02:59:43.768+0000] {dag.py:3047} INFO - Sync 1 DAGs
[2025-08-02T02:59:43.792+0000] {logging_mixin.py:188} INFO - [2025-08-02T02:59:43.791+0000] {dag.py:3834} INFO - Setting next_dagrun for latest_only to 2025-08-01 20:00:00+00:00, run_after=2025-08-02 00:00:00+00:00
[2025-08-02T02:59:43.813+0000] {processor.py:183} INFO - Processing /home/airflow/.local/lib/python3.8/site-packages/airflow/example_dags/example_latest_only.py took 0.068 seconds
[2025-08-02T03:00:15.005+0000] {processor.py:161} INFO - Started process (PID=455) to work on /home/airflow/.local/lib/python3.8/site-packages/airflow/example_dags/example_latest_only.py
[2025-08-02T03:00:15.006+0000] {processor.py:830} INFO - Processing file /home/airflow/.local/lib/python3.8/site-packages/airflow/example_dags/example_latest_only.py for tasks to queue
[2025-08-02T03:00:15.007+0000] {logging_mixin.py:188} INFO - [2025-08-02T03:00:15.007+0000] {dagbag.py:540} INFO - Filling up the DagBag from /home/airflow/.local/lib/python3.8/site-packages/airflow/example_dags/example_latest_only.py
[2025-08-02T03:00:15.016+0000] {processor.py:840} INFO - DAG(s) 'latest_only' retrieved from /home/airflow/.local/lib/python3.8/site-packages/airflow/example_dags/example_latest_only.py
[2025-08-02T03:00:15.039+0000] {logging_mixin.py:188} INFO - [2025-08-02T03:00:15.039+0000] {dag.py:3047} INFO - Sync 1 DAGs
[2025-08-02T03:00:15.062+0000] {logging_mixin.py:188} INFO - [2025-08-02T03:00:15.062+0000] {dag.py:3834} INFO - Setting next_dagrun for latest_only to 2025-08-01 20:00:00+00:00, run_after=2025-08-02 00:00:00+00:00
[2025-08-02T03:00:15.099+0000] {processor.py:183} INFO - Processing /home/airflow/.local/lib/python3.8/site-packages/airflow/example_dags/example_latest_only.py took 0.097 seconds
[2025-08-02T03:00:45.349+0000] {processor.py:161} INFO - Started process (PID=511) to work on /home/airflow/.local/lib/python3.8/site-packages/airflow/example_dags/example_latest_only.py
[2025-08-02T03:00:45.350+0000] {processor.py:830} INFO - Processing file /home/airflow/.local/lib/python3.8/site-packages/airflow/example_dags/example_latest_only.py for tasks to queue
[2025-08-02T03:00:45.352+0000] {logging_mixin.py:188} INFO - [2025-08-02T03:00:45.352+0000] {dagbag.py:540} INFO - Filling up the DagBag from /home/airflow/.local/lib/python3.8/site-packages/airflow/example_dags/example_latest_only.py
[2025-08-02T03:00:45.356+0000] {processor.py:840} INFO - DAG(s) 'latest_only' retrieved from /home/airflow/.local/lib/python3.8/site-packages/airflow/example_dags/example_latest_only.py
[2025-08-02T03:00:45.381+0000] {logging_mixin.py:188} INFO - [2025-08-02T03:00:45.381+0000] {dag.py:3047} INFO - Sync 1 DAGs
[2025-08-02T03:00:45.398+0000] {logging_mixin.py:188} INFO - [2025-08-02T03:00:45.398+0000] {dag.py:3834} INFO - Setting next_dagrun for latest_only to 2025-08-01 20:00:00+00:00, run_after=2025-08-02 00:00:00+00:00
[2025-08-02T03:00:45.411+0000] {processor.py:183} INFO - Processing /home/airflow/.local/lib/python3.8/site-packages/airflow/example_dags/example_latest_only.py took 0.066 seconds
[2025-08-02T03:01:16.490+0000] {processor.py:161} INFO - Started process (PID=567) to work on /home/airflow/.local/lib/python3.8/site-packages/airflow/example_dags/example_latest_only.py
[2025-08-02T03:01:16.495+0000] {processor.py:830} INFO - Processing file /home/airflow/.local/lib/python3.8/site-packages/airflow/example_dags/example_latest_only.py for tasks to queue
[2025-08-02T03:01:16.502+0000] {logging_mixin.py:188} INFO - [2025-08-02T03:01:16.502+0000] {dagbag.py:540} INFO - Filling up the DagBag from /home/airflow/.local/lib/python3.8/site-packages/airflow/example_dags/example_latest_only.py
[2025-08-02T03:01:16.538+0000] {processor.py:840} INFO - DAG(s) 'latest_only' retrieved from /home/airflow/.local/lib/python3.8/site-packages/airflow/example_dags/example_latest_only.py
[2025-08-02T03:01:16.612+0000] {logging_mixin.py:188} INFO - [2025-08-02T03:01:16.611+0000] {dag.py:3047} INFO - Sync 1 DAGs
[2025-08-02T03:01:16.669+0000] {logging_mixin.py:188} INFO - [2025-08-02T03:01:16.669+0000] {dag.py:3834} INFO - Setting next_dagrun for latest_only to 2025-08-01 20:00:00+00:00, run_after=2025-08-02 00:00:00+00:00
[2025-08-02T03:01:16.702+0000] {processor.py:183} INFO - Processing /home/airflow/.local/lib/python3.8/site-packages/airflow/example_dags/example_latest_only.py took 0.216 seconds
[2025-08-02T03:01:47.719+0000] {processor.py:161} INFO - Started process (PID=623) to work on /home/airflow/.local/lib/python3.8/site-packages/airflow/example_dags/example_latest_only.py
[2025-08-02T03:01:47.722+0000] {processor.py:830} INFO - Processing file /home/airflow/.local/lib/python3.8/site-packages/airflow/example_dags/example_latest_only.py for tasks to queue
[2025-08-02T03:01:47.728+0000] {logging_mixin.py:188} INFO - [2025-08-02T03:01:47.728+0000] {dagbag.py:540} INFO - Filling up the DagBag from /home/airflow/.local/lib/python3.8/site-packages/airflow/example_dags/example_latest_only.py
[2025-08-02T03:01:47.761+0000] {processor.py:840} INFO - DAG(s) 'latest_only' retrieved from /home/airflow/.local/lib/python3.8/site-packages/airflow/example_dags/example_latest_only.py
[2025-08-02T03:01:47.837+0000] {logging_mixin.py:188} INFO - [2025-08-02T03:01:47.837+0000] {dag.py:3047} INFO - Sync 1 DAGs
[2025-08-02T03:01:47.899+0000] {logging_mixin.py:188} INFO - [2025-08-02T03:01:47.899+0000] {dag.py:3834} INFO - Setting next_dagrun for latest_only to 2025-08-01 20:00:00+00:00, run_after=2025-08-02 00:00:00+00:00
[2025-08-02T03:01:47.948+0000] {processor.py:183} INFO - Processing /home/airflow/.local/lib/python3.8/site-packages/airflow/example_dags/example_latest_only.py took 0.247 seconds
[2025-08-02T03:02:19.579+0000] {processor.py:161} INFO - Started process (PID=679) to work on /home/airflow/.local/lib/python3.8/site-packages/airflow/example_dags/example_latest_only.py
[2025-08-02T03:02:19.581+0000] {processor.py:830} INFO - Processing file /home/airflow/.local/lib/python3.8/site-packages/airflow/example_dags/example_latest_only.py for tasks to queue
[2025-08-02T03:02:19.584+0000] {logging_mixin.py:188} INFO - [2025-08-02T03:02:19.583+0000] {dagbag.py:540} INFO - Filling up the DagBag from /home/airflow/.local/lib/python3.8/site-packages/airflow/example_dags/example_latest_only.py
[2025-08-02T03:02:19.596+0000] {processor.py:840} INFO - DAG(s) 'latest_only' retrieved from /home/airflow/.local/lib/python3.8/site-packages/airflow/example_dags/example_latest_only.py
[2025-08-02T03:02:19.681+0000] {logging_mixin.py:188} INFO - [2025-08-02T03:02:19.681+0000] {dag.py:3047} INFO - Sync 1 DAGs
[2025-08-02T03:02:19.713+0000] {logging_mixin.py:188} INFO - [2025-08-02T03:02:19.712+0000] {dag.py:3834} INFO - Setting next_dagrun for latest_only to 2025-08-01 20:00:00+00:00, run_after=2025-08-02 00:00:00+00:00
[2025-08-02T03:02:19.770+0000] {processor.py:183} INFO - Processing /home/airflow/.local/lib/python3.8/site-packages/airflow/example_dags/example_latest_only.py took 0.198 seconds
[2025-08-02T03:02:49.990+0000] {processor.py:161} INFO - Started process (PID=734) to work on /home/airflow/.local/lib/python3.8/site-packages/airflow/example_dags/example_latest_only.py
[2025-08-02T03:02:49.991+0000] {processor.py:830} INFO - Processing file /home/airflow/.local/lib/python3.8/site-packages/airflow/example_dags/example_latest_only.py for tasks to queue
[2025-08-02T03:02:49.993+0000] {logging_mixin.py:188} INFO - [2025-08-02T03:02:49.993+0000] {dagbag.py:540} INFO - Filling up the DagBag from /home/airflow/.local/lib/python3.8/site-packages/airflow/example_dags/example_latest_only.py
[2025-08-02T03:02:50.001+0000] {processor.py:840} INFO - DAG(s) 'latest_only' retrieved from /home/airflow/.local/lib/python3.8/site-packages/airflow/example_dags/example_latest_only.py
[2025-08-02T03:02:50.025+0000] {logging_mixin.py:188} INFO - [2025-08-02T03:02:50.024+0000] {dag.py:3047} INFO - Sync 1 DAGs
[2025-08-02T03:02:50.044+0000] {logging_mixin.py:188} INFO - [2025-08-02T03:02:50.044+0000] {dag.py:3834} INFO - Setting next_dagrun for latest_only to 2025-08-01 20:00:00+00:00, run_after=2025-08-02 00:00:00+00:00
[2025-08-02T03:02:50.076+0000] {processor.py:183} INFO - Processing /home/airflow/.local/lib/python3.8/site-packages/airflow/example_dags/example_latest_only.py took 0.090 seconds
[2025-08-02T03:03:20.465+0000] {processor.py:161} INFO - Started process (PID=790) to work on /home/airflow/.local/lib/python3.8/site-packages/airflow/example_dags/example_latest_only.py
[2025-08-02T03:03:20.471+0000] {processor.py:830} INFO - Processing file /home/airflow/.local/lib/python3.8/site-packages/airflow/example_dags/example_latest_only.py for tasks to queue
[2025-08-02T03:03:20.473+0000] {logging_mixin.py:188} INFO - [2025-08-02T03:03:20.473+0000] {dagbag.py:540} INFO - Filling up the DagBag from /home/airflow/.local/lib/python3.8/site-packages/airflow/example_dags/example_latest_only.py
[2025-08-02T03:03:20.480+0000] {processor.py:840} INFO - DAG(s) 'latest_only' retrieved from /home/airflow/.local/lib/python3.8/site-packages/airflow/example_dags/example_latest_only.py
[2025-08-02T03:03:20.499+0000] {logging_mixin.py:188} INFO - [2025-08-02T03:03:20.499+0000] {dag.py:3047} INFO - Sync 1 DAGs
[2025-08-02T03:03:20.670+0000] {logging_mixin.py:188} INFO - [2025-08-02T03:03:20.670+0000] {dag.py:3834} INFO - Setting next_dagrun for latest_only to 2025-08-01 20:00:00+00:00, run_after=2025-08-02 00:00:00+00:00
[2025-08-02T03:03:20.730+0000] {processor.py:183} INFO - Processing /home/airflow/.local/lib/python3.8/site-packages/airflow/example_dags/example_latest_only.py took 0.268 seconds
[2025-08-02T03:03:51.079+0000] {processor.py:161} INFO - Started process (PID=846) to work on /home/airflow/.local/lib/python3.8/site-packages/airflow/example_dags/example_latest_only.py
[2025-08-02T03:03:51.083+0000] {processor.py:830} INFO - Processing file /home/airflow/.local/lib/python3.8/site-packages/airflow/example_dags/example_latest_only.py for tasks to queue
[2025-08-02T03:03:51.084+0000] {logging_mixin.py:188} INFO - [2025-08-02T03:03:51.084+0000] {dagbag.py:540} INFO - Filling up the DagBag from /home/airflow/.local/lib/python3.8/site-packages/airflow/example_dags/example_latest_only.py
[2025-08-02T03:03:51.091+0000] {processor.py:840} INFO - DAG(s) 'latest_only' retrieved from /home/airflow/.local/lib/python3.8/site-packages/airflow/example_dags/example_latest_only.py
[2025-08-02T03:03:51.116+0000] {logging_mixin.py:188} INFO - [2025-08-02T03:03:51.116+0000] {dag.py:3047} INFO - Sync 1 DAGs
[2025-08-02T03:03:51.162+0000] {logging_mixin.py:188} INFO - [2025-08-02T03:03:51.162+0000] {dag.py:3834} INFO - Setting next_dagrun for latest_only to 2025-08-01 20:00:00+00:00, run_after=2025-08-02 00:00:00+00:00
[2025-08-02T03:03:51.182+0000] {processor.py:183} INFO - Processing /home/airflow/.local/lib/python3.8/site-packages/airflow/example_dags/example_latest_only.py took 0.111 seconds
[2025-08-02T03:04:21.288+0000] {processor.py:161} INFO - Started process (PID=902) to work on /home/airflow/.local/lib/python3.8/site-packages/airflow/example_dags/example_latest_only.py
[2025-08-02T03:04:21.289+0000] {processor.py:830} INFO - Processing file /home/airflow/.local/lib/python3.8/site-packages/airflow/example_dags/example_latest_only.py for tasks to queue
[2025-08-02T03:04:21.291+0000] {logging_mixin.py:188} INFO - [2025-08-02T03:04:21.291+0000] {dagbag.py:540} INFO - Filling up the DagBag from /home/airflow/.local/lib/python3.8/site-packages/airflow/example_dags/example_latest_only.py
[2025-08-02T03:04:21.302+0000] {processor.py:840} INFO - DAG(s) 'latest_only' retrieved from /home/airflow/.local/lib/python3.8/site-packages/airflow/example_dags/example_latest_only.py
[2025-08-02T03:04:21.327+0000] {logging_mixin.py:188} INFO - [2025-08-02T03:04:21.326+0000] {dag.py:3047} INFO - Sync 1 DAGs
[2025-08-02T03:04:21.348+0000] {logging_mixin.py:188} INFO - [2025-08-02T03:04:21.348+0000] {dag.py:3834} INFO - Setting next_dagrun for latest_only to 2025-08-01 20:00:00+00:00, run_after=2025-08-02 00:00:00+00:00
[2025-08-02T03:04:21.361+0000] {processor.py:183} INFO - Processing /home/airflow/.local/lib/python3.8/site-packages/airflow/example_dags/example_latest_only.py took 0.075 seconds
[2025-08-02T03:04:52.070+0000] {processor.py:161} INFO - Started process (PID=959) to work on /home/airflow/.local/lib/python3.8/site-packages/airflow/example_dags/example_latest_only.py
[2025-08-02T03:04:52.072+0000] {processor.py:830} INFO - Processing file /home/airflow/.local/lib/python3.8/site-packages/airflow/example_dags/example_latest_only.py for tasks to queue
[2025-08-02T03:04:52.073+0000] {logging_mixin.py:188} INFO - [2025-08-02T03:04:52.073+0000] {dagbag.py:540} INFO - Filling up the DagBag from /home/airflow/.local/lib/python3.8/site-packages/airflow/example_dags/example_latest_only.py
[2025-08-02T03:04:52.077+0000] {processor.py:840} INFO - DAG(s) 'latest_only' retrieved from /home/airflow/.local/lib/python3.8/site-packages/airflow/example_dags/example_latest_only.py
[2025-08-02T03:04:52.092+0000] {logging_mixin.py:188} INFO - [2025-08-02T03:04:52.092+0000] {dag.py:3047} INFO - Sync 1 DAGs
[2025-08-02T03:04:52.105+0000] {logging_mixin.py:188} INFO - [2025-08-02T03:04:52.105+0000] {dag.py:3834} INFO - Setting next_dagrun for latest_only to 2025-08-01 20:00:00+00:00, run_after=2025-08-02 00:00:00+00:00
[2025-08-02T03:04:52.120+0000] {processor.py:183} INFO - Processing /home/airflow/.local/lib/python3.8/site-packages/airflow/example_dags/example_latest_only.py took 0.053 seconds
[2025-08-02T03:05:23.122+0000] {processor.py:161} INFO - Started process (PID=1015) to work on /home/airflow/.local/lib/python3.8/site-packages/airflow/example_dags/example_latest_only.py
[2025-08-02T03:05:23.124+0000] {processor.py:830} INFO - Processing file /home/airflow/.local/lib/python3.8/site-packages/airflow/example_dags/example_latest_only.py for tasks to queue
[2025-08-02T03:05:23.126+0000] {logging_mixin.py:188} INFO - [2025-08-02T03:05:23.126+0000] {dagbag.py:540} INFO - Filling up the DagBag from /home/airflow/.local/lib/python3.8/site-packages/airflow/example_dags/example_latest_only.py
[2025-08-02T03:05:23.131+0000] {processor.py:840} INFO - DAG(s) 'latest_only' retrieved from /home/airflow/.local/lib/python3.8/site-packages/airflow/example_dags/example_latest_only.py
[2025-08-02T03:05:23.169+0000] {logging_mixin.py:188} INFO - [2025-08-02T03:05:23.168+0000] {dag.py:3047} INFO - Sync 1 DAGs
[2025-08-02T03:05:23.200+0000] {logging_mixin.py:188} INFO - [2025-08-02T03:05:23.199+0000] {dag.py:3834} INFO - Setting next_dagrun for latest_only to 2025-08-01 20:00:00+00:00, run_after=2025-08-02 00:00:00+00:00
[2025-08-02T03:05:23.217+0000] {processor.py:183} INFO - Processing /home/airflow/.local/lib/python3.8/site-packages/airflow/example_dags/example_latest_only.py took 0.101 seconds
[2025-08-02T03:05:54.648+0000] {processor.py:161} INFO - Started process (PID=1071) to work on /home/airflow/.local/lib/python3.8/site-packages/airflow/example_dags/example_latest_only.py
[2025-08-02T03:05:54.652+0000] {processor.py:830} INFO - Processing file /home/airflow/.local/lib/python3.8/site-packages/airflow/example_dags/example_latest_only.py for tasks to queue
[2025-08-02T03:05:54.655+0000] {logging_mixin.py:188} INFO - [2025-08-02T03:05:54.655+0000] {dagbag.py:540} INFO - Filling up the DagBag from /home/airflow/.local/lib/python3.8/site-packages/airflow/example_dags/example_latest_only.py
[2025-08-02T03:05:54.665+0000] {processor.py:840} INFO - DAG(s) 'latest_only' retrieved from /home/airflow/.local/lib/python3.8/site-packages/airflow/example_dags/example_latest_only.py
[2025-08-02T03:05:54.760+0000] {logging_mixin.py:188} INFO - [2025-08-02T03:05:54.760+0000] {dag.py:3047} INFO - Sync 1 DAGs
[2025-08-02T03:05:54.804+0000] {logging_mixin.py:188} INFO - [2025-08-02T03:05:54.803+0000] {dag.py:3834} INFO - Setting next_dagrun for latest_only to 2025-08-01 20:00:00+00:00, run_after=2025-08-02 00:00:00+00:00
[2025-08-02T03:05:54.857+0000] {processor.py:183} INFO - Processing /home/airflow/.local/lib/python3.8/site-packages/airflow/example_dags/example_latest_only.py took 0.214 seconds
[2025-08-02T03:06:25.286+0000] {processor.py:161} INFO - Started process (PID=1125) to work on /home/airflow/.local/lib/python3.8/site-packages/airflow/example_dags/example_latest_only.py
[2025-08-02T03:06:25.291+0000] {processor.py:830} INFO - Processing file /home/airflow/.local/lib/python3.8/site-packages/airflow/example_dags/example_latest_only.py for tasks to queue
[2025-08-02T03:06:25.295+0000] {logging_mixin.py:188} INFO - [2025-08-02T03:06:25.294+0000] {dagbag.py:540} INFO - Filling up the DagBag from /home/airflow/.local/lib/python3.8/site-packages/airflow/example_dags/example_latest_only.py
[2025-08-02T03:06:25.307+0000] {processor.py:840} INFO - DAG(s) 'latest_only' retrieved from /home/airflow/.local/lib/python3.8/site-packages/airflow/example_dags/example_latest_only.py
[2025-08-02T03:06:25.449+0000] {logging_mixin.py:188} INFO - [2025-08-02T03:06:25.449+0000] {dag.py:3047} INFO - Sync 1 DAGs
[2025-08-02T03:06:25.486+0000] {logging_mixin.py:188} INFO - [2025-08-02T03:06:25.485+0000] {dag.py:3834} INFO - Setting next_dagrun for latest_only to 2025-08-01 20:00:00+00:00, run_after=2025-08-02 00:00:00+00:00
[2025-08-02T03:06:25.524+0000] {processor.py:183} INFO - Processing /home/airflow/.local/lib/python3.8/site-packages/airflow/example_dags/example_latest_only.py took 0.253 seconds
[2025-08-02T03:06:56.460+0000] {processor.py:161} INFO - Started process (PID=1181) to work on /home/airflow/.local/lib/python3.8/site-packages/airflow/example_dags/example_latest_only.py
[2025-08-02T03:06:56.464+0000] {processor.py:830} INFO - Processing file /home/airflow/.local/lib/python3.8/site-packages/airflow/example_dags/example_latest_only.py for tasks to queue
[2025-08-02T03:06:56.468+0000] {logging_mixin.py:188} INFO - [2025-08-02T03:06:56.467+0000] {dagbag.py:540} INFO - Filling up the DagBag from /home/airflow/.local/lib/python3.8/site-packages/airflow/example_dags/example_latest_only.py
[2025-08-02T03:06:56.473+0000] {processor.py:840} INFO - DAG(s) 'latest_only' retrieved from /home/airflow/.local/lib/python3.8/site-packages/airflow/example_dags/example_latest_only.py
[2025-08-02T03:06:56.501+0000] {logging_mixin.py:188} INFO - [2025-08-02T03:06:56.501+0000] {dag.py:3047} INFO - Sync 1 DAGs
[2025-08-02T03:06:56.534+0000] {logging_mixin.py:188} INFO - [2025-08-02T03:06:56.533+0000] {dag.py:3834} INFO - Setting next_dagrun for latest_only to 2025-08-01 20:00:00+00:00, run_after=2025-08-02 00:00:00+00:00
[2025-08-02T03:06:56.552+0000] {processor.py:183} INFO - Processing /home/airflow/.local/lib/python3.8/site-packages/airflow/example_dags/example_latest_only.py took 0.096 seconds
[2025-08-02T03:07:27.016+0000] {processor.py:161} INFO - Started process (PID=1237) to work on /home/airflow/.local/lib/python3.8/site-packages/airflow/example_dags/example_latest_only.py
[2025-08-02T03:07:27.020+0000] {processor.py:830} INFO - Processing file /home/airflow/.local/lib/python3.8/site-packages/airflow/example_dags/example_latest_only.py for tasks to queue
[2025-08-02T03:07:27.040+0000] {logging_mixin.py:188} INFO - [2025-08-02T03:07:27.037+0000] {dagbag.py:540} INFO - Filling up the DagBag from /home/airflow/.local/lib/python3.8/site-packages/airflow/example_dags/example_latest_only.py
[2025-08-02T03:07:27.086+0000] {processor.py:840} INFO - DAG(s) 'latest_only' retrieved from /home/airflow/.local/lib/python3.8/site-packages/airflow/example_dags/example_latest_only.py
[2025-08-02T03:07:27.153+0000] {logging_mixin.py:188} INFO - [2025-08-02T03:07:27.153+0000] {dag.py:3047} INFO - Sync 1 DAGs
[2025-08-02T03:07:27.200+0000] {logging_mixin.py:188} INFO - [2025-08-02T03:07:27.200+0000] {dag.py:3834} INFO - Setting next_dagrun for latest_only to 2025-08-01 20:00:00+00:00, run_after=2025-08-02 00:00:00+00:00
[2025-08-02T03:07:27.228+0000] {processor.py:183} INFO - Processing /home/airflow/.local/lib/python3.8/site-packages/airflow/example_dags/example_latest_only.py took 0.220 seconds
[2025-08-02T03:08:59.636+0000] {processor.py:161} INFO - Started process (PID=67) to work on /home/airflow/.local/lib/python3.8/site-packages/airflow/example_dags/example_latest_only.py
[2025-08-02T03:08:59.638+0000] {processor.py:830} INFO - Processing file /home/airflow/.local/lib/python3.8/site-packages/airflow/example_dags/example_latest_only.py for tasks to queue
[2025-08-02T03:08:59.641+0000] {logging_mixin.py:188} INFO - [2025-08-02T03:08:59.640+0000] {dagbag.py:540} INFO - Filling up the DagBag from /home/airflow/.local/lib/python3.8/site-packages/airflow/example_dags/example_latest_only.py
[2025-08-02T03:08:59.666+0000] {processor.py:840} INFO - DAG(s) 'latest_only' retrieved from /home/airflow/.local/lib/python3.8/site-packages/airflow/example_dags/example_latest_only.py
[2025-08-02T03:09:00.314+0000] {logging_mixin.py:188} INFO - [2025-08-02T03:09:00.309+0000] {dag.py:3047} INFO - Sync 1 DAGs
[2025-08-02T03:09:00.395+0000] {logging_mixin.py:188} INFO - [2025-08-02T03:09:00.395+0000] {dag.py:3834} INFO - Setting next_dagrun for latest_only to 2025-08-01 20:00:00+00:00, run_after=2025-08-02 00:00:00+00:00
[2025-08-02T03:09:00.445+0000] {processor.py:183} INFO - Processing /home/airflow/.local/lib/python3.8/site-packages/airflow/example_dags/example_latest_only.py took 0.814 seconds
[2025-08-02T03:09:30.915+0000] {processor.py:161} INFO - Started process (PID=129) to work on /home/airflow/.local/lib/python3.8/site-packages/airflow/example_dags/example_latest_only.py
[2025-08-02T03:09:30.916+0000] {processor.py:830} INFO - Processing file /home/airflow/.local/lib/python3.8/site-packages/airflow/example_dags/example_latest_only.py for tasks to queue
[2025-08-02T03:09:30.919+0000] {logging_mixin.py:188} INFO - [2025-08-02T03:09:30.918+0000] {dagbag.py:540} INFO - Filling up the DagBag from /home/airflow/.local/lib/python3.8/site-packages/airflow/example_dags/example_latest_only.py
[2025-08-02T03:09:30.926+0000] {processor.py:840} INFO - DAG(s) 'latest_only' retrieved from /home/airflow/.local/lib/python3.8/site-packages/airflow/example_dags/example_latest_only.py
[2025-08-02T03:09:30.996+0000] {logging_mixin.py:188} INFO - [2025-08-02T03:09:30.995+0000] {dag.py:3047} INFO - Sync 1 DAGs
[2025-08-02T03:09:31.052+0000] {logging_mixin.py:188} INFO - [2025-08-02T03:09:31.051+0000] {dag.py:3834} INFO - Setting next_dagrun for latest_only to 2025-08-01 20:00:00+00:00, run_after=2025-08-02 00:00:00+00:00
[2025-08-02T03:09:31.105+0000] {processor.py:183} INFO - Processing /home/airflow/.local/lib/python3.8/site-packages/airflow/example_dags/example_latest_only.py took 0.199 seconds
[2025-08-02T03:10:03.791+0000] {processor.py:161} INFO - Started process (PID=184) to work on /home/airflow/.local/lib/python3.8/site-packages/airflow/example_dags/example_latest_only.py
[2025-08-02T03:10:03.797+0000] {processor.py:830} INFO - Processing file /home/airflow/.local/lib/python3.8/site-packages/airflow/example_dags/example_latest_only.py for tasks to queue
[2025-08-02T03:10:03.855+0000] {logging_mixin.py:188} INFO - [2025-08-02T03:10:03.853+0000] {dagbag.py:540} INFO - Filling up the DagBag from /home/airflow/.local/lib/python3.8/site-packages/airflow/example_dags/example_latest_only.py
[2025-08-02T03:10:03.876+0000] {processor.py:840} INFO - DAG(s) 'latest_only' retrieved from /home/airflow/.local/lib/python3.8/site-packages/airflow/example_dags/example_latest_only.py
[2025-08-02T03:10:04.090+0000] {logging_mixin.py:188} INFO - [2025-08-02T03:10:04.089+0000] {dag.py:3047} INFO - Sync 1 DAGs
[2025-08-02T03:10:04.128+0000] {logging_mixin.py:188} INFO - [2025-08-02T03:10:04.128+0000] {dag.py:3834} INFO - Setting next_dagrun for latest_only to 2025-08-01 20:00:00+00:00, run_after=2025-08-02 00:00:00+00:00
[2025-08-02T03:10:04.189+0000] {processor.py:183} INFO - Processing /home/airflow/.local/lib/python3.8/site-packages/airflow/example_dags/example_latest_only.py took 0.408 seconds
[2025-08-02T03:10:35.010+0000] {processor.py:161} INFO - Started process (PID=240) to work on /home/airflow/.local/lib/python3.8/site-packages/airflow/example_dags/example_latest_only.py
[2025-08-02T03:10:35.012+0000] {processor.py:830} INFO - Processing file /home/airflow/.local/lib/python3.8/site-packages/airflow/example_dags/example_latest_only.py for tasks to queue
[2025-08-02T03:10:35.014+0000] {logging_mixin.py:188} INFO - [2025-08-02T03:10:35.013+0000] {dagbag.py:540} INFO - Filling up the DagBag from /home/airflow/.local/lib/python3.8/site-packages/airflow/example_dags/example_latest_only.py
[2025-08-02T03:10:35.035+0000] {processor.py:840} INFO - DAG(s) 'latest_only' retrieved from /home/airflow/.local/lib/python3.8/site-packages/airflow/example_dags/example_latest_only.py
[2025-08-02T03:10:35.099+0000] {logging_mixin.py:188} INFO - [2025-08-02T03:10:35.099+0000] {dag.py:3047} INFO - Sync 1 DAGs
[2025-08-02T03:10:35.145+0000] {logging_mixin.py:188} INFO - [2025-08-02T03:10:35.144+0000] {dag.py:3834} INFO - Setting next_dagrun for latest_only to 2025-08-01 20:00:00+00:00, run_after=2025-08-02 00:00:00+00:00
[2025-08-02T03:10:35.162+0000] {processor.py:183} INFO - Processing /home/airflow/.local/lib/python3.8/site-packages/airflow/example_dags/example_latest_only.py took 0.155 seconds
[2025-08-02T03:11:05.427+0000] {processor.py:161} INFO - Started process (PID=295) to work on /home/airflow/.local/lib/python3.8/site-packages/airflow/example_dags/example_latest_only.py
[2025-08-02T03:11:05.432+0000] {processor.py:830} INFO - Processing file /home/airflow/.local/lib/python3.8/site-packages/airflow/example_dags/example_latest_only.py for tasks to queue
[2025-08-02T03:11:05.441+0000] {logging_mixin.py:188} INFO - [2025-08-02T03:11:05.439+0000] {dagbag.py:540} INFO - Filling up the DagBag from /home/airflow/.local/lib/python3.8/site-packages/airflow/example_dags/example_latest_only.py
[2025-08-02T03:11:05.464+0000] {processor.py:840} INFO - DAG(s) 'latest_only' retrieved from /home/airflow/.local/lib/python3.8/site-packages/airflow/example_dags/example_latest_only.py
[2025-08-02T03:11:05.526+0000] {logging_mixin.py:188} INFO - [2025-08-02T03:11:05.526+0000] {dag.py:3047} INFO - Sync 1 DAGs
[2025-08-02T03:11:05.553+0000] {logging_mixin.py:188} INFO - [2025-08-02T03:11:05.552+0000] {dag.py:3834} INFO - Setting next_dagrun for latest_only to 2025-08-01 20:00:00+00:00, run_after=2025-08-02 00:00:00+00:00
[2025-08-02T03:11:05.575+0000] {processor.py:183} INFO - Processing /home/airflow/.local/lib/python3.8/site-packages/airflow/example_dags/example_latest_only.py took 0.155 seconds
[2025-08-02T03:11:36.196+0000] {processor.py:161} INFO - Started process (PID=352) to work on /home/airflow/.local/lib/python3.8/site-packages/airflow/example_dags/example_latest_only.py
[2025-08-02T03:11:36.197+0000] {processor.py:830} INFO - Processing file /home/airflow/.local/lib/python3.8/site-packages/airflow/example_dags/example_latest_only.py for tasks to queue
[2025-08-02T03:11:36.198+0000] {logging_mixin.py:188} INFO - [2025-08-02T03:11:36.198+0000] {dagbag.py:540} INFO - Filling up the DagBag from /home/airflow/.local/lib/python3.8/site-packages/airflow/example_dags/example_latest_only.py
[2025-08-02T03:11:36.203+0000] {processor.py:840} INFO - DAG(s) 'latest_only' retrieved from /home/airflow/.local/lib/python3.8/site-packages/airflow/example_dags/example_latest_only.py
[2025-08-02T03:11:36.227+0000] {logging_mixin.py:188} INFO - [2025-08-02T03:11:36.227+0000] {dag.py:3047} INFO - Sync 1 DAGs
[2025-08-02T03:11:36.248+0000] {logging_mixin.py:188} INFO - [2025-08-02T03:11:36.248+0000] {dag.py:3834} INFO - Setting next_dagrun for latest_only to 2025-08-01 20:00:00+00:00, run_after=2025-08-02 00:00:00+00:00
[2025-08-02T03:11:36.283+0000] {processor.py:183} INFO - Processing /home/airflow/.local/lib/python3.8/site-packages/airflow/example_dags/example_latest_only.py took 0.091 seconds
[2025-08-02T03:12:06.379+0000] {processor.py:161} INFO - Started process (PID=407) to work on /home/airflow/.local/lib/python3.8/site-packages/airflow/example_dags/example_latest_only.py
[2025-08-02T03:12:06.382+0000] {processor.py:830} INFO - Processing file /home/airflow/.local/lib/python3.8/site-packages/airflow/example_dags/example_latest_only.py for tasks to queue
[2025-08-02T03:12:06.385+0000] {logging_mixin.py:188} INFO - [2025-08-02T03:12:06.385+0000] {dagbag.py:540} INFO - Filling up the DagBag from /home/airflow/.local/lib/python3.8/site-packages/airflow/example_dags/example_latest_only.py
[2025-08-02T03:12:06.392+0000] {processor.py:840} INFO - DAG(s) 'latest_only' retrieved from /home/airflow/.local/lib/python3.8/site-packages/airflow/example_dags/example_latest_only.py
[2025-08-02T03:12:06.416+0000] {logging_mixin.py:188} INFO - [2025-08-02T03:12:06.416+0000] {dag.py:3047} INFO - Sync 1 DAGs
[2025-08-02T03:12:06.458+0000] {logging_mixin.py:188} INFO - [2025-08-02T03:12:06.458+0000] {dag.py:3834} INFO - Setting next_dagrun for latest_only to 2025-08-01 20:00:00+00:00, run_after=2025-08-02 00:00:00+00:00
[2025-08-02T03:12:06.477+0000] {processor.py:183} INFO - Processing /home/airflow/.local/lib/python3.8/site-packages/airflow/example_dags/example_latest_only.py took 0.102 seconds
[2025-08-02T03:12:36.666+0000] {processor.py:161} INFO - Started process (PID=463) to work on /home/airflow/.local/lib/python3.8/site-packages/airflow/example_dags/example_latest_only.py
[2025-08-02T03:12:36.669+0000] {processor.py:830} INFO - Processing file /home/airflow/.local/lib/python3.8/site-packages/airflow/example_dags/example_latest_only.py for tasks to queue
[2025-08-02T03:12:36.674+0000] {logging_mixin.py:188} INFO - [2025-08-02T03:12:36.673+0000] {dagbag.py:540} INFO - Filling up the DagBag from /home/airflow/.local/lib/python3.8/site-packages/airflow/example_dags/example_latest_only.py
[2025-08-02T03:12:36.702+0000] {processor.py:840} INFO - DAG(s) 'latest_only' retrieved from /home/airflow/.local/lib/python3.8/site-packages/airflow/example_dags/example_latest_only.py
[2025-08-02T03:12:36.732+0000] {logging_mixin.py:188} INFO - [2025-08-02T03:12:36.732+0000] {dag.py:3047} INFO - Sync 1 DAGs
[2025-08-02T03:12:36.757+0000] {logging_mixin.py:188} INFO - [2025-08-02T03:12:36.756+0000] {dag.py:3834} INFO - Setting next_dagrun for latest_only to 2025-08-01 20:00:00+00:00, run_after=2025-08-02 00:00:00+00:00
[2025-08-02T03:12:36.798+0000] {processor.py:183} INFO - Processing /home/airflow/.local/lib/python3.8/site-packages/airflow/example_dags/example_latest_only.py took 0.142 seconds
[2025-08-02T03:13:06.937+0000] {processor.py:161} INFO - Started process (PID=519) to work on /home/airflow/.local/lib/python3.8/site-packages/airflow/example_dags/example_latest_only.py
[2025-08-02T03:13:06.938+0000] {processor.py:830} INFO - Processing file /home/airflow/.local/lib/python3.8/site-packages/airflow/example_dags/example_latest_only.py for tasks to queue
[2025-08-02T03:13:06.942+0000] {logging_mixin.py:188} INFO - [2025-08-02T03:13:06.942+0000] {dagbag.py:540} INFO - Filling up the DagBag from /home/airflow/.local/lib/python3.8/site-packages/airflow/example_dags/example_latest_only.py
[2025-08-02T03:13:06.952+0000] {processor.py:840} INFO - DAG(s) 'latest_only' retrieved from /home/airflow/.local/lib/python3.8/site-packages/airflow/example_dags/example_latest_only.py
[2025-08-02T03:13:06.984+0000] {logging_mixin.py:188} INFO - [2025-08-02T03:13:06.984+0000] {dag.py:3047} INFO - Sync 1 DAGs
[2025-08-02T03:13:07.001+0000] {logging_mixin.py:188} INFO - [2025-08-02T03:13:07.001+0000] {dag.py:3834} INFO - Setting next_dagrun for latest_only to 2025-08-01 20:00:00+00:00, run_after=2025-08-02 00:00:00+00:00
[2025-08-02T03:13:07.016+0000] {processor.py:183} INFO - Processing /home/airflow/.local/lib/python3.8/site-packages/airflow/example_dags/example_latest_only.py took 0.082 seconds
[2025-08-02T03:13:37.451+0000] {processor.py:161} INFO - Started process (PID=575) to work on /home/airflow/.local/lib/python3.8/site-packages/airflow/example_dags/example_latest_only.py
[2025-08-02T03:13:37.456+0000] {processor.py:830} INFO - Processing file /home/airflow/.local/lib/python3.8/site-packages/airflow/example_dags/example_latest_only.py for tasks to queue
[2025-08-02T03:13:37.460+0000] {logging_mixin.py:188} INFO - [2025-08-02T03:13:37.460+0000] {dagbag.py:540} INFO - Filling up the DagBag from /home/airflow/.local/lib/python3.8/site-packages/airflow/example_dags/example_latest_only.py
[2025-08-02T03:13:37.469+0000] {processor.py:840} INFO - DAG(s) 'latest_only' retrieved from /home/airflow/.local/lib/python3.8/site-packages/airflow/example_dags/example_latest_only.py
[2025-08-02T03:13:37.524+0000] {logging_mixin.py:188} INFO - [2025-08-02T03:13:37.524+0000] {dag.py:3047} INFO - Sync 1 DAGs
[2025-08-02T03:13:37.594+0000] {logging_mixin.py:188} INFO - [2025-08-02T03:13:37.593+0000] {dag.py:3834} INFO - Setting next_dagrun for latest_only to 2025-08-01 20:00:00+00:00, run_after=2025-08-02 00:00:00+00:00
[2025-08-02T03:13:37.615+0000] {processor.py:183} INFO - Processing /home/airflow/.local/lib/python3.8/site-packages/airflow/example_dags/example_latest_only.py took 0.176 seconds
[2025-08-02T03:14:08.408+0000] {processor.py:161} INFO - Started process (PID=631) to work on /home/airflow/.local/lib/python3.8/site-packages/airflow/example_dags/example_latest_only.py
[2025-08-02T03:14:08.416+0000] {processor.py:830} INFO - Processing file /home/airflow/.local/lib/python3.8/site-packages/airflow/example_dags/example_latest_only.py for tasks to queue
[2025-08-02T03:14:08.422+0000] {logging_mixin.py:188} INFO - [2025-08-02T03:14:08.421+0000] {dagbag.py:540} INFO - Filling up the DagBag from /home/airflow/.local/lib/python3.8/site-packages/airflow/example_dags/example_latest_only.py
[2025-08-02T03:14:08.443+0000] {processor.py:840} INFO - DAG(s) 'latest_only' retrieved from /home/airflow/.local/lib/python3.8/site-packages/airflow/example_dags/example_latest_only.py
[2025-08-02T03:14:08.519+0000] {logging_mixin.py:188} INFO - [2025-08-02T03:14:08.518+0000] {dag.py:3047} INFO - Sync 1 DAGs
[2025-08-02T03:14:08.559+0000] {logging_mixin.py:188} INFO - [2025-08-02T03:14:08.558+0000] {dag.py:3834} INFO - Setting next_dagrun for latest_only to 2025-08-01 20:00:00+00:00, run_after=2025-08-02 00:00:00+00:00
[2025-08-02T03:14:08.611+0000] {processor.py:183} INFO - Processing /home/airflow/.local/lib/python3.8/site-packages/airflow/example_dags/example_latest_only.py took 0.239 seconds
[2025-08-02T03:14:38.733+0000] {processor.py:161} INFO - Started process (PID=687) to work on /home/airflow/.local/lib/python3.8/site-packages/airflow/example_dags/example_latest_only.py
[2025-08-02T03:14:38.736+0000] {processor.py:830} INFO - Processing file /home/airflow/.local/lib/python3.8/site-packages/airflow/example_dags/example_latest_only.py for tasks to queue
[2025-08-02T03:14:38.739+0000] {logging_mixin.py:188} INFO - [2025-08-02T03:14:38.739+0000] {dagbag.py:540} INFO - Filling up the DagBag from /home/airflow/.local/lib/python3.8/site-packages/airflow/example_dags/example_latest_only.py
[2025-08-02T03:14:38.752+0000] {processor.py:840} INFO - DAG(s) 'latest_only' retrieved from /home/airflow/.local/lib/python3.8/site-packages/airflow/example_dags/example_latest_only.py
[2025-08-02T03:14:38.814+0000] {logging_mixin.py:188} INFO - [2025-08-02T03:14:38.814+0000] {dag.py:3047} INFO - Sync 1 DAGs
[2025-08-02T03:14:38.847+0000] {logging_mixin.py:188} INFO - [2025-08-02T03:14:38.847+0000] {dag.py:3834} INFO - Setting next_dagrun for latest_only to 2025-08-01 20:00:00+00:00, run_after=2025-08-02 00:00:00+00:00
[2025-08-02T03:14:38.876+0000] {processor.py:183} INFO - Processing /home/airflow/.local/lib/python3.8/site-packages/airflow/example_dags/example_latest_only.py took 0.148 seconds
