[2025-08-02T01:42:44.046+0000] {processor.py:161} INFO - Started process (PID=91) to work on /home/airflow/.local/lib/python3.8/site-packages/airflow/example_dags/example_branch_operator_decorator.py
[2025-08-02T01:42:44.048+0000] {processor.py:830} INFO - Processing file /home/airflow/.local/lib/python3.8/site-packages/airflow/example_dags/example_branch_operator_decorator.py for tasks to queue
[2025-08-02T01:42:44.058+0000] {logging_mixin.py:188} INFO - [2025-08-02T01:42:44.055+0000] {dagbag.py:540} INFO - Filling up the DagBag from /home/airflow/.local/lib/python3.8/site-packages/airflow/example_dags/example_branch_operator_decorator.py
[2025-08-02T01:42:44.172+0000] {processor.py:840} INFO - DAG(s) 'example_branch_python_operator_decorator' retrieved from /home/airflow/.local/lib/python3.8/site-packages/airflow/example_dags/example_branch_operator_decorator.py
[2025-08-02T01:42:44.302+0000] {logging_mixin.py:188} INFO - [2025-08-02T01:42:44.302+0000] {dag.py:3047} INFO - Sync 1 DAGs
[2025-08-02T01:42:44.339+0000] {logging_mixin.py:188} INFO - [2025-08-02T01:42:44.339+0000] {dag.py:3834} INFO - Setting next_dagrun for example_branch_python_operator_decorator to 2025-08-01 00:00:00+00:00, run_after=2025-08-02 00:00:00+00:00
[2025-08-02T01:42:44.371+0000] {processor.py:183} INFO - Processing /home/airflow/.local/lib/python3.8/site-packages/airflow/example_dags/example_branch_operator_decorator.py took 0.332 seconds
[2025-08-02T01:43:14.885+0000] {processor.py:161} INFO - Started process (PID=147) to work on /home/airflow/.local/lib/python3.8/site-packages/airflow/example_dags/example_branch_operator_decorator.py
[2025-08-02T01:43:14.886+0000] {processor.py:830} INFO - Processing file /home/airflow/.local/lib/python3.8/site-packages/airflow/example_dags/example_branch_operator_decorator.py for tasks to queue
[2025-08-02T01:43:14.888+0000] {logging_mixin.py:188} INFO - [2025-08-02T01:43:14.887+0000] {dagbag.py:540} INFO - Filling up the DagBag from /home/airflow/.local/lib/python3.8/site-packages/airflow/example_dags/example_branch_operator_decorator.py
[2025-08-02T01:43:14.917+0000] {processor.py:840} INFO - DAG(s) 'example_branch_python_operator_decorator' retrieved from /home/airflow/.local/lib/python3.8/site-packages/airflow/example_dags/example_branch_operator_decorator.py
[2025-08-02T01:43:14.950+0000] {logging_mixin.py:188} INFO - [2025-08-02T01:43:14.950+0000] {dag.py:3047} INFO - Sync 1 DAGs
[2025-08-02T01:43:14.969+0000] {logging_mixin.py:188} INFO - [2025-08-02T01:43:14.969+0000] {dag.py:3834} INFO - Setting next_dagrun for example_branch_python_operator_decorator to 2025-08-01 00:00:00+00:00, run_after=2025-08-02 00:00:00+00:00
[2025-08-02T01:43:14.983+0000] {processor.py:183} INFO - Processing /home/airflow/.local/lib/python3.8/site-packages/airflow/example_dags/example_branch_operator_decorator.py took 0.108 seconds
[2025-08-02T01:43:45.952+0000] {processor.py:161} INFO - Started process (PID=203) to work on /home/airflow/.local/lib/python3.8/site-packages/airflow/example_dags/example_branch_operator_decorator.py
[2025-08-02T01:43:45.955+0000] {processor.py:830} INFO - Processing file /home/airflow/.local/lib/python3.8/site-packages/airflow/example_dags/example_branch_operator_decorator.py for tasks to queue
[2025-08-02T01:43:45.961+0000] {logging_mixin.py:188} INFO - [2025-08-02T01:43:45.961+0000] {dagbag.py:540} INFO - Filling up the DagBag from /home/airflow/.local/lib/python3.8/site-packages/airflow/example_dags/example_branch_operator_decorator.py
[2025-08-02T01:43:45.996+0000] {processor.py:840} INFO - DAG(s) 'example_branch_python_operator_decorator' retrieved from /home/airflow/.local/lib/python3.8/site-packages/airflow/example_dags/example_branch_operator_decorator.py
[2025-08-02T01:43:46.036+0000] {logging_mixin.py:188} INFO - [2025-08-02T01:43:46.036+0000] {dag.py:3047} INFO - Sync 1 DAGs
[2025-08-02T01:43:46.088+0000] {logging_mixin.py:188} INFO - [2025-08-02T01:43:46.088+0000] {dag.py:3834} INFO - Setting next_dagrun for example_branch_python_operator_decorator to 2025-08-01 00:00:00+00:00, run_after=2025-08-02 00:00:00+00:00
[2025-08-02T01:43:46.110+0000] {processor.py:183} INFO - Processing /home/airflow/.local/lib/python3.8/site-packages/airflow/example_dags/example_branch_operator_decorator.py took 0.162 seconds
[2025-08-02T01:44:16.177+0000] {processor.py:161} INFO - Started process (PID=259) to work on /home/airflow/.local/lib/python3.8/site-packages/airflow/example_dags/example_branch_operator_decorator.py
[2025-08-02T01:44:16.182+0000] {processor.py:830} INFO - Processing file /home/airflow/.local/lib/python3.8/site-packages/airflow/example_dags/example_branch_operator_decorator.py for tasks to queue
[2025-08-02T01:44:16.186+0000] {logging_mixin.py:188} INFO - [2025-08-02T01:44:16.186+0000] {dagbag.py:540} INFO - Filling up the DagBag from /home/airflow/.local/lib/python3.8/site-packages/airflow/example_dags/example_branch_operator_decorator.py
[2025-08-02T01:44:16.211+0000] {processor.py:840} INFO - DAG(s) 'example_branch_python_operator_decorator' retrieved from /home/airflow/.local/lib/python3.8/site-packages/airflow/example_dags/example_branch_operator_decorator.py
[2025-08-02T01:44:16.229+0000] {logging_mixin.py:188} INFO - [2025-08-02T01:44:16.229+0000] {dag.py:3047} INFO - Sync 1 DAGs
[2025-08-02T01:44:16.246+0000] {logging_mixin.py:188} INFO - [2025-08-02T01:44:16.246+0000] {dag.py:3834} INFO - Setting next_dagrun for example_branch_python_operator_decorator to 2025-08-01 00:00:00+00:00, run_after=2025-08-02 00:00:00+00:00
[2025-08-02T01:44:16.255+0000] {processor.py:183} INFO - Processing /home/airflow/.local/lib/python3.8/site-packages/airflow/example_dags/example_branch_operator_decorator.py took 0.083 seconds
[2025-08-02T01:44:47.044+0000] {processor.py:161} INFO - Started process (PID=315) to work on /home/airflow/.local/lib/python3.8/site-packages/airflow/example_dags/example_branch_operator_decorator.py
[2025-08-02T01:44:47.053+0000] {processor.py:830} INFO - Processing file /home/airflow/.local/lib/python3.8/site-packages/airflow/example_dags/example_branch_operator_decorator.py for tasks to queue
[2025-08-02T01:44:47.056+0000] {logging_mixin.py:188} INFO - [2025-08-02T01:44:47.056+0000] {dagbag.py:540} INFO - Filling up the DagBag from /home/airflow/.local/lib/python3.8/site-packages/airflow/example_dags/example_branch_operator_decorator.py
[2025-08-02T01:44:47.110+0000] {processor.py:840} INFO - DAG(s) 'example_branch_python_operator_decorator' retrieved from /home/airflow/.local/lib/python3.8/site-packages/airflow/example_dags/example_branch_operator_decorator.py
[2025-08-02T01:44:47.156+0000] {logging_mixin.py:188} INFO - [2025-08-02T01:44:47.155+0000] {dag.py:3047} INFO - Sync 1 DAGs
[2025-08-02T01:44:47.195+0000] {logging_mixin.py:188} INFO - [2025-08-02T01:44:47.194+0000] {dag.py:3834} INFO - Setting next_dagrun for example_branch_python_operator_decorator to 2025-08-01 00:00:00+00:00, run_after=2025-08-02 00:00:00+00:00
[2025-08-02T01:44:47.227+0000] {processor.py:183} INFO - Processing /home/airflow/.local/lib/python3.8/site-packages/airflow/example_dags/example_branch_operator_decorator.py took 0.187 seconds
[2025-08-02T01:45:17.364+0000] {processor.py:161} INFO - Started process (PID=371) to work on /home/airflow/.local/lib/python3.8/site-packages/airflow/example_dags/example_branch_operator_decorator.py
[2025-08-02T01:45:17.367+0000] {processor.py:830} INFO - Processing file /home/airflow/.local/lib/python3.8/site-packages/airflow/example_dags/example_branch_operator_decorator.py for tasks to queue
[2025-08-02T01:45:17.373+0000] {logging_mixin.py:188} INFO - [2025-08-02T01:45:17.373+0000] {dagbag.py:540} INFO - Filling up the DagBag from /home/airflow/.local/lib/python3.8/site-packages/airflow/example_dags/example_branch_operator_decorator.py
[2025-08-02T01:45:17.426+0000] {processor.py:840} INFO - DAG(s) 'example_branch_python_operator_decorator' retrieved from /home/airflow/.local/lib/python3.8/site-packages/airflow/example_dags/example_branch_operator_decorator.py
[2025-08-02T01:45:17.474+0000] {logging_mixin.py:188} INFO - [2025-08-02T01:45:17.474+0000] {dag.py:3047} INFO - Sync 1 DAGs
[2025-08-02T01:45:17.512+0000] {logging_mixin.py:188} INFO - [2025-08-02T01:45:17.512+0000] {dag.py:3834} INFO - Setting next_dagrun for example_branch_python_operator_decorator to 2025-08-01 00:00:00+00:00, run_after=2025-08-02 00:00:00+00:00
[2025-08-02T01:45:17.549+0000] {processor.py:183} INFO - Processing /home/airflow/.local/lib/python3.8/site-packages/airflow/example_dags/example_branch_operator_decorator.py took 0.191 seconds
[2025-08-02T01:45:48.505+0000] {processor.py:161} INFO - Started process (PID=427) to work on /home/airflow/.local/lib/python3.8/site-packages/airflow/example_dags/example_branch_operator_decorator.py
[2025-08-02T01:45:48.508+0000] {processor.py:830} INFO - Processing file /home/airflow/.local/lib/python3.8/site-packages/airflow/example_dags/example_branch_operator_decorator.py for tasks to queue
[2025-08-02T01:45:48.514+0000] {logging_mixin.py:188} INFO - [2025-08-02T01:45:48.512+0000] {dagbag.py:540} INFO - Filling up the DagBag from /home/airflow/.local/lib/python3.8/site-packages/airflow/example_dags/example_branch_operator_decorator.py
[2025-08-02T01:45:48.583+0000] {processor.py:840} INFO - DAG(s) 'example_branch_python_operator_decorator' retrieved from /home/airflow/.local/lib/python3.8/site-packages/airflow/example_dags/example_branch_operator_decorator.py
[2025-08-02T01:45:48.629+0000] {logging_mixin.py:188} INFO - [2025-08-02T01:45:48.628+0000] {dag.py:3047} INFO - Sync 1 DAGs
[2025-08-02T01:45:48.706+0000] {logging_mixin.py:188} INFO - [2025-08-02T01:45:48.705+0000] {dag.py:3834} INFO - Setting next_dagrun for example_branch_python_operator_decorator to 2025-08-01 00:00:00+00:00, run_after=2025-08-02 00:00:00+00:00
[2025-08-02T01:45:48.756+0000] {processor.py:183} INFO - Processing /home/airflow/.local/lib/python3.8/site-packages/airflow/example_dags/example_branch_operator_decorator.py took 0.263 seconds
[2025-08-02T01:46:18.861+0000] {processor.py:161} INFO - Started process (PID=484) to work on /home/airflow/.local/lib/python3.8/site-packages/airflow/example_dags/example_branch_operator_decorator.py
[2025-08-02T01:46:18.863+0000] {processor.py:830} INFO - Processing file /home/airflow/.local/lib/python3.8/site-packages/airflow/example_dags/example_branch_operator_decorator.py for tasks to queue
[2025-08-02T01:46:18.868+0000] {logging_mixin.py:188} INFO - [2025-08-02T01:46:18.868+0000] {dagbag.py:540} INFO - Filling up the DagBag from /home/airflow/.local/lib/python3.8/site-packages/airflow/example_dags/example_branch_operator_decorator.py
[2025-08-02T01:46:19.062+0000] {processor.py:840} INFO - DAG(s) 'example_branch_python_operator_decorator' retrieved from /home/airflow/.local/lib/python3.8/site-packages/airflow/example_dags/example_branch_operator_decorator.py
[2025-08-02T01:46:19.120+0000] {logging_mixin.py:188} INFO - [2025-08-02T01:46:19.120+0000] {dag.py:3047} INFO - Sync 1 DAGs
[2025-08-02T01:46:19.166+0000] {logging_mixin.py:188} INFO - [2025-08-02T01:46:19.165+0000] {dag.py:3834} INFO - Setting next_dagrun for example_branch_python_operator_decorator to 2025-08-01 00:00:00+00:00, run_after=2025-08-02 00:00:00+00:00
[2025-08-02T01:46:19.236+0000] {processor.py:183} INFO - Processing /home/airflow/.local/lib/python3.8/site-packages/airflow/example_dags/example_branch_operator_decorator.py took 0.389 seconds
[2025-08-02T01:46:50.055+0000] {processor.py:161} INFO - Started process (PID=541) to work on /home/airflow/.local/lib/python3.8/site-packages/airflow/example_dags/example_branch_operator_decorator.py
[2025-08-02T01:46:50.059+0000] {processor.py:830} INFO - Processing file /home/airflow/.local/lib/python3.8/site-packages/airflow/example_dags/example_branch_operator_decorator.py for tasks to queue
[2025-08-02T01:46:50.061+0000] {logging_mixin.py:188} INFO - [2025-08-02T01:46:50.061+0000] {dagbag.py:540} INFO - Filling up the DagBag from /home/airflow/.local/lib/python3.8/site-packages/airflow/example_dags/example_branch_operator_decorator.py
[2025-08-02T01:46:50.081+0000] {processor.py:840} INFO - DAG(s) 'example_branch_python_operator_decorator' retrieved from /home/airflow/.local/lib/python3.8/site-packages/airflow/example_dags/example_branch_operator_decorator.py
[2025-08-02T01:46:50.126+0000] {logging_mixin.py:188} INFO - [2025-08-02T01:46:50.126+0000] {dag.py:3047} INFO - Sync 1 DAGs
[2025-08-02T01:46:50.152+0000] {logging_mixin.py:188} INFO - [2025-08-02T01:46:50.152+0000] {dag.py:3834} INFO - Setting next_dagrun for example_branch_python_operator_decorator to 2025-08-01 00:00:00+00:00, run_after=2025-08-02 00:00:00+00:00
[2025-08-02T01:46:50.171+0000] {processor.py:183} INFO - Processing /home/airflow/.local/lib/python3.8/site-packages/airflow/example_dags/example_branch_operator_decorator.py took 0.120 seconds
[2025-08-02T01:47:20.516+0000] {processor.py:161} INFO - Started process (PID=597) to work on /home/airflow/.local/lib/python3.8/site-packages/airflow/example_dags/example_branch_operator_decorator.py
[2025-08-02T01:47:20.520+0000] {processor.py:830} INFO - Processing file /home/airflow/.local/lib/python3.8/site-packages/airflow/example_dags/example_branch_operator_decorator.py for tasks to queue
[2025-08-02T01:47:20.523+0000] {logging_mixin.py:188} INFO - [2025-08-02T01:47:20.522+0000] {dagbag.py:540} INFO - Filling up the DagBag from /home/airflow/.local/lib/python3.8/site-packages/airflow/example_dags/example_branch_operator_decorator.py
[2025-08-02T01:47:20.552+0000] {processor.py:840} INFO - DAG(s) 'example_branch_python_operator_decorator' retrieved from /home/airflow/.local/lib/python3.8/site-packages/airflow/example_dags/example_branch_operator_decorator.py
[2025-08-02T01:47:20.576+0000] {logging_mixin.py:188} INFO - [2025-08-02T01:47:20.576+0000] {dag.py:3047} INFO - Sync 1 DAGs
[2025-08-02T01:47:20.595+0000] {logging_mixin.py:188} INFO - [2025-08-02T01:47:20.595+0000] {dag.py:3834} INFO - Setting next_dagrun for example_branch_python_operator_decorator to 2025-08-01 00:00:00+00:00, run_after=2025-08-02 00:00:00+00:00
[2025-08-02T01:47:20.612+0000] {processor.py:183} INFO - Processing /home/airflow/.local/lib/python3.8/site-packages/airflow/example_dags/example_branch_operator_decorator.py took 0.113 seconds
[2025-08-02T01:47:50.949+0000] {processor.py:161} INFO - Started process (PID=653) to work on /home/airflow/.local/lib/python3.8/site-packages/airflow/example_dags/example_branch_operator_decorator.py
[2025-08-02T01:47:50.952+0000] {processor.py:830} INFO - Processing file /home/airflow/.local/lib/python3.8/site-packages/airflow/example_dags/example_branch_operator_decorator.py for tasks to queue
[2025-08-02T01:47:50.960+0000] {logging_mixin.py:188} INFO - [2025-08-02T01:47:50.959+0000] {dagbag.py:540} INFO - Filling up the DagBag from /home/airflow/.local/lib/python3.8/site-packages/airflow/example_dags/example_branch_operator_decorator.py
[2025-08-02T01:47:51.003+0000] {processor.py:840} INFO - DAG(s) 'example_branch_python_operator_decorator' retrieved from /home/airflow/.local/lib/python3.8/site-packages/airflow/example_dags/example_branch_operator_decorator.py
[2025-08-02T01:47:51.041+0000] {logging_mixin.py:188} INFO - [2025-08-02T01:47:51.040+0000] {dag.py:3047} INFO - Sync 1 DAGs
[2025-08-02T01:47:51.068+0000] {logging_mixin.py:188} INFO - [2025-08-02T01:47:51.068+0000] {dag.py:3834} INFO - Setting next_dagrun for example_branch_python_operator_decorator to 2025-08-01 00:00:00+00:00, run_after=2025-08-02 00:00:00+00:00
[2025-08-02T01:47:51.084+0000] {processor.py:183} INFO - Processing /home/airflow/.local/lib/python3.8/site-packages/airflow/example_dags/example_branch_operator_decorator.py took 0.151 seconds
[2025-08-02T01:48:21.108+0000] {processor.py:161} INFO - Started process (PID=709) to work on /home/airflow/.local/lib/python3.8/site-packages/airflow/example_dags/example_branch_operator_decorator.py
[2025-08-02T01:48:21.109+0000] {processor.py:830} INFO - Processing file /home/airflow/.local/lib/python3.8/site-packages/airflow/example_dags/example_branch_operator_decorator.py for tasks to queue
[2025-08-02T01:48:21.110+0000] {logging_mixin.py:188} INFO - [2025-08-02T01:48:21.110+0000] {dagbag.py:540} INFO - Filling up the DagBag from /home/airflow/.local/lib/python3.8/site-packages/airflow/example_dags/example_branch_operator_decorator.py
[2025-08-02T01:48:21.136+0000] {processor.py:840} INFO - DAG(s) 'example_branch_python_operator_decorator' retrieved from /home/airflow/.local/lib/python3.8/site-packages/airflow/example_dags/example_branch_operator_decorator.py
[2025-08-02T01:48:21.171+0000] {logging_mixin.py:188} INFO - [2025-08-02T01:48:21.170+0000] {dag.py:3047} INFO - Sync 1 DAGs
[2025-08-02T01:48:21.191+0000] {logging_mixin.py:188} INFO - [2025-08-02T01:48:21.190+0000] {dag.py:3834} INFO - Setting next_dagrun for example_branch_python_operator_decorator to 2025-08-01 00:00:00+00:00, run_after=2025-08-02 00:00:00+00:00
[2025-08-02T01:48:21.210+0000] {processor.py:183} INFO - Processing /home/airflow/.local/lib/python3.8/site-packages/airflow/example_dags/example_branch_operator_decorator.py took 0.104 seconds
[2025-08-02T01:48:51.345+0000] {processor.py:161} INFO - Started process (PID=765) to work on /home/airflow/.local/lib/python3.8/site-packages/airflow/example_dags/example_branch_operator_decorator.py
[2025-08-02T01:48:51.346+0000] {processor.py:830} INFO - Processing file /home/airflow/.local/lib/python3.8/site-packages/airflow/example_dags/example_branch_operator_decorator.py for tasks to queue
[2025-08-02T01:48:51.347+0000] {logging_mixin.py:188} INFO - [2025-08-02T01:48:51.347+0000] {dagbag.py:540} INFO - Filling up the DagBag from /home/airflow/.local/lib/python3.8/site-packages/airflow/example_dags/example_branch_operator_decorator.py
[2025-08-02T01:48:51.368+0000] {processor.py:840} INFO - DAG(s) 'example_branch_python_operator_decorator' retrieved from /home/airflow/.local/lib/python3.8/site-packages/airflow/example_dags/example_branch_operator_decorator.py
[2025-08-02T01:48:51.390+0000] {logging_mixin.py:188} INFO - [2025-08-02T01:48:51.390+0000] {dag.py:3047} INFO - Sync 1 DAGs
[2025-08-02T01:48:51.407+0000] {logging_mixin.py:188} INFO - [2025-08-02T01:48:51.407+0000] {dag.py:3834} INFO - Setting next_dagrun for example_branch_python_operator_decorator to 2025-08-01 00:00:00+00:00, run_after=2025-08-02 00:00:00+00:00
[2025-08-02T01:48:51.433+0000] {processor.py:183} INFO - Processing /home/airflow/.local/lib/python3.8/site-packages/airflow/example_dags/example_branch_operator_decorator.py took 0.091 seconds
[2025-08-02T01:49:22.383+0000] {processor.py:161} INFO - Started process (PID=821) to work on /home/airflow/.local/lib/python3.8/site-packages/airflow/example_dags/example_branch_operator_decorator.py
[2025-08-02T01:49:22.384+0000] {processor.py:830} INFO - Processing file /home/airflow/.local/lib/python3.8/site-packages/airflow/example_dags/example_branch_operator_decorator.py for tasks to queue
[2025-08-02T01:49:22.386+0000] {logging_mixin.py:188} INFO - [2025-08-02T01:49:22.385+0000] {dagbag.py:540} INFO - Filling up the DagBag from /home/airflow/.local/lib/python3.8/site-packages/airflow/example_dags/example_branch_operator_decorator.py
[2025-08-02T01:49:22.409+0000] {processor.py:840} INFO - DAG(s) 'example_branch_python_operator_decorator' retrieved from /home/airflow/.local/lib/python3.8/site-packages/airflow/example_dags/example_branch_operator_decorator.py
[2025-08-02T01:49:22.432+0000] {logging_mixin.py:188} INFO - [2025-08-02T01:49:22.432+0000] {dag.py:3047} INFO - Sync 1 DAGs
[2025-08-02T01:49:22.453+0000] {logging_mixin.py:188} INFO - [2025-08-02T01:49:22.452+0000] {dag.py:3834} INFO - Setting next_dagrun for example_branch_python_operator_decorator to 2025-08-01 00:00:00+00:00, run_after=2025-08-02 00:00:00+00:00
[2025-08-02T01:49:22.470+0000] {processor.py:183} INFO - Processing /home/airflow/.local/lib/python3.8/site-packages/airflow/example_dags/example_branch_operator_decorator.py took 0.090 seconds
[2025-08-02T01:49:54.676+0000] {processor.py:161} INFO - Started process (PID=877) to work on /home/airflow/.local/lib/python3.8/site-packages/airflow/example_dags/example_branch_operator_decorator.py
[2025-08-02T01:49:54.681+0000] {processor.py:830} INFO - Processing file /home/airflow/.local/lib/python3.8/site-packages/airflow/example_dags/example_branch_operator_decorator.py for tasks to queue
[2025-08-02T01:49:54.690+0000] {logging_mixin.py:188} INFO - [2025-08-02T01:49:54.685+0000] {dagbag.py:540} INFO - Filling up the DagBag from /home/airflow/.local/lib/python3.8/site-packages/airflow/example_dags/example_branch_operator_decorator.py
[2025-08-02T01:49:54.767+0000] {processor.py:840} INFO - DAG(s) 'example_branch_python_operator_decorator' retrieved from /home/airflow/.local/lib/python3.8/site-packages/airflow/example_dags/example_branch_operator_decorator.py
[2025-08-02T01:49:54.851+0000] {logging_mixin.py:188} INFO - [2025-08-02T01:49:54.843+0000] {dag.py:3047} INFO - Sync 1 DAGs
[2025-08-02T01:49:54.949+0000] {logging_mixin.py:188} INFO - [2025-08-02T01:49:54.948+0000] {dag.py:3834} INFO - Setting next_dagrun for example_branch_python_operator_decorator to 2025-08-01 00:00:00+00:00, run_after=2025-08-02 00:00:00+00:00
[2025-08-02T01:49:54.999+0000] {processor.py:183} INFO - Processing /home/airflow/.local/lib/python3.8/site-packages/airflow/example_dags/example_branch_operator_decorator.py took 0.338 seconds
[2025-08-02T01:50:27.544+0000] {processor.py:161} INFO - Started process (PID=933) to work on /home/airflow/.local/lib/python3.8/site-packages/airflow/example_dags/example_branch_operator_decorator.py
[2025-08-02T01:50:27.553+0000] {processor.py:830} INFO - Processing file /home/airflow/.local/lib/python3.8/site-packages/airflow/example_dags/example_branch_operator_decorator.py for tasks to queue
[2025-08-02T01:50:27.558+0000] {logging_mixin.py:188} INFO - [2025-08-02T01:50:27.558+0000] {dagbag.py:540} INFO - Filling up the DagBag from /home/airflow/.local/lib/python3.8/site-packages/airflow/example_dags/example_branch_operator_decorator.py
[2025-08-02T01:50:27.611+0000] {processor.py:840} INFO - DAG(s) 'example_branch_python_operator_decorator' retrieved from /home/airflow/.local/lib/python3.8/site-packages/airflow/example_dags/example_branch_operator_decorator.py
[2025-08-02T01:50:27.666+0000] {logging_mixin.py:188} INFO - [2025-08-02T01:50:27.665+0000] {dag.py:3047} INFO - Sync 1 DAGs
[2025-08-02T01:50:27.711+0000] {logging_mixin.py:188} INFO - [2025-08-02T01:50:27.711+0000] {dag.py:3834} INFO - Setting next_dagrun for example_branch_python_operator_decorator to 2025-08-01 00:00:00+00:00, run_after=2025-08-02 00:00:00+00:00
[2025-08-02T01:50:27.734+0000] {processor.py:183} INFO - Processing /home/airflow/.local/lib/python3.8/site-packages/airflow/example_dags/example_branch_operator_decorator.py took 0.213 seconds
[2025-08-02T01:50:57.994+0000] {processor.py:161} INFO - Started process (PID=990) to work on /home/airflow/.local/lib/python3.8/site-packages/airflow/example_dags/example_branch_operator_decorator.py
[2025-08-02T01:50:57.995+0000] {processor.py:830} INFO - Processing file /home/airflow/.local/lib/python3.8/site-packages/airflow/example_dags/example_branch_operator_decorator.py for tasks to queue
[2025-08-02T01:50:57.997+0000] {logging_mixin.py:188} INFO - [2025-08-02T01:50:57.997+0000] {dagbag.py:540} INFO - Filling up the DagBag from /home/airflow/.local/lib/python3.8/site-packages/airflow/example_dags/example_branch_operator_decorator.py
[2025-08-02T01:50:58.042+0000] {processor.py:840} INFO - DAG(s) 'example_branch_python_operator_decorator' retrieved from /home/airflow/.local/lib/python3.8/site-packages/airflow/example_dags/example_branch_operator_decorator.py
[2025-08-02T01:50:58.083+0000] {logging_mixin.py:188} INFO - [2025-08-02T01:50:58.082+0000] {dag.py:3047} INFO - Sync 1 DAGs
[2025-08-02T01:50:58.102+0000] {logging_mixin.py:188} INFO - [2025-08-02T01:50:58.100+0000] {dag.py:3834} INFO - Setting next_dagrun for example_branch_python_operator_decorator to 2025-08-01 00:00:00+00:00, run_after=2025-08-02 00:00:00+00:00
[2025-08-02T01:50:58.119+0000] {processor.py:183} INFO - Processing /home/airflow/.local/lib/python3.8/site-packages/airflow/example_dags/example_branch_operator_decorator.py took 0.127 seconds
[2025-08-02T01:51:28.352+0000] {processor.py:161} INFO - Started process (PID=1046) to work on /home/airflow/.local/lib/python3.8/site-packages/airflow/example_dags/example_branch_operator_decorator.py
[2025-08-02T01:51:28.353+0000] {processor.py:830} INFO - Processing file /home/airflow/.local/lib/python3.8/site-packages/airflow/example_dags/example_branch_operator_decorator.py for tasks to queue
[2025-08-02T01:51:28.354+0000] {logging_mixin.py:188} INFO - [2025-08-02T01:51:28.354+0000] {dagbag.py:540} INFO - Filling up the DagBag from /home/airflow/.local/lib/python3.8/site-packages/airflow/example_dags/example_branch_operator_decorator.py
[2025-08-02T01:51:28.367+0000] {processor.py:840} INFO - DAG(s) 'example_branch_python_operator_decorator' retrieved from /home/airflow/.local/lib/python3.8/site-packages/airflow/example_dags/example_branch_operator_decorator.py
[2025-08-02T01:51:28.385+0000] {logging_mixin.py:188} INFO - [2025-08-02T01:51:28.384+0000] {dag.py:3047} INFO - Sync 1 DAGs
[2025-08-02T01:51:28.400+0000] {logging_mixin.py:188} INFO - [2025-08-02T01:51:28.399+0000] {dag.py:3834} INFO - Setting next_dagrun for example_branch_python_operator_decorator to 2025-08-01 00:00:00+00:00, run_after=2025-08-02 00:00:00+00:00
[2025-08-02T01:51:28.417+0000] {processor.py:183} INFO - Processing /home/airflow/.local/lib/python3.8/site-packages/airflow/example_dags/example_branch_operator_decorator.py took 0.067 seconds
[2025-08-02T01:51:58.973+0000] {processor.py:161} INFO - Started process (PID=1102) to work on /home/airflow/.local/lib/python3.8/site-packages/airflow/example_dags/example_branch_operator_decorator.py
[2025-08-02T01:51:58.974+0000] {processor.py:830} INFO - Processing file /home/airflow/.local/lib/python3.8/site-packages/airflow/example_dags/example_branch_operator_decorator.py for tasks to queue
[2025-08-02T01:51:58.975+0000] {logging_mixin.py:188} INFO - [2025-08-02T01:51:58.975+0000] {dagbag.py:540} INFO - Filling up the DagBag from /home/airflow/.local/lib/python3.8/site-packages/airflow/example_dags/example_branch_operator_decorator.py
[2025-08-02T01:51:58.988+0000] {processor.py:840} INFO - DAG(s) 'example_branch_python_operator_decorator' retrieved from /home/airflow/.local/lib/python3.8/site-packages/airflow/example_dags/example_branch_operator_decorator.py
[2025-08-02T01:51:59.015+0000] {logging_mixin.py:188} INFO - [2025-08-02T01:51:59.015+0000] {dag.py:3047} INFO - Sync 1 DAGs
[2025-08-02T01:51:59.029+0000] {logging_mixin.py:188} INFO - [2025-08-02T01:51:59.029+0000] {dag.py:3834} INFO - Setting next_dagrun for example_branch_python_operator_decorator to 2025-08-01 00:00:00+00:00, run_after=2025-08-02 00:00:00+00:00
[2025-08-02T01:51:59.044+0000] {processor.py:183} INFO - Processing /home/airflow/.local/lib/python3.8/site-packages/airflow/example_dags/example_branch_operator_decorator.py took 0.072 seconds
[2025-08-02T01:52:29.778+0000] {processor.py:161} INFO - Started process (PID=1158) to work on /home/airflow/.local/lib/python3.8/site-packages/airflow/example_dags/example_branch_operator_decorator.py
[2025-08-02T01:52:29.779+0000] {processor.py:830} INFO - Processing file /home/airflow/.local/lib/python3.8/site-packages/airflow/example_dags/example_branch_operator_decorator.py for tasks to queue
[2025-08-02T01:52:29.780+0000] {logging_mixin.py:188} INFO - [2025-08-02T01:52:29.780+0000] {dagbag.py:540} INFO - Filling up the DagBag from /home/airflow/.local/lib/python3.8/site-packages/airflow/example_dags/example_branch_operator_decorator.py
[2025-08-02T01:52:29.816+0000] {processor.py:840} INFO - DAG(s) 'example_branch_python_operator_decorator' retrieved from /home/airflow/.local/lib/python3.8/site-packages/airflow/example_dags/example_branch_operator_decorator.py
[2025-08-02T01:52:29.889+0000] {logging_mixin.py:188} INFO - [2025-08-02T01:52:29.889+0000] {dag.py:3047} INFO - Sync 1 DAGs
[2025-08-02T01:52:29.908+0000] {logging_mixin.py:188} INFO - [2025-08-02T01:52:29.908+0000] {dag.py:3834} INFO - Setting next_dagrun for example_branch_python_operator_decorator to 2025-08-01 00:00:00+00:00, run_after=2025-08-02 00:00:00+00:00
[2025-08-02T01:52:29.923+0000] {processor.py:183} INFO - Processing /home/airflow/.local/lib/python3.8/site-packages/airflow/example_dags/example_branch_operator_decorator.py took 0.148 seconds
[2025-08-02T01:53:01.687+0000] {processor.py:161} INFO - Started process (PID=1214) to work on /home/airflow/.local/lib/python3.8/site-packages/airflow/example_dags/example_branch_operator_decorator.py
[2025-08-02T01:53:01.688+0000] {processor.py:830} INFO - Processing file /home/airflow/.local/lib/python3.8/site-packages/airflow/example_dags/example_branch_operator_decorator.py for tasks to queue
[2025-08-02T01:53:01.689+0000] {logging_mixin.py:188} INFO - [2025-08-02T01:53:01.689+0000] {dagbag.py:540} INFO - Filling up the DagBag from /home/airflow/.local/lib/python3.8/site-packages/airflow/example_dags/example_branch_operator_decorator.py
[2025-08-02T01:53:01.709+0000] {processor.py:840} INFO - DAG(s) 'example_branch_python_operator_decorator' retrieved from /home/airflow/.local/lib/python3.8/site-packages/airflow/example_dags/example_branch_operator_decorator.py
[2025-08-02T01:53:01.734+0000] {logging_mixin.py:188} INFO - [2025-08-02T01:53:01.734+0000] {dag.py:3047} INFO - Sync 1 DAGs
[2025-08-02T01:53:01.761+0000] {logging_mixin.py:188} INFO - [2025-08-02T01:53:01.761+0000] {dag.py:3834} INFO - Setting next_dagrun for example_branch_python_operator_decorator to 2025-08-01 00:00:00+00:00, run_after=2025-08-02 00:00:00+00:00
[2025-08-02T01:53:01.788+0000] {processor.py:183} INFO - Processing /home/airflow/.local/lib/python3.8/site-packages/airflow/example_dags/example_branch_operator_decorator.py took 0.104 seconds
[2025-08-02T01:53:32.730+0000] {processor.py:161} INFO - Started process (PID=1270) to work on /home/airflow/.local/lib/python3.8/site-packages/airflow/example_dags/example_branch_operator_decorator.py
[2025-08-02T01:53:32.733+0000] {processor.py:830} INFO - Processing file /home/airflow/.local/lib/python3.8/site-packages/airflow/example_dags/example_branch_operator_decorator.py for tasks to queue
[2025-08-02T01:53:32.735+0000] {logging_mixin.py:188} INFO - [2025-08-02T01:53:32.735+0000] {dagbag.py:540} INFO - Filling up the DagBag from /home/airflow/.local/lib/python3.8/site-packages/airflow/example_dags/example_branch_operator_decorator.py
[2025-08-02T01:53:32.763+0000] {processor.py:840} INFO - DAG(s) 'example_branch_python_operator_decorator' retrieved from /home/airflow/.local/lib/python3.8/site-packages/airflow/example_dags/example_branch_operator_decorator.py
[2025-08-02T01:53:32.798+0000] {logging_mixin.py:188} INFO - [2025-08-02T01:53:32.798+0000] {dag.py:3047} INFO - Sync 1 DAGs
[2025-08-02T01:53:32.820+0000] {logging_mixin.py:188} INFO - [2025-08-02T01:53:32.819+0000] {dag.py:3834} INFO - Setting next_dagrun for example_branch_python_operator_decorator to 2025-08-01 00:00:00+00:00, run_after=2025-08-02 00:00:00+00:00
[2025-08-02T01:53:32.837+0000] {processor.py:183} INFO - Processing /home/airflow/.local/lib/python3.8/site-packages/airflow/example_dags/example_branch_operator_decorator.py took 0.111 seconds
[2025-08-02T01:54:03.544+0000] {processor.py:161} INFO - Started process (PID=1326) to work on /home/airflow/.local/lib/python3.8/site-packages/airflow/example_dags/example_branch_operator_decorator.py
[2025-08-02T01:54:03.546+0000] {processor.py:830} INFO - Processing file /home/airflow/.local/lib/python3.8/site-packages/airflow/example_dags/example_branch_operator_decorator.py for tasks to queue
[2025-08-02T01:54:03.551+0000] {logging_mixin.py:188} INFO - [2025-08-02T01:54:03.550+0000] {dagbag.py:540} INFO - Filling up the DagBag from /home/airflow/.local/lib/python3.8/site-packages/airflow/example_dags/example_branch_operator_decorator.py
[2025-08-02T01:54:03.589+0000] {processor.py:840} INFO - DAG(s) 'example_branch_python_operator_decorator' retrieved from /home/airflow/.local/lib/python3.8/site-packages/airflow/example_dags/example_branch_operator_decorator.py
[2025-08-02T01:54:03.617+0000] {logging_mixin.py:188} INFO - [2025-08-02T01:54:03.617+0000] {dag.py:3047} INFO - Sync 1 DAGs
[2025-08-02T01:54:03.646+0000] {logging_mixin.py:188} INFO - [2025-08-02T01:54:03.645+0000] {dag.py:3834} INFO - Setting next_dagrun for example_branch_python_operator_decorator to 2025-08-01 00:00:00+00:00, run_after=2025-08-02 00:00:00+00:00
[2025-08-02T01:54:03.666+0000] {processor.py:183} INFO - Processing /home/airflow/.local/lib/python3.8/site-packages/airflow/example_dags/example_branch_operator_decorator.py took 0.127 seconds
[2025-08-02T01:54:34.612+0000] {processor.py:161} INFO - Started process (PID=1382) to work on /home/airflow/.local/lib/python3.8/site-packages/airflow/example_dags/example_branch_operator_decorator.py
[2025-08-02T01:54:34.617+0000] {processor.py:830} INFO - Processing file /home/airflow/.local/lib/python3.8/site-packages/airflow/example_dags/example_branch_operator_decorator.py for tasks to queue
[2025-08-02T01:54:34.628+0000] {logging_mixin.py:188} INFO - [2025-08-02T01:54:34.626+0000] {dagbag.py:540} INFO - Filling up the DagBag from /home/airflow/.local/lib/python3.8/site-packages/airflow/example_dags/example_branch_operator_decorator.py
[2025-08-02T01:54:34.686+0000] {processor.py:840} INFO - DAG(s) 'example_branch_python_operator_decorator' retrieved from /home/airflow/.local/lib/python3.8/site-packages/airflow/example_dags/example_branch_operator_decorator.py
[2025-08-02T01:54:34.738+0000] {logging_mixin.py:188} INFO - [2025-08-02T01:54:34.737+0000] {dag.py:3047} INFO - Sync 1 DAGs
[2025-08-02T01:54:34.762+0000] {logging_mixin.py:188} INFO - [2025-08-02T01:54:34.762+0000] {dag.py:3834} INFO - Setting next_dagrun for example_branch_python_operator_decorator to 2025-08-01 00:00:00+00:00, run_after=2025-08-02 00:00:00+00:00
[2025-08-02T01:54:34.783+0000] {processor.py:183} INFO - Processing /home/airflow/.local/lib/python3.8/site-packages/airflow/example_dags/example_branch_operator_decorator.py took 0.177 seconds
[2025-08-02T01:55:05.586+0000] {processor.py:161} INFO - Started process (PID=1438) to work on /home/airflow/.local/lib/python3.8/site-packages/airflow/example_dags/example_branch_operator_decorator.py
[2025-08-02T01:55:05.588+0000] {processor.py:830} INFO - Processing file /home/airflow/.local/lib/python3.8/site-packages/airflow/example_dags/example_branch_operator_decorator.py for tasks to queue
[2025-08-02T01:55:05.592+0000] {logging_mixin.py:188} INFO - [2025-08-02T01:55:05.591+0000] {dagbag.py:540} INFO - Filling up the DagBag from /home/airflow/.local/lib/python3.8/site-packages/airflow/example_dags/example_branch_operator_decorator.py
[2025-08-02T01:55:05.637+0000] {processor.py:840} INFO - DAG(s) 'example_branch_python_operator_decorator' retrieved from /home/airflow/.local/lib/python3.8/site-packages/airflow/example_dags/example_branch_operator_decorator.py
[2025-08-02T01:55:05.669+0000] {logging_mixin.py:188} INFO - [2025-08-02T01:55:05.668+0000] {dag.py:3047} INFO - Sync 1 DAGs
[2025-08-02T01:55:05.693+0000] {logging_mixin.py:188} INFO - [2025-08-02T01:55:05.693+0000] {dag.py:3834} INFO - Setting next_dagrun for example_branch_python_operator_decorator to 2025-08-01 00:00:00+00:00, run_after=2025-08-02 00:00:00+00:00
[2025-08-02T01:55:05.735+0000] {processor.py:183} INFO - Processing /home/airflow/.local/lib/python3.8/site-packages/airflow/example_dags/example_branch_operator_decorator.py took 0.155 seconds
[2025-08-02T01:55:35.797+0000] {processor.py:161} INFO - Started process (PID=1493) to work on /home/airflow/.local/lib/python3.8/site-packages/airflow/example_dags/example_branch_operator_decorator.py
[2025-08-02T01:55:35.799+0000] {processor.py:830} INFO - Processing file /home/airflow/.local/lib/python3.8/site-packages/airflow/example_dags/example_branch_operator_decorator.py for tasks to queue
[2025-08-02T01:55:35.801+0000] {logging_mixin.py:188} INFO - [2025-08-02T01:55:35.801+0000] {dagbag.py:540} INFO - Filling up the DagBag from /home/airflow/.local/lib/python3.8/site-packages/airflow/example_dags/example_branch_operator_decorator.py
[2025-08-02T01:55:35.831+0000] {processor.py:840} INFO - DAG(s) 'example_branch_python_operator_decorator' retrieved from /home/airflow/.local/lib/python3.8/site-packages/airflow/example_dags/example_branch_operator_decorator.py
[2025-08-02T01:55:35.862+0000] {logging_mixin.py:188} INFO - [2025-08-02T01:55:35.862+0000] {dag.py:3047} INFO - Sync 1 DAGs
[2025-08-02T01:55:35.876+0000] {logging_mixin.py:188} INFO - [2025-08-02T01:55:35.876+0000] {dag.py:3834} INFO - Setting next_dagrun for example_branch_python_operator_decorator to 2025-08-01 00:00:00+00:00, run_after=2025-08-02 00:00:00+00:00
[2025-08-02T01:55:35.892+0000] {processor.py:183} INFO - Processing /home/airflow/.local/lib/python3.8/site-packages/airflow/example_dags/example_branch_operator_decorator.py took 0.100 seconds
[2025-08-02T01:56:06.943+0000] {processor.py:161} INFO - Started process (PID=1549) to work on /home/airflow/.local/lib/python3.8/site-packages/airflow/example_dags/example_branch_operator_decorator.py
[2025-08-02T01:56:06.966+0000] {processor.py:830} INFO - Processing file /home/airflow/.local/lib/python3.8/site-packages/airflow/example_dags/example_branch_operator_decorator.py for tasks to queue
[2025-08-02T01:56:06.994+0000] {logging_mixin.py:188} INFO - [2025-08-02T01:56:06.992+0000] {dagbag.py:540} INFO - Filling up the DagBag from /home/airflow/.local/lib/python3.8/site-packages/airflow/example_dags/example_branch_operator_decorator.py
[2025-08-02T01:56:07.109+0000] {processor.py:840} INFO - DAG(s) 'example_branch_python_operator_decorator' retrieved from /home/airflow/.local/lib/python3.8/site-packages/airflow/example_dags/example_branch_operator_decorator.py
[2025-08-02T01:56:07.155+0000] {logging_mixin.py:188} INFO - [2025-08-02T01:56:07.155+0000] {dag.py:3047} INFO - Sync 1 DAGs
[2025-08-02T01:56:07.250+0000] {logging_mixin.py:188} INFO - [2025-08-02T01:56:07.250+0000] {dag.py:3834} INFO - Setting next_dagrun for example_branch_python_operator_decorator to 2025-08-01 00:00:00+00:00, run_after=2025-08-02 00:00:00+00:00
[2025-08-02T01:56:07.285+0000] {processor.py:183} INFO - Processing /home/airflow/.local/lib/python3.8/site-packages/airflow/example_dags/example_branch_operator_decorator.py took 0.423 seconds
[2025-08-02T01:56:38.055+0000] {processor.py:161} INFO - Started process (PID=1604) to work on /home/airflow/.local/lib/python3.8/site-packages/airflow/example_dags/example_branch_operator_decorator.py
[2025-08-02T01:56:38.059+0000] {processor.py:830} INFO - Processing file /home/airflow/.local/lib/python3.8/site-packages/airflow/example_dags/example_branch_operator_decorator.py for tasks to queue
[2025-08-02T01:56:38.072+0000] {logging_mixin.py:188} INFO - [2025-08-02T01:56:38.069+0000] {dagbag.py:540} INFO - Filling up the DagBag from /home/airflow/.local/lib/python3.8/site-packages/airflow/example_dags/example_branch_operator_decorator.py
[2025-08-02T01:56:38.133+0000] {processor.py:840} INFO - DAG(s) 'example_branch_python_operator_decorator' retrieved from /home/airflow/.local/lib/python3.8/site-packages/airflow/example_dags/example_branch_operator_decorator.py
[2025-08-02T01:56:38.168+0000] {logging_mixin.py:188} INFO - [2025-08-02T01:56:38.168+0000] {dag.py:3047} INFO - Sync 1 DAGs
[2025-08-02T01:56:38.194+0000] {logging_mixin.py:188} INFO - [2025-08-02T01:56:38.194+0000] {dag.py:3834} INFO - Setting next_dagrun for example_branch_python_operator_decorator to 2025-08-01 00:00:00+00:00, run_after=2025-08-02 00:00:00+00:00
[2025-08-02T01:56:38.221+0000] {processor.py:183} INFO - Processing /home/airflow/.local/lib/python3.8/site-packages/airflow/example_dags/example_branch_operator_decorator.py took 0.174 seconds
[2025-08-02T01:57:08.486+0000] {processor.py:161} INFO - Started process (PID=1660) to work on /home/airflow/.local/lib/python3.8/site-packages/airflow/example_dags/example_branch_operator_decorator.py
[2025-08-02T01:57:08.503+0000] {processor.py:830} INFO - Processing file /home/airflow/.local/lib/python3.8/site-packages/airflow/example_dags/example_branch_operator_decorator.py for tasks to queue
[2025-08-02T01:57:08.677+0000] {logging_mixin.py:188} INFO - [2025-08-02T01:57:08.589+0000] {dagbag.py:540} INFO - Filling up the DagBag from /home/airflow/.local/lib/python3.8/site-packages/airflow/example_dags/example_branch_operator_decorator.py
[2025-08-02T01:57:08.910+0000] {processor.py:840} INFO - DAG(s) 'example_branch_python_operator_decorator' retrieved from /home/airflow/.local/lib/python3.8/site-packages/airflow/example_dags/example_branch_operator_decorator.py
[2025-08-02T01:57:11.350+0000] {logging_mixin.py:188} INFO - [2025-08-02T01:57:11.337+0000] {dag.py:3047} INFO - Sync 1 DAGs
[2025-08-02T01:57:13.831+0000] {logging_mixin.py:188} INFO - [2025-08-02T01:57:13.761+0000] {dag.py:3834} INFO - Setting next_dagrun for example_branch_python_operator_decorator to 2025-08-01 00:00:00+00:00, run_after=2025-08-02 00:00:00+00:00
[2025-08-02T01:57:13.954+0000] {processor.py:183} INFO - Processing /home/airflow/.local/lib/python3.8/site-packages/airflow/example_dags/example_branch_operator_decorator.py took 5.505 seconds
[2025-08-02T01:57:47.753+0000] {processor.py:161} INFO - Started process (PID=1720) to work on /home/airflow/.local/lib/python3.8/site-packages/airflow/example_dags/example_branch_operator_decorator.py
[2025-08-02T01:57:47.754+0000] {processor.py:830} INFO - Processing file /home/airflow/.local/lib/python3.8/site-packages/airflow/example_dags/example_branch_operator_decorator.py for tasks to queue
[2025-08-02T01:57:47.757+0000] {logging_mixin.py:188} INFO - [2025-08-02T01:57:47.757+0000] {dagbag.py:540} INFO - Filling up the DagBag from /home/airflow/.local/lib/python3.8/site-packages/airflow/example_dags/example_branch_operator_decorator.py
[2025-08-02T01:57:47.772+0000] {processor.py:840} INFO - DAG(s) 'example_branch_python_operator_decorator' retrieved from /home/airflow/.local/lib/python3.8/site-packages/airflow/example_dags/example_branch_operator_decorator.py
[2025-08-02T01:57:47.801+0000] {logging_mixin.py:188} INFO - [2025-08-02T01:57:47.801+0000] {dag.py:3047} INFO - Sync 1 DAGs
[2025-08-02T01:57:47.825+0000] {logging_mixin.py:188} INFO - [2025-08-02T01:57:47.825+0000] {dag.py:3834} INFO - Setting next_dagrun for example_branch_python_operator_decorator to 2025-08-01 00:00:00+00:00, run_after=2025-08-02 00:00:00+00:00
[2025-08-02T01:57:47.862+0000] {processor.py:183} INFO - Processing /home/airflow/.local/lib/python3.8/site-packages/airflow/example_dags/example_branch_operator_decorator.py took 0.112 seconds
[2025-08-02T01:58:20.124+0000] {processor.py:161} INFO - Started process (PID=1775) to work on /home/airflow/.local/lib/python3.8/site-packages/airflow/example_dags/example_branch_operator_decorator.py
[2025-08-02T01:58:20.126+0000] {processor.py:830} INFO - Processing file /home/airflow/.local/lib/python3.8/site-packages/airflow/example_dags/example_branch_operator_decorator.py for tasks to queue
[2025-08-02T01:58:20.132+0000] {logging_mixin.py:188} INFO - [2025-08-02T01:58:20.130+0000] {dagbag.py:540} INFO - Filling up the DagBag from /home/airflow/.local/lib/python3.8/site-packages/airflow/example_dags/example_branch_operator_decorator.py
[2025-08-02T01:58:20.219+0000] {processor.py:840} INFO - DAG(s) 'example_branch_python_operator_decorator' retrieved from /home/airflow/.local/lib/python3.8/site-packages/airflow/example_dags/example_branch_operator_decorator.py
[2025-08-02T01:58:20.290+0000] {logging_mixin.py:188} INFO - [2025-08-02T01:58:20.290+0000] {dag.py:3047} INFO - Sync 1 DAGs
[2025-08-02T01:58:20.323+0000] {logging_mixin.py:188} INFO - [2025-08-02T01:58:20.323+0000] {dag.py:3834} INFO - Setting next_dagrun for example_branch_python_operator_decorator to 2025-08-01 00:00:00+00:00, run_after=2025-08-02 00:00:00+00:00
[2025-08-02T01:58:20.346+0000] {processor.py:183} INFO - Processing /home/airflow/.local/lib/python3.8/site-packages/airflow/example_dags/example_branch_operator_decorator.py took 0.230 seconds
[2025-08-02T01:58:51.134+0000] {processor.py:161} INFO - Started process (PID=1831) to work on /home/airflow/.local/lib/python3.8/site-packages/airflow/example_dags/example_branch_operator_decorator.py
[2025-08-02T01:58:51.136+0000] {processor.py:830} INFO - Processing file /home/airflow/.local/lib/python3.8/site-packages/airflow/example_dags/example_branch_operator_decorator.py for tasks to queue
[2025-08-02T01:58:51.137+0000] {logging_mixin.py:188} INFO - [2025-08-02T01:58:51.137+0000] {dagbag.py:540} INFO - Filling up the DagBag from /home/airflow/.local/lib/python3.8/site-packages/airflow/example_dags/example_branch_operator_decorator.py
[2025-08-02T01:58:51.159+0000] {processor.py:840} INFO - DAG(s) 'example_branch_python_operator_decorator' retrieved from /home/airflow/.local/lib/python3.8/site-packages/airflow/example_dags/example_branch_operator_decorator.py
[2025-08-02T01:58:51.183+0000] {logging_mixin.py:188} INFO - [2025-08-02T01:58:51.183+0000] {dag.py:3047} INFO - Sync 1 DAGs
[2025-08-02T01:58:51.203+0000] {logging_mixin.py:188} INFO - [2025-08-02T01:58:51.202+0000] {dag.py:3834} INFO - Setting next_dagrun for example_branch_python_operator_decorator to 2025-08-01 00:00:00+00:00, run_after=2025-08-02 00:00:00+00:00
[2025-08-02T01:58:51.220+0000] {processor.py:183} INFO - Processing /home/airflow/.local/lib/python3.8/site-packages/airflow/example_dags/example_branch_operator_decorator.py took 0.090 seconds
[2025-08-02T01:59:21.311+0000] {processor.py:161} INFO - Started process (PID=1887) to work on /home/airflow/.local/lib/python3.8/site-packages/airflow/example_dags/example_branch_operator_decorator.py
[2025-08-02T01:59:21.312+0000] {processor.py:830} INFO - Processing file /home/airflow/.local/lib/python3.8/site-packages/airflow/example_dags/example_branch_operator_decorator.py for tasks to queue
[2025-08-02T01:59:21.314+0000] {logging_mixin.py:188} INFO - [2025-08-02T01:59:21.313+0000] {dagbag.py:540} INFO - Filling up the DagBag from /home/airflow/.local/lib/python3.8/site-packages/airflow/example_dags/example_branch_operator_decorator.py
[2025-08-02T01:59:21.351+0000] {processor.py:840} INFO - DAG(s) 'example_branch_python_operator_decorator' retrieved from /home/airflow/.local/lib/python3.8/site-packages/airflow/example_dags/example_branch_operator_decorator.py
[2025-08-02T01:59:21.382+0000] {logging_mixin.py:188} INFO - [2025-08-02T01:59:21.382+0000] {dag.py:3047} INFO - Sync 1 DAGs
[2025-08-02T01:59:21.426+0000] {logging_mixin.py:188} INFO - [2025-08-02T01:59:21.426+0000] {dag.py:3834} INFO - Setting next_dagrun for example_branch_python_operator_decorator to 2025-08-01 00:00:00+00:00, run_after=2025-08-02 00:00:00+00:00
[2025-08-02T01:59:21.449+0000] {processor.py:183} INFO - Processing /home/airflow/.local/lib/python3.8/site-packages/airflow/example_dags/example_branch_operator_decorator.py took 0.142 seconds
[2025-08-02T01:59:52.244+0000] {processor.py:161} INFO - Started process (PID=1943) to work on /home/airflow/.local/lib/python3.8/site-packages/airflow/example_dags/example_branch_operator_decorator.py
[2025-08-02T01:59:52.246+0000] {processor.py:830} INFO - Processing file /home/airflow/.local/lib/python3.8/site-packages/airflow/example_dags/example_branch_operator_decorator.py for tasks to queue
[2025-08-02T01:59:52.248+0000] {logging_mixin.py:188} INFO - [2025-08-02T01:59:52.248+0000] {dagbag.py:540} INFO - Filling up the DagBag from /home/airflow/.local/lib/python3.8/site-packages/airflow/example_dags/example_branch_operator_decorator.py
[2025-08-02T01:59:52.270+0000] {processor.py:840} INFO - DAG(s) 'example_branch_python_operator_decorator' retrieved from /home/airflow/.local/lib/python3.8/site-packages/airflow/example_dags/example_branch_operator_decorator.py
[2025-08-02T01:59:52.292+0000] {logging_mixin.py:188} INFO - [2025-08-02T01:59:52.292+0000] {dag.py:3047} INFO - Sync 1 DAGs
[2025-08-02T01:59:52.306+0000] {logging_mixin.py:188} INFO - [2025-08-02T01:59:52.306+0000] {dag.py:3834} INFO - Setting next_dagrun for example_branch_python_operator_decorator to 2025-08-01 00:00:00+00:00, run_after=2025-08-02 00:00:00+00:00
[2025-08-02T01:59:52.316+0000] {processor.py:183} INFO - Processing /home/airflow/.local/lib/python3.8/site-packages/airflow/example_dags/example_branch_operator_decorator.py took 0.076 seconds
[2025-08-02T02:00:23.278+0000] {processor.py:161} INFO - Started process (PID=1999) to work on /home/airflow/.local/lib/python3.8/site-packages/airflow/example_dags/example_branch_operator_decorator.py
[2025-08-02T02:00:23.283+0000] {processor.py:830} INFO - Processing file /home/airflow/.local/lib/python3.8/site-packages/airflow/example_dags/example_branch_operator_decorator.py for tasks to queue
[2025-08-02T02:00:23.284+0000] {logging_mixin.py:188} INFO - [2025-08-02T02:00:23.284+0000] {dagbag.py:540} INFO - Filling up the DagBag from /home/airflow/.local/lib/python3.8/site-packages/airflow/example_dags/example_branch_operator_decorator.py
[2025-08-02T02:00:23.315+0000] {processor.py:840} INFO - DAG(s) 'example_branch_python_operator_decorator' retrieved from /home/airflow/.local/lib/python3.8/site-packages/airflow/example_dags/example_branch_operator_decorator.py
[2025-08-02T02:00:23.332+0000] {logging_mixin.py:188} INFO - [2025-08-02T02:00:23.331+0000] {dag.py:3047} INFO - Sync 1 DAGs
[2025-08-02T02:00:23.349+0000] {logging_mixin.py:188} INFO - [2025-08-02T02:00:23.349+0000] {dag.py:3834} INFO - Setting next_dagrun for example_branch_python_operator_decorator to 2025-08-01 00:00:00+00:00, run_after=2025-08-02 00:00:00+00:00
[2025-08-02T02:00:23.366+0000] {processor.py:183} INFO - Processing /home/airflow/.local/lib/python3.8/site-packages/airflow/example_dags/example_branch_operator_decorator.py took 0.091 seconds
[2025-08-02T02:01:08.024+0000] {processor.py:161} INFO - Started process (PID=2055) to work on /home/airflow/.local/lib/python3.8/site-packages/airflow/example_dags/example_branch_operator_decorator.py
[2025-08-02T02:01:08.027+0000] {processor.py:830} INFO - Processing file /home/airflow/.local/lib/python3.8/site-packages/airflow/example_dags/example_branch_operator_decorator.py for tasks to queue
[2025-08-02T02:01:08.075+0000] {logging_mixin.py:188} INFO - [2025-08-02T02:01:08.074+0000] {dagbag.py:540} INFO - Filling up the DagBag from /home/airflow/.local/lib/python3.8/site-packages/airflow/example_dags/example_branch_operator_decorator.py
[2025-08-02T02:01:08.250+0000] {processor.py:840} INFO - DAG(s) 'example_branch_python_operator_decorator' retrieved from /home/airflow/.local/lib/python3.8/site-packages/airflow/example_dags/example_branch_operator_decorator.py
[2025-08-02T02:01:08.381+0000] {logging_mixin.py:188} INFO - [2025-08-02T02:01:08.380+0000] {dag.py:3047} INFO - Sync 1 DAGs
[2025-08-02T02:01:08.451+0000] {logging_mixin.py:188} INFO - [2025-08-02T02:01:08.451+0000] {dag.py:3834} INFO - Setting next_dagrun for example_branch_python_operator_decorator to 2025-08-01 00:00:00+00:00, run_after=2025-08-02 00:00:00+00:00
[2025-08-02T02:01:08.512+0000] {processor.py:183} INFO - Processing /home/airflow/.local/lib/python3.8/site-packages/airflow/example_dags/example_branch_operator_decorator.py took 0.500 seconds
[2025-08-02T02:01:39.286+0000] {processor.py:161} INFO - Started process (PID=2111) to work on /home/airflow/.local/lib/python3.8/site-packages/airflow/example_dags/example_branch_operator_decorator.py
[2025-08-02T02:01:39.291+0000] {processor.py:830} INFO - Processing file /home/airflow/.local/lib/python3.8/site-packages/airflow/example_dags/example_branch_operator_decorator.py for tasks to queue
[2025-08-02T02:01:39.299+0000] {logging_mixin.py:188} INFO - [2025-08-02T02:01:39.297+0000] {dagbag.py:540} INFO - Filling up the DagBag from /home/airflow/.local/lib/python3.8/site-packages/airflow/example_dags/example_branch_operator_decorator.py
[2025-08-02T02:01:39.391+0000] {processor.py:840} INFO - DAG(s) 'example_branch_python_operator_decorator' retrieved from /home/airflow/.local/lib/python3.8/site-packages/airflow/example_dags/example_branch_operator_decorator.py
[2025-08-02T02:01:39.680+0000] {logging_mixin.py:188} INFO - [2025-08-02T02:01:39.678+0000] {dag.py:3047} INFO - Sync 1 DAGs
[2025-08-02T02:01:39.759+0000] {logging_mixin.py:188} INFO - [2025-08-02T02:01:39.759+0000] {dag.py:3834} INFO - Setting next_dagrun for example_branch_python_operator_decorator to 2025-08-01 00:00:00+00:00, run_after=2025-08-02 00:00:00+00:00
[2025-08-02T02:01:39.837+0000] {processor.py:183} INFO - Processing /home/airflow/.local/lib/python3.8/site-packages/airflow/example_dags/example_branch_operator_decorator.py took 0.572 seconds
[2025-08-02T02:02:37.818+0000] {processor.py:161} INFO - Started process (PID=2159) to work on /home/airflow/.local/lib/python3.8/site-packages/airflow/example_dags/example_branch_operator_decorator.py
[2025-08-02T02:02:37.827+0000] {processor.py:830} INFO - Processing file /home/airflow/.local/lib/python3.8/site-packages/airflow/example_dags/example_branch_operator_decorator.py for tasks to queue
[2025-08-02T02:02:37.837+0000] {logging_mixin.py:188} INFO - [2025-08-02T02:02:37.836+0000] {dagbag.py:540} INFO - Filling up the DagBag from /home/airflow/.local/lib/python3.8/site-packages/airflow/example_dags/example_branch_operator_decorator.py
[2025-08-02T02:02:38.027+0000] {processor.py:840} INFO - DAG(s) 'example_branch_python_operator_decorator' retrieved from /home/airflow/.local/lib/python3.8/site-packages/airflow/example_dags/example_branch_operator_decorator.py
[2025-08-02T02:02:38.257+0000] {logging_mixin.py:188} INFO - [2025-08-02T02:02:38.255+0000] {dag.py:3047} INFO - Sync 1 DAGs
[2025-08-02T02:02:38.429+0000] {logging_mixin.py:188} INFO - [2025-08-02T02:02:38.426+0000] {dag.py:3834} INFO - Setting next_dagrun for example_branch_python_operator_decorator to 2025-08-01 00:00:00+00:00, run_after=2025-08-02 00:00:00+00:00
[2025-08-02T02:02:38.536+0000] {processor.py:183} INFO - Processing /home/airflow/.local/lib/python3.8/site-packages/airflow/example_dags/example_branch_operator_decorator.py took 0.740 seconds
[2025-08-02T02:03:15.287+0000] {processor.py:161} INFO - Started process (PID=2215) to work on /home/airflow/.local/lib/python3.8/site-packages/airflow/example_dags/example_branch_operator_decorator.py
[2025-08-02T02:03:15.295+0000] {processor.py:830} INFO - Processing file /home/airflow/.local/lib/python3.8/site-packages/airflow/example_dags/example_branch_operator_decorator.py for tasks to queue
[2025-08-02T02:03:15.316+0000] {logging_mixin.py:188} INFO - [2025-08-02T02:03:15.316+0000] {dagbag.py:540} INFO - Filling up the DagBag from /home/airflow/.local/lib/python3.8/site-packages/airflow/example_dags/example_branch_operator_decorator.py
[2025-08-02T02:03:15.472+0000] {processor.py:840} INFO - DAG(s) 'example_branch_python_operator_decorator' retrieved from /home/airflow/.local/lib/python3.8/site-packages/airflow/example_dags/example_branch_operator_decorator.py
[2025-08-02T02:03:15.936+0000] {logging_mixin.py:188} INFO - [2025-08-02T02:03:15.931+0000] {dag.py:3047} INFO - Sync 1 DAGs
[2025-08-02T02:03:16.078+0000] {logging_mixin.py:188} INFO - [2025-08-02T02:03:16.077+0000] {dag.py:3834} INFO - Setting next_dagrun for example_branch_python_operator_decorator to 2025-08-01 00:00:00+00:00, run_after=2025-08-02 00:00:00+00:00
[2025-08-02T02:03:16.182+0000] {processor.py:183} INFO - Processing /home/airflow/.local/lib/python3.8/site-packages/airflow/example_dags/example_branch_operator_decorator.py took 0.906 seconds
[2025-08-02T02:03:46.262+0000] {processor.py:161} INFO - Started process (PID=2271) to work on /home/airflow/.local/lib/python3.8/site-packages/airflow/example_dags/example_branch_operator_decorator.py
[2025-08-02T02:03:46.266+0000] {processor.py:830} INFO - Processing file /home/airflow/.local/lib/python3.8/site-packages/airflow/example_dags/example_branch_operator_decorator.py for tasks to queue
[2025-08-02T02:03:46.273+0000] {logging_mixin.py:188} INFO - [2025-08-02T02:03:46.272+0000] {dagbag.py:540} INFO - Filling up the DagBag from /home/airflow/.local/lib/python3.8/site-packages/airflow/example_dags/example_branch_operator_decorator.py
[2025-08-02T02:03:46.350+0000] {processor.py:840} INFO - DAG(s) 'example_branch_python_operator_decorator' retrieved from /home/airflow/.local/lib/python3.8/site-packages/airflow/example_dags/example_branch_operator_decorator.py
[2025-08-02T02:03:46.405+0000] {logging_mixin.py:188} INFO - [2025-08-02T02:03:46.404+0000] {dag.py:3047} INFO - Sync 1 DAGs
[2025-08-02T02:03:46.491+0000] {logging_mixin.py:188} INFO - [2025-08-02T02:03:46.491+0000] {dag.py:3834} INFO - Setting next_dagrun for example_branch_python_operator_decorator to 2025-08-01 00:00:00+00:00, run_after=2025-08-02 00:00:00+00:00
[2025-08-02T02:03:46.538+0000] {processor.py:183} INFO - Processing /home/airflow/.local/lib/python3.8/site-packages/airflow/example_dags/example_branch_operator_decorator.py took 0.281 seconds
[2025-08-02T02:04:23.828+0000] {processor.py:161} INFO - Started process (PID=2327) to work on /home/airflow/.local/lib/python3.8/site-packages/airflow/example_dags/example_branch_operator_decorator.py
[2025-08-02T02:04:23.831+0000] {processor.py:830} INFO - Processing file /home/airflow/.local/lib/python3.8/site-packages/airflow/example_dags/example_branch_operator_decorator.py for tasks to queue
[2025-08-02T02:04:23.835+0000] {logging_mixin.py:188} INFO - [2025-08-02T02:04:23.835+0000] {dagbag.py:540} INFO - Filling up the DagBag from /home/airflow/.local/lib/python3.8/site-packages/airflow/example_dags/example_branch_operator_decorator.py
[2025-08-02T02:04:23.896+0000] {processor.py:840} INFO - DAG(s) 'example_branch_python_operator_decorator' retrieved from /home/airflow/.local/lib/python3.8/site-packages/airflow/example_dags/example_branch_operator_decorator.py
[2025-08-02T02:04:23.943+0000] {logging_mixin.py:188} INFO - [2025-08-02T02:04:23.942+0000] {dag.py:3047} INFO - Sync 1 DAGs
[2025-08-02T02:04:23.972+0000] {logging_mixin.py:188} INFO - [2025-08-02T02:04:23.972+0000] {dag.py:3834} INFO - Setting next_dagrun for example_branch_python_operator_decorator to 2025-08-01 00:00:00+00:00, run_after=2025-08-02 00:00:00+00:00
[2025-08-02T02:04:24.011+0000] {processor.py:183} INFO - Processing /home/airflow/.local/lib/python3.8/site-packages/airflow/example_dags/example_branch_operator_decorator.py took 0.188 seconds
[2025-08-02T02:04:56.123+0000] {processor.py:161} INFO - Started process (PID=2383) to work on /home/airflow/.local/lib/python3.8/site-packages/airflow/example_dags/example_branch_operator_decorator.py
[2025-08-02T02:04:56.126+0000] {processor.py:830} INFO - Processing file /home/airflow/.local/lib/python3.8/site-packages/airflow/example_dags/example_branch_operator_decorator.py for tasks to queue
[2025-08-02T02:04:56.133+0000] {logging_mixin.py:188} INFO - [2025-08-02T02:04:56.133+0000] {dagbag.py:540} INFO - Filling up the DagBag from /home/airflow/.local/lib/python3.8/site-packages/airflow/example_dags/example_branch_operator_decorator.py
[2025-08-02T02:04:56.245+0000] {processor.py:840} INFO - DAG(s) 'example_branch_python_operator_decorator' retrieved from /home/airflow/.local/lib/python3.8/site-packages/airflow/example_dags/example_branch_operator_decorator.py
[2025-08-02T02:04:56.418+0000] {logging_mixin.py:188} INFO - [2025-08-02T02:04:56.417+0000] {dag.py:3047} INFO - Sync 1 DAGs
[2025-08-02T02:04:56.513+0000] {logging_mixin.py:188} INFO - [2025-08-02T02:04:56.512+0000] {dag.py:3834} INFO - Setting next_dagrun for example_branch_python_operator_decorator to 2025-08-01 00:00:00+00:00, run_after=2025-08-02 00:00:00+00:00
[2025-08-02T02:04:56.588+0000] {processor.py:183} INFO - Processing /home/airflow/.local/lib/python3.8/site-packages/airflow/example_dags/example_branch_operator_decorator.py took 0.480 seconds
[2025-08-02T02:08:04.567+0000] {processor.py:161} INFO - Started process (PID=2444) to work on /home/airflow/.local/lib/python3.8/site-packages/airflow/example_dags/example_branch_operator_decorator.py
[2025-08-02T02:08:04.573+0000] {processor.py:830} INFO - Processing file /home/airflow/.local/lib/python3.8/site-packages/airflow/example_dags/example_branch_operator_decorator.py for tasks to queue
[2025-08-02T02:08:04.594+0000] {logging_mixin.py:188} INFO - [2025-08-02T02:08:04.584+0000] {dagbag.py:540} INFO - Filling up the DagBag from /home/airflow/.local/lib/python3.8/site-packages/airflow/example_dags/example_branch_operator_decorator.py
[2025-08-02T02:08:05.053+0000] {processor.py:840} INFO - DAG(s) 'example_branch_python_operator_decorator' retrieved from /home/airflow/.local/lib/python3.8/site-packages/airflow/example_dags/example_branch_operator_decorator.py
[2025-08-02T02:08:05.576+0000] {logging_mixin.py:188} INFO - [2025-08-02T02:08:05.571+0000] {dag.py:3047} INFO - Sync 1 DAGs
[2025-08-02T02:08:05.898+0000] {logging_mixin.py:188} INFO - [2025-08-02T02:08:05.897+0000] {dag.py:3834} INFO - Setting next_dagrun for example_branch_python_operator_decorator to 2025-08-01 00:00:00+00:00, run_after=2025-08-02 00:00:00+00:00
[2025-08-02T02:08:07.888+0000] {processor.py:183} INFO - Processing /home/airflow/.local/lib/python3.8/site-packages/airflow/example_dags/example_branch_operator_decorator.py took 3.355 seconds
[2025-08-02T02:08:57.307+0000] {processor.py:161} INFO - Started process (PID=2506) to work on /home/airflow/.local/lib/python3.8/site-packages/airflow/example_dags/example_branch_operator_decorator.py
[2025-08-02T02:08:57.311+0000] {processor.py:830} INFO - Processing file /home/airflow/.local/lib/python3.8/site-packages/airflow/example_dags/example_branch_operator_decorator.py for tasks to queue
[2025-08-02T02:08:57.315+0000] {logging_mixin.py:188} INFO - [2025-08-02T02:08:57.314+0000] {dagbag.py:540} INFO - Filling up the DagBag from /home/airflow/.local/lib/python3.8/site-packages/airflow/example_dags/example_branch_operator_decorator.py
[2025-08-02T02:08:57.406+0000] {processor.py:840} INFO - DAG(s) 'example_branch_python_operator_decorator' retrieved from /home/airflow/.local/lib/python3.8/site-packages/airflow/example_dags/example_branch_operator_decorator.py
[2025-08-02T02:08:57.590+0000] {logging_mixin.py:188} INFO - [2025-08-02T02:08:57.589+0000] {dag.py:3047} INFO - Sync 1 DAGs
[2025-08-02T02:08:57.744+0000] {logging_mixin.py:188} INFO - [2025-08-02T02:08:57.742+0000] {dag.py:3834} INFO - Setting next_dagrun for example_branch_python_operator_decorator to 2025-08-01 00:00:00+00:00, run_after=2025-08-02 00:00:00+00:00
[2025-08-02T02:08:57.845+0000] {processor.py:183} INFO - Processing /home/airflow/.local/lib/python3.8/site-packages/airflow/example_dags/example_branch_operator_decorator.py took 0.553 seconds
[2025-08-02T02:09:28.983+0000] {processor.py:161} INFO - Started process (PID=2560) to work on /home/airflow/.local/lib/python3.8/site-packages/airflow/example_dags/example_branch_operator_decorator.py
[2025-08-02T02:09:29.005+0000] {processor.py:830} INFO - Processing file /home/airflow/.local/lib/python3.8/site-packages/airflow/example_dags/example_branch_operator_decorator.py for tasks to queue
[2025-08-02T02:09:29.022+0000] {logging_mixin.py:188} INFO - [2025-08-02T02:09:29.013+0000] {dagbag.py:540} INFO - Filling up the DagBag from /home/airflow/.local/lib/python3.8/site-packages/airflow/example_dags/example_branch_operator_decorator.py
[2025-08-02T02:09:29.128+0000] {processor.py:840} INFO - DAG(s) 'example_branch_python_operator_decorator' retrieved from /home/airflow/.local/lib/python3.8/site-packages/airflow/example_dags/example_branch_operator_decorator.py
[2025-08-02T02:09:29.264+0000] {logging_mixin.py:188} INFO - [2025-08-02T02:09:29.264+0000] {dag.py:3047} INFO - Sync 1 DAGs
[2025-08-02T02:09:29.322+0000] {logging_mixin.py:188} INFO - [2025-08-02T02:09:29.321+0000] {dag.py:3834} INFO - Setting next_dagrun for example_branch_python_operator_decorator to 2025-08-01 00:00:00+00:00, run_after=2025-08-02 00:00:00+00:00
[2025-08-02T02:09:29.383+0000] {processor.py:183} INFO - Processing /home/airflow/.local/lib/python3.8/site-packages/airflow/example_dags/example_branch_operator_decorator.py took 0.432 seconds
[2025-08-02T02:10:01.812+0000] {processor.py:161} INFO - Started process (PID=2614) to work on /home/airflow/.local/lib/python3.8/site-packages/airflow/example_dags/example_branch_operator_decorator.py
[2025-08-02T02:10:01.813+0000] {processor.py:830} INFO - Processing file /home/airflow/.local/lib/python3.8/site-packages/airflow/example_dags/example_branch_operator_decorator.py for tasks to queue
[2025-08-02T02:10:01.814+0000] {logging_mixin.py:188} INFO - [2025-08-02T02:10:01.814+0000] {dagbag.py:540} INFO - Filling up the DagBag from /home/airflow/.local/lib/python3.8/site-packages/airflow/example_dags/example_branch_operator_decorator.py
[2025-08-02T02:10:01.853+0000] {processor.py:840} INFO - DAG(s) 'example_branch_python_operator_decorator' retrieved from /home/airflow/.local/lib/python3.8/site-packages/airflow/example_dags/example_branch_operator_decorator.py
[2025-08-02T02:10:01.884+0000] {logging_mixin.py:188} INFO - [2025-08-02T02:10:01.884+0000] {dag.py:3047} INFO - Sync 1 DAGs
[2025-08-02T02:10:01.902+0000] {logging_mixin.py:188} INFO - [2025-08-02T02:10:01.901+0000] {dag.py:3834} INFO - Setting next_dagrun for example_branch_python_operator_decorator to 2025-08-01 00:00:00+00:00, run_after=2025-08-02 00:00:00+00:00
[2025-08-02T02:10:01.913+0000] {processor.py:183} INFO - Processing /home/airflow/.local/lib/python3.8/site-packages/airflow/example_dags/example_branch_operator_decorator.py took 0.104 seconds
[2025-08-02T02:10:41.523+0000] {processor.py:161} INFO - Started process (PID=2670) to work on /home/airflow/.local/lib/python3.8/site-packages/airflow/example_dags/example_branch_operator_decorator.py
[2025-08-02T02:10:41.524+0000] {processor.py:830} INFO - Processing file /home/airflow/.local/lib/python3.8/site-packages/airflow/example_dags/example_branch_operator_decorator.py for tasks to queue
[2025-08-02T02:10:41.527+0000] {logging_mixin.py:188} INFO - [2025-08-02T02:10:41.526+0000] {dagbag.py:540} INFO - Filling up the DagBag from /home/airflow/.local/lib/python3.8/site-packages/airflow/example_dags/example_branch_operator_decorator.py
[2025-08-02T02:10:41.553+0000] {processor.py:840} INFO - DAG(s) 'example_branch_python_operator_decorator' retrieved from /home/airflow/.local/lib/python3.8/site-packages/airflow/example_dags/example_branch_operator_decorator.py
[2025-08-02T02:10:41.600+0000] {logging_mixin.py:188} INFO - [2025-08-02T02:10:41.600+0000] {dag.py:3047} INFO - Sync 1 DAGs
[2025-08-02T02:10:41.623+0000] {logging_mixin.py:188} INFO - [2025-08-02T02:10:41.622+0000] {dag.py:3834} INFO - Setting next_dagrun for example_branch_python_operator_decorator to 2025-08-01 00:00:00+00:00, run_after=2025-08-02 00:00:00+00:00
[2025-08-02T02:10:41.664+0000] {processor.py:183} INFO - Processing /home/airflow/.local/lib/python3.8/site-packages/airflow/example_dags/example_branch_operator_decorator.py took 0.145 seconds
[2025-08-02T02:11:16.457+0000] {processor.py:161} INFO - Started process (PID=2726) to work on /home/airflow/.local/lib/python3.8/site-packages/airflow/example_dags/example_branch_operator_decorator.py
[2025-08-02T02:11:16.460+0000] {processor.py:830} INFO - Processing file /home/airflow/.local/lib/python3.8/site-packages/airflow/example_dags/example_branch_operator_decorator.py for tasks to queue
[2025-08-02T02:11:16.465+0000] {logging_mixin.py:188} INFO - [2025-08-02T02:11:16.462+0000] {dagbag.py:540} INFO - Filling up the DagBag from /home/airflow/.local/lib/python3.8/site-packages/airflow/example_dags/example_branch_operator_decorator.py
[2025-08-02T02:11:16.570+0000] {processor.py:840} INFO - DAG(s) 'example_branch_python_operator_decorator' retrieved from /home/airflow/.local/lib/python3.8/site-packages/airflow/example_dags/example_branch_operator_decorator.py
[2025-08-02T02:11:16.810+0000] {logging_mixin.py:188} INFO - [2025-08-02T02:11:16.796+0000] {dag.py:3047} INFO - Sync 1 DAGs
[2025-08-02T02:11:16.970+0000] {logging_mixin.py:188} INFO - [2025-08-02T02:11:16.951+0000] {dag.py:3834} INFO - Setting next_dagrun for example_branch_python_operator_decorator to 2025-08-01 00:00:00+00:00, run_after=2025-08-02 00:00:00+00:00
[2025-08-02T02:11:17.262+0000] {processor.py:183} INFO - Processing /home/airflow/.local/lib/python3.8/site-packages/airflow/example_dags/example_branch_operator_decorator.py took 0.823 seconds
[2025-08-02T02:11:47.648+0000] {processor.py:161} INFO - Started process (PID=2782) to work on /home/airflow/.local/lib/python3.8/site-packages/airflow/example_dags/example_branch_operator_decorator.py
[2025-08-02T02:11:47.657+0000] {processor.py:830} INFO - Processing file /home/airflow/.local/lib/python3.8/site-packages/airflow/example_dags/example_branch_operator_decorator.py for tasks to queue
[2025-08-02T02:11:47.659+0000] {logging_mixin.py:188} INFO - [2025-08-02T02:11:47.658+0000] {dagbag.py:540} INFO - Filling up the DagBag from /home/airflow/.local/lib/python3.8/site-packages/airflow/example_dags/example_branch_operator_decorator.py
[2025-08-02T02:11:47.726+0000] {processor.py:840} INFO - DAG(s) 'example_branch_python_operator_decorator' retrieved from /home/airflow/.local/lib/python3.8/site-packages/airflow/example_dags/example_branch_operator_decorator.py
[2025-08-02T02:11:47.792+0000] {logging_mixin.py:188} INFO - [2025-08-02T02:11:47.792+0000] {dag.py:3047} INFO - Sync 1 DAGs
[2025-08-02T02:11:47.866+0000] {logging_mixin.py:188} INFO - [2025-08-02T02:11:47.865+0000] {dag.py:3834} INFO - Setting next_dagrun for example_branch_python_operator_decorator to 2025-08-01 00:00:00+00:00, run_after=2025-08-02 00:00:00+00:00
[2025-08-02T02:11:48.065+0000] {processor.py:183} INFO - Processing /home/airflow/.local/lib/python3.8/site-packages/airflow/example_dags/example_branch_operator_decorator.py took 0.430 seconds
[2025-08-02T02:12:28.076+0000] {processor.py:161} INFO - Started process (PID=2838) to work on /home/airflow/.local/lib/python3.8/site-packages/airflow/example_dags/example_branch_operator_decorator.py
[2025-08-02T02:12:28.078+0000] {processor.py:830} INFO - Processing file /home/airflow/.local/lib/python3.8/site-packages/airflow/example_dags/example_branch_operator_decorator.py for tasks to queue
[2025-08-02T02:12:28.079+0000] {logging_mixin.py:188} INFO - [2025-08-02T02:12:28.079+0000] {dagbag.py:540} INFO - Filling up the DagBag from /home/airflow/.local/lib/python3.8/site-packages/airflow/example_dags/example_branch_operator_decorator.py
[2025-08-02T02:12:28.123+0000] {processor.py:840} INFO - DAG(s) 'example_branch_python_operator_decorator' retrieved from /home/airflow/.local/lib/python3.8/site-packages/airflow/example_dags/example_branch_operator_decorator.py
[2025-08-02T02:12:28.192+0000] {logging_mixin.py:188} INFO - [2025-08-02T02:12:28.191+0000] {dag.py:3047} INFO - Sync 1 DAGs
[2025-08-02T02:12:28.229+0000] {logging_mixin.py:188} INFO - [2025-08-02T02:12:28.229+0000] {dag.py:3834} INFO - Setting next_dagrun for example_branch_python_operator_decorator to 2025-08-01 00:00:00+00:00, run_after=2025-08-02 00:00:00+00:00
[2025-08-02T02:12:28.285+0000] {processor.py:183} INFO - Processing /home/airflow/.local/lib/python3.8/site-packages/airflow/example_dags/example_branch_operator_decorator.py took 0.227 seconds
[2025-08-02T02:13:08.547+0000] {processor.py:161} INFO - Started process (PID=2900) to work on /home/airflow/.local/lib/python3.8/site-packages/airflow/example_dags/example_branch_operator_decorator.py
[2025-08-02T02:13:08.549+0000] {processor.py:830} INFO - Processing file /home/airflow/.local/lib/python3.8/site-packages/airflow/example_dags/example_branch_operator_decorator.py for tasks to queue
[2025-08-02T02:13:08.550+0000] {logging_mixin.py:188} INFO - [2025-08-02T02:13:08.550+0000] {dagbag.py:540} INFO - Filling up the DagBag from /home/airflow/.local/lib/python3.8/site-packages/airflow/example_dags/example_branch_operator_decorator.py
[2025-08-02T02:13:08.646+0000] {processor.py:840} INFO - DAG(s) 'example_branch_python_operator_decorator' retrieved from /home/airflow/.local/lib/python3.8/site-packages/airflow/example_dags/example_branch_operator_decorator.py
[2025-08-02T02:13:08.839+0000] {logging_mixin.py:188} INFO - [2025-08-02T02:13:08.837+0000] {dag.py:3047} INFO - Sync 1 DAGs
[2025-08-02T02:13:08.989+0000] {logging_mixin.py:188} INFO - [2025-08-02T02:13:08.989+0000] {dag.py:3834} INFO - Setting next_dagrun for example_branch_python_operator_decorator to 2025-08-01 00:00:00+00:00, run_after=2025-08-02 00:00:00+00:00
[2025-08-02T02:13:09.070+0000] {processor.py:183} INFO - Processing /home/airflow/.local/lib/python3.8/site-packages/airflow/example_dags/example_branch_operator_decorator.py took 0.527 seconds
[2025-08-02T02:13:47.195+0000] {processor.py:161} INFO - Started process (PID=2964) to work on /home/airflow/.local/lib/python3.8/site-packages/airflow/example_dags/example_branch_operator_decorator.py
[2025-08-02T02:13:47.197+0000] {processor.py:830} INFO - Processing file /home/airflow/.local/lib/python3.8/site-packages/airflow/example_dags/example_branch_operator_decorator.py for tasks to queue
[2025-08-02T02:13:47.199+0000] {logging_mixin.py:188} INFO - [2025-08-02T02:13:47.198+0000] {dagbag.py:540} INFO - Filling up the DagBag from /home/airflow/.local/lib/python3.8/site-packages/airflow/example_dags/example_branch_operator_decorator.py
[2025-08-02T02:13:47.311+0000] {processor.py:840} INFO - DAG(s) 'example_branch_python_operator_decorator' retrieved from /home/airflow/.local/lib/python3.8/site-packages/airflow/example_dags/example_branch_operator_decorator.py
[2025-08-02T02:13:47.401+0000] {logging_mixin.py:188} INFO - [2025-08-02T02:13:47.400+0000] {dag.py:3047} INFO - Sync 1 DAGs
[2025-08-02T02:13:47.448+0000] {logging_mixin.py:188} INFO - [2025-08-02T02:13:47.448+0000] {dag.py:3834} INFO - Setting next_dagrun for example_branch_python_operator_decorator to 2025-08-01 00:00:00+00:00, run_after=2025-08-02 00:00:00+00:00
[2025-08-02T02:13:47.509+0000] {processor.py:183} INFO - Processing /home/airflow/.local/lib/python3.8/site-packages/airflow/example_dags/example_branch_operator_decorator.py took 0.336 seconds
[2025-08-02T02:14:17.738+0000] {processor.py:161} INFO - Started process (PID=3020) to work on /home/airflow/.local/lib/python3.8/site-packages/airflow/example_dags/example_branch_operator_decorator.py
[2025-08-02T02:14:17.739+0000] {processor.py:830} INFO - Processing file /home/airflow/.local/lib/python3.8/site-packages/airflow/example_dags/example_branch_operator_decorator.py for tasks to queue
[2025-08-02T02:14:17.740+0000] {logging_mixin.py:188} INFO - [2025-08-02T02:14:17.740+0000] {dagbag.py:540} INFO - Filling up the DagBag from /home/airflow/.local/lib/python3.8/site-packages/airflow/example_dags/example_branch_operator_decorator.py
[2025-08-02T02:14:17.773+0000] {processor.py:840} INFO - DAG(s) 'example_branch_python_operator_decorator' retrieved from /home/airflow/.local/lib/python3.8/site-packages/airflow/example_dags/example_branch_operator_decorator.py
[2025-08-02T02:14:17.801+0000] {logging_mixin.py:188} INFO - [2025-08-02T02:14:17.800+0000] {dag.py:3047} INFO - Sync 1 DAGs
[2025-08-02T02:14:17.909+0000] {logging_mixin.py:188} INFO - [2025-08-02T02:14:17.909+0000] {dag.py:3834} INFO - Setting next_dagrun for example_branch_python_operator_decorator to 2025-08-01 00:00:00+00:00, run_after=2025-08-02 00:00:00+00:00
[2025-08-02T02:14:17.948+0000] {processor.py:183} INFO - Processing /home/airflow/.local/lib/python3.8/site-packages/airflow/example_dags/example_branch_operator_decorator.py took 0.213 seconds
[2025-08-02T02:15:06.036+0000] {processor.py:161} INFO - Started process (PID=3087) to work on /home/airflow/.local/lib/python3.8/site-packages/airflow/example_dags/example_branch_operator_decorator.py
[2025-08-02T02:15:06.038+0000] {processor.py:830} INFO - Processing file /home/airflow/.local/lib/python3.8/site-packages/airflow/example_dags/example_branch_operator_decorator.py for tasks to queue
[2025-08-02T02:15:06.040+0000] {logging_mixin.py:188} INFO - [2025-08-02T02:15:06.040+0000] {dagbag.py:540} INFO - Filling up the DagBag from /home/airflow/.local/lib/python3.8/site-packages/airflow/example_dags/example_branch_operator_decorator.py
[2025-08-02T02:15:06.078+0000] {processor.py:840} INFO - DAG(s) 'example_branch_python_operator_decorator' retrieved from /home/airflow/.local/lib/python3.8/site-packages/airflow/example_dags/example_branch_operator_decorator.py
[2025-08-02T02:15:06.136+0000] {logging_mixin.py:188} INFO - [2025-08-02T02:15:06.135+0000] {dag.py:3047} INFO - Sync 1 DAGs
[2025-08-02T02:15:06.191+0000] {logging_mixin.py:188} INFO - [2025-08-02T02:15:06.191+0000] {dag.py:3834} INFO - Setting next_dagrun for example_branch_python_operator_decorator to 2025-08-01 00:00:00+00:00, run_after=2025-08-02 00:00:00+00:00
[2025-08-02T02:15:06.211+0000] {processor.py:183} INFO - Processing /home/airflow/.local/lib/python3.8/site-packages/airflow/example_dags/example_branch_operator_decorator.py took 0.177 seconds
[2025-08-02T02:15:46.294+0000] {processor.py:161} INFO - Started process (PID=3145) to work on /home/airflow/.local/lib/python3.8/site-packages/airflow/example_dags/example_branch_operator_decorator.py
[2025-08-02T02:15:46.297+0000] {processor.py:830} INFO - Processing file /home/airflow/.local/lib/python3.8/site-packages/airflow/example_dags/example_branch_operator_decorator.py for tasks to queue
[2025-08-02T02:15:46.300+0000] {logging_mixin.py:188} INFO - [2025-08-02T02:15:46.299+0000] {dagbag.py:540} INFO - Filling up the DagBag from /home/airflow/.local/lib/python3.8/site-packages/airflow/example_dags/example_branch_operator_decorator.py
[2025-08-02T02:15:46.352+0000] {processor.py:840} INFO - DAG(s) 'example_branch_python_operator_decorator' retrieved from /home/airflow/.local/lib/python3.8/site-packages/airflow/example_dags/example_branch_operator_decorator.py
[2025-08-02T02:15:46.435+0000] {logging_mixin.py:188} INFO - [2025-08-02T02:15:46.435+0000] {dag.py:3047} INFO - Sync 1 DAGs
[2025-08-02T02:15:46.502+0000] {logging_mixin.py:188} INFO - [2025-08-02T02:15:46.502+0000] {dag.py:3834} INFO - Setting next_dagrun for example_branch_python_operator_decorator to 2025-08-01 00:00:00+00:00, run_after=2025-08-02 00:00:00+00:00
[2025-08-02T02:15:46.548+0000] {processor.py:183} INFO - Processing /home/airflow/.local/lib/python3.8/site-packages/airflow/example_dags/example_branch_operator_decorator.py took 0.269 seconds
[2025-08-02T02:16:28.991+0000] {processor.py:161} INFO - Started process (PID=3207) to work on /home/airflow/.local/lib/python3.8/site-packages/airflow/example_dags/example_branch_operator_decorator.py
[2025-08-02T02:16:28.997+0000] {processor.py:830} INFO - Processing file /home/airflow/.local/lib/python3.8/site-packages/airflow/example_dags/example_branch_operator_decorator.py for tasks to queue
[2025-08-02T02:16:29.004+0000] {logging_mixin.py:188} INFO - [2025-08-02T02:16:29.001+0000] {dagbag.py:540} INFO - Filling up the DagBag from /home/airflow/.local/lib/python3.8/site-packages/airflow/example_dags/example_branch_operator_decorator.py
[2025-08-02T02:16:29.265+0000] {processor.py:840} INFO - DAG(s) 'example_branch_python_operator_decorator' retrieved from /home/airflow/.local/lib/python3.8/site-packages/airflow/example_dags/example_branch_operator_decorator.py
[2025-08-02T02:16:29.525+0000] {logging_mixin.py:188} INFO - [2025-08-02T02:16:29.521+0000] {dag.py:3047} INFO - Sync 1 DAGs
[2025-08-02T02:16:29.654+0000] {logging_mixin.py:188} INFO - [2025-08-02T02:16:29.653+0000] {dag.py:3834} INFO - Setting next_dagrun for example_branch_python_operator_decorator to 2025-08-01 00:00:00+00:00, run_after=2025-08-02 00:00:00+00:00
[2025-08-02T02:16:29.734+0000] {processor.py:183} INFO - Processing /home/airflow/.local/lib/python3.8/site-packages/airflow/example_dags/example_branch_operator_decorator.py took 0.755 seconds
[2025-08-02T02:17:06.119+0000] {processor.py:161} INFO - Started process (PID=3263) to work on /home/airflow/.local/lib/python3.8/site-packages/airflow/example_dags/example_branch_operator_decorator.py
[2025-08-02T02:17:06.122+0000] {processor.py:830} INFO - Processing file /home/airflow/.local/lib/python3.8/site-packages/airflow/example_dags/example_branch_operator_decorator.py for tasks to queue
[2025-08-02T02:17:06.124+0000] {logging_mixin.py:188} INFO - [2025-08-02T02:17:06.123+0000] {dagbag.py:540} INFO - Filling up the DagBag from /home/airflow/.local/lib/python3.8/site-packages/airflow/example_dags/example_branch_operator_decorator.py
[2025-08-02T02:17:06.249+0000] {processor.py:840} INFO - DAG(s) 'example_branch_python_operator_decorator' retrieved from /home/airflow/.local/lib/python3.8/site-packages/airflow/example_dags/example_branch_operator_decorator.py
[2025-08-02T02:17:06.333+0000] {logging_mixin.py:188} INFO - [2025-08-02T02:17:06.332+0000] {dag.py:3047} INFO - Sync 1 DAGs
[2025-08-02T02:17:06.381+0000] {logging_mixin.py:188} INFO - [2025-08-02T02:17:06.381+0000] {dag.py:3834} INFO - Setting next_dagrun for example_branch_python_operator_decorator to 2025-08-01 00:00:00+00:00, run_after=2025-08-02 00:00:00+00:00
[2025-08-02T02:17:06.449+0000] {processor.py:183} INFO - Processing /home/airflow/.local/lib/python3.8/site-packages/airflow/example_dags/example_branch_operator_decorator.py took 0.348 seconds
[2025-08-02T02:17:38.947+0000] {processor.py:161} INFO - Started process (PID=3319) to work on /home/airflow/.local/lib/python3.8/site-packages/airflow/example_dags/example_branch_operator_decorator.py
[2025-08-02T02:17:38.962+0000] {processor.py:830} INFO - Processing file /home/airflow/.local/lib/python3.8/site-packages/airflow/example_dags/example_branch_operator_decorator.py for tasks to queue
[2025-08-02T02:17:38.967+0000] {logging_mixin.py:188} INFO - [2025-08-02T02:17:38.965+0000] {dagbag.py:540} INFO - Filling up the DagBag from /home/airflow/.local/lib/python3.8/site-packages/airflow/example_dags/example_branch_operator_decorator.py
[2025-08-02T02:17:39.243+0000] {processor.py:840} INFO - DAG(s) 'example_branch_python_operator_decorator' retrieved from /home/airflow/.local/lib/python3.8/site-packages/airflow/example_dags/example_branch_operator_decorator.py
[2025-08-02T02:17:39.342+0000] {logging_mixin.py:188} INFO - [2025-08-02T02:17:39.341+0000] {dag.py:3047} INFO - Sync 1 DAGs
[2025-08-02T02:17:41.763+0000] {logging_mixin.py:188} INFO - [2025-08-02T02:17:41.752+0000] {dag.py:3834} INFO - Setting next_dagrun for example_branch_python_operator_decorator to 2025-08-01 00:00:00+00:00, run_after=2025-08-02 00:00:00+00:00
[2025-08-02T02:17:41.879+0000] {processor.py:183} INFO - Processing /home/airflow/.local/lib/python3.8/site-packages/airflow/example_dags/example_branch_operator_decorator.py took 2.950 seconds
[2025-08-02T02:18:30.093+0000] {processor.py:161} INFO - Started process (PID=3373) to work on /home/airflow/.local/lib/python3.8/site-packages/airflow/example_dags/example_branch_operator_decorator.py
[2025-08-02T02:18:30.097+0000] {processor.py:830} INFO - Processing file /home/airflow/.local/lib/python3.8/site-packages/airflow/example_dags/example_branch_operator_decorator.py for tasks to queue
[2025-08-02T02:18:30.103+0000] {logging_mixin.py:188} INFO - [2025-08-02T02:18:30.102+0000] {dagbag.py:540} INFO - Filling up the DagBag from /home/airflow/.local/lib/python3.8/site-packages/airflow/example_dags/example_branch_operator_decorator.py
[2025-08-02T02:18:30.162+0000] {processor.py:840} INFO - DAG(s) 'example_branch_python_operator_decorator' retrieved from /home/airflow/.local/lib/python3.8/site-packages/airflow/example_dags/example_branch_operator_decorator.py
[2025-08-02T02:18:30.404+0000] {logging_mixin.py:188} INFO - [2025-08-02T02:18:30.401+0000] {dag.py:3047} INFO - Sync 1 DAGs
[2025-08-02T02:18:34.671+0000] {logging_mixin.py:188} INFO - [2025-08-02T02:18:34.661+0000] {dag.py:3834} INFO - Setting next_dagrun for example_branch_python_operator_decorator to 2025-08-01 00:00:00+00:00, run_after=2025-08-02 00:00:00+00:00
[2025-08-02T02:18:34.804+0000] {processor.py:183} INFO - Processing /home/airflow/.local/lib/python3.8/site-packages/airflow/example_dags/example_branch_operator_decorator.py took 4.721 seconds
[2025-08-02T02:19:11.342+0000] {processor.py:161} INFO - Started process (PID=3440) to work on /home/airflow/.local/lib/python3.8/site-packages/airflow/example_dags/example_branch_operator_decorator.py
[2025-08-02T02:19:11.346+0000] {processor.py:830} INFO - Processing file /home/airflow/.local/lib/python3.8/site-packages/airflow/example_dags/example_branch_operator_decorator.py for tasks to queue
[2025-08-02T02:19:11.348+0000] {logging_mixin.py:188} INFO - [2025-08-02T02:19:11.347+0000] {dagbag.py:540} INFO - Filling up the DagBag from /home/airflow/.local/lib/python3.8/site-packages/airflow/example_dags/example_branch_operator_decorator.py
[2025-08-02T02:19:11.363+0000] {processor.py:840} INFO - DAG(s) 'example_branch_python_operator_decorator' retrieved from /home/airflow/.local/lib/python3.8/site-packages/airflow/example_dags/example_branch_operator_decorator.py
[2025-08-02T02:19:11.381+0000] {logging_mixin.py:188} INFO - [2025-08-02T02:19:11.381+0000] {dag.py:3047} INFO - Sync 1 DAGs
[2025-08-02T02:19:11.404+0000] {logging_mixin.py:188} INFO - [2025-08-02T02:19:11.403+0000] {dag.py:3834} INFO - Setting next_dagrun for example_branch_python_operator_decorator to 2025-08-01 00:00:00+00:00, run_after=2025-08-02 00:00:00+00:00
[2025-08-02T02:19:11.426+0000] {processor.py:183} INFO - Processing /home/airflow/.local/lib/python3.8/site-packages/airflow/example_dags/example_branch_operator_decorator.py took 0.088 seconds
[2025-08-02T02:19:54.190+0000] {processor.py:161} INFO - Started process (PID=3496) to work on /home/airflow/.local/lib/python3.8/site-packages/airflow/example_dags/example_branch_operator_decorator.py
[2025-08-02T02:19:54.192+0000] {processor.py:830} INFO - Processing file /home/airflow/.local/lib/python3.8/site-packages/airflow/example_dags/example_branch_operator_decorator.py for tasks to queue
[2025-08-02T02:19:54.194+0000] {logging_mixin.py:188} INFO - [2025-08-02T02:19:54.193+0000] {dagbag.py:540} INFO - Filling up the DagBag from /home/airflow/.local/lib/python3.8/site-packages/airflow/example_dags/example_branch_operator_decorator.py
[2025-08-02T02:19:54.241+0000] {processor.py:840} INFO - DAG(s) 'example_branch_python_operator_decorator' retrieved from /home/airflow/.local/lib/python3.8/site-packages/airflow/example_dags/example_branch_operator_decorator.py
[2025-08-02T02:19:54.277+0000] {logging_mixin.py:188} INFO - [2025-08-02T02:19:54.276+0000] {dag.py:3047} INFO - Sync 1 DAGs
[2025-08-02T02:19:54.297+0000] {logging_mixin.py:188} INFO - [2025-08-02T02:19:54.296+0000] {dag.py:3834} INFO - Setting next_dagrun for example_branch_python_operator_decorator to 2025-08-01 00:00:00+00:00, run_after=2025-08-02 00:00:00+00:00
[2025-08-02T02:19:54.310+0000] {processor.py:183} INFO - Processing /home/airflow/.local/lib/python3.8/site-packages/airflow/example_dags/example_branch_operator_decorator.py took 0.129 seconds
[2025-08-02T02:20:28.239+0000] {processor.py:161} INFO - Started process (PID=3552) to work on /home/airflow/.local/lib/python3.8/site-packages/airflow/example_dags/example_branch_operator_decorator.py
[2025-08-02T02:20:28.240+0000] {processor.py:830} INFO - Processing file /home/airflow/.local/lib/python3.8/site-packages/airflow/example_dags/example_branch_operator_decorator.py for tasks to queue
[2025-08-02T02:20:28.242+0000] {logging_mixin.py:188} INFO - [2025-08-02T02:20:28.240+0000] {dagbag.py:540} INFO - Filling up the DagBag from /home/airflow/.local/lib/python3.8/site-packages/airflow/example_dags/example_branch_operator_decorator.py
[2025-08-02T02:20:28.285+0000] {processor.py:840} INFO - DAG(s) 'example_branch_python_operator_decorator' retrieved from /home/airflow/.local/lib/python3.8/site-packages/airflow/example_dags/example_branch_operator_decorator.py
[2025-08-02T02:20:28.985+0000] {logging_mixin.py:188} INFO - [2025-08-02T02:20:28.984+0000] {dag.py:3047} INFO - Sync 1 DAGs
[2025-08-02T02:20:29.040+0000] {logging_mixin.py:188} INFO - [2025-08-02T02:20:29.039+0000] {dag.py:3834} INFO - Setting next_dagrun for example_branch_python_operator_decorator to 2025-08-01 00:00:00+00:00, run_after=2025-08-02 00:00:00+00:00
[2025-08-02T02:20:29.079+0000] {processor.py:183} INFO - Processing /home/airflow/.local/lib/python3.8/site-packages/airflow/example_dags/example_branch_operator_decorator.py took 0.844 seconds
[2025-08-02T02:20:59.416+0000] {processor.py:161} INFO - Started process (PID=3609) to work on /home/airflow/.local/lib/python3.8/site-packages/airflow/example_dags/example_branch_operator_decorator.py
[2025-08-02T02:20:59.428+0000] {processor.py:830} INFO - Processing file /home/airflow/.local/lib/python3.8/site-packages/airflow/example_dags/example_branch_operator_decorator.py for tasks to queue
[2025-08-02T02:20:59.434+0000] {logging_mixin.py:188} INFO - [2025-08-02T02:20:59.433+0000] {dagbag.py:540} INFO - Filling up the DagBag from /home/airflow/.local/lib/python3.8/site-packages/airflow/example_dags/example_branch_operator_decorator.py
[2025-08-02T02:20:59.520+0000] {processor.py:840} INFO - DAG(s) 'example_branch_python_operator_decorator' retrieved from /home/airflow/.local/lib/python3.8/site-packages/airflow/example_dags/example_branch_operator_decorator.py
[2025-08-02T02:20:59.623+0000] {logging_mixin.py:188} INFO - [2025-08-02T02:20:59.623+0000] {dag.py:3047} INFO - Sync 1 DAGs
[2025-08-02T02:20:59.665+0000] {logging_mixin.py:188} INFO - [2025-08-02T02:20:59.664+0000] {dag.py:3834} INFO - Setting next_dagrun for example_branch_python_operator_decorator to 2025-08-01 00:00:00+00:00, run_after=2025-08-02 00:00:00+00:00
[2025-08-02T02:20:59.705+0000] {processor.py:183} INFO - Processing /home/airflow/.local/lib/python3.8/site-packages/airflow/example_dags/example_branch_operator_decorator.py took 0.294 seconds
[2025-08-02T02:21:29.972+0000] {processor.py:161} INFO - Started process (PID=3665) to work on /home/airflow/.local/lib/python3.8/site-packages/airflow/example_dags/example_branch_operator_decorator.py
[2025-08-02T02:21:29.974+0000] {processor.py:830} INFO - Processing file /home/airflow/.local/lib/python3.8/site-packages/airflow/example_dags/example_branch_operator_decorator.py for tasks to queue
[2025-08-02T02:21:29.976+0000] {logging_mixin.py:188} INFO - [2025-08-02T02:21:29.976+0000] {dagbag.py:540} INFO - Filling up the DagBag from /home/airflow/.local/lib/python3.8/site-packages/airflow/example_dags/example_branch_operator_decorator.py
[2025-08-02T02:21:30.396+0000] {processor.py:840} INFO - DAG(s) 'example_branch_python_operator_decorator' retrieved from /home/airflow/.local/lib/python3.8/site-packages/airflow/example_dags/example_branch_operator_decorator.py
[2025-08-02T02:21:30.533+0000] {logging_mixin.py:188} INFO - [2025-08-02T02:21:30.532+0000] {dag.py:3047} INFO - Sync 1 DAGs
[2025-08-02T02:21:30.589+0000] {logging_mixin.py:188} INFO - [2025-08-02T02:21:30.588+0000] {dag.py:3834} INFO - Setting next_dagrun for example_branch_python_operator_decorator to 2025-08-01 00:00:00+00:00, run_after=2025-08-02 00:00:00+00:00
[2025-08-02T02:21:30.634+0000] {processor.py:183} INFO - Processing /home/airflow/.local/lib/python3.8/site-packages/airflow/example_dags/example_branch_operator_decorator.py took 0.671 seconds
[2025-08-02T02:22:01.495+0000] {processor.py:161} INFO - Started process (PID=3721) to work on /home/airflow/.local/lib/python3.8/site-packages/airflow/example_dags/example_branch_operator_decorator.py
[2025-08-02T02:22:01.497+0000] {processor.py:830} INFO - Processing file /home/airflow/.local/lib/python3.8/site-packages/airflow/example_dags/example_branch_operator_decorator.py for tasks to queue
[2025-08-02T02:22:01.500+0000] {logging_mixin.py:188} INFO - [2025-08-02T02:22:01.499+0000] {dagbag.py:540} INFO - Filling up the DagBag from /home/airflow/.local/lib/python3.8/site-packages/airflow/example_dags/example_branch_operator_decorator.py
[2025-08-02T02:22:01.552+0000] {processor.py:840} INFO - DAG(s) 'example_branch_python_operator_decorator' retrieved from /home/airflow/.local/lib/python3.8/site-packages/airflow/example_dags/example_branch_operator_decorator.py
[2025-08-02T02:22:01.888+0000] {logging_mixin.py:188} INFO - [2025-08-02T02:22:01.877+0000] {dag.py:3047} INFO - Sync 1 DAGs
[2025-08-02T02:22:02.144+0000] {logging_mixin.py:188} INFO - [2025-08-02T02:22:02.119+0000] {dag.py:3834} INFO - Setting next_dagrun for example_branch_python_operator_decorator to 2025-08-01 00:00:00+00:00, run_after=2025-08-02 00:00:00+00:00
[2025-08-02T02:22:02.384+0000] {processor.py:183} INFO - Processing /home/airflow/.local/lib/python3.8/site-packages/airflow/example_dags/example_branch_operator_decorator.py took 0.905 seconds
[2025-08-02T02:22:38.576+0000] {processor.py:161} INFO - Started process (PID=3779) to work on /home/airflow/.local/lib/python3.8/site-packages/airflow/example_dags/example_branch_operator_decorator.py
[2025-08-02T02:22:38.578+0000] {processor.py:830} INFO - Processing file /home/airflow/.local/lib/python3.8/site-packages/airflow/example_dags/example_branch_operator_decorator.py for tasks to queue
[2025-08-02T02:22:38.579+0000] {logging_mixin.py:188} INFO - [2025-08-02T02:22:38.579+0000] {dagbag.py:540} INFO - Filling up the DagBag from /home/airflow/.local/lib/python3.8/site-packages/airflow/example_dags/example_branch_operator_decorator.py
[2025-08-02T02:22:38.679+0000] {processor.py:840} INFO - DAG(s) 'example_branch_python_operator_decorator' retrieved from /home/airflow/.local/lib/python3.8/site-packages/airflow/example_dags/example_branch_operator_decorator.py
[2025-08-02T02:22:38.854+0000] {logging_mixin.py:188} INFO - [2025-08-02T02:22:38.853+0000] {dag.py:3047} INFO - Sync 1 DAGs
[2025-08-02T02:22:39.036+0000] {logging_mixin.py:188} INFO - [2025-08-02T02:22:39.032+0000] {dag.py:3834} INFO - Setting next_dagrun for example_branch_python_operator_decorator to 2025-08-01 00:00:00+00:00, run_after=2025-08-02 00:00:00+00:00
[2025-08-02T02:22:39.222+0000] {processor.py:183} INFO - Processing /home/airflow/.local/lib/python3.8/site-packages/airflow/example_dags/example_branch_operator_decorator.py took 0.650 seconds
[2025-08-02T02:23:10.198+0000] {processor.py:161} INFO - Started process (PID=3835) to work on /home/airflow/.local/lib/python3.8/site-packages/airflow/example_dags/example_branch_operator_decorator.py
[2025-08-02T02:23:10.200+0000] {processor.py:830} INFO - Processing file /home/airflow/.local/lib/python3.8/site-packages/airflow/example_dags/example_branch_operator_decorator.py for tasks to queue
[2025-08-02T02:23:10.200+0000] {logging_mixin.py:188} INFO - [2025-08-02T02:23:10.200+0000] {dagbag.py:540} INFO - Filling up the DagBag from /home/airflow/.local/lib/python3.8/site-packages/airflow/example_dags/example_branch_operator_decorator.py
[2025-08-02T02:23:10.318+0000] {processor.py:840} INFO - DAG(s) 'example_branch_python_operator_decorator' retrieved from /home/airflow/.local/lib/python3.8/site-packages/airflow/example_dags/example_branch_operator_decorator.py
[2025-08-02T02:23:10.390+0000] {logging_mixin.py:188} INFO - [2025-08-02T02:23:10.390+0000] {dag.py:3047} INFO - Sync 1 DAGs
[2025-08-02T02:23:10.451+0000] {logging_mixin.py:188} INFO - [2025-08-02T02:23:10.450+0000] {dag.py:3834} INFO - Setting next_dagrun for example_branch_python_operator_decorator to 2025-08-01 00:00:00+00:00, run_after=2025-08-02 00:00:00+00:00
[2025-08-02T02:23:10.485+0000] {processor.py:183} INFO - Processing /home/airflow/.local/lib/python3.8/site-packages/airflow/example_dags/example_branch_operator_decorator.py took 0.295 seconds
[2025-08-02T02:23:40.530+0000] {processor.py:161} INFO - Started process (PID=3890) to work on /home/airflow/.local/lib/python3.8/site-packages/airflow/example_dags/example_branch_operator_decorator.py
[2025-08-02T02:23:40.535+0000] {processor.py:830} INFO - Processing file /home/airflow/.local/lib/python3.8/site-packages/airflow/example_dags/example_branch_operator_decorator.py for tasks to queue
[2025-08-02T02:23:40.539+0000] {logging_mixin.py:188} INFO - [2025-08-02T02:23:40.539+0000] {dagbag.py:540} INFO - Filling up the DagBag from /home/airflow/.local/lib/python3.8/site-packages/airflow/example_dags/example_branch_operator_decorator.py
[2025-08-02T02:23:40.563+0000] {processor.py:840} INFO - DAG(s) 'example_branch_python_operator_decorator' retrieved from /home/airflow/.local/lib/python3.8/site-packages/airflow/example_dags/example_branch_operator_decorator.py
[2025-08-02T02:23:40.587+0000] {logging_mixin.py:188} INFO - [2025-08-02T02:23:40.587+0000] {dag.py:3047} INFO - Sync 1 DAGs
[2025-08-02T02:23:40.606+0000] {logging_mixin.py:188} INFO - [2025-08-02T02:23:40.605+0000] {dag.py:3834} INFO - Setting next_dagrun for example_branch_python_operator_decorator to 2025-08-01 00:00:00+00:00, run_after=2025-08-02 00:00:00+00:00
[2025-08-02T02:23:40.630+0000] {processor.py:183} INFO - Processing /home/airflow/.local/lib/python3.8/site-packages/airflow/example_dags/example_branch_operator_decorator.py took 0.105 seconds
[2025-08-02T02:24:11.515+0000] {processor.py:161} INFO - Started process (PID=3946) to work on /home/airflow/.local/lib/python3.8/site-packages/airflow/example_dags/example_branch_operator_decorator.py
[2025-08-02T02:24:11.517+0000] {processor.py:830} INFO - Processing file /home/airflow/.local/lib/python3.8/site-packages/airflow/example_dags/example_branch_operator_decorator.py for tasks to queue
[2025-08-02T02:24:11.518+0000] {logging_mixin.py:188} INFO - [2025-08-02T02:24:11.517+0000] {dagbag.py:540} INFO - Filling up the DagBag from /home/airflow/.local/lib/python3.8/site-packages/airflow/example_dags/example_branch_operator_decorator.py
[2025-08-02T02:24:11.561+0000] {processor.py:840} INFO - DAG(s) 'example_branch_python_operator_decorator' retrieved from /home/airflow/.local/lib/python3.8/site-packages/airflow/example_dags/example_branch_operator_decorator.py
[2025-08-02T02:24:11.649+0000] {logging_mixin.py:188} INFO - [2025-08-02T02:24:11.648+0000] {dag.py:3047} INFO - Sync 1 DAGs
[2025-08-02T02:24:11.705+0000] {logging_mixin.py:188} INFO - [2025-08-02T02:24:11.704+0000] {dag.py:3834} INFO - Setting next_dagrun for example_branch_python_operator_decorator to 2025-08-01 00:00:00+00:00, run_after=2025-08-02 00:00:00+00:00
[2025-08-02T02:24:11.778+0000] {processor.py:183} INFO - Processing /home/airflow/.local/lib/python3.8/site-packages/airflow/example_dags/example_branch_operator_decorator.py took 0.273 seconds
[2025-08-02T02:24:43.776+0000] {processor.py:161} INFO - Started process (PID=4001) to work on /home/airflow/.local/lib/python3.8/site-packages/airflow/example_dags/example_branch_operator_decorator.py
[2025-08-02T02:24:43.784+0000] {processor.py:830} INFO - Processing file /home/airflow/.local/lib/python3.8/site-packages/airflow/example_dags/example_branch_operator_decorator.py for tasks to queue
[2025-08-02T02:24:43.789+0000] {logging_mixin.py:188} INFO - [2025-08-02T02:24:43.788+0000] {dagbag.py:540} INFO - Filling up the DagBag from /home/airflow/.local/lib/python3.8/site-packages/airflow/example_dags/example_branch_operator_decorator.py
[2025-08-02T02:24:43.880+0000] {processor.py:840} INFO - DAG(s) 'example_branch_python_operator_decorator' retrieved from /home/airflow/.local/lib/python3.8/site-packages/airflow/example_dags/example_branch_operator_decorator.py
[2025-08-02T02:24:44.010+0000] {logging_mixin.py:188} INFO - [2025-08-02T02:24:44.010+0000] {dag.py:3047} INFO - Sync 1 DAGs
[2025-08-02T02:24:44.072+0000] {logging_mixin.py:188} INFO - [2025-08-02T02:24:44.072+0000] {dag.py:3834} INFO - Setting next_dagrun for example_branch_python_operator_decorator to 2025-08-01 00:00:00+00:00, run_after=2025-08-02 00:00:00+00:00
[2025-08-02T02:24:44.188+0000] {processor.py:183} INFO - Processing /home/airflow/.local/lib/python3.8/site-packages/airflow/example_dags/example_branch_operator_decorator.py took 0.432 seconds
[2025-08-02T02:25:37.950+0000] {processor.py:161} INFO - Started process (PID=4059) to work on /home/airflow/.local/lib/python3.8/site-packages/airflow/example_dags/example_branch_operator_decorator.py
[2025-08-02T02:25:37.951+0000] {processor.py:830} INFO - Processing file /home/airflow/.local/lib/python3.8/site-packages/airflow/example_dags/example_branch_operator_decorator.py for tasks to queue
[2025-08-02T02:25:37.953+0000] {logging_mixin.py:188} INFO - [2025-08-02T02:25:37.952+0000] {dagbag.py:540} INFO - Filling up the DagBag from /home/airflow/.local/lib/python3.8/site-packages/airflow/example_dags/example_branch_operator_decorator.py
[2025-08-02T02:25:38.141+0000] {processor.py:840} INFO - DAG(s) 'example_branch_python_operator_decorator' retrieved from /home/airflow/.local/lib/python3.8/site-packages/airflow/example_dags/example_branch_operator_decorator.py
[2025-08-02T02:25:38.324+0000] {logging_mixin.py:188} INFO - [2025-08-02T02:25:38.317+0000] {dag.py:3047} INFO - Sync 1 DAGs
[2025-08-02T02:25:38.442+0000] {logging_mixin.py:188} INFO - [2025-08-02T02:25:38.440+0000] {dag.py:3834} INFO - Setting next_dagrun for example_branch_python_operator_decorator to 2025-08-01 00:00:00+00:00, run_after=2025-08-02 00:00:00+00:00
[2025-08-02T02:25:38.515+0000] {processor.py:183} INFO - Processing /home/airflow/.local/lib/python3.8/site-packages/airflow/example_dags/example_branch_operator_decorator.py took 0.588 seconds
[2025-08-02T02:26:08.586+0000] {processor.py:161} INFO - Started process (PID=4115) to work on /home/airflow/.local/lib/python3.8/site-packages/airflow/example_dags/example_branch_operator_decorator.py
[2025-08-02T02:26:08.587+0000] {processor.py:830} INFO - Processing file /home/airflow/.local/lib/python3.8/site-packages/airflow/example_dags/example_branch_operator_decorator.py for tasks to queue
[2025-08-02T02:26:08.589+0000] {logging_mixin.py:188} INFO - [2025-08-02T02:26:08.588+0000] {dagbag.py:540} INFO - Filling up the DagBag from /home/airflow/.local/lib/python3.8/site-packages/airflow/example_dags/example_branch_operator_decorator.py
[2025-08-02T02:26:08.630+0000] {processor.py:840} INFO - DAG(s) 'example_branch_python_operator_decorator' retrieved from /home/airflow/.local/lib/python3.8/site-packages/airflow/example_dags/example_branch_operator_decorator.py
[2025-08-02T02:26:08.725+0000] {logging_mixin.py:188} INFO - [2025-08-02T02:26:08.722+0000] {dag.py:3047} INFO - Sync 1 DAGs
[2025-08-02T02:26:08.831+0000] {logging_mixin.py:188} INFO - [2025-08-02T02:26:08.830+0000] {dag.py:3834} INFO - Setting next_dagrun for example_branch_python_operator_decorator to 2025-08-01 00:00:00+00:00, run_after=2025-08-02 00:00:00+00:00
[2025-08-02T02:26:08.926+0000] {processor.py:183} INFO - Processing /home/airflow/.local/lib/python3.8/site-packages/airflow/example_dags/example_branch_operator_decorator.py took 0.345 seconds
[2025-08-02T02:26:42.980+0000] {processor.py:161} INFO - Started process (PID=4171) to work on /home/airflow/.local/lib/python3.8/site-packages/airflow/example_dags/example_branch_operator_decorator.py
[2025-08-02T02:26:42.983+0000] {processor.py:830} INFO - Processing file /home/airflow/.local/lib/python3.8/site-packages/airflow/example_dags/example_branch_operator_decorator.py for tasks to queue
[2025-08-02T02:26:42.984+0000] {logging_mixin.py:188} INFO - [2025-08-02T02:26:42.983+0000] {dagbag.py:540} INFO - Filling up the DagBag from /home/airflow/.local/lib/python3.8/site-packages/airflow/example_dags/example_branch_operator_decorator.py
[2025-08-02T02:26:43.012+0000] {processor.py:840} INFO - DAG(s) 'example_branch_python_operator_decorator' retrieved from /home/airflow/.local/lib/python3.8/site-packages/airflow/example_dags/example_branch_operator_decorator.py
[2025-08-02T02:26:43.080+0000] {logging_mixin.py:188} INFO - [2025-08-02T02:26:43.079+0000] {dag.py:3047} INFO - Sync 1 DAGs
[2025-08-02T02:26:43.130+0000] {logging_mixin.py:188} INFO - [2025-08-02T02:26:43.129+0000] {dag.py:3834} INFO - Setting next_dagrun for example_branch_python_operator_decorator to 2025-08-01 00:00:00+00:00, run_after=2025-08-02 00:00:00+00:00
[2025-08-02T02:26:43.150+0000] {processor.py:183} INFO - Processing /home/airflow/.local/lib/python3.8/site-packages/airflow/example_dags/example_branch_operator_decorator.py took 0.176 seconds
[2025-08-02T02:27:23.142+0000] {processor.py:161} INFO - Started process (PID=4234) to work on /home/airflow/.local/lib/python3.8/site-packages/airflow/example_dags/example_branch_operator_decorator.py
[2025-08-02T02:27:23.155+0000] {processor.py:830} INFO - Processing file /home/airflow/.local/lib/python3.8/site-packages/airflow/example_dags/example_branch_operator_decorator.py for tasks to queue
[2025-08-02T02:27:23.159+0000] {logging_mixin.py:188} INFO - [2025-08-02T02:27:23.157+0000] {dagbag.py:540} INFO - Filling up the DagBag from /home/airflow/.local/lib/python3.8/site-packages/airflow/example_dags/example_branch_operator_decorator.py
[2025-08-02T02:27:23.282+0000] {processor.py:840} INFO - DAG(s) 'example_branch_python_operator_decorator' retrieved from /home/airflow/.local/lib/python3.8/site-packages/airflow/example_dags/example_branch_operator_decorator.py
[2025-08-02T02:27:23.386+0000] {logging_mixin.py:188} INFO - [2025-08-02T02:27:23.385+0000] {dag.py:3047} INFO - Sync 1 DAGs
[2025-08-02T02:27:23.429+0000] {logging_mixin.py:188} INFO - [2025-08-02T02:27:23.429+0000] {dag.py:3834} INFO - Setting next_dagrun for example_branch_python_operator_decorator to 2025-08-01 00:00:00+00:00, run_after=2025-08-02 00:00:00+00:00
[2025-08-02T02:27:23.463+0000] {processor.py:183} INFO - Processing /home/airflow/.local/lib/python3.8/site-packages/airflow/example_dags/example_branch_operator_decorator.py took 0.363 seconds
[2025-08-02T02:27:56.835+0000] {processor.py:161} INFO - Started process (PID=4290) to work on /home/airflow/.local/lib/python3.8/site-packages/airflow/example_dags/example_branch_operator_decorator.py
[2025-08-02T02:27:56.837+0000] {processor.py:830} INFO - Processing file /home/airflow/.local/lib/python3.8/site-packages/airflow/example_dags/example_branch_operator_decorator.py for tasks to queue
[2025-08-02T02:27:56.838+0000] {logging_mixin.py:188} INFO - [2025-08-02T02:27:56.838+0000] {dagbag.py:540} INFO - Filling up the DagBag from /home/airflow/.local/lib/python3.8/site-packages/airflow/example_dags/example_branch_operator_decorator.py
[2025-08-02T02:27:56.908+0000] {processor.py:840} INFO - DAG(s) 'example_branch_python_operator_decorator' retrieved from /home/airflow/.local/lib/python3.8/site-packages/airflow/example_dags/example_branch_operator_decorator.py
[2025-08-02T02:27:56.991+0000] {logging_mixin.py:188} INFO - [2025-08-02T02:27:56.984+0000] {dag.py:3047} INFO - Sync 1 DAGs
[2025-08-02T02:27:57.122+0000] {logging_mixin.py:188} INFO - [2025-08-02T02:27:57.121+0000] {dag.py:3834} INFO - Setting next_dagrun for example_branch_python_operator_decorator to 2025-08-01 00:00:00+00:00, run_after=2025-08-02 00:00:00+00:00
[2025-08-02T02:27:57.186+0000] {processor.py:183} INFO - Processing /home/airflow/.local/lib/python3.8/site-packages/airflow/example_dags/example_branch_operator_decorator.py took 0.395 seconds
[2025-08-02T02:28:29.559+0000] {processor.py:161} INFO - Started process (PID=4345) to work on /home/airflow/.local/lib/python3.8/site-packages/airflow/example_dags/example_branch_operator_decorator.py
[2025-08-02T02:28:29.562+0000] {processor.py:830} INFO - Processing file /home/airflow/.local/lib/python3.8/site-packages/airflow/example_dags/example_branch_operator_decorator.py for tasks to queue
[2025-08-02T02:28:29.563+0000] {logging_mixin.py:188} INFO - [2025-08-02T02:28:29.562+0000] {dagbag.py:540} INFO - Filling up the DagBag from /home/airflow/.local/lib/python3.8/site-packages/airflow/example_dags/example_branch_operator_decorator.py
[2025-08-02T02:28:29.642+0000] {processor.py:840} INFO - DAG(s) 'example_branch_python_operator_decorator' retrieved from /home/airflow/.local/lib/python3.8/site-packages/airflow/example_dags/example_branch_operator_decorator.py
[2025-08-02T02:28:29.721+0000] {logging_mixin.py:188} INFO - [2025-08-02T02:28:29.721+0000] {dag.py:3047} INFO - Sync 1 DAGs
[2025-08-02T02:28:29.750+0000] {logging_mixin.py:188} INFO - [2025-08-02T02:28:29.750+0000] {dag.py:3834} INFO - Setting next_dagrun for example_branch_python_operator_decorator to 2025-08-01 00:00:00+00:00, run_after=2025-08-02 00:00:00+00:00
[2025-08-02T02:28:29.810+0000] {processor.py:183} INFO - Processing /home/airflow/.local/lib/python3.8/site-packages/airflow/example_dags/example_branch_operator_decorator.py took 0.266 seconds
[2025-08-02T02:29:11.859+0000] {processor.py:161} INFO - Started process (PID=4390) to work on /home/airflow/.local/lib/python3.8/site-packages/airflow/example_dags/example_branch_operator_decorator.py
[2025-08-02T02:29:11.876+0000] {processor.py:830} INFO - Processing file /home/airflow/.local/lib/python3.8/site-packages/airflow/example_dags/example_branch_operator_decorator.py for tasks to queue
[2025-08-02T02:29:11.887+0000] {logging_mixin.py:188} INFO - [2025-08-02T02:29:11.882+0000] {dagbag.py:540} INFO - Filling up the DagBag from /home/airflow/.local/lib/python3.8/site-packages/airflow/example_dags/example_branch_operator_decorator.py
[2025-08-02T02:29:12.310+0000] {processor.py:840} INFO - DAG(s) 'example_branch_python_operator_decorator' retrieved from /home/airflow/.local/lib/python3.8/site-packages/airflow/example_dags/example_branch_operator_decorator.py
[2025-08-02T02:29:12.838+0000] {logging_mixin.py:188} INFO - [2025-08-02T02:29:12.834+0000] {dag.py:3047} INFO - Sync 1 DAGs
[2025-08-02T02:29:13.033+0000] {logging_mixin.py:188} INFO - [2025-08-02T02:29:13.033+0000] {dag.py:3834} INFO - Setting next_dagrun for example_branch_python_operator_decorator to 2025-08-01 00:00:00+00:00, run_after=2025-08-02 00:00:00+00:00
[2025-08-02T02:29:13.115+0000] {processor.py:183} INFO - Processing /home/airflow/.local/lib/python3.8/site-packages/airflow/example_dags/example_branch_operator_decorator.py took 1.283 seconds
[2025-08-02T02:29:43.942+0000] {processor.py:161} INFO - Started process (PID=4446) to work on /home/airflow/.local/lib/python3.8/site-packages/airflow/example_dags/example_branch_operator_decorator.py
[2025-08-02T02:29:43.945+0000] {processor.py:830} INFO - Processing file /home/airflow/.local/lib/python3.8/site-packages/airflow/example_dags/example_branch_operator_decorator.py for tasks to queue
[2025-08-02T02:29:43.955+0000] {logging_mixin.py:188} INFO - [2025-08-02T02:29:43.949+0000] {dagbag.py:540} INFO - Filling up the DagBag from /home/airflow/.local/lib/python3.8/site-packages/airflow/example_dags/example_branch_operator_decorator.py
[2025-08-02T02:29:44.197+0000] {processor.py:840} INFO - DAG(s) 'example_branch_python_operator_decorator' retrieved from /home/airflow/.local/lib/python3.8/site-packages/airflow/example_dags/example_branch_operator_decorator.py
[2025-08-02T02:29:44.537+0000] {logging_mixin.py:188} INFO - [2025-08-02T02:29:44.524+0000] {dag.py:3047} INFO - Sync 1 DAGs
[2025-08-02T02:29:44.638+0000] {logging_mixin.py:188} INFO - [2025-08-02T02:29:44.637+0000] {dag.py:3834} INFO - Setting next_dagrun for example_branch_python_operator_decorator to 2025-08-01 00:00:00+00:00, run_after=2025-08-02 00:00:00+00:00
[2025-08-02T02:29:44.696+0000] {processor.py:183} INFO - Processing /home/airflow/.local/lib/python3.8/site-packages/airflow/example_dags/example_branch_operator_decorator.py took 0.799 seconds
[2025-08-02T02:30:21.012+0000] {processor.py:161} INFO - Started process (PID=4494) to work on /home/airflow/.local/lib/python3.8/site-packages/airflow/example_dags/example_branch_operator_decorator.py
[2025-08-02T02:30:21.014+0000] {processor.py:830} INFO - Processing file /home/airflow/.local/lib/python3.8/site-packages/airflow/example_dags/example_branch_operator_decorator.py for tasks to queue
[2025-08-02T02:30:21.014+0000] {logging_mixin.py:188} INFO - [2025-08-02T02:30:21.014+0000] {dagbag.py:540} INFO - Filling up the DagBag from /home/airflow/.local/lib/python3.8/site-packages/airflow/example_dags/example_branch_operator_decorator.py
[2025-08-02T02:30:21.050+0000] {processor.py:840} INFO - DAG(s) 'example_branch_python_operator_decorator' retrieved from /home/airflow/.local/lib/python3.8/site-packages/airflow/example_dags/example_branch_operator_decorator.py
[2025-08-02T02:30:21.088+0000] {logging_mixin.py:188} INFO - [2025-08-02T02:30:21.087+0000] {dag.py:3047} INFO - Sync 1 DAGs
[2025-08-02T02:30:21.110+0000] {logging_mixin.py:188} INFO - [2025-08-02T02:30:21.110+0000] {dag.py:3834} INFO - Setting next_dagrun for example_branch_python_operator_decorator to 2025-08-01 00:00:00+00:00, run_after=2025-08-02 00:00:00+00:00
[2025-08-02T02:30:21.135+0000] {processor.py:183} INFO - Processing /home/airflow/.local/lib/python3.8/site-packages/airflow/example_dags/example_branch_operator_decorator.py took 0.126 seconds
[2025-08-02T02:30:53.729+0000] {processor.py:161} INFO - Started process (PID=4550) to work on /home/airflow/.local/lib/python3.8/site-packages/airflow/example_dags/example_branch_operator_decorator.py
[2025-08-02T02:30:53.732+0000] {processor.py:830} INFO - Processing file /home/airflow/.local/lib/python3.8/site-packages/airflow/example_dags/example_branch_operator_decorator.py for tasks to queue
[2025-08-02T02:30:53.734+0000] {logging_mixin.py:188} INFO - [2025-08-02T02:30:53.734+0000] {dagbag.py:540} INFO - Filling up the DagBag from /home/airflow/.local/lib/python3.8/site-packages/airflow/example_dags/example_branch_operator_decorator.py
[2025-08-02T02:30:53.824+0000] {processor.py:840} INFO - DAG(s) 'example_branch_python_operator_decorator' retrieved from /home/airflow/.local/lib/python3.8/site-packages/airflow/example_dags/example_branch_operator_decorator.py
[2025-08-02T02:30:53.923+0000] {logging_mixin.py:188} INFO - [2025-08-02T02:30:53.922+0000] {dag.py:3047} INFO - Sync 1 DAGs
[2025-08-02T02:30:53.967+0000] {logging_mixin.py:188} INFO - [2025-08-02T02:30:53.967+0000] {dag.py:3834} INFO - Setting next_dagrun for example_branch_python_operator_decorator to 2025-08-01 00:00:00+00:00, run_after=2025-08-02 00:00:00+00:00
[2025-08-02T02:30:54.000+0000] {processor.py:183} INFO - Processing /home/airflow/.local/lib/python3.8/site-packages/airflow/example_dags/example_branch_operator_decorator.py took 0.280 seconds
[2025-08-02T02:36:55.504+0000] {processor.py:161} INFO - Started process (PID=91) to work on /home/airflow/.local/lib/python3.8/site-packages/airflow/example_dags/example_branch_operator_decorator.py
[2025-08-02T02:36:55.528+0000] {processor.py:830} INFO - Processing file /home/airflow/.local/lib/python3.8/site-packages/airflow/example_dags/example_branch_operator_decorator.py for tasks to queue
[2025-08-02T02:36:55.545+0000] {logging_mixin.py:188} INFO - [2025-08-02T02:36:55.544+0000] {dagbag.py:540} INFO - Filling up the DagBag from /home/airflow/.local/lib/python3.8/site-packages/airflow/example_dags/example_branch_operator_decorator.py
[2025-08-02T02:36:55.614+0000] {processor.py:840} INFO - DAG(s) 'example_branch_python_operator_decorator' retrieved from /home/airflow/.local/lib/python3.8/site-packages/airflow/example_dags/example_branch_operator_decorator.py
[2025-08-02T02:36:55.803+0000] {logging_mixin.py:188} INFO - [2025-08-02T02:36:55.802+0000] {dag.py:3047} INFO - Sync 1 DAGs
[2025-08-02T02:36:55.849+0000] {logging_mixin.py:188} INFO - [2025-08-02T02:36:55.849+0000] {dag.py:3834} INFO - Setting next_dagrun for example_branch_python_operator_decorator to 2025-08-01 00:00:00+00:00, run_after=2025-08-02 00:00:00+00:00
[2025-08-02T02:36:55.892+0000] {processor.py:183} INFO - Processing /home/airflow/.local/lib/python3.8/site-packages/airflow/example_dags/example_branch_operator_decorator.py took 0.433 seconds
[2025-08-02T02:37:26.444+0000] {processor.py:161} INFO - Started process (PID=147) to work on /home/airflow/.local/lib/python3.8/site-packages/airflow/example_dags/example_branch_operator_decorator.py
[2025-08-02T02:37:26.445+0000] {processor.py:830} INFO - Processing file /home/airflow/.local/lib/python3.8/site-packages/airflow/example_dags/example_branch_operator_decorator.py for tasks to queue
[2025-08-02T02:37:26.447+0000] {logging_mixin.py:188} INFO - [2025-08-02T02:37:26.446+0000] {dagbag.py:540} INFO - Filling up the DagBag from /home/airflow/.local/lib/python3.8/site-packages/airflow/example_dags/example_branch_operator_decorator.py
[2025-08-02T02:37:26.482+0000] {processor.py:840} INFO - DAG(s) 'example_branch_python_operator_decorator' retrieved from /home/airflow/.local/lib/python3.8/site-packages/airflow/example_dags/example_branch_operator_decorator.py
[2025-08-02T02:37:26.516+0000] {logging_mixin.py:188} INFO - [2025-08-02T02:37:26.515+0000] {dag.py:3047} INFO - Sync 1 DAGs
[2025-08-02T02:37:26.540+0000] {logging_mixin.py:188} INFO - [2025-08-02T02:37:26.540+0000] {dag.py:3834} INFO - Setting next_dagrun for example_branch_python_operator_decorator to 2025-08-01 00:00:00+00:00, run_after=2025-08-02 00:00:00+00:00
[2025-08-02T02:37:26.569+0000] {processor.py:183} INFO - Processing /home/airflow/.local/lib/python3.8/site-packages/airflow/example_dags/example_branch_operator_decorator.py took 0.129 seconds
[2025-08-02T02:37:57.894+0000] {processor.py:161} INFO - Started process (PID=203) to work on /home/airflow/.local/lib/python3.8/site-packages/airflow/example_dags/example_branch_operator_decorator.py
[2025-08-02T02:37:57.895+0000] {processor.py:830} INFO - Processing file /home/airflow/.local/lib/python3.8/site-packages/airflow/example_dags/example_branch_operator_decorator.py for tasks to queue
[2025-08-02T02:37:57.897+0000] {logging_mixin.py:188} INFO - [2025-08-02T02:37:57.897+0000] {dagbag.py:540} INFO - Filling up the DagBag from /home/airflow/.local/lib/python3.8/site-packages/airflow/example_dags/example_branch_operator_decorator.py
[2025-08-02T02:37:57.938+0000] {processor.py:840} INFO - DAG(s) 'example_branch_python_operator_decorator' retrieved from /home/airflow/.local/lib/python3.8/site-packages/airflow/example_dags/example_branch_operator_decorator.py
[2025-08-02T02:37:57.960+0000] {logging_mixin.py:188} INFO - [2025-08-02T02:37:57.960+0000] {dag.py:3047} INFO - Sync 1 DAGs
[2025-08-02T02:37:57.984+0000] {logging_mixin.py:188} INFO - [2025-08-02T02:37:57.983+0000] {dag.py:3834} INFO - Setting next_dagrun for example_branch_python_operator_decorator to 2025-08-01 00:00:00+00:00, run_after=2025-08-02 00:00:00+00:00
[2025-08-02T02:37:57.998+0000] {processor.py:183} INFO - Processing /home/airflow/.local/lib/python3.8/site-packages/airflow/example_dags/example_branch_operator_decorator.py took 0.108 seconds
[2025-08-02T02:38:28.860+0000] {processor.py:161} INFO - Started process (PID=259) to work on /home/airflow/.local/lib/python3.8/site-packages/airflow/example_dags/example_branch_operator_decorator.py
[2025-08-02T02:38:28.862+0000] {processor.py:830} INFO - Processing file /home/airflow/.local/lib/python3.8/site-packages/airflow/example_dags/example_branch_operator_decorator.py for tasks to queue
[2025-08-02T02:38:28.865+0000] {logging_mixin.py:188} INFO - [2025-08-02T02:38:28.865+0000] {dagbag.py:540} INFO - Filling up the DagBag from /home/airflow/.local/lib/python3.8/site-packages/airflow/example_dags/example_branch_operator_decorator.py
[2025-08-02T02:38:28.889+0000] {processor.py:840} INFO - DAG(s) 'example_branch_python_operator_decorator' retrieved from /home/airflow/.local/lib/python3.8/site-packages/airflow/example_dags/example_branch_operator_decorator.py
[2025-08-02T02:38:28.919+0000] {logging_mixin.py:188} INFO - [2025-08-02T02:38:28.919+0000] {dag.py:3047} INFO - Sync 1 DAGs
[2025-08-02T02:38:28.951+0000] {logging_mixin.py:188} INFO - [2025-08-02T02:38:28.950+0000] {dag.py:3834} INFO - Setting next_dagrun for example_branch_python_operator_decorator to 2025-08-01 00:00:00+00:00, run_after=2025-08-02 00:00:00+00:00
[2025-08-02T02:38:28.968+0000] {processor.py:183} INFO - Processing /home/airflow/.local/lib/python3.8/site-packages/airflow/example_dags/example_branch_operator_decorator.py took 0.115 seconds
[2025-08-02T02:38:59.281+0000] {processor.py:161} INFO - Started process (PID=315) to work on /home/airflow/.local/lib/python3.8/site-packages/airflow/example_dags/example_branch_operator_decorator.py
[2025-08-02T02:38:59.283+0000] {processor.py:830} INFO - Processing file /home/airflow/.local/lib/python3.8/site-packages/airflow/example_dags/example_branch_operator_decorator.py for tasks to queue
[2025-08-02T02:38:59.285+0000] {logging_mixin.py:188} INFO - [2025-08-02T02:38:59.285+0000] {dagbag.py:540} INFO - Filling up the DagBag from /home/airflow/.local/lib/python3.8/site-packages/airflow/example_dags/example_branch_operator_decorator.py
[2025-08-02T02:38:59.303+0000] {processor.py:840} INFO - DAG(s) 'example_branch_python_operator_decorator' retrieved from /home/airflow/.local/lib/python3.8/site-packages/airflow/example_dags/example_branch_operator_decorator.py
[2025-08-02T02:38:59.325+0000] {logging_mixin.py:188} INFO - [2025-08-02T02:38:59.325+0000] {dag.py:3047} INFO - Sync 1 DAGs
[2025-08-02T02:38:59.346+0000] {logging_mixin.py:188} INFO - [2025-08-02T02:38:59.346+0000] {dag.py:3834} INFO - Setting next_dagrun for example_branch_python_operator_decorator to 2025-08-01 00:00:00+00:00, run_after=2025-08-02 00:00:00+00:00
[2025-08-02T02:38:59.363+0000] {processor.py:183} INFO - Processing /home/airflow/.local/lib/python3.8/site-packages/airflow/example_dags/example_branch_operator_decorator.py took 0.088 seconds
[2025-08-02T02:39:30.257+0000] {processor.py:161} INFO - Started process (PID=370) to work on /home/airflow/.local/lib/python3.8/site-packages/airflow/example_dags/example_branch_operator_decorator.py
[2025-08-02T02:39:30.259+0000] {processor.py:830} INFO - Processing file /home/airflow/.local/lib/python3.8/site-packages/airflow/example_dags/example_branch_operator_decorator.py for tasks to queue
[2025-08-02T02:39:30.262+0000] {logging_mixin.py:188} INFO - [2025-08-02T02:39:30.262+0000] {dagbag.py:540} INFO - Filling up the DagBag from /home/airflow/.local/lib/python3.8/site-packages/airflow/example_dags/example_branch_operator_decorator.py
[2025-08-02T02:39:30.311+0000] {processor.py:840} INFO - DAG(s) 'example_branch_python_operator_decorator' retrieved from /home/airflow/.local/lib/python3.8/site-packages/airflow/example_dags/example_branch_operator_decorator.py
[2025-08-02T02:39:30.344+0000] {logging_mixin.py:188} INFO - [2025-08-02T02:39:30.344+0000] {dag.py:3047} INFO - Sync 1 DAGs
[2025-08-02T02:39:30.366+0000] {logging_mixin.py:188} INFO - [2025-08-02T02:39:30.366+0000] {dag.py:3834} INFO - Setting next_dagrun for example_branch_python_operator_decorator to 2025-08-01 00:00:00+00:00, run_after=2025-08-02 00:00:00+00:00
[2025-08-02T02:39:30.387+0000] {processor.py:183} INFO - Processing /home/airflow/.local/lib/python3.8/site-packages/airflow/example_dags/example_branch_operator_decorator.py took 0.135 seconds
[2025-08-02T02:40:00.669+0000] {processor.py:161} INFO - Started process (PID=426) to work on /home/airflow/.local/lib/python3.8/site-packages/airflow/example_dags/example_branch_operator_decorator.py
[2025-08-02T02:40:00.671+0000] {processor.py:830} INFO - Processing file /home/airflow/.local/lib/python3.8/site-packages/airflow/example_dags/example_branch_operator_decorator.py for tasks to queue
[2025-08-02T02:40:00.675+0000] {logging_mixin.py:188} INFO - [2025-08-02T02:40:00.675+0000] {dagbag.py:540} INFO - Filling up the DagBag from /home/airflow/.local/lib/python3.8/site-packages/airflow/example_dags/example_branch_operator_decorator.py
[2025-08-02T02:40:00.705+0000] {processor.py:840} INFO - DAG(s) 'example_branch_python_operator_decorator' retrieved from /home/airflow/.local/lib/python3.8/site-packages/airflow/example_dags/example_branch_operator_decorator.py
[2025-08-02T02:40:00.742+0000] {logging_mixin.py:188} INFO - [2025-08-02T02:40:00.742+0000] {dag.py:3047} INFO - Sync 1 DAGs
[2025-08-02T02:40:00.783+0000] {logging_mixin.py:188} INFO - [2025-08-02T02:40:00.783+0000] {dag.py:3834} INFO - Setting next_dagrun for example_branch_python_operator_decorator to 2025-08-01 00:00:00+00:00, run_after=2025-08-02 00:00:00+00:00
[2025-08-02T02:40:00.804+0000] {processor.py:183} INFO - Processing /home/airflow/.local/lib/python3.8/site-packages/airflow/example_dags/example_branch_operator_decorator.py took 0.140 seconds
[2025-08-02T02:40:31.103+0000] {processor.py:161} INFO - Started process (PID=482) to work on /home/airflow/.local/lib/python3.8/site-packages/airflow/example_dags/example_branch_operator_decorator.py
[2025-08-02T02:40:31.105+0000] {processor.py:830} INFO - Processing file /home/airflow/.local/lib/python3.8/site-packages/airflow/example_dags/example_branch_operator_decorator.py for tasks to queue
[2025-08-02T02:40:31.106+0000] {logging_mixin.py:188} INFO - [2025-08-02T02:40:31.106+0000] {dagbag.py:540} INFO - Filling up the DagBag from /home/airflow/.local/lib/python3.8/site-packages/airflow/example_dags/example_branch_operator_decorator.py
[2025-08-02T02:40:31.122+0000] {processor.py:840} INFO - DAG(s) 'example_branch_python_operator_decorator' retrieved from /home/airflow/.local/lib/python3.8/site-packages/airflow/example_dags/example_branch_operator_decorator.py
[2025-08-02T02:40:31.156+0000] {logging_mixin.py:188} INFO - [2025-08-02T02:40:31.156+0000] {dag.py:3047} INFO - Sync 1 DAGs
[2025-08-02T02:40:31.172+0000] {logging_mixin.py:188} INFO - [2025-08-02T02:40:31.172+0000] {dag.py:3834} INFO - Setting next_dagrun for example_branch_python_operator_decorator to 2025-08-01 00:00:00+00:00, run_after=2025-08-02 00:00:00+00:00
[2025-08-02T02:40:31.187+0000] {processor.py:183} INFO - Processing /home/airflow/.local/lib/python3.8/site-packages/airflow/example_dags/example_branch_operator_decorator.py took 0.090 seconds
[2025-08-02T02:41:01.429+0000] {processor.py:161} INFO - Started process (PID=538) to work on /home/airflow/.local/lib/python3.8/site-packages/airflow/example_dags/example_branch_operator_decorator.py
[2025-08-02T02:41:01.430+0000] {processor.py:830} INFO - Processing file /home/airflow/.local/lib/python3.8/site-packages/airflow/example_dags/example_branch_operator_decorator.py for tasks to queue
[2025-08-02T02:41:01.432+0000] {logging_mixin.py:188} INFO - [2025-08-02T02:41:01.431+0000] {dagbag.py:540} INFO - Filling up the DagBag from /home/airflow/.local/lib/python3.8/site-packages/airflow/example_dags/example_branch_operator_decorator.py
[2025-08-02T02:41:01.460+0000] {processor.py:840} INFO - DAG(s) 'example_branch_python_operator_decorator' retrieved from /home/airflow/.local/lib/python3.8/site-packages/airflow/example_dags/example_branch_operator_decorator.py
[2025-08-02T02:41:01.484+0000] {logging_mixin.py:188} INFO - [2025-08-02T02:41:01.484+0000] {dag.py:3047} INFO - Sync 1 DAGs
[2025-08-02T02:41:01.510+0000] {logging_mixin.py:188} INFO - [2025-08-02T02:41:01.509+0000] {dag.py:3834} INFO - Setting next_dagrun for example_branch_python_operator_decorator to 2025-08-01 00:00:00+00:00, run_after=2025-08-02 00:00:00+00:00
[2025-08-02T02:41:01.531+0000] {processor.py:183} INFO - Processing /home/airflow/.local/lib/python3.8/site-packages/airflow/example_dags/example_branch_operator_decorator.py took 0.106 seconds
[2025-08-02T02:41:32.178+0000] {processor.py:161} INFO - Started process (PID=594) to work on /home/airflow/.local/lib/python3.8/site-packages/airflow/example_dags/example_branch_operator_decorator.py
[2025-08-02T02:41:32.179+0000] {processor.py:830} INFO - Processing file /home/airflow/.local/lib/python3.8/site-packages/airflow/example_dags/example_branch_operator_decorator.py for tasks to queue
[2025-08-02T02:41:32.180+0000] {logging_mixin.py:188} INFO - [2025-08-02T02:41:32.180+0000] {dagbag.py:540} INFO - Filling up the DagBag from /home/airflow/.local/lib/python3.8/site-packages/airflow/example_dags/example_branch_operator_decorator.py
[2025-08-02T02:41:32.198+0000] {processor.py:840} INFO - DAG(s) 'example_branch_python_operator_decorator' retrieved from /home/airflow/.local/lib/python3.8/site-packages/airflow/example_dags/example_branch_operator_decorator.py
[2025-08-02T02:41:32.221+0000] {logging_mixin.py:188} INFO - [2025-08-02T02:41:32.221+0000] {dag.py:3047} INFO - Sync 1 DAGs
[2025-08-02T02:41:32.248+0000] {logging_mixin.py:188} INFO - [2025-08-02T02:41:32.248+0000] {dag.py:3834} INFO - Setting next_dagrun for example_branch_python_operator_decorator to 2025-08-01 00:00:00+00:00, run_after=2025-08-02 00:00:00+00:00
[2025-08-02T02:41:32.273+0000] {processor.py:183} INFO - Processing /home/airflow/.local/lib/python3.8/site-packages/airflow/example_dags/example_branch_operator_decorator.py took 0.098 seconds
[2025-08-02T02:42:02.527+0000] {processor.py:161} INFO - Started process (PID=650) to work on /home/airflow/.local/lib/python3.8/site-packages/airflow/example_dags/example_branch_operator_decorator.py
[2025-08-02T02:42:02.528+0000] {processor.py:830} INFO - Processing file /home/airflow/.local/lib/python3.8/site-packages/airflow/example_dags/example_branch_operator_decorator.py for tasks to queue
[2025-08-02T02:42:02.529+0000] {logging_mixin.py:188} INFO - [2025-08-02T02:42:02.529+0000] {dagbag.py:540} INFO - Filling up the DagBag from /home/airflow/.local/lib/python3.8/site-packages/airflow/example_dags/example_branch_operator_decorator.py
[2025-08-02T02:42:02.552+0000] {processor.py:840} INFO - DAG(s) 'example_branch_python_operator_decorator' retrieved from /home/airflow/.local/lib/python3.8/site-packages/airflow/example_dags/example_branch_operator_decorator.py
[2025-08-02T02:42:02.582+0000] {logging_mixin.py:188} INFO - [2025-08-02T02:42:02.582+0000] {dag.py:3047} INFO - Sync 1 DAGs
[2025-08-02T02:42:02.597+0000] {logging_mixin.py:188} INFO - [2025-08-02T02:42:02.596+0000] {dag.py:3834} INFO - Setting next_dagrun for example_branch_python_operator_decorator to 2025-08-01 00:00:00+00:00, run_after=2025-08-02 00:00:00+00:00
[2025-08-02T02:42:02.617+0000] {processor.py:183} INFO - Processing /home/airflow/.local/lib/python3.8/site-packages/airflow/example_dags/example_branch_operator_decorator.py took 0.094 seconds
[2025-08-02T02:42:32.811+0000] {processor.py:161} INFO - Started process (PID=706) to work on /home/airflow/.local/lib/python3.8/site-packages/airflow/example_dags/example_branch_operator_decorator.py
[2025-08-02T02:42:32.813+0000] {processor.py:830} INFO - Processing file /home/airflow/.local/lib/python3.8/site-packages/airflow/example_dags/example_branch_operator_decorator.py for tasks to queue
[2025-08-02T02:42:32.814+0000] {logging_mixin.py:188} INFO - [2025-08-02T02:42:32.814+0000] {dagbag.py:540} INFO - Filling up the DagBag from /home/airflow/.local/lib/python3.8/site-packages/airflow/example_dags/example_branch_operator_decorator.py
[2025-08-02T02:42:32.858+0000] {processor.py:840} INFO - DAG(s) 'example_branch_python_operator_decorator' retrieved from /home/airflow/.local/lib/python3.8/site-packages/airflow/example_dags/example_branch_operator_decorator.py
[2025-08-02T02:42:32.889+0000] {logging_mixin.py:188} INFO - [2025-08-02T02:42:32.888+0000] {dag.py:3047} INFO - Sync 1 DAGs
[2025-08-02T02:42:32.906+0000] {logging_mixin.py:188} INFO - [2025-08-02T02:42:32.905+0000] {dag.py:3834} INFO - Setting next_dagrun for example_branch_python_operator_decorator to 2025-08-01 00:00:00+00:00, run_after=2025-08-02 00:00:00+00:00
[2025-08-02T02:42:32.938+0000] {processor.py:183} INFO - Processing /home/airflow/.local/lib/python3.8/site-packages/airflow/example_dags/example_branch_operator_decorator.py took 0.133 seconds
[2025-08-02T02:46:27.765+0000] {processor.py:161} INFO - Started process (PID=91) to work on /home/airflow/.local/lib/python3.8/site-packages/airflow/example_dags/example_branch_operator_decorator.py
[2025-08-02T02:46:27.772+0000] {processor.py:830} INFO - Processing file /home/airflow/.local/lib/python3.8/site-packages/airflow/example_dags/example_branch_operator_decorator.py for tasks to queue
[2025-08-02T02:46:27.787+0000] {logging_mixin.py:188} INFO - [2025-08-02T02:46:27.786+0000] {dagbag.py:540} INFO - Filling up the DagBag from /home/airflow/.local/lib/python3.8/site-packages/airflow/example_dags/example_branch_operator_decorator.py
[2025-08-02T02:46:27.954+0000] {processor.py:840} INFO - DAG(s) 'example_branch_python_operator_decorator' retrieved from /home/airflow/.local/lib/python3.8/site-packages/airflow/example_dags/example_branch_operator_decorator.py
[2025-08-02T02:46:28.332+0000] {logging_mixin.py:188} INFO - [2025-08-02T02:46:28.327+0000] {dag.py:3047} INFO - Sync 1 DAGs
[2025-08-02T02:46:28.409+0000] {logging_mixin.py:188} INFO - [2025-08-02T02:46:28.408+0000] {dag.py:3834} INFO - Setting next_dagrun for example_branch_python_operator_decorator to 2025-08-01 00:00:00+00:00, run_after=2025-08-02 00:00:00+00:00
[2025-08-02T02:46:28.472+0000] {processor.py:183} INFO - Processing /home/airflow/.local/lib/python3.8/site-packages/airflow/example_dags/example_branch_operator_decorator.py took 0.725 seconds
[2025-08-02T02:47:07.358+0000] {processor.py:161} INFO - Started process (PID=148) to work on /home/airflow/.local/lib/python3.8/site-packages/airflow/example_dags/example_branch_operator_decorator.py
[2025-08-02T02:47:07.361+0000] {processor.py:830} INFO - Processing file /home/airflow/.local/lib/python3.8/site-packages/airflow/example_dags/example_branch_operator_decorator.py for tasks to queue
[2025-08-02T02:47:07.366+0000] {logging_mixin.py:188} INFO - [2025-08-02T02:47:07.365+0000] {dagbag.py:540} INFO - Filling up the DagBag from /home/airflow/.local/lib/python3.8/site-packages/airflow/example_dags/example_branch_operator_decorator.py
[2025-08-02T02:47:07.431+0000] {processor.py:840} INFO - DAG(s) 'example_branch_python_operator_decorator' retrieved from /home/airflow/.local/lib/python3.8/site-packages/airflow/example_dags/example_branch_operator_decorator.py
[2025-08-02T02:47:07.464+0000] {logging_mixin.py:188} INFO - [2025-08-02T02:47:07.463+0000] {dag.py:3047} INFO - Sync 1 DAGs
[2025-08-02T02:47:07.494+0000] {logging_mixin.py:188} INFO - [2025-08-02T02:47:07.493+0000] {dag.py:3834} INFO - Setting next_dagrun for example_branch_python_operator_decorator to 2025-08-01 00:00:00+00:00, run_after=2025-08-02 00:00:00+00:00
[2025-08-02T02:47:07.515+0000] {processor.py:183} INFO - Processing /home/airflow/.local/lib/python3.8/site-packages/airflow/example_dags/example_branch_operator_decorator.py took 0.162 seconds
[2025-08-02T02:47:40.510+0000] {processor.py:161} INFO - Started process (PID=204) to work on /home/airflow/.local/lib/python3.8/site-packages/airflow/example_dags/example_branch_operator_decorator.py
[2025-08-02T02:47:40.511+0000] {processor.py:830} INFO - Processing file /home/airflow/.local/lib/python3.8/site-packages/airflow/example_dags/example_branch_operator_decorator.py for tasks to queue
[2025-08-02T02:47:40.515+0000] {logging_mixin.py:188} INFO - [2025-08-02T02:47:40.514+0000] {dagbag.py:540} INFO - Filling up the DagBag from /home/airflow/.local/lib/python3.8/site-packages/airflow/example_dags/example_branch_operator_decorator.py
[2025-08-02T02:47:40.565+0000] {processor.py:840} INFO - DAG(s) 'example_branch_python_operator_decorator' retrieved from /home/airflow/.local/lib/python3.8/site-packages/airflow/example_dags/example_branch_operator_decorator.py
[2025-08-02T02:47:40.759+0000] {logging_mixin.py:188} INFO - [2025-08-02T02:47:40.758+0000] {dag.py:3047} INFO - Sync 1 DAGs
[2025-08-02T02:47:40.783+0000] {logging_mixin.py:188} INFO - [2025-08-02T02:47:40.783+0000] {dag.py:3834} INFO - Setting next_dagrun for example_branch_python_operator_decorator to 2025-08-01 00:00:00+00:00, run_after=2025-08-02 00:00:00+00:00
[2025-08-02T02:47:40.806+0000] {processor.py:183} INFO - Processing /home/airflow/.local/lib/python3.8/site-packages/airflow/example_dags/example_branch_operator_decorator.py took 0.307 seconds
[2025-08-02T02:48:11.043+0000] {processor.py:161} INFO - Started process (PID=259) to work on /home/airflow/.local/lib/python3.8/site-packages/airflow/example_dags/example_branch_operator_decorator.py
[2025-08-02T02:48:11.044+0000] {processor.py:830} INFO - Processing file /home/airflow/.local/lib/python3.8/site-packages/airflow/example_dags/example_branch_operator_decorator.py for tasks to queue
[2025-08-02T02:48:11.046+0000] {logging_mixin.py:188} INFO - [2025-08-02T02:48:11.046+0000] {dagbag.py:540} INFO - Filling up the DagBag from /home/airflow/.local/lib/python3.8/site-packages/airflow/example_dags/example_branch_operator_decorator.py
[2025-08-02T02:48:11.066+0000] {processor.py:840} INFO - DAG(s) 'example_branch_python_operator_decorator' retrieved from /home/airflow/.local/lib/python3.8/site-packages/airflow/example_dags/example_branch_operator_decorator.py
[2025-08-02T02:48:11.093+0000] {logging_mixin.py:188} INFO - [2025-08-02T02:48:11.093+0000] {dag.py:3047} INFO - Sync 1 DAGs
[2025-08-02T02:48:11.106+0000] {logging_mixin.py:188} INFO - [2025-08-02T02:48:11.106+0000] {dag.py:3834} INFO - Setting next_dagrun for example_branch_python_operator_decorator to 2025-08-01 00:00:00+00:00, run_after=2025-08-02 00:00:00+00:00
[2025-08-02T02:48:11.116+0000] {processor.py:183} INFO - Processing /home/airflow/.local/lib/python3.8/site-packages/airflow/example_dags/example_branch_operator_decorator.py took 0.075 seconds
[2025-08-02T02:48:41.224+0000] {processor.py:161} INFO - Started process (PID=315) to work on /home/airflow/.local/lib/python3.8/site-packages/airflow/example_dags/example_branch_operator_decorator.py
[2025-08-02T02:48:41.225+0000] {processor.py:830} INFO - Processing file /home/airflow/.local/lib/python3.8/site-packages/airflow/example_dags/example_branch_operator_decorator.py for tasks to queue
[2025-08-02T02:48:41.226+0000] {logging_mixin.py:188} INFO - [2025-08-02T02:48:41.226+0000] {dagbag.py:540} INFO - Filling up the DagBag from /home/airflow/.local/lib/python3.8/site-packages/airflow/example_dags/example_branch_operator_decorator.py
[2025-08-02T02:48:41.241+0000] {processor.py:840} INFO - DAG(s) 'example_branch_python_operator_decorator' retrieved from /home/airflow/.local/lib/python3.8/site-packages/airflow/example_dags/example_branch_operator_decorator.py
[2025-08-02T02:48:41.259+0000] {logging_mixin.py:188} INFO - [2025-08-02T02:48:41.259+0000] {dag.py:3047} INFO - Sync 1 DAGs
[2025-08-02T02:48:41.273+0000] {logging_mixin.py:188} INFO - [2025-08-02T02:48:41.273+0000] {dag.py:3834} INFO - Setting next_dagrun for example_branch_python_operator_decorator to 2025-08-01 00:00:00+00:00, run_after=2025-08-02 00:00:00+00:00
[2025-08-02T02:48:41.284+0000] {processor.py:183} INFO - Processing /home/airflow/.local/lib/python3.8/site-packages/airflow/example_dags/example_branch_operator_decorator.py took 0.063 seconds
[2025-08-02T02:49:11.722+0000] {processor.py:161} INFO - Started process (PID=371) to work on /home/airflow/.local/lib/python3.8/site-packages/airflow/example_dags/example_branch_operator_decorator.py
[2025-08-02T02:49:11.723+0000] {processor.py:830} INFO - Processing file /home/airflow/.local/lib/python3.8/site-packages/airflow/example_dags/example_branch_operator_decorator.py for tasks to queue
[2025-08-02T02:49:11.724+0000] {logging_mixin.py:188} INFO - [2025-08-02T02:49:11.724+0000] {dagbag.py:540} INFO - Filling up the DagBag from /home/airflow/.local/lib/python3.8/site-packages/airflow/example_dags/example_branch_operator_decorator.py
[2025-08-02T02:49:11.744+0000] {processor.py:840} INFO - DAG(s) 'example_branch_python_operator_decorator' retrieved from /home/airflow/.local/lib/python3.8/site-packages/airflow/example_dags/example_branch_operator_decorator.py
[2025-08-02T02:49:11.760+0000] {logging_mixin.py:188} INFO - [2025-08-02T02:49:11.760+0000] {dag.py:3047} INFO - Sync 1 DAGs
[2025-08-02T02:49:11.772+0000] {logging_mixin.py:188} INFO - [2025-08-02T02:49:11.772+0000] {dag.py:3834} INFO - Setting next_dagrun for example_branch_python_operator_decorator to 2025-08-01 00:00:00+00:00, run_after=2025-08-02 00:00:00+00:00
[2025-08-02T02:49:11.781+0000] {processor.py:183} INFO - Processing /home/airflow/.local/lib/python3.8/site-packages/airflow/example_dags/example_branch_operator_decorator.py took 0.062 seconds
[2025-08-02T02:49:42.295+0000] {processor.py:161} INFO - Started process (PID=427) to work on /home/airflow/.local/lib/python3.8/site-packages/airflow/example_dags/example_branch_operator_decorator.py
[2025-08-02T02:49:42.298+0000] {processor.py:830} INFO - Processing file /home/airflow/.local/lib/python3.8/site-packages/airflow/example_dags/example_branch_operator_decorator.py for tasks to queue
[2025-08-02T02:49:42.304+0000] {logging_mixin.py:188} INFO - [2025-08-02T02:49:42.303+0000] {dagbag.py:540} INFO - Filling up the DagBag from /home/airflow/.local/lib/python3.8/site-packages/airflow/example_dags/example_branch_operator_decorator.py
[2025-08-02T02:49:42.352+0000] {processor.py:840} INFO - DAG(s) 'example_branch_python_operator_decorator' retrieved from /home/airflow/.local/lib/python3.8/site-packages/airflow/example_dags/example_branch_operator_decorator.py
[2025-08-02T02:49:42.380+0000] {logging_mixin.py:188} INFO - [2025-08-02T02:49:42.380+0000] {dag.py:3047} INFO - Sync 1 DAGs
[2025-08-02T02:49:42.407+0000] {logging_mixin.py:188} INFO - [2025-08-02T02:49:42.406+0000] {dag.py:3834} INFO - Setting next_dagrun for example_branch_python_operator_decorator to 2025-08-01 00:00:00+00:00, run_after=2025-08-02 00:00:00+00:00
[2025-08-02T02:49:42.438+0000] {processor.py:183} INFO - Processing /home/airflow/.local/lib/python3.8/site-packages/airflow/example_dags/example_branch_operator_decorator.py took 0.146 seconds
[2025-08-02T02:50:12.849+0000] {processor.py:161} INFO - Started process (PID=483) to work on /home/airflow/.local/lib/python3.8/site-packages/airflow/example_dags/example_branch_operator_decorator.py
[2025-08-02T02:50:12.850+0000] {processor.py:830} INFO - Processing file /home/airflow/.local/lib/python3.8/site-packages/airflow/example_dags/example_branch_operator_decorator.py for tasks to queue
[2025-08-02T02:50:12.852+0000] {logging_mixin.py:188} INFO - [2025-08-02T02:50:12.851+0000] {dagbag.py:540} INFO - Filling up the DagBag from /home/airflow/.local/lib/python3.8/site-packages/airflow/example_dags/example_branch_operator_decorator.py
[2025-08-02T02:50:12.869+0000] {processor.py:840} INFO - DAG(s) 'example_branch_python_operator_decorator' retrieved from /home/airflow/.local/lib/python3.8/site-packages/airflow/example_dags/example_branch_operator_decorator.py
[2025-08-02T02:50:12.893+0000] {logging_mixin.py:188} INFO - [2025-08-02T02:50:12.892+0000] {dag.py:3047} INFO - Sync 1 DAGs
[2025-08-02T02:50:12.909+0000] {logging_mixin.py:188} INFO - [2025-08-02T02:50:12.909+0000] {dag.py:3834} INFO - Setting next_dagrun for example_branch_python_operator_decorator to 2025-08-01 00:00:00+00:00, run_after=2025-08-02 00:00:00+00:00
[2025-08-02T02:50:12.919+0000] {processor.py:183} INFO - Processing /home/airflow/.local/lib/python3.8/site-packages/airflow/example_dags/example_branch_operator_decorator.py took 0.075 seconds
[2025-08-02T02:50:43.550+0000] {processor.py:161} INFO - Started process (PID=539) to work on /home/airflow/.local/lib/python3.8/site-packages/airflow/example_dags/example_branch_operator_decorator.py
[2025-08-02T02:50:43.553+0000] {processor.py:830} INFO - Processing file /home/airflow/.local/lib/python3.8/site-packages/airflow/example_dags/example_branch_operator_decorator.py for tasks to queue
[2025-08-02T02:50:43.554+0000] {logging_mixin.py:188} INFO - [2025-08-02T02:50:43.554+0000] {dagbag.py:540} INFO - Filling up the DagBag from /home/airflow/.local/lib/python3.8/site-packages/airflow/example_dags/example_branch_operator_decorator.py
[2025-08-02T02:50:43.605+0000] {processor.py:840} INFO - DAG(s) 'example_branch_python_operator_decorator' retrieved from /home/airflow/.local/lib/python3.8/site-packages/airflow/example_dags/example_branch_operator_decorator.py
[2025-08-02T02:50:43.738+0000] {logging_mixin.py:188} INFO - [2025-08-02T02:50:43.737+0000] {dag.py:3047} INFO - Sync 1 DAGs
[2025-08-02T02:50:43.759+0000] {logging_mixin.py:188} INFO - [2025-08-02T02:50:43.759+0000] {dag.py:3834} INFO - Setting next_dagrun for example_branch_python_operator_decorator to 2025-08-01 00:00:00+00:00, run_after=2025-08-02 00:00:00+00:00
[2025-08-02T02:50:43.770+0000] {processor.py:183} INFO - Processing /home/airflow/.local/lib/python3.8/site-packages/airflow/example_dags/example_branch_operator_decorator.py took 0.228 seconds
[2025-08-02T02:51:14.091+0000] {processor.py:161} INFO - Started process (PID=595) to work on /home/airflow/.local/lib/python3.8/site-packages/airflow/example_dags/example_branch_operator_decorator.py
[2025-08-02T02:51:14.092+0000] {processor.py:830} INFO - Processing file /home/airflow/.local/lib/python3.8/site-packages/airflow/example_dags/example_branch_operator_decorator.py for tasks to queue
[2025-08-02T02:51:14.098+0000] {logging_mixin.py:188} INFO - [2025-08-02T02:51:14.096+0000] {dagbag.py:540} INFO - Filling up the DagBag from /home/airflow/.local/lib/python3.8/site-packages/airflow/example_dags/example_branch_operator_decorator.py
[2025-08-02T02:51:14.141+0000] {processor.py:840} INFO - DAG(s) 'example_branch_python_operator_decorator' retrieved from /home/airflow/.local/lib/python3.8/site-packages/airflow/example_dags/example_branch_operator_decorator.py
[2025-08-02T02:51:14.165+0000] {logging_mixin.py:188} INFO - [2025-08-02T02:51:14.165+0000] {dag.py:3047} INFO - Sync 1 DAGs
[2025-08-02T02:51:14.179+0000] {logging_mixin.py:188} INFO - [2025-08-02T02:51:14.179+0000] {dag.py:3834} INFO - Setting next_dagrun for example_branch_python_operator_decorator to 2025-08-01 00:00:00+00:00, run_after=2025-08-02 00:00:00+00:00
[2025-08-02T02:51:14.189+0000] {processor.py:183} INFO - Processing /home/airflow/.local/lib/python3.8/site-packages/airflow/example_dags/example_branch_operator_decorator.py took 0.101 seconds
[2025-08-02T02:51:44.209+0000] {processor.py:161} INFO - Started process (PID=651) to work on /home/airflow/.local/lib/python3.8/site-packages/airflow/example_dags/example_branch_operator_decorator.py
[2025-08-02T02:51:44.212+0000] {processor.py:830} INFO - Processing file /home/airflow/.local/lib/python3.8/site-packages/airflow/example_dags/example_branch_operator_decorator.py for tasks to queue
[2025-08-02T02:51:44.213+0000] {logging_mixin.py:188} INFO - [2025-08-02T02:51:44.213+0000] {dagbag.py:540} INFO - Filling up the DagBag from /home/airflow/.local/lib/python3.8/site-packages/airflow/example_dags/example_branch_operator_decorator.py
[2025-08-02T02:51:44.232+0000] {processor.py:840} INFO - DAG(s) 'example_branch_python_operator_decorator' retrieved from /home/airflow/.local/lib/python3.8/site-packages/airflow/example_dags/example_branch_operator_decorator.py
[2025-08-02T02:51:44.249+0000] {logging_mixin.py:188} INFO - [2025-08-02T02:51:44.249+0000] {dag.py:3047} INFO - Sync 1 DAGs
[2025-08-02T02:51:44.262+0000] {logging_mixin.py:188} INFO - [2025-08-02T02:51:44.262+0000] {dag.py:3834} INFO - Setting next_dagrun for example_branch_python_operator_decorator to 2025-08-01 00:00:00+00:00, run_after=2025-08-02 00:00:00+00:00
[2025-08-02T02:51:44.271+0000] {processor.py:183} INFO - Processing /home/airflow/.local/lib/python3.8/site-packages/airflow/example_dags/example_branch_operator_decorator.py took 0.066 seconds
[2025-08-02T02:52:14.487+0000] {processor.py:161} INFO - Started process (PID=707) to work on /home/airflow/.local/lib/python3.8/site-packages/airflow/example_dags/example_branch_operator_decorator.py
[2025-08-02T02:52:14.488+0000] {processor.py:830} INFO - Processing file /home/airflow/.local/lib/python3.8/site-packages/airflow/example_dags/example_branch_operator_decorator.py for tasks to queue
[2025-08-02T02:52:14.489+0000] {logging_mixin.py:188} INFO - [2025-08-02T02:52:14.489+0000] {dagbag.py:540} INFO - Filling up the DagBag from /home/airflow/.local/lib/python3.8/site-packages/airflow/example_dags/example_branch_operator_decorator.py
[2025-08-02T02:52:14.501+0000] {processor.py:840} INFO - DAG(s) 'example_branch_python_operator_decorator' retrieved from /home/airflow/.local/lib/python3.8/site-packages/airflow/example_dags/example_branch_operator_decorator.py
[2025-08-02T02:52:14.514+0000] {logging_mixin.py:188} INFO - [2025-08-02T02:52:14.514+0000] {dag.py:3047} INFO - Sync 1 DAGs
[2025-08-02T02:52:14.524+0000] {logging_mixin.py:188} INFO - [2025-08-02T02:52:14.524+0000] {dag.py:3834} INFO - Setting next_dagrun for example_branch_python_operator_decorator to 2025-08-01 00:00:00+00:00, run_after=2025-08-02 00:00:00+00:00
[2025-08-02T02:52:14.532+0000] {processor.py:183} INFO - Processing /home/airflow/.local/lib/python3.8/site-packages/airflow/example_dags/example_branch_operator_decorator.py took 0.047 seconds
[2025-08-02T02:52:45.036+0000] {processor.py:161} INFO - Started process (PID=763) to work on /home/airflow/.local/lib/python3.8/site-packages/airflow/example_dags/example_branch_operator_decorator.py
[2025-08-02T02:52:45.037+0000] {processor.py:830} INFO - Processing file /home/airflow/.local/lib/python3.8/site-packages/airflow/example_dags/example_branch_operator_decorator.py for tasks to queue
[2025-08-02T02:52:45.038+0000] {logging_mixin.py:188} INFO - [2025-08-02T02:52:45.038+0000] {dagbag.py:540} INFO - Filling up the DagBag from /home/airflow/.local/lib/python3.8/site-packages/airflow/example_dags/example_branch_operator_decorator.py
[2025-08-02T02:52:45.052+0000] {processor.py:840} INFO - DAG(s) 'example_branch_python_operator_decorator' retrieved from /home/airflow/.local/lib/python3.8/site-packages/airflow/example_dags/example_branch_operator_decorator.py
[2025-08-02T02:52:45.082+0000] {logging_mixin.py:188} INFO - [2025-08-02T02:52:45.082+0000] {dag.py:3047} INFO - Sync 1 DAGs
[2025-08-02T02:52:45.099+0000] {logging_mixin.py:188} INFO - [2025-08-02T02:52:45.099+0000] {dag.py:3834} INFO - Setting next_dagrun for example_branch_python_operator_decorator to 2025-08-01 00:00:00+00:00, run_after=2025-08-02 00:00:00+00:00
[2025-08-02T02:52:45.124+0000] {processor.py:183} INFO - Processing /home/airflow/.local/lib/python3.8/site-packages/airflow/example_dags/example_branch_operator_decorator.py took 0.090 seconds
[2025-08-02T02:56:43.592+0000] {processor.py:161} INFO - Started process (PID=85) to work on /home/airflow/.local/lib/python3.8/site-packages/airflow/example_dags/example_branch_operator_decorator.py
[2025-08-02T02:56:43.594+0000] {processor.py:830} INFO - Processing file /home/airflow/.local/lib/python3.8/site-packages/airflow/example_dags/example_branch_operator_decorator.py for tasks to queue
[2025-08-02T02:56:43.599+0000] {logging_mixin.py:188} INFO - [2025-08-02T02:56:43.598+0000] {dagbag.py:540} INFO - Filling up the DagBag from /home/airflow/.local/lib/python3.8/site-packages/airflow/example_dags/example_branch_operator_decorator.py
[2025-08-02T02:56:43.677+0000] {processor.py:840} INFO - DAG(s) 'example_branch_python_operator_decorator' retrieved from /home/airflow/.local/lib/python3.8/site-packages/airflow/example_dags/example_branch_operator_decorator.py
[2025-08-02T02:56:43.713+0000] {logging_mixin.py:188} INFO - [2025-08-02T02:56:43.712+0000] {dag.py:3047} INFO - Sync 1 DAGs
[2025-08-02T02:56:43.786+0000] {logging_mixin.py:188} INFO - [2025-08-02T02:56:43.786+0000] {dag.py:3834} INFO - Setting next_dagrun for example_branch_python_operator_decorator to 2025-08-01 00:00:00+00:00, run_after=2025-08-02 00:00:00+00:00
[2025-08-02T02:56:43.825+0000] {processor.py:183} INFO - Processing /home/airflow/.local/lib/python3.8/site-packages/airflow/example_dags/example_branch_operator_decorator.py took 0.239 seconds
[2025-08-02T02:57:14.475+0000] {processor.py:161} INFO - Started process (PID=141) to work on /home/airflow/.local/lib/python3.8/site-packages/airflow/example_dags/example_branch_operator_decorator.py
[2025-08-02T02:57:14.476+0000] {processor.py:830} INFO - Processing file /home/airflow/.local/lib/python3.8/site-packages/airflow/example_dags/example_branch_operator_decorator.py for tasks to queue
[2025-08-02T02:57:14.478+0000] {logging_mixin.py:188} INFO - [2025-08-02T02:57:14.478+0000] {dagbag.py:540} INFO - Filling up the DagBag from /home/airflow/.local/lib/python3.8/site-packages/airflow/example_dags/example_branch_operator_decorator.py
[2025-08-02T02:57:14.493+0000] {processor.py:840} INFO - DAG(s) 'example_branch_python_operator_decorator' retrieved from /home/airflow/.local/lib/python3.8/site-packages/airflow/example_dags/example_branch_operator_decorator.py
[2025-08-02T02:57:14.559+0000] {logging_mixin.py:188} INFO - [2025-08-02T02:57:14.559+0000] {dag.py:3047} INFO - Sync 1 DAGs
[2025-08-02T02:57:14.577+0000] {logging_mixin.py:188} INFO - [2025-08-02T02:57:14.576+0000] {dag.py:3834} INFO - Setting next_dagrun for example_branch_python_operator_decorator to 2025-08-01 00:00:00+00:00, run_after=2025-08-02 00:00:00+00:00
[2025-08-02T02:57:14.591+0000] {processor.py:183} INFO - Processing /home/airflow/.local/lib/python3.8/site-packages/airflow/example_dags/example_branch_operator_decorator.py took 0.119 seconds
[2025-08-02T02:57:45.164+0000] {processor.py:161} INFO - Started process (PID=197) to work on /home/airflow/.local/lib/python3.8/site-packages/airflow/example_dags/example_branch_operator_decorator.py
[2025-08-02T02:57:45.166+0000] {processor.py:830} INFO - Processing file /home/airflow/.local/lib/python3.8/site-packages/airflow/example_dags/example_branch_operator_decorator.py for tasks to queue
[2025-08-02T02:57:45.167+0000] {logging_mixin.py:188} INFO - [2025-08-02T02:57:45.167+0000] {dagbag.py:540} INFO - Filling up the DagBag from /home/airflow/.local/lib/python3.8/site-packages/airflow/example_dags/example_branch_operator_decorator.py
[2025-08-02T02:57:45.209+0000] {processor.py:840} INFO - DAG(s) 'example_branch_python_operator_decorator' retrieved from /home/airflow/.local/lib/python3.8/site-packages/airflow/example_dags/example_branch_operator_decorator.py
[2025-08-02T02:57:45.241+0000] {logging_mixin.py:188} INFO - [2025-08-02T02:57:45.241+0000] {dag.py:3047} INFO - Sync 1 DAGs
[2025-08-02T02:57:45.272+0000] {logging_mixin.py:188} INFO - [2025-08-02T02:57:45.272+0000] {dag.py:3834} INFO - Setting next_dagrun for example_branch_python_operator_decorator to 2025-08-01 00:00:00+00:00, run_after=2025-08-02 00:00:00+00:00
[2025-08-02T02:57:45.335+0000] {processor.py:183} INFO - Processing /home/airflow/.local/lib/python3.8/site-packages/airflow/example_dags/example_branch_operator_decorator.py took 0.174 seconds
[2025-08-02T02:58:15.670+0000] {processor.py:161} INFO - Started process (PID=253) to work on /home/airflow/.local/lib/python3.8/site-packages/airflow/example_dags/example_branch_operator_decorator.py
[2025-08-02T02:58:15.671+0000] {processor.py:830} INFO - Processing file /home/airflow/.local/lib/python3.8/site-packages/airflow/example_dags/example_branch_operator_decorator.py for tasks to queue
[2025-08-02T02:58:15.672+0000] {logging_mixin.py:188} INFO - [2025-08-02T02:58:15.672+0000] {dagbag.py:540} INFO - Filling up the DagBag from /home/airflow/.local/lib/python3.8/site-packages/airflow/example_dags/example_branch_operator_decorator.py
[2025-08-02T02:58:15.699+0000] {processor.py:840} INFO - DAG(s) 'example_branch_python_operator_decorator' retrieved from /home/airflow/.local/lib/python3.8/site-packages/airflow/example_dags/example_branch_operator_decorator.py
[2025-08-02T02:58:15.724+0000] {logging_mixin.py:188} INFO - [2025-08-02T02:58:15.724+0000] {dag.py:3047} INFO - Sync 1 DAGs
[2025-08-02T02:58:15.741+0000] {logging_mixin.py:188} INFO - [2025-08-02T02:58:15.741+0000] {dag.py:3834} INFO - Setting next_dagrun for example_branch_python_operator_decorator to 2025-08-01 00:00:00+00:00, run_after=2025-08-02 00:00:00+00:00
[2025-08-02T02:58:15.757+0000] {processor.py:183} INFO - Processing /home/airflow/.local/lib/python3.8/site-packages/airflow/example_dags/example_branch_operator_decorator.py took 0.090 seconds
[2025-08-02T02:58:47.337+0000] {processor.py:161} INFO - Started process (PID=309) to work on /home/airflow/.local/lib/python3.8/site-packages/airflow/example_dags/example_branch_operator_decorator.py
[2025-08-02T02:58:47.338+0000] {processor.py:830} INFO - Processing file /home/airflow/.local/lib/python3.8/site-packages/airflow/example_dags/example_branch_operator_decorator.py for tasks to queue
[2025-08-02T02:58:47.340+0000] {logging_mixin.py:188} INFO - [2025-08-02T02:58:47.340+0000] {dagbag.py:540} INFO - Filling up the DagBag from /home/airflow/.local/lib/python3.8/site-packages/airflow/example_dags/example_branch_operator_decorator.py
[2025-08-02T02:58:47.366+0000] {processor.py:840} INFO - DAG(s) 'example_branch_python_operator_decorator' retrieved from /home/airflow/.local/lib/python3.8/site-packages/airflow/example_dags/example_branch_operator_decorator.py
[2025-08-02T02:58:47.396+0000] {logging_mixin.py:188} INFO - [2025-08-02T02:58:47.395+0000] {dag.py:3047} INFO - Sync 1 DAGs
[2025-08-02T02:58:47.429+0000] {logging_mixin.py:188} INFO - [2025-08-02T02:58:47.428+0000] {dag.py:3834} INFO - Setting next_dagrun for example_branch_python_operator_decorator to 2025-08-01 00:00:00+00:00, run_after=2025-08-02 00:00:00+00:00
[2025-08-02T02:58:47.479+0000] {processor.py:183} INFO - Processing /home/airflow/.local/lib/python3.8/site-packages/airflow/example_dags/example_branch_operator_decorator.py took 0.144 seconds
[2025-08-02T02:59:17.901+0000] {processor.py:161} INFO - Started process (PID=365) to work on /home/airflow/.local/lib/python3.8/site-packages/airflow/example_dags/example_branch_operator_decorator.py
[2025-08-02T02:59:17.905+0000] {processor.py:830} INFO - Processing file /home/airflow/.local/lib/python3.8/site-packages/airflow/example_dags/example_branch_operator_decorator.py for tasks to queue
[2025-08-02T02:59:17.906+0000] {logging_mixin.py:188} INFO - [2025-08-02T02:59:17.906+0000] {dagbag.py:540} INFO - Filling up the DagBag from /home/airflow/.local/lib/python3.8/site-packages/airflow/example_dags/example_branch_operator_decorator.py
[2025-08-02T02:59:17.928+0000] {processor.py:840} INFO - DAG(s) 'example_branch_python_operator_decorator' retrieved from /home/airflow/.local/lib/python3.8/site-packages/airflow/example_dags/example_branch_operator_decorator.py
[2025-08-02T02:59:17.959+0000] {logging_mixin.py:188} INFO - [2025-08-02T02:59:17.959+0000] {dag.py:3047} INFO - Sync 1 DAGs
[2025-08-02T02:59:17.975+0000] {logging_mixin.py:188} INFO - [2025-08-02T02:59:17.975+0000] {dag.py:3834} INFO - Setting next_dagrun for example_branch_python_operator_decorator to 2025-08-01 00:00:00+00:00, run_after=2025-08-02 00:00:00+00:00
[2025-08-02T02:59:17.996+0000] {processor.py:183} INFO - Processing /home/airflow/.local/lib/python3.8/site-packages/airflow/example_dags/example_branch_operator_decorator.py took 0.098 seconds
[2025-08-02T02:59:49.160+0000] {processor.py:161} INFO - Started process (PID=421) to work on /home/airflow/.local/lib/python3.8/site-packages/airflow/example_dags/example_branch_operator_decorator.py
[2025-08-02T02:59:49.163+0000] {processor.py:830} INFO - Processing file /home/airflow/.local/lib/python3.8/site-packages/airflow/example_dags/example_branch_operator_decorator.py for tasks to queue
[2025-08-02T02:59:49.164+0000] {logging_mixin.py:188} INFO - [2025-08-02T02:59:49.164+0000] {dagbag.py:540} INFO - Filling up the DagBag from /home/airflow/.local/lib/python3.8/site-packages/airflow/example_dags/example_branch_operator_decorator.py
[2025-08-02T02:59:49.192+0000] {processor.py:840} INFO - DAG(s) 'example_branch_python_operator_decorator' retrieved from /home/airflow/.local/lib/python3.8/site-packages/airflow/example_dags/example_branch_operator_decorator.py
[2025-08-02T02:59:49.233+0000] {logging_mixin.py:188} INFO - [2025-08-02T02:59:49.232+0000] {dag.py:3047} INFO - Sync 1 DAGs
[2025-08-02T02:59:49.257+0000] {logging_mixin.py:188} INFO - [2025-08-02T02:59:49.256+0000] {dag.py:3834} INFO - Setting next_dagrun for example_branch_python_operator_decorator to 2025-08-01 00:00:00+00:00, run_after=2025-08-02 00:00:00+00:00
[2025-08-02T02:59:49.277+0000] {processor.py:183} INFO - Processing /home/airflow/.local/lib/python3.8/site-packages/airflow/example_dags/example_branch_operator_decorator.py took 0.120 seconds
[2025-08-02T03:00:19.390+0000] {processor.py:161} INFO - Started process (PID=477) to work on /home/airflow/.local/lib/python3.8/site-packages/airflow/example_dags/example_branch_operator_decorator.py
[2025-08-02T03:00:19.392+0000] {processor.py:830} INFO - Processing file /home/airflow/.local/lib/python3.8/site-packages/airflow/example_dags/example_branch_operator_decorator.py for tasks to queue
[2025-08-02T03:00:19.394+0000] {logging_mixin.py:188} INFO - [2025-08-02T03:00:19.394+0000] {dagbag.py:540} INFO - Filling up the DagBag from /home/airflow/.local/lib/python3.8/site-packages/airflow/example_dags/example_branch_operator_decorator.py
[2025-08-02T03:00:19.415+0000] {processor.py:840} INFO - DAG(s) 'example_branch_python_operator_decorator' retrieved from /home/airflow/.local/lib/python3.8/site-packages/airflow/example_dags/example_branch_operator_decorator.py
[2025-08-02T03:00:19.433+0000] {logging_mixin.py:188} INFO - [2025-08-02T03:00:19.433+0000] {dag.py:3047} INFO - Sync 1 DAGs
[2025-08-02T03:00:19.450+0000] {logging_mixin.py:188} INFO - [2025-08-02T03:00:19.450+0000] {dag.py:3834} INFO - Setting next_dagrun for example_branch_python_operator_decorator to 2025-08-01 00:00:00+00:00, run_after=2025-08-02 00:00:00+00:00
[2025-08-02T03:00:19.464+0000] {processor.py:183} INFO - Processing /home/airflow/.local/lib/python3.8/site-packages/airflow/example_dags/example_branch_operator_decorator.py took 0.078 seconds
[2025-08-02T03:00:51.002+0000] {processor.py:161} INFO - Started process (PID=533) to work on /home/airflow/.local/lib/python3.8/site-packages/airflow/example_dags/example_branch_operator_decorator.py
[2025-08-02T03:00:51.008+0000] {processor.py:830} INFO - Processing file /home/airflow/.local/lib/python3.8/site-packages/airflow/example_dags/example_branch_operator_decorator.py for tasks to queue
[2025-08-02T03:00:51.013+0000] {logging_mixin.py:188} INFO - [2025-08-02T03:00:51.013+0000] {dagbag.py:540} INFO - Filling up the DagBag from /home/airflow/.local/lib/python3.8/site-packages/airflow/example_dags/example_branch_operator_decorator.py
[2025-08-02T03:00:51.059+0000] {processor.py:840} INFO - DAG(s) 'example_branch_python_operator_decorator' retrieved from /home/airflow/.local/lib/python3.8/site-packages/airflow/example_dags/example_branch_operator_decorator.py
[2025-08-02T03:00:51.143+0000] {logging_mixin.py:188} INFO - [2025-08-02T03:00:51.143+0000] {dag.py:3047} INFO - Sync 1 DAGs
[2025-08-02T03:00:51.198+0000] {logging_mixin.py:188} INFO - [2025-08-02T03:00:51.197+0000] {dag.py:3834} INFO - Setting next_dagrun for example_branch_python_operator_decorator to 2025-08-01 00:00:00+00:00, run_after=2025-08-02 00:00:00+00:00
[2025-08-02T03:00:51.233+0000] {processor.py:183} INFO - Processing /home/airflow/.local/lib/python3.8/site-packages/airflow/example_dags/example_branch_operator_decorator.py took 0.256 seconds
[2025-08-02T03:01:21.465+0000] {processor.py:161} INFO - Started process (PID=589) to work on /home/airflow/.local/lib/python3.8/site-packages/airflow/example_dags/example_branch_operator_decorator.py
[2025-08-02T03:01:21.467+0000] {processor.py:830} INFO - Processing file /home/airflow/.local/lib/python3.8/site-packages/airflow/example_dags/example_branch_operator_decorator.py for tasks to queue
[2025-08-02T03:01:21.468+0000] {logging_mixin.py:188} INFO - [2025-08-02T03:01:21.468+0000] {dagbag.py:540} INFO - Filling up the DagBag from /home/airflow/.local/lib/python3.8/site-packages/airflow/example_dags/example_branch_operator_decorator.py
[2025-08-02T03:01:21.486+0000] {processor.py:840} INFO - DAG(s) 'example_branch_python_operator_decorator' retrieved from /home/airflow/.local/lib/python3.8/site-packages/airflow/example_dags/example_branch_operator_decorator.py
[2025-08-02T03:01:21.517+0000] {logging_mixin.py:188} INFO - [2025-08-02T03:01:21.517+0000] {dag.py:3047} INFO - Sync 1 DAGs
[2025-08-02T03:01:21.552+0000] {logging_mixin.py:188} INFO - [2025-08-02T03:01:21.552+0000] {dag.py:3834} INFO - Setting next_dagrun for example_branch_python_operator_decorator to 2025-08-01 00:00:00+00:00, run_after=2025-08-02 00:00:00+00:00
[2025-08-02T03:01:21.567+0000] {processor.py:183} INFO - Processing /home/airflow/.local/lib/python3.8/site-packages/airflow/example_dags/example_branch_operator_decorator.py took 0.105 seconds
[2025-08-02T03:01:52.477+0000] {processor.py:161} INFO - Started process (PID=645) to work on /home/airflow/.local/lib/python3.8/site-packages/airflow/example_dags/example_branch_operator_decorator.py
[2025-08-02T03:01:52.478+0000] {processor.py:830} INFO - Processing file /home/airflow/.local/lib/python3.8/site-packages/airflow/example_dags/example_branch_operator_decorator.py for tasks to queue
[2025-08-02T03:01:52.479+0000] {logging_mixin.py:188} INFO - [2025-08-02T03:01:52.479+0000] {dagbag.py:540} INFO - Filling up the DagBag from /home/airflow/.local/lib/python3.8/site-packages/airflow/example_dags/example_branch_operator_decorator.py
[2025-08-02T03:01:52.505+0000] {processor.py:840} INFO - DAG(s) 'example_branch_python_operator_decorator' retrieved from /home/airflow/.local/lib/python3.8/site-packages/airflow/example_dags/example_branch_operator_decorator.py
[2025-08-02T03:01:52.529+0000] {logging_mixin.py:188} INFO - [2025-08-02T03:01:52.529+0000] {dag.py:3047} INFO - Sync 1 DAGs
[2025-08-02T03:01:52.547+0000] {logging_mixin.py:188} INFO - [2025-08-02T03:01:52.547+0000] {dag.py:3834} INFO - Setting next_dagrun for example_branch_python_operator_decorator to 2025-08-01 00:00:00+00:00, run_after=2025-08-02 00:00:00+00:00
[2025-08-02T03:01:52.565+0000] {processor.py:183} INFO - Processing /home/airflow/.local/lib/python3.8/site-packages/airflow/example_dags/example_branch_operator_decorator.py took 0.090 seconds
[2025-08-02T03:02:23.299+0000] {processor.py:161} INFO - Started process (PID=701) to work on /home/airflow/.local/lib/python3.8/site-packages/airflow/example_dags/example_branch_operator_decorator.py
[2025-08-02T03:02:23.301+0000] {processor.py:830} INFO - Processing file /home/airflow/.local/lib/python3.8/site-packages/airflow/example_dags/example_branch_operator_decorator.py for tasks to queue
[2025-08-02T03:02:23.303+0000] {logging_mixin.py:188} INFO - [2025-08-02T03:02:23.303+0000] {dagbag.py:540} INFO - Filling up the DagBag from /home/airflow/.local/lib/python3.8/site-packages/airflow/example_dags/example_branch_operator_decorator.py
[2025-08-02T03:02:23.330+0000] {processor.py:840} INFO - DAG(s) 'example_branch_python_operator_decorator' retrieved from /home/airflow/.local/lib/python3.8/site-packages/airflow/example_dags/example_branch_operator_decorator.py
[2025-08-02T03:02:23.359+0000] {logging_mixin.py:188} INFO - [2025-08-02T03:02:23.358+0000] {dag.py:3047} INFO - Sync 1 DAGs
[2025-08-02T03:02:23.377+0000] {logging_mixin.py:188} INFO - [2025-08-02T03:02:23.377+0000] {dag.py:3834} INFO - Setting next_dagrun for example_branch_python_operator_decorator to 2025-08-01 00:00:00+00:00, run_after=2025-08-02 00:00:00+00:00
[2025-08-02T03:02:23.396+0000] {processor.py:183} INFO - Processing /home/airflow/.local/lib/python3.8/site-packages/airflow/example_dags/example_branch_operator_decorator.py took 0.102 seconds
[2025-08-02T03:02:54.977+0000] {processor.py:161} INFO - Started process (PID=757) to work on /home/airflow/.local/lib/python3.8/site-packages/airflow/example_dags/example_branch_operator_decorator.py
[2025-08-02T03:02:54.991+0000] {processor.py:830} INFO - Processing file /home/airflow/.local/lib/python3.8/site-packages/airflow/example_dags/example_branch_operator_decorator.py for tasks to queue
[2025-08-02T03:02:55.015+0000] {logging_mixin.py:188} INFO - [2025-08-02T03:02:55.014+0000] {dagbag.py:540} INFO - Filling up the DagBag from /home/airflow/.local/lib/python3.8/site-packages/airflow/example_dags/example_branch_operator_decorator.py
[2025-08-02T03:02:55.104+0000] {processor.py:840} INFO - DAG(s) 'example_branch_python_operator_decorator' retrieved from /home/airflow/.local/lib/python3.8/site-packages/airflow/example_dags/example_branch_operator_decorator.py
[2025-08-02T03:02:55.183+0000] {logging_mixin.py:188} INFO - [2025-08-02T03:02:55.183+0000] {dag.py:3047} INFO - Sync 1 DAGs
[2025-08-02T03:02:55.262+0000] {logging_mixin.py:188} INFO - [2025-08-02T03:02:55.261+0000] {dag.py:3834} INFO - Setting next_dagrun for example_branch_python_operator_decorator to 2025-08-01 00:00:00+00:00, run_after=2025-08-02 00:00:00+00:00
[2025-08-02T03:02:55.327+0000] {processor.py:183} INFO - Processing /home/airflow/.local/lib/python3.8/site-packages/airflow/example_dags/example_branch_operator_decorator.py took 0.355 seconds
[2025-08-02T03:03:26.158+0000] {processor.py:161} INFO - Started process (PID=813) to work on /home/airflow/.local/lib/python3.8/site-packages/airflow/example_dags/example_branch_operator_decorator.py
[2025-08-02T03:03:26.160+0000] {processor.py:830} INFO - Processing file /home/airflow/.local/lib/python3.8/site-packages/airflow/example_dags/example_branch_operator_decorator.py for tasks to queue
[2025-08-02T03:03:26.162+0000] {logging_mixin.py:188} INFO - [2025-08-02T03:03:26.161+0000] {dagbag.py:540} INFO - Filling up the DagBag from /home/airflow/.local/lib/python3.8/site-packages/airflow/example_dags/example_branch_operator_decorator.py
[2025-08-02T03:03:26.200+0000] {processor.py:840} INFO - DAG(s) 'example_branch_python_operator_decorator' retrieved from /home/airflow/.local/lib/python3.8/site-packages/airflow/example_dags/example_branch_operator_decorator.py
[2025-08-02T03:03:26.224+0000] {logging_mixin.py:188} INFO - [2025-08-02T03:03:26.224+0000] {dag.py:3047} INFO - Sync 1 DAGs
[2025-08-02T03:03:26.238+0000] {logging_mixin.py:188} INFO - [2025-08-02T03:03:26.238+0000] {dag.py:3834} INFO - Setting next_dagrun for example_branch_python_operator_decorator to 2025-08-01 00:00:00+00:00, run_after=2025-08-02 00:00:00+00:00
[2025-08-02T03:03:26.252+0000] {processor.py:183} INFO - Processing /home/airflow/.local/lib/python3.8/site-packages/airflow/example_dags/example_branch_operator_decorator.py took 0.098 seconds
[2025-08-02T03:03:57.134+0000] {processor.py:161} INFO - Started process (PID=869) to work on /home/airflow/.local/lib/python3.8/site-packages/airflow/example_dags/example_branch_operator_decorator.py
[2025-08-02T03:03:57.141+0000] {processor.py:830} INFO - Processing file /home/airflow/.local/lib/python3.8/site-packages/airflow/example_dags/example_branch_operator_decorator.py for tasks to queue
[2025-08-02T03:03:57.144+0000] {logging_mixin.py:188} INFO - [2025-08-02T03:03:57.144+0000] {dagbag.py:540} INFO - Filling up the DagBag from /home/airflow/.local/lib/python3.8/site-packages/airflow/example_dags/example_branch_operator_decorator.py
[2025-08-02T03:03:57.192+0000] {processor.py:840} INFO - DAG(s) 'example_branch_python_operator_decorator' retrieved from /home/airflow/.local/lib/python3.8/site-packages/airflow/example_dags/example_branch_operator_decorator.py
[2025-08-02T03:03:57.221+0000] {logging_mixin.py:188} INFO - [2025-08-02T03:03:57.221+0000] {dag.py:3047} INFO - Sync 1 DAGs
[2025-08-02T03:03:57.253+0000] {logging_mixin.py:188} INFO - [2025-08-02T03:03:57.252+0000] {dag.py:3834} INFO - Setting next_dagrun for example_branch_python_operator_decorator to 2025-08-01 00:00:00+00:00, run_after=2025-08-02 00:00:00+00:00
[2025-08-02T03:03:57.267+0000] {processor.py:183} INFO - Processing /home/airflow/.local/lib/python3.8/site-packages/airflow/example_dags/example_branch_operator_decorator.py took 0.143 seconds
[2025-08-02T03:04:27.349+0000] {processor.py:161} INFO - Started process (PID=925) to work on /home/airflow/.local/lib/python3.8/site-packages/airflow/example_dags/example_branch_operator_decorator.py
[2025-08-02T03:04:27.351+0000] {processor.py:830} INFO - Processing file /home/airflow/.local/lib/python3.8/site-packages/airflow/example_dags/example_branch_operator_decorator.py for tasks to queue
[2025-08-02T03:04:27.354+0000] {logging_mixin.py:188} INFO - [2025-08-02T03:04:27.353+0000] {dagbag.py:540} INFO - Filling up the DagBag from /home/airflow/.local/lib/python3.8/site-packages/airflow/example_dags/example_branch_operator_decorator.py
[2025-08-02T03:04:27.377+0000] {processor.py:840} INFO - DAG(s) 'example_branch_python_operator_decorator' retrieved from /home/airflow/.local/lib/python3.8/site-packages/airflow/example_dags/example_branch_operator_decorator.py
[2025-08-02T03:04:27.397+0000] {logging_mixin.py:188} INFO - [2025-08-02T03:04:27.397+0000] {dag.py:3047} INFO - Sync 1 DAGs
[2025-08-02T03:04:27.409+0000] {logging_mixin.py:188} INFO - [2025-08-02T03:04:27.409+0000] {dag.py:3834} INFO - Setting next_dagrun for example_branch_python_operator_decorator to 2025-08-01 00:00:00+00:00, run_after=2025-08-02 00:00:00+00:00
[2025-08-02T03:04:27.422+0000] {processor.py:183} INFO - Processing /home/airflow/.local/lib/python3.8/site-packages/airflow/example_dags/example_branch_operator_decorator.py took 0.078 seconds
[2025-08-02T03:04:57.693+0000] {processor.py:161} INFO - Started process (PID=982) to work on /home/airflow/.local/lib/python3.8/site-packages/airflow/example_dags/example_branch_operator_decorator.py
[2025-08-02T03:04:57.696+0000] {processor.py:830} INFO - Processing file /home/airflow/.local/lib/python3.8/site-packages/airflow/example_dags/example_branch_operator_decorator.py for tasks to queue
[2025-08-02T03:04:57.699+0000] {logging_mixin.py:188} INFO - [2025-08-02T03:04:57.699+0000] {dagbag.py:540} INFO - Filling up the DagBag from /home/airflow/.local/lib/python3.8/site-packages/airflow/example_dags/example_branch_operator_decorator.py
[2025-08-02T03:04:57.720+0000] {processor.py:840} INFO - DAG(s) 'example_branch_python_operator_decorator' retrieved from /home/airflow/.local/lib/python3.8/site-packages/airflow/example_dags/example_branch_operator_decorator.py
[2025-08-02T03:04:57.744+0000] {logging_mixin.py:188} INFO - [2025-08-02T03:04:57.743+0000] {dag.py:3047} INFO - Sync 1 DAGs
[2025-08-02T03:04:57.767+0000] {logging_mixin.py:188} INFO - [2025-08-02T03:04:57.766+0000] {dag.py:3834} INFO - Setting next_dagrun for example_branch_python_operator_decorator to 2025-08-01 00:00:00+00:00, run_after=2025-08-02 00:00:00+00:00
[2025-08-02T03:04:57.789+0000] {processor.py:183} INFO - Processing /home/airflow/.local/lib/python3.8/site-packages/airflow/example_dags/example_branch_operator_decorator.py took 0.105 seconds
[2025-08-02T03:05:28.804+0000] {processor.py:161} INFO - Started process (PID=1038) to work on /home/airflow/.local/lib/python3.8/site-packages/airflow/example_dags/example_branch_operator_decorator.py
[2025-08-02T03:05:28.805+0000] {processor.py:830} INFO - Processing file /home/airflow/.local/lib/python3.8/site-packages/airflow/example_dags/example_branch_operator_decorator.py for tasks to queue
[2025-08-02T03:05:28.807+0000] {logging_mixin.py:188} INFO - [2025-08-02T03:05:28.807+0000] {dagbag.py:540} INFO - Filling up the DagBag from /home/airflow/.local/lib/python3.8/site-packages/airflow/example_dags/example_branch_operator_decorator.py
[2025-08-02T03:05:28.823+0000] {processor.py:840} INFO - DAG(s) 'example_branch_python_operator_decorator' retrieved from /home/airflow/.local/lib/python3.8/site-packages/airflow/example_dags/example_branch_operator_decorator.py
[2025-08-02T03:05:28.864+0000] {logging_mixin.py:188} INFO - [2025-08-02T03:05:28.864+0000] {dag.py:3047} INFO - Sync 1 DAGs
[2025-08-02T03:05:28.901+0000] {logging_mixin.py:188} INFO - [2025-08-02T03:05:28.900+0000] {dag.py:3834} INFO - Setting next_dagrun for example_branch_python_operator_decorator to 2025-08-01 00:00:00+00:00, run_after=2025-08-02 00:00:00+00:00
[2025-08-02T03:05:28.937+0000] {processor.py:183} INFO - Processing /home/airflow/.local/lib/python3.8/site-packages/airflow/example_dags/example_branch_operator_decorator.py took 0.137 seconds
[2025-08-02T03:05:59.381+0000] {processor.py:161} INFO - Started process (PID=1094) to work on /home/airflow/.local/lib/python3.8/site-packages/airflow/example_dags/example_branch_operator_decorator.py
[2025-08-02T03:05:59.383+0000] {processor.py:830} INFO - Processing file /home/airflow/.local/lib/python3.8/site-packages/airflow/example_dags/example_branch_operator_decorator.py for tasks to queue
[2025-08-02T03:05:59.386+0000] {logging_mixin.py:188} INFO - [2025-08-02T03:05:59.386+0000] {dagbag.py:540} INFO - Filling up the DagBag from /home/airflow/.local/lib/python3.8/site-packages/airflow/example_dags/example_branch_operator_decorator.py
[2025-08-02T03:05:59.407+0000] {processor.py:840} INFO - DAG(s) 'example_branch_python_operator_decorator' retrieved from /home/airflow/.local/lib/python3.8/site-packages/airflow/example_dags/example_branch_operator_decorator.py
[2025-08-02T03:05:59.435+0000] {logging_mixin.py:188} INFO - [2025-08-02T03:05:59.434+0000] {dag.py:3047} INFO - Sync 1 DAGs
[2025-08-02T03:05:59.448+0000] {logging_mixin.py:188} INFO - [2025-08-02T03:05:59.447+0000] {dag.py:3834} INFO - Setting next_dagrun for example_branch_python_operator_decorator to 2025-08-01 00:00:00+00:00, run_after=2025-08-02 00:00:00+00:00
[2025-08-02T03:05:59.462+0000] {processor.py:183} INFO - Processing /home/airflow/.local/lib/python3.8/site-packages/airflow/example_dags/example_branch_operator_decorator.py took 0.083 seconds
[2025-08-02T03:06:37.259+0000] {processor.py:161} INFO - Started process (PID=1150) to work on /home/airflow/.local/lib/python3.8/site-packages/airflow/example_dags/example_branch_operator_decorator.py
[2025-08-02T03:06:37.265+0000] {processor.py:830} INFO - Processing file /home/airflow/.local/lib/python3.8/site-packages/airflow/example_dags/example_branch_operator_decorator.py for tasks to queue
[2025-08-02T03:06:37.266+0000] {logging_mixin.py:188} INFO - [2025-08-02T03:06:37.266+0000] {dagbag.py:540} INFO - Filling up the DagBag from /home/airflow/.local/lib/python3.8/site-packages/airflow/example_dags/example_branch_operator_decorator.py
[2025-08-02T03:06:37.305+0000] {processor.py:840} INFO - DAG(s) 'example_branch_python_operator_decorator' retrieved from /home/airflow/.local/lib/python3.8/site-packages/airflow/example_dags/example_branch_operator_decorator.py
[2025-08-02T03:06:37.335+0000] {logging_mixin.py:188} INFO - [2025-08-02T03:06:37.335+0000] {dag.py:3047} INFO - Sync 1 DAGs
[2025-08-02T03:06:37.364+0000] {logging_mixin.py:188} INFO - [2025-08-02T03:06:37.364+0000] {dag.py:3834} INFO - Setting next_dagrun for example_branch_python_operator_decorator to 2025-08-01 00:00:00+00:00, run_after=2025-08-02 00:00:00+00:00
[2025-08-02T03:06:37.376+0000] {processor.py:183} INFO - Processing /home/airflow/.local/lib/python3.8/site-packages/airflow/example_dags/example_branch_operator_decorator.py took 0.122 seconds
[2025-08-02T03:07:10.905+0000] {processor.py:161} INFO - Started process (PID=1206) to work on /home/airflow/.local/lib/python3.8/site-packages/airflow/example_dags/example_branch_operator_decorator.py
[2025-08-02T03:07:10.907+0000] {processor.py:830} INFO - Processing file /home/airflow/.local/lib/python3.8/site-packages/airflow/example_dags/example_branch_operator_decorator.py for tasks to queue
[2025-08-02T03:07:10.911+0000] {logging_mixin.py:188} INFO - [2025-08-02T03:07:10.911+0000] {dagbag.py:540} INFO - Filling up the DagBag from /home/airflow/.local/lib/python3.8/site-packages/airflow/example_dags/example_branch_operator_decorator.py
[2025-08-02T03:07:10.982+0000] {processor.py:840} INFO - DAG(s) 'example_branch_python_operator_decorator' retrieved from /home/airflow/.local/lib/python3.8/site-packages/airflow/example_dags/example_branch_operator_decorator.py
[2025-08-02T03:07:11.063+0000] {logging_mixin.py:188} INFO - [2025-08-02T03:07:11.062+0000] {dag.py:3047} INFO - Sync 1 DAGs
[2025-08-02T03:07:11.119+0000] {logging_mixin.py:188} INFO - [2025-08-02T03:07:11.118+0000] {dag.py:3834} INFO - Setting next_dagrun for example_branch_python_operator_decorator to 2025-08-01 00:00:00+00:00, run_after=2025-08-02 00:00:00+00:00
[2025-08-02T03:07:11.148+0000] {processor.py:183} INFO - Processing /home/airflow/.local/lib/python3.8/site-packages/airflow/example_dags/example_branch_operator_decorator.py took 0.255 seconds
[2025-08-02T03:07:42.130+0000] {processor.py:161} INFO - Started process (PID=1262) to work on /home/airflow/.local/lib/python3.8/site-packages/airflow/example_dags/example_branch_operator_decorator.py
[2025-08-02T03:07:42.132+0000] {processor.py:830} INFO - Processing file /home/airflow/.local/lib/python3.8/site-packages/airflow/example_dags/example_branch_operator_decorator.py for tasks to queue
[2025-08-02T03:07:42.134+0000] {logging_mixin.py:188} INFO - [2025-08-02T03:07:42.134+0000] {dagbag.py:540} INFO - Filling up the DagBag from /home/airflow/.local/lib/python3.8/site-packages/airflow/example_dags/example_branch_operator_decorator.py
[2025-08-02T03:07:42.163+0000] {processor.py:840} INFO - DAG(s) 'example_branch_python_operator_decorator' retrieved from /home/airflow/.local/lib/python3.8/site-packages/airflow/example_dags/example_branch_operator_decorator.py
[2025-08-02T03:07:42.209+0000] {logging_mixin.py:188} INFO - [2025-08-02T03:07:42.209+0000] {dag.py:3047} INFO - Sync 1 DAGs
[2025-08-02T03:07:42.240+0000] {logging_mixin.py:188} INFO - [2025-08-02T03:07:42.240+0000] {dag.py:3834} INFO - Setting next_dagrun for example_branch_python_operator_decorator to 2025-08-01 00:00:00+00:00, run_after=2025-08-02 00:00:00+00:00
[2025-08-02T03:07:42.260+0000] {processor.py:183} INFO - Processing /home/airflow/.local/lib/python3.8/site-packages/airflow/example_dags/example_branch_operator_decorator.py took 0.133 seconds
[2025-08-02T03:09:04.891+0000] {processor.py:161} INFO - Started process (PID=95) to work on /home/airflow/.local/lib/python3.8/site-packages/airflow/example_dags/example_branch_operator_decorator.py
[2025-08-02T03:09:04.970+0000] {processor.py:830} INFO - Processing file /home/airflow/.local/lib/python3.8/site-packages/airflow/example_dags/example_branch_operator_decorator.py for tasks to queue
[2025-08-02T03:09:04.982+0000] {logging_mixin.py:188} INFO - [2025-08-02T03:09:04.981+0000] {dagbag.py:540} INFO - Filling up the DagBag from /home/airflow/.local/lib/python3.8/site-packages/airflow/example_dags/example_branch_operator_decorator.py
[2025-08-02T03:09:05.189+0000] {processor.py:840} INFO - DAG(s) 'example_branch_python_operator_decorator' retrieved from /home/airflow/.local/lib/python3.8/site-packages/airflow/example_dags/example_branch_operator_decorator.py
[2025-08-02T03:09:05.795+0000] {logging_mixin.py:188} INFO - [2025-08-02T03:09:05.794+0000] {dag.py:3047} INFO - Sync 1 DAGs
[2025-08-02T03:09:05.897+0000] {logging_mixin.py:188} INFO - [2025-08-02T03:09:05.896+0000] {dag.py:3834} INFO - Setting next_dagrun for example_branch_python_operator_decorator to 2025-08-01 00:00:00+00:00, run_after=2025-08-02 00:00:00+00:00
[2025-08-02T03:09:06.003+0000] {processor.py:183} INFO - Processing /home/airflow/.local/lib/python3.8/site-packages/airflow/example_dags/example_branch_operator_decorator.py took 1.134 seconds
[2025-08-02T03:09:37.319+0000] {processor.py:161} INFO - Started process (PID=151) to work on /home/airflow/.local/lib/python3.8/site-packages/airflow/example_dags/example_branch_operator_decorator.py
[2025-08-02T03:09:37.323+0000] {processor.py:830} INFO - Processing file /home/airflow/.local/lib/python3.8/site-packages/airflow/example_dags/example_branch_operator_decorator.py for tasks to queue
[2025-08-02T03:09:37.329+0000] {logging_mixin.py:188} INFO - [2025-08-02T03:09:37.328+0000] {dagbag.py:540} INFO - Filling up the DagBag from /home/airflow/.local/lib/python3.8/site-packages/airflow/example_dags/example_branch_operator_decorator.py
[2025-08-02T03:09:37.422+0000] {processor.py:840} INFO - DAG(s) 'example_branch_python_operator_decorator' retrieved from /home/airflow/.local/lib/python3.8/site-packages/airflow/example_dags/example_branch_operator_decorator.py
[2025-08-02T03:09:37.509+0000] {logging_mixin.py:188} INFO - [2025-08-02T03:09:37.508+0000] {dag.py:3047} INFO - Sync 1 DAGs
[2025-08-02T03:09:37.561+0000] {logging_mixin.py:188} INFO - [2025-08-02T03:09:37.561+0000] {dag.py:3834} INFO - Setting next_dagrun for example_branch_python_operator_decorator to 2025-08-01 00:00:00+00:00, run_after=2025-08-02 00:00:00+00:00
[2025-08-02T03:09:37.658+0000] {processor.py:183} INFO - Processing /home/airflow/.local/lib/python3.8/site-packages/airflow/example_dags/example_branch_operator_decorator.py took 0.354 seconds
[2025-08-02T03:10:08.386+0000] {processor.py:161} INFO - Started process (PID=206) to work on /home/airflow/.local/lib/python3.8/site-packages/airflow/example_dags/example_branch_operator_decorator.py
[2025-08-02T03:10:08.392+0000] {processor.py:830} INFO - Processing file /home/airflow/.local/lib/python3.8/site-packages/airflow/example_dags/example_branch_operator_decorator.py for tasks to queue
[2025-08-02T03:10:08.402+0000] {logging_mixin.py:188} INFO - [2025-08-02T03:10:08.401+0000] {dagbag.py:540} INFO - Filling up the DagBag from /home/airflow/.local/lib/python3.8/site-packages/airflow/example_dags/example_branch_operator_decorator.py
[2025-08-02T03:10:08.486+0000] {processor.py:840} INFO - DAG(s) 'example_branch_python_operator_decorator' retrieved from /home/airflow/.local/lib/python3.8/site-packages/airflow/example_dags/example_branch_operator_decorator.py
[2025-08-02T03:10:08.542+0000] {logging_mixin.py:188} INFO - [2025-08-02T03:10:08.541+0000] {dag.py:3047} INFO - Sync 1 DAGs
[2025-08-02T03:10:08.606+0000] {logging_mixin.py:188} INFO - [2025-08-02T03:10:08.605+0000] {dag.py:3834} INFO - Setting next_dagrun for example_branch_python_operator_decorator to 2025-08-01 00:00:00+00:00, run_after=2025-08-02 00:00:00+00:00
[2025-08-02T03:10:08.645+0000] {processor.py:183} INFO - Processing /home/airflow/.local/lib/python3.8/site-packages/airflow/example_dags/example_branch_operator_decorator.py took 0.302 seconds
[2025-08-02T03:10:38.757+0000] {processor.py:161} INFO - Started process (PID=262) to work on /home/airflow/.local/lib/python3.8/site-packages/airflow/example_dags/example_branch_operator_decorator.py
[2025-08-02T03:10:38.760+0000] {processor.py:830} INFO - Processing file /home/airflow/.local/lib/python3.8/site-packages/airflow/example_dags/example_branch_operator_decorator.py for tasks to queue
[2025-08-02T03:10:38.765+0000] {logging_mixin.py:188} INFO - [2025-08-02T03:10:38.764+0000] {dagbag.py:540} INFO - Filling up the DagBag from /home/airflow/.local/lib/python3.8/site-packages/airflow/example_dags/example_branch_operator_decorator.py
[2025-08-02T03:10:38.832+0000] {processor.py:840} INFO - DAG(s) 'example_branch_python_operator_decorator' retrieved from /home/airflow/.local/lib/python3.8/site-packages/airflow/example_dags/example_branch_operator_decorator.py
[2025-08-02T03:10:38.862+0000] {logging_mixin.py:188} INFO - [2025-08-02T03:10:38.862+0000] {dag.py:3047} INFO - Sync 1 DAGs
[2025-08-02T03:10:38.909+0000] {logging_mixin.py:188} INFO - [2025-08-02T03:10:38.909+0000] {dag.py:3834} INFO - Setting next_dagrun for example_branch_python_operator_decorator to 2025-08-01 00:00:00+00:00, run_after=2025-08-02 00:00:00+00:00
[2025-08-02T03:10:38.928+0000] {processor.py:183} INFO - Processing /home/airflow/.local/lib/python3.8/site-packages/airflow/example_dags/example_branch_operator_decorator.py took 0.182 seconds
[2025-08-02T03:11:09.073+0000] {processor.py:161} INFO - Started process (PID=318) to work on /home/airflow/.local/lib/python3.8/site-packages/airflow/example_dags/example_branch_operator_decorator.py
[2025-08-02T03:11:09.075+0000] {processor.py:830} INFO - Processing file /home/airflow/.local/lib/python3.8/site-packages/airflow/example_dags/example_branch_operator_decorator.py for tasks to queue
[2025-08-02T03:11:09.077+0000] {logging_mixin.py:188} INFO - [2025-08-02T03:11:09.077+0000] {dagbag.py:540} INFO - Filling up the DagBag from /home/airflow/.local/lib/python3.8/site-packages/airflow/example_dags/example_branch_operator_decorator.py
[2025-08-02T03:11:09.117+0000] {processor.py:840} INFO - DAG(s) 'example_branch_python_operator_decorator' retrieved from /home/airflow/.local/lib/python3.8/site-packages/airflow/example_dags/example_branch_operator_decorator.py
[2025-08-02T03:11:09.158+0000] {logging_mixin.py:188} INFO - [2025-08-02T03:11:09.157+0000] {dag.py:3047} INFO - Sync 1 DAGs
[2025-08-02T03:11:09.214+0000] {logging_mixin.py:188} INFO - [2025-08-02T03:11:09.213+0000] {dag.py:3834} INFO - Setting next_dagrun for example_branch_python_operator_decorator to 2025-08-01 00:00:00+00:00, run_after=2025-08-02 00:00:00+00:00
[2025-08-02T03:11:09.241+0000] {processor.py:183} INFO - Processing /home/airflow/.local/lib/python3.8/site-packages/airflow/example_dags/example_branch_operator_decorator.py took 0.171 seconds
[2025-08-02T03:11:39.675+0000] {processor.py:161} INFO - Started process (PID=374) to work on /home/airflow/.local/lib/python3.8/site-packages/airflow/example_dags/example_branch_operator_decorator.py
[2025-08-02T03:11:39.676+0000] {processor.py:830} INFO - Processing file /home/airflow/.local/lib/python3.8/site-packages/airflow/example_dags/example_branch_operator_decorator.py for tasks to queue
[2025-08-02T03:11:39.679+0000] {logging_mixin.py:188} INFO - [2025-08-02T03:11:39.678+0000] {dagbag.py:540} INFO - Filling up the DagBag from /home/airflow/.local/lib/python3.8/site-packages/airflow/example_dags/example_branch_operator_decorator.py
[2025-08-02T03:11:39.704+0000] {processor.py:840} INFO - DAG(s) 'example_branch_python_operator_decorator' retrieved from /home/airflow/.local/lib/python3.8/site-packages/airflow/example_dags/example_branch_operator_decorator.py
[2025-08-02T03:11:39.743+0000] {logging_mixin.py:188} INFO - [2025-08-02T03:11:39.743+0000] {dag.py:3047} INFO - Sync 1 DAGs
[2025-08-02T03:11:39.769+0000] {logging_mixin.py:188} INFO - [2025-08-02T03:11:39.769+0000] {dag.py:3834} INFO - Setting next_dagrun for example_branch_python_operator_decorator to 2025-08-01 00:00:00+00:00, run_after=2025-08-02 00:00:00+00:00
[2025-08-02T03:11:39.822+0000] {processor.py:183} INFO - Processing /home/airflow/.local/lib/python3.8/site-packages/airflow/example_dags/example_branch_operator_decorator.py took 0.153 seconds
[2025-08-02T03:12:10.245+0000] {processor.py:161} INFO - Started process (PID=430) to work on /home/airflow/.local/lib/python3.8/site-packages/airflow/example_dags/example_branch_operator_decorator.py
[2025-08-02T03:12:10.246+0000] {processor.py:830} INFO - Processing file /home/airflow/.local/lib/python3.8/site-packages/airflow/example_dags/example_branch_operator_decorator.py for tasks to queue
[2025-08-02T03:12:10.249+0000] {logging_mixin.py:188} INFO - [2025-08-02T03:12:10.248+0000] {dagbag.py:540} INFO - Filling up the DagBag from /home/airflow/.local/lib/python3.8/site-packages/airflow/example_dags/example_branch_operator_decorator.py
[2025-08-02T03:12:10.277+0000] {processor.py:840} INFO - DAG(s) 'example_branch_python_operator_decorator' retrieved from /home/airflow/.local/lib/python3.8/site-packages/airflow/example_dags/example_branch_operator_decorator.py
[2025-08-02T03:12:10.514+0000] {logging_mixin.py:188} INFO - [2025-08-02T03:12:10.491+0000] {dag.py:3047} INFO - Sync 1 DAGs
[2025-08-02T03:12:10.710+0000] {logging_mixin.py:188} INFO - [2025-08-02T03:12:10.706+0000] {dag.py:3834} INFO - Setting next_dagrun for example_branch_python_operator_decorator to 2025-08-01 00:00:00+00:00, run_after=2025-08-02 00:00:00+00:00
[2025-08-02T03:12:10.849+0000] {processor.py:183} INFO - Processing /home/airflow/.local/lib/python3.8/site-packages/airflow/example_dags/example_branch_operator_decorator.py took 0.606 seconds
[2025-08-02T03:12:41.275+0000] {processor.py:161} INFO - Started process (PID=486) to work on /home/airflow/.local/lib/python3.8/site-packages/airflow/example_dags/example_branch_operator_decorator.py
[2025-08-02T03:12:41.276+0000] {processor.py:830} INFO - Processing file /home/airflow/.local/lib/python3.8/site-packages/airflow/example_dags/example_branch_operator_decorator.py for tasks to queue
[2025-08-02T03:12:41.277+0000] {logging_mixin.py:188} INFO - [2025-08-02T03:12:41.277+0000] {dagbag.py:540} INFO - Filling up the DagBag from /home/airflow/.local/lib/python3.8/site-packages/airflow/example_dags/example_branch_operator_decorator.py
[2025-08-02T03:12:41.292+0000] {processor.py:840} INFO - DAG(s) 'example_branch_python_operator_decorator' retrieved from /home/airflow/.local/lib/python3.8/site-packages/airflow/example_dags/example_branch_operator_decorator.py
[2025-08-02T03:12:41.321+0000] {logging_mixin.py:188} INFO - [2025-08-02T03:12:41.321+0000] {dag.py:3047} INFO - Sync 1 DAGs
[2025-08-02T03:12:41.345+0000] {logging_mixin.py:188} INFO - [2025-08-02T03:12:41.344+0000] {dag.py:3834} INFO - Setting next_dagrun for example_branch_python_operator_decorator to 2025-08-01 00:00:00+00:00, run_after=2025-08-02 00:00:00+00:00
[2025-08-02T03:12:41.355+0000] {processor.py:183} INFO - Processing /home/airflow/.local/lib/python3.8/site-packages/airflow/example_dags/example_branch_operator_decorator.py took 0.082 seconds
[2025-08-02T03:13:12.252+0000] {processor.py:161} INFO - Started process (PID=542) to work on /home/airflow/.local/lib/python3.8/site-packages/airflow/example_dags/example_branch_operator_decorator.py
[2025-08-02T03:13:12.253+0000] {processor.py:830} INFO - Processing file /home/airflow/.local/lib/python3.8/site-packages/airflow/example_dags/example_branch_operator_decorator.py for tasks to queue
[2025-08-02T03:13:12.255+0000] {logging_mixin.py:188} INFO - [2025-08-02T03:13:12.255+0000] {dagbag.py:540} INFO - Filling up the DagBag from /home/airflow/.local/lib/python3.8/site-packages/airflow/example_dags/example_branch_operator_decorator.py
[2025-08-02T03:13:12.281+0000] {processor.py:840} INFO - DAG(s) 'example_branch_python_operator_decorator' retrieved from /home/airflow/.local/lib/python3.8/site-packages/airflow/example_dags/example_branch_operator_decorator.py
[2025-08-02T03:13:12.307+0000] {logging_mixin.py:188} INFO - [2025-08-02T03:13:12.307+0000] {dag.py:3047} INFO - Sync 1 DAGs
[2025-08-02T03:13:12.326+0000] {logging_mixin.py:188} INFO - [2025-08-02T03:13:12.326+0000] {dag.py:3834} INFO - Setting next_dagrun for example_branch_python_operator_decorator to 2025-08-01 00:00:00+00:00, run_after=2025-08-02 00:00:00+00:00
[2025-08-02T03:13:12.340+0000] {processor.py:183} INFO - Processing /home/airflow/.local/lib/python3.8/site-packages/airflow/example_dags/example_branch_operator_decorator.py took 0.091 seconds
[2025-08-02T03:13:43.003+0000] {processor.py:161} INFO - Started process (PID=598) to work on /home/airflow/.local/lib/python3.8/site-packages/airflow/example_dags/example_branch_operator_decorator.py
[2025-08-02T03:13:43.004+0000] {processor.py:830} INFO - Processing file /home/airflow/.local/lib/python3.8/site-packages/airflow/example_dags/example_branch_operator_decorator.py for tasks to queue
[2025-08-02T03:13:43.005+0000] {logging_mixin.py:188} INFO - [2025-08-02T03:13:43.005+0000] {dagbag.py:540} INFO - Filling up the DagBag from /home/airflow/.local/lib/python3.8/site-packages/airflow/example_dags/example_branch_operator_decorator.py
[2025-08-02T03:13:43.018+0000] {processor.py:840} INFO - DAG(s) 'example_branch_python_operator_decorator' retrieved from /home/airflow/.local/lib/python3.8/site-packages/airflow/example_dags/example_branch_operator_decorator.py
[2025-08-02T03:13:43.050+0000] {logging_mixin.py:188} INFO - [2025-08-02T03:13:43.050+0000] {dag.py:3047} INFO - Sync 1 DAGs
[2025-08-02T03:13:43.070+0000] {logging_mixin.py:188} INFO - [2025-08-02T03:13:43.070+0000] {dag.py:3834} INFO - Setting next_dagrun for example_branch_python_operator_decorator to 2025-08-01 00:00:00+00:00, run_after=2025-08-02 00:00:00+00:00
[2025-08-02T03:13:43.095+0000] {processor.py:183} INFO - Processing /home/airflow/.local/lib/python3.8/site-packages/airflow/example_dags/example_branch_operator_decorator.py took 0.095 seconds
[2025-08-02T03:14:13.601+0000] {processor.py:161} INFO - Started process (PID=654) to work on /home/airflow/.local/lib/python3.8/site-packages/airflow/example_dags/example_branch_operator_decorator.py
[2025-08-02T03:14:13.604+0000] {processor.py:830} INFO - Processing file /home/airflow/.local/lib/python3.8/site-packages/airflow/example_dags/example_branch_operator_decorator.py for tasks to queue
[2025-08-02T03:14:13.607+0000] {logging_mixin.py:188} INFO - [2025-08-02T03:14:13.606+0000] {dagbag.py:540} INFO - Filling up the DagBag from /home/airflow/.local/lib/python3.8/site-packages/airflow/example_dags/example_branch_operator_decorator.py
[2025-08-02T03:14:13.627+0000] {processor.py:840} INFO - DAG(s) 'example_branch_python_operator_decorator' retrieved from /home/airflow/.local/lib/python3.8/site-packages/airflow/example_dags/example_branch_operator_decorator.py
[2025-08-02T03:14:13.742+0000] {logging_mixin.py:188} INFO - [2025-08-02T03:14:13.740+0000] {dag.py:3047} INFO - Sync 1 DAGs
[2025-08-02T03:14:13.894+0000] {logging_mixin.py:188} INFO - [2025-08-02T03:14:13.893+0000] {dag.py:3834} INFO - Setting next_dagrun for example_branch_python_operator_decorator to 2025-08-01 00:00:00+00:00, run_after=2025-08-02 00:00:00+00:00
[2025-08-02T03:14:13.960+0000] {processor.py:183} INFO - Processing /home/airflow/.local/lib/python3.8/site-packages/airflow/example_dags/example_branch_operator_decorator.py took 0.369 seconds
[2025-08-02T03:14:45.103+0000] {processor.py:161} INFO - Started process (PID=710) to work on /home/airflow/.local/lib/python3.8/site-packages/airflow/example_dags/example_branch_operator_decorator.py
[2025-08-02T03:14:45.110+0000] {processor.py:830} INFO - Processing file /home/airflow/.local/lib/python3.8/site-packages/airflow/example_dags/example_branch_operator_decorator.py for tasks to queue
[2025-08-02T03:14:45.152+0000] {logging_mixin.py:188} INFO - [2025-08-02T03:14:45.149+0000] {dagbag.py:540} INFO - Filling up the DagBag from /home/airflow/.local/lib/python3.8/site-packages/airflow/example_dags/example_branch_operator_decorator.py
[2025-08-02T03:14:45.387+0000] {processor.py:840} INFO - DAG(s) 'example_branch_python_operator_decorator' retrieved from /home/airflow/.local/lib/python3.8/site-packages/airflow/example_dags/example_branch_operator_decorator.py
