[2025-08-02T01:42:45.902+0000] {processor.py:161} INFO - Started process (PID=105) to work on /home/airflow/.local/lib/python3.8/site-packages/airflow/example_dags/example_complex.py
[2025-08-02T01:42:45.905+0000] {processor.py:830} INFO - Processing file /home/airflow/.local/lib/python3.8/site-packages/airflow/example_dags/example_complex.py for tasks to queue
[2025-08-02T01:42:45.908+0000] {logging_mixin.py:188} INFO - [2025-08-02T01:42:45.908+0000] {dagbag.py:540} INFO - Filling up the DagBag from /home/airflow/.local/lib/python3.8/site-packages/airflow/example_dags/example_complex.py
[2025-08-02T01:42:45.926+0000] {processor.py:840} INFO - DAG(s) 'example_complex' retrieved from /home/airflow/.local/lib/python3.8/site-packages/airflow/example_dags/example_complex.py
[2025-08-02T01:42:46.072+0000] {logging_mixin.py:188} INFO - [2025-08-02T01:42:46.072+0000] {dag.py:3047} INFO - Sync 1 DAGs
[2025-08-02T01:42:46.088+0000] {logging_mixin.py:188} INFO - [2025-08-02T01:42:46.087+0000] {dag.py:3834} INFO - Setting next_dagrun for example_complex to None, run_after=None
[2025-08-02T01:42:46.109+0000] {processor.py:183} INFO - Processing /home/airflow/.local/lib/python3.8/site-packages/airflow/example_dags/example_complex.py took 0.211 seconds
[2025-08-02T01:43:16.613+0000] {processor.py:161} INFO - Started process (PID=161) to work on /home/airflow/.local/lib/python3.8/site-packages/airflow/example_dags/example_complex.py
[2025-08-02T01:43:16.614+0000] {processor.py:830} INFO - Processing file /home/airflow/.local/lib/python3.8/site-packages/airflow/example_dags/example_complex.py for tasks to queue
[2025-08-02T01:43:16.619+0000] {logging_mixin.py:188} INFO - [2025-08-02T01:43:16.619+0000] {dagbag.py:540} INFO - Filling up the DagBag from /home/airflow/.local/lib/python3.8/site-packages/airflow/example_dags/example_complex.py
[2025-08-02T01:43:16.630+0000] {processor.py:840} INFO - DAG(s) 'example_complex' retrieved from /home/airflow/.local/lib/python3.8/site-packages/airflow/example_dags/example_complex.py
[2025-08-02T01:43:16.668+0000] {logging_mixin.py:188} INFO - [2025-08-02T01:43:16.668+0000] {dag.py:3047} INFO - Sync 1 DAGs
[2025-08-02T01:43:16.695+0000] {logging_mixin.py:188} INFO - [2025-08-02T01:43:16.694+0000] {dag.py:3834} INFO - Setting next_dagrun for example_complex to None, run_after=None
[2025-08-02T01:43:16.723+0000] {processor.py:183} INFO - Processing /home/airflow/.local/lib/python3.8/site-packages/airflow/example_dags/example_complex.py took 0.112 seconds
[2025-08-02T01:43:46.976+0000] {processor.py:161} INFO - Started process (PID=217) to work on /home/airflow/.local/lib/python3.8/site-packages/airflow/example_dags/example_complex.py
[2025-08-02T01:43:46.977+0000] {processor.py:830} INFO - Processing file /home/airflow/.local/lib/python3.8/site-packages/airflow/example_dags/example_complex.py for tasks to queue
[2025-08-02T01:43:46.978+0000] {logging_mixin.py:188} INFO - [2025-08-02T01:43:46.978+0000] {dagbag.py:540} INFO - Filling up the DagBag from /home/airflow/.local/lib/python3.8/site-packages/airflow/example_dags/example_complex.py
[2025-08-02T01:43:46.986+0000] {processor.py:840} INFO - DAG(s) 'example_complex' retrieved from /home/airflow/.local/lib/python3.8/site-packages/airflow/example_dags/example_complex.py
[2025-08-02T01:43:47.004+0000] {logging_mixin.py:188} INFO - [2025-08-02T01:43:47.004+0000] {dag.py:3047} INFO - Sync 1 DAGs
[2025-08-02T01:43:47.011+0000] {logging_mixin.py:188} INFO - [2025-08-02T01:43:47.011+0000] {dag.py:3834} INFO - Setting next_dagrun for example_complex to None, run_after=None
[2025-08-02T01:43:47.022+0000] {processor.py:183} INFO - Processing /home/airflow/.local/lib/python3.8/site-packages/airflow/example_dags/example_complex.py took 0.050 seconds
[2025-08-02T01:44:18.105+0000] {processor.py:161} INFO - Started process (PID=273) to work on /home/airflow/.local/lib/python3.8/site-packages/airflow/example_dags/example_complex.py
[2025-08-02T01:44:18.106+0000] {processor.py:830} INFO - Processing file /home/airflow/.local/lib/python3.8/site-packages/airflow/example_dags/example_complex.py for tasks to queue
[2025-08-02T01:44:18.108+0000] {logging_mixin.py:188} INFO - [2025-08-02T01:44:18.108+0000] {dagbag.py:540} INFO - Filling up the DagBag from /home/airflow/.local/lib/python3.8/site-packages/airflow/example_dags/example_complex.py
[2025-08-02T01:44:18.117+0000] {processor.py:840} INFO - DAG(s) 'example_complex' retrieved from /home/airflow/.local/lib/python3.8/site-packages/airflow/example_dags/example_complex.py
[2025-08-02T01:44:18.177+0000] {logging_mixin.py:188} INFO - [2025-08-02T01:44:18.176+0000] {dag.py:3047} INFO - Sync 1 DAGs
[2025-08-02T01:44:18.193+0000] {logging_mixin.py:188} INFO - [2025-08-02T01:44:18.193+0000] {dag.py:3834} INFO - Setting next_dagrun for example_complex to None, run_after=None
[2025-08-02T01:44:18.225+0000] {processor.py:183} INFO - Processing /home/airflow/.local/lib/python3.8/site-packages/airflow/example_dags/example_complex.py took 0.123 seconds
[2025-08-02T01:44:48.960+0000] {processor.py:161} INFO - Started process (PID=329) to work on /home/airflow/.local/lib/python3.8/site-packages/airflow/example_dags/example_complex.py
[2025-08-02T01:44:48.961+0000] {processor.py:830} INFO - Processing file /home/airflow/.local/lib/python3.8/site-packages/airflow/example_dags/example_complex.py for tasks to queue
[2025-08-02T01:44:48.963+0000] {logging_mixin.py:188} INFO - [2025-08-02T01:44:48.962+0000] {dagbag.py:540} INFO - Filling up the DagBag from /home/airflow/.local/lib/python3.8/site-packages/airflow/example_dags/example_complex.py
[2025-08-02T01:44:48.975+0000] {processor.py:840} INFO - DAG(s) 'example_complex' retrieved from /home/airflow/.local/lib/python3.8/site-packages/airflow/example_dags/example_complex.py
[2025-08-02T01:44:48.998+0000] {logging_mixin.py:188} INFO - [2025-08-02T01:44:48.998+0000] {dag.py:3047} INFO - Sync 1 DAGs
[2025-08-02T01:44:49.009+0000] {logging_mixin.py:188} INFO - [2025-08-02T01:44:49.008+0000] {dag.py:3834} INFO - Setting next_dagrun for example_complex to None, run_after=None
[2025-08-02T01:44:49.019+0000] {processor.py:183} INFO - Processing /home/airflow/.local/lib/python3.8/site-packages/airflow/example_dags/example_complex.py took 0.062 seconds
[2025-08-02T01:45:20.045+0000] {processor.py:161} INFO - Started process (PID=385) to work on /home/airflow/.local/lib/python3.8/site-packages/airflow/example_dags/example_complex.py
[2025-08-02T01:45:20.048+0000] {processor.py:830} INFO - Processing file /home/airflow/.local/lib/python3.8/site-packages/airflow/example_dags/example_complex.py for tasks to queue
[2025-08-02T01:45:20.049+0000] {logging_mixin.py:188} INFO - [2025-08-02T01:45:20.049+0000] {dagbag.py:540} INFO - Filling up the DagBag from /home/airflow/.local/lib/python3.8/site-packages/airflow/example_dags/example_complex.py
[2025-08-02T01:45:20.058+0000] {processor.py:840} INFO - DAG(s) 'example_complex' retrieved from /home/airflow/.local/lib/python3.8/site-packages/airflow/example_dags/example_complex.py
[2025-08-02T01:45:20.080+0000] {logging_mixin.py:188} INFO - [2025-08-02T01:45:20.080+0000] {dag.py:3047} INFO - Sync 1 DAGs
[2025-08-02T01:45:20.088+0000] {logging_mixin.py:188} INFO - [2025-08-02T01:45:20.088+0000] {dag.py:3834} INFO - Setting next_dagrun for example_complex to None, run_after=None
[2025-08-02T01:45:20.118+0000] {processor.py:183} INFO - Processing /home/airflow/.local/lib/python3.8/site-packages/airflow/example_dags/example_complex.py took 0.075 seconds
[2025-08-02T01:45:50.513+0000] {processor.py:161} INFO - Started process (PID=441) to work on /home/airflow/.local/lib/python3.8/site-packages/airflow/example_dags/example_complex.py
[2025-08-02T01:45:50.515+0000] {processor.py:830} INFO - Processing file /home/airflow/.local/lib/python3.8/site-packages/airflow/example_dags/example_complex.py for tasks to queue
[2025-08-02T01:45:50.517+0000] {logging_mixin.py:188} INFO - [2025-08-02T01:45:50.517+0000] {dagbag.py:540} INFO - Filling up the DagBag from /home/airflow/.local/lib/python3.8/site-packages/airflow/example_dags/example_complex.py
[2025-08-02T01:45:50.526+0000] {processor.py:840} INFO - DAG(s) 'example_complex' retrieved from /home/airflow/.local/lib/python3.8/site-packages/airflow/example_dags/example_complex.py
[2025-08-02T01:45:50.544+0000] {logging_mixin.py:188} INFO - [2025-08-02T01:45:50.544+0000] {dag.py:3047} INFO - Sync 1 DAGs
[2025-08-02T01:45:50.550+0000] {logging_mixin.py:188} INFO - [2025-08-02T01:45:50.550+0000] {dag.py:3834} INFO - Setting next_dagrun for example_complex to None, run_after=None
[2025-08-02T01:45:50.559+0000] {processor.py:183} INFO - Processing /home/airflow/.local/lib/python3.8/site-packages/airflow/example_dags/example_complex.py took 0.049 seconds
[2025-08-02T01:46:21.405+0000] {processor.py:161} INFO - Started process (PID=498) to work on /home/airflow/.local/lib/python3.8/site-packages/airflow/example_dags/example_complex.py
[2025-08-02T01:46:21.406+0000] {processor.py:830} INFO - Processing file /home/airflow/.local/lib/python3.8/site-packages/airflow/example_dags/example_complex.py for tasks to queue
[2025-08-02T01:46:21.408+0000] {logging_mixin.py:188} INFO - [2025-08-02T01:46:21.408+0000] {dagbag.py:540} INFO - Filling up the DagBag from /home/airflow/.local/lib/python3.8/site-packages/airflow/example_dags/example_complex.py
[2025-08-02T01:46:21.424+0000] {processor.py:840} INFO - DAG(s) 'example_complex' retrieved from /home/airflow/.local/lib/python3.8/site-packages/airflow/example_dags/example_complex.py
[2025-08-02T01:46:21.468+0000] {logging_mixin.py:188} INFO - [2025-08-02T01:46:21.468+0000] {dag.py:3047} INFO - Sync 1 DAGs
[2025-08-02T01:46:21.498+0000] {logging_mixin.py:188} INFO - [2025-08-02T01:46:21.495+0000] {dag.py:3834} INFO - Setting next_dagrun for example_complex to None, run_after=None
[2025-08-02T01:46:21.580+0000] {processor.py:183} INFO - Processing /home/airflow/.local/lib/python3.8/site-packages/airflow/example_dags/example_complex.py took 0.178 seconds
[2025-08-02T01:46:51.754+0000] {processor.py:161} INFO - Started process (PID=555) to work on /home/airflow/.local/lib/python3.8/site-packages/airflow/example_dags/example_complex.py
[2025-08-02T01:46:51.754+0000] {processor.py:830} INFO - Processing file /home/airflow/.local/lib/python3.8/site-packages/airflow/example_dags/example_complex.py for tasks to queue
[2025-08-02T01:46:51.755+0000] {logging_mixin.py:188} INFO - [2025-08-02T01:46:51.755+0000] {dagbag.py:540} INFO - Filling up the DagBag from /home/airflow/.local/lib/python3.8/site-packages/airflow/example_dags/example_complex.py
[2025-08-02T01:46:51.761+0000] {processor.py:840} INFO - DAG(s) 'example_complex' retrieved from /home/airflow/.local/lib/python3.8/site-packages/airflow/example_dags/example_complex.py
[2025-08-02T01:46:51.777+0000] {logging_mixin.py:188} INFO - [2025-08-02T01:46:51.777+0000] {dag.py:3047} INFO - Sync 1 DAGs
[2025-08-02T01:46:51.783+0000] {logging_mixin.py:188} INFO - [2025-08-02T01:46:51.783+0000] {dag.py:3834} INFO - Setting next_dagrun for example_complex to None, run_after=None
[2025-08-02T01:46:51.792+0000] {processor.py:183} INFO - Processing /home/airflow/.local/lib/python3.8/site-packages/airflow/example_dags/example_complex.py took 0.040 seconds
[2025-08-02T01:47:22.357+0000] {processor.py:161} INFO - Started process (PID=611) to work on /home/airflow/.local/lib/python3.8/site-packages/airflow/example_dags/example_complex.py
[2025-08-02T01:47:22.358+0000] {processor.py:830} INFO - Processing file /home/airflow/.local/lib/python3.8/site-packages/airflow/example_dags/example_complex.py for tasks to queue
[2025-08-02T01:47:22.360+0000] {logging_mixin.py:188} INFO - [2025-08-02T01:47:22.360+0000] {dagbag.py:540} INFO - Filling up the DagBag from /home/airflow/.local/lib/python3.8/site-packages/airflow/example_dags/example_complex.py
[2025-08-02T01:47:22.367+0000] {processor.py:840} INFO - DAG(s) 'example_complex' retrieved from /home/airflow/.local/lib/python3.8/site-packages/airflow/example_dags/example_complex.py
[2025-08-02T01:47:22.388+0000] {logging_mixin.py:188} INFO - [2025-08-02T01:47:22.387+0000] {dag.py:3047} INFO - Sync 1 DAGs
[2025-08-02T01:47:22.395+0000] {logging_mixin.py:188} INFO - [2025-08-02T01:47:22.395+0000] {dag.py:3834} INFO - Setting next_dagrun for example_complex to None, run_after=None
[2025-08-02T01:47:22.410+0000] {processor.py:183} INFO - Processing /home/airflow/.local/lib/python3.8/site-packages/airflow/example_dags/example_complex.py took 0.056 seconds
[2025-08-02T01:47:53.322+0000] {processor.py:161} INFO - Started process (PID=667) to work on /home/airflow/.local/lib/python3.8/site-packages/airflow/example_dags/example_complex.py
[2025-08-02T01:47:53.322+0000] {processor.py:830} INFO - Processing file /home/airflow/.local/lib/python3.8/site-packages/airflow/example_dags/example_complex.py for tasks to queue
[2025-08-02T01:47:53.324+0000] {logging_mixin.py:188} INFO - [2025-08-02T01:47:53.323+0000] {dagbag.py:540} INFO - Filling up the DagBag from /home/airflow/.local/lib/python3.8/site-packages/airflow/example_dags/example_complex.py
[2025-08-02T01:47:53.331+0000] {processor.py:840} INFO - DAG(s) 'example_complex' retrieved from /home/airflow/.local/lib/python3.8/site-packages/airflow/example_dags/example_complex.py
[2025-08-02T01:47:53.376+0000] {logging_mixin.py:188} INFO - [2025-08-02T01:47:53.375+0000] {dag.py:3047} INFO - Sync 1 DAGs
[2025-08-02T01:47:53.384+0000] {logging_mixin.py:188} INFO - [2025-08-02T01:47:53.384+0000] {dag.py:3834} INFO - Setting next_dagrun for example_complex to None, run_after=None
[2025-08-02T01:47:53.407+0000] {processor.py:183} INFO - Processing /home/airflow/.local/lib/python3.8/site-packages/airflow/example_dags/example_complex.py took 0.087 seconds
[2025-08-02T01:48:23.968+0000] {processor.py:161} INFO - Started process (PID=723) to work on /home/airflow/.local/lib/python3.8/site-packages/airflow/example_dags/example_complex.py
[2025-08-02T01:48:23.969+0000] {processor.py:830} INFO - Processing file /home/airflow/.local/lib/python3.8/site-packages/airflow/example_dags/example_complex.py for tasks to queue
[2025-08-02T01:48:23.970+0000] {logging_mixin.py:188} INFO - [2025-08-02T01:48:23.970+0000] {dagbag.py:540} INFO - Filling up the DagBag from /home/airflow/.local/lib/python3.8/site-packages/airflow/example_dags/example_complex.py
[2025-08-02T01:48:23.976+0000] {processor.py:840} INFO - DAG(s) 'example_complex' retrieved from /home/airflow/.local/lib/python3.8/site-packages/airflow/example_dags/example_complex.py
[2025-08-02T01:48:23.996+0000] {logging_mixin.py:188} INFO - [2025-08-02T01:48:23.996+0000] {dag.py:3047} INFO - Sync 1 DAGs
[2025-08-02T01:48:24.003+0000] {logging_mixin.py:188} INFO - [2025-08-02T01:48:24.003+0000] {dag.py:3834} INFO - Setting next_dagrun for example_complex to None, run_after=None
[2025-08-02T01:48:24.018+0000] {processor.py:183} INFO - Processing /home/airflow/.local/lib/python3.8/site-packages/airflow/example_dags/example_complex.py took 0.054 seconds
[2025-08-02T01:48:55.172+0000] {processor.py:161} INFO - Started process (PID=779) to work on /home/airflow/.local/lib/python3.8/site-packages/airflow/example_dags/example_complex.py
[2025-08-02T01:48:55.173+0000] {processor.py:830} INFO - Processing file /home/airflow/.local/lib/python3.8/site-packages/airflow/example_dags/example_complex.py for tasks to queue
[2025-08-02T01:48:55.174+0000] {logging_mixin.py:188} INFO - [2025-08-02T01:48:55.174+0000] {dagbag.py:540} INFO - Filling up the DagBag from /home/airflow/.local/lib/python3.8/site-packages/airflow/example_dags/example_complex.py
[2025-08-02T01:48:55.185+0000] {processor.py:840} INFO - DAG(s) 'example_complex' retrieved from /home/airflow/.local/lib/python3.8/site-packages/airflow/example_dags/example_complex.py
[2025-08-02T01:48:55.207+0000] {logging_mixin.py:188} INFO - [2025-08-02T01:48:55.207+0000] {dag.py:3047} INFO - Sync 1 DAGs
[2025-08-02T01:48:55.215+0000] {logging_mixin.py:188} INFO - [2025-08-02T01:48:55.215+0000] {dag.py:3834} INFO - Setting next_dagrun for example_complex to None, run_after=None
[2025-08-02T01:48:55.227+0000] {processor.py:183} INFO - Processing /home/airflow/.local/lib/python3.8/site-packages/airflow/example_dags/example_complex.py took 0.057 seconds
[2025-08-02T01:49:26.021+0000] {processor.py:161} INFO - Started process (PID=835) to work on /home/airflow/.local/lib/python3.8/site-packages/airflow/example_dags/example_complex.py
[2025-08-02T01:49:26.023+0000] {processor.py:830} INFO - Processing file /home/airflow/.local/lib/python3.8/site-packages/airflow/example_dags/example_complex.py for tasks to queue
[2025-08-02T01:49:26.025+0000] {logging_mixin.py:188} INFO - [2025-08-02T01:49:26.025+0000] {dagbag.py:540} INFO - Filling up the DagBag from /home/airflow/.local/lib/python3.8/site-packages/airflow/example_dags/example_complex.py
[2025-08-02T01:49:26.033+0000] {processor.py:840} INFO - DAG(s) 'example_complex' retrieved from /home/airflow/.local/lib/python3.8/site-packages/airflow/example_dags/example_complex.py
[2025-08-02T01:49:26.059+0000] {logging_mixin.py:188} INFO - [2025-08-02T01:49:26.059+0000] {dag.py:3047} INFO - Sync 1 DAGs
[2025-08-02T01:49:26.069+0000] {logging_mixin.py:188} INFO - [2025-08-02T01:49:26.069+0000] {dag.py:3834} INFO - Setting next_dagrun for example_complex to None, run_after=None
[2025-08-02T01:49:26.084+0000] {processor.py:183} INFO - Processing /home/airflow/.local/lib/python3.8/site-packages/airflow/example_dags/example_complex.py took 0.064 seconds
[2025-08-02T01:49:56.759+0000] {processor.py:161} INFO - Started process (PID=891) to work on /home/airflow/.local/lib/python3.8/site-packages/airflow/example_dags/example_complex.py
[2025-08-02T01:49:56.761+0000] {processor.py:830} INFO - Processing file /home/airflow/.local/lib/python3.8/site-packages/airflow/example_dags/example_complex.py for tasks to queue
[2025-08-02T01:49:56.762+0000] {logging_mixin.py:188} INFO - [2025-08-02T01:49:56.762+0000] {dagbag.py:540} INFO - Filling up the DagBag from /home/airflow/.local/lib/python3.8/site-packages/airflow/example_dags/example_complex.py
[2025-08-02T01:49:56.807+0000] {processor.py:840} INFO - DAG(s) 'example_complex' retrieved from /home/airflow/.local/lib/python3.8/site-packages/airflow/example_dags/example_complex.py
[2025-08-02T01:49:56.883+0000] {logging_mixin.py:188} INFO - [2025-08-02T01:49:56.882+0000] {dag.py:3047} INFO - Sync 1 DAGs
[2025-08-02T01:49:56.926+0000] {logging_mixin.py:188} INFO - [2025-08-02T01:49:56.925+0000] {dag.py:3834} INFO - Setting next_dagrun for example_complex to None, run_after=None
[2025-08-02T01:49:57.013+0000] {processor.py:183} INFO - Processing /home/airflow/.local/lib/python3.8/site-packages/airflow/example_dags/example_complex.py took 0.258 seconds
[2025-08-02T01:50:28.527+0000] {processor.py:161} INFO - Started process (PID=947) to work on /home/airflow/.local/lib/python3.8/site-packages/airflow/example_dags/example_complex.py
[2025-08-02T01:50:28.528+0000] {processor.py:830} INFO - Processing file /home/airflow/.local/lib/python3.8/site-packages/airflow/example_dags/example_complex.py for tasks to queue
[2025-08-02T01:50:28.531+0000] {logging_mixin.py:188} INFO - [2025-08-02T01:50:28.531+0000] {dagbag.py:540} INFO - Filling up the DagBag from /home/airflow/.local/lib/python3.8/site-packages/airflow/example_dags/example_complex.py
[2025-08-02T01:50:28.542+0000] {processor.py:840} INFO - DAG(s) 'example_complex' retrieved from /home/airflow/.local/lib/python3.8/site-packages/airflow/example_dags/example_complex.py
[2025-08-02T01:50:28.578+0000] {logging_mixin.py:188} INFO - [2025-08-02T01:50:28.578+0000] {dag.py:3047} INFO - Sync 1 DAGs
[2025-08-02T01:50:28.599+0000] {logging_mixin.py:188} INFO - [2025-08-02T01:50:28.598+0000] {dag.py:3834} INFO - Setting next_dagrun for example_complex to None, run_after=None
[2025-08-02T01:50:28.620+0000] {processor.py:183} INFO - Processing /home/airflow/.local/lib/python3.8/site-packages/airflow/example_dags/example_complex.py took 0.098 seconds
[2025-08-02T01:51:01.758+0000] {processor.py:161} INFO - Started process (PID=1004) to work on /home/airflow/.local/lib/python3.8/site-packages/airflow/example_dags/example_complex.py
[2025-08-02T01:51:01.760+0000] {processor.py:830} INFO - Processing file /home/airflow/.local/lib/python3.8/site-packages/airflow/example_dags/example_complex.py for tasks to queue
[2025-08-02T01:51:01.765+0000] {logging_mixin.py:188} INFO - [2025-08-02T01:51:01.762+0000] {dagbag.py:540} INFO - Filling up the DagBag from /home/airflow/.local/lib/python3.8/site-packages/airflow/example_dags/example_complex.py
[2025-08-02T01:51:01.783+0000] {processor.py:840} INFO - DAG(s) 'example_complex' retrieved from /home/airflow/.local/lib/python3.8/site-packages/airflow/example_dags/example_complex.py
[2025-08-02T01:51:01.900+0000] {logging_mixin.py:188} INFO - [2025-08-02T01:51:01.898+0000] {dag.py:3047} INFO - Sync 1 DAGs
[2025-08-02T01:51:01.916+0000] {logging_mixin.py:188} INFO - [2025-08-02T01:51:01.916+0000] {dag.py:3834} INFO - Setting next_dagrun for example_complex to None, run_after=None
[2025-08-02T01:51:01.978+0000] {processor.py:183} INFO - Processing /home/airflow/.local/lib/python3.8/site-packages/airflow/example_dags/example_complex.py took 0.238 seconds
[2025-08-02T01:51:32.032+0000] {processor.py:161} INFO - Started process (PID=1060) to work on /home/airflow/.local/lib/python3.8/site-packages/airflow/example_dags/example_complex.py
[2025-08-02T01:51:32.033+0000] {processor.py:830} INFO - Processing file /home/airflow/.local/lib/python3.8/site-packages/airflow/example_dags/example_complex.py for tasks to queue
[2025-08-02T01:51:32.034+0000] {logging_mixin.py:188} INFO - [2025-08-02T01:51:32.034+0000] {dagbag.py:540} INFO - Filling up the DagBag from /home/airflow/.local/lib/python3.8/site-packages/airflow/example_dags/example_complex.py
[2025-08-02T01:51:32.040+0000] {processor.py:840} INFO - DAG(s) 'example_complex' retrieved from /home/airflow/.local/lib/python3.8/site-packages/airflow/example_dags/example_complex.py
[2025-08-02T01:51:32.058+0000] {logging_mixin.py:188} INFO - [2025-08-02T01:51:32.058+0000] {dag.py:3047} INFO - Sync 1 DAGs
[2025-08-02T01:51:32.065+0000] {logging_mixin.py:188} INFO - [2025-08-02T01:51:32.064+0000] {dag.py:3834} INFO - Setting next_dagrun for example_complex to None, run_after=None
[2025-08-02T01:51:32.077+0000] {processor.py:183} INFO - Processing /home/airflow/.local/lib/python3.8/site-packages/airflow/example_dags/example_complex.py took 0.048 seconds
[2025-08-02T01:52:02.512+0000] {processor.py:161} INFO - Started process (PID=1116) to work on /home/airflow/.local/lib/python3.8/site-packages/airflow/example_dags/example_complex.py
[2025-08-02T01:52:02.513+0000] {processor.py:830} INFO - Processing file /home/airflow/.local/lib/python3.8/site-packages/airflow/example_dags/example_complex.py for tasks to queue
[2025-08-02T01:52:02.514+0000] {logging_mixin.py:188} INFO - [2025-08-02T01:52:02.514+0000] {dagbag.py:540} INFO - Filling up the DagBag from /home/airflow/.local/lib/python3.8/site-packages/airflow/example_dags/example_complex.py
[2025-08-02T01:52:02.519+0000] {processor.py:840} INFO - DAG(s) 'example_complex' retrieved from /home/airflow/.local/lib/python3.8/site-packages/airflow/example_dags/example_complex.py
[2025-08-02T01:52:02.536+0000] {logging_mixin.py:188} INFO - [2025-08-02T01:52:02.536+0000] {dag.py:3047} INFO - Sync 1 DAGs
[2025-08-02T01:52:02.542+0000] {logging_mixin.py:188} INFO - [2025-08-02T01:52:02.542+0000] {dag.py:3834} INFO - Setting next_dagrun for example_complex to None, run_after=None
[2025-08-02T01:52:02.550+0000] {processor.py:183} INFO - Processing /home/airflow/.local/lib/python3.8/site-packages/airflow/example_dags/example_complex.py took 0.040 seconds
[2025-08-02T01:52:33.453+0000] {processor.py:161} INFO - Started process (PID=1172) to work on /home/airflow/.local/lib/python3.8/site-packages/airflow/example_dags/example_complex.py
[2025-08-02T01:52:33.454+0000] {processor.py:830} INFO - Processing file /home/airflow/.local/lib/python3.8/site-packages/airflow/example_dags/example_complex.py for tasks to queue
[2025-08-02T01:52:33.455+0000] {logging_mixin.py:188} INFO - [2025-08-02T01:52:33.455+0000] {dagbag.py:540} INFO - Filling up the DagBag from /home/airflow/.local/lib/python3.8/site-packages/airflow/example_dags/example_complex.py
[2025-08-02T01:52:33.461+0000] {processor.py:840} INFO - DAG(s) 'example_complex' retrieved from /home/airflow/.local/lib/python3.8/site-packages/airflow/example_dags/example_complex.py
[2025-08-02T01:52:33.482+0000] {logging_mixin.py:188} INFO - [2025-08-02T01:52:33.482+0000] {dag.py:3047} INFO - Sync 1 DAGs
[2025-08-02T01:52:33.488+0000] {logging_mixin.py:188} INFO - [2025-08-02T01:52:33.488+0000] {dag.py:3834} INFO - Setting next_dagrun for example_complex to None, run_after=None
[2025-08-02T01:52:33.498+0000] {processor.py:183} INFO - Processing /home/airflow/.local/lib/python3.8/site-packages/airflow/example_dags/example_complex.py took 0.047 seconds
[2025-08-02T01:53:04.820+0000] {processor.py:161} INFO - Started process (PID=1228) to work on /home/airflow/.local/lib/python3.8/site-packages/airflow/example_dags/example_complex.py
[2025-08-02T01:53:04.821+0000] {processor.py:830} INFO - Processing file /home/airflow/.local/lib/python3.8/site-packages/airflow/example_dags/example_complex.py for tasks to queue
[2025-08-02T01:53:04.823+0000] {logging_mixin.py:188} INFO - [2025-08-02T01:53:04.822+0000] {dagbag.py:540} INFO - Filling up the DagBag from /home/airflow/.local/lib/python3.8/site-packages/airflow/example_dags/example_complex.py
[2025-08-02T01:53:04.829+0000] {processor.py:840} INFO - DAG(s) 'example_complex' retrieved from /home/airflow/.local/lib/python3.8/site-packages/airflow/example_dags/example_complex.py
[2025-08-02T01:53:04.848+0000] {logging_mixin.py:188} INFO - [2025-08-02T01:53:04.848+0000] {dag.py:3047} INFO - Sync 1 DAGs
[2025-08-02T01:53:04.861+0000] {logging_mixin.py:188} INFO - [2025-08-02T01:53:04.860+0000] {dag.py:3834} INFO - Setting next_dagrun for example_complex to None, run_after=None
[2025-08-02T01:53:04.898+0000] {processor.py:183} INFO - Processing /home/airflow/.local/lib/python3.8/site-packages/airflow/example_dags/example_complex.py took 0.080 seconds
[2025-08-02T01:53:35.543+0000] {processor.py:161} INFO - Started process (PID=1284) to work on /home/airflow/.local/lib/python3.8/site-packages/airflow/example_dags/example_complex.py
[2025-08-02T01:53:35.544+0000] {processor.py:830} INFO - Processing file /home/airflow/.local/lib/python3.8/site-packages/airflow/example_dags/example_complex.py for tasks to queue
[2025-08-02T01:53:35.546+0000] {logging_mixin.py:188} INFO - [2025-08-02T01:53:35.545+0000] {dagbag.py:540} INFO - Filling up the DagBag from /home/airflow/.local/lib/python3.8/site-packages/airflow/example_dags/example_complex.py
[2025-08-02T01:53:35.552+0000] {processor.py:840} INFO - DAG(s) 'example_complex' retrieved from /home/airflow/.local/lib/python3.8/site-packages/airflow/example_dags/example_complex.py
[2025-08-02T01:53:35.579+0000] {logging_mixin.py:188} INFO - [2025-08-02T01:53:35.579+0000] {dag.py:3047} INFO - Sync 1 DAGs
[2025-08-02T01:53:35.587+0000] {logging_mixin.py:188} INFO - [2025-08-02T01:53:35.587+0000] {dag.py:3834} INFO - Setting next_dagrun for example_complex to None, run_after=None
[2025-08-02T01:53:35.602+0000] {processor.py:183} INFO - Processing /home/airflow/.local/lib/python3.8/site-packages/airflow/example_dags/example_complex.py took 0.061 seconds
[2025-08-02T01:54:06.291+0000] {processor.py:161} INFO - Started process (PID=1340) to work on /home/airflow/.local/lib/python3.8/site-packages/airflow/example_dags/example_complex.py
[2025-08-02T01:54:06.293+0000] {processor.py:830} INFO - Processing file /home/airflow/.local/lib/python3.8/site-packages/airflow/example_dags/example_complex.py for tasks to queue
[2025-08-02T01:54:06.295+0000] {logging_mixin.py:188} INFO - [2025-08-02T01:54:06.295+0000] {dagbag.py:540} INFO - Filling up the DagBag from /home/airflow/.local/lib/python3.8/site-packages/airflow/example_dags/example_complex.py
[2025-08-02T01:54:06.301+0000] {processor.py:840} INFO - DAG(s) 'example_complex' retrieved from /home/airflow/.local/lib/python3.8/site-packages/airflow/example_dags/example_complex.py
[2025-08-02T01:54:06.326+0000] {logging_mixin.py:188} INFO - [2025-08-02T01:54:06.326+0000] {dag.py:3047} INFO - Sync 1 DAGs
[2025-08-02T01:54:06.334+0000] {logging_mixin.py:188} INFO - [2025-08-02T01:54:06.334+0000] {dag.py:3834} INFO - Setting next_dagrun for example_complex to None, run_after=None
[2025-08-02T01:54:06.351+0000] {processor.py:183} INFO - Processing /home/airflow/.local/lib/python3.8/site-packages/airflow/example_dags/example_complex.py took 0.062 seconds
[2025-08-02T01:54:36.767+0000] {processor.py:161} INFO - Started process (PID=1396) to work on /home/airflow/.local/lib/python3.8/site-packages/airflow/example_dags/example_complex.py
[2025-08-02T01:54:36.768+0000] {processor.py:830} INFO - Processing file /home/airflow/.local/lib/python3.8/site-packages/airflow/example_dags/example_complex.py for tasks to queue
[2025-08-02T01:54:36.769+0000] {logging_mixin.py:188} INFO - [2025-08-02T01:54:36.769+0000] {dagbag.py:540} INFO - Filling up the DagBag from /home/airflow/.local/lib/python3.8/site-packages/airflow/example_dags/example_complex.py
[2025-08-02T01:54:36.775+0000] {processor.py:840} INFO - DAG(s) 'example_complex' retrieved from /home/airflow/.local/lib/python3.8/site-packages/airflow/example_dags/example_complex.py
[2025-08-02T01:54:36.806+0000] {logging_mixin.py:188} INFO - [2025-08-02T01:54:36.806+0000] {dag.py:3047} INFO - Sync 1 DAGs
[2025-08-02T01:54:36.815+0000] {logging_mixin.py:188} INFO - [2025-08-02T01:54:36.815+0000] {dag.py:3834} INFO - Setting next_dagrun for example_complex to None, run_after=None
[2025-08-02T01:54:36.829+0000] {processor.py:183} INFO - Processing /home/airflow/.local/lib/python3.8/site-packages/airflow/example_dags/example_complex.py took 0.065 seconds
[2025-08-02T01:55:07.368+0000] {processor.py:161} INFO - Started process (PID=1452) to work on /home/airflow/.local/lib/python3.8/site-packages/airflow/example_dags/example_complex.py
[2025-08-02T01:55:07.369+0000] {processor.py:830} INFO - Processing file /home/airflow/.local/lib/python3.8/site-packages/airflow/example_dags/example_complex.py for tasks to queue
[2025-08-02T01:55:07.373+0000] {logging_mixin.py:188} INFO - [2025-08-02T01:55:07.373+0000] {dagbag.py:540} INFO - Filling up the DagBag from /home/airflow/.local/lib/python3.8/site-packages/airflow/example_dags/example_complex.py
[2025-08-02T01:55:07.391+0000] {processor.py:840} INFO - DAG(s) 'example_complex' retrieved from /home/airflow/.local/lib/python3.8/site-packages/airflow/example_dags/example_complex.py
[2025-08-02T01:55:07.440+0000] {logging_mixin.py:188} INFO - [2025-08-02T01:55:07.440+0000] {dag.py:3047} INFO - Sync 1 DAGs
[2025-08-02T01:55:07.451+0000] {logging_mixin.py:188} INFO - [2025-08-02T01:55:07.451+0000] {dag.py:3834} INFO - Setting next_dagrun for example_complex to None, run_after=None
[2025-08-02T01:55:07.470+0000] {processor.py:183} INFO - Processing /home/airflow/.local/lib/python3.8/site-packages/airflow/example_dags/example_complex.py took 0.107 seconds
[2025-08-02T01:55:37.662+0000] {processor.py:161} INFO - Started process (PID=1507) to work on /home/airflow/.local/lib/python3.8/site-packages/airflow/example_dags/example_complex.py
[2025-08-02T01:55:37.663+0000] {processor.py:830} INFO - Processing file /home/airflow/.local/lib/python3.8/site-packages/airflow/example_dags/example_complex.py for tasks to queue
[2025-08-02T01:55:37.665+0000] {logging_mixin.py:188} INFO - [2025-08-02T01:55:37.664+0000] {dagbag.py:540} INFO - Filling up the DagBag from /home/airflow/.local/lib/python3.8/site-packages/airflow/example_dags/example_complex.py
[2025-08-02T01:55:37.672+0000] {processor.py:840} INFO - DAG(s) 'example_complex' retrieved from /home/airflow/.local/lib/python3.8/site-packages/airflow/example_dags/example_complex.py
[2025-08-02T01:55:37.692+0000] {logging_mixin.py:188} INFO - [2025-08-02T01:55:37.692+0000] {dag.py:3047} INFO - Sync 1 DAGs
[2025-08-02T01:55:37.699+0000] {logging_mixin.py:188} INFO - [2025-08-02T01:55:37.699+0000] {dag.py:3834} INFO - Setting next_dagrun for example_complex to None, run_after=None
[2025-08-02T01:55:37.710+0000] {processor.py:183} INFO - Processing /home/airflow/.local/lib/python3.8/site-packages/airflow/example_dags/example_complex.py took 0.051 seconds
[2025-08-02T01:56:09.168+0000] {processor.py:161} INFO - Started process (PID=1563) to work on /home/airflow/.local/lib/python3.8/site-packages/airflow/example_dags/example_complex.py
[2025-08-02T01:56:09.170+0000] {processor.py:830} INFO - Processing file /home/airflow/.local/lib/python3.8/site-packages/airflow/example_dags/example_complex.py for tasks to queue
[2025-08-02T01:56:09.172+0000] {logging_mixin.py:188} INFO - [2025-08-02T01:56:09.172+0000] {dagbag.py:540} INFO - Filling up the DagBag from /home/airflow/.local/lib/python3.8/site-packages/airflow/example_dags/example_complex.py
[2025-08-02T01:56:09.189+0000] {processor.py:840} INFO - DAG(s) 'example_complex' retrieved from /home/airflow/.local/lib/python3.8/site-packages/airflow/example_dags/example_complex.py
[2025-08-02T01:56:09.219+0000] {logging_mixin.py:188} INFO - [2025-08-02T01:56:09.219+0000] {dag.py:3047} INFO - Sync 1 DAGs
[2025-08-02T01:56:09.228+0000] {logging_mixin.py:188} INFO - [2025-08-02T01:56:09.228+0000] {dag.py:3834} INFO - Setting next_dagrun for example_complex to None, run_after=None
[2025-08-02T01:56:09.257+0000] {processor.py:183} INFO - Processing /home/airflow/.local/lib/python3.8/site-packages/airflow/example_dags/example_complex.py took 0.091 seconds
[2025-08-02T01:56:39.875+0000] {processor.py:161} INFO - Started process (PID=1618) to work on /home/airflow/.local/lib/python3.8/site-packages/airflow/example_dags/example_complex.py
[2025-08-02T01:56:39.876+0000] {processor.py:830} INFO - Processing file /home/airflow/.local/lib/python3.8/site-packages/airflow/example_dags/example_complex.py for tasks to queue
[2025-08-02T01:56:39.877+0000] {logging_mixin.py:188} INFO - [2025-08-02T01:56:39.877+0000] {dagbag.py:540} INFO - Filling up the DagBag from /home/airflow/.local/lib/python3.8/site-packages/airflow/example_dags/example_complex.py
[2025-08-02T01:56:39.885+0000] {processor.py:840} INFO - DAG(s) 'example_complex' retrieved from /home/airflow/.local/lib/python3.8/site-packages/airflow/example_dags/example_complex.py
[2025-08-02T01:56:39.904+0000] {logging_mixin.py:188} INFO - [2025-08-02T01:56:39.904+0000] {dag.py:3047} INFO - Sync 1 DAGs
[2025-08-02T01:56:39.911+0000] {logging_mixin.py:188} INFO - [2025-08-02T01:56:39.911+0000] {dag.py:3834} INFO - Setting next_dagrun for example_complex to None, run_after=None
[2025-08-02T01:56:39.925+0000] {processor.py:183} INFO - Processing /home/airflow/.local/lib/python3.8/site-packages/airflow/example_dags/example_complex.py took 0.052 seconds
[2025-08-02T01:57:15.443+0000] {processor.py:161} INFO - Started process (PID=1680) to work on /home/airflow/.local/lib/python3.8/site-packages/airflow/example_dags/example_complex.py
[2025-08-02T01:57:15.445+0000] {processor.py:830} INFO - Processing file /home/airflow/.local/lib/python3.8/site-packages/airflow/example_dags/example_complex.py for tasks to queue
[2025-08-02T01:57:15.448+0000] {logging_mixin.py:188} INFO - [2025-08-02T01:57:15.448+0000] {dagbag.py:540} INFO - Filling up the DagBag from /home/airflow/.local/lib/python3.8/site-packages/airflow/example_dags/example_complex.py
[2025-08-02T01:57:15.458+0000] {processor.py:840} INFO - DAG(s) 'example_complex' retrieved from /home/airflow/.local/lib/python3.8/site-packages/airflow/example_dags/example_complex.py
[2025-08-02T01:57:15.498+0000] {logging_mixin.py:188} INFO - [2025-08-02T01:57:15.497+0000] {dag.py:3047} INFO - Sync 1 DAGs
[2025-08-02T01:57:15.512+0000] {logging_mixin.py:188} INFO - [2025-08-02T01:57:15.512+0000] {dag.py:3834} INFO - Setting next_dagrun for example_complex to None, run_after=None
[2025-08-02T01:57:15.540+0000] {processor.py:183} INFO - Processing /home/airflow/.local/lib/python3.8/site-packages/airflow/example_dags/example_complex.py took 0.101 seconds
[2025-08-02T01:57:49.017+0000] {processor.py:161} INFO - Started process (PID=1734) to work on /home/airflow/.local/lib/python3.8/site-packages/airflow/example_dags/example_complex.py
[2025-08-02T01:57:49.018+0000] {processor.py:830} INFO - Processing file /home/airflow/.local/lib/python3.8/site-packages/airflow/example_dags/example_complex.py for tasks to queue
[2025-08-02T01:57:49.020+0000] {logging_mixin.py:188} INFO - [2025-08-02T01:57:49.020+0000] {dagbag.py:540} INFO - Filling up the DagBag from /home/airflow/.local/lib/python3.8/site-packages/airflow/example_dags/example_complex.py
[2025-08-02T01:57:49.033+0000] {processor.py:840} INFO - DAG(s) 'example_complex' retrieved from /home/airflow/.local/lib/python3.8/site-packages/airflow/example_dags/example_complex.py
[2025-08-02T01:57:49.077+0000] {logging_mixin.py:188} INFO - [2025-08-02T01:57:49.077+0000] {dag.py:3047} INFO - Sync 1 DAGs
[2025-08-02T01:57:49.087+0000] {logging_mixin.py:188} INFO - [2025-08-02T01:57:49.087+0000] {dag.py:3834} INFO - Setting next_dagrun for example_complex to None, run_after=None
[2025-08-02T01:57:49.099+0000] {processor.py:183} INFO - Processing /home/airflow/.local/lib/python3.8/site-packages/airflow/example_dags/example_complex.py took 0.087 seconds
[2025-08-02T01:58:21.367+0000] {processor.py:161} INFO - Started process (PID=1789) to work on /home/airflow/.local/lib/python3.8/site-packages/airflow/example_dags/example_complex.py
[2025-08-02T01:58:21.368+0000] {processor.py:830} INFO - Processing file /home/airflow/.local/lib/python3.8/site-packages/airflow/example_dags/example_complex.py for tasks to queue
[2025-08-02T01:58:21.370+0000] {logging_mixin.py:188} INFO - [2025-08-02T01:58:21.370+0000] {dagbag.py:540} INFO - Filling up the DagBag from /home/airflow/.local/lib/python3.8/site-packages/airflow/example_dags/example_complex.py
[2025-08-02T01:58:21.380+0000] {processor.py:840} INFO - DAG(s) 'example_complex' retrieved from /home/airflow/.local/lib/python3.8/site-packages/airflow/example_dags/example_complex.py
[2025-08-02T01:58:21.421+0000] {logging_mixin.py:188} INFO - [2025-08-02T01:58:21.421+0000] {dag.py:3047} INFO - Sync 1 DAGs
[2025-08-02T01:58:21.431+0000] {logging_mixin.py:188} INFO - [2025-08-02T01:58:21.431+0000] {dag.py:3834} INFO - Setting next_dagrun for example_complex to None, run_after=None
[2025-08-02T01:58:21.447+0000] {processor.py:183} INFO - Processing /home/airflow/.local/lib/python3.8/site-packages/airflow/example_dags/example_complex.py took 0.084 seconds
[2025-08-02T01:58:51.674+0000] {processor.py:161} INFO - Started process (PID=1845) to work on /home/airflow/.local/lib/python3.8/site-packages/airflow/example_dags/example_complex.py
[2025-08-02T01:58:51.677+0000] {processor.py:830} INFO - Processing file /home/airflow/.local/lib/python3.8/site-packages/airflow/example_dags/example_complex.py for tasks to queue
[2025-08-02T01:58:51.680+0000] {logging_mixin.py:188} INFO - [2025-08-02T01:58:51.680+0000] {dagbag.py:540} INFO - Filling up the DagBag from /home/airflow/.local/lib/python3.8/site-packages/airflow/example_dags/example_complex.py
[2025-08-02T01:58:51.699+0000] {processor.py:840} INFO - DAG(s) 'example_complex' retrieved from /home/airflow/.local/lib/python3.8/site-packages/airflow/example_dags/example_complex.py
[2025-08-02T01:58:51.722+0000] {logging_mixin.py:188} INFO - [2025-08-02T01:58:51.722+0000] {dag.py:3047} INFO - Sync 1 DAGs
[2025-08-02T01:58:51.729+0000] {logging_mixin.py:188} INFO - [2025-08-02T01:58:51.729+0000] {dag.py:3834} INFO - Setting next_dagrun for example_complex to None, run_after=None
[2025-08-02T01:58:51.740+0000] {processor.py:183} INFO - Processing /home/airflow/.local/lib/python3.8/site-packages/airflow/example_dags/example_complex.py took 0.069 seconds
[2025-08-02T01:59:22.255+0000] {processor.py:161} INFO - Started process (PID=1901) to work on /home/airflow/.local/lib/python3.8/site-packages/airflow/example_dags/example_complex.py
[2025-08-02T01:59:22.260+0000] {processor.py:830} INFO - Processing file /home/airflow/.local/lib/python3.8/site-packages/airflow/example_dags/example_complex.py for tasks to queue
[2025-08-02T01:59:22.262+0000] {logging_mixin.py:188} INFO - [2025-08-02T01:59:22.262+0000] {dagbag.py:540} INFO - Filling up the DagBag from /home/airflow/.local/lib/python3.8/site-packages/airflow/example_dags/example_complex.py
[2025-08-02T01:59:22.272+0000] {processor.py:840} INFO - DAG(s) 'example_complex' retrieved from /home/airflow/.local/lib/python3.8/site-packages/airflow/example_dags/example_complex.py
[2025-08-02T01:59:22.308+0000] {logging_mixin.py:188} INFO - [2025-08-02T01:59:22.308+0000] {dag.py:3047} INFO - Sync 1 DAGs
[2025-08-02T01:59:22.319+0000] {logging_mixin.py:188} INFO - [2025-08-02T01:59:22.319+0000] {dag.py:3834} INFO - Setting next_dagrun for example_complex to None, run_after=None
[2025-08-02T01:59:22.332+0000] {processor.py:183} INFO - Processing /home/airflow/.local/lib/python3.8/site-packages/airflow/example_dags/example_complex.py took 0.080 seconds
[2025-08-02T01:59:52.927+0000] {processor.py:161} INFO - Started process (PID=1957) to work on /home/airflow/.local/lib/python3.8/site-packages/airflow/example_dags/example_complex.py
[2025-08-02T01:59:52.929+0000] {processor.py:830} INFO - Processing file /home/airflow/.local/lib/python3.8/site-packages/airflow/example_dags/example_complex.py for tasks to queue
[2025-08-02T01:59:52.931+0000] {logging_mixin.py:188} INFO - [2025-08-02T01:59:52.931+0000] {dagbag.py:540} INFO - Filling up the DagBag from /home/airflow/.local/lib/python3.8/site-packages/airflow/example_dags/example_complex.py
[2025-08-02T01:59:52.940+0000] {processor.py:840} INFO - DAG(s) 'example_complex' retrieved from /home/airflow/.local/lib/python3.8/site-packages/airflow/example_dags/example_complex.py
[2025-08-02T01:59:52.970+0000] {logging_mixin.py:188} INFO - [2025-08-02T01:59:52.969+0000] {dag.py:3047} INFO - Sync 1 DAGs
[2025-08-02T01:59:52.977+0000] {logging_mixin.py:188} INFO - [2025-08-02T01:59:52.977+0000] {dag.py:3834} INFO - Setting next_dagrun for example_complex to None, run_after=None
[2025-08-02T01:59:52.990+0000] {processor.py:183} INFO - Processing /home/airflow/.local/lib/python3.8/site-packages/airflow/example_dags/example_complex.py took 0.066 seconds
[2025-08-02T02:00:23.885+0000] {processor.py:161} INFO - Started process (PID=2013) to work on /home/airflow/.local/lib/python3.8/site-packages/airflow/example_dags/example_complex.py
[2025-08-02T02:00:23.887+0000] {processor.py:830} INFO - Processing file /home/airflow/.local/lib/python3.8/site-packages/airflow/example_dags/example_complex.py for tasks to queue
[2025-08-02T02:00:23.890+0000] {logging_mixin.py:188} INFO - [2025-08-02T02:00:23.889+0000] {dagbag.py:540} INFO - Filling up the DagBag from /home/airflow/.local/lib/python3.8/site-packages/airflow/example_dags/example_complex.py
[2025-08-02T02:00:23.900+0000] {processor.py:840} INFO - DAG(s) 'example_complex' retrieved from /home/airflow/.local/lib/python3.8/site-packages/airflow/example_dags/example_complex.py
[2025-08-02T02:00:23.932+0000] {logging_mixin.py:188} INFO - [2025-08-02T02:00:23.932+0000] {dag.py:3047} INFO - Sync 1 DAGs
[2025-08-02T02:00:23.940+0000] {logging_mixin.py:188} INFO - [2025-08-02T02:00:23.940+0000] {dag.py:3834} INFO - Setting next_dagrun for example_complex to None, run_after=None
[2025-08-02T02:00:23.951+0000] {processor.py:183} INFO - Processing /home/airflow/.local/lib/python3.8/site-packages/airflow/example_dags/example_complex.py took 0.070 seconds
[2025-08-02T02:01:11.038+0000] {processor.py:161} INFO - Started process (PID=2069) to work on /home/airflow/.local/lib/python3.8/site-packages/airflow/example_dags/example_complex.py
[2025-08-02T02:01:11.084+0000] {processor.py:830} INFO - Processing file /home/airflow/.local/lib/python3.8/site-packages/airflow/example_dags/example_complex.py for tasks to queue
[2025-08-02T02:01:11.097+0000] {logging_mixin.py:188} INFO - [2025-08-02T02:01:11.095+0000] {dagbag.py:540} INFO - Filling up the DagBag from /home/airflow/.local/lib/python3.8/site-packages/airflow/example_dags/example_complex.py
[2025-08-02T02:01:11.143+0000] {processor.py:840} INFO - DAG(s) 'example_complex' retrieved from /home/airflow/.local/lib/python3.8/site-packages/airflow/example_dags/example_complex.py
[2025-08-02T02:01:11.235+0000] {logging_mixin.py:188} INFO - [2025-08-02T02:01:11.235+0000] {dag.py:3047} INFO - Sync 1 DAGs
[2025-08-02T02:01:11.273+0000] {logging_mixin.py:188} INFO - [2025-08-02T02:01:11.273+0000] {dag.py:3834} INFO - Setting next_dagrun for example_complex to None, run_after=None
[2025-08-02T02:01:11.359+0000] {processor.py:183} INFO - Processing /home/airflow/.local/lib/python3.8/site-packages/airflow/example_dags/example_complex.py took 0.333 seconds
[2025-08-02T02:02:40.959+0000] {processor.py:161} INFO - Started process (PID=2169) to work on /home/airflow/.local/lib/python3.8/site-packages/airflow/example_dags/example_complex.py
[2025-08-02T02:02:40.968+0000] {processor.py:830} INFO - Processing file /home/airflow/.local/lib/python3.8/site-packages/airflow/example_dags/example_complex.py for tasks to queue
[2025-08-02T02:02:40.985+0000] {logging_mixin.py:188} INFO - [2025-08-02T02:02:40.983+0000] {dagbag.py:540} INFO - Filling up the DagBag from /home/airflow/.local/lib/python3.8/site-packages/airflow/example_dags/example_complex.py
[2025-08-02T02:02:41.060+0000] {processor.py:840} INFO - DAG(s) 'example_complex' retrieved from /home/airflow/.local/lib/python3.8/site-packages/airflow/example_dags/example_complex.py
[2025-08-02T02:02:41.197+0000] {logging_mixin.py:188} INFO - [2025-08-02T02:02:41.197+0000] {dag.py:3047} INFO - Sync 1 DAGs
[2025-08-02T02:02:41.231+0000] {logging_mixin.py:188} INFO - [2025-08-02T02:02:41.230+0000] {dag.py:3834} INFO - Setting next_dagrun for example_complex to None, run_after=None
[2025-08-02T02:02:41.260+0000] {processor.py:183} INFO - Processing /home/airflow/.local/lib/python3.8/site-packages/airflow/example_dags/example_complex.py took 0.332 seconds
[2025-08-02T02:03:20.035+0000] {processor.py:161} INFO - Started process (PID=2227) to work on /home/airflow/.local/lib/python3.8/site-packages/airflow/example_dags/example_complex.py
[2025-08-02T02:03:20.042+0000] {processor.py:830} INFO - Processing file /home/airflow/.local/lib/python3.8/site-packages/airflow/example_dags/example_complex.py for tasks to queue
[2025-08-02T02:03:20.063+0000] {logging_mixin.py:188} INFO - [2025-08-02T02:03:20.059+0000] {dagbag.py:540} INFO - Filling up the DagBag from /home/airflow/.local/lib/python3.8/site-packages/airflow/example_dags/example_complex.py
[2025-08-02T02:03:20.114+0000] {processor.py:840} INFO - DAG(s) 'example_complex' retrieved from /home/airflow/.local/lib/python3.8/site-packages/airflow/example_dags/example_complex.py
[2025-08-02T02:03:20.217+0000] {logging_mixin.py:188} INFO - [2025-08-02T02:03:20.216+0000] {dag.py:3047} INFO - Sync 1 DAGs
[2025-08-02T02:03:20.255+0000] {logging_mixin.py:188} INFO - [2025-08-02T02:03:20.255+0000] {dag.py:3834} INFO - Setting next_dagrun for example_complex to None, run_after=None
[2025-08-02T02:03:20.455+0000] {processor.py:183} INFO - Processing /home/airflow/.local/lib/python3.8/site-packages/airflow/example_dags/example_complex.py took 0.429 seconds
[2025-08-02T02:03:53.976+0000] {processor.py:161} INFO - Started process (PID=2283) to work on /home/airflow/.local/lib/python3.8/site-packages/airflow/example_dags/example_complex.py
[2025-08-02T02:03:53.980+0000] {processor.py:830} INFO - Processing file /home/airflow/.local/lib/python3.8/site-packages/airflow/example_dags/example_complex.py for tasks to queue
[2025-08-02T02:03:53.984+0000] {logging_mixin.py:188} INFO - [2025-08-02T02:03:53.984+0000] {dagbag.py:540} INFO - Filling up the DagBag from /home/airflow/.local/lib/python3.8/site-packages/airflow/example_dags/example_complex.py
[2025-08-02T02:03:54.024+0000] {processor.py:840} INFO - DAG(s) 'example_complex' retrieved from /home/airflow/.local/lib/python3.8/site-packages/airflow/example_dags/example_complex.py
[2025-08-02T02:03:54.167+0000] {logging_mixin.py:188} INFO - [2025-08-02T02:03:54.166+0000] {dag.py:3047} INFO - Sync 1 DAGs
[2025-08-02T02:03:54.219+0000] {logging_mixin.py:188} INFO - [2025-08-02T02:03:54.218+0000] {dag.py:3834} INFO - Setting next_dagrun for example_complex to None, run_after=None
[2025-08-02T02:03:54.269+0000] {processor.py:183} INFO - Processing /home/airflow/.local/lib/python3.8/site-packages/airflow/example_dags/example_complex.py took 0.301 seconds
[2025-08-02T02:04:25.065+0000] {processor.py:161} INFO - Started process (PID=2339) to work on /home/airflow/.local/lib/python3.8/site-packages/airflow/example_dags/example_complex.py
[2025-08-02T02:04:25.069+0000] {processor.py:830} INFO - Processing file /home/airflow/.local/lib/python3.8/site-packages/airflow/example_dags/example_complex.py for tasks to queue
[2025-08-02T02:04:25.098+0000] {logging_mixin.py:188} INFO - [2025-08-02T02:04:25.097+0000] {dagbag.py:540} INFO - Filling up the DagBag from /home/airflow/.local/lib/python3.8/site-packages/airflow/example_dags/example_complex.py
[2025-08-02T02:04:25.293+0000] {processor.py:840} INFO - DAG(s) 'example_complex' retrieved from /home/airflow/.local/lib/python3.8/site-packages/airflow/example_dags/example_complex.py
[2025-08-02T02:04:25.863+0000] {logging_mixin.py:188} INFO - [2025-08-02T02:04:25.860+0000] {dag.py:3047} INFO - Sync 1 DAGs
[2025-08-02T02:04:25.974+0000] {logging_mixin.py:188} INFO - [2025-08-02T02:04:25.973+0000] {dag.py:3834} INFO - Setting next_dagrun for example_complex to None, run_after=None
[2025-08-02T02:04:26.328+0000] {processor.py:183} INFO - Processing /home/airflow/.local/lib/python3.8/site-packages/airflow/example_dags/example_complex.py took 1.273 seconds
[2025-08-02T02:05:04.282+0000] {processor.py:161} INFO - Started process (PID=2401) to work on /home/airflow/.local/lib/python3.8/site-packages/airflow/example_dags/example_complex.py
[2025-08-02T02:05:04.286+0000] {processor.py:830} INFO - Processing file /home/airflow/.local/lib/python3.8/site-packages/airflow/example_dags/example_complex.py for tasks to queue
[2025-08-02T02:05:04.292+0000] {logging_mixin.py:188} INFO - [2025-08-02T02:05:04.291+0000] {dagbag.py:540} INFO - Filling up the DagBag from /home/airflow/.local/lib/python3.8/site-packages/airflow/example_dags/example_complex.py
[2025-08-02T02:05:04.334+0000] {processor.py:840} INFO - DAG(s) 'example_complex' retrieved from /home/airflow/.local/lib/python3.8/site-packages/airflow/example_dags/example_complex.py
[2025-08-02T02:05:04.464+0000] {logging_mixin.py:188} INFO - [2025-08-02T02:05:04.463+0000] {dag.py:3047} INFO - Sync 1 DAGs
[2025-08-02T02:05:04.500+0000] {logging_mixin.py:188} INFO - [2025-08-02T02:05:04.499+0000] {dag.py:3834} INFO - Setting next_dagrun for example_complex to None, run_after=None
[2025-08-02T02:05:04.550+0000] {processor.py:183} INFO - Processing /home/airflow/.local/lib/python3.8/site-packages/airflow/example_dags/example_complex.py took 0.279 seconds
[2025-08-02T02:08:30.296+0000] {processor.py:161} INFO - Started process (PID=2462) to work on /home/airflow/.local/lib/python3.8/site-packages/airflow/example_dags/example_complex.py
[2025-08-02T02:08:30.308+0000] {processor.py:830} INFO - Processing file /home/airflow/.local/lib/python3.8/site-packages/airflow/example_dags/example_complex.py for tasks to queue
[2025-08-02T02:08:30.341+0000] {logging_mixin.py:188} INFO - [2025-08-02T02:08:30.316+0000] {dagbag.py:540} INFO - Filling up the DagBag from /home/airflow/.local/lib/python3.8/site-packages/airflow/example_dags/example_complex.py
[2025-08-02T02:08:30.480+0000] {processor.py:840} INFO - DAG(s) 'example_complex' retrieved from /home/airflow/.local/lib/python3.8/site-packages/airflow/example_dags/example_complex.py
[2025-08-02T02:08:32.815+0000] {logging_mixin.py:188} INFO - [2025-08-02T02:08:32.755+0000] {dag.py:3047} INFO - Sync 1 DAGs
[2025-08-02T02:08:33.173+0000] {logging_mixin.py:188} INFO - [2025-08-02T02:08:33.172+0000] {dag.py:3834} INFO - Setting next_dagrun for example_complex to None, run_after=None
[2025-08-02T02:08:33.593+0000] {processor.py:183} INFO - Processing /home/airflow/.local/lib/python3.8/site-packages/airflow/example_dags/example_complex.py took 3.327 seconds
[2025-08-02T02:09:11.202+0000] {processor.py:161} INFO - Started process (PID=2520) to work on /home/airflow/.local/lib/python3.8/site-packages/airflow/example_dags/example_complex.py
[2025-08-02T02:09:11.205+0000] {processor.py:830} INFO - Processing file /home/airflow/.local/lib/python3.8/site-packages/airflow/example_dags/example_complex.py for tasks to queue
[2025-08-02T02:09:11.207+0000] {logging_mixin.py:188} INFO - [2025-08-02T02:09:11.206+0000] {dagbag.py:540} INFO - Filling up the DagBag from /home/airflow/.local/lib/python3.8/site-packages/airflow/example_dags/example_complex.py
[2025-08-02T02:09:11.285+0000] {processor.py:840} INFO - DAG(s) 'example_complex' retrieved from /home/airflow/.local/lib/python3.8/site-packages/airflow/example_dags/example_complex.py
[2025-08-02T02:09:11.550+0000] {logging_mixin.py:188} INFO - [2025-08-02T02:09:11.548+0000] {dag.py:3047} INFO - Sync 1 DAGs
[2025-08-02T02:09:11.712+0000] {logging_mixin.py:188} INFO - [2025-08-02T02:09:11.710+0000] {dag.py:3834} INFO - Setting next_dagrun for example_complex to None, run_after=None
[2025-08-02T02:09:11.808+0000] {processor.py:183} INFO - Processing /home/airflow/.local/lib/python3.8/site-packages/airflow/example_dags/example_complex.py took 0.615 seconds
[2025-08-02T02:09:53.704+0000] {processor.py:161} INFO - Started process (PID=2587) to work on /home/airflow/.local/lib/python3.8/site-packages/airflow/example_dags/example_complex.py
[2025-08-02T02:09:53.709+0000] {processor.py:830} INFO - Processing file /home/airflow/.local/lib/python3.8/site-packages/airflow/example_dags/example_complex.py for tasks to queue
[2025-08-02T02:09:53.716+0000] {logging_mixin.py:188} INFO - [2025-08-02T02:09:53.715+0000] {dagbag.py:540} INFO - Filling up the DagBag from /home/airflow/.local/lib/python3.8/site-packages/airflow/example_dags/example_complex.py
[2025-08-02T02:09:53.796+0000] {processor.py:840} INFO - DAG(s) 'example_complex' retrieved from /home/airflow/.local/lib/python3.8/site-packages/airflow/example_dags/example_complex.py
[2025-08-02T02:09:54.091+0000] {logging_mixin.py:188} INFO - [2025-08-02T02:09:54.089+0000] {dag.py:3047} INFO - Sync 1 DAGs
[2025-08-02T02:09:54.146+0000] {logging_mixin.py:188} INFO - [2025-08-02T02:09:54.145+0000] {dag.py:3834} INFO - Setting next_dagrun for example_complex to None, run_after=None
[2025-08-02T02:09:54.223+0000] {processor.py:183} INFO - Processing /home/airflow/.local/lib/python3.8/site-packages/airflow/example_dags/example_complex.py took 0.556 seconds
[2025-08-02T02:10:29.625+0000] {processor.py:161} INFO - Started process (PID=2641) to work on /home/airflow/.local/lib/python3.8/site-packages/airflow/example_dags/example_complex.py
[2025-08-02T02:10:29.635+0000] {processor.py:830} INFO - Processing file /home/airflow/.local/lib/python3.8/site-packages/airflow/example_dags/example_complex.py for tasks to queue
[2025-08-02T02:10:29.658+0000] {logging_mixin.py:188} INFO - [2025-08-02T02:10:29.648+0000] {dagbag.py:540} INFO - Filling up the DagBag from /home/airflow/.local/lib/python3.8/site-packages/airflow/example_dags/example_complex.py
[2025-08-02T02:10:29.696+0000] {processor.py:840} INFO - DAG(s) 'example_complex' retrieved from /home/airflow/.local/lib/python3.8/site-packages/airflow/example_dags/example_complex.py
[2025-08-02T02:10:29.942+0000] {logging_mixin.py:188} INFO - [2025-08-02T02:10:29.940+0000] {dag.py:3047} INFO - Sync 1 DAGs
[2025-08-02T02:10:30.018+0000] {logging_mixin.py:188} INFO - [2025-08-02T02:10:30.017+0000] {dag.py:3834} INFO - Setting next_dagrun for example_complex to None, run_after=None
[2025-08-02T02:10:30.289+0000] {processor.py:183} INFO - Processing /home/airflow/.local/lib/python3.8/site-packages/airflow/example_dags/example_complex.py took 0.714 seconds
[2025-08-02T02:11:00.921+0000] {processor.py:161} INFO - Started process (PID=2697) to work on /home/airflow/.local/lib/python3.8/site-packages/airflow/example_dags/example_complex.py
[2025-08-02T02:11:00.927+0000] {processor.py:830} INFO - Processing file /home/airflow/.local/lib/python3.8/site-packages/airflow/example_dags/example_complex.py for tasks to queue
[2025-08-02T02:11:00.929+0000] {logging_mixin.py:188} INFO - [2025-08-02T02:11:00.928+0000] {dagbag.py:540} INFO - Filling up the DagBag from /home/airflow/.local/lib/python3.8/site-packages/airflow/example_dags/example_complex.py
[2025-08-02T02:11:00.979+0000] {processor.py:840} INFO - DAG(s) 'example_complex' retrieved from /home/airflow/.local/lib/python3.8/site-packages/airflow/example_dags/example_complex.py
[2025-08-02T02:11:01.099+0000] {logging_mixin.py:188} INFO - [2025-08-02T02:11:01.099+0000] {dag.py:3047} INFO - Sync 1 DAGs
[2025-08-02T02:11:01.155+0000] {logging_mixin.py:188} INFO - [2025-08-02T02:11:01.155+0000] {dag.py:3834} INFO - Setting next_dagrun for example_complex to None, run_after=None
[2025-08-02T02:11:01.277+0000] {processor.py:183} INFO - Processing /home/airflow/.local/lib/python3.8/site-packages/airflow/example_dags/example_complex.py took 0.391 seconds
[2025-08-02T02:11:38.741+0000] {processor.py:161} INFO - Started process (PID=2753) to work on /home/airflow/.local/lib/python3.8/site-packages/airflow/example_dags/example_complex.py
[2025-08-02T02:11:38.745+0000] {processor.py:830} INFO - Processing file /home/airflow/.local/lib/python3.8/site-packages/airflow/example_dags/example_complex.py for tasks to queue
[2025-08-02T02:11:38.751+0000] {logging_mixin.py:188} INFO - [2025-08-02T02:11:38.750+0000] {dagbag.py:540} INFO - Filling up the DagBag from /home/airflow/.local/lib/python3.8/site-packages/airflow/example_dags/example_complex.py
[2025-08-02T02:11:38.774+0000] {processor.py:840} INFO - DAG(s) 'example_complex' retrieved from /home/airflow/.local/lib/python3.8/site-packages/airflow/example_dags/example_complex.py
[2025-08-02T02:11:38.897+0000] {logging_mixin.py:188} INFO - [2025-08-02T02:11:38.897+0000] {dag.py:3047} INFO - Sync 1 DAGs
[2025-08-02T02:11:38.946+0000] {logging_mixin.py:188} INFO - [2025-08-02T02:11:38.946+0000] {dag.py:3834} INFO - Setting next_dagrun for example_complex to None, run_after=None
[2025-08-02T02:11:39.052+0000] {processor.py:183} INFO - Processing /home/airflow/.local/lib/python3.8/site-packages/airflow/example_dags/example_complex.py took 0.316 seconds
[2025-08-02T02:12:10.286+0000] {processor.py:161} INFO - Started process (PID=2809) to work on /home/airflow/.local/lib/python3.8/site-packages/airflow/example_dags/example_complex.py
[2025-08-02T02:12:10.288+0000] {processor.py:830} INFO - Processing file /home/airflow/.local/lib/python3.8/site-packages/airflow/example_dags/example_complex.py for tasks to queue
[2025-08-02T02:12:10.289+0000] {logging_mixin.py:188} INFO - [2025-08-02T02:12:10.288+0000] {dagbag.py:540} INFO - Filling up the DagBag from /home/airflow/.local/lib/python3.8/site-packages/airflow/example_dags/example_complex.py
[2025-08-02T02:12:10.324+0000] {processor.py:840} INFO - DAG(s) 'example_complex' retrieved from /home/airflow/.local/lib/python3.8/site-packages/airflow/example_dags/example_complex.py
[2025-08-02T02:12:10.408+0000] {logging_mixin.py:188} INFO - [2025-08-02T02:12:10.408+0000] {dag.py:3047} INFO - Sync 1 DAGs
[2025-08-02T02:12:10.419+0000] {logging_mixin.py:188} INFO - [2025-08-02T02:12:10.419+0000] {dag.py:3834} INFO - Setting next_dagrun for example_complex to None, run_after=None
[2025-08-02T02:12:10.431+0000] {processor.py:183} INFO - Processing /home/airflow/.local/lib/python3.8/site-packages/airflow/example_dags/example_complex.py took 0.151 seconds
[2025-08-02T02:12:41.007+0000] {processor.py:161} INFO - Started process (PID=2866) to work on /home/airflow/.local/lib/python3.8/site-packages/airflow/example_dags/example_complex.py
[2025-08-02T02:12:41.013+0000] {processor.py:830} INFO - Processing file /home/airflow/.local/lib/python3.8/site-packages/airflow/example_dags/example_complex.py for tasks to queue
[2025-08-02T02:12:41.013+0000] {logging_mixin.py:188} INFO - [2025-08-02T02:12:41.013+0000] {dagbag.py:540} INFO - Filling up the DagBag from /home/airflow/.local/lib/python3.8/site-packages/airflow/example_dags/example_complex.py
[2025-08-02T02:12:41.026+0000] {processor.py:840} INFO - DAG(s) 'example_complex' retrieved from /home/airflow/.local/lib/python3.8/site-packages/airflow/example_dags/example_complex.py
[2025-08-02T02:12:41.088+0000] {logging_mixin.py:188} INFO - [2025-08-02T02:12:41.087+0000] {dag.py:3047} INFO - Sync 1 DAGs
[2025-08-02T02:12:41.105+0000] {logging_mixin.py:188} INFO - [2025-08-02T02:12:41.105+0000] {dag.py:3834} INFO - Setting next_dagrun for example_complex to None, run_after=None
[2025-08-02T02:12:41.140+0000] {processor.py:183} INFO - Processing /home/airflow/.local/lib/python3.8/site-packages/airflow/example_dags/example_complex.py took 0.136 seconds
[2025-08-02T02:13:13.180+0000] {processor.py:161} INFO - Started process (PID=2923) to work on /home/airflow/.local/lib/python3.8/site-packages/airflow/example_dags/example_complex.py
[2025-08-02T02:13:13.182+0000] {processor.py:830} INFO - Processing file /home/airflow/.local/lib/python3.8/site-packages/airflow/example_dags/example_complex.py for tasks to queue
[2025-08-02T02:13:13.184+0000] {logging_mixin.py:188} INFO - [2025-08-02T02:13:13.183+0000] {dagbag.py:540} INFO - Filling up the DagBag from /home/airflow/.local/lib/python3.8/site-packages/airflow/example_dags/example_complex.py
[2025-08-02T02:13:13.235+0000] {processor.py:840} INFO - DAG(s) 'example_complex' retrieved from /home/airflow/.local/lib/python3.8/site-packages/airflow/example_dags/example_complex.py
[2025-08-02T02:13:13.902+0000] {logging_mixin.py:188} INFO - [2025-08-02T02:13:13.899+0000] {dag.py:3047} INFO - Sync 1 DAGs
[2025-08-02T02:13:14.070+0000] {logging_mixin.py:188} INFO - [2025-08-02T02:13:14.068+0000] {dag.py:3834} INFO - Setting next_dagrun for example_complex to None, run_after=None
[2025-08-02T02:13:14.162+0000] {processor.py:183} INFO - Processing /home/airflow/.local/lib/python3.8/site-packages/airflow/example_dags/example_complex.py took 0.987 seconds
[2025-08-02T02:13:51.147+0000] {processor.py:161} INFO - Started process (PID=2983) to work on /home/airflow/.local/lib/python3.8/site-packages/airflow/example_dags/example_complex.py
[2025-08-02T02:13:51.149+0000] {processor.py:830} INFO - Processing file /home/airflow/.local/lib/python3.8/site-packages/airflow/example_dags/example_complex.py for tasks to queue
[2025-08-02T02:13:51.151+0000] {logging_mixin.py:188} INFO - [2025-08-02T02:13:51.150+0000] {dagbag.py:540} INFO - Filling up the DagBag from /home/airflow/.local/lib/python3.8/site-packages/airflow/example_dags/example_complex.py
[2025-08-02T02:13:51.164+0000] {processor.py:840} INFO - DAG(s) 'example_complex' retrieved from /home/airflow/.local/lib/python3.8/site-packages/airflow/example_dags/example_complex.py
[2025-08-02T02:13:51.374+0000] {logging_mixin.py:188} INFO - [2025-08-02T02:13:51.372+0000] {dag.py:3047} INFO - Sync 1 DAGs
[2025-08-02T02:13:51.418+0000] {logging_mixin.py:188} INFO - [2025-08-02T02:13:51.418+0000] {dag.py:3834} INFO - Setting next_dagrun for example_complex to None, run_after=None
[2025-08-02T02:13:51.467+0000] {processor.py:183} INFO - Processing /home/airflow/.local/lib/python3.8/site-packages/airflow/example_dags/example_complex.py took 0.325 seconds
[2025-08-02T02:14:21.819+0000] {processor.py:161} INFO - Started process (PID=3039) to work on /home/airflow/.local/lib/python3.8/site-packages/airflow/example_dags/example_complex.py
[2025-08-02T02:14:21.820+0000] {processor.py:830} INFO - Processing file /home/airflow/.local/lib/python3.8/site-packages/airflow/example_dags/example_complex.py for tasks to queue
[2025-08-02T02:14:21.821+0000] {logging_mixin.py:188} INFO - [2025-08-02T02:14:21.820+0000] {dagbag.py:540} INFO - Filling up the DagBag from /home/airflow/.local/lib/python3.8/site-packages/airflow/example_dags/example_complex.py
[2025-08-02T02:14:21.828+0000] {processor.py:840} INFO - DAG(s) 'example_complex' retrieved from /home/airflow/.local/lib/python3.8/site-packages/airflow/example_dags/example_complex.py
[2025-08-02T02:14:21.857+0000] {logging_mixin.py:188} INFO - [2025-08-02T02:14:21.856+0000] {dag.py:3047} INFO - Sync 1 DAGs
[2025-08-02T02:14:21.865+0000] {logging_mixin.py:188} INFO - [2025-08-02T02:14:21.865+0000] {dag.py:3834} INFO - Setting next_dagrun for example_complex to None, run_after=None
[2025-08-02T02:14:21.883+0000] {processor.py:183} INFO - Processing /home/airflow/.local/lib/python3.8/site-packages/airflow/example_dags/example_complex.py took 0.068 seconds
[2025-08-02T02:15:08.511+0000] {processor.py:161} INFO - Started process (PID=3101) to work on /home/airflow/.local/lib/python3.8/site-packages/airflow/example_dags/example_complex.py
[2025-08-02T02:15:08.519+0000] {processor.py:830} INFO - Processing file /home/airflow/.local/lib/python3.8/site-packages/airflow/example_dags/example_complex.py for tasks to queue
[2025-08-02T02:15:08.522+0000] {logging_mixin.py:188} INFO - [2025-08-02T02:15:08.522+0000] {dagbag.py:540} INFO - Filling up the DagBag from /home/airflow/.local/lib/python3.8/site-packages/airflow/example_dags/example_complex.py
[2025-08-02T02:15:08.563+0000] {processor.py:840} INFO - DAG(s) 'example_complex' retrieved from /home/airflow/.local/lib/python3.8/site-packages/airflow/example_dags/example_complex.py
[2025-08-02T02:15:08.646+0000] {logging_mixin.py:188} INFO - [2025-08-02T02:15:08.646+0000] {dag.py:3047} INFO - Sync 1 DAGs
[2025-08-02T02:15:08.693+0000] {logging_mixin.py:188} INFO - [2025-08-02T02:15:08.693+0000] {dag.py:3834} INFO - Setting next_dagrun for example_complex to None, run_after=None
[2025-08-02T02:15:08.719+0000] {processor.py:183} INFO - Processing /home/airflow/.local/lib/python3.8/site-packages/airflow/example_dags/example_complex.py took 0.216 seconds
[2025-08-02T02:15:48.708+0000] {processor.py:161} INFO - Started process (PID=3165) to work on /home/airflow/.local/lib/python3.8/site-packages/airflow/example_dags/example_complex.py
[2025-08-02T02:15:48.711+0000] {processor.py:830} INFO - Processing file /home/airflow/.local/lib/python3.8/site-packages/airflow/example_dags/example_complex.py for tasks to queue
[2025-08-02T02:15:48.714+0000] {logging_mixin.py:188} INFO - [2025-08-02T02:15:48.713+0000] {dagbag.py:540} INFO - Filling up the DagBag from /home/airflow/.local/lib/python3.8/site-packages/airflow/example_dags/example_complex.py
[2025-08-02T02:15:48.736+0000] {processor.py:840} INFO - DAG(s) 'example_complex' retrieved from /home/airflow/.local/lib/python3.8/site-packages/airflow/example_dags/example_complex.py
[2025-08-02T02:15:48.793+0000] {logging_mixin.py:188} INFO - [2025-08-02T02:15:48.792+0000] {dag.py:3047} INFO - Sync 1 DAGs
[2025-08-02T02:15:48.805+0000] {logging_mixin.py:188} INFO - [2025-08-02T02:15:48.804+0000] {dag.py:3834} INFO - Setting next_dagrun for example_complex to None, run_after=None
[2025-08-02T02:15:48.829+0000] {processor.py:183} INFO - Processing /home/airflow/.local/lib/python3.8/site-packages/airflow/example_dags/example_complex.py took 0.125 seconds
[2025-08-02T02:16:32.479+0000] {processor.py:161} INFO - Started process (PID=3221) to work on /home/airflow/.local/lib/python3.8/site-packages/airflow/example_dags/example_complex.py
[2025-08-02T02:16:32.481+0000] {processor.py:830} INFO - Processing file /home/airflow/.local/lib/python3.8/site-packages/airflow/example_dags/example_complex.py for tasks to queue
[2025-08-02T02:16:32.486+0000] {logging_mixin.py:188} INFO - [2025-08-02T02:16:32.485+0000] {dagbag.py:540} INFO - Filling up the DagBag from /home/airflow/.local/lib/python3.8/site-packages/airflow/example_dags/example_complex.py
[2025-08-02T02:16:32.524+0000] {processor.py:840} INFO - DAG(s) 'example_complex' retrieved from /home/airflow/.local/lib/python3.8/site-packages/airflow/example_dags/example_complex.py
[2025-08-02T02:16:32.711+0000] {logging_mixin.py:188} INFO - [2025-08-02T02:16:32.708+0000] {dag.py:3047} INFO - Sync 1 DAGs
[2025-08-02T02:16:32.761+0000] {logging_mixin.py:188} INFO - [2025-08-02T02:16:32.760+0000] {dag.py:3834} INFO - Setting next_dagrun for example_complex to None, run_after=None
[2025-08-02T02:16:32.923+0000] {processor.py:183} INFO - Processing /home/airflow/.local/lib/python3.8/site-packages/airflow/example_dags/example_complex.py took 0.446 seconds
[2025-08-02T02:17:13.670+0000] {processor.py:161} INFO - Started process (PID=3277) to work on /home/airflow/.local/lib/python3.8/site-packages/airflow/example_dags/example_complex.py
[2025-08-02T02:17:13.674+0000] {processor.py:830} INFO - Processing file /home/airflow/.local/lib/python3.8/site-packages/airflow/example_dags/example_complex.py for tasks to queue
[2025-08-02T02:17:13.677+0000] {logging_mixin.py:188} INFO - [2025-08-02T02:17:13.676+0000] {dagbag.py:540} INFO - Filling up the DagBag from /home/airflow/.local/lib/python3.8/site-packages/airflow/example_dags/example_complex.py
[2025-08-02T02:17:13.696+0000] {processor.py:840} INFO - DAG(s) 'example_complex' retrieved from /home/airflow/.local/lib/python3.8/site-packages/airflow/example_dags/example_complex.py
[2025-08-02T02:17:13.938+0000] {logging_mixin.py:188} INFO - [2025-08-02T02:17:13.928+0000] {dag.py:3047} INFO - Sync 1 DAGs
[2025-08-02T02:17:14.065+0000] {logging_mixin.py:188} INFO - [2025-08-02T02:17:14.057+0000] {dag.py:3834} INFO - Setting next_dagrun for example_complex to None, run_after=None
[2025-08-02T02:17:14.409+0000] {processor.py:183} INFO - Processing /home/airflow/.local/lib/python3.8/site-packages/airflow/example_dags/example_complex.py took 0.748 seconds
[2025-08-02T02:18:05.086+0000] {processor.py:161} INFO - Started process (PID=3339) to work on /home/airflow/.local/lib/python3.8/site-packages/airflow/example_dags/example_complex.py
[2025-08-02T02:18:05.090+0000] {processor.py:830} INFO - Processing file /home/airflow/.local/lib/python3.8/site-packages/airflow/example_dags/example_complex.py for tasks to queue
[2025-08-02T02:18:05.092+0000] {logging_mixin.py:188} INFO - [2025-08-02T02:18:05.091+0000] {dagbag.py:540} INFO - Filling up the DagBag from /home/airflow/.local/lib/python3.8/site-packages/airflow/example_dags/example_complex.py
[2025-08-02T02:18:05.177+0000] {processor.py:840} INFO - DAG(s) 'example_complex' retrieved from /home/airflow/.local/lib/python3.8/site-packages/airflow/example_dags/example_complex.py
[2025-08-02T02:18:10.658+0000] {logging_mixin.py:188} INFO - [2025-08-02T02:18:10.645+0000] {dag.py:3047} INFO - Sync 1 DAGs
[2025-08-02T02:18:10.897+0000] {logging_mixin.py:188} INFO - [2025-08-02T02:18:10.894+0000] {dag.py:3834} INFO - Setting next_dagrun for example_complex to None, run_after=None
[2025-08-02T02:18:11.078+0000] {processor.py:183} INFO - Processing /home/airflow/.local/lib/python3.8/site-packages/airflow/example_dags/example_complex.py took 6.007 seconds
[2025-08-02T02:19:01.522+0000] {processor.py:161} INFO - Started process (PID=3403) to work on /home/airflow/.local/lib/python3.8/site-packages/airflow/example_dags/example_complex.py
[2025-08-02T02:19:01.534+0000] {processor.py:830} INFO - Processing file /home/airflow/.local/lib/python3.8/site-packages/airflow/example_dags/example_complex.py for tasks to queue
[2025-08-02T02:19:01.538+0000] {logging_mixin.py:188} INFO - [2025-08-02T02:19:01.537+0000] {dagbag.py:540} INFO - Filling up the DagBag from /home/airflow/.local/lib/python3.8/site-packages/airflow/example_dags/example_complex.py
[2025-08-02T02:19:01.572+0000] {processor.py:840} INFO - DAG(s) 'example_complex' retrieved from /home/airflow/.local/lib/python3.8/site-packages/airflow/example_dags/example_complex.py
[2025-08-02T02:19:01.676+0000] {logging_mixin.py:188} INFO - [2025-08-02T02:19:01.676+0000] {dag.py:3047} INFO - Sync 1 DAGs
[2025-08-02T02:19:04.726+0000] {logging_mixin.py:188} INFO - [2025-08-02T02:19:04.724+0000] {dag.py:3834} INFO - Setting next_dagrun for example_complex to None, run_after=None
[2025-08-02T02:19:04.803+0000] {processor.py:183} INFO - Processing /home/airflow/.local/lib/python3.8/site-packages/airflow/example_dags/example_complex.py took 3.288 seconds
[2025-08-02T02:19:35.933+0000] {processor.py:161} INFO - Started process (PID=3466) to work on /home/airflow/.local/lib/python3.8/site-packages/airflow/example_dags/example_complex.py
[2025-08-02T02:19:35.936+0000] {processor.py:830} INFO - Processing file /home/airflow/.local/lib/python3.8/site-packages/airflow/example_dags/example_complex.py for tasks to queue
[2025-08-02T02:19:35.939+0000] {logging_mixin.py:188} INFO - [2025-08-02T02:19:35.938+0000] {dagbag.py:540} INFO - Filling up the DagBag from /home/airflow/.local/lib/python3.8/site-packages/airflow/example_dags/example_complex.py
[2025-08-02T02:19:35.974+0000] {processor.py:840} INFO - DAG(s) 'example_complex' retrieved from /home/airflow/.local/lib/python3.8/site-packages/airflow/example_dags/example_complex.py
[2025-08-02T02:19:36.303+0000] {logging_mixin.py:188} INFO - [2025-08-02T02:19:36.292+0000] {dag.py:3047} INFO - Sync 1 DAGs
[2025-08-02T02:19:36.351+0000] {logging_mixin.py:188} INFO - [2025-08-02T02:19:36.350+0000] {dag.py:3834} INFO - Setting next_dagrun for example_complex to None, run_after=None
[2025-08-02T02:19:38.816+0000] {processor.py:183} INFO - Processing /home/airflow/.local/lib/python3.8/site-packages/airflow/example_dags/example_complex.py took 2.896 seconds
[2025-08-02T02:20:09.103+0000] {processor.py:161} INFO - Started process (PID=3522) to work on /home/airflow/.local/lib/python3.8/site-packages/airflow/example_dags/example_complex.py
[2025-08-02T02:20:09.105+0000] {processor.py:830} INFO - Processing file /home/airflow/.local/lib/python3.8/site-packages/airflow/example_dags/example_complex.py for tasks to queue
[2025-08-02T02:20:09.106+0000] {logging_mixin.py:188} INFO - [2025-08-02T02:20:09.105+0000] {dagbag.py:540} INFO - Filling up the DagBag from /home/airflow/.local/lib/python3.8/site-packages/airflow/example_dags/example_complex.py
[2025-08-02T02:20:09.122+0000] {processor.py:840} INFO - DAG(s) 'example_complex' retrieved from /home/airflow/.local/lib/python3.8/site-packages/airflow/example_dags/example_complex.py
[2025-08-02T02:20:09.467+0000] {logging_mixin.py:188} INFO - [2025-08-02T02:20:09.465+0000] {dag.py:3047} INFO - Sync 1 DAGs
[2025-08-02T02:20:09.632+0000] {logging_mixin.py:188} INFO - [2025-08-02T02:20:09.630+0000] {dag.py:3834} INFO - Setting next_dagrun for example_complex to None, run_after=None
[2025-08-02T02:20:09.929+0000] {processor.py:183} INFO - Processing /home/airflow/.local/lib/python3.8/site-packages/airflow/example_dags/example_complex.py took 0.833 seconds
[2025-08-02T02:20:44.066+0000] {processor.py:161} INFO - Started process (PID=3578) to work on /home/airflow/.local/lib/python3.8/site-packages/airflow/example_dags/example_complex.py
[2025-08-02T02:20:44.068+0000] {processor.py:830} INFO - Processing file /home/airflow/.local/lib/python3.8/site-packages/airflow/example_dags/example_complex.py for tasks to queue
[2025-08-02T02:20:44.069+0000] {logging_mixin.py:188} INFO - [2025-08-02T02:20:44.069+0000] {dagbag.py:540} INFO - Filling up the DagBag from /home/airflow/.local/lib/python3.8/site-packages/airflow/example_dags/example_complex.py
[2025-08-02T02:20:44.176+0000] {processor.py:840} INFO - DAG(s) 'example_complex' retrieved from /home/airflow/.local/lib/python3.8/site-packages/airflow/example_dags/example_complex.py
[2025-08-02T02:20:44.191+0000] {logging_mixin.py:188} INFO - [2025-08-02T02:20:44.191+0000] {dag.py:3047} INFO - Sync 1 DAGs
[2025-08-02T02:20:44.198+0000] {logging_mixin.py:188} INFO - [2025-08-02T02:20:44.198+0000] {dag.py:3834} INFO - Setting next_dagrun for example_complex to None, run_after=None
[2025-08-02T02:20:44.209+0000] {processor.py:183} INFO - Processing /home/airflow/.local/lib/python3.8/site-packages/airflow/example_dags/example_complex.py took 0.148 seconds
[2025-08-02T02:21:14.637+0000] {processor.py:161} INFO - Started process (PID=3634) to work on /home/airflow/.local/lib/python3.8/site-packages/airflow/example_dags/example_complex.py
[2025-08-02T02:21:14.645+0000] {processor.py:830} INFO - Processing file /home/airflow/.local/lib/python3.8/site-packages/airflow/example_dags/example_complex.py for tasks to queue
[2025-08-02T02:21:14.647+0000] {logging_mixin.py:188} INFO - [2025-08-02T02:21:14.646+0000] {dagbag.py:540} INFO - Filling up the DagBag from /home/airflow/.local/lib/python3.8/site-packages/airflow/example_dags/example_complex.py
[2025-08-02T02:21:14.669+0000] {processor.py:840} INFO - DAG(s) 'example_complex' retrieved from /home/airflow/.local/lib/python3.8/site-packages/airflow/example_dags/example_complex.py
[2025-08-02T02:21:14.768+0000] {logging_mixin.py:188} INFO - [2025-08-02T02:21:14.768+0000] {dag.py:3047} INFO - Sync 1 DAGs
[2025-08-02T02:21:14.838+0000] {logging_mixin.py:188} INFO - [2025-08-02T02:21:14.837+0000] {dag.py:3834} INFO - Setting next_dagrun for example_complex to None, run_after=None
[2025-08-02T02:21:14.893+0000] {processor.py:183} INFO - Processing /home/airflow/.local/lib/python3.8/site-packages/airflow/example_dags/example_complex.py took 0.285 seconds
[2025-08-02T02:21:50.716+0000] {processor.py:161} INFO - Started process (PID=3691) to work on /home/airflow/.local/lib/python3.8/site-packages/airflow/example_dags/example_complex.py
[2025-08-02T02:21:50.718+0000] {processor.py:830} INFO - Processing file /home/airflow/.local/lib/python3.8/site-packages/airflow/example_dags/example_complex.py for tasks to queue
[2025-08-02T02:21:50.720+0000] {logging_mixin.py:188} INFO - [2025-08-02T02:21:50.719+0000] {dagbag.py:540} INFO - Filling up the DagBag from /home/airflow/.local/lib/python3.8/site-packages/airflow/example_dags/example_complex.py
[2025-08-02T02:21:50.752+0000] {processor.py:840} INFO - DAG(s) 'example_complex' retrieved from /home/airflow/.local/lib/python3.8/site-packages/airflow/example_dags/example_complex.py
[2025-08-02T02:21:50.829+0000] {logging_mixin.py:188} INFO - [2025-08-02T02:21:50.828+0000] {dag.py:3047} INFO - Sync 1 DAGs
[2025-08-02T02:21:50.850+0000] {logging_mixin.py:188} INFO - [2025-08-02T02:21:50.850+0000] {dag.py:3834} INFO - Setting next_dagrun for example_complex to None, run_after=None
[2025-08-02T02:21:50.871+0000] {processor.py:183} INFO - Processing /home/airflow/.local/lib/python3.8/site-packages/airflow/example_dags/example_complex.py took 0.178 seconds
[2025-08-02T02:22:22.682+0000] {processor.py:161} INFO - Started process (PID=3747) to work on /home/airflow/.local/lib/python3.8/site-packages/airflow/example_dags/example_complex.py
[2025-08-02T02:22:22.684+0000] {processor.py:830} INFO - Processing file /home/airflow/.local/lib/python3.8/site-packages/airflow/example_dags/example_complex.py for tasks to queue
[2025-08-02T02:22:22.686+0000] {logging_mixin.py:188} INFO - [2025-08-02T02:22:22.685+0000] {dagbag.py:540} INFO - Filling up the DagBag from /home/airflow/.local/lib/python3.8/site-packages/airflow/example_dags/example_complex.py
[2025-08-02T02:22:22.710+0000] {processor.py:840} INFO - DAG(s) 'example_complex' retrieved from /home/airflow/.local/lib/python3.8/site-packages/airflow/example_dags/example_complex.py
[2025-08-02T02:22:22.833+0000] {logging_mixin.py:188} INFO - [2025-08-02T02:22:22.832+0000] {dag.py:3047} INFO - Sync 1 DAGs
[2025-08-02T02:22:22.883+0000] {logging_mixin.py:188} INFO - [2025-08-02T02:22:22.883+0000] {dag.py:3834} INFO - Setting next_dagrun for example_complex to None, run_after=None
[2025-08-02T02:22:22.912+0000] {processor.py:183} INFO - Processing /home/airflow/.local/lib/python3.8/site-packages/airflow/example_dags/example_complex.py took 0.242 seconds
[2025-08-02T02:22:53.124+0000] {processor.py:161} INFO - Started process (PID=3805) to work on /home/airflow/.local/lib/python3.8/site-packages/airflow/example_dags/example_complex.py
[2025-08-02T02:22:53.128+0000] {processor.py:830} INFO - Processing file /home/airflow/.local/lib/python3.8/site-packages/airflow/example_dags/example_complex.py for tasks to queue
[2025-08-02T02:22:53.130+0000] {logging_mixin.py:188} INFO - [2025-08-02T02:22:53.130+0000] {dagbag.py:540} INFO - Filling up the DagBag from /home/airflow/.local/lib/python3.8/site-packages/airflow/example_dags/example_complex.py
[2025-08-02T02:22:53.175+0000] {processor.py:840} INFO - DAG(s) 'example_complex' retrieved from /home/airflow/.local/lib/python3.8/site-packages/airflow/example_dags/example_complex.py
[2025-08-02T02:22:53.261+0000] {logging_mixin.py:188} INFO - [2025-08-02T02:22:53.260+0000] {dag.py:3047} INFO - Sync 1 DAGs
[2025-08-02T02:22:53.316+0000] {logging_mixin.py:188} INFO - [2025-08-02T02:22:53.315+0000] {dag.py:3834} INFO - Setting next_dagrun for example_complex to None, run_after=None
[2025-08-02T02:22:53.382+0000] {processor.py:183} INFO - Processing /home/airflow/.local/lib/python3.8/site-packages/airflow/example_dags/example_complex.py took 0.264 seconds
[2025-08-02T02:23:24.167+0000] {processor.py:161} INFO - Started process (PID=3860) to work on /home/airflow/.local/lib/python3.8/site-packages/airflow/example_dags/example_complex.py
[2025-08-02T02:23:24.187+0000] {processor.py:830} INFO - Processing file /home/airflow/.local/lib/python3.8/site-packages/airflow/example_dags/example_complex.py for tasks to queue
[2025-08-02T02:23:24.197+0000] {logging_mixin.py:188} INFO - [2025-08-02T02:23:24.191+0000] {dagbag.py:540} INFO - Filling up the DagBag from /home/airflow/.local/lib/python3.8/site-packages/airflow/example_dags/example_complex.py
[2025-08-02T02:23:24.226+0000] {processor.py:840} INFO - DAG(s) 'example_complex' retrieved from /home/airflow/.local/lib/python3.8/site-packages/airflow/example_dags/example_complex.py
[2025-08-02T02:23:24.473+0000] {logging_mixin.py:188} INFO - [2025-08-02T02:23:24.463+0000] {dag.py:3047} INFO - Sync 1 DAGs
[2025-08-02T02:23:24.818+0000] {logging_mixin.py:188} INFO - [2025-08-02T02:23:24.809+0000] {dag.py:3834} INFO - Setting next_dagrun for example_complex to None, run_after=None
[2025-08-02T02:23:25.432+0000] {processor.py:183} INFO - Processing /home/airflow/.local/lib/python3.8/site-packages/airflow/example_dags/example_complex.py took 1.271 seconds
[2025-08-02T02:23:55.819+0000] {processor.py:161} INFO - Started process (PID=3916) to work on /home/airflow/.local/lib/python3.8/site-packages/airflow/example_dags/example_complex.py
[2025-08-02T02:23:55.821+0000] {processor.py:830} INFO - Processing file /home/airflow/.local/lib/python3.8/site-packages/airflow/example_dags/example_complex.py for tasks to queue
[2025-08-02T02:23:55.824+0000] {logging_mixin.py:188} INFO - [2025-08-02T02:23:55.822+0000] {dagbag.py:540} INFO - Filling up the DagBag from /home/airflow/.local/lib/python3.8/site-packages/airflow/example_dags/example_complex.py
[2025-08-02T02:23:55.862+0000] {processor.py:840} INFO - DAG(s) 'example_complex' retrieved from /home/airflow/.local/lib/python3.8/site-packages/airflow/example_dags/example_complex.py
[2025-08-02T02:23:55.964+0000] {logging_mixin.py:188} INFO - [2025-08-02T02:23:55.964+0000] {dag.py:3047} INFO - Sync 1 DAGs
[2025-08-02T02:23:56.015+0000] {logging_mixin.py:188} INFO - [2025-08-02T02:23:56.015+0000] {dag.py:3834} INFO - Setting next_dagrun for example_complex to None, run_after=None
[2025-08-02T02:23:56.047+0000] {processor.py:183} INFO - Processing /home/airflow/.local/lib/python3.8/site-packages/airflow/example_dags/example_complex.py took 0.234 seconds
[2025-08-02T02:24:26.967+0000] {processor.py:161} INFO - Started process (PID=3971) to work on /home/airflow/.local/lib/python3.8/site-packages/airflow/example_dags/example_complex.py
[2025-08-02T02:24:26.986+0000] {processor.py:830} INFO - Processing file /home/airflow/.local/lib/python3.8/site-packages/airflow/example_dags/example_complex.py for tasks to queue
[2025-08-02T02:24:26.993+0000] {logging_mixin.py:188} INFO - [2025-08-02T02:24:26.991+0000] {dagbag.py:540} INFO - Filling up the DagBag from /home/airflow/.local/lib/python3.8/site-packages/airflow/example_dags/example_complex.py
[2025-08-02T02:24:27.041+0000] {processor.py:840} INFO - DAG(s) 'example_complex' retrieved from /home/airflow/.local/lib/python3.8/site-packages/airflow/example_dags/example_complex.py
[2025-08-02T02:24:27.123+0000] {logging_mixin.py:188} INFO - [2025-08-02T02:24:27.122+0000] {dag.py:3047} INFO - Sync 1 DAGs
[2025-08-02T02:24:27.142+0000] {logging_mixin.py:188} INFO - [2025-08-02T02:24:27.142+0000] {dag.py:3834} INFO - Setting next_dagrun for example_complex to None, run_after=None
[2025-08-02T02:24:27.190+0000] {processor.py:183} INFO - Processing /home/airflow/.local/lib/python3.8/site-packages/airflow/example_dags/example_complex.py took 0.263 seconds
[2025-08-02T02:24:58.000+0000] {processor.py:161} INFO - Started process (PID=4026) to work on /home/airflow/.local/lib/python3.8/site-packages/airflow/example_dags/example_complex.py
[2025-08-02T02:24:58.004+0000] {processor.py:830} INFO - Processing file /home/airflow/.local/lib/python3.8/site-packages/airflow/example_dags/example_complex.py for tasks to queue
[2025-08-02T02:24:58.007+0000] {logging_mixin.py:188} INFO - [2025-08-02T02:24:58.006+0000] {dagbag.py:540} INFO - Filling up the DagBag from /home/airflow/.local/lib/python3.8/site-packages/airflow/example_dags/example_complex.py
[2025-08-02T02:24:58.070+0000] {processor.py:840} INFO - DAG(s) 'example_complex' retrieved from /home/airflow/.local/lib/python3.8/site-packages/airflow/example_dags/example_complex.py
[2025-08-02T02:24:58.789+0000] {logging_mixin.py:188} INFO - [2025-08-02T02:24:58.680+0000] {dag.py:3047} INFO - Sync 1 DAGs
[2025-08-02T02:24:59.170+0000] {logging_mixin.py:188} INFO - [2025-08-02T02:24:59.131+0000] {dag.py:3834} INFO - Setting next_dagrun for example_complex to None, run_after=None
[2025-08-02T02:25:00.027+0000] {processor.py:183} INFO - Processing /home/airflow/.local/lib/python3.8/site-packages/airflow/example_dags/example_complex.py took 2.047 seconds
[2025-08-02T02:25:44.207+0000] {processor.py:161} INFO - Started process (PID=4085) to work on /home/airflow/.local/lib/python3.8/site-packages/airflow/example_dags/example_complex.py
[2025-08-02T02:25:44.213+0000] {processor.py:830} INFO - Processing file /home/airflow/.local/lib/python3.8/site-packages/airflow/example_dags/example_complex.py for tasks to queue
[2025-08-02T02:25:44.218+0000] {logging_mixin.py:188} INFO - [2025-08-02T02:25:44.217+0000] {dagbag.py:540} INFO - Filling up the DagBag from /home/airflow/.local/lib/python3.8/site-packages/airflow/example_dags/example_complex.py
[2025-08-02T02:25:44.246+0000] {processor.py:840} INFO - DAG(s) 'example_complex' retrieved from /home/airflow/.local/lib/python3.8/site-packages/airflow/example_dags/example_complex.py
[2025-08-02T02:25:44.328+0000] {logging_mixin.py:188} INFO - [2025-08-02T02:25:44.327+0000] {dag.py:3047} INFO - Sync 1 DAGs
[2025-08-02T02:25:44.362+0000] {logging_mixin.py:188} INFO - [2025-08-02T02:25:44.362+0000] {dag.py:3834} INFO - Setting next_dagrun for example_complex to None, run_after=None
[2025-08-02T02:25:44.455+0000] {processor.py:183} INFO - Processing /home/airflow/.local/lib/python3.8/site-packages/airflow/example_dags/example_complex.py took 0.255 seconds
[2025-08-02T02:26:22.768+0000] {processor.py:161} INFO - Started process (PID=4142) to work on /home/airflow/.local/lib/python3.8/site-packages/airflow/example_dags/example_complex.py
[2025-08-02T02:26:22.771+0000] {processor.py:830} INFO - Processing file /home/airflow/.local/lib/python3.8/site-packages/airflow/example_dags/example_complex.py for tasks to queue
[2025-08-02T02:26:22.772+0000] {logging_mixin.py:188} INFO - [2025-08-02T02:26:22.772+0000] {dagbag.py:540} INFO - Filling up the DagBag from /home/airflow/.local/lib/python3.8/site-packages/airflow/example_dags/example_complex.py
[2025-08-02T02:26:22.781+0000] {processor.py:840} INFO - DAG(s) 'example_complex' retrieved from /home/airflow/.local/lib/python3.8/site-packages/airflow/example_dags/example_complex.py
[2025-08-02T02:26:22.814+0000] {logging_mixin.py:188} INFO - [2025-08-02T02:26:22.813+0000] {dag.py:3047} INFO - Sync 1 DAGs
[2025-08-02T02:26:22.851+0000] {logging_mixin.py:188} INFO - [2025-08-02T02:26:22.851+0000] {dag.py:3834} INFO - Setting next_dagrun for example_complex to None, run_after=None
[2025-08-02T02:26:22.914+0000] {processor.py:183} INFO - Processing /home/airflow/.local/lib/python3.8/site-packages/airflow/example_dags/example_complex.py took 0.151 seconds
[2025-08-02T02:27:18.851+0000] {processor.py:161} INFO - Started process (PID=4214) to work on /home/airflow/.local/lib/python3.8/site-packages/airflow/example_dags/example_complex.py
[2025-08-02T02:27:18.858+0000] {processor.py:830} INFO - Processing file /home/airflow/.local/lib/python3.8/site-packages/airflow/example_dags/example_complex.py for tasks to queue
[2025-08-02T02:27:18.864+0000] {logging_mixin.py:188} INFO - [2025-08-02T02:27:18.862+0000] {dagbag.py:540} INFO - Filling up the DagBag from /home/airflow/.local/lib/python3.8/site-packages/airflow/example_dags/example_complex.py
[2025-08-02T02:27:18.901+0000] {processor.py:840} INFO - DAG(s) 'example_complex' retrieved from /home/airflow/.local/lib/python3.8/site-packages/airflow/example_dags/example_complex.py
[2025-08-02T02:27:19.093+0000] {logging_mixin.py:188} INFO - [2025-08-02T02:27:19.091+0000] {dag.py:3047} INFO - Sync 1 DAGs
[2025-08-02T02:27:19.150+0000] {logging_mixin.py:188} INFO - [2025-08-02T02:27:19.148+0000] {dag.py:3834} INFO - Setting next_dagrun for example_complex to None, run_after=None
[2025-08-02T02:27:19.273+0000] {processor.py:183} INFO - Processing /home/airflow/.local/lib/python3.8/site-packages/airflow/example_dags/example_complex.py took 0.433 seconds
[2025-08-02T02:27:49.464+0000] {processor.py:161} INFO - Started process (PID=4270) to work on /home/airflow/.local/lib/python3.8/site-packages/airflow/example_dags/example_complex.py
[2025-08-02T02:27:49.467+0000] {processor.py:830} INFO - Processing file /home/airflow/.local/lib/python3.8/site-packages/airflow/example_dags/example_complex.py for tasks to queue
[2025-08-02T02:27:49.468+0000] {logging_mixin.py:188} INFO - [2025-08-02T02:27:49.468+0000] {dagbag.py:540} INFO - Filling up the DagBag from /home/airflow/.local/lib/python3.8/site-packages/airflow/example_dags/example_complex.py
[2025-08-02T02:27:49.478+0000] {processor.py:840} INFO - DAG(s) 'example_complex' retrieved from /home/airflow/.local/lib/python3.8/site-packages/airflow/example_dags/example_complex.py
[2025-08-02T02:27:49.543+0000] {logging_mixin.py:188} INFO - [2025-08-02T02:27:49.543+0000] {dag.py:3047} INFO - Sync 1 DAGs
[2025-08-02T02:27:49.574+0000] {logging_mixin.py:188} INFO - [2025-08-02T02:27:49.573+0000] {dag.py:3834} INFO - Setting next_dagrun for example_complex to None, run_after=None
[2025-08-02T02:27:49.618+0000] {processor.py:183} INFO - Processing /home/airflow/.local/lib/python3.8/site-packages/airflow/example_dags/example_complex.py took 0.157 seconds
[2025-08-02T02:28:20.648+0000] {processor.py:161} INFO - Started process (PID=4326) to work on /home/airflow/.local/lib/python3.8/site-packages/airflow/example_dags/example_complex.py
[2025-08-02T02:28:20.651+0000] {processor.py:830} INFO - Processing file /home/airflow/.local/lib/python3.8/site-packages/airflow/example_dags/example_complex.py for tasks to queue
[2025-08-02T02:28:20.654+0000] {logging_mixin.py:188} INFO - [2025-08-02T02:28:20.653+0000] {dagbag.py:540} INFO - Filling up the DagBag from /home/airflow/.local/lib/python3.8/site-packages/airflow/example_dags/example_complex.py
[2025-08-02T02:28:20.691+0000] {processor.py:840} INFO - DAG(s) 'example_complex' retrieved from /home/airflow/.local/lib/python3.8/site-packages/airflow/example_dags/example_complex.py
[2025-08-02T02:28:20.734+0000] {logging_mixin.py:188} INFO - [2025-08-02T02:28:20.733+0000] {dag.py:3047} INFO - Sync 1 DAGs
[2025-08-02T02:28:20.758+0000] {logging_mixin.py:188} INFO - [2025-08-02T02:28:20.757+0000] {dag.py:3834} INFO - Setting next_dagrun for example_complex to None, run_after=None
[2025-08-02T02:28:20.803+0000] {processor.py:183} INFO - Processing /home/airflow/.local/lib/python3.8/site-packages/airflow/example_dags/example_complex.py took 0.161 seconds
[2025-08-02T02:29:15.247+0000] {processor.py:161} INFO - Started process (PID=4404) to work on /home/airflow/.local/lib/python3.8/site-packages/airflow/example_dags/example_complex.py
[2025-08-02T02:29:15.250+0000] {processor.py:830} INFO - Processing file /home/airflow/.local/lib/python3.8/site-packages/airflow/example_dags/example_complex.py for tasks to queue
[2025-08-02T02:29:15.253+0000] {logging_mixin.py:188} INFO - [2025-08-02T02:29:15.252+0000] {dagbag.py:540} INFO - Filling up the DagBag from /home/airflow/.local/lib/python3.8/site-packages/airflow/example_dags/example_complex.py
[2025-08-02T02:29:15.286+0000] {processor.py:840} INFO - DAG(s) 'example_complex' retrieved from /home/airflow/.local/lib/python3.8/site-packages/airflow/example_dags/example_complex.py
[2025-08-02T02:29:15.341+0000] {logging_mixin.py:188} INFO - [2025-08-02T02:29:15.340+0000] {dag.py:3047} INFO - Sync 1 DAGs
[2025-08-02T02:29:15.382+0000] {logging_mixin.py:188} INFO - [2025-08-02T02:29:15.381+0000] {dag.py:3834} INFO - Setting next_dagrun for example_complex to None, run_after=None
[2025-08-02T02:29:15.481+0000] {processor.py:183} INFO - Processing /home/airflow/.local/lib/python3.8/site-packages/airflow/example_dags/example_complex.py took 0.242 seconds
[2025-08-02T02:30:14.914+0000] {processor.py:161} INFO - Started process (PID=4465) to work on /home/airflow/.local/lib/python3.8/site-packages/airflow/example_dags/example_complex.py
[2025-08-02T02:30:14.934+0000] {processor.py:830} INFO - Processing file /home/airflow/.local/lib/python3.8/site-packages/airflow/example_dags/example_complex.py for tasks to queue
[2025-08-02T02:30:14.941+0000] {logging_mixin.py:188} INFO - [2025-08-02T02:30:14.939+0000] {dagbag.py:540} INFO - Filling up the DagBag from /home/airflow/.local/lib/python3.8/site-packages/airflow/example_dags/example_complex.py
[2025-08-02T02:30:15.029+0000] {processor.py:840} INFO - DAG(s) 'example_complex' retrieved from /home/airflow/.local/lib/python3.8/site-packages/airflow/example_dags/example_complex.py
[2025-08-02T02:30:15.281+0000] {logging_mixin.py:188} INFO - [2025-08-02T02:30:15.279+0000] {dag.py:3047} INFO - Sync 1 DAGs
[2025-08-02T02:30:15.356+0000] {logging_mixin.py:188} INFO - [2025-08-02T02:30:15.355+0000] {dag.py:3834} INFO - Setting next_dagrun for example_complex to None, run_after=None
[2025-08-02T02:30:15.397+0000] {processor.py:183} INFO - Processing /home/airflow/.local/lib/python3.8/site-packages/airflow/example_dags/example_complex.py took 0.496 seconds
[2025-08-02T02:30:48.186+0000] {processor.py:161} INFO - Started process (PID=4526) to work on /home/airflow/.local/lib/python3.8/site-packages/airflow/example_dags/example_complex.py
[2025-08-02T02:30:48.187+0000] {processor.py:830} INFO - Processing file /home/airflow/.local/lib/python3.8/site-packages/airflow/example_dags/example_complex.py for tasks to queue
[2025-08-02T02:30:48.190+0000] {logging_mixin.py:188} INFO - [2025-08-02T02:30:48.189+0000] {dagbag.py:540} INFO - Filling up the DagBag from /home/airflow/.local/lib/python3.8/site-packages/airflow/example_dags/example_complex.py
[2025-08-02T02:30:48.234+0000] {processor.py:840} INFO - DAG(s) 'example_complex' retrieved from /home/airflow/.local/lib/python3.8/site-packages/airflow/example_dags/example_complex.py
[2025-08-02T02:30:48.307+0000] {logging_mixin.py:188} INFO - [2025-08-02T02:30:48.306+0000] {dag.py:3047} INFO - Sync 1 DAGs
[2025-08-02T02:30:48.321+0000] {logging_mixin.py:188} INFO - [2025-08-02T02:30:48.321+0000] {dag.py:3834} INFO - Setting next_dagrun for example_complex to None, run_after=None
[2025-08-02T02:30:48.371+0000] {processor.py:183} INFO - Processing /home/airflow/.local/lib/python3.8/site-packages/airflow/example_dags/example_complex.py took 0.191 seconds
[2025-08-02T02:36:58.789+0000] {processor.py:161} INFO - Started process (PID=105) to work on /home/airflow/.local/lib/python3.8/site-packages/airflow/example_dags/example_complex.py
[2025-08-02T02:36:58.791+0000] {processor.py:830} INFO - Processing file /home/airflow/.local/lib/python3.8/site-packages/airflow/example_dags/example_complex.py for tasks to queue
[2025-08-02T02:36:58.793+0000] {logging_mixin.py:188} INFO - [2025-08-02T02:36:58.793+0000] {dagbag.py:540} INFO - Filling up the DagBag from /home/airflow/.local/lib/python3.8/site-packages/airflow/example_dags/example_complex.py
[2025-08-02T02:36:58.809+0000] {processor.py:840} INFO - DAG(s) 'example_complex' retrieved from /home/airflow/.local/lib/python3.8/site-packages/airflow/example_dags/example_complex.py
[2025-08-02T02:36:58.970+0000] {logging_mixin.py:188} INFO - [2025-08-02T02:36:58.969+0000] {dag.py:3047} INFO - Sync 1 DAGs
[2025-08-02T02:36:58.984+0000] {logging_mixin.py:188} INFO - [2025-08-02T02:36:58.984+0000] {dag.py:3834} INFO - Setting next_dagrun for example_complex to None, run_after=None
[2025-08-02T02:36:59.069+0000] {processor.py:183} INFO - Processing /home/airflow/.local/lib/python3.8/site-packages/airflow/example_dags/example_complex.py took 0.286 seconds
[2025-08-02T02:37:29.774+0000] {processor.py:161} INFO - Started process (PID=161) to work on /home/airflow/.local/lib/python3.8/site-packages/airflow/example_dags/example_complex.py
[2025-08-02T02:37:29.779+0000] {processor.py:830} INFO - Processing file /home/airflow/.local/lib/python3.8/site-packages/airflow/example_dags/example_complex.py for tasks to queue
[2025-08-02T02:37:29.784+0000] {logging_mixin.py:188} INFO - [2025-08-02T02:37:29.783+0000] {dagbag.py:540} INFO - Filling up the DagBag from /home/airflow/.local/lib/python3.8/site-packages/airflow/example_dags/example_complex.py
[2025-08-02T02:37:29.820+0000] {processor.py:840} INFO - DAG(s) 'example_complex' retrieved from /home/airflow/.local/lib/python3.8/site-packages/airflow/example_dags/example_complex.py
[2025-08-02T02:37:29.875+0000] {logging_mixin.py:188} INFO - [2025-08-02T02:37:29.875+0000] {dag.py:3047} INFO - Sync 1 DAGs
[2025-08-02T02:37:29.990+0000] {logging_mixin.py:188} INFO - [2025-08-02T02:37:29.988+0000] {dag.py:3834} INFO - Setting next_dagrun for example_complex to None, run_after=None
[2025-08-02T02:37:30.083+0000] {processor.py:183} INFO - Processing /home/airflow/.local/lib/python3.8/site-packages/airflow/example_dags/example_complex.py took 0.325 seconds
[2025-08-02T02:38:00.999+0000] {processor.py:161} INFO - Started process (PID=217) to work on /home/airflow/.local/lib/python3.8/site-packages/airflow/example_dags/example_complex.py
[2025-08-02T02:38:01.003+0000] {processor.py:830} INFO - Processing file /home/airflow/.local/lib/python3.8/site-packages/airflow/example_dags/example_complex.py for tasks to queue
[2025-08-02T02:38:01.007+0000] {logging_mixin.py:188} INFO - [2025-08-02T02:38:01.006+0000] {dagbag.py:540} INFO - Filling up the DagBag from /home/airflow/.local/lib/python3.8/site-packages/airflow/example_dags/example_complex.py
[2025-08-02T02:38:01.024+0000] {processor.py:840} INFO - DAG(s) 'example_complex' retrieved from /home/airflow/.local/lib/python3.8/site-packages/airflow/example_dags/example_complex.py
[2025-08-02T02:38:01.089+0000] {logging_mixin.py:188} INFO - [2025-08-02T02:38:01.089+0000] {dag.py:3047} INFO - Sync 1 DAGs
[2025-08-02T02:38:01.105+0000] {logging_mixin.py:188} INFO - [2025-08-02T02:38:01.105+0000] {dag.py:3834} INFO - Setting next_dagrun for example_complex to None, run_after=None
[2025-08-02T02:38:01.141+0000] {processor.py:183} INFO - Processing /home/airflow/.local/lib/python3.8/site-packages/airflow/example_dags/example_complex.py took 0.165 seconds
[2025-08-02T02:38:31.604+0000] {processor.py:161} INFO - Started process (PID=273) to work on /home/airflow/.local/lib/python3.8/site-packages/airflow/example_dags/example_complex.py
[2025-08-02T02:38:31.608+0000] {processor.py:830} INFO - Processing file /home/airflow/.local/lib/python3.8/site-packages/airflow/example_dags/example_complex.py for tasks to queue
[2025-08-02T02:38:31.612+0000] {logging_mixin.py:188} INFO - [2025-08-02T02:38:31.611+0000] {dagbag.py:540} INFO - Filling up the DagBag from /home/airflow/.local/lib/python3.8/site-packages/airflow/example_dags/example_complex.py
[2025-08-02T02:38:31.651+0000] {processor.py:840} INFO - DAG(s) 'example_complex' retrieved from /home/airflow/.local/lib/python3.8/site-packages/airflow/example_dags/example_complex.py
[2025-08-02T02:38:31.881+0000] {logging_mixin.py:188} INFO - [2025-08-02T02:38:31.880+0000] {dag.py:3047} INFO - Sync 1 DAGs
[2025-08-02T02:38:31.964+0000] {logging_mixin.py:188} INFO - [2025-08-02T02:38:31.962+0000] {dag.py:3834} INFO - Setting next_dagrun for example_complex to None, run_after=None
[2025-08-02T02:38:32.248+0000] {processor.py:183} INFO - Processing /home/airflow/.local/lib/python3.8/site-packages/airflow/example_dags/example_complex.py took 0.653 seconds
[2025-08-02T02:39:03.316+0000] {processor.py:161} INFO - Started process (PID=329) to work on /home/airflow/.local/lib/python3.8/site-packages/airflow/example_dags/example_complex.py
[2025-08-02T02:39:03.319+0000] {processor.py:830} INFO - Processing file /home/airflow/.local/lib/python3.8/site-packages/airflow/example_dags/example_complex.py for tasks to queue
[2025-08-02T02:39:03.335+0000] {logging_mixin.py:188} INFO - [2025-08-02T02:39:03.334+0000] {dagbag.py:540} INFO - Filling up the DagBag from /home/airflow/.local/lib/python3.8/site-packages/airflow/example_dags/example_complex.py
[2025-08-02T02:39:03.354+0000] {processor.py:840} INFO - DAG(s) 'example_complex' retrieved from /home/airflow/.local/lib/python3.8/site-packages/airflow/example_dags/example_complex.py
[2025-08-02T02:39:03.427+0000] {logging_mixin.py:188} INFO - [2025-08-02T02:39:03.426+0000] {dag.py:3047} INFO - Sync 1 DAGs
[2025-08-02T02:39:03.452+0000] {logging_mixin.py:188} INFO - [2025-08-02T02:39:03.452+0000] {dag.py:3834} INFO - Setting next_dagrun for example_complex to None, run_after=None
[2025-08-02T02:39:03.491+0000] {processor.py:183} INFO - Processing /home/airflow/.local/lib/python3.8/site-packages/airflow/example_dags/example_complex.py took 0.192 seconds
[2025-08-02T02:39:34.448+0000] {processor.py:161} INFO - Started process (PID=384) to work on /home/airflow/.local/lib/python3.8/site-packages/airflow/example_dags/example_complex.py
[2025-08-02T02:39:34.450+0000] {processor.py:830} INFO - Processing file /home/airflow/.local/lib/python3.8/site-packages/airflow/example_dags/example_complex.py for tasks to queue
[2025-08-02T02:39:34.454+0000] {logging_mixin.py:188} INFO - [2025-08-02T02:39:34.454+0000] {dagbag.py:540} INFO - Filling up the DagBag from /home/airflow/.local/lib/python3.8/site-packages/airflow/example_dags/example_complex.py
[2025-08-02T02:39:34.482+0000] {processor.py:840} INFO - DAG(s) 'example_complex' retrieved from /home/airflow/.local/lib/python3.8/site-packages/airflow/example_dags/example_complex.py
[2025-08-02T02:39:34.557+0000] {logging_mixin.py:188} INFO - [2025-08-02T02:39:34.556+0000] {dag.py:3047} INFO - Sync 1 DAGs
[2025-08-02T02:39:34.575+0000] {logging_mixin.py:188} INFO - [2025-08-02T02:39:34.575+0000] {dag.py:3834} INFO - Setting next_dagrun for example_complex to None, run_after=None
[2025-08-02T02:39:34.610+0000] {processor.py:183} INFO - Processing /home/airflow/.local/lib/python3.8/site-packages/airflow/example_dags/example_complex.py took 0.170 seconds
[2025-08-02T02:40:04.919+0000] {processor.py:161} INFO - Started process (PID=440) to work on /home/airflow/.local/lib/python3.8/site-packages/airflow/example_dags/example_complex.py
[2025-08-02T02:40:04.925+0000] {processor.py:830} INFO - Processing file /home/airflow/.local/lib/python3.8/site-packages/airflow/example_dags/example_complex.py for tasks to queue
[2025-08-02T02:40:04.942+0000] {logging_mixin.py:188} INFO - [2025-08-02T02:40:04.939+0000] {dagbag.py:540} INFO - Filling up the DagBag from /home/airflow/.local/lib/python3.8/site-packages/airflow/example_dags/example_complex.py
[2025-08-02T02:40:04.995+0000] {processor.py:840} INFO - DAG(s) 'example_complex' retrieved from /home/airflow/.local/lib/python3.8/site-packages/airflow/example_dags/example_complex.py
[2025-08-02T02:40:05.102+0000] {logging_mixin.py:188} INFO - [2025-08-02T02:40:05.102+0000] {dag.py:3047} INFO - Sync 1 DAGs
[2025-08-02T02:40:05.118+0000] {logging_mixin.py:188} INFO - [2025-08-02T02:40:05.117+0000] {dag.py:3834} INFO - Setting next_dagrun for example_complex to None, run_after=None
[2025-08-02T02:40:05.153+0000] {processor.py:183} INFO - Processing /home/airflow/.local/lib/python3.8/site-packages/airflow/example_dags/example_complex.py took 0.269 seconds
[2025-08-02T02:40:35.719+0000] {processor.py:161} INFO - Started process (PID=496) to work on /home/airflow/.local/lib/python3.8/site-packages/airflow/example_dags/example_complex.py
[2025-08-02T02:40:35.731+0000] {processor.py:830} INFO - Processing file /home/airflow/.local/lib/python3.8/site-packages/airflow/example_dags/example_complex.py for tasks to queue
[2025-08-02T02:40:35.739+0000] {logging_mixin.py:188} INFO - [2025-08-02T02:40:35.739+0000] {dagbag.py:540} INFO - Filling up the DagBag from /home/airflow/.local/lib/python3.8/site-packages/airflow/example_dags/example_complex.py
[2025-08-02T02:40:35.760+0000] {processor.py:840} INFO - DAG(s) 'example_complex' retrieved from /home/airflow/.local/lib/python3.8/site-packages/airflow/example_dags/example_complex.py
[2025-08-02T02:40:35.823+0000] {logging_mixin.py:188} INFO - [2025-08-02T02:40:35.822+0000] {dag.py:3047} INFO - Sync 1 DAGs
[2025-08-02T02:40:35.852+0000] {logging_mixin.py:188} INFO - [2025-08-02T02:40:35.852+0000] {dag.py:3834} INFO - Setting next_dagrun for example_complex to None, run_after=None
[2025-08-02T02:40:35.894+0000] {processor.py:183} INFO - Processing /home/airflow/.local/lib/python3.8/site-packages/airflow/example_dags/example_complex.py took 0.184 seconds
[2025-08-02T02:41:06.390+0000] {processor.py:161} INFO - Started process (PID=552) to work on /home/airflow/.local/lib/python3.8/site-packages/airflow/example_dags/example_complex.py
[2025-08-02T02:41:06.400+0000] {processor.py:830} INFO - Processing file /home/airflow/.local/lib/python3.8/site-packages/airflow/example_dags/example_complex.py for tasks to queue
[2025-08-02T02:41:06.418+0000] {logging_mixin.py:188} INFO - [2025-08-02T02:41:06.416+0000] {dagbag.py:540} INFO - Filling up the DagBag from /home/airflow/.local/lib/python3.8/site-packages/airflow/example_dags/example_complex.py
[2025-08-02T02:41:06.462+0000] {processor.py:840} INFO - DAG(s) 'example_complex' retrieved from /home/airflow/.local/lib/python3.8/site-packages/airflow/example_dags/example_complex.py
[2025-08-02T02:41:06.605+0000] {logging_mixin.py:188} INFO - [2025-08-02T02:41:06.605+0000] {dag.py:3047} INFO - Sync 1 DAGs
[2025-08-02T02:41:06.640+0000] {logging_mixin.py:188} INFO - [2025-08-02T02:41:06.640+0000] {dag.py:3834} INFO - Setting next_dagrun for example_complex to None, run_after=None
[2025-08-02T02:41:06.681+0000] {processor.py:183} INFO - Processing /home/airflow/.local/lib/python3.8/site-packages/airflow/example_dags/example_complex.py took 0.305 seconds
[2025-08-02T02:41:37.238+0000] {processor.py:161} INFO - Started process (PID=608) to work on /home/airflow/.local/lib/python3.8/site-packages/airflow/example_dags/example_complex.py
[2025-08-02T02:41:37.243+0000] {processor.py:830} INFO - Processing file /home/airflow/.local/lib/python3.8/site-packages/airflow/example_dags/example_complex.py for tasks to queue
[2025-08-02T02:41:37.250+0000] {logging_mixin.py:188} INFO - [2025-08-02T02:41:37.249+0000] {dagbag.py:540} INFO - Filling up the DagBag from /home/airflow/.local/lib/python3.8/site-packages/airflow/example_dags/example_complex.py
[2025-08-02T02:41:37.273+0000] {processor.py:840} INFO - DAG(s) 'example_complex' retrieved from /home/airflow/.local/lib/python3.8/site-packages/airflow/example_dags/example_complex.py
[2025-08-02T02:41:37.436+0000] {logging_mixin.py:188} INFO - [2025-08-02T02:41:37.436+0000] {dag.py:3047} INFO - Sync 1 DAGs
[2025-08-02T02:41:37.467+0000] {logging_mixin.py:188} INFO - [2025-08-02T02:41:37.467+0000] {dag.py:3834} INFO - Setting next_dagrun for example_complex to None, run_after=None
[2025-08-02T02:41:37.540+0000] {processor.py:183} INFO - Processing /home/airflow/.local/lib/python3.8/site-packages/airflow/example_dags/example_complex.py took 0.330 seconds
[2025-08-02T02:42:08.556+0000] {processor.py:161} INFO - Started process (PID=664) to work on /home/airflow/.local/lib/python3.8/site-packages/airflow/example_dags/example_complex.py
[2025-08-02T02:42:08.566+0000] {processor.py:830} INFO - Processing file /home/airflow/.local/lib/python3.8/site-packages/airflow/example_dags/example_complex.py for tasks to queue
[2025-08-02T02:42:08.582+0000] {logging_mixin.py:188} INFO - [2025-08-02T02:42:08.581+0000] {dagbag.py:540} INFO - Filling up the DagBag from /home/airflow/.local/lib/python3.8/site-packages/airflow/example_dags/example_complex.py
[2025-08-02T02:42:08.601+0000] {processor.py:840} INFO - DAG(s) 'example_complex' retrieved from /home/airflow/.local/lib/python3.8/site-packages/airflow/example_dags/example_complex.py
[2025-08-02T02:42:08.667+0000] {logging_mixin.py:188} INFO - [2025-08-02T02:42:08.667+0000] {dag.py:3047} INFO - Sync 1 DAGs
[2025-08-02T02:42:08.698+0000] {logging_mixin.py:188} INFO - [2025-08-02T02:42:08.698+0000] {dag.py:3834} INFO - Setting next_dagrun for example_complex to None, run_after=None
[2025-08-02T02:42:08.728+0000] {processor.py:183} INFO - Processing /home/airflow/.local/lib/python3.8/site-packages/airflow/example_dags/example_complex.py took 0.184 seconds
[2025-08-02T02:42:39.150+0000] {processor.py:161} INFO - Started process (PID=720) to work on /home/airflow/.local/lib/python3.8/site-packages/airflow/example_dags/example_complex.py
[2025-08-02T02:42:39.154+0000] {processor.py:830} INFO - Processing file /home/airflow/.local/lib/python3.8/site-packages/airflow/example_dags/example_complex.py for tasks to queue
[2025-08-02T02:42:39.161+0000] {logging_mixin.py:188} INFO - [2025-08-02T02:42:39.161+0000] {dagbag.py:540} INFO - Filling up the DagBag from /home/airflow/.local/lib/python3.8/site-packages/airflow/example_dags/example_complex.py
[2025-08-02T02:42:39.180+0000] {processor.py:840} INFO - DAG(s) 'example_complex' retrieved from /home/airflow/.local/lib/python3.8/site-packages/airflow/example_dags/example_complex.py
[2025-08-02T02:42:39.232+0000] {logging_mixin.py:188} INFO - [2025-08-02T02:42:39.232+0000] {dag.py:3047} INFO - Sync 1 DAGs
[2025-08-02T02:42:39.261+0000] {logging_mixin.py:188} INFO - [2025-08-02T02:42:39.261+0000] {dag.py:3834} INFO - Setting next_dagrun for example_complex to None, run_after=None
[2025-08-02T02:42:39.294+0000] {processor.py:183} INFO - Processing /home/airflow/.local/lib/python3.8/site-packages/airflow/example_dags/example_complex.py took 0.160 seconds
[2025-08-02T02:46:34.525+0000] {processor.py:161} INFO - Started process (PID=105) to work on /home/airflow/.local/lib/python3.8/site-packages/airflow/example_dags/example_complex.py
[2025-08-02T02:46:34.529+0000] {processor.py:830} INFO - Processing file /home/airflow/.local/lib/python3.8/site-packages/airflow/example_dags/example_complex.py for tasks to queue
[2025-08-02T02:46:34.538+0000] {logging_mixin.py:188} INFO - [2025-08-02T02:46:34.536+0000] {dagbag.py:540} INFO - Filling up the DagBag from /home/airflow/.local/lib/python3.8/site-packages/airflow/example_dags/example_complex.py
[2025-08-02T02:46:34.557+0000] {processor.py:840} INFO - DAG(s) 'example_complex' retrieved from /home/airflow/.local/lib/python3.8/site-packages/airflow/example_dags/example_complex.py
[2025-08-02T02:46:34.734+0000] {logging_mixin.py:188} INFO - [2025-08-02T02:46:34.733+0000] {dag.py:3047} INFO - Sync 1 DAGs
[2025-08-02T02:46:34.757+0000] {logging_mixin.py:188} INFO - [2025-08-02T02:46:34.757+0000] {dag.py:3834} INFO - Setting next_dagrun for example_complex to None, run_after=None
[2025-08-02T02:46:34.819+0000] {processor.py:183} INFO - Processing /home/airflow/.local/lib/python3.8/site-packages/airflow/example_dags/example_complex.py took 0.300 seconds
[2025-08-02T02:47:10.005+0000] {processor.py:161} INFO - Started process (PID=162) to work on /home/airflow/.local/lib/python3.8/site-packages/airflow/example_dags/example_complex.py
[2025-08-02T02:47:10.006+0000] {processor.py:830} INFO - Processing file /home/airflow/.local/lib/python3.8/site-packages/airflow/example_dags/example_complex.py for tasks to queue
[2025-08-02T02:47:10.008+0000] {logging_mixin.py:188} INFO - [2025-08-02T02:47:10.008+0000] {dagbag.py:540} INFO - Filling up the DagBag from /home/airflow/.local/lib/python3.8/site-packages/airflow/example_dags/example_complex.py
[2025-08-02T02:47:10.022+0000] {processor.py:840} INFO - DAG(s) 'example_complex' retrieved from /home/airflow/.local/lib/python3.8/site-packages/airflow/example_dags/example_complex.py
[2025-08-02T02:47:10.115+0000] {logging_mixin.py:188} INFO - [2025-08-02T02:47:10.114+0000] {dag.py:3047} INFO - Sync 1 DAGs
[2025-08-02T02:47:10.152+0000] {logging_mixin.py:188} INFO - [2025-08-02T02:47:10.151+0000] {dag.py:3834} INFO - Setting next_dagrun for example_complex to None, run_after=None
[2025-08-02T02:47:10.265+0000] {processor.py:183} INFO - Processing /home/airflow/.local/lib/python3.8/site-packages/airflow/example_dags/example_complex.py took 0.265 seconds
[2025-08-02T02:47:45.083+0000] {processor.py:161} INFO - Started process (PID=218) to work on /home/airflow/.local/lib/python3.8/site-packages/airflow/example_dags/example_complex.py
[2025-08-02T02:47:45.131+0000] {processor.py:830} INFO - Processing file /home/airflow/.local/lib/python3.8/site-packages/airflow/example_dags/example_complex.py for tasks to queue
[2025-08-02T02:47:45.148+0000] {logging_mixin.py:188} INFO - [2025-08-02T02:47:45.147+0000] {dagbag.py:540} INFO - Filling up the DagBag from /home/airflow/.local/lib/python3.8/site-packages/airflow/example_dags/example_complex.py
[2025-08-02T02:47:45.230+0000] {processor.py:840} INFO - DAG(s) 'example_complex' retrieved from /home/airflow/.local/lib/python3.8/site-packages/airflow/example_dags/example_complex.py
[2025-08-02T02:47:45.989+0000] {logging_mixin.py:188} INFO - [2025-08-02T02:47:45.906+0000] {dag.py:3047} INFO - Sync 1 DAGs
[2025-08-02T02:47:46.150+0000] {logging_mixin.py:188} INFO - [2025-08-02T02:47:46.149+0000] {dag.py:3834} INFO - Setting next_dagrun for example_complex to None, run_after=None
[2025-08-02T02:47:46.753+0000] {processor.py:183} INFO - Processing /home/airflow/.local/lib/python3.8/site-packages/airflow/example_dags/example_complex.py took 1.729 seconds
[2025-08-02T02:48:17.684+0000] {processor.py:161} INFO - Started process (PID=273) to work on /home/airflow/.local/lib/python3.8/site-packages/airflow/example_dags/example_complex.py
[2025-08-02T02:48:17.689+0000] {processor.py:830} INFO - Processing file /home/airflow/.local/lib/python3.8/site-packages/airflow/example_dags/example_complex.py for tasks to queue
[2025-08-02T02:48:17.690+0000] {logging_mixin.py:188} INFO - [2025-08-02T02:48:17.690+0000] {dagbag.py:540} INFO - Filling up the DagBag from /home/airflow/.local/lib/python3.8/site-packages/airflow/example_dags/example_complex.py
[2025-08-02T02:48:17.699+0000] {processor.py:840} INFO - DAG(s) 'example_complex' retrieved from /home/airflow/.local/lib/python3.8/site-packages/airflow/example_dags/example_complex.py
[2025-08-02T02:48:17.745+0000] {logging_mixin.py:188} INFO - [2025-08-02T02:48:17.745+0000] {dag.py:3047} INFO - Sync 1 DAGs
[2025-08-02T02:48:17.760+0000] {logging_mixin.py:188} INFO - [2025-08-02T02:48:17.760+0000] {dag.py:3834} INFO - Setting next_dagrun for example_complex to None, run_after=None
[2025-08-02T02:48:17.802+0000] {processor.py:183} INFO - Processing /home/airflow/.local/lib/python3.8/site-packages/airflow/example_dags/example_complex.py took 0.125 seconds
[2025-08-02T02:48:48.184+0000] {processor.py:161} INFO - Started process (PID=329) to work on /home/airflow/.local/lib/python3.8/site-packages/airflow/example_dags/example_complex.py
[2025-08-02T02:48:48.187+0000] {processor.py:830} INFO - Processing file /home/airflow/.local/lib/python3.8/site-packages/airflow/example_dags/example_complex.py for tasks to queue
[2025-08-02T02:48:48.190+0000] {logging_mixin.py:188} INFO - [2025-08-02T02:48:48.190+0000] {dagbag.py:540} INFO - Filling up the DagBag from /home/airflow/.local/lib/python3.8/site-packages/airflow/example_dags/example_complex.py
[2025-08-02T02:48:48.220+0000] {processor.py:840} INFO - DAG(s) 'example_complex' retrieved from /home/airflow/.local/lib/python3.8/site-packages/airflow/example_dags/example_complex.py
[2025-08-02T02:48:48.262+0000] {logging_mixin.py:188} INFO - [2025-08-02T02:48:48.262+0000] {dag.py:3047} INFO - Sync 1 DAGs
[2025-08-02T02:48:48.288+0000] {logging_mixin.py:188} INFO - [2025-08-02T02:48:48.287+0000] {dag.py:3834} INFO - Setting next_dagrun for example_complex to None, run_after=None
[2025-08-02T02:48:48.312+0000] {processor.py:183} INFO - Processing /home/airflow/.local/lib/python3.8/site-packages/airflow/example_dags/example_complex.py took 0.135 seconds
[2025-08-02T02:49:18.579+0000] {processor.py:161} INFO - Started process (PID=385) to work on /home/airflow/.local/lib/python3.8/site-packages/airflow/example_dags/example_complex.py
[2025-08-02T02:49:18.581+0000] {processor.py:830} INFO - Processing file /home/airflow/.local/lib/python3.8/site-packages/airflow/example_dags/example_complex.py for tasks to queue
[2025-08-02T02:49:18.582+0000] {logging_mixin.py:188} INFO - [2025-08-02T02:49:18.582+0000] {dagbag.py:540} INFO - Filling up the DagBag from /home/airflow/.local/lib/python3.8/site-packages/airflow/example_dags/example_complex.py
[2025-08-02T02:49:18.593+0000] {processor.py:840} INFO - DAG(s) 'example_complex' retrieved from /home/airflow/.local/lib/python3.8/site-packages/airflow/example_dags/example_complex.py
[2025-08-02T02:49:18.617+0000] {logging_mixin.py:188} INFO - [2025-08-02T02:49:18.617+0000] {dag.py:3047} INFO - Sync 1 DAGs
[2025-08-02T02:49:18.632+0000] {logging_mixin.py:188} INFO - [2025-08-02T02:49:18.631+0000] {dag.py:3834} INFO - Setting next_dagrun for example_complex to None, run_after=None
[2025-08-02T02:49:18.643+0000] {processor.py:183} INFO - Processing /home/airflow/.local/lib/python3.8/site-packages/airflow/example_dags/example_complex.py took 0.066 seconds
[2025-08-02T02:49:49.306+0000] {processor.py:161} INFO - Started process (PID=441) to work on /home/airflow/.local/lib/python3.8/site-packages/airflow/example_dags/example_complex.py
[2025-08-02T02:49:49.308+0000] {processor.py:830} INFO - Processing file /home/airflow/.local/lib/python3.8/site-packages/airflow/example_dags/example_complex.py for tasks to queue
[2025-08-02T02:49:49.313+0000] {logging_mixin.py:188} INFO - [2025-08-02T02:49:49.313+0000] {dagbag.py:540} INFO - Filling up the DagBag from /home/airflow/.local/lib/python3.8/site-packages/airflow/example_dags/example_complex.py
[2025-08-02T02:49:49.327+0000] {processor.py:840} INFO - DAG(s) 'example_complex' retrieved from /home/airflow/.local/lib/python3.8/site-packages/airflow/example_dags/example_complex.py
[2025-08-02T02:49:49.386+0000] {logging_mixin.py:188} INFO - [2025-08-02T02:49:49.386+0000] {dag.py:3047} INFO - Sync 1 DAGs
[2025-08-02T02:49:49.417+0000] {logging_mixin.py:188} INFO - [2025-08-02T02:49:49.417+0000] {dag.py:3834} INFO - Setting next_dagrun for example_complex to None, run_after=None
[2025-08-02T02:49:49.440+0000] {processor.py:183} INFO - Processing /home/airflow/.local/lib/python3.8/site-packages/airflow/example_dags/example_complex.py took 0.142 seconds
[2025-08-02T02:50:19.839+0000] {processor.py:161} INFO - Started process (PID=497) to work on /home/airflow/.local/lib/python3.8/site-packages/airflow/example_dags/example_complex.py
[2025-08-02T02:50:19.858+0000] {processor.py:830} INFO - Processing file /home/airflow/.local/lib/python3.8/site-packages/airflow/example_dags/example_complex.py for tasks to queue
[2025-08-02T02:50:19.880+0000] {logging_mixin.py:188} INFO - [2025-08-02T02:50:19.878+0000] {dagbag.py:540} INFO - Filling up the DagBag from /home/airflow/.local/lib/python3.8/site-packages/airflow/example_dags/example_complex.py
[2025-08-02T02:50:19.962+0000] {processor.py:840} INFO - DAG(s) 'example_complex' retrieved from /home/airflow/.local/lib/python3.8/site-packages/airflow/example_dags/example_complex.py
[2025-08-02T02:50:20.027+0000] {logging_mixin.py:188} INFO - [2025-08-02T02:50:20.027+0000] {dag.py:3047} INFO - Sync 1 DAGs
[2025-08-02T02:50:20.051+0000] {logging_mixin.py:188} INFO - [2025-08-02T02:50:20.051+0000] {dag.py:3834} INFO - Setting next_dagrun for example_complex to None, run_after=None
[2025-08-02T02:50:20.103+0000] {processor.py:183} INFO - Processing /home/airflow/.local/lib/python3.8/site-packages/airflow/example_dags/example_complex.py took 0.278 seconds
[2025-08-02T02:50:50.650+0000] {processor.py:161} INFO - Started process (PID=553) to work on /home/airflow/.local/lib/python3.8/site-packages/airflow/example_dags/example_complex.py
[2025-08-02T02:50:50.653+0000] {processor.py:830} INFO - Processing file /home/airflow/.local/lib/python3.8/site-packages/airflow/example_dags/example_complex.py for tasks to queue
[2025-08-02T02:50:50.655+0000] {logging_mixin.py:188} INFO - [2025-08-02T02:50:50.655+0000] {dagbag.py:540} INFO - Filling up the DagBag from /home/airflow/.local/lib/python3.8/site-packages/airflow/example_dags/example_complex.py
[2025-08-02T02:50:50.671+0000] {processor.py:840} INFO - DAG(s) 'example_complex' retrieved from /home/airflow/.local/lib/python3.8/site-packages/airflow/example_dags/example_complex.py
[2025-08-02T02:50:50.717+0000] {logging_mixin.py:188} INFO - [2025-08-02T02:50:50.716+0000] {dag.py:3047} INFO - Sync 1 DAGs
[2025-08-02T02:50:50.725+0000] {logging_mixin.py:188} INFO - [2025-08-02T02:50:50.725+0000] {dag.py:3834} INFO - Setting next_dagrun for example_complex to None, run_after=None
[2025-08-02T02:50:50.740+0000] {processor.py:183} INFO - Processing /home/airflow/.local/lib/python3.8/site-packages/airflow/example_dags/example_complex.py took 0.094 seconds
[2025-08-02T02:51:21.394+0000] {processor.py:161} INFO - Started process (PID=609) to work on /home/airflow/.local/lib/python3.8/site-packages/airflow/example_dags/example_complex.py
[2025-08-02T02:51:21.399+0000] {processor.py:830} INFO - Processing file /home/airflow/.local/lib/python3.8/site-packages/airflow/example_dags/example_complex.py for tasks to queue
[2025-08-02T02:51:21.408+0000] {logging_mixin.py:188} INFO - [2025-08-02T02:51:21.407+0000] {dagbag.py:540} INFO - Filling up the DagBag from /home/airflow/.local/lib/python3.8/site-packages/airflow/example_dags/example_complex.py
[2025-08-02T02:51:21.430+0000] {processor.py:840} INFO - DAG(s) 'example_complex' retrieved from /home/airflow/.local/lib/python3.8/site-packages/airflow/example_dags/example_complex.py
[2025-08-02T02:51:21.476+0000] {logging_mixin.py:188} INFO - [2025-08-02T02:51:21.476+0000] {dag.py:3047} INFO - Sync 1 DAGs
[2025-08-02T02:51:21.493+0000] {logging_mixin.py:188} INFO - [2025-08-02T02:51:21.493+0000] {dag.py:3834} INFO - Setting next_dagrun for example_complex to None, run_after=None
[2025-08-02T02:51:21.515+0000] {processor.py:183} INFO - Processing /home/airflow/.local/lib/python3.8/site-packages/airflow/example_dags/example_complex.py took 0.127 seconds
[2025-08-02T02:51:51.839+0000] {processor.py:161} INFO - Started process (PID=665) to work on /home/airflow/.local/lib/python3.8/site-packages/airflow/example_dags/example_complex.py
[2025-08-02T02:51:51.841+0000] {processor.py:830} INFO - Processing file /home/airflow/.local/lib/python3.8/site-packages/airflow/example_dags/example_complex.py for tasks to queue
[2025-08-02T02:51:51.843+0000] {logging_mixin.py:188} INFO - [2025-08-02T02:51:51.842+0000] {dagbag.py:540} INFO - Filling up the DagBag from /home/airflow/.local/lib/python3.8/site-packages/airflow/example_dags/example_complex.py
[2025-08-02T02:51:51.858+0000] {processor.py:840} INFO - DAG(s) 'example_complex' retrieved from /home/airflow/.local/lib/python3.8/site-packages/airflow/example_dags/example_complex.py
[2025-08-02T02:51:51.892+0000] {logging_mixin.py:188} INFO - [2025-08-02T02:51:51.892+0000] {dag.py:3047} INFO - Sync 1 DAGs
[2025-08-02T02:51:51.909+0000] {logging_mixin.py:188} INFO - [2025-08-02T02:51:51.909+0000] {dag.py:3834} INFO - Setting next_dagrun for example_complex to None, run_after=None
[2025-08-02T02:51:51.941+0000] {processor.py:183} INFO - Processing /home/airflow/.local/lib/python3.8/site-packages/airflow/example_dags/example_complex.py took 0.106 seconds
[2025-08-02T02:52:22.375+0000] {processor.py:161} INFO - Started process (PID=721) to work on /home/airflow/.local/lib/python3.8/site-packages/airflow/example_dags/example_complex.py
[2025-08-02T02:52:22.377+0000] {processor.py:830} INFO - Processing file /home/airflow/.local/lib/python3.8/site-packages/airflow/example_dags/example_complex.py for tasks to queue
[2025-08-02T02:52:22.379+0000] {logging_mixin.py:188} INFO - [2025-08-02T02:52:22.379+0000] {dagbag.py:540} INFO - Filling up the DagBag from /home/airflow/.local/lib/python3.8/site-packages/airflow/example_dags/example_complex.py
[2025-08-02T02:52:22.394+0000] {processor.py:840} INFO - DAG(s) 'example_complex' retrieved from /home/airflow/.local/lib/python3.8/site-packages/airflow/example_dags/example_complex.py
[2025-08-02T02:52:22.434+0000] {logging_mixin.py:188} INFO - [2025-08-02T02:52:22.434+0000] {dag.py:3047} INFO - Sync 1 DAGs
[2025-08-02T02:52:22.449+0000] {logging_mixin.py:188} INFO - [2025-08-02T02:52:22.449+0000] {dag.py:3834} INFO - Setting next_dagrun for example_complex to None, run_after=None
[2025-08-02T02:52:22.459+0000] {processor.py:183} INFO - Processing /home/airflow/.local/lib/python3.8/site-packages/airflow/example_dags/example_complex.py took 0.091 seconds
[2025-08-02T02:52:52.800+0000] {processor.py:161} INFO - Started process (PID=777) to work on /home/airflow/.local/lib/python3.8/site-packages/airflow/example_dags/example_complex.py
[2025-08-02T02:52:52.802+0000] {processor.py:830} INFO - Processing file /home/airflow/.local/lib/python3.8/site-packages/airflow/example_dags/example_complex.py for tasks to queue
[2025-08-02T02:52:52.804+0000] {logging_mixin.py:188} INFO - [2025-08-02T02:52:52.804+0000] {dagbag.py:540} INFO - Filling up the DagBag from /home/airflow/.local/lib/python3.8/site-packages/airflow/example_dags/example_complex.py
[2025-08-02T02:52:52.878+0000] {processor.py:840} INFO - DAG(s) 'example_complex' retrieved from /home/airflow/.local/lib/python3.8/site-packages/airflow/example_dags/example_complex.py
[2025-08-02T02:52:52.940+0000] {logging_mixin.py:188} INFO - [2025-08-02T02:52:52.939+0000] {dag.py:3047} INFO - Sync 1 DAGs
[2025-08-02T02:52:52.976+0000] {logging_mixin.py:188} INFO - [2025-08-02T02:52:52.975+0000] {dag.py:3834} INFO - Setting next_dagrun for example_complex to None, run_after=None
[2025-08-02T02:52:53.017+0000] {processor.py:183} INFO - Processing /home/airflow/.local/lib/python3.8/site-packages/airflow/example_dags/example_complex.py took 0.222 seconds
[2025-08-02T02:56:48.457+0000] {processor.py:161} INFO - Started process (PID=99) to work on /home/airflow/.local/lib/python3.8/site-packages/airflow/example_dags/example_complex.py
[2025-08-02T02:56:48.462+0000] {processor.py:830} INFO - Processing file /home/airflow/.local/lib/python3.8/site-packages/airflow/example_dags/example_complex.py for tasks to queue
[2025-08-02T02:56:48.466+0000] {logging_mixin.py:188} INFO - [2025-08-02T02:56:48.465+0000] {dagbag.py:540} INFO - Filling up the DagBag from /home/airflow/.local/lib/python3.8/site-packages/airflow/example_dags/example_complex.py
[2025-08-02T02:56:48.516+0000] {processor.py:840} INFO - DAG(s) 'example_complex' retrieved from /home/airflow/.local/lib/python3.8/site-packages/airflow/example_dags/example_complex.py
[2025-08-02T02:56:49.177+0000] {logging_mixin.py:188} INFO - [2025-08-02T02:56:49.175+0000] {dag.py:3047} INFO - Sync 1 DAGs
[2025-08-02T02:56:49.219+0000] {logging_mixin.py:188} INFO - [2025-08-02T02:56:49.218+0000] {dag.py:3834} INFO - Setting next_dagrun for example_complex to None, run_after=None
[2025-08-02T02:56:49.289+0000] {processor.py:183} INFO - Processing /home/airflow/.local/lib/python3.8/site-packages/airflow/example_dags/example_complex.py took 0.841 seconds
[2025-08-02T02:57:19.451+0000] {processor.py:161} INFO - Started process (PID=155) to work on /home/airflow/.local/lib/python3.8/site-packages/airflow/example_dags/example_complex.py
[2025-08-02T02:57:19.453+0000] {processor.py:830} INFO - Processing file /home/airflow/.local/lib/python3.8/site-packages/airflow/example_dags/example_complex.py for tasks to queue
[2025-08-02T02:57:19.455+0000] {logging_mixin.py:188} INFO - [2025-08-02T02:57:19.454+0000] {dagbag.py:540} INFO - Filling up the DagBag from /home/airflow/.local/lib/python3.8/site-packages/airflow/example_dags/example_complex.py
[2025-08-02T02:57:19.475+0000] {processor.py:840} INFO - DAG(s) 'example_complex' retrieved from /home/airflow/.local/lib/python3.8/site-packages/airflow/example_dags/example_complex.py
[2025-08-02T02:57:19.515+0000] {logging_mixin.py:188} INFO - [2025-08-02T02:57:19.515+0000] {dag.py:3047} INFO - Sync 1 DAGs
[2025-08-02T02:57:19.526+0000] {logging_mixin.py:188} INFO - [2025-08-02T02:57:19.526+0000] {dag.py:3834} INFO - Setting next_dagrun for example_complex to None, run_after=None
[2025-08-02T02:57:19.554+0000] {processor.py:183} INFO - Processing /home/airflow/.local/lib/python3.8/site-packages/airflow/example_dags/example_complex.py took 0.108 seconds
[2025-08-02T02:57:50.215+0000] {processor.py:161} INFO - Started process (PID=211) to work on /home/airflow/.local/lib/python3.8/site-packages/airflow/example_dags/example_complex.py
[2025-08-02T02:57:50.222+0000] {processor.py:830} INFO - Processing file /home/airflow/.local/lib/python3.8/site-packages/airflow/example_dags/example_complex.py for tasks to queue
[2025-08-02T02:57:50.249+0000] {logging_mixin.py:188} INFO - [2025-08-02T02:57:50.248+0000] {dagbag.py:540} INFO - Filling up the DagBag from /home/airflow/.local/lib/python3.8/site-packages/airflow/example_dags/example_complex.py
[2025-08-02T02:57:50.327+0000] {processor.py:840} INFO - DAG(s) 'example_complex' retrieved from /home/airflow/.local/lib/python3.8/site-packages/airflow/example_dags/example_complex.py
[2025-08-02T02:57:50.541+0000] {logging_mixin.py:188} INFO - [2025-08-02T02:57:50.538+0000] {dag.py:3047} INFO - Sync 1 DAGs
[2025-08-02T02:57:50.592+0000] {logging_mixin.py:188} INFO - [2025-08-02T02:57:50.591+0000] {dag.py:3834} INFO - Setting next_dagrun for example_complex to None, run_after=None
[2025-08-02T02:57:50.678+0000] {processor.py:183} INFO - Processing /home/airflow/.local/lib/python3.8/site-packages/airflow/example_dags/example_complex.py took 0.480 seconds
[2025-08-02T02:58:21.750+0000] {processor.py:161} INFO - Started process (PID=267) to work on /home/airflow/.local/lib/python3.8/site-packages/airflow/example_dags/example_complex.py
[2025-08-02T02:58:21.762+0000] {processor.py:830} INFO - Processing file /home/airflow/.local/lib/python3.8/site-packages/airflow/example_dags/example_complex.py for tasks to queue
[2025-08-02T02:58:21.774+0000] {logging_mixin.py:188} INFO - [2025-08-02T02:58:21.772+0000] {dagbag.py:540} INFO - Filling up the DagBag from /home/airflow/.local/lib/python3.8/site-packages/airflow/example_dags/example_complex.py
[2025-08-02T02:58:21.804+0000] {processor.py:840} INFO - DAG(s) 'example_complex' retrieved from /home/airflow/.local/lib/python3.8/site-packages/airflow/example_dags/example_complex.py
[2025-08-02T02:58:21.868+0000] {logging_mixin.py:188} INFO - [2025-08-02T02:58:21.867+0000] {dag.py:3047} INFO - Sync 1 DAGs
[2025-08-02T02:58:21.906+0000] {logging_mixin.py:188} INFO - [2025-08-02T02:58:21.906+0000] {dag.py:3834} INFO - Setting next_dagrun for example_complex to None, run_after=None
[2025-08-02T02:58:21.952+0000] {processor.py:183} INFO - Processing /home/airflow/.local/lib/python3.8/site-packages/airflow/example_dags/example_complex.py took 0.213 seconds
[2025-08-02T02:58:52.242+0000] {processor.py:161} INFO - Started process (PID=323) to work on /home/airflow/.local/lib/python3.8/site-packages/airflow/example_dags/example_complex.py
[2025-08-02T02:58:52.246+0000] {processor.py:830} INFO - Processing file /home/airflow/.local/lib/python3.8/site-packages/airflow/example_dags/example_complex.py for tasks to queue
[2025-08-02T02:58:52.258+0000] {logging_mixin.py:188} INFO - [2025-08-02T02:58:52.256+0000] {dagbag.py:540} INFO - Filling up the DagBag from /home/airflow/.local/lib/python3.8/site-packages/airflow/example_dags/example_complex.py
[2025-08-02T02:58:52.278+0000] {processor.py:840} INFO - DAG(s) 'example_complex' retrieved from /home/airflow/.local/lib/python3.8/site-packages/airflow/example_dags/example_complex.py
[2025-08-02T02:58:52.308+0000] {logging_mixin.py:188} INFO - [2025-08-02T02:58:52.307+0000] {dag.py:3047} INFO - Sync 1 DAGs
[2025-08-02T02:58:52.318+0000] {logging_mixin.py:188} INFO - [2025-08-02T02:58:52.317+0000] {dag.py:3834} INFO - Setting next_dagrun for example_complex to None, run_after=None
[2025-08-02T02:58:52.344+0000] {processor.py:183} INFO - Processing /home/airflow/.local/lib/python3.8/site-packages/airflow/example_dags/example_complex.py took 0.109 seconds
[2025-08-02T02:59:22.923+0000] {processor.py:161} INFO - Started process (PID=379) to work on /home/airflow/.local/lib/python3.8/site-packages/airflow/example_dags/example_complex.py
[2025-08-02T02:59:22.925+0000] {processor.py:830} INFO - Processing file /home/airflow/.local/lib/python3.8/site-packages/airflow/example_dags/example_complex.py for tasks to queue
[2025-08-02T02:59:22.929+0000] {logging_mixin.py:188} INFO - [2025-08-02T02:59:22.929+0000] {dagbag.py:540} INFO - Filling up the DagBag from /home/airflow/.local/lib/python3.8/site-packages/airflow/example_dags/example_complex.py
[2025-08-02T02:59:22.945+0000] {processor.py:840} INFO - DAG(s) 'example_complex' retrieved from /home/airflow/.local/lib/python3.8/site-packages/airflow/example_dags/example_complex.py
[2025-08-02T02:59:23.006+0000] {logging_mixin.py:188} INFO - [2025-08-02T02:59:23.006+0000] {dag.py:3047} INFO - Sync 1 DAGs
[2025-08-02T02:59:23.019+0000] {logging_mixin.py:188} INFO - [2025-08-02T02:59:23.019+0000] {dag.py:3834} INFO - Setting next_dagrun for example_complex to None, run_after=None
[2025-08-02T02:59:23.063+0000] {processor.py:183} INFO - Processing /home/airflow/.local/lib/python3.8/site-packages/airflow/example_dags/example_complex.py took 0.156 seconds
[2025-08-02T02:59:53.947+0000] {processor.py:161} INFO - Started process (PID=435) to work on /home/airflow/.local/lib/python3.8/site-packages/airflow/example_dags/example_complex.py
[2025-08-02T02:59:53.954+0000] {processor.py:830} INFO - Processing file /home/airflow/.local/lib/python3.8/site-packages/airflow/example_dags/example_complex.py for tasks to queue
[2025-08-02T02:59:53.958+0000] {logging_mixin.py:188} INFO - [2025-08-02T02:59:53.957+0000] {dagbag.py:540} INFO - Filling up the DagBag from /home/airflow/.local/lib/python3.8/site-packages/airflow/example_dags/example_complex.py
[2025-08-02T02:59:53.973+0000] {processor.py:840} INFO - DAG(s) 'example_complex' retrieved from /home/airflow/.local/lib/python3.8/site-packages/airflow/example_dags/example_complex.py
[2025-08-02T02:59:54.031+0000] {logging_mixin.py:188} INFO - [2025-08-02T02:59:54.031+0000] {dag.py:3047} INFO - Sync 1 DAGs
[2025-08-02T02:59:54.047+0000] {logging_mixin.py:188} INFO - [2025-08-02T02:59:54.047+0000] {dag.py:3834} INFO - Setting next_dagrun for example_complex to None, run_after=None
[2025-08-02T02:59:54.075+0000] {processor.py:183} INFO - Processing /home/airflow/.local/lib/python3.8/site-packages/airflow/example_dags/example_complex.py took 0.145 seconds
[2025-08-02T03:00:24.101+0000] {processor.py:161} INFO - Started process (PID=490) to work on /home/airflow/.local/lib/python3.8/site-packages/airflow/example_dags/example_complex.py
[2025-08-02T03:00:24.103+0000] {processor.py:830} INFO - Processing file /home/airflow/.local/lib/python3.8/site-packages/airflow/example_dags/example_complex.py for tasks to queue
[2025-08-02T03:00:24.105+0000] {logging_mixin.py:188} INFO - [2025-08-02T03:00:24.105+0000] {dagbag.py:540} INFO - Filling up the DagBag from /home/airflow/.local/lib/python3.8/site-packages/airflow/example_dags/example_complex.py
[2025-08-02T03:00:24.126+0000] {processor.py:840} INFO - DAG(s) 'example_complex' retrieved from /home/airflow/.local/lib/python3.8/site-packages/airflow/example_dags/example_complex.py
[2025-08-02T03:00:24.287+0000] {logging_mixin.py:188} INFO - [2025-08-02T03:00:24.287+0000] {dag.py:3047} INFO - Sync 1 DAGs
[2025-08-02T03:00:24.311+0000] {logging_mixin.py:188} INFO - [2025-08-02T03:00:24.310+0000] {dag.py:3834} INFO - Setting next_dagrun for example_complex to None, run_after=None
[2025-08-02T03:00:24.348+0000] {processor.py:183} INFO - Processing /home/airflow/.local/lib/python3.8/site-packages/airflow/example_dags/example_complex.py took 0.250 seconds
[2025-08-02T03:00:54.415+0000] {processor.py:161} INFO - Started process (PID=546) to work on /home/airflow/.local/lib/python3.8/site-packages/airflow/example_dags/example_complex.py
[2025-08-02T03:00:54.416+0000] {processor.py:830} INFO - Processing file /home/airflow/.local/lib/python3.8/site-packages/airflow/example_dags/example_complex.py for tasks to queue
[2025-08-02T03:00:54.419+0000] {logging_mixin.py:188} INFO - [2025-08-02T03:00:54.419+0000] {dagbag.py:540} INFO - Filling up the DagBag from /home/airflow/.local/lib/python3.8/site-packages/airflow/example_dags/example_complex.py
[2025-08-02T03:00:54.445+0000] {processor.py:840} INFO - DAG(s) 'example_complex' retrieved from /home/airflow/.local/lib/python3.8/site-packages/airflow/example_dags/example_complex.py
[2025-08-02T03:00:54.495+0000] {logging_mixin.py:188} INFO - [2025-08-02T03:00:54.495+0000] {dag.py:3047} INFO - Sync 1 DAGs
[2025-08-02T03:00:54.506+0000] {logging_mixin.py:188} INFO - [2025-08-02T03:00:54.506+0000] {dag.py:3834} INFO - Setting next_dagrun for example_complex to None, run_after=None
[2025-08-02T03:00:54.527+0000] {processor.py:183} INFO - Processing /home/airflow/.local/lib/python3.8/site-packages/airflow/example_dags/example_complex.py took 0.118 seconds
[2025-08-02T03:01:25.526+0000] {processor.py:161} INFO - Started process (PID=603) to work on /home/airflow/.local/lib/python3.8/site-packages/airflow/example_dags/example_complex.py
[2025-08-02T03:01:25.529+0000] {processor.py:830} INFO - Processing file /home/airflow/.local/lib/python3.8/site-packages/airflow/example_dags/example_complex.py for tasks to queue
[2025-08-02T03:01:25.531+0000] {logging_mixin.py:188} INFO - [2025-08-02T03:01:25.531+0000] {dagbag.py:540} INFO - Filling up the DagBag from /home/airflow/.local/lib/python3.8/site-packages/airflow/example_dags/example_complex.py
[2025-08-02T03:01:25.552+0000] {processor.py:840} INFO - DAG(s) 'example_complex' retrieved from /home/airflow/.local/lib/python3.8/site-packages/airflow/example_dags/example_complex.py
[2025-08-02T03:01:25.607+0000] {logging_mixin.py:188} INFO - [2025-08-02T03:01:25.607+0000] {dag.py:3047} INFO - Sync 1 DAGs
[2025-08-02T03:01:25.639+0000] {logging_mixin.py:188} INFO - [2025-08-02T03:01:25.639+0000] {dag.py:3834} INFO - Setting next_dagrun for example_complex to None, run_after=None
[2025-08-02T03:01:25.664+0000] {processor.py:183} INFO - Processing /home/airflow/.local/lib/python3.8/site-packages/airflow/example_dags/example_complex.py took 0.142 seconds
[2025-08-02T03:01:56.306+0000] {processor.py:161} INFO - Started process (PID=659) to work on /home/airflow/.local/lib/python3.8/site-packages/airflow/example_dags/example_complex.py
[2025-08-02T03:01:56.314+0000] {processor.py:830} INFO - Processing file /home/airflow/.local/lib/python3.8/site-packages/airflow/example_dags/example_complex.py for tasks to queue
[2025-08-02T03:01:56.330+0000] {logging_mixin.py:188} INFO - [2025-08-02T03:01:56.328+0000] {dagbag.py:540} INFO - Filling up the DagBag from /home/airflow/.local/lib/python3.8/site-packages/airflow/example_dags/example_complex.py
[2025-08-02T03:01:56.373+0000] {processor.py:840} INFO - DAG(s) 'example_complex' retrieved from /home/airflow/.local/lib/python3.8/site-packages/airflow/example_dags/example_complex.py
[2025-08-02T03:01:56.483+0000] {logging_mixin.py:188} INFO - [2025-08-02T03:01:56.483+0000] {dag.py:3047} INFO - Sync 1 DAGs
[2025-08-02T03:01:56.497+0000] {logging_mixin.py:188} INFO - [2025-08-02T03:01:56.496+0000] {dag.py:3834} INFO - Setting next_dagrun for example_complex to None, run_after=None
[2025-08-02T03:01:56.525+0000] {processor.py:183} INFO - Processing /home/airflow/.local/lib/python3.8/site-packages/airflow/example_dags/example_complex.py took 0.227 seconds
[2025-08-02T03:02:27.258+0000] {processor.py:161} INFO - Started process (PID=715) to work on /home/airflow/.local/lib/python3.8/site-packages/airflow/example_dags/example_complex.py
[2025-08-02T03:02:27.272+0000] {processor.py:830} INFO - Processing file /home/airflow/.local/lib/python3.8/site-packages/airflow/example_dags/example_complex.py for tasks to queue
[2025-08-02T03:02:27.279+0000] {logging_mixin.py:188} INFO - [2025-08-02T03:02:27.278+0000] {dagbag.py:540} INFO - Filling up the DagBag from /home/airflow/.local/lib/python3.8/site-packages/airflow/example_dags/example_complex.py
[2025-08-02T03:02:27.294+0000] {processor.py:840} INFO - DAG(s) 'example_complex' retrieved from /home/airflow/.local/lib/python3.8/site-packages/airflow/example_dags/example_complex.py
[2025-08-02T03:02:27.355+0000] {logging_mixin.py:188} INFO - [2025-08-02T03:02:27.355+0000] {dag.py:3047} INFO - Sync 1 DAGs
[2025-08-02T03:02:27.373+0000] {logging_mixin.py:188} INFO - [2025-08-02T03:02:27.373+0000] {dag.py:3834} INFO - Setting next_dagrun for example_complex to None, run_after=None
[2025-08-02T03:02:27.405+0000] {processor.py:183} INFO - Processing /home/airflow/.local/lib/python3.8/site-packages/airflow/example_dags/example_complex.py took 0.154 seconds
[2025-08-02T03:02:58.884+0000] {processor.py:161} INFO - Started process (PID=771) to work on /home/airflow/.local/lib/python3.8/site-packages/airflow/example_dags/example_complex.py
[2025-08-02T03:02:58.886+0000] {processor.py:830} INFO - Processing file /home/airflow/.local/lib/python3.8/site-packages/airflow/example_dags/example_complex.py for tasks to queue
[2025-08-02T03:02:58.889+0000] {logging_mixin.py:188} INFO - [2025-08-02T03:02:58.889+0000] {dagbag.py:540} INFO - Filling up the DagBag from /home/airflow/.local/lib/python3.8/site-packages/airflow/example_dags/example_complex.py
[2025-08-02T03:02:58.902+0000] {processor.py:840} INFO - DAG(s) 'example_complex' retrieved from /home/airflow/.local/lib/python3.8/site-packages/airflow/example_dags/example_complex.py
[2025-08-02T03:02:58.959+0000] {logging_mixin.py:188} INFO - [2025-08-02T03:02:58.959+0000] {dag.py:3047} INFO - Sync 1 DAGs
[2025-08-02T03:02:58.987+0000] {logging_mixin.py:188} INFO - [2025-08-02T03:02:58.986+0000] {dag.py:3834} INFO - Setting next_dagrun for example_complex to None, run_after=None
[2025-08-02T03:02:59.055+0000] {processor.py:183} INFO - Processing /home/airflow/.local/lib/python3.8/site-packages/airflow/example_dags/example_complex.py took 0.177 seconds
[2025-08-02T03:03:29.134+0000] {processor.py:161} INFO - Started process (PID=827) to work on /home/airflow/.local/lib/python3.8/site-packages/airflow/example_dags/example_complex.py
[2025-08-02T03:03:29.135+0000] {processor.py:830} INFO - Processing file /home/airflow/.local/lib/python3.8/site-packages/airflow/example_dags/example_complex.py for tasks to queue
[2025-08-02T03:03:29.136+0000] {logging_mixin.py:188} INFO - [2025-08-02T03:03:29.136+0000] {dagbag.py:540} INFO - Filling up the DagBag from /home/airflow/.local/lib/python3.8/site-packages/airflow/example_dags/example_complex.py
[2025-08-02T03:03:29.144+0000] {processor.py:840} INFO - DAG(s) 'example_complex' retrieved from /home/airflow/.local/lib/python3.8/site-packages/airflow/example_dags/example_complex.py
[2025-08-02T03:03:29.164+0000] {logging_mixin.py:188} INFO - [2025-08-02T03:03:29.164+0000] {dag.py:3047} INFO - Sync 1 DAGs
[2025-08-02T03:03:29.173+0000] {logging_mixin.py:188} INFO - [2025-08-02T03:03:29.173+0000] {dag.py:3834} INFO - Setting next_dagrun for example_complex to None, run_after=None
[2025-08-02T03:03:29.187+0000] {processor.py:183} INFO - Processing /home/airflow/.local/lib/python3.8/site-packages/airflow/example_dags/example_complex.py took 0.055 seconds
[2025-08-02T03:03:59.952+0000] {processor.py:161} INFO - Started process (PID=883) to work on /home/airflow/.local/lib/python3.8/site-packages/airflow/example_dags/example_complex.py
[2025-08-02T03:03:59.953+0000] {processor.py:830} INFO - Processing file /home/airflow/.local/lib/python3.8/site-packages/airflow/example_dags/example_complex.py for tasks to queue
[2025-08-02T03:03:59.956+0000] {logging_mixin.py:188} INFO - [2025-08-02T03:03:59.956+0000] {dagbag.py:540} INFO - Filling up the DagBag from /home/airflow/.local/lib/python3.8/site-packages/airflow/example_dags/example_complex.py
[2025-08-02T03:03:59.963+0000] {processor.py:840} INFO - DAG(s) 'example_complex' retrieved from /home/airflow/.local/lib/python3.8/site-packages/airflow/example_dags/example_complex.py
[2025-08-02T03:03:59.982+0000] {logging_mixin.py:188} INFO - [2025-08-02T03:03:59.982+0000] {dag.py:3047} INFO - Sync 1 DAGs
[2025-08-02T03:03:59.988+0000] {logging_mixin.py:188} INFO - [2025-08-02T03:03:59.988+0000] {dag.py:3834} INFO - Setting next_dagrun for example_complex to None, run_after=None
[2025-08-02T03:03:59.996+0000] {processor.py:183} INFO - Processing /home/airflow/.local/lib/python3.8/site-packages/airflow/example_dags/example_complex.py took 0.047 seconds
[2025-08-02T03:04:30.958+0000] {processor.py:161} INFO - Started process (PID=939) to work on /home/airflow/.local/lib/python3.8/site-packages/airflow/example_dags/example_complex.py
[2025-08-02T03:04:30.962+0000] {processor.py:830} INFO - Processing file /home/airflow/.local/lib/python3.8/site-packages/airflow/example_dags/example_complex.py for tasks to queue
[2025-08-02T03:04:30.965+0000] {logging_mixin.py:188} INFO - [2025-08-02T03:04:30.965+0000] {dagbag.py:540} INFO - Filling up the DagBag from /home/airflow/.local/lib/python3.8/site-packages/airflow/example_dags/example_complex.py
[2025-08-02T03:04:30.974+0000] {processor.py:840} INFO - DAG(s) 'example_complex' retrieved from /home/airflow/.local/lib/python3.8/site-packages/airflow/example_dags/example_complex.py
[2025-08-02T03:04:30.994+0000] {logging_mixin.py:188} INFO - [2025-08-02T03:04:30.994+0000] {dag.py:3047} INFO - Sync 1 DAGs
[2025-08-02T03:04:30.999+0000] {logging_mixin.py:188} INFO - [2025-08-02T03:04:30.999+0000] {dag.py:3834} INFO - Setting next_dagrun for example_complex to None, run_after=None
[2025-08-02T03:04:31.008+0000] {processor.py:183} INFO - Processing /home/airflow/.local/lib/python3.8/site-packages/airflow/example_dags/example_complex.py took 0.053 seconds
[2025-08-02T03:05:01.592+0000] {processor.py:161} INFO - Started process (PID=996) to work on /home/airflow/.local/lib/python3.8/site-packages/airflow/example_dags/example_complex.py
[2025-08-02T03:05:01.593+0000] {processor.py:830} INFO - Processing file /home/airflow/.local/lib/python3.8/site-packages/airflow/example_dags/example_complex.py for tasks to queue
[2025-08-02T03:05:01.595+0000] {logging_mixin.py:188} INFO - [2025-08-02T03:05:01.595+0000] {dagbag.py:540} INFO - Filling up the DagBag from /home/airflow/.local/lib/python3.8/site-packages/airflow/example_dags/example_complex.py
[2025-08-02T03:05:01.602+0000] {processor.py:840} INFO - DAG(s) 'example_complex' retrieved from /home/airflow/.local/lib/python3.8/site-packages/airflow/example_dags/example_complex.py
[2025-08-02T03:05:01.625+0000] {logging_mixin.py:188} INFO - [2025-08-02T03:05:01.625+0000] {dag.py:3047} INFO - Sync 1 DAGs
[2025-08-02T03:05:01.632+0000] {logging_mixin.py:188} INFO - [2025-08-02T03:05:01.632+0000] {dag.py:3834} INFO - Setting next_dagrun for example_complex to None, run_after=None
[2025-08-02T03:05:01.641+0000] {processor.py:183} INFO - Processing /home/airflow/.local/lib/python3.8/site-packages/airflow/example_dags/example_complex.py took 0.052 seconds
[2025-08-02T03:05:32.058+0000] {processor.py:161} INFO - Started process (PID=1052) to work on /home/airflow/.local/lib/python3.8/site-packages/airflow/example_dags/example_complex.py
[2025-08-02T03:05:32.060+0000] {processor.py:830} INFO - Processing file /home/airflow/.local/lib/python3.8/site-packages/airflow/example_dags/example_complex.py for tasks to queue
[2025-08-02T03:05:32.063+0000] {logging_mixin.py:188} INFO - [2025-08-02T03:05:32.062+0000] {dagbag.py:540} INFO - Filling up the DagBag from /home/airflow/.local/lib/python3.8/site-packages/airflow/example_dags/example_complex.py
[2025-08-02T03:05:32.073+0000] {processor.py:840} INFO - DAG(s) 'example_complex' retrieved from /home/airflow/.local/lib/python3.8/site-packages/airflow/example_dags/example_complex.py
[2025-08-02T03:05:32.097+0000] {logging_mixin.py:188} INFO - [2025-08-02T03:05:32.097+0000] {dag.py:3047} INFO - Sync 1 DAGs
[2025-08-02T03:05:32.104+0000] {logging_mixin.py:188} INFO - [2025-08-02T03:05:32.104+0000] {dag.py:3834} INFO - Setting next_dagrun for example_complex to None, run_after=None
[2025-08-02T03:05:32.116+0000] {processor.py:183} INFO - Processing /home/airflow/.local/lib/python3.8/site-packages/airflow/example_dags/example_complex.py took 0.062 seconds
[2025-08-02T03:06:02.960+0000] {processor.py:161} INFO - Started process (PID=1108) to work on /home/airflow/.local/lib/python3.8/site-packages/airflow/example_dags/example_complex.py
[2025-08-02T03:06:02.961+0000] {processor.py:830} INFO - Processing file /home/airflow/.local/lib/python3.8/site-packages/airflow/example_dags/example_complex.py for tasks to queue
[2025-08-02T03:06:02.962+0000] {logging_mixin.py:188} INFO - [2025-08-02T03:06:02.962+0000] {dagbag.py:540} INFO - Filling up the DagBag from /home/airflow/.local/lib/python3.8/site-packages/airflow/example_dags/example_complex.py
[2025-08-02T03:06:02.969+0000] {processor.py:840} INFO - DAG(s) 'example_complex' retrieved from /home/airflow/.local/lib/python3.8/site-packages/airflow/example_dags/example_complex.py
[2025-08-02T03:06:02.995+0000] {logging_mixin.py:188} INFO - [2025-08-02T03:06:02.995+0000] {dag.py:3047} INFO - Sync 1 DAGs
[2025-08-02T03:06:03.010+0000] {logging_mixin.py:188} INFO - [2025-08-02T03:06:03.010+0000] {dag.py:3834} INFO - Setting next_dagrun for example_complex to None, run_after=None
[2025-08-02T03:06:03.026+0000] {processor.py:183} INFO - Processing /home/airflow/.local/lib/python3.8/site-packages/airflow/example_dags/example_complex.py took 0.069 seconds
[2025-08-02T03:06:38.281+0000] {processor.py:161} INFO - Started process (PID=1164) to work on /home/airflow/.local/lib/python3.8/site-packages/airflow/example_dags/example_complex.py
[2025-08-02T03:06:38.283+0000] {processor.py:830} INFO - Processing file /home/airflow/.local/lib/python3.8/site-packages/airflow/example_dags/example_complex.py for tasks to queue
[2025-08-02T03:06:38.294+0000] {logging_mixin.py:188} INFO - [2025-08-02T03:06:38.292+0000] {dagbag.py:540} INFO - Filling up the DagBag from /home/airflow/.local/lib/python3.8/site-packages/airflow/example_dags/example_complex.py
[2025-08-02T03:06:38.314+0000] {processor.py:840} INFO - DAG(s) 'example_complex' retrieved from /home/airflow/.local/lib/python3.8/site-packages/airflow/example_dags/example_complex.py
[2025-08-02T03:06:38.346+0000] {logging_mixin.py:188} INFO - [2025-08-02T03:06:38.346+0000] {dag.py:3047} INFO - Sync 1 DAGs
[2025-08-02T03:06:38.357+0000] {logging_mixin.py:188} INFO - [2025-08-02T03:06:38.357+0000] {dag.py:3834} INFO - Setting next_dagrun for example_complex to None, run_after=None
[2025-08-02T03:06:38.398+0000] {processor.py:183} INFO - Processing /home/airflow/.local/lib/python3.8/site-packages/airflow/example_dags/example_complex.py took 0.120 seconds
[2025-08-02T03:07:12.767+0000] {processor.py:161} INFO - Started process (PID=1220) to work on /home/airflow/.local/lib/python3.8/site-packages/airflow/example_dags/example_complex.py
[2025-08-02T03:07:12.771+0000] {processor.py:830} INFO - Processing file /home/airflow/.local/lib/python3.8/site-packages/airflow/example_dags/example_complex.py for tasks to queue
[2025-08-02T03:07:12.774+0000] {logging_mixin.py:188} INFO - [2025-08-02T03:07:12.773+0000] {dagbag.py:540} INFO - Filling up the DagBag from /home/airflow/.local/lib/python3.8/site-packages/airflow/example_dags/example_complex.py
[2025-08-02T03:07:12.811+0000] {processor.py:840} INFO - DAG(s) 'example_complex' retrieved from /home/airflow/.local/lib/python3.8/site-packages/airflow/example_dags/example_complex.py
[2025-08-02T03:07:12.970+0000] {logging_mixin.py:188} INFO - [2025-08-02T03:07:12.970+0000] {dag.py:3047} INFO - Sync 1 DAGs
[2025-08-02T03:07:13.018+0000] {logging_mixin.py:188} INFO - [2025-08-02T03:07:13.017+0000] {dag.py:3834} INFO - Setting next_dagrun for example_complex to None, run_after=None
[2025-08-02T03:07:13.080+0000] {processor.py:183} INFO - Processing /home/airflow/.local/lib/python3.8/site-packages/airflow/example_dags/example_complex.py took 0.316 seconds
[2025-08-02T03:07:44.229+0000] {processor.py:161} INFO - Started process (PID=1281) to work on /home/airflow/.local/lib/python3.8/site-packages/airflow/example_dags/example_complex.py
[2025-08-02T03:07:44.231+0000] {processor.py:830} INFO - Processing file /home/airflow/.local/lib/python3.8/site-packages/airflow/example_dags/example_complex.py for tasks to queue
[2025-08-02T03:07:44.243+0000] {logging_mixin.py:188} INFO - [2025-08-02T03:07:44.241+0000] {dagbag.py:540} INFO - Filling up the DagBag from /home/airflow/.local/lib/python3.8/site-packages/airflow/example_dags/example_complex.py
[2025-08-02T03:07:44.255+0000] {processor.py:840} INFO - DAG(s) 'example_complex' retrieved from /home/airflow/.local/lib/python3.8/site-packages/airflow/example_dags/example_complex.py
[2025-08-02T03:07:44.341+0000] {logging_mixin.py:188} INFO - [2025-08-02T03:07:44.340+0000] {dag.py:3047} INFO - Sync 1 DAGs
[2025-08-02T03:07:44.400+0000] {logging_mixin.py:188} INFO - [2025-08-02T03:07:44.399+0000] {dag.py:3834} INFO - Setting next_dagrun for example_complex to None, run_after=None
[2025-08-02T03:07:44.528+0000] {processor.py:183} INFO - Processing /home/airflow/.local/lib/python3.8/site-packages/airflow/example_dags/example_complex.py took 0.303 seconds
[2025-08-02T03:09:10.177+0000] {processor.py:161} INFO - Started process (PID=109) to work on /home/airflow/.local/lib/python3.8/site-packages/airflow/example_dags/example_complex.py
[2025-08-02T03:09:10.181+0000] {processor.py:830} INFO - Processing file /home/airflow/.local/lib/python3.8/site-packages/airflow/example_dags/example_complex.py for tasks to queue
[2025-08-02T03:09:10.190+0000] {logging_mixin.py:188} INFO - [2025-08-02T03:09:10.188+0000] {dagbag.py:540} INFO - Filling up the DagBag from /home/airflow/.local/lib/python3.8/site-packages/airflow/example_dags/example_complex.py
[2025-08-02T03:09:10.248+0000] {processor.py:840} INFO - DAG(s) 'example_complex' retrieved from /home/airflow/.local/lib/python3.8/site-packages/airflow/example_dags/example_complex.py
[2025-08-02T03:09:10.508+0000] {logging_mixin.py:188} INFO - [2025-08-02T03:09:10.507+0000] {dag.py:3047} INFO - Sync 1 DAGs
[2025-08-02T03:09:10.528+0000] {logging_mixin.py:188} INFO - [2025-08-02T03:09:10.528+0000] {dag.py:3834} INFO - Setting next_dagrun for example_complex to None, run_after=None
[2025-08-02T03:09:10.598+0000] {processor.py:183} INFO - Processing /home/airflow/.local/lib/python3.8/site-packages/airflow/example_dags/example_complex.py took 0.426 seconds
[2025-08-02T03:09:41.612+0000] {processor.py:161} INFO - Started process (PID=165) to work on /home/airflow/.local/lib/python3.8/site-packages/airflow/example_dags/example_complex.py
[2025-08-02T03:09:41.625+0000] {processor.py:830} INFO - Processing file /home/airflow/.local/lib/python3.8/site-packages/airflow/example_dags/example_complex.py for tasks to queue
[2025-08-02T03:09:41.646+0000] {logging_mixin.py:188} INFO - [2025-08-02T03:09:41.645+0000] {dagbag.py:540} INFO - Filling up the DagBag from /home/airflow/.local/lib/python3.8/site-packages/airflow/example_dags/example_complex.py
[2025-08-02T03:09:41.678+0000] {processor.py:840} INFO - DAG(s) 'example_complex' retrieved from /home/airflow/.local/lib/python3.8/site-packages/airflow/example_dags/example_complex.py
[2025-08-02T03:09:41.764+0000] {logging_mixin.py:188} INFO - [2025-08-02T03:09:41.762+0000] {dag.py:3047} INFO - Sync 1 DAGs
[2025-08-02T03:09:41.791+0000] {logging_mixin.py:188} INFO - [2025-08-02T03:09:41.791+0000] {dag.py:3834} INFO - Setting next_dagrun for example_complex to None, run_after=None
[2025-08-02T03:09:41.832+0000] {processor.py:183} INFO - Processing /home/airflow/.local/lib/python3.8/site-packages/airflow/example_dags/example_complex.py took 0.235 seconds
[2025-08-02T03:10:12.343+0000] {processor.py:161} INFO - Started process (PID=220) to work on /home/airflow/.local/lib/python3.8/site-packages/airflow/example_dags/example_complex.py
[2025-08-02T03:10:12.345+0000] {processor.py:830} INFO - Processing file /home/airflow/.local/lib/python3.8/site-packages/airflow/example_dags/example_complex.py for tasks to queue
[2025-08-02T03:10:12.349+0000] {logging_mixin.py:188} INFO - [2025-08-02T03:10:12.349+0000] {dagbag.py:540} INFO - Filling up the DagBag from /home/airflow/.local/lib/python3.8/site-packages/airflow/example_dags/example_complex.py
[2025-08-02T03:10:12.362+0000] {processor.py:840} INFO - DAG(s) 'example_complex' retrieved from /home/airflow/.local/lib/python3.8/site-packages/airflow/example_dags/example_complex.py
[2025-08-02T03:10:12.419+0000] {logging_mixin.py:188} INFO - [2025-08-02T03:10:12.418+0000] {dag.py:3047} INFO - Sync 1 DAGs
[2025-08-02T03:10:12.449+0000] {logging_mixin.py:188} INFO - [2025-08-02T03:10:12.448+0000] {dag.py:3834} INFO - Setting next_dagrun for example_complex to None, run_after=None
[2025-08-02T03:10:12.479+0000] {processor.py:183} INFO - Processing /home/airflow/.local/lib/python3.8/site-packages/airflow/example_dags/example_complex.py took 0.154 seconds
[2025-08-02T03:10:42.867+0000] {processor.py:161} INFO - Started process (PID=276) to work on /home/airflow/.local/lib/python3.8/site-packages/airflow/example_dags/example_complex.py
[2025-08-02T03:10:42.870+0000] {processor.py:830} INFO - Processing file /home/airflow/.local/lib/python3.8/site-packages/airflow/example_dags/example_complex.py for tasks to queue
[2025-08-02T03:10:42.872+0000] {logging_mixin.py:188} INFO - [2025-08-02T03:10:42.872+0000] {dagbag.py:540} INFO - Filling up the DagBag from /home/airflow/.local/lib/python3.8/site-packages/airflow/example_dags/example_complex.py
[2025-08-02T03:10:42.897+0000] {processor.py:840} INFO - DAG(s) 'example_complex' retrieved from /home/airflow/.local/lib/python3.8/site-packages/airflow/example_dags/example_complex.py
[2025-08-02T03:10:42.919+0000] {logging_mixin.py:188} INFO - [2025-08-02T03:10:42.919+0000] {dag.py:3047} INFO - Sync 1 DAGs
[2025-08-02T03:10:42.931+0000] {logging_mixin.py:188} INFO - [2025-08-02T03:10:42.931+0000] {dag.py:3834} INFO - Setting next_dagrun for example_complex to None, run_after=None
[2025-08-02T03:10:42.960+0000] {processor.py:183} INFO - Processing /home/airflow/.local/lib/python3.8/site-packages/airflow/example_dags/example_complex.py took 0.096 seconds
[2025-08-02T03:11:13.673+0000] {processor.py:161} INFO - Started process (PID=332) to work on /home/airflow/.local/lib/python3.8/site-packages/airflow/example_dags/example_complex.py
[2025-08-02T03:11:13.676+0000] {processor.py:830} INFO - Processing file /home/airflow/.local/lib/python3.8/site-packages/airflow/example_dags/example_complex.py for tasks to queue
[2025-08-02T03:11:13.683+0000] {logging_mixin.py:188} INFO - [2025-08-02T03:11:13.683+0000] {dagbag.py:540} INFO - Filling up the DagBag from /home/airflow/.local/lib/python3.8/site-packages/airflow/example_dags/example_complex.py
[2025-08-02T03:11:13.738+0000] {processor.py:840} INFO - DAG(s) 'example_complex' retrieved from /home/airflow/.local/lib/python3.8/site-packages/airflow/example_dags/example_complex.py
[2025-08-02T03:11:13.847+0000] {logging_mixin.py:188} INFO - [2025-08-02T03:11:13.847+0000] {dag.py:3047} INFO - Sync 1 DAGs
[2025-08-02T03:11:13.888+0000] {logging_mixin.py:188} INFO - [2025-08-02T03:11:13.886+0000] {dag.py:3834} INFO - Setting next_dagrun for example_complex to None, run_after=None
[2025-08-02T03:11:13.956+0000] {processor.py:183} INFO - Processing /home/airflow/.local/lib/python3.8/site-packages/airflow/example_dags/example_complex.py took 0.342 seconds
[2025-08-02T03:11:44.629+0000] {processor.py:161} INFO - Started process (PID=388) to work on /home/airflow/.local/lib/python3.8/site-packages/airflow/example_dags/example_complex.py
[2025-08-02T03:11:44.630+0000] {processor.py:830} INFO - Processing file /home/airflow/.local/lib/python3.8/site-packages/airflow/example_dags/example_complex.py for tasks to queue
[2025-08-02T03:11:44.632+0000] {logging_mixin.py:188} INFO - [2025-08-02T03:11:44.632+0000] {dagbag.py:540} INFO - Filling up the DagBag from /home/airflow/.local/lib/python3.8/site-packages/airflow/example_dags/example_complex.py
[2025-08-02T03:11:44.640+0000] {processor.py:840} INFO - DAG(s) 'example_complex' retrieved from /home/airflow/.local/lib/python3.8/site-packages/airflow/example_dags/example_complex.py
[2025-08-02T03:11:44.665+0000] {logging_mixin.py:188} INFO - [2025-08-02T03:11:44.665+0000] {dag.py:3047} INFO - Sync 1 DAGs
[2025-08-02T03:11:44.675+0000] {logging_mixin.py:188} INFO - [2025-08-02T03:11:44.674+0000] {dag.py:3834} INFO - Setting next_dagrun for example_complex to None, run_after=None
[2025-08-02T03:11:44.697+0000] {processor.py:183} INFO - Processing /home/airflow/.local/lib/python3.8/site-packages/airflow/example_dags/example_complex.py took 0.071 seconds
[2025-08-02T03:12:15.786+0000] {processor.py:161} INFO - Started process (PID=444) to work on /home/airflow/.local/lib/python3.8/site-packages/airflow/example_dags/example_complex.py
[2025-08-02T03:12:15.787+0000] {processor.py:830} INFO - Processing file /home/airflow/.local/lib/python3.8/site-packages/airflow/example_dags/example_complex.py for tasks to queue
[2025-08-02T03:12:15.788+0000] {logging_mixin.py:188} INFO - [2025-08-02T03:12:15.788+0000] {dagbag.py:540} INFO - Filling up the DagBag from /home/airflow/.local/lib/python3.8/site-packages/airflow/example_dags/example_complex.py
[2025-08-02T03:12:15.794+0000] {processor.py:840} INFO - DAG(s) 'example_complex' retrieved from /home/airflow/.local/lib/python3.8/site-packages/airflow/example_dags/example_complex.py
[2025-08-02T03:12:15.822+0000] {logging_mixin.py:188} INFO - [2025-08-02T03:12:15.821+0000] {dag.py:3047} INFO - Sync 1 DAGs
[2025-08-02T03:12:15.831+0000] {logging_mixin.py:188} INFO - [2025-08-02T03:12:15.830+0000] {dag.py:3834} INFO - Setting next_dagrun for example_complex to None, run_after=None
[2025-08-02T03:12:15.841+0000] {processor.py:183} INFO - Processing /home/airflow/.local/lib/python3.8/site-packages/airflow/example_dags/example_complex.py took 0.057 seconds
[2025-08-02T03:12:46.131+0000] {processor.py:161} INFO - Started process (PID=500) to work on /home/airflow/.local/lib/python3.8/site-packages/airflow/example_dags/example_complex.py
[2025-08-02T03:12:46.132+0000] {processor.py:830} INFO - Processing file /home/airflow/.local/lib/python3.8/site-packages/airflow/example_dags/example_complex.py for tasks to queue
[2025-08-02T03:12:46.134+0000] {logging_mixin.py:188} INFO - [2025-08-02T03:12:46.134+0000] {dagbag.py:540} INFO - Filling up the DagBag from /home/airflow/.local/lib/python3.8/site-packages/airflow/example_dags/example_complex.py
[2025-08-02T03:12:46.147+0000] {processor.py:840} INFO - DAG(s) 'example_complex' retrieved from /home/airflow/.local/lib/python3.8/site-packages/airflow/example_dags/example_complex.py
[2025-08-02T03:12:46.196+0000] {logging_mixin.py:188} INFO - [2025-08-02T03:12:46.195+0000] {dag.py:3047} INFO - Sync 1 DAGs
[2025-08-02T03:12:46.216+0000] {logging_mixin.py:188} INFO - [2025-08-02T03:12:46.216+0000] {dag.py:3834} INFO - Setting next_dagrun for example_complex to None, run_after=None
[2025-08-02T03:12:46.250+0000] {processor.py:183} INFO - Processing /home/airflow/.local/lib/python3.8/site-packages/airflow/example_dags/example_complex.py took 0.122 seconds
[2025-08-02T03:13:17.042+0000] {processor.py:161} INFO - Started process (PID=556) to work on /home/airflow/.local/lib/python3.8/site-packages/airflow/example_dags/example_complex.py
[2025-08-02T03:13:17.043+0000] {processor.py:830} INFO - Processing file /home/airflow/.local/lib/python3.8/site-packages/airflow/example_dags/example_complex.py for tasks to queue
[2025-08-02T03:13:17.044+0000] {logging_mixin.py:188} INFO - [2025-08-02T03:13:17.044+0000] {dagbag.py:540} INFO - Filling up the DagBag from /home/airflow/.local/lib/python3.8/site-packages/airflow/example_dags/example_complex.py
[2025-08-02T03:13:17.050+0000] {processor.py:840} INFO - DAG(s) 'example_complex' retrieved from /home/airflow/.local/lib/python3.8/site-packages/airflow/example_dags/example_complex.py
[2025-08-02T03:13:17.072+0000] {logging_mixin.py:188} INFO - [2025-08-02T03:13:17.072+0000] {dag.py:3047} INFO - Sync 1 DAGs
[2025-08-02T03:13:17.080+0000] {logging_mixin.py:188} INFO - [2025-08-02T03:13:17.079+0000] {dag.py:3834} INFO - Setting next_dagrun for example_complex to None, run_after=None
[2025-08-02T03:13:17.091+0000] {processor.py:183} INFO - Processing /home/airflow/.local/lib/python3.8/site-packages/airflow/example_dags/example_complex.py took 0.052 seconds
[2025-08-02T03:13:48.254+0000] {processor.py:161} INFO - Started process (PID=612) to work on /home/airflow/.local/lib/python3.8/site-packages/airflow/example_dags/example_complex.py
[2025-08-02T03:13:48.255+0000] {processor.py:830} INFO - Processing file /home/airflow/.local/lib/python3.8/site-packages/airflow/example_dags/example_complex.py for tasks to queue
[2025-08-02T03:13:48.256+0000] {logging_mixin.py:188} INFO - [2025-08-02T03:13:48.255+0000] {dagbag.py:540} INFO - Filling up the DagBag from /home/airflow/.local/lib/python3.8/site-packages/airflow/example_dags/example_complex.py
[2025-08-02T03:13:48.262+0000] {processor.py:840} INFO - DAG(s) 'example_complex' retrieved from /home/airflow/.local/lib/python3.8/site-packages/airflow/example_dags/example_complex.py
[2025-08-02T03:13:48.283+0000] {logging_mixin.py:188} INFO - [2025-08-02T03:13:48.282+0000] {dag.py:3047} INFO - Sync 1 DAGs
[2025-08-02T03:13:48.290+0000] {logging_mixin.py:188} INFO - [2025-08-02T03:13:48.290+0000] {dag.py:3834} INFO - Setting next_dagrun for example_complex to None, run_after=None
[2025-08-02T03:13:48.311+0000] {processor.py:183} INFO - Processing /home/airflow/.local/lib/python3.8/site-packages/airflow/example_dags/example_complex.py took 0.060 seconds
[2025-08-02T03:14:19.494+0000] {processor.py:161} INFO - Started process (PID=668) to work on /home/airflow/.local/lib/python3.8/site-packages/airflow/example_dags/example_complex.py
[2025-08-02T03:14:19.495+0000] {processor.py:830} INFO - Processing file /home/airflow/.local/lib/python3.8/site-packages/airflow/example_dags/example_complex.py for tasks to queue
[2025-08-02T03:14:19.496+0000] {logging_mixin.py:188} INFO - [2025-08-02T03:14:19.496+0000] {dagbag.py:540} INFO - Filling up the DagBag from /home/airflow/.local/lib/python3.8/site-packages/airflow/example_dags/example_complex.py
[2025-08-02T03:14:19.502+0000] {processor.py:840} INFO - DAG(s) 'example_complex' retrieved from /home/airflow/.local/lib/python3.8/site-packages/airflow/example_dags/example_complex.py
[2025-08-02T03:14:19.520+0000] {logging_mixin.py:188} INFO - [2025-08-02T03:14:19.519+0000] {dag.py:3047} INFO - Sync 1 DAGs
[2025-08-02T03:14:19.528+0000] {logging_mixin.py:188} INFO - [2025-08-02T03:14:19.528+0000] {dag.py:3834} INFO - Setting next_dagrun for example_complex to None, run_after=None
[2025-08-02T03:14:19.538+0000] {processor.py:183} INFO - Processing /home/airflow/.local/lib/python3.8/site-packages/airflow/example_dags/example_complex.py took 0.046 seconds
