[2025-08-02T01:42:43.441+0000] {processor.py:161} INFO - Started process (PID=88) to work on /home/airflow/.local/lib/python3.8/site-packages/airflow/example_dags/example_task_group_decorator.py
[2025-08-02T01:42:43.443+0000] {processor.py:830} INFO - Processing file /home/airflow/.local/lib/python3.8/site-packages/airflow/example_dags/example_task_group_decorator.py for tasks to queue
[2025-08-02T01:42:43.446+0000] {logging_mixin.py:188} INFO - [2025-08-02T01:42:43.446+0000] {dagbag.py:540} INFO - Filling up the DagBag from /home/airflow/.local/lib/python3.8/site-packages/airflow/example_dags/example_task_group_decorator.py
[2025-08-02T01:42:43.468+0000] {processor.py:840} INFO - DAG(s) 'example_task_group_decorator' retrieved from /home/airflow/.local/lib/python3.8/site-packages/airflow/example_dags/example_task_group_decorator.py
[2025-08-02T01:42:43.597+0000] {logging_mixin.py:188} INFO - [2025-08-02T01:42:43.597+0000] {dag.py:3047} INFO - Sync 1 DAGs
[2025-08-02T01:42:43.628+0000] {logging_mixin.py:188} INFO - [2025-08-02T01:42:43.628+0000] {dag.py:3834} INFO - Setting next_dagrun for example_task_group_decorator to 2025-08-01 00:00:00+00:00, run_after=2025-08-02 00:00:00+00:00
[2025-08-02T01:42:43.655+0000] {processor.py:183} INFO - Processing /home/airflow/.local/lib/python3.8/site-packages/airflow/example_dags/example_task_group_decorator.py took 0.219 seconds
[2025-08-02T01:43:13.733+0000] {processor.py:161} INFO - Started process (PID=144) to work on /home/airflow/.local/lib/python3.8/site-packages/airflow/example_dags/example_task_group_decorator.py
[2025-08-02T01:43:13.735+0000] {processor.py:830} INFO - Processing file /home/airflow/.local/lib/python3.8/site-packages/airflow/example_dags/example_task_group_decorator.py for tasks to queue
[2025-08-02T01:43:13.736+0000] {logging_mixin.py:188} INFO - [2025-08-02T01:43:13.736+0000] {dagbag.py:540} INFO - Filling up the DagBag from /home/airflow/.local/lib/python3.8/site-packages/airflow/example_dags/example_task_group_decorator.py
[2025-08-02T01:43:13.751+0000] {processor.py:840} INFO - DAG(s) 'example_task_group_decorator' retrieved from /home/airflow/.local/lib/python3.8/site-packages/airflow/example_dags/example_task_group_decorator.py
[2025-08-02T01:43:13.776+0000] {logging_mixin.py:188} INFO - [2025-08-02T01:43:13.776+0000] {dag.py:3047} INFO - Sync 1 DAGs
[2025-08-02T01:43:13.790+0000] {logging_mixin.py:188} INFO - [2025-08-02T01:43:13.790+0000] {dag.py:3834} INFO - Setting next_dagrun for example_task_group_decorator to 2025-08-01 00:00:00+00:00, run_after=2025-08-02 00:00:00+00:00
[2025-08-02T01:43:13.821+0000] {processor.py:183} INFO - Processing /home/airflow/.local/lib/python3.8/site-packages/airflow/example_dags/example_task_group_decorator.py took 0.092 seconds
[2025-08-02T01:43:44.814+0000] {processor.py:161} INFO - Started process (PID=200) to work on /home/airflow/.local/lib/python3.8/site-packages/airflow/example_dags/example_task_group_decorator.py
[2025-08-02T01:43:44.815+0000] {processor.py:830} INFO - Processing file /home/airflow/.local/lib/python3.8/site-packages/airflow/example_dags/example_task_group_decorator.py for tasks to queue
[2025-08-02T01:43:44.816+0000] {logging_mixin.py:188} INFO - [2025-08-02T01:43:44.816+0000] {dagbag.py:540} INFO - Filling up the DagBag from /home/airflow/.local/lib/python3.8/site-packages/airflow/example_dags/example_task_group_decorator.py
[2025-08-02T01:43:44.828+0000] {processor.py:840} INFO - DAG(s) 'example_task_group_decorator' retrieved from /home/airflow/.local/lib/python3.8/site-packages/airflow/example_dags/example_task_group_decorator.py
[2025-08-02T01:43:44.851+0000] {logging_mixin.py:188} INFO - [2025-08-02T01:43:44.850+0000] {dag.py:3047} INFO - Sync 1 DAGs
[2025-08-02T01:43:44.871+0000] {logging_mixin.py:188} INFO - [2025-08-02T01:43:44.871+0000] {dag.py:3834} INFO - Setting next_dagrun for example_task_group_decorator to 2025-08-01 00:00:00+00:00, run_after=2025-08-02 00:00:00+00:00
[2025-08-02T01:43:44.894+0000] {processor.py:183} INFO - Processing /home/airflow/.local/lib/python3.8/site-packages/airflow/example_dags/example_task_group_decorator.py took 0.083 seconds
[2025-08-02T01:44:15.082+0000] {processor.py:161} INFO - Started process (PID=256) to work on /home/airflow/.local/lib/python3.8/site-packages/airflow/example_dags/example_task_group_decorator.py
[2025-08-02T01:44:15.083+0000] {processor.py:830} INFO - Processing file /home/airflow/.local/lib/python3.8/site-packages/airflow/example_dags/example_task_group_decorator.py for tasks to queue
[2025-08-02T01:44:15.084+0000] {logging_mixin.py:188} INFO - [2025-08-02T01:44:15.083+0000] {dagbag.py:540} INFO - Filling up the DagBag from /home/airflow/.local/lib/python3.8/site-packages/airflow/example_dags/example_task_group_decorator.py
[2025-08-02T01:44:15.091+0000] {processor.py:840} INFO - DAG(s) 'example_task_group_decorator' retrieved from /home/airflow/.local/lib/python3.8/site-packages/airflow/example_dags/example_task_group_decorator.py
[2025-08-02T01:44:15.111+0000] {logging_mixin.py:188} INFO - [2025-08-02T01:44:15.110+0000] {dag.py:3047} INFO - Sync 1 DAGs
[2025-08-02T01:44:15.125+0000] {logging_mixin.py:188} INFO - [2025-08-02T01:44:15.125+0000] {dag.py:3834} INFO - Setting next_dagrun for example_task_group_decorator to 2025-08-01 00:00:00+00:00, run_after=2025-08-02 00:00:00+00:00
[2025-08-02T01:44:15.134+0000] {processor.py:183} INFO - Processing /home/airflow/.local/lib/python3.8/site-packages/airflow/example_dags/example_task_group_decorator.py took 0.056 seconds
[2025-08-02T01:44:45.900+0000] {processor.py:161} INFO - Started process (PID=312) to work on /home/airflow/.local/lib/python3.8/site-packages/airflow/example_dags/example_task_group_decorator.py
[2025-08-02T01:44:45.902+0000] {processor.py:830} INFO - Processing file /home/airflow/.local/lib/python3.8/site-packages/airflow/example_dags/example_task_group_decorator.py for tasks to queue
[2025-08-02T01:44:45.904+0000] {logging_mixin.py:188} INFO - [2025-08-02T01:44:45.903+0000] {dagbag.py:540} INFO - Filling up the DagBag from /home/airflow/.local/lib/python3.8/site-packages/airflow/example_dags/example_task_group_decorator.py
[2025-08-02T01:44:45.913+0000] {processor.py:840} INFO - DAG(s) 'example_task_group_decorator' retrieved from /home/airflow/.local/lib/python3.8/site-packages/airflow/example_dags/example_task_group_decorator.py
[2025-08-02T01:44:45.933+0000] {logging_mixin.py:188} INFO - [2025-08-02T01:44:45.932+0000] {dag.py:3047} INFO - Sync 1 DAGs
[2025-08-02T01:44:45.946+0000] {logging_mixin.py:188} INFO - [2025-08-02T01:44:45.946+0000] {dag.py:3834} INFO - Setting next_dagrun for example_task_group_decorator to 2025-08-01 00:00:00+00:00, run_after=2025-08-02 00:00:00+00:00
[2025-08-02T01:44:45.966+0000] {processor.py:183} INFO - Processing /home/airflow/.local/lib/python3.8/site-packages/airflow/example_dags/example_task_group_decorator.py took 0.068 seconds
[2025-08-02T01:45:16.183+0000] {processor.py:161} INFO - Started process (PID=368) to work on /home/airflow/.local/lib/python3.8/site-packages/airflow/example_dags/example_task_group_decorator.py
[2025-08-02T01:45:16.186+0000] {processor.py:830} INFO - Processing file /home/airflow/.local/lib/python3.8/site-packages/airflow/example_dags/example_task_group_decorator.py for tasks to queue
[2025-08-02T01:45:16.188+0000] {logging_mixin.py:188} INFO - [2025-08-02T01:45:16.187+0000] {dagbag.py:540} INFO - Filling up the DagBag from /home/airflow/.local/lib/python3.8/site-packages/airflow/example_dags/example_task_group_decorator.py
[2025-08-02T01:45:16.197+0000] {processor.py:840} INFO - DAG(s) 'example_task_group_decorator' retrieved from /home/airflow/.local/lib/python3.8/site-packages/airflow/example_dags/example_task_group_decorator.py
[2025-08-02T01:45:16.216+0000] {logging_mixin.py:188} INFO - [2025-08-02T01:45:16.215+0000] {dag.py:3047} INFO - Sync 1 DAGs
[2025-08-02T01:45:16.239+0000] {logging_mixin.py:188} INFO - [2025-08-02T01:45:16.239+0000] {dag.py:3834} INFO - Setting next_dagrun for example_task_group_decorator to 2025-08-01 00:00:00+00:00, run_after=2025-08-02 00:00:00+00:00
[2025-08-02T01:45:16.260+0000] {processor.py:183} INFO - Processing /home/airflow/.local/lib/python3.8/site-packages/airflow/example_dags/example_task_group_decorator.py took 0.079 seconds
[2025-08-02T01:45:47.367+0000] {processor.py:161} INFO - Started process (PID=424) to work on /home/airflow/.local/lib/python3.8/site-packages/airflow/example_dags/example_task_group_decorator.py
[2025-08-02T01:45:47.369+0000] {processor.py:830} INFO - Processing file /home/airflow/.local/lib/python3.8/site-packages/airflow/example_dags/example_task_group_decorator.py for tasks to queue
[2025-08-02T01:45:47.372+0000] {logging_mixin.py:188} INFO - [2025-08-02T01:45:47.371+0000] {dagbag.py:540} INFO - Filling up the DagBag from /home/airflow/.local/lib/python3.8/site-packages/airflow/example_dags/example_task_group_decorator.py
[2025-08-02T01:45:47.382+0000] {processor.py:840} INFO - DAG(s) 'example_task_group_decorator' retrieved from /home/airflow/.local/lib/python3.8/site-packages/airflow/example_dags/example_task_group_decorator.py
[2025-08-02T01:45:47.413+0000] {logging_mixin.py:188} INFO - [2025-08-02T01:45:47.413+0000] {dag.py:3047} INFO - Sync 1 DAGs
[2025-08-02T01:45:47.432+0000] {logging_mixin.py:188} INFO - [2025-08-02T01:45:47.432+0000] {dag.py:3834} INFO - Setting next_dagrun for example_task_group_decorator to 2025-08-01 00:00:00+00:00, run_after=2025-08-02 00:00:00+00:00
[2025-08-02T01:45:47.452+0000] {processor.py:183} INFO - Processing /home/airflow/.local/lib/python3.8/site-packages/airflow/example_dags/example_task_group_decorator.py took 0.089 seconds
[2025-08-02T01:46:17.726+0000] {processor.py:161} INFO - Started process (PID=481) to work on /home/airflow/.local/lib/python3.8/site-packages/airflow/example_dags/example_task_group_decorator.py
[2025-08-02T01:46:17.730+0000] {processor.py:830} INFO - Processing file /home/airflow/.local/lib/python3.8/site-packages/airflow/example_dags/example_task_group_decorator.py for tasks to queue
[2025-08-02T01:46:17.732+0000] {logging_mixin.py:188} INFO - [2025-08-02T01:46:17.732+0000] {dagbag.py:540} INFO - Filling up the DagBag from /home/airflow/.local/lib/python3.8/site-packages/airflow/example_dags/example_task_group_decorator.py
[2025-08-02T01:46:17.740+0000] {processor.py:840} INFO - DAG(s) 'example_task_group_decorator' retrieved from /home/airflow/.local/lib/python3.8/site-packages/airflow/example_dags/example_task_group_decorator.py
[2025-08-02T01:46:17.758+0000] {logging_mixin.py:188} INFO - [2025-08-02T01:46:17.758+0000] {dag.py:3047} INFO - Sync 1 DAGs
[2025-08-02T01:46:17.774+0000] {logging_mixin.py:188} INFO - [2025-08-02T01:46:17.774+0000] {dag.py:3834} INFO - Setting next_dagrun for example_task_group_decorator to 2025-08-01 00:00:00+00:00, run_after=2025-08-02 00:00:00+00:00
[2025-08-02T01:46:17.791+0000] {processor.py:183} INFO - Processing /home/airflow/.local/lib/python3.8/site-packages/airflow/example_dags/example_task_group_decorator.py took 0.067 seconds
[2025-08-02T01:46:48.830+0000] {processor.py:161} INFO - Started process (PID=538) to work on /home/airflow/.local/lib/python3.8/site-packages/airflow/example_dags/example_task_group_decorator.py
[2025-08-02T01:46:48.834+0000] {processor.py:830} INFO - Processing file /home/airflow/.local/lib/python3.8/site-packages/airflow/example_dags/example_task_group_decorator.py for tasks to queue
[2025-08-02T01:46:48.841+0000] {logging_mixin.py:188} INFO - [2025-08-02T01:46:48.839+0000] {dagbag.py:540} INFO - Filling up the DagBag from /home/airflow/.local/lib/python3.8/site-packages/airflow/example_dags/example_task_group_decorator.py
[2025-08-02T01:46:48.891+0000] {processor.py:840} INFO - DAG(s) 'example_task_group_decorator' retrieved from /home/airflow/.local/lib/python3.8/site-packages/airflow/example_dags/example_task_group_decorator.py
[2025-08-02T01:46:48.918+0000] {logging_mixin.py:188} INFO - [2025-08-02T01:46:48.917+0000] {dag.py:3047} INFO - Sync 1 DAGs
[2025-08-02T01:46:48.939+0000] {logging_mixin.py:188} INFO - [2025-08-02T01:46:48.938+0000] {dag.py:3834} INFO - Setting next_dagrun for example_task_group_decorator to 2025-08-01 00:00:00+00:00, run_after=2025-08-02 00:00:00+00:00
[2025-08-02T01:46:48.972+0000] {processor.py:183} INFO - Processing /home/airflow/.local/lib/python3.8/site-packages/airflow/example_dags/example_task_group_decorator.py took 0.150 seconds
[2025-08-02T01:47:19.341+0000] {processor.py:161} INFO - Started process (PID=594) to work on /home/airflow/.local/lib/python3.8/site-packages/airflow/example_dags/example_task_group_decorator.py
[2025-08-02T01:47:19.346+0000] {processor.py:830} INFO - Processing file /home/airflow/.local/lib/python3.8/site-packages/airflow/example_dags/example_task_group_decorator.py for tasks to queue
[2025-08-02T01:47:19.347+0000] {logging_mixin.py:188} INFO - [2025-08-02T01:47:19.347+0000] {dagbag.py:540} INFO - Filling up the DagBag from /home/airflow/.local/lib/python3.8/site-packages/airflow/example_dags/example_task_group_decorator.py
[2025-08-02T01:47:19.358+0000] {processor.py:840} INFO - DAG(s) 'example_task_group_decorator' retrieved from /home/airflow/.local/lib/python3.8/site-packages/airflow/example_dags/example_task_group_decorator.py
[2025-08-02T01:47:19.386+0000] {logging_mixin.py:188} INFO - [2025-08-02T01:47:19.386+0000] {dag.py:3047} INFO - Sync 1 DAGs
[2025-08-02T01:47:19.401+0000] {logging_mixin.py:188} INFO - [2025-08-02T01:47:19.401+0000] {dag.py:3834} INFO - Setting next_dagrun for example_task_group_decorator to 2025-08-01 00:00:00+00:00, run_after=2025-08-02 00:00:00+00:00
[2025-08-02T01:47:19.417+0000] {processor.py:183} INFO - Processing /home/airflow/.local/lib/python3.8/site-packages/airflow/example_dags/example_task_group_decorator.py took 0.080 seconds
[2025-08-02T01:47:49.814+0000] {processor.py:161} INFO - Started process (PID=650) to work on /home/airflow/.local/lib/python3.8/site-packages/airflow/example_dags/example_task_group_decorator.py
[2025-08-02T01:47:49.815+0000] {processor.py:830} INFO - Processing file /home/airflow/.local/lib/python3.8/site-packages/airflow/example_dags/example_task_group_decorator.py for tasks to queue
[2025-08-02T01:47:49.817+0000] {logging_mixin.py:188} INFO - [2025-08-02T01:47:49.816+0000] {dagbag.py:540} INFO - Filling up the DagBag from /home/airflow/.local/lib/python3.8/site-packages/airflow/example_dags/example_task_group_decorator.py
[2025-08-02T01:47:49.829+0000] {processor.py:840} INFO - DAG(s) 'example_task_group_decorator' retrieved from /home/airflow/.local/lib/python3.8/site-packages/airflow/example_dags/example_task_group_decorator.py
[2025-08-02T01:47:49.845+0000] {logging_mixin.py:188} INFO - [2025-08-02T01:47:49.845+0000] {dag.py:3047} INFO - Sync 1 DAGs
[2025-08-02T01:47:49.855+0000] {logging_mixin.py:188} INFO - [2025-08-02T01:47:49.855+0000] {dag.py:3834} INFO - Setting next_dagrun for example_task_group_decorator to 2025-08-01 00:00:00+00:00, run_after=2025-08-02 00:00:00+00:00
[2025-08-02T01:47:49.866+0000] {processor.py:183} INFO - Processing /home/airflow/.local/lib/python3.8/site-packages/airflow/example_dags/example_task_group_decorator.py took 0.054 seconds
[2025-08-02T01:48:19.952+0000] {processor.py:161} INFO - Started process (PID=706) to work on /home/airflow/.local/lib/python3.8/site-packages/airflow/example_dags/example_task_group_decorator.py
[2025-08-02T01:48:19.953+0000] {processor.py:830} INFO - Processing file /home/airflow/.local/lib/python3.8/site-packages/airflow/example_dags/example_task_group_decorator.py for tasks to queue
[2025-08-02T01:48:19.954+0000] {logging_mixin.py:188} INFO - [2025-08-02T01:48:19.954+0000] {dagbag.py:540} INFO - Filling up the DagBag from /home/airflow/.local/lib/python3.8/site-packages/airflow/example_dags/example_task_group_decorator.py
[2025-08-02T01:48:19.964+0000] {processor.py:840} INFO - DAG(s) 'example_task_group_decorator' retrieved from /home/airflow/.local/lib/python3.8/site-packages/airflow/example_dags/example_task_group_decorator.py
[2025-08-02T01:48:19.991+0000] {logging_mixin.py:188} INFO - [2025-08-02T01:48:19.991+0000] {dag.py:3047} INFO - Sync 1 DAGs
[2025-08-02T01:48:20.006+0000] {logging_mixin.py:188} INFO - [2025-08-02T01:48:20.005+0000] {dag.py:3834} INFO - Setting next_dagrun for example_task_group_decorator to 2025-08-01 00:00:00+00:00, run_after=2025-08-02 00:00:00+00:00
[2025-08-02T01:48:20.018+0000] {processor.py:183} INFO - Processing /home/airflow/.local/lib/python3.8/site-packages/airflow/example_dags/example_task_group_decorator.py took 0.069 seconds
[2025-08-02T01:48:51.125+0000] {processor.py:161} INFO - Started process (PID=762) to work on /home/airflow/.local/lib/python3.8/site-packages/airflow/example_dags/example_task_group_decorator.py
[2025-08-02T01:48:51.127+0000] {processor.py:830} INFO - Processing file /home/airflow/.local/lib/python3.8/site-packages/airflow/example_dags/example_task_group_decorator.py for tasks to queue
[2025-08-02T01:48:51.129+0000] {logging_mixin.py:188} INFO - [2025-08-02T01:48:51.128+0000] {dagbag.py:540} INFO - Filling up the DagBag from /home/airflow/.local/lib/python3.8/site-packages/airflow/example_dags/example_task_group_decorator.py
[2025-08-02T01:48:51.145+0000] {processor.py:840} INFO - DAG(s) 'example_task_group_decorator' retrieved from /home/airflow/.local/lib/python3.8/site-packages/airflow/example_dags/example_task_group_decorator.py
[2025-08-02T01:48:51.183+0000] {logging_mixin.py:188} INFO - [2025-08-02T01:48:51.182+0000] {dag.py:3047} INFO - Sync 1 DAGs
[2025-08-02T01:48:51.200+0000] {logging_mixin.py:188} INFO - [2025-08-02T01:48:51.199+0000] {dag.py:3834} INFO - Setting next_dagrun for example_task_group_decorator to 2025-08-01 00:00:00+00:00, run_after=2025-08-02 00:00:00+00:00
[2025-08-02T01:48:51.211+0000] {processor.py:183} INFO - Processing /home/airflow/.local/lib/python3.8/site-packages/airflow/example_dags/example_task_group_decorator.py took 0.089 seconds
[2025-08-02T01:49:21.247+0000] {processor.py:161} INFO - Started process (PID=818) to work on /home/airflow/.local/lib/python3.8/site-packages/airflow/example_dags/example_task_group_decorator.py
[2025-08-02T01:49:21.248+0000] {processor.py:830} INFO - Processing file /home/airflow/.local/lib/python3.8/site-packages/airflow/example_dags/example_task_group_decorator.py for tasks to queue
[2025-08-02T01:49:21.249+0000] {logging_mixin.py:188} INFO - [2025-08-02T01:49:21.248+0000] {dagbag.py:540} INFO - Filling up the DagBag from /home/airflow/.local/lib/python3.8/site-packages/airflow/example_dags/example_task_group_decorator.py
[2025-08-02T01:49:21.256+0000] {processor.py:840} INFO - DAG(s) 'example_task_group_decorator' retrieved from /home/airflow/.local/lib/python3.8/site-packages/airflow/example_dags/example_task_group_decorator.py
[2025-08-02T01:49:21.269+0000] {logging_mixin.py:188} INFO - [2025-08-02T01:49:21.269+0000] {dag.py:3047} INFO - Sync 1 DAGs
[2025-08-02T01:49:21.281+0000] {logging_mixin.py:188} INFO - [2025-08-02T01:49:21.281+0000] {dag.py:3834} INFO - Setting next_dagrun for example_task_group_decorator to 2025-08-01 00:00:00+00:00, run_after=2025-08-02 00:00:00+00:00
[2025-08-02T01:49:21.289+0000] {processor.py:183} INFO - Processing /home/airflow/.local/lib/python3.8/site-packages/airflow/example_dags/example_task_group_decorator.py took 0.044 seconds
[2025-08-02T01:49:53.486+0000] {processor.py:161} INFO - Started process (PID=874) to work on /home/airflow/.local/lib/python3.8/site-packages/airflow/example_dags/example_task_group_decorator.py
[2025-08-02T01:49:53.491+0000] {processor.py:830} INFO - Processing file /home/airflow/.local/lib/python3.8/site-packages/airflow/example_dags/example_task_group_decorator.py for tasks to queue
[2025-08-02T01:49:53.496+0000] {logging_mixin.py:188} INFO - [2025-08-02T01:49:53.494+0000] {dagbag.py:540} INFO - Filling up the DagBag from /home/airflow/.local/lib/python3.8/site-packages/airflow/example_dags/example_task_group_decorator.py
[2025-08-02T01:49:53.604+0000] {processor.py:840} INFO - DAG(s) 'example_task_group_decorator' retrieved from /home/airflow/.local/lib/python3.8/site-packages/airflow/example_dags/example_task_group_decorator.py
[2025-08-02T01:49:53.985+0000] {logging_mixin.py:188} INFO - [2025-08-02T01:49:53.973+0000] {dag.py:3047} INFO - Sync 1 DAGs
[2025-08-02T01:49:54.351+0000] {logging_mixin.py:188} INFO - [2025-08-02T01:49:54.340+0000] {dag.py:3834} INFO - Setting next_dagrun for example_task_group_decorator to 2025-08-01 00:00:00+00:00, run_after=2025-08-02 00:00:00+00:00
[2025-08-02T01:49:54.471+0000] {processor.py:183} INFO - Processing /home/airflow/.local/lib/python3.8/site-packages/airflow/example_dags/example_task_group_decorator.py took 0.990 seconds
[2025-08-02T01:50:26.971+0000] {processor.py:161} INFO - Started process (PID=930) to work on /home/airflow/.local/lib/python3.8/site-packages/airflow/example_dags/example_task_group_decorator.py
[2025-08-02T01:50:26.972+0000] {processor.py:830} INFO - Processing file /home/airflow/.local/lib/python3.8/site-packages/airflow/example_dags/example_task_group_decorator.py for tasks to queue
[2025-08-02T01:50:26.975+0000] {logging_mixin.py:188} INFO - [2025-08-02T01:50:26.974+0000] {dagbag.py:540} INFO - Filling up the DagBag from /home/airflow/.local/lib/python3.8/site-packages/airflow/example_dags/example_task_group_decorator.py
[2025-08-02T01:50:27.097+0000] {processor.py:840} INFO - DAG(s) 'example_task_group_decorator' retrieved from /home/airflow/.local/lib/python3.8/site-packages/airflow/example_dags/example_task_group_decorator.py
[2025-08-02T01:50:27.217+0000] {logging_mixin.py:188} INFO - [2025-08-02T01:50:27.217+0000] {dag.py:3047} INFO - Sync 1 DAGs
[2025-08-02T01:50:27.271+0000] {logging_mixin.py:188} INFO - [2025-08-02T01:50:27.270+0000] {dag.py:3834} INFO - Setting next_dagrun for example_task_group_decorator to 2025-08-01 00:00:00+00:00, run_after=2025-08-02 00:00:00+00:00
[2025-08-02T01:50:27.307+0000] {processor.py:183} INFO - Processing /home/airflow/.local/lib/python3.8/site-packages/airflow/example_dags/example_task_group_decorator.py took 0.339 seconds
[2025-08-02T01:50:57.794+0000] {processor.py:161} INFO - Started process (PID=987) to work on /home/airflow/.local/lib/python3.8/site-packages/airflow/example_dags/example_task_group_decorator.py
[2025-08-02T01:50:57.795+0000] {processor.py:830} INFO - Processing file /home/airflow/.local/lib/python3.8/site-packages/airflow/example_dags/example_task_group_decorator.py for tasks to queue
[2025-08-02T01:50:57.797+0000] {logging_mixin.py:188} INFO - [2025-08-02T01:50:57.797+0000] {dagbag.py:540} INFO - Filling up the DagBag from /home/airflow/.local/lib/python3.8/site-packages/airflow/example_dags/example_task_group_decorator.py
[2025-08-02T01:50:57.811+0000] {processor.py:840} INFO - DAG(s) 'example_task_group_decorator' retrieved from /home/airflow/.local/lib/python3.8/site-packages/airflow/example_dags/example_task_group_decorator.py
[2025-08-02T01:50:57.838+0000] {logging_mixin.py:188} INFO - [2025-08-02T01:50:57.838+0000] {dag.py:3047} INFO - Sync 1 DAGs
[2025-08-02T01:50:57.857+0000] {logging_mixin.py:188} INFO - [2025-08-02T01:50:57.857+0000] {dag.py:3834} INFO - Setting next_dagrun for example_task_group_decorator to 2025-08-01 00:00:00+00:00, run_after=2025-08-02 00:00:00+00:00
[2025-08-02T01:50:57.873+0000] {processor.py:183} INFO - Processing /home/airflow/.local/lib/python3.8/site-packages/airflow/example_dags/example_task_group_decorator.py took 0.083 seconds
[2025-08-02T01:51:28.167+0000] {processor.py:161} INFO - Started process (PID=1043) to work on /home/airflow/.local/lib/python3.8/site-packages/airflow/example_dags/example_task_group_decorator.py
[2025-08-02T01:51:28.169+0000] {processor.py:830} INFO - Processing file /home/airflow/.local/lib/python3.8/site-packages/airflow/example_dags/example_task_group_decorator.py for tasks to queue
[2025-08-02T01:51:28.171+0000] {logging_mixin.py:188} INFO - [2025-08-02T01:51:28.171+0000] {dagbag.py:540} INFO - Filling up the DagBag from /home/airflow/.local/lib/python3.8/site-packages/airflow/example_dags/example_task_group_decorator.py
[2025-08-02T01:51:28.178+0000] {processor.py:840} INFO - DAG(s) 'example_task_group_decorator' retrieved from /home/airflow/.local/lib/python3.8/site-packages/airflow/example_dags/example_task_group_decorator.py
[2025-08-02T01:51:28.198+0000] {logging_mixin.py:188} INFO - [2025-08-02T01:51:28.198+0000] {dag.py:3047} INFO - Sync 1 DAGs
[2025-08-02T01:51:28.212+0000] {logging_mixin.py:188} INFO - [2025-08-02T01:51:28.212+0000] {dag.py:3834} INFO - Setting next_dagrun for example_task_group_decorator to 2025-08-01 00:00:00+00:00, run_after=2025-08-02 00:00:00+00:00
[2025-08-02T01:51:28.225+0000] {processor.py:183} INFO - Processing /home/airflow/.local/lib/python3.8/site-packages/airflow/example_dags/example_task_group_decorator.py took 0.060 seconds
[2025-08-02T01:51:58.852+0000] {processor.py:161} INFO - Started process (PID=1099) to work on /home/airflow/.local/lib/python3.8/site-packages/airflow/example_dags/example_task_group_decorator.py
[2025-08-02T01:51:58.853+0000] {processor.py:830} INFO - Processing file /home/airflow/.local/lib/python3.8/site-packages/airflow/example_dags/example_task_group_decorator.py for tasks to queue
[2025-08-02T01:51:58.854+0000] {logging_mixin.py:188} INFO - [2025-08-02T01:51:58.854+0000] {dagbag.py:540} INFO - Filling up the DagBag from /home/airflow/.local/lib/python3.8/site-packages/airflow/example_dags/example_task_group_decorator.py
[2025-08-02T01:51:58.861+0000] {processor.py:840} INFO - DAG(s) 'example_task_group_decorator' retrieved from /home/airflow/.local/lib/python3.8/site-packages/airflow/example_dags/example_task_group_decorator.py
[2025-08-02T01:51:58.874+0000] {logging_mixin.py:188} INFO - [2025-08-02T01:51:58.874+0000] {dag.py:3047} INFO - Sync 1 DAGs
[2025-08-02T01:51:58.885+0000] {logging_mixin.py:188} INFO - [2025-08-02T01:51:58.885+0000] {dag.py:3834} INFO - Setting next_dagrun for example_task_group_decorator to 2025-08-01 00:00:00+00:00, run_after=2025-08-02 00:00:00+00:00
[2025-08-02T01:51:58.893+0000] {processor.py:183} INFO - Processing /home/airflow/.local/lib/python3.8/site-packages/airflow/example_dags/example_task_group_decorator.py took 0.044 seconds
[2025-08-02T01:52:29.656+0000] {processor.py:161} INFO - Started process (PID=1155) to work on /home/airflow/.local/lib/python3.8/site-packages/airflow/example_dags/example_task_group_decorator.py
[2025-08-02T01:52:29.658+0000] {processor.py:830} INFO - Processing file /home/airflow/.local/lib/python3.8/site-packages/airflow/example_dags/example_task_group_decorator.py for tasks to queue
[2025-08-02T01:52:29.661+0000] {logging_mixin.py:188} INFO - [2025-08-02T01:52:29.661+0000] {dagbag.py:540} INFO - Filling up the DagBag from /home/airflow/.local/lib/python3.8/site-packages/airflow/example_dags/example_task_group_decorator.py
[2025-08-02T01:52:29.673+0000] {processor.py:840} INFO - DAG(s) 'example_task_group_decorator' retrieved from /home/airflow/.local/lib/python3.8/site-packages/airflow/example_dags/example_task_group_decorator.py
[2025-08-02T01:52:29.695+0000] {logging_mixin.py:188} INFO - [2025-08-02T01:52:29.695+0000] {dag.py:3047} INFO - Sync 1 DAGs
[2025-08-02T01:52:29.710+0000] {logging_mixin.py:188} INFO - [2025-08-02T01:52:29.710+0000] {dag.py:3834} INFO - Setting next_dagrun for example_task_group_decorator to 2025-08-01 00:00:00+00:00, run_after=2025-08-02 00:00:00+00:00
[2025-08-02T01:52:29.734+0000] {processor.py:183} INFO - Processing /home/airflow/.local/lib/python3.8/site-packages/airflow/example_dags/example_task_group_decorator.py took 0.083 seconds
[2025-08-02T01:53:01.181+0000] {processor.py:161} INFO - Started process (PID=1211) to work on /home/airflow/.local/lib/python3.8/site-packages/airflow/example_dags/example_task_group_decorator.py
[2025-08-02T01:53:01.186+0000] {processor.py:830} INFO - Processing file /home/airflow/.local/lib/python3.8/site-packages/airflow/example_dags/example_task_group_decorator.py for tasks to queue
[2025-08-02T01:53:01.193+0000] {logging_mixin.py:188} INFO - [2025-08-02T01:53:01.192+0000] {dagbag.py:540} INFO - Filling up the DagBag from /home/airflow/.local/lib/python3.8/site-packages/airflow/example_dags/example_task_group_decorator.py
[2025-08-02T01:53:01.257+0000] {processor.py:840} INFO - DAG(s) 'example_task_group_decorator' retrieved from /home/airflow/.local/lib/python3.8/site-packages/airflow/example_dags/example_task_group_decorator.py
[2025-08-02T01:53:01.389+0000] {logging_mixin.py:188} INFO - [2025-08-02T01:53:01.388+0000] {dag.py:3047} INFO - Sync 1 DAGs
[2025-08-02T01:53:01.464+0000] {logging_mixin.py:188} INFO - [2025-08-02T01:53:01.464+0000] {dag.py:3834} INFO - Setting next_dagrun for example_task_group_decorator to 2025-08-01 00:00:00+00:00, run_after=2025-08-02 00:00:00+00:00
[2025-08-02T01:53:01.515+0000] {processor.py:183} INFO - Processing /home/airflow/.local/lib/python3.8/site-packages/airflow/example_dags/example_task_group_decorator.py took 0.370 seconds
[2025-08-02T01:53:31.616+0000] {processor.py:161} INFO - Started process (PID=1267) to work on /home/airflow/.local/lib/python3.8/site-packages/airflow/example_dags/example_task_group_decorator.py
[2025-08-02T01:53:31.617+0000] {processor.py:830} INFO - Processing file /home/airflow/.local/lib/python3.8/site-packages/airflow/example_dags/example_task_group_decorator.py for tasks to queue
[2025-08-02T01:53:31.619+0000] {logging_mixin.py:188} INFO - [2025-08-02T01:53:31.619+0000] {dagbag.py:540} INFO - Filling up the DagBag from /home/airflow/.local/lib/python3.8/site-packages/airflow/example_dags/example_task_group_decorator.py
[2025-08-02T01:53:31.631+0000] {processor.py:840} INFO - DAG(s) 'example_task_group_decorator' retrieved from /home/airflow/.local/lib/python3.8/site-packages/airflow/example_dags/example_task_group_decorator.py
[2025-08-02T01:53:31.650+0000] {logging_mixin.py:188} INFO - [2025-08-02T01:53:31.650+0000] {dag.py:3047} INFO - Sync 1 DAGs
[2025-08-02T01:53:31.665+0000] {logging_mixin.py:188} INFO - [2025-08-02T01:53:31.665+0000] {dag.py:3834} INFO - Setting next_dagrun for example_task_group_decorator to 2025-08-01 00:00:00+00:00, run_after=2025-08-02 00:00:00+00:00
[2025-08-02T01:53:31.680+0000] {processor.py:183} INFO - Processing /home/airflow/.local/lib/python3.8/site-packages/airflow/example_dags/example_task_group_decorator.py took 0.068 seconds
[2025-08-02T01:54:02.309+0000] {processor.py:161} INFO - Started process (PID=1323) to work on /home/airflow/.local/lib/python3.8/site-packages/airflow/example_dags/example_task_group_decorator.py
[2025-08-02T01:54:02.311+0000] {processor.py:830} INFO - Processing file /home/airflow/.local/lib/python3.8/site-packages/airflow/example_dags/example_task_group_decorator.py for tasks to queue
[2025-08-02T01:54:02.313+0000] {logging_mixin.py:188} INFO - [2025-08-02T01:54:02.313+0000] {dagbag.py:540} INFO - Filling up the DagBag from /home/airflow/.local/lib/python3.8/site-packages/airflow/example_dags/example_task_group_decorator.py
[2025-08-02T01:54:02.327+0000] {processor.py:840} INFO - DAG(s) 'example_task_group_decorator' retrieved from /home/airflow/.local/lib/python3.8/site-packages/airflow/example_dags/example_task_group_decorator.py
[2025-08-02T01:54:02.378+0000] {logging_mixin.py:188} INFO - [2025-08-02T01:54:02.378+0000] {dag.py:3047} INFO - Sync 1 DAGs
[2025-08-02T01:54:02.407+0000] {logging_mixin.py:188} INFO - [2025-08-02T01:54:02.407+0000] {dag.py:3834} INFO - Setting next_dagrun for example_task_group_decorator to 2025-08-01 00:00:00+00:00, run_after=2025-08-02 00:00:00+00:00
[2025-08-02T01:54:02.445+0000] {processor.py:183} INFO - Processing /home/airflow/.local/lib/python3.8/site-packages/airflow/example_dags/example_task_group_decorator.py took 0.143 seconds
[2025-08-02T01:54:33.362+0000] {processor.py:161} INFO - Started process (PID=1379) to work on /home/airflow/.local/lib/python3.8/site-packages/airflow/example_dags/example_task_group_decorator.py
[2025-08-02T01:54:33.364+0000] {processor.py:830} INFO - Processing file /home/airflow/.local/lib/python3.8/site-packages/airflow/example_dags/example_task_group_decorator.py for tasks to queue
[2025-08-02T01:54:33.365+0000] {logging_mixin.py:188} INFO - [2025-08-02T01:54:33.365+0000] {dagbag.py:540} INFO - Filling up the DagBag from /home/airflow/.local/lib/python3.8/site-packages/airflow/example_dags/example_task_group_decorator.py
[2025-08-02T01:54:33.375+0000] {processor.py:840} INFO - DAG(s) 'example_task_group_decorator' retrieved from /home/airflow/.local/lib/python3.8/site-packages/airflow/example_dags/example_task_group_decorator.py
[2025-08-02T01:54:33.425+0000] {logging_mixin.py:188} INFO - [2025-08-02T01:54:33.424+0000] {dag.py:3047} INFO - Sync 1 DAGs
[2025-08-02T01:54:33.457+0000] {logging_mixin.py:188} INFO - [2025-08-02T01:54:33.457+0000] {dag.py:3834} INFO - Setting next_dagrun for example_task_group_decorator to 2025-08-01 00:00:00+00:00, run_after=2025-08-02 00:00:00+00:00
[2025-08-02T01:54:33.505+0000] {processor.py:183} INFO - Processing /home/airflow/.local/lib/python3.8/site-packages/airflow/example_dags/example_task_group_decorator.py took 0.147 seconds
[2025-08-02T01:55:04.425+0000] {processor.py:161} INFO - Started process (PID=1435) to work on /home/airflow/.local/lib/python3.8/site-packages/airflow/example_dags/example_task_group_decorator.py
[2025-08-02T01:55:04.427+0000] {processor.py:830} INFO - Processing file /home/airflow/.local/lib/python3.8/site-packages/airflow/example_dags/example_task_group_decorator.py for tasks to queue
[2025-08-02T01:55:04.429+0000] {logging_mixin.py:188} INFO - [2025-08-02T01:55:04.429+0000] {dagbag.py:540} INFO - Filling up the DagBag from /home/airflow/.local/lib/python3.8/site-packages/airflow/example_dags/example_task_group_decorator.py
[2025-08-02T01:55:04.443+0000] {processor.py:840} INFO - DAG(s) 'example_task_group_decorator' retrieved from /home/airflow/.local/lib/python3.8/site-packages/airflow/example_dags/example_task_group_decorator.py
[2025-08-02T01:55:04.489+0000] {logging_mixin.py:188} INFO - [2025-08-02T01:55:04.489+0000] {dag.py:3047} INFO - Sync 1 DAGs
[2025-08-02T01:55:04.514+0000] {logging_mixin.py:188} INFO - [2025-08-02T01:55:04.514+0000] {dag.py:3834} INFO - Setting next_dagrun for example_task_group_decorator to 2025-08-01 00:00:00+00:00, run_after=2025-08-02 00:00:00+00:00
[2025-08-02T01:55:04.533+0000] {processor.py:183} INFO - Processing /home/airflow/.local/lib/python3.8/site-packages/airflow/example_dags/example_task_group_decorator.py took 0.115 seconds
[2025-08-02T01:55:34.631+0000] {processor.py:161} INFO - Started process (PID=1490) to work on /home/airflow/.local/lib/python3.8/site-packages/airflow/example_dags/example_task_group_decorator.py
[2025-08-02T01:55:34.635+0000] {processor.py:830} INFO - Processing file /home/airflow/.local/lib/python3.8/site-packages/airflow/example_dags/example_task_group_decorator.py for tasks to queue
[2025-08-02T01:55:34.640+0000] {logging_mixin.py:188} INFO - [2025-08-02T01:55:34.639+0000] {dagbag.py:540} INFO - Filling up the DagBag from /home/airflow/.local/lib/python3.8/site-packages/airflow/example_dags/example_task_group_decorator.py
[2025-08-02T01:55:34.671+0000] {processor.py:840} INFO - DAG(s) 'example_task_group_decorator' retrieved from /home/airflow/.local/lib/python3.8/site-packages/airflow/example_dags/example_task_group_decorator.py
[2025-08-02T01:55:34.704+0000] {logging_mixin.py:188} INFO - [2025-08-02T01:55:34.704+0000] {dag.py:3047} INFO - Sync 1 DAGs
[2025-08-02T01:55:34.736+0000] {logging_mixin.py:188} INFO - [2025-08-02T01:55:34.736+0000] {dag.py:3834} INFO - Setting next_dagrun for example_task_group_decorator to 2025-08-01 00:00:00+00:00, run_after=2025-08-02 00:00:00+00:00
[2025-08-02T01:55:34.754+0000] {processor.py:183} INFO - Processing /home/airflow/.local/lib/python3.8/site-packages/airflow/example_dags/example_task_group_decorator.py took 0.141 seconds
[2025-08-02T01:56:05.139+0000] {processor.py:161} INFO - Started process (PID=1546) to work on /home/airflow/.local/lib/python3.8/site-packages/airflow/example_dags/example_task_group_decorator.py
[2025-08-02T01:56:05.146+0000] {processor.py:830} INFO - Processing file /home/airflow/.local/lib/python3.8/site-packages/airflow/example_dags/example_task_group_decorator.py for tasks to queue
[2025-08-02T01:56:05.175+0000] {logging_mixin.py:188} INFO - [2025-08-02T01:56:05.172+0000] {dagbag.py:540} INFO - Filling up the DagBag from /home/airflow/.local/lib/python3.8/site-packages/airflow/example_dags/example_task_group_decorator.py
[2025-08-02T01:56:05.488+0000] {processor.py:840} INFO - DAG(s) 'example_task_group_decorator' retrieved from /home/airflow/.local/lib/python3.8/site-packages/airflow/example_dags/example_task_group_decorator.py
[2025-08-02T01:56:05.620+0000] {logging_mixin.py:188} INFO - [2025-08-02T01:56:05.618+0000] {dag.py:3047} INFO - Sync 1 DAGs
[2025-08-02T01:56:05.684+0000] {logging_mixin.py:188} INFO - [2025-08-02T01:56:05.684+0000] {dag.py:3834} INFO - Setting next_dagrun for example_task_group_decorator to 2025-08-01 00:00:00+00:00, run_after=2025-08-02 00:00:00+00:00
[2025-08-02T01:56:05.721+0000] {processor.py:183} INFO - Processing /home/airflow/.local/lib/python3.8/site-packages/airflow/example_dags/example_task_group_decorator.py took 0.647 seconds
[2025-08-02T01:56:35.825+0000] {processor.py:161} INFO - Started process (PID=1601) to work on /home/airflow/.local/lib/python3.8/site-packages/airflow/example_dags/example_task_group_decorator.py
[2025-08-02T01:56:35.827+0000] {processor.py:830} INFO - Processing file /home/airflow/.local/lib/python3.8/site-packages/airflow/example_dags/example_task_group_decorator.py for tasks to queue
[2025-08-02T01:56:35.830+0000] {logging_mixin.py:188} INFO - [2025-08-02T01:56:35.829+0000] {dagbag.py:540} INFO - Filling up the DagBag from /home/airflow/.local/lib/python3.8/site-packages/airflow/example_dags/example_task_group_decorator.py
[2025-08-02T01:56:35.850+0000] {processor.py:840} INFO - DAG(s) 'example_task_group_decorator' retrieved from /home/airflow/.local/lib/python3.8/site-packages/airflow/example_dags/example_task_group_decorator.py
[2025-08-02T01:56:35.889+0000] {logging_mixin.py:188} INFO - [2025-08-02T01:56:35.889+0000] {dag.py:3047} INFO - Sync 1 DAGs
[2025-08-02T01:56:35.930+0000] {logging_mixin.py:188} INFO - [2025-08-02T01:56:35.929+0000] {dag.py:3834} INFO - Setting next_dagrun for example_task_group_decorator to 2025-08-01 00:00:00+00:00, run_after=2025-08-02 00:00:00+00:00
[2025-08-02T01:56:35.962+0000] {processor.py:183} INFO - Processing /home/airflow/.local/lib/python3.8/site-packages/airflow/example_dags/example_task_group_decorator.py took 0.144 seconds
[2025-08-02T01:57:06.927+0000] {processor.py:161} INFO - Started process (PID=1655) to work on /home/airflow/.local/lib/python3.8/site-packages/airflow/example_dags/example_task_group_decorator.py
[2025-08-02T01:57:06.929+0000] {processor.py:830} INFO - Processing file /home/airflow/.local/lib/python3.8/site-packages/airflow/example_dags/example_task_group_decorator.py for tasks to queue
[2025-08-02T01:57:06.931+0000] {logging_mixin.py:188} INFO - [2025-08-02T01:57:06.931+0000] {dagbag.py:540} INFO - Filling up the DagBag from /home/airflow/.local/lib/python3.8/site-packages/airflow/example_dags/example_task_group_decorator.py
[2025-08-02T01:57:06.944+0000] {processor.py:840} INFO - DAG(s) 'example_task_group_decorator' retrieved from /home/airflow/.local/lib/python3.8/site-packages/airflow/example_dags/example_task_group_decorator.py
[2025-08-02T01:57:06.975+0000] {logging_mixin.py:188} INFO - [2025-08-02T01:57:06.975+0000] {dag.py:3047} INFO - Sync 1 DAGs
[2025-08-02T01:57:07.002+0000] {logging_mixin.py:188} INFO - [2025-08-02T01:57:07.002+0000] {dag.py:3834} INFO - Setting next_dagrun for example_task_group_decorator to 2025-08-01 00:00:00+00:00, run_after=2025-08-02 00:00:00+00:00
[2025-08-02T01:57:07.020+0000] {processor.py:183} INFO - Processing /home/airflow/.local/lib/python3.8/site-packages/airflow/example_dags/example_task_group_decorator.py took 0.095 seconds
[2025-08-02T01:57:47.531+0000] {processor.py:161} INFO - Started process (PID=1717) to work on /home/airflow/.local/lib/python3.8/site-packages/airflow/example_dags/example_task_group_decorator.py
[2025-08-02T01:57:47.532+0000] {processor.py:830} INFO - Processing file /home/airflow/.local/lib/python3.8/site-packages/airflow/example_dags/example_task_group_decorator.py for tasks to queue
[2025-08-02T01:57:47.534+0000] {logging_mixin.py:188} INFO - [2025-08-02T01:57:47.534+0000] {dagbag.py:540} INFO - Filling up the DagBag from /home/airflow/.local/lib/python3.8/site-packages/airflow/example_dags/example_task_group_decorator.py
[2025-08-02T01:57:47.552+0000] {processor.py:840} INFO - DAG(s) 'example_task_group_decorator' retrieved from /home/airflow/.local/lib/python3.8/site-packages/airflow/example_dags/example_task_group_decorator.py
[2025-08-02T01:57:47.587+0000] {logging_mixin.py:188} INFO - [2025-08-02T01:57:47.586+0000] {dag.py:3047} INFO - Sync 1 DAGs
[2025-08-02T01:57:47.605+0000] {logging_mixin.py:188} INFO - [2025-08-02T01:57:47.605+0000] {dag.py:3834} INFO - Setting next_dagrun for example_task_group_decorator to 2025-08-01 00:00:00+00:00, run_after=2025-08-02 00:00:00+00:00
[2025-08-02T01:57:47.643+0000] {processor.py:183} INFO - Processing /home/airflow/.local/lib/python3.8/site-packages/airflow/example_dags/example_task_group_decorator.py took 0.115 seconds
[2025-08-02T01:58:19.671+0000] {processor.py:161} INFO - Started process (PID=1772) to work on /home/airflow/.local/lib/python3.8/site-packages/airflow/example_dags/example_task_group_decorator.py
[2025-08-02T01:58:19.675+0000] {processor.py:830} INFO - Processing file /home/airflow/.local/lib/python3.8/site-packages/airflow/example_dags/example_task_group_decorator.py for tasks to queue
[2025-08-02T01:58:19.681+0000] {logging_mixin.py:188} INFO - [2025-08-02T01:58:19.680+0000] {dagbag.py:540} INFO - Filling up the DagBag from /home/airflow/.local/lib/python3.8/site-packages/airflow/example_dags/example_task_group_decorator.py
[2025-08-02T01:58:19.702+0000] {processor.py:840} INFO - DAG(s) 'example_task_group_decorator' retrieved from /home/airflow/.local/lib/python3.8/site-packages/airflow/example_dags/example_task_group_decorator.py
[2025-08-02T01:58:19.749+0000] {logging_mixin.py:188} INFO - [2025-08-02T01:58:19.749+0000] {dag.py:3047} INFO - Sync 1 DAGs
[2025-08-02T01:58:19.784+0000] {logging_mixin.py:188} INFO - [2025-08-02T01:58:19.783+0000] {dag.py:3834} INFO - Setting next_dagrun for example_task_group_decorator to 2025-08-01 00:00:00+00:00, run_after=2025-08-02 00:00:00+00:00
[2025-08-02T01:58:19.857+0000] {processor.py:183} INFO - Processing /home/airflow/.local/lib/python3.8/site-packages/airflow/example_dags/example_task_group_decorator.py took 0.193 seconds
[2025-08-02T01:58:49.935+0000] {processor.py:161} INFO - Started process (PID=1828) to work on /home/airflow/.local/lib/python3.8/site-packages/airflow/example_dags/example_task_group_decorator.py
[2025-08-02T01:58:49.936+0000] {processor.py:830} INFO - Processing file /home/airflow/.local/lib/python3.8/site-packages/airflow/example_dags/example_task_group_decorator.py for tasks to queue
[2025-08-02T01:58:49.937+0000] {logging_mixin.py:188} INFO - [2025-08-02T01:58:49.937+0000] {dagbag.py:540} INFO - Filling up the DagBag from /home/airflow/.local/lib/python3.8/site-packages/airflow/example_dags/example_task_group_decorator.py
[2025-08-02T01:58:49.948+0000] {processor.py:840} INFO - DAG(s) 'example_task_group_decorator' retrieved from /home/airflow/.local/lib/python3.8/site-packages/airflow/example_dags/example_task_group_decorator.py
[2025-08-02T01:58:49.966+0000] {logging_mixin.py:188} INFO - [2025-08-02T01:58:49.966+0000] {dag.py:3047} INFO - Sync 1 DAGs
[2025-08-02T01:58:49.978+0000] {logging_mixin.py:188} INFO - [2025-08-02T01:58:49.978+0000] {dag.py:3834} INFO - Setting next_dagrun for example_task_group_decorator to 2025-08-01 00:00:00+00:00, run_after=2025-08-02 00:00:00+00:00
[2025-08-02T01:58:49.991+0000] {processor.py:183} INFO - Processing /home/airflow/.local/lib/python3.8/site-packages/airflow/example_dags/example_task_group_decorator.py took 0.058 seconds
[2025-08-02T01:59:20.155+0000] {processor.py:161} INFO - Started process (PID=1884) to work on /home/airflow/.local/lib/python3.8/site-packages/airflow/example_dags/example_task_group_decorator.py
[2025-08-02T01:59:20.156+0000] {processor.py:830} INFO - Processing file /home/airflow/.local/lib/python3.8/site-packages/airflow/example_dags/example_task_group_decorator.py for tasks to queue
[2025-08-02T01:59:20.157+0000] {logging_mixin.py:188} INFO - [2025-08-02T01:59:20.157+0000] {dagbag.py:540} INFO - Filling up the DagBag from /home/airflow/.local/lib/python3.8/site-packages/airflow/example_dags/example_task_group_decorator.py
[2025-08-02T01:59:20.166+0000] {processor.py:840} INFO - DAG(s) 'example_task_group_decorator' retrieved from /home/airflow/.local/lib/python3.8/site-packages/airflow/example_dags/example_task_group_decorator.py
[2025-08-02T01:59:20.194+0000] {logging_mixin.py:188} INFO - [2025-08-02T01:59:20.193+0000] {dag.py:3047} INFO - Sync 1 DAGs
[2025-08-02T01:59:20.210+0000] {logging_mixin.py:188} INFO - [2025-08-02T01:59:20.210+0000] {dag.py:3834} INFO - Setting next_dagrun for example_task_group_decorator to 2025-08-01 00:00:00+00:00, run_after=2025-08-02 00:00:00+00:00
[2025-08-02T01:59:20.221+0000] {processor.py:183} INFO - Processing /home/airflow/.local/lib/python3.8/site-packages/airflow/example_dags/example_task_group_decorator.py took 0.068 seconds
[2025-08-02T01:59:50.918+0000] {processor.py:161} INFO - Started process (PID=1940) to work on /home/airflow/.local/lib/python3.8/site-packages/airflow/example_dags/example_task_group_decorator.py
[2025-08-02T01:59:50.922+0000] {processor.py:830} INFO - Processing file /home/airflow/.local/lib/python3.8/site-packages/airflow/example_dags/example_task_group_decorator.py for tasks to queue
[2025-08-02T01:59:50.924+0000] {logging_mixin.py:188} INFO - [2025-08-02T01:59:50.924+0000] {dagbag.py:540} INFO - Filling up the DagBag from /home/airflow/.local/lib/python3.8/site-packages/airflow/example_dags/example_task_group_decorator.py
[2025-08-02T01:59:50.936+0000] {processor.py:840} INFO - DAG(s) 'example_task_group_decorator' retrieved from /home/airflow/.local/lib/python3.8/site-packages/airflow/example_dags/example_task_group_decorator.py
[2025-08-02T01:59:50.958+0000] {logging_mixin.py:188} INFO - [2025-08-02T01:59:50.958+0000] {dag.py:3047} INFO - Sync 1 DAGs
[2025-08-02T01:59:50.983+0000] {logging_mixin.py:188} INFO - [2025-08-02T01:59:50.983+0000] {dag.py:3834} INFO - Setting next_dagrun for example_task_group_decorator to 2025-08-01 00:00:00+00:00, run_after=2025-08-02 00:00:00+00:00
[2025-08-02T01:59:50.991+0000] {processor.py:183} INFO - Processing /home/airflow/.local/lib/python3.8/site-packages/airflow/example_dags/example_task_group_decorator.py took 0.075 seconds
[2025-08-02T02:00:22.088+0000] {processor.py:161} INFO - Started process (PID=1996) to work on /home/airflow/.local/lib/python3.8/site-packages/airflow/example_dags/example_task_group_decorator.py
[2025-08-02T02:00:22.089+0000] {processor.py:830} INFO - Processing file /home/airflow/.local/lib/python3.8/site-packages/airflow/example_dags/example_task_group_decorator.py for tasks to queue
[2025-08-02T02:00:22.090+0000] {logging_mixin.py:188} INFO - [2025-08-02T02:00:22.090+0000] {dagbag.py:540} INFO - Filling up the DagBag from /home/airflow/.local/lib/python3.8/site-packages/airflow/example_dags/example_task_group_decorator.py
[2025-08-02T02:00:22.099+0000] {processor.py:840} INFO - DAG(s) 'example_task_group_decorator' retrieved from /home/airflow/.local/lib/python3.8/site-packages/airflow/example_dags/example_task_group_decorator.py
[2025-08-02T02:00:22.122+0000] {logging_mixin.py:188} INFO - [2025-08-02T02:00:22.121+0000] {dag.py:3047} INFO - Sync 1 DAGs
[2025-08-02T02:00:22.136+0000] {logging_mixin.py:188} INFO - [2025-08-02T02:00:22.136+0000] {dag.py:3834} INFO - Setting next_dagrun for example_task_group_decorator to 2025-08-01 00:00:00+00:00, run_after=2025-08-02 00:00:00+00:00
[2025-08-02T02:00:22.145+0000] {processor.py:183} INFO - Processing /home/airflow/.local/lib/python3.8/site-packages/airflow/example_dags/example_task_group_decorator.py took 0.061 seconds
[2025-08-02T02:01:06.538+0000] {processor.py:161} INFO - Started process (PID=2052) to work on /home/airflow/.local/lib/python3.8/site-packages/airflow/example_dags/example_task_group_decorator.py
[2025-08-02T02:01:06.542+0000] {processor.py:830} INFO - Processing file /home/airflow/.local/lib/python3.8/site-packages/airflow/example_dags/example_task_group_decorator.py for tasks to queue
[2025-08-02T02:01:06.557+0000] {logging_mixin.py:188} INFO - [2025-08-02T02:01:06.555+0000] {dagbag.py:540} INFO - Filling up the DagBag from /home/airflow/.local/lib/python3.8/site-packages/airflow/example_dags/example_task_group_decorator.py
[2025-08-02T02:01:06.695+0000] {processor.py:840} INFO - DAG(s) 'example_task_group_decorator' retrieved from /home/airflow/.local/lib/python3.8/site-packages/airflow/example_dags/example_task_group_decorator.py
[2025-08-02T02:01:06.824+0000] {logging_mixin.py:188} INFO - [2025-08-02T02:01:06.822+0000] {dag.py:3047} INFO - Sync 1 DAGs
[2025-08-02T02:01:06.968+0000] {logging_mixin.py:188} INFO - [2025-08-02T02:01:06.965+0000] {dag.py:3834} INFO - Setting next_dagrun for example_task_group_decorator to 2025-08-01 00:00:00+00:00, run_after=2025-08-02 00:00:00+00:00
[2025-08-02T02:01:07.012+0000] {processor.py:183} INFO - Processing /home/airflow/.local/lib/python3.8/site-packages/airflow/example_dags/example_task_group_decorator.py took 0.486 seconds
[2025-08-02T02:01:37.746+0000] {processor.py:161} INFO - Started process (PID=2108) to work on /home/airflow/.local/lib/python3.8/site-packages/airflow/example_dags/example_task_group_decorator.py
[2025-08-02T02:01:37.748+0000] {processor.py:830} INFO - Processing file /home/airflow/.local/lib/python3.8/site-packages/airflow/example_dags/example_task_group_decorator.py for tasks to queue
[2025-08-02T02:01:37.751+0000] {logging_mixin.py:188} INFO - [2025-08-02T02:01:37.750+0000] {dagbag.py:540} INFO - Filling up the DagBag from /home/airflow/.local/lib/python3.8/site-packages/airflow/example_dags/example_task_group_decorator.py
[2025-08-02T02:01:37.762+0000] {processor.py:840} INFO - DAG(s) 'example_task_group_decorator' retrieved from /home/airflow/.local/lib/python3.8/site-packages/airflow/example_dags/example_task_group_decorator.py
[2025-08-02T02:01:37.793+0000] {logging_mixin.py:188} INFO - [2025-08-02T02:01:37.793+0000] {dag.py:3047} INFO - Sync 1 DAGs
[2025-08-02T02:01:37.808+0000] {logging_mixin.py:188} INFO - [2025-08-02T02:01:37.808+0000] {dag.py:3834} INFO - Setting next_dagrun for example_task_group_decorator to 2025-08-01 00:00:00+00:00, run_after=2025-08-02 00:00:00+00:00
[2025-08-02T02:01:37.821+0000] {processor.py:183} INFO - Processing /home/airflow/.local/lib/python3.8/site-packages/airflow/example_dags/example_task_group_decorator.py took 0.082 seconds
[2025-08-02T02:02:36.146+0000] {processor.py:161} INFO - Started process (PID=2156) to work on /home/airflow/.local/lib/python3.8/site-packages/airflow/example_dags/example_task_group_decorator.py
[2025-08-02T02:02:36.152+0000] {processor.py:830} INFO - Processing file /home/airflow/.local/lib/python3.8/site-packages/airflow/example_dags/example_task_group_decorator.py for tasks to queue
[2025-08-02T02:02:36.186+0000] {logging_mixin.py:188} INFO - [2025-08-02T02:02:36.182+0000] {dagbag.py:540} INFO - Filling up the DagBag from /home/airflow/.local/lib/python3.8/site-packages/airflow/example_dags/example_task_group_decorator.py
[2025-08-02T02:02:36.266+0000] {processor.py:840} INFO - DAG(s) 'example_task_group_decorator' retrieved from /home/airflow/.local/lib/python3.8/site-packages/airflow/example_dags/example_task_group_decorator.py
[2025-08-02T02:02:36.495+0000] {logging_mixin.py:188} INFO - [2025-08-02T02:02:36.493+0000] {dag.py:3047} INFO - Sync 1 DAGs
[2025-08-02T02:02:36.620+0000] {logging_mixin.py:188} INFO - [2025-08-02T02:02:36.619+0000] {dag.py:3834} INFO - Setting next_dagrun for example_task_group_decorator to 2025-08-01 00:00:00+00:00, run_after=2025-08-02 00:00:00+00:00
[2025-08-02T02:02:36.727+0000] {processor.py:183} INFO - Processing /home/airflow/.local/lib/python3.8/site-packages/airflow/example_dags/example_task_group_decorator.py took 0.591 seconds
[2025-08-02T02:03:13.429+0000] {processor.py:161} INFO - Started process (PID=2212) to work on /home/airflow/.local/lib/python3.8/site-packages/airflow/example_dags/example_task_group_decorator.py
[2025-08-02T02:03:13.463+0000] {processor.py:830} INFO - Processing file /home/airflow/.local/lib/python3.8/site-packages/airflow/example_dags/example_task_group_decorator.py for tasks to queue
[2025-08-02T02:03:13.484+0000] {logging_mixin.py:188} INFO - [2025-08-02T02:03:13.480+0000] {dagbag.py:540} INFO - Filling up the DagBag from /home/airflow/.local/lib/python3.8/site-packages/airflow/example_dags/example_task_group_decorator.py
[2025-08-02T02:03:13.554+0000] {processor.py:840} INFO - DAG(s) 'example_task_group_decorator' retrieved from /home/airflow/.local/lib/python3.8/site-packages/airflow/example_dags/example_task_group_decorator.py
[2025-08-02T02:03:13.687+0000] {logging_mixin.py:188} INFO - [2025-08-02T02:03:13.686+0000] {dag.py:3047} INFO - Sync 1 DAGs
[2025-08-02T02:03:13.863+0000] {logging_mixin.py:188} INFO - [2025-08-02T02:03:13.862+0000] {dag.py:3834} INFO - Setting next_dagrun for example_task_group_decorator to 2025-08-01 00:00:00+00:00, run_after=2025-08-02 00:00:00+00:00
[2025-08-02T02:03:13.973+0000] {processor.py:183} INFO - Processing /home/airflow/.local/lib/python3.8/site-packages/airflow/example_dags/example_task_group_decorator.py took 0.573 seconds
[2025-08-02T02:03:44.784+0000] {processor.py:161} INFO - Started process (PID=2268) to work on /home/airflow/.local/lib/python3.8/site-packages/airflow/example_dags/example_task_group_decorator.py
[2025-08-02T02:03:44.788+0000] {processor.py:830} INFO - Processing file /home/airflow/.local/lib/python3.8/site-packages/airflow/example_dags/example_task_group_decorator.py for tasks to queue
[2025-08-02T02:03:44.792+0000] {logging_mixin.py:188} INFO - [2025-08-02T02:03:44.791+0000] {dagbag.py:540} INFO - Filling up the DagBag from /home/airflow/.local/lib/python3.8/site-packages/airflow/example_dags/example_task_group_decorator.py
[2025-08-02T02:03:44.817+0000] {processor.py:840} INFO - DAG(s) 'example_task_group_decorator' retrieved from /home/airflow/.local/lib/python3.8/site-packages/airflow/example_dags/example_task_group_decorator.py
[2025-08-02T02:03:44.855+0000] {logging_mixin.py:188} INFO - [2025-08-02T02:03:44.854+0000] {dag.py:3047} INFO - Sync 1 DAGs
[2025-08-02T02:03:44.883+0000] {logging_mixin.py:188} INFO - [2025-08-02T02:03:44.883+0000] {dag.py:3834} INFO - Setting next_dagrun for example_task_group_decorator to 2025-08-01 00:00:00+00:00, run_after=2025-08-02 00:00:00+00:00
[2025-08-02T02:03:44.903+0000] {processor.py:183} INFO - Processing /home/airflow/.local/lib/python3.8/site-packages/airflow/example_dags/example_task_group_decorator.py took 0.127 seconds
[2025-08-02T02:04:22.830+0000] {processor.py:161} INFO - Started process (PID=2324) to work on /home/airflow/.local/lib/python3.8/site-packages/airflow/example_dags/example_task_group_decorator.py
[2025-08-02T02:04:22.832+0000] {processor.py:830} INFO - Processing file /home/airflow/.local/lib/python3.8/site-packages/airflow/example_dags/example_task_group_decorator.py for tasks to queue
[2025-08-02T02:04:22.835+0000] {logging_mixin.py:188} INFO - [2025-08-02T02:04:22.834+0000] {dagbag.py:540} INFO - Filling up the DagBag from /home/airflow/.local/lib/python3.8/site-packages/airflow/example_dags/example_task_group_decorator.py
[2025-08-02T02:04:22.851+0000] {processor.py:840} INFO - DAG(s) 'example_task_group_decorator' retrieved from /home/airflow/.local/lib/python3.8/site-packages/airflow/example_dags/example_task_group_decorator.py
[2025-08-02T02:04:22.932+0000] {logging_mixin.py:188} INFO - [2025-08-02T02:04:22.931+0000] {dag.py:3047} INFO - Sync 1 DAGs
[2025-08-02T02:04:22.976+0000] {logging_mixin.py:188} INFO - [2025-08-02T02:04:22.976+0000] {dag.py:3834} INFO - Setting next_dagrun for example_task_group_decorator to 2025-08-01 00:00:00+00:00, run_after=2025-08-02 00:00:00+00:00
[2025-08-02T02:04:23.046+0000] {processor.py:183} INFO - Processing /home/airflow/.local/lib/python3.8/site-packages/airflow/example_dags/example_task_group_decorator.py took 0.220 seconds
[2025-08-02T02:04:53.242+0000] {processor.py:161} INFO - Started process (PID=2379) to work on /home/airflow/.local/lib/python3.8/site-packages/airflow/example_dags/example_task_group_decorator.py
[2025-08-02T02:04:53.243+0000] {processor.py:830} INFO - Processing file /home/airflow/.local/lib/python3.8/site-packages/airflow/example_dags/example_task_group_decorator.py for tasks to queue
[2025-08-02T02:04:53.246+0000] {logging_mixin.py:188} INFO - [2025-08-02T02:04:53.245+0000] {dagbag.py:540} INFO - Filling up the DagBag from /home/airflow/.local/lib/python3.8/site-packages/airflow/example_dags/example_task_group_decorator.py
[2025-08-02T02:04:53.259+0000] {processor.py:840} INFO - DAG(s) 'example_task_group_decorator' retrieved from /home/airflow/.local/lib/python3.8/site-packages/airflow/example_dags/example_task_group_decorator.py
[2025-08-02T02:04:53.306+0000] {logging_mixin.py:188} INFO - [2025-08-02T02:04:53.306+0000] {dag.py:3047} INFO - Sync 1 DAGs
[2025-08-02T02:04:53.326+0000] {logging_mixin.py:188} INFO - [2025-08-02T02:04:53.326+0000] {dag.py:3834} INFO - Setting next_dagrun for example_task_group_decorator to 2025-08-01 00:00:00+00:00, run_after=2025-08-02 00:00:00+00:00
[2025-08-02T02:04:53.367+0000] {processor.py:183} INFO - Processing /home/airflow/.local/lib/python3.8/site-packages/airflow/example_dags/example_task_group_decorator.py took 0.129 seconds
[2025-08-02T02:08:02.040+0000] {processor.py:161} INFO - Started process (PID=2441) to work on /home/airflow/.local/lib/python3.8/site-packages/airflow/example_dags/example_task_group_decorator.py
[2025-08-02T02:08:02.092+0000] {processor.py:830} INFO - Processing file /home/airflow/.local/lib/python3.8/site-packages/airflow/example_dags/example_task_group_decorator.py for tasks to queue
[2025-08-02T02:08:02.112+0000] {logging_mixin.py:188} INFO - [2025-08-02T02:08:02.111+0000] {dagbag.py:540} INFO - Filling up the DagBag from /home/airflow/.local/lib/python3.8/site-packages/airflow/example_dags/example_task_group_decorator.py
[2025-08-02T02:08:02.296+0000] {processor.py:840} INFO - DAG(s) 'example_task_group_decorator' retrieved from /home/airflow/.local/lib/python3.8/site-packages/airflow/example_dags/example_task_group_decorator.py
[2025-08-02T02:08:02.877+0000] {logging_mixin.py:188} INFO - [2025-08-02T02:08:02.870+0000] {dag.py:3047} INFO - Sync 1 DAGs
[2025-08-02T02:08:03.291+0000] {logging_mixin.py:188} INFO - [2025-08-02T02:08:03.289+0000] {dag.py:3834} INFO - Setting next_dagrun for example_task_group_decorator to 2025-08-01 00:00:00+00:00, run_after=2025-08-02 00:00:00+00:00
[2025-08-02T02:08:03.480+0000] {processor.py:183} INFO - Processing /home/airflow/.local/lib/python3.8/site-packages/airflow/example_dags/example_task_group_decorator.py took 1.456 seconds
[2025-08-02T02:08:54.915+0000] {processor.py:161} INFO - Started process (PID=2499) to work on /home/airflow/.local/lib/python3.8/site-packages/airflow/example_dags/example_task_group_decorator.py
[2025-08-02T02:08:54.917+0000] {processor.py:830} INFO - Processing file /home/airflow/.local/lib/python3.8/site-packages/airflow/example_dags/example_task_group_decorator.py for tasks to queue
[2025-08-02T02:08:54.918+0000] {logging_mixin.py:188} INFO - [2025-08-02T02:08:54.918+0000] {dagbag.py:540} INFO - Filling up the DagBag from /home/airflow/.local/lib/python3.8/site-packages/airflow/example_dags/example_task_group_decorator.py
[2025-08-02T02:08:54.960+0000] {processor.py:840} INFO - DAG(s) 'example_task_group_decorator' retrieved from /home/airflow/.local/lib/python3.8/site-packages/airflow/example_dags/example_task_group_decorator.py
[2025-08-02T02:08:55.047+0000] {logging_mixin.py:188} INFO - [2025-08-02T02:08:55.046+0000] {dag.py:3047} INFO - Sync 1 DAGs
[2025-08-02T02:08:55.164+0000] {logging_mixin.py:188} INFO - [2025-08-02T02:08:55.163+0000] {dag.py:3834} INFO - Setting next_dagrun for example_task_group_decorator to 2025-08-01 00:00:00+00:00, run_after=2025-08-02 00:00:00+00:00
[2025-08-02T02:08:55.323+0000] {processor.py:183} INFO - Processing /home/airflow/.local/lib/python3.8/site-packages/airflow/example_dags/example_task_group_decorator.py took 0.413 seconds
[2025-08-02T02:09:25.702+0000] {processor.py:161} INFO - Started process (PID=2555) to work on /home/airflow/.local/lib/python3.8/site-packages/airflow/example_dags/example_task_group_decorator.py
[2025-08-02T02:09:25.704+0000] {processor.py:830} INFO - Processing file /home/airflow/.local/lib/python3.8/site-packages/airflow/example_dags/example_task_group_decorator.py for tasks to queue
[2025-08-02T02:09:25.705+0000] {logging_mixin.py:188} INFO - [2025-08-02T02:09:25.705+0000] {dagbag.py:540} INFO - Filling up the DagBag from /home/airflow/.local/lib/python3.8/site-packages/airflow/example_dags/example_task_group_decorator.py
[2025-08-02T02:09:25.769+0000] {processor.py:840} INFO - DAG(s) 'example_task_group_decorator' retrieved from /home/airflow/.local/lib/python3.8/site-packages/airflow/example_dags/example_task_group_decorator.py
[2025-08-02T02:09:25.903+0000] {logging_mixin.py:188} INFO - [2025-08-02T02:09:25.902+0000] {dag.py:3047} INFO - Sync 1 DAGs
[2025-08-02T02:09:26.069+0000] {logging_mixin.py:188} INFO - [2025-08-02T02:09:26.067+0000] {dag.py:3834} INFO - Setting next_dagrun for example_task_group_decorator to 2025-08-01 00:00:00+00:00, run_after=2025-08-02 00:00:00+00:00
[2025-08-02T02:09:26.176+0000] {processor.py:183} INFO - Processing /home/airflow/.local/lib/python3.8/site-packages/airflow/example_dags/example_task_group_decorator.py took 0.483 seconds
[2025-08-02T02:10:01.596+0000] {processor.py:161} INFO - Started process (PID=2611) to work on /home/airflow/.local/lib/python3.8/site-packages/airflow/example_dags/example_task_group_decorator.py
[2025-08-02T02:10:01.598+0000] {processor.py:830} INFO - Processing file /home/airflow/.local/lib/python3.8/site-packages/airflow/example_dags/example_task_group_decorator.py for tasks to queue
[2025-08-02T02:10:01.599+0000] {logging_mixin.py:188} INFO - [2025-08-02T02:10:01.598+0000] {dagbag.py:540} INFO - Filling up the DagBag from /home/airflow/.local/lib/python3.8/site-packages/airflow/example_dags/example_task_group_decorator.py
[2025-08-02T02:10:01.612+0000] {processor.py:840} INFO - DAG(s) 'example_task_group_decorator' retrieved from /home/airflow/.local/lib/python3.8/site-packages/airflow/example_dags/example_task_group_decorator.py
[2025-08-02T02:10:01.629+0000] {logging_mixin.py:188} INFO - [2025-08-02T02:10:01.629+0000] {dag.py:3047} INFO - Sync 1 DAGs
[2025-08-02T02:10:01.650+0000] {logging_mixin.py:188} INFO - [2025-08-02T02:10:01.649+0000] {dag.py:3834} INFO - Setting next_dagrun for example_task_group_decorator to 2025-08-01 00:00:00+00:00, run_after=2025-08-02 00:00:00+00:00
[2025-08-02T02:10:01.664+0000] {processor.py:183} INFO - Processing /home/airflow/.local/lib/python3.8/site-packages/airflow/example_dags/example_task_group_decorator.py took 0.072 seconds
[2025-08-02T02:10:40.990+0000] {processor.py:161} INFO - Started process (PID=2667) to work on /home/airflow/.local/lib/python3.8/site-packages/airflow/example_dags/example_task_group_decorator.py
[2025-08-02T02:10:40.998+0000] {processor.py:830} INFO - Processing file /home/airflow/.local/lib/python3.8/site-packages/airflow/example_dags/example_task_group_decorator.py for tasks to queue
[2025-08-02T02:10:41.001+0000] {logging_mixin.py:188} INFO - [2025-08-02T02:10:41.000+0000] {dagbag.py:540} INFO - Filling up the DagBag from /home/airflow/.local/lib/python3.8/site-packages/airflow/example_dags/example_task_group_decorator.py
[2025-08-02T02:10:41.040+0000] {processor.py:840} INFO - DAG(s) 'example_task_group_decorator' retrieved from /home/airflow/.local/lib/python3.8/site-packages/airflow/example_dags/example_task_group_decorator.py
[2025-08-02T02:10:41.117+0000] {logging_mixin.py:188} INFO - [2025-08-02T02:10:41.117+0000] {dag.py:3047} INFO - Sync 1 DAGs
[2025-08-02T02:10:41.170+0000] {logging_mixin.py:188} INFO - [2025-08-02T02:10:41.170+0000] {dag.py:3834} INFO - Setting next_dagrun for example_task_group_decorator to 2025-08-01 00:00:00+00:00, run_after=2025-08-02 00:00:00+00:00
[2025-08-02T02:10:41.208+0000] {processor.py:183} INFO - Processing /home/airflow/.local/lib/python3.8/site-packages/airflow/example_dags/example_task_group_decorator.py took 0.239 seconds
[2025-08-02T02:11:15.381+0000] {processor.py:161} INFO - Started process (PID=2723) to work on /home/airflow/.local/lib/python3.8/site-packages/airflow/example_dags/example_task_group_decorator.py
[2025-08-02T02:11:15.382+0000] {processor.py:830} INFO - Processing file /home/airflow/.local/lib/python3.8/site-packages/airflow/example_dags/example_task_group_decorator.py for tasks to queue
[2025-08-02T02:11:15.384+0000] {logging_mixin.py:188} INFO - [2025-08-02T02:11:15.384+0000] {dagbag.py:540} INFO - Filling up the DagBag from /home/airflow/.local/lib/python3.8/site-packages/airflow/example_dags/example_task_group_decorator.py
[2025-08-02T02:11:15.432+0000] {processor.py:840} INFO - DAG(s) 'example_task_group_decorator' retrieved from /home/airflow/.local/lib/python3.8/site-packages/airflow/example_dags/example_task_group_decorator.py
[2025-08-02T02:11:15.564+0000] {logging_mixin.py:188} INFO - [2025-08-02T02:11:15.563+0000] {dag.py:3047} INFO - Sync 1 DAGs
[2025-08-02T02:11:15.679+0000] {logging_mixin.py:188} INFO - [2025-08-02T02:11:15.678+0000] {dag.py:3834} INFO - Setting next_dagrun for example_task_group_decorator to 2025-08-01 00:00:00+00:00, run_after=2025-08-02 00:00:00+00:00
[2025-08-02T02:11:15.753+0000] {processor.py:183} INFO - Processing /home/airflow/.local/lib/python3.8/site-packages/airflow/example_dags/example_task_group_decorator.py took 0.376 seconds
[2025-08-02T02:11:46.146+0000] {processor.py:161} INFO - Started process (PID=2779) to work on /home/airflow/.local/lib/python3.8/site-packages/airflow/example_dags/example_task_group_decorator.py
[2025-08-02T02:11:46.150+0000] {processor.py:830} INFO - Processing file /home/airflow/.local/lib/python3.8/site-packages/airflow/example_dags/example_task_group_decorator.py for tasks to queue
[2025-08-02T02:11:46.152+0000] {logging_mixin.py:188} INFO - [2025-08-02T02:11:46.151+0000] {dagbag.py:540} INFO - Filling up the DagBag from /home/airflow/.local/lib/python3.8/site-packages/airflow/example_dags/example_task_group_decorator.py
[2025-08-02T02:11:46.200+0000] {processor.py:840} INFO - DAG(s) 'example_task_group_decorator' retrieved from /home/airflow/.local/lib/python3.8/site-packages/airflow/example_dags/example_task_group_decorator.py
[2025-08-02T02:11:46.338+0000] {logging_mixin.py:188} INFO - [2025-08-02T02:11:46.337+0000] {dag.py:3047} INFO - Sync 1 DAGs
[2025-08-02T02:11:46.386+0000] {logging_mixin.py:188} INFO - [2025-08-02T02:11:46.385+0000] {dag.py:3834} INFO - Setting next_dagrun for example_task_group_decorator to 2025-08-01 00:00:00+00:00, run_after=2025-08-02 00:00:00+00:00
[2025-08-02T02:11:46.447+0000] {processor.py:183} INFO - Processing /home/airflow/.local/lib/python3.8/site-packages/airflow/example_dags/example_task_group_decorator.py took 0.307 seconds
[2025-08-02T02:12:27.702+0000] {processor.py:161} INFO - Started process (PID=2835) to work on /home/airflow/.local/lib/python3.8/site-packages/airflow/example_dags/example_task_group_decorator.py
[2025-08-02T02:12:27.704+0000] {processor.py:830} INFO - Processing file /home/airflow/.local/lib/python3.8/site-packages/airflow/example_dags/example_task_group_decorator.py for tasks to queue
[2025-08-02T02:12:27.705+0000] {logging_mixin.py:188} INFO - [2025-08-02T02:12:27.705+0000] {dagbag.py:540} INFO - Filling up the DagBag from /home/airflow/.local/lib/python3.8/site-packages/airflow/example_dags/example_task_group_decorator.py
[2025-08-02T02:12:27.730+0000] {processor.py:840} INFO - DAG(s) 'example_task_group_decorator' retrieved from /home/airflow/.local/lib/python3.8/site-packages/airflow/example_dags/example_task_group_decorator.py
[2025-08-02T02:12:27.823+0000] {logging_mixin.py:188} INFO - [2025-08-02T02:12:27.822+0000] {dag.py:3047} INFO - Sync 1 DAGs
[2025-08-02T02:12:27.875+0000] {logging_mixin.py:188} INFO - [2025-08-02T02:12:27.874+0000] {dag.py:3834} INFO - Setting next_dagrun for example_task_group_decorator to 2025-08-01 00:00:00+00:00, run_after=2025-08-02 00:00:00+00:00
[2025-08-02T02:12:27.940+0000] {processor.py:183} INFO - Processing /home/airflow/.local/lib/python3.8/site-packages/airflow/example_dags/example_task_group_decorator.py took 0.244 seconds
[2025-08-02T02:13:07.475+0000] {processor.py:161} INFO - Started process (PID=2897) to work on /home/airflow/.local/lib/python3.8/site-packages/airflow/example_dags/example_task_group_decorator.py
[2025-08-02T02:13:07.484+0000] {processor.py:830} INFO - Processing file /home/airflow/.local/lib/python3.8/site-packages/airflow/example_dags/example_task_group_decorator.py for tasks to queue
[2025-08-02T02:13:07.486+0000] {logging_mixin.py:188} INFO - [2025-08-02T02:13:07.485+0000] {dagbag.py:540} INFO - Filling up the DagBag from /home/airflow/.local/lib/python3.8/site-packages/airflow/example_dags/example_task_group_decorator.py
[2025-08-02T02:13:07.591+0000] {processor.py:840} INFO - DAG(s) 'example_task_group_decorator' retrieved from /home/airflow/.local/lib/python3.8/site-packages/airflow/example_dags/example_task_group_decorator.py
[2025-08-02T02:13:07.728+0000] {logging_mixin.py:188} INFO - [2025-08-02T02:13:07.728+0000] {dag.py:3047} INFO - Sync 1 DAGs
[2025-08-02T02:13:07.869+0000] {logging_mixin.py:188} INFO - [2025-08-02T02:13:07.869+0000] {dag.py:3834} INFO - Setting next_dagrun for example_task_group_decorator to 2025-08-01 00:00:00+00:00, run_after=2025-08-02 00:00:00+00:00
[2025-08-02T02:13:08.052+0000] {processor.py:183} INFO - Processing /home/airflow/.local/lib/python3.8/site-packages/airflow/example_dags/example_task_group_decorator.py took 0.614 seconds
[2025-08-02T02:13:45.992+0000] {processor.py:161} INFO - Started process (PID=2961) to work on /home/airflow/.local/lib/python3.8/site-packages/airflow/example_dags/example_task_group_decorator.py
[2025-08-02T02:13:45.995+0000] {processor.py:830} INFO - Processing file /home/airflow/.local/lib/python3.8/site-packages/airflow/example_dags/example_task_group_decorator.py for tasks to queue
[2025-08-02T02:13:45.997+0000] {logging_mixin.py:188} INFO - [2025-08-02T02:13:45.997+0000] {dagbag.py:540} INFO - Filling up the DagBag from /home/airflow/.local/lib/python3.8/site-packages/airflow/example_dags/example_task_group_decorator.py
[2025-08-02T02:13:46.045+0000] {processor.py:840} INFO - DAG(s) 'example_task_group_decorator' retrieved from /home/airflow/.local/lib/python3.8/site-packages/airflow/example_dags/example_task_group_decorator.py
[2025-08-02T02:13:46.271+0000] {logging_mixin.py:188} INFO - [2025-08-02T02:13:46.270+0000] {dag.py:3047} INFO - Sync 1 DAGs
[2025-08-02T02:13:46.491+0000] {logging_mixin.py:188} INFO - [2025-08-02T02:13:46.490+0000] {dag.py:3834} INFO - Setting next_dagrun for example_task_group_decorator to 2025-08-01 00:00:00+00:00, run_after=2025-08-02 00:00:00+00:00
[2025-08-02T02:13:46.684+0000] {processor.py:183} INFO - Processing /home/airflow/.local/lib/python3.8/site-packages/airflow/example_dags/example_task_group_decorator.py took 0.711 seconds
[2025-08-02T02:14:17.104+0000] {processor.py:161} INFO - Started process (PID=3017) to work on /home/airflow/.local/lib/python3.8/site-packages/airflow/example_dags/example_task_group_decorator.py
[2025-08-02T02:14:17.126+0000] {processor.py:830} INFO - Processing file /home/airflow/.local/lib/python3.8/site-packages/airflow/example_dags/example_task_group_decorator.py for tasks to queue
[2025-08-02T02:14:17.181+0000] {logging_mixin.py:188} INFO - [2025-08-02T02:14:17.149+0000] {dagbag.py:540} INFO - Filling up the DagBag from /home/airflow/.local/lib/python3.8/site-packages/airflow/example_dags/example_task_group_decorator.py
[2025-08-02T02:14:17.268+0000] {processor.py:840} INFO - DAG(s) 'example_task_group_decorator' retrieved from /home/airflow/.local/lib/python3.8/site-packages/airflow/example_dags/example_task_group_decorator.py
[2025-08-02T02:14:17.351+0000] {logging_mixin.py:188} INFO - [2025-08-02T02:14:17.350+0000] {dag.py:3047} INFO - Sync 1 DAGs
[2025-08-02T02:14:17.432+0000] {logging_mixin.py:188} INFO - [2025-08-02T02:14:17.431+0000] {dag.py:3834} INFO - Setting next_dagrun for example_task_group_decorator to 2025-08-01 00:00:00+00:00, run_after=2025-08-02 00:00:00+00:00
[2025-08-02T02:14:17.471+0000] {processor.py:183} INFO - Processing /home/airflow/.local/lib/python3.8/site-packages/airflow/example_dags/example_task_group_decorator.py took 0.384 seconds
[2025-08-02T02:15:05.492+0000] {processor.py:161} INFO - Started process (PID=3084) to work on /home/airflow/.local/lib/python3.8/site-packages/airflow/example_dags/example_task_group_decorator.py
[2025-08-02T02:15:05.498+0000] {processor.py:830} INFO - Processing file /home/airflow/.local/lib/python3.8/site-packages/airflow/example_dags/example_task_group_decorator.py for tasks to queue
[2025-08-02T02:15:05.513+0000] {logging_mixin.py:188} INFO - [2025-08-02T02:15:05.510+0000] {dagbag.py:540} INFO - Filling up the DagBag from /home/airflow/.local/lib/python3.8/site-packages/airflow/example_dags/example_task_group_decorator.py
[2025-08-02T02:15:05.554+0000] {processor.py:840} INFO - DAG(s) 'example_task_group_decorator' retrieved from /home/airflow/.local/lib/python3.8/site-packages/airflow/example_dags/example_task_group_decorator.py
[2025-08-02T02:15:05.631+0000] {logging_mixin.py:188} INFO - [2025-08-02T02:15:05.630+0000] {dag.py:3047} INFO - Sync 1 DAGs
[2025-08-02T02:15:05.723+0000] {logging_mixin.py:188} INFO - [2025-08-02T02:15:05.723+0000] {dag.py:3834} INFO - Setting next_dagrun for example_task_group_decorator to 2025-08-01 00:00:00+00:00, run_after=2025-08-02 00:00:00+00:00
[2025-08-02T02:15:05.797+0000] {processor.py:183} INFO - Processing /home/airflow/.local/lib/python3.8/site-packages/airflow/example_dags/example_task_group_decorator.py took 0.329 seconds
[2025-08-02T02:15:45.898+0000] {processor.py:161} INFO - Started process (PID=3142) to work on /home/airflow/.local/lib/python3.8/site-packages/airflow/example_dags/example_task_group_decorator.py
[2025-08-02T02:15:45.899+0000] {processor.py:830} INFO - Processing file /home/airflow/.local/lib/python3.8/site-packages/airflow/example_dags/example_task_group_decorator.py for tasks to queue
[2025-08-02T02:15:45.900+0000] {logging_mixin.py:188} INFO - [2025-08-02T02:15:45.900+0000] {dagbag.py:540} INFO - Filling up the DagBag from /home/airflow/.local/lib/python3.8/site-packages/airflow/example_dags/example_task_group_decorator.py
[2025-08-02T02:15:45.924+0000] {processor.py:840} INFO - DAG(s) 'example_task_group_decorator' retrieved from /home/airflow/.local/lib/python3.8/site-packages/airflow/example_dags/example_task_group_decorator.py
[2025-08-02T02:15:45.973+0000] {logging_mixin.py:188} INFO - [2025-08-02T02:15:45.972+0000] {dag.py:3047} INFO - Sync 1 DAGs
[2025-08-02T02:15:46.020+0000] {logging_mixin.py:188} INFO - [2025-08-02T02:15:46.018+0000] {dag.py:3834} INFO - Setting next_dagrun for example_task_group_decorator to 2025-08-01 00:00:00+00:00, run_after=2025-08-02 00:00:00+00:00
[2025-08-02T02:15:46.062+0000] {processor.py:183} INFO - Processing /home/airflow/.local/lib/python3.8/site-packages/airflow/example_dags/example_task_group_decorator.py took 0.168 seconds
[2025-08-02T02:16:28.274+0000] {processor.py:161} INFO - Started process (PID=3204) to work on /home/airflow/.local/lib/python3.8/site-packages/airflow/example_dags/example_task_group_decorator.py
[2025-08-02T02:16:28.276+0000] {processor.py:830} INFO - Processing file /home/airflow/.local/lib/python3.8/site-packages/airflow/example_dags/example_task_group_decorator.py for tasks to queue
[2025-08-02T02:16:28.277+0000] {logging_mixin.py:188} INFO - [2025-08-02T02:16:28.277+0000] {dagbag.py:540} INFO - Filling up the DagBag from /home/airflow/.local/lib/python3.8/site-packages/airflow/example_dags/example_task_group_decorator.py
[2025-08-02T02:16:28.294+0000] {processor.py:840} INFO - DAG(s) 'example_task_group_decorator' retrieved from /home/airflow/.local/lib/python3.8/site-packages/airflow/example_dags/example_task_group_decorator.py
[2025-08-02T02:16:28.334+0000] {logging_mixin.py:188} INFO - [2025-08-02T02:16:28.334+0000] {dag.py:3047} INFO - Sync 1 DAGs
[2025-08-02T02:16:28.368+0000] {logging_mixin.py:188} INFO - [2025-08-02T02:16:28.368+0000] {dag.py:3834} INFO - Setting next_dagrun for example_task_group_decorator to 2025-08-01 00:00:00+00:00, run_after=2025-08-02 00:00:00+00:00
[2025-08-02T02:16:28.421+0000] {processor.py:183} INFO - Processing /home/airflow/.local/lib/python3.8/site-packages/airflow/example_dags/example_task_group_decorator.py took 0.155 seconds
[2025-08-02T02:17:03.996+0000] {processor.py:161} INFO - Started process (PID=3260) to work on /home/airflow/.local/lib/python3.8/site-packages/airflow/example_dags/example_task_group_decorator.py
[2025-08-02T02:17:03.999+0000] {processor.py:830} INFO - Processing file /home/airflow/.local/lib/python3.8/site-packages/airflow/example_dags/example_task_group_decorator.py for tasks to queue
[2025-08-02T02:17:04.000+0000] {logging_mixin.py:188} INFO - [2025-08-02T02:17:04.000+0000] {dagbag.py:540} INFO - Filling up the DagBag from /home/airflow/.local/lib/python3.8/site-packages/airflow/example_dags/example_task_group_decorator.py
[2025-08-02T02:17:04.053+0000] {processor.py:840} INFO - DAG(s) 'example_task_group_decorator' retrieved from /home/airflow/.local/lib/python3.8/site-packages/airflow/example_dags/example_task_group_decorator.py
[2025-08-02T02:17:04.184+0000] {logging_mixin.py:188} INFO - [2025-08-02T02:17:04.182+0000] {dag.py:3047} INFO - Sync 1 DAGs
[2025-08-02T02:17:05.852+0000] {logging_mixin.py:188} INFO - [2025-08-02T02:17:05.846+0000] {dag.py:3834} INFO - Setting next_dagrun for example_task_group_decorator to 2025-08-01 00:00:00+00:00, run_after=2025-08-02 00:00:00+00:00
[2025-08-02T02:17:05.933+0000] {processor.py:183} INFO - Processing /home/airflow/.local/lib/python3.8/site-packages/airflow/example_dags/example_task_group_decorator.py took 1.962 seconds
[2025-08-02T02:17:38.377+0000] {processor.py:161} INFO - Started process (PID=3316) to work on /home/airflow/.local/lib/python3.8/site-packages/airflow/example_dags/example_task_group_decorator.py
[2025-08-02T02:17:38.387+0000] {processor.py:830} INFO - Processing file /home/airflow/.local/lib/python3.8/site-packages/airflow/example_dags/example_task_group_decorator.py for tasks to queue
[2025-08-02T02:17:38.391+0000] {logging_mixin.py:188} INFO - [2025-08-02T02:17:38.390+0000] {dagbag.py:540} INFO - Filling up the DagBag from /home/airflow/.local/lib/python3.8/site-packages/airflow/example_dags/example_task_group_decorator.py
[2025-08-02T02:17:38.453+0000] {processor.py:840} INFO - DAG(s) 'example_task_group_decorator' retrieved from /home/airflow/.local/lib/python3.8/site-packages/airflow/example_dags/example_task_group_decorator.py
[2025-08-02T02:17:38.549+0000] {logging_mixin.py:188} INFO - [2025-08-02T02:17:38.549+0000] {dag.py:3047} INFO - Sync 1 DAGs
[2025-08-02T02:17:38.622+0000] {logging_mixin.py:188} INFO - [2025-08-02T02:17:38.621+0000] {dag.py:3834} INFO - Setting next_dagrun for example_task_group_decorator to 2025-08-01 00:00:00+00:00, run_after=2025-08-02 00:00:00+00:00
[2025-08-02T02:17:38.713+0000] {processor.py:183} INFO - Processing /home/airflow/.local/lib/python3.8/site-packages/airflow/example_dags/example_task_group_decorator.py took 0.357 seconds
[2025-08-02T02:18:29.705+0000] {processor.py:161} INFO - Started process (PID=3370) to work on /home/airflow/.local/lib/python3.8/site-packages/airflow/example_dags/example_task_group_decorator.py
[2025-08-02T02:18:29.708+0000] {processor.py:830} INFO - Processing file /home/airflow/.local/lib/python3.8/site-packages/airflow/example_dags/example_task_group_decorator.py for tasks to queue
[2025-08-02T02:18:29.714+0000] {logging_mixin.py:188} INFO - [2025-08-02T02:18:29.713+0000] {dagbag.py:540} INFO - Filling up the DagBag from /home/airflow/.local/lib/python3.8/site-packages/airflow/example_dags/example_task_group_decorator.py
[2025-08-02T02:18:29.751+0000] {processor.py:840} INFO - DAG(s) 'example_task_group_decorator' retrieved from /home/airflow/.local/lib/python3.8/site-packages/airflow/example_dags/example_task_group_decorator.py
[2025-08-02T02:18:29.830+0000] {logging_mixin.py:188} INFO - [2025-08-02T02:18:29.829+0000] {dag.py:3047} INFO - Sync 1 DAGs
[2025-08-02T02:18:29.910+0000] {logging_mixin.py:188} INFO - [2025-08-02T02:18:29.909+0000] {dag.py:3834} INFO - Setting next_dagrun for example_task_group_decorator to 2025-08-01 00:00:00+00:00, run_after=2025-08-02 00:00:00+00:00
[2025-08-02T02:18:29.964+0000] {processor.py:183} INFO - Processing /home/airflow/.local/lib/python3.8/site-packages/airflow/example_dags/example_task_group_decorator.py took 0.267 seconds
[2025-08-02T02:19:11.194+0000] {processor.py:161} INFO - Started process (PID=3437) to work on /home/airflow/.local/lib/python3.8/site-packages/airflow/example_dags/example_task_group_decorator.py
[2025-08-02T02:19:11.196+0000] {processor.py:830} INFO - Processing file /home/airflow/.local/lib/python3.8/site-packages/airflow/example_dags/example_task_group_decorator.py for tasks to queue
[2025-08-02T02:19:11.196+0000] {logging_mixin.py:188} INFO - [2025-08-02T02:19:11.196+0000] {dagbag.py:540} INFO - Filling up the DagBag from /home/airflow/.local/lib/python3.8/site-packages/airflow/example_dags/example_task_group_decorator.py
[2025-08-02T02:19:11.227+0000] {processor.py:840} INFO - DAG(s) 'example_task_group_decorator' retrieved from /home/airflow/.local/lib/python3.8/site-packages/airflow/example_dags/example_task_group_decorator.py
[2025-08-02T02:19:11.249+0000] {logging_mixin.py:188} INFO - [2025-08-02T02:19:11.249+0000] {dag.py:3047} INFO - Sync 1 DAGs
[2025-08-02T02:19:11.268+0000] {logging_mixin.py:188} INFO - [2025-08-02T02:19:11.268+0000] {dag.py:3834} INFO - Setting next_dagrun for example_task_group_decorator to 2025-08-01 00:00:00+00:00, run_after=2025-08-02 00:00:00+00:00
[2025-08-02T02:19:11.285+0000] {processor.py:183} INFO - Processing /home/airflow/.local/lib/python3.8/site-packages/airflow/example_dags/example_task_group_decorator.py took 0.095 seconds
[2025-08-02T02:19:53.818+0000] {processor.py:161} INFO - Started process (PID=3493) to work on /home/airflow/.local/lib/python3.8/site-packages/airflow/example_dags/example_task_group_decorator.py
[2025-08-02T02:19:53.826+0000] {processor.py:830} INFO - Processing file /home/airflow/.local/lib/python3.8/site-packages/airflow/example_dags/example_task_group_decorator.py for tasks to queue
[2025-08-02T02:19:53.828+0000] {logging_mixin.py:188} INFO - [2025-08-02T02:19:53.827+0000] {dagbag.py:540} INFO - Filling up the DagBag from /home/airflow/.local/lib/python3.8/site-packages/airflow/example_dags/example_task_group_decorator.py
[2025-08-02T02:19:53.846+0000] {processor.py:840} INFO - DAG(s) 'example_task_group_decorator' retrieved from /home/airflow/.local/lib/python3.8/site-packages/airflow/example_dags/example_task_group_decorator.py
[2025-08-02T02:19:53.897+0000] {logging_mixin.py:188} INFO - [2025-08-02T02:19:53.897+0000] {dag.py:3047} INFO - Sync 1 DAGs
[2025-08-02T02:19:53.923+0000] {logging_mixin.py:188} INFO - [2025-08-02T02:19:53.922+0000] {dag.py:3834} INFO - Setting next_dagrun for example_task_group_decorator to 2025-08-01 00:00:00+00:00, run_after=2025-08-02 00:00:00+00:00
[2025-08-02T02:19:53.948+0000] {processor.py:183} INFO - Processing /home/airflow/.local/lib/python3.8/site-packages/airflow/example_dags/example_task_group_decorator.py took 0.136 seconds
[2025-08-02T02:20:27.524+0000] {processor.py:161} INFO - Started process (PID=3549) to work on /home/airflow/.local/lib/python3.8/site-packages/airflow/example_dags/example_task_group_decorator.py
[2025-08-02T02:20:27.525+0000] {processor.py:830} INFO - Processing file /home/airflow/.local/lib/python3.8/site-packages/airflow/example_dags/example_task_group_decorator.py for tasks to queue
[2025-08-02T02:20:27.526+0000] {logging_mixin.py:188} INFO - [2025-08-02T02:20:27.526+0000] {dagbag.py:540} INFO - Filling up the DagBag from /home/airflow/.local/lib/python3.8/site-packages/airflow/example_dags/example_task_group_decorator.py
[2025-08-02T02:20:27.538+0000] {processor.py:840} INFO - DAG(s) 'example_task_group_decorator' retrieved from /home/airflow/.local/lib/python3.8/site-packages/airflow/example_dags/example_task_group_decorator.py
[2025-08-02T02:20:27.564+0000] {logging_mixin.py:188} INFO - [2025-08-02T02:20:27.563+0000] {dag.py:3047} INFO - Sync 1 DAGs
[2025-08-02T02:20:27.751+0000] {logging_mixin.py:188} INFO - [2025-08-02T02:20:27.751+0000] {dag.py:3834} INFO - Setting next_dagrun for example_task_group_decorator to 2025-08-01 00:00:00+00:00, run_after=2025-08-02 00:00:00+00:00
[2025-08-02T02:20:27.772+0000] {processor.py:183} INFO - Processing /home/airflow/.local/lib/python3.8/site-packages/airflow/example_dags/example_task_group_decorator.py took 0.252 seconds
[2025-08-02T02:20:58.723+0000] {processor.py:161} INFO - Started process (PID=3606) to work on /home/airflow/.local/lib/python3.8/site-packages/airflow/example_dags/example_task_group_decorator.py
[2025-08-02T02:20:58.726+0000] {processor.py:830} INFO - Processing file /home/airflow/.local/lib/python3.8/site-packages/airflow/example_dags/example_task_group_decorator.py for tasks to queue
[2025-08-02T02:20:58.730+0000] {logging_mixin.py:188} INFO - [2025-08-02T02:20:58.728+0000] {dagbag.py:540} INFO - Filling up the DagBag from /home/airflow/.local/lib/python3.8/site-packages/airflow/example_dags/example_task_group_decorator.py
[2025-08-02T02:20:58.782+0000] {processor.py:840} INFO - DAG(s) 'example_task_group_decorator' retrieved from /home/airflow/.local/lib/python3.8/site-packages/airflow/example_dags/example_task_group_decorator.py
[2025-08-02T02:20:58.834+0000] {logging_mixin.py:188} INFO - [2025-08-02T02:20:58.833+0000] {dag.py:3047} INFO - Sync 1 DAGs
[2025-08-02T02:20:58.888+0000] {logging_mixin.py:188} INFO - [2025-08-02T02:20:58.887+0000] {dag.py:3834} INFO - Setting next_dagrun for example_task_group_decorator to 2025-08-01 00:00:00+00:00, run_after=2025-08-02 00:00:00+00:00
[2025-08-02T02:20:58.930+0000] {processor.py:183} INFO - Processing /home/airflow/.local/lib/python3.8/site-packages/airflow/example_dags/example_task_group_decorator.py took 0.214 seconds
[2025-08-02T02:21:29.322+0000] {processor.py:161} INFO - Started process (PID=3662) to work on /home/airflow/.local/lib/python3.8/site-packages/airflow/example_dags/example_task_group_decorator.py
[2025-08-02T02:21:29.326+0000] {processor.py:830} INFO - Processing file /home/airflow/.local/lib/python3.8/site-packages/airflow/example_dags/example_task_group_decorator.py for tasks to queue
[2025-08-02T02:21:29.331+0000] {logging_mixin.py:188} INFO - [2025-08-02T02:21:29.329+0000] {dagbag.py:540} INFO - Filling up the DagBag from /home/airflow/.local/lib/python3.8/site-packages/airflow/example_dags/example_task_group_decorator.py
[2025-08-02T02:21:29.359+0000] {processor.py:840} INFO - DAG(s) 'example_task_group_decorator' retrieved from /home/airflow/.local/lib/python3.8/site-packages/airflow/example_dags/example_task_group_decorator.py
[2025-08-02T02:21:29.417+0000] {logging_mixin.py:188} INFO - [2025-08-02T02:21:29.417+0000] {dag.py:3047} INFO - Sync 1 DAGs
[2025-08-02T02:21:29.458+0000] {logging_mixin.py:188} INFO - [2025-08-02T02:21:29.458+0000] {dag.py:3834} INFO - Setting next_dagrun for example_task_group_decorator to 2025-08-01 00:00:00+00:00, run_after=2025-08-02 00:00:00+00:00
[2025-08-02T02:21:29.480+0000] {processor.py:183} INFO - Processing /home/airflow/.local/lib/python3.8/site-packages/airflow/example_dags/example_task_group_decorator.py took 0.168 seconds
[2025-08-02T02:21:59.736+0000] {processor.py:161} INFO - Started process (PID=3718) to work on /home/airflow/.local/lib/python3.8/site-packages/airflow/example_dags/example_task_group_decorator.py
[2025-08-02T02:21:59.739+0000] {processor.py:830} INFO - Processing file /home/airflow/.local/lib/python3.8/site-packages/airflow/example_dags/example_task_group_decorator.py for tasks to queue
[2025-08-02T02:21:59.742+0000] {logging_mixin.py:188} INFO - [2025-08-02T02:21:59.741+0000] {dagbag.py:540} INFO - Filling up the DagBag from /home/airflow/.local/lib/python3.8/site-packages/airflow/example_dags/example_task_group_decorator.py
[2025-08-02T02:21:59.765+0000] {processor.py:840} INFO - DAG(s) 'example_task_group_decorator' retrieved from /home/airflow/.local/lib/python3.8/site-packages/airflow/example_dags/example_task_group_decorator.py
[2025-08-02T02:21:59.851+0000] {logging_mixin.py:188} INFO - [2025-08-02T02:21:59.851+0000] {dag.py:3047} INFO - Sync 1 DAGs
[2025-08-02T02:21:59.932+0000] {logging_mixin.py:188} INFO - [2025-08-02T02:21:59.932+0000] {dag.py:3834} INFO - Setting next_dagrun for example_task_group_decorator to 2025-08-01 00:00:00+00:00, run_after=2025-08-02 00:00:00+00:00
[2025-08-02T02:21:59.980+0000] {processor.py:183} INFO - Processing /home/airflow/.local/lib/python3.8/site-packages/airflow/example_dags/example_task_group_decorator.py took 0.247 seconds
[2025-08-02T02:22:37.514+0000] {processor.py:161} INFO - Started process (PID=3776) to work on /home/airflow/.local/lib/python3.8/site-packages/airflow/example_dags/example_task_group_decorator.py
[2025-08-02T02:22:37.522+0000] {processor.py:830} INFO - Processing file /home/airflow/.local/lib/python3.8/site-packages/airflow/example_dags/example_task_group_decorator.py for tasks to queue
[2025-08-02T02:22:37.526+0000] {logging_mixin.py:188} INFO - [2025-08-02T02:22:37.525+0000] {dagbag.py:540} INFO - Filling up the DagBag from /home/airflow/.local/lib/python3.8/site-packages/airflow/example_dags/example_task_group_decorator.py
[2025-08-02T02:22:37.613+0000] {processor.py:840} INFO - DAG(s) 'example_task_group_decorator' retrieved from /home/airflow/.local/lib/python3.8/site-packages/airflow/example_dags/example_task_group_decorator.py
[2025-08-02T02:22:37.684+0000] {logging_mixin.py:188} INFO - [2025-08-02T02:22:37.684+0000] {dag.py:3047} INFO - Sync 1 DAGs
[2025-08-02T02:22:37.736+0000] {logging_mixin.py:188} INFO - [2025-08-02T02:22:37.735+0000] {dag.py:3834} INFO - Setting next_dagrun for example_task_group_decorator to 2025-08-01 00:00:00+00:00, run_after=2025-08-02 00:00:00+00:00
[2025-08-02T02:22:37.836+0000] {processor.py:183} INFO - Processing /home/airflow/.local/lib/python3.8/site-packages/airflow/example_dags/example_task_group_decorator.py took 0.326 seconds
[2025-08-02T02:23:09.941+0000] {processor.py:161} INFO - Started process (PID=3832) to work on /home/airflow/.local/lib/python3.8/site-packages/airflow/example_dags/example_task_group_decorator.py
[2025-08-02T02:23:09.943+0000] {processor.py:830} INFO - Processing file /home/airflow/.local/lib/python3.8/site-packages/airflow/example_dags/example_task_group_decorator.py for tasks to queue
[2025-08-02T02:23:09.945+0000] {logging_mixin.py:188} INFO - [2025-08-02T02:23:09.945+0000] {dagbag.py:540} INFO - Filling up the DagBag from /home/airflow/.local/lib/python3.8/site-packages/airflow/example_dags/example_task_group_decorator.py
[2025-08-02T02:23:09.959+0000] {processor.py:840} INFO - DAG(s) 'example_task_group_decorator' retrieved from /home/airflow/.local/lib/python3.8/site-packages/airflow/example_dags/example_task_group_decorator.py
[2025-08-02T02:23:09.990+0000] {logging_mixin.py:188} INFO - [2025-08-02T02:23:09.990+0000] {dag.py:3047} INFO - Sync 1 DAGs
[2025-08-02T02:23:10.045+0000] {logging_mixin.py:188} INFO - [2025-08-02T02:23:10.045+0000] {dag.py:3834} INFO - Setting next_dagrun for example_task_group_decorator to 2025-08-01 00:00:00+00:00, run_after=2025-08-02 00:00:00+00:00
[2025-08-02T02:23:10.069+0000] {processor.py:183} INFO - Processing /home/airflow/.local/lib/python3.8/site-packages/airflow/example_dags/example_task_group_decorator.py took 0.134 seconds
[2025-08-02T02:23:40.244+0000] {processor.py:161} INFO - Started process (PID=3887) to work on /home/airflow/.local/lib/python3.8/site-packages/airflow/example_dags/example_task_group_decorator.py
[2025-08-02T02:23:40.247+0000] {processor.py:830} INFO - Processing file /home/airflow/.local/lib/python3.8/site-packages/airflow/example_dags/example_task_group_decorator.py for tasks to queue
[2025-08-02T02:23:40.249+0000] {logging_mixin.py:188} INFO - [2025-08-02T02:23:40.249+0000] {dagbag.py:540} INFO - Filling up the DagBag from /home/airflow/.local/lib/python3.8/site-packages/airflow/example_dags/example_task_group_decorator.py
[2025-08-02T02:23:40.269+0000] {processor.py:840} INFO - DAG(s) 'example_task_group_decorator' retrieved from /home/airflow/.local/lib/python3.8/site-packages/airflow/example_dags/example_task_group_decorator.py
[2025-08-02T02:23:40.321+0000] {logging_mixin.py:188} INFO - [2025-08-02T02:23:40.321+0000] {dag.py:3047} INFO - Sync 1 DAGs
[2025-08-02T02:23:40.376+0000] {logging_mixin.py:188} INFO - [2025-08-02T02:23:40.376+0000] {dag.py:3834} INFO - Setting next_dagrun for example_task_group_decorator to 2025-08-01 00:00:00+00:00, run_after=2025-08-02 00:00:00+00:00
[2025-08-02T02:23:40.395+0000] {processor.py:183} INFO - Processing /home/airflow/.local/lib/python3.8/site-packages/airflow/example_dags/example_task_group_decorator.py took 0.158 seconds
[2025-08-02T02:24:10.788+0000] {processor.py:161} INFO - Started process (PID=3943) to work on /home/airflow/.local/lib/python3.8/site-packages/airflow/example_dags/example_task_group_decorator.py
[2025-08-02T02:24:10.793+0000] {processor.py:830} INFO - Processing file /home/airflow/.local/lib/python3.8/site-packages/airflow/example_dags/example_task_group_decorator.py for tasks to queue
[2025-08-02T02:24:10.794+0000] {logging_mixin.py:188} INFO - [2025-08-02T02:24:10.794+0000] {dagbag.py:540} INFO - Filling up the DagBag from /home/airflow/.local/lib/python3.8/site-packages/airflow/example_dags/example_task_group_decorator.py
[2025-08-02T02:24:10.839+0000] {processor.py:840} INFO - DAG(s) 'example_task_group_decorator' retrieved from /home/airflow/.local/lib/python3.8/site-packages/airflow/example_dags/example_task_group_decorator.py
[2025-08-02T02:24:10.927+0000] {logging_mixin.py:188} INFO - [2025-08-02T02:24:10.927+0000] {dag.py:3047} INFO - Sync 1 DAGs
[2025-08-02T02:24:11.086+0000] {logging_mixin.py:188} INFO - [2025-08-02T02:24:11.085+0000] {dag.py:3834} INFO - Setting next_dagrun for example_task_group_decorator to 2025-08-01 00:00:00+00:00, run_after=2025-08-02 00:00:00+00:00
[2025-08-02T02:24:11.173+0000] {processor.py:183} INFO - Processing /home/airflow/.local/lib/python3.8/site-packages/airflow/example_dags/example_task_group_decorator.py took 0.400 seconds
[2025-08-02T02:24:42.549+0000] {processor.py:161} INFO - Started process (PID=3998) to work on /home/airflow/.local/lib/python3.8/site-packages/airflow/example_dags/example_task_group_decorator.py
[2025-08-02T02:24:42.552+0000] {processor.py:830} INFO - Processing file /home/airflow/.local/lib/python3.8/site-packages/airflow/example_dags/example_task_group_decorator.py for tasks to queue
[2025-08-02T02:24:42.556+0000] {logging_mixin.py:188} INFO - [2025-08-02T02:24:42.554+0000] {dagbag.py:540} INFO - Filling up the DagBag from /home/airflow/.local/lib/python3.8/site-packages/airflow/example_dags/example_task_group_decorator.py
[2025-08-02T02:24:42.617+0000] {processor.py:840} INFO - DAG(s) 'example_task_group_decorator' retrieved from /home/airflow/.local/lib/python3.8/site-packages/airflow/example_dags/example_task_group_decorator.py
[2025-08-02T02:24:42.794+0000] {logging_mixin.py:188} INFO - [2025-08-02T02:24:42.793+0000] {dag.py:3047} INFO - Sync 1 DAGs
[2025-08-02T02:24:42.893+0000] {logging_mixin.py:188} INFO - [2025-08-02T02:24:42.892+0000] {dag.py:3834} INFO - Setting next_dagrun for example_task_group_decorator to 2025-08-01 00:00:00+00:00, run_after=2025-08-02 00:00:00+00:00
[2025-08-02T02:24:42.970+0000] {processor.py:183} INFO - Processing /home/airflow/.local/lib/python3.8/site-packages/airflow/example_dags/example_task_group_decorator.py took 0.432 seconds
[2025-08-02T02:25:37.107+0000] {processor.py:161} INFO - Started process (PID=4056) to work on /home/airflow/.local/lib/python3.8/site-packages/airflow/example_dags/example_task_group_decorator.py
[2025-08-02T02:25:37.115+0000] {processor.py:830} INFO - Processing file /home/airflow/.local/lib/python3.8/site-packages/airflow/example_dags/example_task_group_decorator.py for tasks to queue
[2025-08-02T02:25:37.121+0000] {logging_mixin.py:188} INFO - [2025-08-02T02:25:37.118+0000] {dagbag.py:540} INFO - Filling up the DagBag from /home/airflow/.local/lib/python3.8/site-packages/airflow/example_dags/example_task_group_decorator.py
[2025-08-02T02:25:37.172+0000] {processor.py:840} INFO - DAG(s) 'example_task_group_decorator' retrieved from /home/airflow/.local/lib/python3.8/site-packages/airflow/example_dags/example_task_group_decorator.py
[2025-08-02T02:25:37.299+0000] {logging_mixin.py:188} INFO - [2025-08-02T02:25:37.299+0000] {dag.py:3047} INFO - Sync 1 DAGs
[2025-08-02T02:25:37.354+0000] {logging_mixin.py:188} INFO - [2025-08-02T02:25:37.353+0000] {dag.py:3834} INFO - Setting next_dagrun for example_task_group_decorator to 2025-08-01 00:00:00+00:00, run_after=2025-08-02 00:00:00+00:00
[2025-08-02T02:25:37.393+0000] {processor.py:183} INFO - Processing /home/airflow/.local/lib/python3.8/site-packages/airflow/example_dags/example_task_group_decorator.py took 0.297 seconds
[2025-08-02T02:26:07.472+0000] {processor.py:161} INFO - Started process (PID=4112) to work on /home/airflow/.local/lib/python3.8/site-packages/airflow/example_dags/example_task_group_decorator.py
[2025-08-02T02:26:07.473+0000] {processor.py:830} INFO - Processing file /home/airflow/.local/lib/python3.8/site-packages/airflow/example_dags/example_task_group_decorator.py for tasks to queue
[2025-08-02T02:26:07.475+0000] {logging_mixin.py:188} INFO - [2025-08-02T02:26:07.475+0000] {dagbag.py:540} INFO - Filling up the DagBag from /home/airflow/.local/lib/python3.8/site-packages/airflow/example_dags/example_task_group_decorator.py
[2025-08-02T02:26:07.487+0000] {processor.py:840} INFO - DAG(s) 'example_task_group_decorator' retrieved from /home/airflow/.local/lib/python3.8/site-packages/airflow/example_dags/example_task_group_decorator.py
[2025-08-02T02:26:07.546+0000] {logging_mixin.py:188} INFO - [2025-08-02T02:26:07.545+0000] {dag.py:3047} INFO - Sync 1 DAGs
[2025-08-02T02:26:07.632+0000] {logging_mixin.py:188} INFO - [2025-08-02T02:26:07.631+0000] {dag.py:3834} INFO - Setting next_dagrun for example_task_group_decorator to 2025-08-01 00:00:00+00:00, run_after=2025-08-02 00:00:00+00:00
[2025-08-02T02:26:07.699+0000] {processor.py:183} INFO - Processing /home/airflow/.local/lib/python3.8/site-packages/airflow/example_dags/example_task_group_decorator.py took 0.229 seconds
[2025-08-02T02:26:42.662+0000] {processor.py:161} INFO - Started process (PID=4168) to work on /home/airflow/.local/lib/python3.8/site-packages/airflow/example_dags/example_task_group_decorator.py
[2025-08-02T02:26:42.666+0000] {processor.py:830} INFO - Processing file /home/airflow/.local/lib/python3.8/site-packages/airflow/example_dags/example_task_group_decorator.py for tasks to queue
[2025-08-02T02:26:42.669+0000] {logging_mixin.py:188} INFO - [2025-08-02T02:26:42.668+0000] {dagbag.py:540} INFO - Filling up the DagBag from /home/airflow/.local/lib/python3.8/site-packages/airflow/example_dags/example_task_group_decorator.py
[2025-08-02T02:26:42.691+0000] {processor.py:840} INFO - DAG(s) 'example_task_group_decorator' retrieved from /home/airflow/.local/lib/python3.8/site-packages/airflow/example_dags/example_task_group_decorator.py
[2025-08-02T02:26:42.762+0000] {logging_mixin.py:188} INFO - [2025-08-02T02:26:42.762+0000] {dag.py:3047} INFO - Sync 1 DAGs
[2025-08-02T02:26:42.789+0000] {logging_mixin.py:188} INFO - [2025-08-02T02:26:42.788+0000] {dag.py:3834} INFO - Setting next_dagrun for example_task_group_decorator to 2025-08-01 00:00:00+00:00, run_after=2025-08-02 00:00:00+00:00
[2025-08-02T02:26:42.827+0000] {processor.py:183} INFO - Processing /home/airflow/.local/lib/python3.8/site-packages/airflow/example_dags/example_task_group_decorator.py took 0.183 seconds
[2025-08-02T02:27:22.506+0000] {processor.py:161} INFO - Started process (PID=4231) to work on /home/airflow/.local/lib/python3.8/site-packages/airflow/example_dags/example_task_group_decorator.py
[2025-08-02T02:27:22.508+0000] {processor.py:830} INFO - Processing file /home/airflow/.local/lib/python3.8/site-packages/airflow/example_dags/example_task_group_decorator.py for tasks to queue
[2025-08-02T02:27:22.511+0000] {logging_mixin.py:188} INFO - [2025-08-02T02:27:22.509+0000] {dagbag.py:540} INFO - Filling up the DagBag from /home/airflow/.local/lib/python3.8/site-packages/airflow/example_dags/example_task_group_decorator.py
[2025-08-02T02:27:22.533+0000] {processor.py:840} INFO - DAG(s) 'example_task_group_decorator' retrieved from /home/airflow/.local/lib/python3.8/site-packages/airflow/example_dags/example_task_group_decorator.py
[2025-08-02T02:27:22.591+0000] {logging_mixin.py:188} INFO - [2025-08-02T02:27:22.590+0000] {dag.py:3047} INFO - Sync 1 DAGs
[2025-08-02T02:27:22.624+0000] {logging_mixin.py:188} INFO - [2025-08-02T02:27:22.624+0000] {dag.py:3834} INFO - Setting next_dagrun for example_task_group_decorator to 2025-08-01 00:00:00+00:00, run_after=2025-08-02 00:00:00+00:00
[2025-08-02T02:27:22.667+0000] {processor.py:183} INFO - Processing /home/airflow/.local/lib/python3.8/site-packages/airflow/example_dags/example_task_group_decorator.py took 0.170 seconds
[2025-08-02T02:27:54.043+0000] {processor.py:161} INFO - Started process (PID=4285) to work on /home/airflow/.local/lib/python3.8/site-packages/airflow/example_dags/example_task_group_decorator.py
[2025-08-02T02:27:54.045+0000] {processor.py:830} INFO - Processing file /home/airflow/.local/lib/python3.8/site-packages/airflow/example_dags/example_task_group_decorator.py for tasks to queue
[2025-08-02T02:27:54.055+0000] {logging_mixin.py:188} INFO - [2025-08-02T02:27:54.048+0000] {dagbag.py:540} INFO - Filling up the DagBag from /home/airflow/.local/lib/python3.8/site-packages/airflow/example_dags/example_task_group_decorator.py
[2025-08-02T02:27:54.091+0000] {processor.py:840} INFO - DAG(s) 'example_task_group_decorator' retrieved from /home/airflow/.local/lib/python3.8/site-packages/airflow/example_dags/example_task_group_decorator.py
[2025-08-02T02:27:54.187+0000] {logging_mixin.py:188} INFO - [2025-08-02T02:27:54.184+0000] {dag.py:3047} INFO - Sync 1 DAGs
[2025-08-02T02:27:54.319+0000] {logging_mixin.py:188} INFO - [2025-08-02T02:27:54.310+0000] {dag.py:3834} INFO - Setting next_dagrun for example_task_group_decorator to 2025-08-01 00:00:00+00:00, run_after=2025-08-02 00:00:00+00:00
[2025-08-02T02:27:54.815+0000] {processor.py:183} INFO - Processing /home/airflow/.local/lib/python3.8/site-packages/airflow/example_dags/example_task_group_decorator.py took 0.778 seconds
[2025-08-02T02:28:26.850+0000] {processor.py:161} INFO - Started process (PID=4339) to work on /home/airflow/.local/lib/python3.8/site-packages/airflow/example_dags/example_task_group_decorator.py
[2025-08-02T02:28:26.864+0000] {processor.py:830} INFO - Processing file /home/airflow/.local/lib/python3.8/site-packages/airflow/example_dags/example_task_group_decorator.py for tasks to queue
[2025-08-02T02:28:26.905+0000] {logging_mixin.py:188} INFO - [2025-08-02T02:28:26.882+0000] {dagbag.py:540} INFO - Filling up the DagBag from /home/airflow/.local/lib/python3.8/site-packages/airflow/example_dags/example_task_group_decorator.py
[2025-08-02T02:28:27.289+0000] {processor.py:840} INFO - DAG(s) 'example_task_group_decorator' retrieved from /home/airflow/.local/lib/python3.8/site-packages/airflow/example_dags/example_task_group_decorator.py
[2025-08-02T02:28:27.618+0000] {logging_mixin.py:188} INFO - [2025-08-02T02:28:27.612+0000] {dag.py:3047} INFO - Sync 1 DAGs
[2025-08-02T02:28:28.065+0000] {logging_mixin.py:188} INFO - [2025-08-02T02:28:27.926+0000] {dag.py:3834} INFO - Setting next_dagrun for example_task_group_decorator to 2025-08-01 00:00:00+00:00, run_after=2025-08-02 00:00:00+00:00
[2025-08-02T02:28:28.377+0000] {processor.py:183} INFO - Processing /home/airflow/.local/lib/python3.8/site-packages/airflow/example_dags/example_task_group_decorator.py took 1.579 seconds
[2025-08-02T02:29:10.257+0000] {processor.py:161} INFO - Started process (PID=4387) to work on /home/airflow/.local/lib/python3.8/site-packages/airflow/example_dags/example_task_group_decorator.py
[2025-08-02T02:29:10.263+0000] {processor.py:830} INFO - Processing file /home/airflow/.local/lib/python3.8/site-packages/airflow/example_dags/example_task_group_decorator.py for tasks to queue
[2025-08-02T02:29:10.267+0000] {logging_mixin.py:188} INFO - [2025-08-02T02:29:10.266+0000] {dagbag.py:540} INFO - Filling up the DagBag from /home/airflow/.local/lib/python3.8/site-packages/airflow/example_dags/example_task_group_decorator.py
[2025-08-02T02:29:10.481+0000] {processor.py:840} INFO - DAG(s) 'example_task_group_decorator' retrieved from /home/airflow/.local/lib/python3.8/site-packages/airflow/example_dags/example_task_group_decorator.py
[2025-08-02T02:29:11.071+0000] {logging_mixin.py:188} INFO - [2025-08-02T02:29:11.068+0000] {dag.py:3047} INFO - Sync 1 DAGs
[2025-08-02T02:29:11.250+0000] {logging_mixin.py:188} INFO - [2025-08-02T02:29:11.249+0000] {dag.py:3834} INFO - Setting next_dagrun for example_task_group_decorator to 2025-08-01 00:00:00+00:00, run_after=2025-08-02 00:00:00+00:00
[2025-08-02T02:29:11.349+0000] {processor.py:183} INFO - Processing /home/airflow/.local/lib/python3.8/site-packages/airflow/example_dags/example_task_group_decorator.py took 1.152 seconds
[2025-08-02T02:29:41.647+0000] {processor.py:161} INFO - Started process (PID=4443) to work on /home/airflow/.local/lib/python3.8/site-packages/airflow/example_dags/example_task_group_decorator.py
[2025-08-02T02:29:41.659+0000] {processor.py:830} INFO - Processing file /home/airflow/.local/lib/python3.8/site-packages/airflow/example_dags/example_task_group_decorator.py for tasks to queue
[2025-08-02T02:29:41.680+0000] {logging_mixin.py:188} INFO - [2025-08-02T02:29:41.678+0000] {dagbag.py:540} INFO - Filling up the DagBag from /home/airflow/.local/lib/python3.8/site-packages/airflow/example_dags/example_task_group_decorator.py
[2025-08-02T02:29:41.753+0000] {processor.py:840} INFO - DAG(s) 'example_task_group_decorator' retrieved from /home/airflow/.local/lib/python3.8/site-packages/airflow/example_dags/example_task_group_decorator.py
[2025-08-02T02:29:41.961+0000] {logging_mixin.py:188} INFO - [2025-08-02T02:29:41.960+0000] {dag.py:3047} INFO - Sync 1 DAGs
[2025-08-02T02:29:42.116+0000] {logging_mixin.py:188} INFO - [2025-08-02T02:29:42.115+0000] {dag.py:3834} INFO - Setting next_dagrun for example_task_group_decorator to 2025-08-01 00:00:00+00:00, run_after=2025-08-02 00:00:00+00:00
[2025-08-02T02:29:42.183+0000] {processor.py:183} INFO - Processing /home/airflow/.local/lib/python3.8/site-packages/airflow/example_dags/example_task_group_decorator.py took 0.683 seconds
[2025-08-02T02:30:20.750+0000] {processor.py:161} INFO - Started process (PID=4491) to work on /home/airflow/.local/lib/python3.8/site-packages/airflow/example_dags/example_task_group_decorator.py
[2025-08-02T02:30:20.751+0000] {processor.py:830} INFO - Processing file /home/airflow/.local/lib/python3.8/site-packages/airflow/example_dags/example_task_group_decorator.py for tasks to queue
[2025-08-02T02:30:20.752+0000] {logging_mixin.py:188} INFO - [2025-08-02T02:30:20.751+0000] {dagbag.py:540} INFO - Filling up the DagBag from /home/airflow/.local/lib/python3.8/site-packages/airflow/example_dags/example_task_group_decorator.py
[2025-08-02T02:30:20.783+0000] {processor.py:840} INFO - DAG(s) 'example_task_group_decorator' retrieved from /home/airflow/.local/lib/python3.8/site-packages/airflow/example_dags/example_task_group_decorator.py
[2025-08-02T02:30:20.808+0000] {logging_mixin.py:188} INFO - [2025-08-02T02:30:20.808+0000] {dag.py:3047} INFO - Sync 1 DAGs
[2025-08-02T02:30:20.826+0000] {logging_mixin.py:188} INFO - [2025-08-02T02:30:20.826+0000] {dag.py:3834} INFO - Setting next_dagrun for example_task_group_decorator to 2025-08-01 00:00:00+00:00, run_after=2025-08-02 00:00:00+00:00
[2025-08-02T02:30:20.855+0000] {processor.py:183} INFO - Processing /home/airflow/.local/lib/python3.8/site-packages/airflow/example_dags/example_task_group_decorator.py took 0.108 seconds
[2025-08-02T02:30:53.199+0000] {processor.py:161} INFO - Started process (PID=4547) to work on /home/airflow/.local/lib/python3.8/site-packages/airflow/example_dags/example_task_group_decorator.py
[2025-08-02T02:30:53.200+0000] {processor.py:830} INFO - Processing file /home/airflow/.local/lib/python3.8/site-packages/airflow/example_dags/example_task_group_decorator.py for tasks to queue
[2025-08-02T02:30:53.201+0000] {logging_mixin.py:188} INFO - [2025-08-02T02:30:53.200+0000] {dagbag.py:540} INFO - Filling up the DagBag from /home/airflow/.local/lib/python3.8/site-packages/airflow/example_dags/example_task_group_decorator.py
[2025-08-02T02:30:53.213+0000] {processor.py:840} INFO - DAG(s) 'example_task_group_decorator' retrieved from /home/airflow/.local/lib/python3.8/site-packages/airflow/example_dags/example_task_group_decorator.py
[2025-08-02T02:30:53.233+0000] {logging_mixin.py:188} INFO - [2025-08-02T02:30:53.233+0000] {dag.py:3047} INFO - Sync 1 DAGs
[2025-08-02T02:30:53.254+0000] {logging_mixin.py:188} INFO - [2025-08-02T02:30:53.253+0000] {dag.py:3834} INFO - Setting next_dagrun for example_task_group_decorator to 2025-08-01 00:00:00+00:00, run_after=2025-08-02 00:00:00+00:00
[2025-08-02T02:30:53.280+0000] {processor.py:183} INFO - Processing /home/airflow/.local/lib/python3.8/site-packages/airflow/example_dags/example_task_group_decorator.py took 0.083 seconds
[2025-08-02T02:36:53.630+0000] {processor.py:161} INFO - Started process (PID=88) to work on /home/airflow/.local/lib/python3.8/site-packages/airflow/example_dags/example_task_group_decorator.py
[2025-08-02T02:36:53.637+0000] {processor.py:830} INFO - Processing file /home/airflow/.local/lib/python3.8/site-packages/airflow/example_dags/example_task_group_decorator.py for tasks to queue
[2025-08-02T02:36:53.646+0000] {logging_mixin.py:188} INFO - [2025-08-02T02:36:53.644+0000] {dagbag.py:540} INFO - Filling up the DagBag from /home/airflow/.local/lib/python3.8/site-packages/airflow/example_dags/example_task_group_decorator.py
[2025-08-02T02:36:53.708+0000] {processor.py:840} INFO - DAG(s) 'example_task_group_decorator' retrieved from /home/airflow/.local/lib/python3.8/site-packages/airflow/example_dags/example_task_group_decorator.py
[2025-08-02T02:36:54.061+0000] {logging_mixin.py:188} INFO - [2025-08-02T02:36:54.054+0000] {dag.py:3047} INFO - Sync 1 DAGs
[2025-08-02T02:36:54.188+0000] {logging_mixin.py:188} INFO - [2025-08-02T02:36:54.187+0000] {dag.py:3834} INFO - Setting next_dagrun for example_task_group_decorator to 2025-08-01 00:00:00+00:00, run_after=2025-08-02 00:00:00+00:00
[2025-08-02T02:36:54.275+0000] {processor.py:183} INFO - Processing /home/airflow/.local/lib/python3.8/site-packages/airflow/example_dags/example_task_group_decorator.py took 0.650 seconds
[2025-08-02T02:37:24.977+0000] {processor.py:161} INFO - Started process (PID=144) to work on /home/airflow/.local/lib/python3.8/site-packages/airflow/example_dags/example_task_group_decorator.py
[2025-08-02T02:37:24.984+0000] {processor.py:830} INFO - Processing file /home/airflow/.local/lib/python3.8/site-packages/airflow/example_dags/example_task_group_decorator.py for tasks to queue
[2025-08-02T02:37:24.989+0000] {logging_mixin.py:188} INFO - [2025-08-02T02:37:24.988+0000] {dagbag.py:540} INFO - Filling up the DagBag from /home/airflow/.local/lib/python3.8/site-packages/airflow/example_dags/example_task_group_decorator.py
[2025-08-02T02:37:25.017+0000] {processor.py:840} INFO - DAG(s) 'example_task_group_decorator' retrieved from /home/airflow/.local/lib/python3.8/site-packages/airflow/example_dags/example_task_group_decorator.py
[2025-08-02T02:37:25.109+0000] {logging_mixin.py:188} INFO - [2025-08-02T02:37:25.108+0000] {dag.py:3047} INFO - Sync 1 DAGs
[2025-08-02T02:37:25.161+0000] {logging_mixin.py:188} INFO - [2025-08-02T02:37:25.161+0000] {dag.py:3834} INFO - Setting next_dagrun for example_task_group_decorator to 2025-08-01 00:00:00+00:00, run_after=2025-08-02 00:00:00+00:00
[2025-08-02T02:37:25.181+0000] {processor.py:183} INFO - Processing /home/airflow/.local/lib/python3.8/site-packages/airflow/example_dags/example_task_group_decorator.py took 0.235 seconds
[2025-08-02T02:37:56.088+0000] {processor.py:161} INFO - Started process (PID=200) to work on /home/airflow/.local/lib/python3.8/site-packages/airflow/example_dags/example_task_group_decorator.py
[2025-08-02T02:37:56.091+0000] {processor.py:830} INFO - Processing file /home/airflow/.local/lib/python3.8/site-packages/airflow/example_dags/example_task_group_decorator.py for tasks to queue
[2025-08-02T02:37:56.100+0000] {logging_mixin.py:188} INFO - [2025-08-02T02:37:56.099+0000] {dagbag.py:540} INFO - Filling up the DagBag from /home/airflow/.local/lib/python3.8/site-packages/airflow/example_dags/example_task_group_decorator.py
[2025-08-02T02:37:56.126+0000] {processor.py:840} INFO - DAG(s) 'example_task_group_decorator' retrieved from /home/airflow/.local/lib/python3.8/site-packages/airflow/example_dags/example_task_group_decorator.py
[2025-08-02T02:37:56.180+0000] {logging_mixin.py:188} INFO - [2025-08-02T02:37:56.180+0000] {dag.py:3047} INFO - Sync 1 DAGs
[2025-08-02T02:37:56.228+0000] {logging_mixin.py:188} INFO - [2025-08-02T02:37:56.227+0000] {dag.py:3834} INFO - Setting next_dagrun for example_task_group_decorator to 2025-08-01 00:00:00+00:00, run_after=2025-08-02 00:00:00+00:00
[2025-08-02T02:37:56.281+0000] {processor.py:183} INFO - Processing /home/airflow/.local/lib/python3.8/site-packages/airflow/example_dags/example_task_group_decorator.py took 0.212 seconds
[2025-08-02T02:38:26.379+0000] {processor.py:161} INFO - Started process (PID=256) to work on /home/airflow/.local/lib/python3.8/site-packages/airflow/example_dags/example_task_group_decorator.py
[2025-08-02T02:38:26.382+0000] {processor.py:830} INFO - Processing file /home/airflow/.local/lib/python3.8/site-packages/airflow/example_dags/example_task_group_decorator.py for tasks to queue
[2025-08-02T02:38:26.384+0000] {logging_mixin.py:188} INFO - [2025-08-02T02:38:26.384+0000] {dagbag.py:540} INFO - Filling up the DagBag from /home/airflow/.local/lib/python3.8/site-packages/airflow/example_dags/example_task_group_decorator.py
[2025-08-02T02:38:26.399+0000] {processor.py:840} INFO - DAG(s) 'example_task_group_decorator' retrieved from /home/airflow/.local/lib/python3.8/site-packages/airflow/example_dags/example_task_group_decorator.py
[2025-08-02T02:38:26.454+0000] {logging_mixin.py:188} INFO - [2025-08-02T02:38:26.453+0000] {dag.py:3047} INFO - Sync 1 DAGs
[2025-08-02T02:38:26.485+0000] {logging_mixin.py:188} INFO - [2025-08-02T02:38:26.484+0000] {dag.py:3834} INFO - Setting next_dagrun for example_task_group_decorator to 2025-08-01 00:00:00+00:00, run_after=2025-08-02 00:00:00+00:00
[2025-08-02T02:38:26.516+0000] {processor.py:183} INFO - Processing /home/airflow/.local/lib/python3.8/site-packages/airflow/example_dags/example_task_group_decorator.py took 0.147 seconds
[2025-08-02T02:38:56.885+0000] {processor.py:161} INFO - Started process (PID=312) to work on /home/airflow/.local/lib/python3.8/site-packages/airflow/example_dags/example_task_group_decorator.py
[2025-08-02T02:38:56.887+0000] {processor.py:830} INFO - Processing file /home/airflow/.local/lib/python3.8/site-packages/airflow/example_dags/example_task_group_decorator.py for tasks to queue
[2025-08-02T02:38:56.890+0000] {logging_mixin.py:188} INFO - [2025-08-02T02:38:56.890+0000] {dagbag.py:540} INFO - Filling up the DagBag from /home/airflow/.local/lib/python3.8/site-packages/airflow/example_dags/example_task_group_decorator.py
[2025-08-02T02:38:56.907+0000] {processor.py:840} INFO - DAG(s) 'example_task_group_decorator' retrieved from /home/airflow/.local/lib/python3.8/site-packages/airflow/example_dags/example_task_group_decorator.py
[2025-08-02T02:38:56.963+0000] {logging_mixin.py:188} INFO - [2025-08-02T02:38:56.962+0000] {dag.py:3047} INFO - Sync 1 DAGs
[2025-08-02T02:38:56.987+0000] {logging_mixin.py:188} INFO - [2025-08-02T02:38:56.987+0000] {dag.py:3834} INFO - Setting next_dagrun for example_task_group_decorator to 2025-08-01 00:00:00+00:00, run_after=2025-08-02 00:00:00+00:00
[2025-08-02T02:38:57.038+0000] {processor.py:183} INFO - Processing /home/airflow/.local/lib/python3.8/site-packages/airflow/example_dags/example_task_group_decorator.py took 0.157 seconds
[2025-08-02T02:39:27.594+0000] {processor.py:161} INFO - Started process (PID=367) to work on /home/airflow/.local/lib/python3.8/site-packages/airflow/example_dags/example_task_group_decorator.py
[2025-08-02T02:39:27.598+0000] {processor.py:830} INFO - Processing file /home/airflow/.local/lib/python3.8/site-packages/airflow/example_dags/example_task_group_decorator.py for tasks to queue
[2025-08-02T02:39:27.606+0000] {logging_mixin.py:188} INFO - [2025-08-02T02:39:27.603+0000] {dagbag.py:540} INFO - Filling up the DagBag from /home/airflow/.local/lib/python3.8/site-packages/airflow/example_dags/example_task_group_decorator.py
[2025-08-02T02:39:27.656+0000] {processor.py:840} INFO - DAG(s) 'example_task_group_decorator' retrieved from /home/airflow/.local/lib/python3.8/site-packages/airflow/example_dags/example_task_group_decorator.py
[2025-08-02T02:39:27.733+0000] {logging_mixin.py:188} INFO - [2025-08-02T02:39:27.733+0000] {dag.py:3047} INFO - Sync 1 DAGs
[2025-08-02T02:39:27.780+0000] {logging_mixin.py:188} INFO - [2025-08-02T02:39:27.780+0000] {dag.py:3834} INFO - Setting next_dagrun for example_task_group_decorator to 2025-08-01 00:00:00+00:00, run_after=2025-08-02 00:00:00+00:00
[2025-08-02T02:39:27.810+0000] {processor.py:183} INFO - Processing /home/airflow/.local/lib/python3.8/site-packages/airflow/example_dags/example_task_group_decorator.py took 0.221 seconds
[2025-08-02T02:39:58.138+0000] {processor.py:161} INFO - Started process (PID=423) to work on /home/airflow/.local/lib/python3.8/site-packages/airflow/example_dags/example_task_group_decorator.py
[2025-08-02T02:39:58.146+0000] {processor.py:830} INFO - Processing file /home/airflow/.local/lib/python3.8/site-packages/airflow/example_dags/example_task_group_decorator.py for tasks to queue
[2025-08-02T02:39:58.152+0000] {logging_mixin.py:188} INFO - [2025-08-02T02:39:58.151+0000] {dagbag.py:540} INFO - Filling up the DagBag from /home/airflow/.local/lib/python3.8/site-packages/airflow/example_dags/example_task_group_decorator.py
[2025-08-02T02:39:58.186+0000] {processor.py:840} INFO - DAG(s) 'example_task_group_decorator' retrieved from /home/airflow/.local/lib/python3.8/site-packages/airflow/example_dags/example_task_group_decorator.py
[2025-08-02T02:39:58.255+0000] {logging_mixin.py:188} INFO - [2025-08-02T02:39:58.253+0000] {dag.py:3047} INFO - Sync 1 DAGs
[2025-08-02T02:39:58.307+0000] {logging_mixin.py:188} INFO - [2025-08-02T02:39:58.306+0000] {dag.py:3834} INFO - Setting next_dagrun for example_task_group_decorator to 2025-08-01 00:00:00+00:00, run_after=2025-08-02 00:00:00+00:00
[2025-08-02T02:39:58.334+0000] {processor.py:183} INFO - Processing /home/airflow/.local/lib/python3.8/site-packages/airflow/example_dags/example_task_group_decorator.py took 0.205 seconds
[2025-08-02T02:40:28.870+0000] {processor.py:161} INFO - Started process (PID=479) to work on /home/airflow/.local/lib/python3.8/site-packages/airflow/example_dags/example_task_group_decorator.py
[2025-08-02T02:40:28.873+0000] {processor.py:830} INFO - Processing file /home/airflow/.local/lib/python3.8/site-packages/airflow/example_dags/example_task_group_decorator.py for tasks to queue
[2025-08-02T02:40:28.876+0000] {logging_mixin.py:188} INFO - [2025-08-02T02:40:28.876+0000] {dagbag.py:540} INFO - Filling up the DagBag from /home/airflow/.local/lib/python3.8/site-packages/airflow/example_dags/example_task_group_decorator.py
[2025-08-02T02:40:28.889+0000] {processor.py:840} INFO - DAG(s) 'example_task_group_decorator' retrieved from /home/airflow/.local/lib/python3.8/site-packages/airflow/example_dags/example_task_group_decorator.py
[2025-08-02T02:40:28.949+0000] {logging_mixin.py:188} INFO - [2025-08-02T02:40:28.948+0000] {dag.py:3047} INFO - Sync 1 DAGs
[2025-08-02T02:40:29.023+0000] {logging_mixin.py:188} INFO - [2025-08-02T02:40:29.022+0000] {dag.py:3834} INFO - Setting next_dagrun for example_task_group_decorator to 2025-08-01 00:00:00+00:00, run_after=2025-08-02 00:00:00+00:00
[2025-08-02T02:40:29.107+0000] {processor.py:183} INFO - Processing /home/airflow/.local/lib/python3.8/site-packages/airflow/example_dags/example_task_group_decorator.py took 0.242 seconds
[2025-08-02T02:40:59.942+0000] {processor.py:161} INFO - Started process (PID=535) to work on /home/airflow/.local/lib/python3.8/site-packages/airflow/example_dags/example_task_group_decorator.py
[2025-08-02T02:40:59.948+0000] {processor.py:830} INFO - Processing file /home/airflow/.local/lib/python3.8/site-packages/airflow/example_dags/example_task_group_decorator.py for tasks to queue
[2025-08-02T02:40:59.972+0000] {logging_mixin.py:188} INFO - [2025-08-02T02:40:59.971+0000] {dagbag.py:540} INFO - Filling up the DagBag from /home/airflow/.local/lib/python3.8/site-packages/airflow/example_dags/example_task_group_decorator.py
[2025-08-02T02:41:00.039+0000] {processor.py:840} INFO - DAG(s) 'example_task_group_decorator' retrieved from /home/airflow/.local/lib/python3.8/site-packages/airflow/example_dags/example_task_group_decorator.py
[2025-08-02T02:41:00.137+0000] {logging_mixin.py:188} INFO - [2025-08-02T02:41:00.136+0000] {dag.py:3047} INFO - Sync 1 DAGs
[2025-08-02T02:41:00.171+0000] {logging_mixin.py:188} INFO - [2025-08-02T02:41:00.171+0000] {dag.py:3834} INFO - Setting next_dagrun for example_task_group_decorator to 2025-08-01 00:00:00+00:00, run_after=2025-08-02 00:00:00+00:00
[2025-08-02T02:41:00.191+0000] {processor.py:183} INFO - Processing /home/airflow/.local/lib/python3.8/site-packages/airflow/example_dags/example_task_group_decorator.py took 0.256 seconds
[2025-08-02T02:41:31.063+0000] {processor.py:161} INFO - Started process (PID=591) to work on /home/airflow/.local/lib/python3.8/site-packages/airflow/example_dags/example_task_group_decorator.py
[2025-08-02T02:41:31.072+0000] {processor.py:830} INFO - Processing file /home/airflow/.local/lib/python3.8/site-packages/airflow/example_dags/example_task_group_decorator.py for tasks to queue
[2025-08-02T02:41:31.074+0000] {logging_mixin.py:188} INFO - [2025-08-02T02:41:31.074+0000] {dagbag.py:540} INFO - Filling up the DagBag from /home/airflow/.local/lib/python3.8/site-packages/airflow/example_dags/example_task_group_decorator.py
[2025-08-02T02:41:31.103+0000] {processor.py:840} INFO - DAG(s) 'example_task_group_decorator' retrieved from /home/airflow/.local/lib/python3.8/site-packages/airflow/example_dags/example_task_group_decorator.py
[2025-08-02T02:41:31.143+0000] {logging_mixin.py:188} INFO - [2025-08-02T02:41:31.142+0000] {dag.py:3047} INFO - Sync 1 DAGs
[2025-08-02T02:41:31.172+0000] {logging_mixin.py:188} INFO - [2025-08-02T02:41:31.172+0000] {dag.py:3834} INFO - Setting next_dagrun for example_task_group_decorator to 2025-08-01 00:00:00+00:00, run_after=2025-08-02 00:00:00+00:00
[2025-08-02T02:41:31.223+0000] {processor.py:183} INFO - Processing /home/airflow/.local/lib/python3.8/site-packages/airflow/example_dags/example_task_group_decorator.py took 0.177 seconds
[2025-08-02T02:42:01.259+0000] {processor.py:161} INFO - Started process (PID=647) to work on /home/airflow/.local/lib/python3.8/site-packages/airflow/example_dags/example_task_group_decorator.py
[2025-08-02T02:42:01.260+0000] {processor.py:830} INFO - Processing file /home/airflow/.local/lib/python3.8/site-packages/airflow/example_dags/example_task_group_decorator.py for tasks to queue
[2025-08-02T02:42:01.261+0000] {logging_mixin.py:188} INFO - [2025-08-02T02:42:01.261+0000] {dagbag.py:540} INFO - Filling up the DagBag from /home/airflow/.local/lib/python3.8/site-packages/airflow/example_dags/example_task_group_decorator.py
[2025-08-02T02:42:01.272+0000] {processor.py:840} INFO - DAG(s) 'example_task_group_decorator' retrieved from /home/airflow/.local/lib/python3.8/site-packages/airflow/example_dags/example_task_group_decorator.py
[2025-08-02T02:42:01.293+0000] {logging_mixin.py:188} INFO - [2025-08-02T02:42:01.293+0000] {dag.py:3047} INFO - Sync 1 DAGs
[2025-08-02T02:42:01.309+0000] {logging_mixin.py:188} INFO - [2025-08-02T02:42:01.309+0000] {dag.py:3834} INFO - Setting next_dagrun for example_task_group_decorator to 2025-08-01 00:00:00+00:00, run_after=2025-08-02 00:00:00+00:00
[2025-08-02T02:42:01.317+0000] {processor.py:183} INFO - Processing /home/airflow/.local/lib/python3.8/site-packages/airflow/example_dags/example_task_group_decorator.py took 0.062 seconds
[2025-08-02T02:42:31.481+0000] {processor.py:161} INFO - Started process (PID=703) to work on /home/airflow/.local/lib/python3.8/site-packages/airflow/example_dags/example_task_group_decorator.py
[2025-08-02T02:42:31.483+0000] {processor.py:830} INFO - Processing file /home/airflow/.local/lib/python3.8/site-packages/airflow/example_dags/example_task_group_decorator.py for tasks to queue
[2025-08-02T02:42:31.485+0000] {logging_mixin.py:188} INFO - [2025-08-02T02:42:31.485+0000] {dagbag.py:540} INFO - Filling up the DagBag from /home/airflow/.local/lib/python3.8/site-packages/airflow/example_dags/example_task_group_decorator.py
[2025-08-02T02:42:31.494+0000] {processor.py:840} INFO - DAG(s) 'example_task_group_decorator' retrieved from /home/airflow/.local/lib/python3.8/site-packages/airflow/example_dags/example_task_group_decorator.py
[2025-08-02T02:42:31.520+0000] {logging_mixin.py:188} INFO - [2025-08-02T02:42:31.519+0000] {dag.py:3047} INFO - Sync 1 DAGs
[2025-08-02T02:42:31.538+0000] {logging_mixin.py:188} INFO - [2025-08-02T02:42:31.538+0000] {dag.py:3834} INFO - Setting next_dagrun for example_task_group_decorator to 2025-08-01 00:00:00+00:00, run_after=2025-08-02 00:00:00+00:00
[2025-08-02T02:42:31.557+0000] {processor.py:183} INFO - Processing /home/airflow/.local/lib/python3.8/site-packages/airflow/example_dags/example_task_group_decorator.py took 0.079 seconds
[2025-08-02T02:46:26.672+0000] {processor.py:161} INFO - Started process (PID=88) to work on /home/airflow/.local/lib/python3.8/site-packages/airflow/example_dags/example_task_group_decorator.py
[2025-08-02T02:46:26.675+0000] {processor.py:830} INFO - Processing file /home/airflow/.local/lib/python3.8/site-packages/airflow/example_dags/example_task_group_decorator.py for tasks to queue
[2025-08-02T02:46:26.683+0000] {logging_mixin.py:188} INFO - [2025-08-02T02:46:26.682+0000] {dagbag.py:540} INFO - Filling up the DagBag from /home/airflow/.local/lib/python3.8/site-packages/airflow/example_dags/example_task_group_decorator.py
[2025-08-02T02:46:26.742+0000] {processor.py:840} INFO - DAG(s) 'example_task_group_decorator' retrieved from /home/airflow/.local/lib/python3.8/site-packages/airflow/example_dags/example_task_group_decorator.py
[2025-08-02T02:46:27.228+0000] {logging_mixin.py:188} INFO - [2025-08-02T02:46:27.225+0000] {dag.py:3047} INFO - Sync 1 DAGs
[2025-08-02T02:46:27.313+0000] {logging_mixin.py:188} INFO - [2025-08-02T02:46:27.313+0000] {dag.py:3834} INFO - Setting next_dagrun for example_task_group_decorator to 2025-08-01 00:00:00+00:00, run_after=2025-08-02 00:00:00+00:00
[2025-08-02T02:46:27.425+0000] {processor.py:183} INFO - Processing /home/airflow/.local/lib/python3.8/site-packages/airflow/example_dags/example_task_group_decorator.py took 0.764 seconds
[2025-08-02T02:47:06.894+0000] {processor.py:161} INFO - Started process (PID=145) to work on /home/airflow/.local/lib/python3.8/site-packages/airflow/example_dags/example_task_group_decorator.py
[2025-08-02T02:47:06.896+0000] {processor.py:830} INFO - Processing file /home/airflow/.local/lib/python3.8/site-packages/airflow/example_dags/example_task_group_decorator.py for tasks to queue
[2025-08-02T02:47:06.902+0000] {logging_mixin.py:188} INFO - [2025-08-02T02:47:06.900+0000] {dagbag.py:540} INFO - Filling up the DagBag from /home/airflow/.local/lib/python3.8/site-packages/airflow/example_dags/example_task_group_decorator.py
[2025-08-02T02:47:06.958+0000] {processor.py:840} INFO - DAG(s) 'example_task_group_decorator' retrieved from /home/airflow/.local/lib/python3.8/site-packages/airflow/example_dags/example_task_group_decorator.py
[2025-08-02T02:47:07.043+0000] {logging_mixin.py:188} INFO - [2025-08-02T02:47:07.042+0000] {dag.py:3047} INFO - Sync 1 DAGs
[2025-08-02T02:47:07.177+0000] {logging_mixin.py:188} INFO - [2025-08-02T02:47:07.177+0000] {dag.py:3834} INFO - Setting next_dagrun for example_task_group_decorator to 2025-08-01 00:00:00+00:00, run_after=2025-08-02 00:00:00+00:00
[2025-08-02T02:47:07.246+0000] {processor.py:183} INFO - Processing /home/airflow/.local/lib/python3.8/site-packages/airflow/example_dags/example_task_group_decorator.py took 0.358 seconds
[2025-08-02T02:47:38.237+0000] {processor.py:161} INFO - Started process (PID=201) to work on /home/airflow/.local/lib/python3.8/site-packages/airflow/example_dags/example_task_group_decorator.py
[2025-08-02T02:47:38.240+0000] {processor.py:830} INFO - Processing file /home/airflow/.local/lib/python3.8/site-packages/airflow/example_dags/example_task_group_decorator.py for tasks to queue
[2025-08-02T02:47:38.248+0000] {logging_mixin.py:188} INFO - [2025-08-02T02:47:38.247+0000] {dagbag.py:540} INFO - Filling up the DagBag from /home/airflow/.local/lib/python3.8/site-packages/airflow/example_dags/example_task_group_decorator.py
[2025-08-02T02:47:38.311+0000] {processor.py:840} INFO - DAG(s) 'example_task_group_decorator' retrieved from /home/airflow/.local/lib/python3.8/site-packages/airflow/example_dags/example_task_group_decorator.py
[2025-08-02T02:47:38.584+0000] {logging_mixin.py:188} INFO - [2025-08-02T02:47:38.580+0000] {dag.py:3047} INFO - Sync 1 DAGs
[2025-08-02T02:47:38.645+0000] {logging_mixin.py:188} INFO - [2025-08-02T02:47:38.644+0000] {dag.py:3834} INFO - Setting next_dagrun for example_task_group_decorator to 2025-08-01 00:00:00+00:00, run_after=2025-08-02 00:00:00+00:00
[2025-08-02T02:47:38.778+0000] {processor.py:183} INFO - Processing /home/airflow/.local/lib/python3.8/site-packages/airflow/example_dags/example_task_group_decorator.py took 0.550 seconds
[2025-08-02T02:48:09.779+0000] {processor.py:161} INFO - Started process (PID=256) to work on /home/airflow/.local/lib/python3.8/site-packages/airflow/example_dags/example_task_group_decorator.py
[2025-08-02T02:48:09.781+0000] {processor.py:830} INFO - Processing file /home/airflow/.local/lib/python3.8/site-packages/airflow/example_dags/example_task_group_decorator.py for tasks to queue
[2025-08-02T02:48:09.783+0000] {logging_mixin.py:188} INFO - [2025-08-02T02:48:09.782+0000] {dagbag.py:540} INFO - Filling up the DagBag from /home/airflow/.local/lib/python3.8/site-packages/airflow/example_dags/example_task_group_decorator.py
[2025-08-02T02:48:09.809+0000] {processor.py:840} INFO - DAG(s) 'example_task_group_decorator' retrieved from /home/airflow/.local/lib/python3.8/site-packages/airflow/example_dags/example_task_group_decorator.py
[2025-08-02T02:48:09.842+0000] {logging_mixin.py:188} INFO - [2025-08-02T02:48:09.841+0000] {dag.py:3047} INFO - Sync 1 DAGs
[2025-08-02T02:48:09.863+0000] {logging_mixin.py:188} INFO - [2025-08-02T02:48:09.863+0000] {dag.py:3834} INFO - Setting next_dagrun for example_task_group_decorator to 2025-08-01 00:00:00+00:00, run_after=2025-08-02 00:00:00+00:00
[2025-08-02T02:48:09.878+0000] {processor.py:183} INFO - Processing /home/airflow/.local/lib/python3.8/site-packages/airflow/example_dags/example_task_group_decorator.py took 0.106 seconds
[2025-08-02T02:48:39.953+0000] {processor.py:161} INFO - Started process (PID=312) to work on /home/airflow/.local/lib/python3.8/site-packages/airflow/example_dags/example_task_group_decorator.py
[2025-08-02T02:48:39.954+0000] {processor.py:830} INFO - Processing file /home/airflow/.local/lib/python3.8/site-packages/airflow/example_dags/example_task_group_decorator.py for tasks to queue
[2025-08-02T02:48:39.955+0000] {logging_mixin.py:188} INFO - [2025-08-02T02:48:39.954+0000] {dagbag.py:540} INFO - Filling up the DagBag from /home/airflow/.local/lib/python3.8/site-packages/airflow/example_dags/example_task_group_decorator.py
[2025-08-02T02:48:39.968+0000] {processor.py:840} INFO - DAG(s) 'example_task_group_decorator' retrieved from /home/airflow/.local/lib/python3.8/site-packages/airflow/example_dags/example_task_group_decorator.py
[2025-08-02T02:48:39.985+0000] {logging_mixin.py:188} INFO - [2025-08-02T02:48:39.985+0000] {dag.py:3047} INFO - Sync 1 DAGs
[2025-08-02T02:48:40.001+0000] {logging_mixin.py:188} INFO - [2025-08-02T02:48:40.000+0000] {dag.py:3834} INFO - Setting next_dagrun for example_task_group_decorator to 2025-08-01 00:00:00+00:00, run_after=2025-08-02 00:00:00+00:00
[2025-08-02T02:48:40.017+0000] {processor.py:183} INFO - Processing /home/airflow/.local/lib/python3.8/site-packages/airflow/example_dags/example_task_group_decorator.py took 0.066 seconds
[2025-08-02T02:49:10.298+0000] {processor.py:161} INFO - Started process (PID=368) to work on /home/airflow/.local/lib/python3.8/site-packages/airflow/example_dags/example_task_group_decorator.py
[2025-08-02T02:49:10.303+0000] {processor.py:830} INFO - Processing file /home/airflow/.local/lib/python3.8/site-packages/airflow/example_dags/example_task_group_decorator.py for tasks to queue
[2025-08-02T02:49:10.307+0000] {logging_mixin.py:188} INFO - [2025-08-02T02:49:10.306+0000] {dagbag.py:540} INFO - Filling up the DagBag from /home/airflow/.local/lib/python3.8/site-packages/airflow/example_dags/example_task_group_decorator.py
[2025-08-02T02:49:10.380+0000] {processor.py:840} INFO - DAG(s) 'example_task_group_decorator' retrieved from /home/airflow/.local/lib/python3.8/site-packages/airflow/example_dags/example_task_group_decorator.py
[2025-08-02T02:49:10.438+0000] {logging_mixin.py:188} INFO - [2025-08-02T02:49:10.437+0000] {dag.py:3047} INFO - Sync 1 DAGs
[2025-08-02T02:49:10.500+0000] {logging_mixin.py:188} INFO - [2025-08-02T02:49:10.499+0000] {dag.py:3834} INFO - Setting next_dagrun for example_task_group_decorator to 2025-08-01 00:00:00+00:00, run_after=2025-08-02 00:00:00+00:00
[2025-08-02T02:49:10.545+0000] {processor.py:183} INFO - Processing /home/airflow/.local/lib/python3.8/site-packages/airflow/example_dags/example_task_group_decorator.py took 0.251 seconds
[2025-08-02T02:49:40.847+0000] {processor.py:161} INFO - Started process (PID=424) to work on /home/airflow/.local/lib/python3.8/site-packages/airflow/example_dags/example_task_group_decorator.py
[2025-08-02T02:49:40.848+0000] {processor.py:830} INFO - Processing file /home/airflow/.local/lib/python3.8/site-packages/airflow/example_dags/example_task_group_decorator.py for tasks to queue
[2025-08-02T02:49:40.850+0000] {logging_mixin.py:188} INFO - [2025-08-02T02:49:40.850+0000] {dagbag.py:540} INFO - Filling up the DagBag from /home/airflow/.local/lib/python3.8/site-packages/airflow/example_dags/example_task_group_decorator.py
[2025-08-02T02:49:40.860+0000] {processor.py:840} INFO - DAG(s) 'example_task_group_decorator' retrieved from /home/airflow/.local/lib/python3.8/site-packages/airflow/example_dags/example_task_group_decorator.py
[2025-08-02T02:49:40.883+0000] {logging_mixin.py:188} INFO - [2025-08-02T02:49:40.883+0000] {dag.py:3047} INFO - Sync 1 DAGs
[2025-08-02T02:49:40.905+0000] {logging_mixin.py:188} INFO - [2025-08-02T02:49:40.905+0000] {dag.py:3834} INFO - Setting next_dagrun for example_task_group_decorator to 2025-08-01 00:00:00+00:00, run_after=2025-08-02 00:00:00+00:00
[2025-08-02T02:49:40.919+0000] {processor.py:183} INFO - Processing /home/airflow/.local/lib/python3.8/site-packages/airflow/example_dags/example_task_group_decorator.py took 0.074 seconds
[2025-08-02T02:50:11.622+0000] {processor.py:161} INFO - Started process (PID=480) to work on /home/airflow/.local/lib/python3.8/site-packages/airflow/example_dags/example_task_group_decorator.py
[2025-08-02T02:50:11.623+0000] {processor.py:830} INFO - Processing file /home/airflow/.local/lib/python3.8/site-packages/airflow/example_dags/example_task_group_decorator.py for tasks to queue
[2025-08-02T02:50:11.627+0000] {logging_mixin.py:188} INFO - [2025-08-02T02:50:11.626+0000] {dagbag.py:540} INFO - Filling up the DagBag from /home/airflow/.local/lib/python3.8/site-packages/airflow/example_dags/example_task_group_decorator.py
[2025-08-02T02:50:11.635+0000] {processor.py:840} INFO - DAG(s) 'example_task_group_decorator' retrieved from /home/airflow/.local/lib/python3.8/site-packages/airflow/example_dags/example_task_group_decorator.py
[2025-08-02T02:50:11.648+0000] {logging_mixin.py:188} INFO - [2025-08-02T02:50:11.648+0000] {dag.py:3047} INFO - Sync 1 DAGs
[2025-08-02T02:50:11.659+0000] {logging_mixin.py:188} INFO - [2025-08-02T02:50:11.659+0000] {dag.py:3834} INFO - Setting next_dagrun for example_task_group_decorator to 2025-08-01 00:00:00+00:00, run_after=2025-08-02 00:00:00+00:00
[2025-08-02T02:50:11.669+0000] {processor.py:183} INFO - Processing /home/airflow/.local/lib/python3.8/site-packages/airflow/example_dags/example_task_group_decorator.py took 0.050 seconds
[2025-08-02T02:50:43.064+0000] {processor.py:161} INFO - Started process (PID=536) to work on /home/airflow/.local/lib/python3.8/site-packages/airflow/example_dags/example_task_group_decorator.py
[2025-08-02T02:50:43.071+0000] {processor.py:830} INFO - Processing file /home/airflow/.local/lib/python3.8/site-packages/airflow/example_dags/example_task_group_decorator.py for tasks to queue
[2025-08-02T02:50:43.089+0000] {logging_mixin.py:188} INFO - [2025-08-02T02:50:43.085+0000] {dagbag.py:540} INFO - Filling up the DagBag from /home/airflow/.local/lib/python3.8/site-packages/airflow/example_dags/example_task_group_decorator.py
[2025-08-02T02:50:43.158+0000] {processor.py:840} INFO - DAG(s) 'example_task_group_decorator' retrieved from /home/airflow/.local/lib/python3.8/site-packages/airflow/example_dags/example_task_group_decorator.py
[2025-08-02T02:50:43.272+0000] {logging_mixin.py:188} INFO - [2025-08-02T02:50:43.271+0000] {dag.py:3047} INFO - Sync 1 DAGs
[2025-08-02T02:50:43.299+0000] {logging_mixin.py:188} INFO - [2025-08-02T02:50:43.299+0000] {dag.py:3834} INFO - Setting next_dagrun for example_task_group_decorator to 2025-08-01 00:00:00+00:00, run_after=2025-08-02 00:00:00+00:00
[2025-08-02T02:50:43.343+0000] {processor.py:183} INFO - Processing /home/airflow/.local/lib/python3.8/site-packages/airflow/example_dags/example_task_group_decorator.py took 0.286 seconds
[2025-08-02T02:51:13.738+0000] {processor.py:161} INFO - Started process (PID=592) to work on /home/airflow/.local/lib/python3.8/site-packages/airflow/example_dags/example_task_group_decorator.py
[2025-08-02T02:51:13.739+0000] {processor.py:830} INFO - Processing file /home/airflow/.local/lib/python3.8/site-packages/airflow/example_dags/example_task_group_decorator.py for tasks to queue
[2025-08-02T02:51:13.741+0000] {logging_mixin.py:188} INFO - [2025-08-02T02:51:13.741+0000] {dagbag.py:540} INFO - Filling up the DagBag from /home/airflow/.local/lib/python3.8/site-packages/airflow/example_dags/example_task_group_decorator.py
[2025-08-02T02:51:13.753+0000] {processor.py:840} INFO - DAG(s) 'example_task_group_decorator' retrieved from /home/airflow/.local/lib/python3.8/site-packages/airflow/example_dags/example_task_group_decorator.py
[2025-08-02T02:51:13.792+0000] {logging_mixin.py:188} INFO - [2025-08-02T02:51:13.791+0000] {dag.py:3047} INFO - Sync 1 DAGs
[2025-08-02T02:51:13.815+0000] {logging_mixin.py:188} INFO - [2025-08-02T02:51:13.815+0000] {dag.py:3834} INFO - Setting next_dagrun for example_task_group_decorator to 2025-08-01 00:00:00+00:00, run_after=2025-08-02 00:00:00+00:00
[2025-08-02T02:51:13.861+0000] {processor.py:183} INFO - Processing /home/airflow/.local/lib/python3.8/site-packages/airflow/example_dags/example_task_group_decorator.py took 0.126 seconds
[2025-08-02T02:51:43.950+0000] {processor.py:161} INFO - Started process (PID=648) to work on /home/airflow/.local/lib/python3.8/site-packages/airflow/example_dags/example_task_group_decorator.py
[2025-08-02T02:51:43.950+0000] {processor.py:830} INFO - Processing file /home/airflow/.local/lib/python3.8/site-packages/airflow/example_dags/example_task_group_decorator.py for tasks to queue
[2025-08-02T02:51:43.952+0000] {logging_mixin.py:188} INFO - [2025-08-02T02:51:43.951+0000] {dagbag.py:540} INFO - Filling up the DagBag from /home/airflow/.local/lib/python3.8/site-packages/airflow/example_dags/example_task_group_decorator.py
[2025-08-02T02:51:43.962+0000] {processor.py:840} INFO - DAG(s) 'example_task_group_decorator' retrieved from /home/airflow/.local/lib/python3.8/site-packages/airflow/example_dags/example_task_group_decorator.py
[2025-08-02T02:51:43.976+0000] {logging_mixin.py:188} INFO - [2025-08-02T02:51:43.976+0000] {dag.py:3047} INFO - Sync 1 DAGs
[2025-08-02T02:51:44.004+0000] {logging_mixin.py:188} INFO - [2025-08-02T02:51:44.003+0000] {dag.py:3834} INFO - Setting next_dagrun for example_task_group_decorator to 2025-08-01 00:00:00+00:00, run_after=2025-08-02 00:00:00+00:00
[2025-08-02T02:51:44.069+0000] {processor.py:183} INFO - Processing /home/airflow/.local/lib/python3.8/site-packages/airflow/example_dags/example_task_group_decorator.py took 0.122 seconds
[2025-08-02T02:52:14.330+0000] {processor.py:161} INFO - Started process (PID=704) to work on /home/airflow/.local/lib/python3.8/site-packages/airflow/example_dags/example_task_group_decorator.py
[2025-08-02T02:52:14.336+0000] {processor.py:830} INFO - Processing file /home/airflow/.local/lib/python3.8/site-packages/airflow/example_dags/example_task_group_decorator.py for tasks to queue
[2025-08-02T02:52:14.340+0000] {logging_mixin.py:188} INFO - [2025-08-02T02:52:14.340+0000] {dagbag.py:540} INFO - Filling up the DagBag from /home/airflow/.local/lib/python3.8/site-packages/airflow/example_dags/example_task_group_decorator.py
[2025-08-02T02:52:14.353+0000] {processor.py:840} INFO - DAG(s) 'example_task_group_decorator' retrieved from /home/airflow/.local/lib/python3.8/site-packages/airflow/example_dags/example_task_group_decorator.py
[2025-08-02T02:52:14.375+0000] {logging_mixin.py:188} INFO - [2025-08-02T02:52:14.375+0000] {dag.py:3047} INFO - Sync 1 DAGs
[2025-08-02T02:52:14.396+0000] {logging_mixin.py:188} INFO - [2025-08-02T02:52:14.396+0000] {dag.py:3834} INFO - Setting next_dagrun for example_task_group_decorator to 2025-08-01 00:00:00+00:00, run_after=2025-08-02 00:00:00+00:00
[2025-08-02T02:52:14.410+0000] {processor.py:183} INFO - Processing /home/airflow/.local/lib/python3.8/site-packages/airflow/example_dags/example_task_group_decorator.py took 0.083 seconds
[2025-08-02T02:52:44.773+0000] {processor.py:161} INFO - Started process (PID=758) to work on /home/airflow/.local/lib/python3.8/site-packages/airflow/example_dags/example_task_group_decorator.py
[2025-08-02T02:52:44.774+0000] {processor.py:830} INFO - Processing file /home/airflow/.local/lib/python3.8/site-packages/airflow/example_dags/example_task_group_decorator.py for tasks to queue
[2025-08-02T02:52:44.776+0000] {logging_mixin.py:188} INFO - [2025-08-02T02:52:44.776+0000] {dagbag.py:540} INFO - Filling up the DagBag from /home/airflow/.local/lib/python3.8/site-packages/airflow/example_dags/example_task_group_decorator.py
[2025-08-02T02:52:44.784+0000] {processor.py:840} INFO - DAG(s) 'example_task_group_decorator' retrieved from /home/airflow/.local/lib/python3.8/site-packages/airflow/example_dags/example_task_group_decorator.py
[2025-08-02T02:52:44.810+0000] {logging_mixin.py:188} INFO - [2025-08-02T02:52:44.810+0000] {dag.py:3047} INFO - Sync 1 DAGs
[2025-08-02T02:52:44.826+0000] {logging_mixin.py:188} INFO - [2025-08-02T02:52:44.826+0000] {dag.py:3834} INFO - Setting next_dagrun for example_task_group_decorator to 2025-08-01 00:00:00+00:00, run_after=2025-08-02 00:00:00+00:00
[2025-08-02T02:52:44.842+0000] {processor.py:183} INFO - Processing /home/airflow/.local/lib/python3.8/site-packages/airflow/example_dags/example_task_group_decorator.py took 0.071 seconds
[2025-08-02T02:56:42.834+0000] {processor.py:161} INFO - Started process (PID=82) to work on /home/airflow/.local/lib/python3.8/site-packages/airflow/example_dags/example_task_group_decorator.py
[2025-08-02T02:56:42.839+0000] {processor.py:830} INFO - Processing file /home/airflow/.local/lib/python3.8/site-packages/airflow/example_dags/example_task_group_decorator.py for tasks to queue
[2025-08-02T02:56:42.844+0000] {logging_mixin.py:188} INFO - [2025-08-02T02:56:42.843+0000] {dagbag.py:540} INFO - Filling up the DagBag from /home/airflow/.local/lib/python3.8/site-packages/airflow/example_dags/example_task_group_decorator.py
[2025-08-02T02:56:42.872+0000] {processor.py:840} INFO - DAG(s) 'example_task_group_decorator' retrieved from /home/airflow/.local/lib/python3.8/site-packages/airflow/example_dags/example_task_group_decorator.py
[2025-08-02T02:56:42.939+0000] {logging_mixin.py:188} INFO - [2025-08-02T02:56:42.938+0000] {dag.py:3047} INFO - Sync 1 DAGs
[2025-08-02T02:56:43.011+0000] {logging_mixin.py:188} INFO - [2025-08-02T02:56:43.011+0000] {dag.py:3834} INFO - Setting next_dagrun for example_task_group_decorator to 2025-08-01 00:00:00+00:00, run_after=2025-08-02 00:00:00+00:00
[2025-08-02T02:56:43.091+0000] {processor.py:183} INFO - Processing /home/airflow/.local/lib/python3.8/site-packages/airflow/example_dags/example_task_group_decorator.py took 0.274 seconds
[2025-08-02T02:57:14.039+0000] {processor.py:161} INFO - Started process (PID=138) to work on /home/airflow/.local/lib/python3.8/site-packages/airflow/example_dags/example_task_group_decorator.py
[2025-08-02T02:57:14.042+0000] {processor.py:830} INFO - Processing file /home/airflow/.local/lib/python3.8/site-packages/airflow/example_dags/example_task_group_decorator.py for tasks to queue
[2025-08-02T02:57:14.044+0000] {logging_mixin.py:188} INFO - [2025-08-02T02:57:14.044+0000] {dagbag.py:540} INFO - Filling up the DagBag from /home/airflow/.local/lib/python3.8/site-packages/airflow/example_dags/example_task_group_decorator.py
[2025-08-02T02:57:14.087+0000] {processor.py:840} INFO - DAG(s) 'example_task_group_decorator' retrieved from /home/airflow/.local/lib/python3.8/site-packages/airflow/example_dags/example_task_group_decorator.py
[2025-08-02T02:57:14.293+0000] {logging_mixin.py:188} INFO - [2025-08-02T02:57:14.292+0000] {dag.py:3047} INFO - Sync 1 DAGs
[2025-08-02T02:57:14.320+0000] {logging_mixin.py:188} INFO - [2025-08-02T02:57:14.320+0000] {dag.py:3834} INFO - Setting next_dagrun for example_task_group_decorator to 2025-08-01 00:00:00+00:00, run_after=2025-08-02 00:00:00+00:00
[2025-08-02T02:57:14.342+0000] {processor.py:183} INFO - Processing /home/airflow/.local/lib/python3.8/site-packages/airflow/example_dags/example_task_group_decorator.py took 0.322 seconds
[2025-08-02T02:57:44.977+0000] {processor.py:161} INFO - Started process (PID=194) to work on /home/airflow/.local/lib/python3.8/site-packages/airflow/example_dags/example_task_group_decorator.py
[2025-08-02T02:57:44.979+0000] {processor.py:830} INFO - Processing file /home/airflow/.local/lib/python3.8/site-packages/airflow/example_dags/example_task_group_decorator.py for tasks to queue
[2025-08-02T02:57:44.981+0000] {logging_mixin.py:188} INFO - [2025-08-02T02:57:44.980+0000] {dagbag.py:540} INFO - Filling up the DagBag from /home/airflow/.local/lib/python3.8/site-packages/airflow/example_dags/example_task_group_decorator.py
[2025-08-02T02:57:44.993+0000] {processor.py:840} INFO - DAG(s) 'example_task_group_decorator' retrieved from /home/airflow/.local/lib/python3.8/site-packages/airflow/example_dags/example_task_group_decorator.py
[2025-08-02T02:57:45.020+0000] {logging_mixin.py:188} INFO - [2025-08-02T02:57:45.020+0000] {dag.py:3047} INFO - Sync 1 DAGs
[2025-08-02T02:57:45.036+0000] {logging_mixin.py:188} INFO - [2025-08-02T02:57:45.036+0000] {dag.py:3834} INFO - Setting next_dagrun for example_task_group_decorator to 2025-08-01 00:00:00+00:00, run_after=2025-08-02 00:00:00+00:00
[2025-08-02T02:57:45.055+0000] {processor.py:183} INFO - Processing /home/airflow/.local/lib/python3.8/site-packages/airflow/example_dags/example_task_group_decorator.py took 0.082 seconds
[2025-08-02T02:58:15.456+0000] {processor.py:161} INFO - Started process (PID=250) to work on /home/airflow/.local/lib/python3.8/site-packages/airflow/example_dags/example_task_group_decorator.py
[2025-08-02T02:58:15.460+0000] {processor.py:830} INFO - Processing file /home/airflow/.local/lib/python3.8/site-packages/airflow/example_dags/example_task_group_decorator.py for tasks to queue
[2025-08-02T02:58:15.461+0000] {logging_mixin.py:188} INFO - [2025-08-02T02:58:15.461+0000] {dagbag.py:540} INFO - Filling up the DagBag from /home/airflow/.local/lib/python3.8/site-packages/airflow/example_dags/example_task_group_decorator.py
[2025-08-02T02:58:15.470+0000] {processor.py:840} INFO - DAG(s) 'example_task_group_decorator' retrieved from /home/airflow/.local/lib/python3.8/site-packages/airflow/example_dags/example_task_group_decorator.py
[2025-08-02T02:58:15.487+0000] {logging_mixin.py:188} INFO - [2025-08-02T02:58:15.487+0000] {dag.py:3047} INFO - Sync 1 DAGs
[2025-08-02T02:58:15.501+0000] {logging_mixin.py:188} INFO - [2025-08-02T02:58:15.501+0000] {dag.py:3834} INFO - Setting next_dagrun for example_task_group_decorator to 2025-08-01 00:00:00+00:00, run_after=2025-08-02 00:00:00+00:00
[2025-08-02T02:58:15.511+0000] {processor.py:183} INFO - Processing /home/airflow/.local/lib/python3.8/site-packages/airflow/example_dags/example_task_group_decorator.py took 0.059 seconds
[2025-08-02T02:58:47.133+0000] {processor.py:161} INFO - Started process (PID=306) to work on /home/airflow/.local/lib/python3.8/site-packages/airflow/example_dags/example_task_group_decorator.py
[2025-08-02T02:58:47.138+0000] {processor.py:830} INFO - Processing file /home/airflow/.local/lib/python3.8/site-packages/airflow/example_dags/example_task_group_decorator.py for tasks to queue
[2025-08-02T02:58:47.141+0000] {logging_mixin.py:188} INFO - [2025-08-02T02:58:47.140+0000] {dagbag.py:540} INFO - Filling up the DagBag from /home/airflow/.local/lib/python3.8/site-packages/airflow/example_dags/example_task_group_decorator.py
[2025-08-02T02:58:47.206+0000] {processor.py:840} INFO - DAG(s) 'example_task_group_decorator' retrieved from /home/airflow/.local/lib/python3.8/site-packages/airflow/example_dags/example_task_group_decorator.py
[2025-08-02T02:58:47.251+0000] {logging_mixin.py:188} INFO - [2025-08-02T02:58:47.250+0000] {dag.py:3047} INFO - Sync 1 DAGs
[2025-08-02T02:58:47.271+0000] {logging_mixin.py:188} INFO - [2025-08-02T02:58:47.271+0000] {dag.py:3834} INFO - Setting next_dagrun for example_task_group_decorator to 2025-08-01 00:00:00+00:00, run_after=2025-08-02 00:00:00+00:00
[2025-08-02T02:58:47.289+0000] {processor.py:183} INFO - Processing /home/airflow/.local/lib/python3.8/site-packages/airflow/example_dags/example_task_group_decorator.py took 0.181 seconds
[2025-08-02T02:59:17.721+0000] {processor.py:161} INFO - Started process (PID=362) to work on /home/airflow/.local/lib/python3.8/site-packages/airflow/example_dags/example_task_group_decorator.py
[2025-08-02T02:59:17.722+0000] {processor.py:830} INFO - Processing file /home/airflow/.local/lib/python3.8/site-packages/airflow/example_dags/example_task_group_decorator.py for tasks to queue
[2025-08-02T02:59:17.723+0000] {logging_mixin.py:188} INFO - [2025-08-02T02:59:17.723+0000] {dagbag.py:540} INFO - Filling up the DagBag from /home/airflow/.local/lib/python3.8/site-packages/airflow/example_dags/example_task_group_decorator.py
[2025-08-02T02:59:17.740+0000] {processor.py:840} INFO - DAG(s) 'example_task_group_decorator' retrieved from /home/airflow/.local/lib/python3.8/site-packages/airflow/example_dags/example_task_group_decorator.py
[2025-08-02T02:59:17.758+0000] {logging_mixin.py:188} INFO - [2025-08-02T02:59:17.758+0000] {dag.py:3047} INFO - Sync 1 DAGs
[2025-08-02T02:59:17.769+0000] {logging_mixin.py:188} INFO - [2025-08-02T02:59:17.769+0000] {dag.py:3834} INFO - Setting next_dagrun for example_task_group_decorator to 2025-08-01 00:00:00+00:00, run_after=2025-08-02 00:00:00+00:00
[2025-08-02T02:59:17.777+0000] {processor.py:183} INFO - Processing /home/airflow/.local/lib/python3.8/site-packages/airflow/example_dags/example_task_group_decorator.py took 0.058 seconds
[2025-08-02T02:59:48.952+0000] {processor.py:161} INFO - Started process (PID=418) to work on /home/airflow/.local/lib/python3.8/site-packages/airflow/example_dags/example_task_group_decorator.py
[2025-08-02T02:59:48.955+0000] {processor.py:830} INFO - Processing file /home/airflow/.local/lib/python3.8/site-packages/airflow/example_dags/example_task_group_decorator.py for tasks to queue
[2025-08-02T02:59:48.961+0000] {logging_mixin.py:188} INFO - [2025-08-02T02:59:48.960+0000] {dagbag.py:540} INFO - Filling up the DagBag from /home/airflow/.local/lib/python3.8/site-packages/airflow/example_dags/example_task_group_decorator.py
[2025-08-02T02:59:48.974+0000] {processor.py:840} INFO - DAG(s) 'example_task_group_decorator' retrieved from /home/airflow/.local/lib/python3.8/site-packages/airflow/example_dags/example_task_group_decorator.py
[2025-08-02T02:59:48.993+0000] {logging_mixin.py:188} INFO - [2025-08-02T02:59:48.992+0000] {dag.py:3047} INFO - Sync 1 DAGs
[2025-08-02T02:59:49.004+0000] {logging_mixin.py:188} INFO - [2025-08-02T02:59:49.004+0000] {dag.py:3834} INFO - Setting next_dagrun for example_task_group_decorator to 2025-08-01 00:00:00+00:00, run_after=2025-08-02 00:00:00+00:00
[2025-08-02T02:59:49.023+0000] {processor.py:183} INFO - Processing /home/airflow/.local/lib/python3.8/site-packages/airflow/example_dags/example_task_group_decorator.py took 0.079 seconds
[2025-08-02T03:00:19.289+0000] {processor.py:161} INFO - Started process (PID=474) to work on /home/airflow/.local/lib/python3.8/site-packages/airflow/example_dags/example_task_group_decorator.py
[2025-08-02T03:00:19.290+0000] {processor.py:830} INFO - Processing file /home/airflow/.local/lib/python3.8/site-packages/airflow/example_dags/example_task_group_decorator.py for tasks to queue
[2025-08-02T03:00:19.291+0000] {logging_mixin.py:188} INFO - [2025-08-02T03:00:19.290+0000] {dagbag.py:540} INFO - Filling up the DagBag from /home/airflow/.local/lib/python3.8/site-packages/airflow/example_dags/example_task_group_decorator.py
[2025-08-02T03:00:19.301+0000] {processor.py:840} INFO - DAG(s) 'example_task_group_decorator' retrieved from /home/airflow/.local/lib/python3.8/site-packages/airflow/example_dags/example_task_group_decorator.py
[2025-08-02T03:00:19.321+0000] {logging_mixin.py:188} INFO - [2025-08-02T03:00:19.320+0000] {dag.py:3047} INFO - Sync 1 DAGs
[2025-08-02T03:00:19.333+0000] {logging_mixin.py:188} INFO - [2025-08-02T03:00:19.333+0000] {dag.py:3834} INFO - Setting next_dagrun for example_task_group_decorator to 2025-08-01 00:00:00+00:00, run_after=2025-08-02 00:00:00+00:00
[2025-08-02T03:00:19.348+0000] {processor.py:183} INFO - Processing /home/airflow/.local/lib/python3.8/site-packages/airflow/example_dags/example_task_group_decorator.py took 0.063 seconds
[2025-08-02T03:00:50.532+0000] {processor.py:161} INFO - Started process (PID=530) to work on /home/airflow/.local/lib/python3.8/site-packages/airflow/example_dags/example_task_group_decorator.py
[2025-08-02T03:00:50.534+0000] {processor.py:830} INFO - Processing file /home/airflow/.local/lib/python3.8/site-packages/airflow/example_dags/example_task_group_decorator.py for tasks to queue
[2025-08-02T03:00:50.537+0000] {logging_mixin.py:188} INFO - [2025-08-02T03:00:50.537+0000] {dagbag.py:540} INFO - Filling up the DagBag from /home/airflow/.local/lib/python3.8/site-packages/airflow/example_dags/example_task_group_decorator.py
[2025-08-02T03:00:50.556+0000] {processor.py:840} INFO - DAG(s) 'example_task_group_decorator' retrieved from /home/airflow/.local/lib/python3.8/site-packages/airflow/example_dags/example_task_group_decorator.py
[2025-08-02T03:00:50.602+0000] {logging_mixin.py:188} INFO - [2025-08-02T03:00:50.602+0000] {dag.py:3047} INFO - Sync 1 DAGs
[2025-08-02T03:00:50.662+0000] {logging_mixin.py:188} INFO - [2025-08-02T03:00:50.662+0000] {dag.py:3834} INFO - Setting next_dagrun for example_task_group_decorator to 2025-08-01 00:00:00+00:00, run_after=2025-08-02 00:00:00+00:00
[2025-08-02T03:00:50.703+0000] {processor.py:183} INFO - Processing /home/airflow/.local/lib/python3.8/site-packages/airflow/example_dags/example_task_group_decorator.py took 0.178 seconds
[2025-08-02T03:01:21.320+0000] {processor.py:161} INFO - Started process (PID=586) to work on /home/airflow/.local/lib/python3.8/site-packages/airflow/example_dags/example_task_group_decorator.py
[2025-08-02T03:01:21.322+0000] {processor.py:830} INFO - Processing file /home/airflow/.local/lib/python3.8/site-packages/airflow/example_dags/example_task_group_decorator.py for tasks to queue
[2025-08-02T03:01:21.323+0000] {logging_mixin.py:188} INFO - [2025-08-02T03:01:21.323+0000] {dagbag.py:540} INFO - Filling up the DagBag from /home/airflow/.local/lib/python3.8/site-packages/airflow/example_dags/example_task_group_decorator.py
[2025-08-02T03:01:21.331+0000] {processor.py:840} INFO - DAG(s) 'example_task_group_decorator' retrieved from /home/airflow/.local/lib/python3.8/site-packages/airflow/example_dags/example_task_group_decorator.py
[2025-08-02T03:01:21.356+0000] {logging_mixin.py:188} INFO - [2025-08-02T03:01:21.356+0000] {dag.py:3047} INFO - Sync 1 DAGs
[2025-08-02T03:01:21.369+0000] {logging_mixin.py:188} INFO - [2025-08-02T03:01:21.369+0000] {dag.py:3834} INFO - Setting next_dagrun for example_task_group_decorator to 2025-08-01 00:00:00+00:00, run_after=2025-08-02 00:00:00+00:00
[2025-08-02T03:01:21.378+0000] {processor.py:183} INFO - Processing /home/airflow/.local/lib/python3.8/site-packages/airflow/example_dags/example_task_group_decorator.py took 0.064 seconds
[2025-08-02T03:01:52.309+0000] {processor.py:161} INFO - Started process (PID=642) to work on /home/airflow/.local/lib/python3.8/site-packages/airflow/example_dags/example_task_group_decorator.py
[2025-08-02T03:01:52.311+0000] {processor.py:830} INFO - Processing file /home/airflow/.local/lib/python3.8/site-packages/airflow/example_dags/example_task_group_decorator.py for tasks to queue
[2025-08-02T03:01:52.316+0000] {logging_mixin.py:188} INFO - [2025-08-02T03:01:52.315+0000] {dagbag.py:540} INFO - Filling up the DagBag from /home/airflow/.local/lib/python3.8/site-packages/airflow/example_dags/example_task_group_decorator.py
[2025-08-02T03:01:52.337+0000] {processor.py:840} INFO - DAG(s) 'example_task_group_decorator' retrieved from /home/airflow/.local/lib/python3.8/site-packages/airflow/example_dags/example_task_group_decorator.py
[2025-08-02T03:01:52.412+0000] {logging_mixin.py:188} INFO - [2025-08-02T03:01:52.411+0000] {dag.py:3047} INFO - Sync 1 DAGs
[2025-08-02T03:01:52.429+0000] {logging_mixin.py:188} INFO - [2025-08-02T03:01:52.429+0000] {dag.py:3834} INFO - Setting next_dagrun for example_task_group_decorator to 2025-08-01 00:00:00+00:00, run_after=2025-08-02 00:00:00+00:00
[2025-08-02T03:01:52.449+0000] {processor.py:183} INFO - Processing /home/airflow/.local/lib/python3.8/site-packages/airflow/example_dags/example_task_group_decorator.py took 0.147 seconds
[2025-08-02T03:02:22.982+0000] {processor.py:161} INFO - Started process (PID=698) to work on /home/airflow/.local/lib/python3.8/site-packages/airflow/example_dags/example_task_group_decorator.py
[2025-08-02T03:02:22.983+0000] {processor.py:830} INFO - Processing file /home/airflow/.local/lib/python3.8/site-packages/airflow/example_dags/example_task_group_decorator.py for tasks to queue
[2025-08-02T03:02:22.985+0000] {logging_mixin.py:188} INFO - [2025-08-02T03:02:22.985+0000] {dagbag.py:540} INFO - Filling up the DagBag from /home/airflow/.local/lib/python3.8/site-packages/airflow/example_dags/example_task_group_decorator.py
[2025-08-02T03:02:23.002+0000] {processor.py:840} INFO - DAG(s) 'example_task_group_decorator' retrieved from /home/airflow/.local/lib/python3.8/site-packages/airflow/example_dags/example_task_group_decorator.py
[2025-08-02T03:02:23.029+0000] {logging_mixin.py:188} INFO - [2025-08-02T03:02:23.029+0000] {dag.py:3047} INFO - Sync 1 DAGs
[2025-08-02T03:02:23.072+0000] {logging_mixin.py:188} INFO - [2025-08-02T03:02:23.072+0000] {dag.py:3834} INFO - Setting next_dagrun for example_task_group_decorator to 2025-08-01 00:00:00+00:00, run_after=2025-08-02 00:00:00+00:00
[2025-08-02T03:02:23.104+0000] {processor.py:183} INFO - Processing /home/airflow/.local/lib/python3.8/site-packages/airflow/example_dags/example_task_group_decorator.py took 0.126 seconds
[2025-08-02T03:02:54.165+0000] {processor.py:161} INFO - Started process (PID=754) to work on /home/airflow/.local/lib/python3.8/site-packages/airflow/example_dags/example_task_group_decorator.py
[2025-08-02T03:02:54.182+0000] {processor.py:830} INFO - Processing file /home/airflow/.local/lib/python3.8/site-packages/airflow/example_dags/example_task_group_decorator.py for tasks to queue
[2025-08-02T03:02:54.215+0000] {logging_mixin.py:188} INFO - [2025-08-02T03:02:54.212+0000] {dagbag.py:540} INFO - Filling up the DagBag from /home/airflow/.local/lib/python3.8/site-packages/airflow/example_dags/example_task_group_decorator.py
[2025-08-02T03:02:54.325+0000] {processor.py:840} INFO - DAG(s) 'example_task_group_decorator' retrieved from /home/airflow/.local/lib/python3.8/site-packages/airflow/example_dags/example_task_group_decorator.py
[2025-08-02T03:02:54.444+0000] {logging_mixin.py:188} INFO - [2025-08-02T03:02:54.443+0000] {dag.py:3047} INFO - Sync 1 DAGs
[2025-08-02T03:02:54.525+0000] {logging_mixin.py:188} INFO - [2025-08-02T03:02:54.524+0000] {dag.py:3834} INFO - Setting next_dagrun for example_task_group_decorator to 2025-08-01 00:00:00+00:00, run_after=2025-08-02 00:00:00+00:00
[2025-08-02T03:02:54.567+0000] {processor.py:183} INFO - Processing /home/airflow/.local/lib/python3.8/site-packages/airflow/example_dags/example_task_group_decorator.py took 0.415 seconds
[2025-08-02T03:03:24.964+0000] {processor.py:161} INFO - Started process (PID=810) to work on /home/airflow/.local/lib/python3.8/site-packages/airflow/example_dags/example_task_group_decorator.py
[2025-08-02T03:03:24.966+0000] {processor.py:830} INFO - Processing file /home/airflow/.local/lib/python3.8/site-packages/airflow/example_dags/example_task_group_decorator.py for tasks to queue
[2025-08-02T03:03:24.967+0000] {logging_mixin.py:188} INFO - [2025-08-02T03:03:24.967+0000] {dagbag.py:540} INFO - Filling up the DagBag from /home/airflow/.local/lib/python3.8/site-packages/airflow/example_dags/example_task_group_decorator.py
[2025-08-02T03:03:24.976+0000] {processor.py:840} INFO - DAG(s) 'example_task_group_decorator' retrieved from /home/airflow/.local/lib/python3.8/site-packages/airflow/example_dags/example_task_group_decorator.py
[2025-08-02T03:03:25.015+0000] {logging_mixin.py:188} INFO - [2025-08-02T03:03:25.014+0000] {dag.py:3047} INFO - Sync 1 DAGs
[2025-08-02T03:03:25.028+0000] {logging_mixin.py:188} INFO - [2025-08-02T03:03:25.028+0000] {dag.py:3834} INFO - Setting next_dagrun for example_task_group_decorator to 2025-08-01 00:00:00+00:00, run_after=2025-08-02 00:00:00+00:00
[2025-08-02T03:03:25.038+0000] {processor.py:183} INFO - Processing /home/airflow/.local/lib/python3.8/site-packages/airflow/example_dags/example_task_group_decorator.py took 0.079 seconds
[2025-08-02T03:03:55.817+0000] {processor.py:161} INFO - Started process (PID=866) to work on /home/airflow/.local/lib/python3.8/site-packages/airflow/example_dags/example_task_group_decorator.py
[2025-08-02T03:03:55.819+0000] {processor.py:830} INFO - Processing file /home/airflow/.local/lib/python3.8/site-packages/airflow/example_dags/example_task_group_decorator.py for tasks to queue
[2025-08-02T03:03:55.822+0000] {logging_mixin.py:188} INFO - [2025-08-02T03:03:55.822+0000] {dagbag.py:540} INFO - Filling up the DagBag from /home/airflow/.local/lib/python3.8/site-packages/airflow/example_dags/example_task_group_decorator.py
[2025-08-02T03:03:55.836+0000] {processor.py:840} INFO - DAG(s) 'example_task_group_decorator' retrieved from /home/airflow/.local/lib/python3.8/site-packages/airflow/example_dags/example_task_group_decorator.py
[2025-08-02T03:03:55.868+0000] {logging_mixin.py:188} INFO - [2025-08-02T03:03:55.867+0000] {dag.py:3047} INFO - Sync 1 DAGs
[2025-08-02T03:03:55.894+0000] {logging_mixin.py:188} INFO - [2025-08-02T03:03:55.894+0000] {dag.py:3834} INFO - Setting next_dagrun for example_task_group_decorator to 2025-08-01 00:00:00+00:00, run_after=2025-08-02 00:00:00+00:00
[2025-08-02T03:03:55.942+0000] {processor.py:183} INFO - Processing /home/airflow/.local/lib/python3.8/site-packages/airflow/example_dags/example_task_group_decorator.py took 0.141 seconds
[2025-08-02T03:04:26.174+0000] {processor.py:161} INFO - Started process (PID=922) to work on /home/airflow/.local/lib/python3.8/site-packages/airflow/example_dags/example_task_group_decorator.py
[2025-08-02T03:04:26.175+0000] {processor.py:830} INFO - Processing file /home/airflow/.local/lib/python3.8/site-packages/airflow/example_dags/example_task_group_decorator.py for tasks to queue
[2025-08-02T03:04:26.177+0000] {logging_mixin.py:188} INFO - [2025-08-02T03:04:26.176+0000] {dagbag.py:540} INFO - Filling up the DagBag from /home/airflow/.local/lib/python3.8/site-packages/airflow/example_dags/example_task_group_decorator.py
[2025-08-02T03:04:26.184+0000] {processor.py:840} INFO - DAG(s) 'example_task_group_decorator' retrieved from /home/airflow/.local/lib/python3.8/site-packages/airflow/example_dags/example_task_group_decorator.py
[2025-08-02T03:04:26.199+0000] {logging_mixin.py:188} INFO - [2025-08-02T03:04:26.199+0000] {dag.py:3047} INFO - Sync 1 DAGs
[2025-08-02T03:04:26.209+0000] {logging_mixin.py:188} INFO - [2025-08-02T03:04:26.209+0000] {dag.py:3834} INFO - Setting next_dagrun for example_task_group_decorator to 2025-08-01 00:00:00+00:00, run_after=2025-08-02 00:00:00+00:00
[2025-08-02T03:04:26.223+0000] {processor.py:183} INFO - Processing /home/airflow/.local/lib/python3.8/site-packages/airflow/example_dags/example_task_group_decorator.py took 0.050 seconds
[2025-08-02T03:04:56.490+0000] {processor.py:161} INFO - Started process (PID=979) to work on /home/airflow/.local/lib/python3.8/site-packages/airflow/example_dags/example_task_group_decorator.py
[2025-08-02T03:04:56.492+0000] {processor.py:830} INFO - Processing file /home/airflow/.local/lib/python3.8/site-packages/airflow/example_dags/example_task_group_decorator.py for tasks to queue
[2025-08-02T03:04:56.495+0000] {logging_mixin.py:188} INFO - [2025-08-02T03:04:56.494+0000] {dagbag.py:540} INFO - Filling up the DagBag from /home/airflow/.local/lib/python3.8/site-packages/airflow/example_dags/example_task_group_decorator.py
[2025-08-02T03:04:56.539+0000] {processor.py:840} INFO - DAG(s) 'example_task_group_decorator' retrieved from /home/airflow/.local/lib/python3.8/site-packages/airflow/example_dags/example_task_group_decorator.py
[2025-08-02T03:04:56.580+0000] {logging_mixin.py:188} INFO - [2025-08-02T03:04:56.580+0000] {dag.py:3047} INFO - Sync 1 DAGs
[2025-08-02T03:04:56.595+0000] {logging_mixin.py:188} INFO - [2025-08-02T03:04:56.595+0000] {dag.py:3834} INFO - Setting next_dagrun for example_task_group_decorator to 2025-08-01 00:00:00+00:00, run_after=2025-08-02 00:00:00+00:00
[2025-08-02T03:04:56.617+0000] {processor.py:183} INFO - Processing /home/airflow/.local/lib/python3.8/site-packages/airflow/example_dags/example_task_group_decorator.py took 0.131 seconds
[2025-08-02T03:05:28.682+0000] {processor.py:161} INFO - Started process (PID=1035) to work on /home/airflow/.local/lib/python3.8/site-packages/airflow/example_dags/example_task_group_decorator.py
[2025-08-02T03:05:28.683+0000] {processor.py:830} INFO - Processing file /home/airflow/.local/lib/python3.8/site-packages/airflow/example_dags/example_task_group_decorator.py for tasks to queue
[2025-08-02T03:05:28.684+0000] {logging_mixin.py:188} INFO - [2025-08-02T03:05:28.684+0000] {dagbag.py:540} INFO - Filling up the DagBag from /home/airflow/.local/lib/python3.8/site-packages/airflow/example_dags/example_task_group_decorator.py
[2025-08-02T03:05:28.694+0000] {processor.py:840} INFO - DAG(s) 'example_task_group_decorator' retrieved from /home/airflow/.local/lib/python3.8/site-packages/airflow/example_dags/example_task_group_decorator.py
[2025-08-02T03:05:28.725+0000] {logging_mixin.py:188} INFO - [2025-08-02T03:05:28.725+0000] {dag.py:3047} INFO - Sync 1 DAGs
[2025-08-02T03:05:28.742+0000] {logging_mixin.py:188} INFO - [2025-08-02T03:05:28.742+0000] {dag.py:3834} INFO - Setting next_dagrun for example_task_group_decorator to 2025-08-01 00:00:00+00:00, run_after=2025-08-02 00:00:00+00:00
[2025-08-02T03:05:28.764+0000] {processor.py:183} INFO - Processing /home/airflow/.local/lib/python3.8/site-packages/airflow/example_dags/example_task_group_decorator.py took 0.084 seconds
[2025-08-02T03:05:59.244+0000] {processor.py:161} INFO - Started process (PID=1091) to work on /home/airflow/.local/lib/python3.8/site-packages/airflow/example_dags/example_task_group_decorator.py
[2025-08-02T03:05:59.245+0000] {processor.py:830} INFO - Processing file /home/airflow/.local/lib/python3.8/site-packages/airflow/example_dags/example_task_group_decorator.py for tasks to queue
[2025-08-02T03:05:59.246+0000] {logging_mixin.py:188} INFO - [2025-08-02T03:05:59.246+0000] {dagbag.py:540} INFO - Filling up the DagBag from /home/airflow/.local/lib/python3.8/site-packages/airflow/example_dags/example_task_group_decorator.py
[2025-08-02T03:05:59.254+0000] {processor.py:840} INFO - DAG(s) 'example_task_group_decorator' retrieved from /home/airflow/.local/lib/python3.8/site-packages/airflow/example_dags/example_task_group_decorator.py
[2025-08-02T03:05:59.266+0000] {logging_mixin.py:188} INFO - [2025-08-02T03:05:59.266+0000] {dag.py:3047} INFO - Sync 1 DAGs
[2025-08-02T03:05:59.277+0000] {logging_mixin.py:188} INFO - [2025-08-02T03:05:59.277+0000] {dag.py:3834} INFO - Setting next_dagrun for example_task_group_decorator to 2025-08-01 00:00:00+00:00, run_after=2025-08-02 00:00:00+00:00
[2025-08-02T03:05:59.286+0000] {processor.py:183} INFO - Processing /home/airflow/.local/lib/python3.8/site-packages/airflow/example_dags/example_task_group_decorator.py took 0.044 seconds
[2025-08-02T03:06:36.926+0000] {processor.py:161} INFO - Started process (PID=1147) to work on /home/airflow/.local/lib/python3.8/site-packages/airflow/example_dags/example_task_group_decorator.py
[2025-08-02T03:06:36.928+0000] {processor.py:830} INFO - Processing file /home/airflow/.local/lib/python3.8/site-packages/airflow/example_dags/example_task_group_decorator.py for tasks to queue
[2025-08-02T03:06:36.931+0000] {logging_mixin.py:188} INFO - [2025-08-02T03:06:36.930+0000] {dagbag.py:540} INFO - Filling up the DagBag from /home/airflow/.local/lib/python3.8/site-packages/airflow/example_dags/example_task_group_decorator.py
[2025-08-02T03:06:36.942+0000] {processor.py:840} INFO - DAG(s) 'example_task_group_decorator' retrieved from /home/airflow/.local/lib/python3.8/site-packages/airflow/example_dags/example_task_group_decorator.py
[2025-08-02T03:06:37.032+0000] {logging_mixin.py:188} INFO - [2025-08-02T03:06:37.032+0000] {dag.py:3047} INFO - Sync 1 DAGs
[2025-08-02T03:06:37.092+0000] {logging_mixin.py:188} INFO - [2025-08-02T03:06:37.091+0000] {dag.py:3834} INFO - Setting next_dagrun for example_task_group_decorator to 2025-08-01 00:00:00+00:00, run_after=2025-08-02 00:00:00+00:00
[2025-08-02T03:06:37.157+0000] {processor.py:183} INFO - Processing /home/airflow/.local/lib/python3.8/site-packages/airflow/example_dags/example_task_group_decorator.py took 0.242 seconds
[2025-08-02T03:07:10.641+0000] {processor.py:161} INFO - Started process (PID=1203) to work on /home/airflow/.local/lib/python3.8/site-packages/airflow/example_dags/example_task_group_decorator.py
[2025-08-02T03:07:10.642+0000] {processor.py:830} INFO - Processing file /home/airflow/.local/lib/python3.8/site-packages/airflow/example_dags/example_task_group_decorator.py for tasks to queue
[2025-08-02T03:07:10.645+0000] {logging_mixin.py:188} INFO - [2025-08-02T03:07:10.645+0000] {dagbag.py:540} INFO - Filling up the DagBag from /home/airflow/.local/lib/python3.8/site-packages/airflow/example_dags/example_task_group_decorator.py
[2025-08-02T03:07:10.674+0000] {processor.py:840} INFO - DAG(s) 'example_task_group_decorator' retrieved from /home/airflow/.local/lib/python3.8/site-packages/airflow/example_dags/example_task_group_decorator.py
[2025-08-02T03:07:10.705+0000] {logging_mixin.py:188} INFO - [2025-08-02T03:07:10.705+0000] {dag.py:3047} INFO - Sync 1 DAGs
[2025-08-02T03:07:10.744+0000] {logging_mixin.py:188} INFO - [2025-08-02T03:07:10.743+0000] {dag.py:3834} INFO - Setting next_dagrun for example_task_group_decorator to 2025-08-01 00:00:00+00:00, run_after=2025-08-02 00:00:00+00:00
[2025-08-02T03:07:10.785+0000] {processor.py:183} INFO - Processing /home/airflow/.local/lib/python3.8/site-packages/airflow/example_dags/example_task_group_decorator.py took 0.149 seconds
[2025-08-02T03:07:41.849+0000] {processor.py:161} INFO - Started process (PID=1259) to work on /home/airflow/.local/lib/python3.8/site-packages/airflow/example_dags/example_task_group_decorator.py
[2025-08-02T03:07:41.856+0000] {processor.py:830} INFO - Processing file /home/airflow/.local/lib/python3.8/site-packages/airflow/example_dags/example_task_group_decorator.py for tasks to queue
[2025-08-02T03:07:41.861+0000] {logging_mixin.py:188} INFO - [2025-08-02T03:07:41.860+0000] {dagbag.py:540} INFO - Filling up the DagBag from /home/airflow/.local/lib/python3.8/site-packages/airflow/example_dags/example_task_group_decorator.py
[2025-08-02T03:07:41.926+0000] {processor.py:840} INFO - DAG(s) 'example_task_group_decorator' retrieved from /home/airflow/.local/lib/python3.8/site-packages/airflow/example_dags/example_task_group_decorator.py
[2025-08-02T03:07:41.972+0000] {logging_mixin.py:188} INFO - [2025-08-02T03:07:41.972+0000] {dag.py:3047} INFO - Sync 1 DAGs
[2025-08-02T03:07:42.005+0000] {logging_mixin.py:188} INFO - [2025-08-02T03:07:42.005+0000] {dag.py:3834} INFO - Setting next_dagrun for example_task_group_decorator to 2025-08-01 00:00:00+00:00, run_after=2025-08-02 00:00:00+00:00
[2025-08-02T03:07:42.044+0000] {processor.py:183} INFO - Processing /home/airflow/.local/lib/python3.8/site-packages/airflow/example_dags/example_task_group_decorator.py took 0.206 seconds
[2025-08-02T03:09:03.536+0000] {processor.py:161} INFO - Started process (PID=92) to work on /home/airflow/.local/lib/python3.8/site-packages/airflow/example_dags/example_task_group_decorator.py
[2025-08-02T03:09:03.544+0000] {processor.py:830} INFO - Processing file /home/airflow/.local/lib/python3.8/site-packages/airflow/example_dags/example_task_group_decorator.py for tasks to queue
[2025-08-02T03:09:03.546+0000] {logging_mixin.py:188} INFO - [2025-08-02T03:09:03.546+0000] {dagbag.py:540} INFO - Filling up the DagBag from /home/airflow/.local/lib/python3.8/site-packages/airflow/example_dags/example_task_group_decorator.py
[2025-08-02T03:09:03.602+0000] {processor.py:840} INFO - DAG(s) 'example_task_group_decorator' retrieved from /home/airflow/.local/lib/python3.8/site-packages/airflow/example_dags/example_task_group_decorator.py
[2025-08-02T03:09:03.846+0000] {logging_mixin.py:188} INFO - [2025-08-02T03:09:03.846+0000] {dag.py:3047} INFO - Sync 1 DAGs
[2025-08-02T03:09:03.890+0000] {logging_mixin.py:188} INFO - [2025-08-02T03:09:03.889+0000] {dag.py:3834} INFO - Setting next_dagrun for example_task_group_decorator to 2025-08-01 00:00:00+00:00, run_after=2025-08-02 00:00:00+00:00
[2025-08-02T03:09:03.945+0000] {processor.py:183} INFO - Processing /home/airflow/.local/lib/python3.8/site-packages/airflow/example_dags/example_task_group_decorator.py took 0.447 seconds
[2025-08-02T03:09:34.038+0000] {processor.py:161} INFO - Started process (PID=148) to work on /home/airflow/.local/lib/python3.8/site-packages/airflow/example_dags/example_task_group_decorator.py
[2025-08-02T03:09:34.040+0000] {processor.py:830} INFO - Processing file /home/airflow/.local/lib/python3.8/site-packages/airflow/example_dags/example_task_group_decorator.py for tasks to queue
[2025-08-02T03:09:34.041+0000] {logging_mixin.py:188} INFO - [2025-08-02T03:09:34.040+0000] {dagbag.py:540} INFO - Filling up the DagBag from /home/airflow/.local/lib/python3.8/site-packages/airflow/example_dags/example_task_group_decorator.py
[2025-08-02T03:09:34.050+0000] {processor.py:840} INFO - DAG(s) 'example_task_group_decorator' retrieved from /home/airflow/.local/lib/python3.8/site-packages/airflow/example_dags/example_task_group_decorator.py
[2025-08-02T03:09:34.065+0000] {logging_mixin.py:188} INFO - [2025-08-02T03:09:34.064+0000] {dag.py:3047} INFO - Sync 1 DAGs
[2025-08-02T03:09:34.076+0000] {logging_mixin.py:188} INFO - [2025-08-02T03:09:34.076+0000] {dag.py:3834} INFO - Setting next_dagrun for example_task_group_decorator to 2025-08-01 00:00:00+00:00, run_after=2025-08-02 00:00:00+00:00
[2025-08-02T03:09:34.088+0000] {processor.py:183} INFO - Processing /home/airflow/.local/lib/python3.8/site-packages/airflow/example_dags/example_task_group_decorator.py took 0.056 seconds
[2025-08-02T03:10:06.717+0000] {processor.py:161} INFO - Started process (PID=203) to work on /home/airflow/.local/lib/python3.8/site-packages/airflow/example_dags/example_task_group_decorator.py
[2025-08-02T03:10:06.719+0000] {processor.py:830} INFO - Processing file /home/airflow/.local/lib/python3.8/site-packages/airflow/example_dags/example_task_group_decorator.py for tasks to queue
[2025-08-02T03:10:06.722+0000] {logging_mixin.py:188} INFO - [2025-08-02T03:10:06.722+0000] {dagbag.py:540} INFO - Filling up the DagBag from /home/airflow/.local/lib/python3.8/site-packages/airflow/example_dags/example_task_group_decorator.py
[2025-08-02T03:10:06.758+0000] {processor.py:840} INFO - DAG(s) 'example_task_group_decorator' retrieved from /home/airflow/.local/lib/python3.8/site-packages/airflow/example_dags/example_task_group_decorator.py
[2025-08-02T03:10:06.789+0000] {logging_mixin.py:188} INFO - [2025-08-02T03:10:06.789+0000] {dag.py:3047} INFO - Sync 1 DAGs
[2025-08-02T03:10:06.858+0000] {logging_mixin.py:188} INFO - [2025-08-02T03:10:06.858+0000] {dag.py:3834} INFO - Setting next_dagrun for example_task_group_decorator to 2025-08-01 00:00:00+00:00, run_after=2025-08-02 00:00:00+00:00
[2025-08-02T03:10:06.902+0000] {processor.py:183} INFO - Processing /home/airflow/.local/lib/python3.8/site-packages/airflow/example_dags/example_task_group_decorator.py took 0.190 seconds
[2025-08-02T03:10:37.451+0000] {processor.py:161} INFO - Started process (PID=259) to work on /home/airflow/.local/lib/python3.8/site-packages/airflow/example_dags/example_task_group_decorator.py
[2025-08-02T03:10:37.453+0000] {processor.py:830} INFO - Processing file /home/airflow/.local/lib/python3.8/site-packages/airflow/example_dags/example_task_group_decorator.py for tasks to queue
[2025-08-02T03:10:37.455+0000] {logging_mixin.py:188} INFO - [2025-08-02T03:10:37.455+0000] {dagbag.py:540} INFO - Filling up the DagBag from /home/airflow/.local/lib/python3.8/site-packages/airflow/example_dags/example_task_group_decorator.py
[2025-08-02T03:10:37.476+0000] {processor.py:840} INFO - DAG(s) 'example_task_group_decorator' retrieved from /home/airflow/.local/lib/python3.8/site-packages/airflow/example_dags/example_task_group_decorator.py
[2025-08-02T03:10:37.517+0000] {logging_mixin.py:188} INFO - [2025-08-02T03:10:37.517+0000] {dag.py:3047} INFO - Sync 1 DAGs
[2025-08-02T03:10:37.541+0000] {logging_mixin.py:188} INFO - [2025-08-02T03:10:37.541+0000] {dag.py:3834} INFO - Setting next_dagrun for example_task_group_decorator to 2025-08-01 00:00:00+00:00, run_after=2025-08-02 00:00:00+00:00
[2025-08-02T03:10:37.565+0000] {processor.py:183} INFO - Processing /home/airflow/.local/lib/python3.8/site-packages/airflow/example_dags/example_task_group_decorator.py took 0.121 seconds
[2025-08-02T03:11:08.203+0000] {processor.py:161} INFO - Started process (PID=315) to work on /home/airflow/.local/lib/python3.8/site-packages/airflow/example_dags/example_task_group_decorator.py
[2025-08-02T03:11:08.204+0000] {processor.py:830} INFO - Processing file /home/airflow/.local/lib/python3.8/site-packages/airflow/example_dags/example_task_group_decorator.py for tasks to queue
[2025-08-02T03:11:08.207+0000] {logging_mixin.py:188} INFO - [2025-08-02T03:11:08.207+0000] {dagbag.py:540} INFO - Filling up the DagBag from /home/airflow/.local/lib/python3.8/site-packages/airflow/example_dags/example_task_group_decorator.py
[2025-08-02T03:11:08.221+0000] {processor.py:840} INFO - DAG(s) 'example_task_group_decorator' retrieved from /home/airflow/.local/lib/python3.8/site-packages/airflow/example_dags/example_task_group_decorator.py
[2025-08-02T03:11:08.252+0000] {logging_mixin.py:188} INFO - [2025-08-02T03:11:08.252+0000] {dag.py:3047} INFO - Sync 1 DAGs
[2025-08-02T03:11:08.279+0000] {logging_mixin.py:188} INFO - [2025-08-02T03:11:08.279+0000] {dag.py:3834} INFO - Setting next_dagrun for example_task_group_decorator to 2025-08-01 00:00:00+00:00, run_after=2025-08-02 00:00:00+00:00
[2025-08-02T03:11:08.337+0000] {processor.py:183} INFO - Processing /home/airflow/.local/lib/python3.8/site-packages/airflow/example_dags/example_task_group_decorator.py took 0.139 seconds
[2025-08-02T03:11:38.410+0000] {processor.py:161} INFO - Started process (PID=371) to work on /home/airflow/.local/lib/python3.8/site-packages/airflow/example_dags/example_task_group_decorator.py
[2025-08-02T03:11:38.410+0000] {processor.py:830} INFO - Processing file /home/airflow/.local/lib/python3.8/site-packages/airflow/example_dags/example_task_group_decorator.py for tasks to queue
[2025-08-02T03:11:38.411+0000] {logging_mixin.py:188} INFO - [2025-08-02T03:11:38.411+0000] {dagbag.py:540} INFO - Filling up the DagBag from /home/airflow/.local/lib/python3.8/site-packages/airflow/example_dags/example_task_group_decorator.py
[2025-08-02T03:11:38.418+0000] {processor.py:840} INFO - DAG(s) 'example_task_group_decorator' retrieved from /home/airflow/.local/lib/python3.8/site-packages/airflow/example_dags/example_task_group_decorator.py
[2025-08-02T03:11:38.432+0000] {logging_mixin.py:188} INFO - [2025-08-02T03:11:38.432+0000] {dag.py:3047} INFO - Sync 1 DAGs
[2025-08-02T03:11:38.443+0000] {logging_mixin.py:188} INFO - [2025-08-02T03:11:38.443+0000] {dag.py:3834} INFO - Setting next_dagrun for example_task_group_decorator to 2025-08-01 00:00:00+00:00, run_after=2025-08-02 00:00:00+00:00
[2025-08-02T03:11:38.453+0000] {processor.py:183} INFO - Processing /home/airflow/.local/lib/python3.8/site-packages/airflow/example_dags/example_task_group_decorator.py took 0.045 seconds
[2025-08-02T03:12:09.025+0000] {processor.py:161} INFO - Started process (PID=427) to work on /home/airflow/.local/lib/python3.8/site-packages/airflow/example_dags/example_task_group_decorator.py
[2025-08-02T03:12:09.027+0000] {processor.py:830} INFO - Processing file /home/airflow/.local/lib/python3.8/site-packages/airflow/example_dags/example_task_group_decorator.py for tasks to queue
[2025-08-02T03:12:09.028+0000] {logging_mixin.py:188} INFO - [2025-08-02T03:12:09.028+0000] {dagbag.py:540} INFO - Filling up the DagBag from /home/airflow/.local/lib/python3.8/site-packages/airflow/example_dags/example_task_group_decorator.py
[2025-08-02T03:12:09.037+0000] {processor.py:840} INFO - DAG(s) 'example_task_group_decorator' retrieved from /home/airflow/.local/lib/python3.8/site-packages/airflow/example_dags/example_task_group_decorator.py
[2025-08-02T03:12:09.052+0000] {logging_mixin.py:188} INFO - [2025-08-02T03:12:09.052+0000] {dag.py:3047} INFO - Sync 1 DAGs
[2025-08-02T03:12:09.073+0000] {logging_mixin.py:188} INFO - [2025-08-02T03:12:09.073+0000] {dag.py:3834} INFO - Setting next_dagrun for example_task_group_decorator to 2025-08-01 00:00:00+00:00, run_after=2025-08-02 00:00:00+00:00
[2025-08-02T03:12:09.085+0000] {processor.py:183} INFO - Processing /home/airflow/.local/lib/python3.8/site-packages/airflow/example_dags/example_task_group_decorator.py took 0.063 seconds
[2025-08-02T03:12:40.147+0000] {processor.py:161} INFO - Started process (PID=483) to work on /home/airflow/.local/lib/python3.8/site-packages/airflow/example_dags/example_task_group_decorator.py
[2025-08-02T03:12:40.149+0000] {processor.py:830} INFO - Processing file /home/airflow/.local/lib/python3.8/site-packages/airflow/example_dags/example_task_group_decorator.py for tasks to queue
[2025-08-02T03:12:40.150+0000] {logging_mixin.py:188} INFO - [2025-08-02T03:12:40.150+0000] {dagbag.py:540} INFO - Filling up the DagBag from /home/airflow/.local/lib/python3.8/site-packages/airflow/example_dags/example_task_group_decorator.py
[2025-08-02T03:12:40.158+0000] {processor.py:840} INFO - DAG(s) 'example_task_group_decorator' retrieved from /home/airflow/.local/lib/python3.8/site-packages/airflow/example_dags/example_task_group_decorator.py
[2025-08-02T03:12:40.180+0000] {logging_mixin.py:188} INFO - [2025-08-02T03:12:40.179+0000] {dag.py:3047} INFO - Sync 1 DAGs
[2025-08-02T03:12:40.194+0000] {logging_mixin.py:188} INFO - [2025-08-02T03:12:40.194+0000] {dag.py:3834} INFO - Setting next_dagrun for example_task_group_decorator to 2025-08-01 00:00:00+00:00, run_after=2025-08-02 00:00:00+00:00
[2025-08-02T03:12:40.203+0000] {processor.py:183} INFO - Processing /home/airflow/.local/lib/python3.8/site-packages/airflow/example_dags/example_task_group_decorator.py took 0.059 seconds
[2025-08-02T03:13:11.098+0000] {processor.py:161} INFO - Started process (PID=539) to work on /home/airflow/.local/lib/python3.8/site-packages/airflow/example_dags/example_task_group_decorator.py
[2025-08-02T03:13:11.099+0000] {processor.py:830} INFO - Processing file /home/airflow/.local/lib/python3.8/site-packages/airflow/example_dags/example_task_group_decorator.py for tasks to queue
[2025-08-02T03:13:11.100+0000] {logging_mixin.py:188} INFO - [2025-08-02T03:13:11.099+0000] {dagbag.py:540} INFO - Filling up the DagBag from /home/airflow/.local/lib/python3.8/site-packages/airflow/example_dags/example_task_group_decorator.py
[2025-08-02T03:13:11.107+0000] {processor.py:840} INFO - DAG(s) 'example_task_group_decorator' retrieved from /home/airflow/.local/lib/python3.8/site-packages/airflow/example_dags/example_task_group_decorator.py
[2025-08-02T03:13:11.122+0000] {logging_mixin.py:188} INFO - [2025-08-02T03:13:11.122+0000] {dag.py:3047} INFO - Sync 1 DAGs
[2025-08-02T03:13:11.132+0000] {logging_mixin.py:188} INFO - [2025-08-02T03:13:11.132+0000] {dag.py:3834} INFO - Setting next_dagrun for example_task_group_decorator to 2025-08-01 00:00:00+00:00, run_after=2025-08-02 00:00:00+00:00
[2025-08-02T03:13:11.140+0000] {processor.py:183} INFO - Processing /home/airflow/.local/lib/python3.8/site-packages/airflow/example_dags/example_task_group_decorator.py took 0.044 seconds
[2025-08-02T03:13:41.805+0000] {processor.py:161} INFO - Started process (PID=595) to work on /home/airflow/.local/lib/python3.8/site-packages/airflow/example_dags/example_task_group_decorator.py
[2025-08-02T03:13:41.808+0000] {processor.py:830} INFO - Processing file /home/airflow/.local/lib/python3.8/site-packages/airflow/example_dags/example_task_group_decorator.py for tasks to queue
[2025-08-02T03:13:41.810+0000] {logging_mixin.py:188} INFO - [2025-08-02T03:13:41.810+0000] {dagbag.py:540} INFO - Filling up the DagBag from /home/airflow/.local/lib/python3.8/site-packages/airflow/example_dags/example_task_group_decorator.py
[2025-08-02T03:13:41.821+0000] {processor.py:840} INFO - DAG(s) 'example_task_group_decorator' retrieved from /home/airflow/.local/lib/python3.8/site-packages/airflow/example_dags/example_task_group_decorator.py
[2025-08-02T03:13:41.839+0000] {logging_mixin.py:188} INFO - [2025-08-02T03:13:41.838+0000] {dag.py:3047} INFO - Sync 1 DAGs
[2025-08-02T03:13:41.854+0000] {logging_mixin.py:188} INFO - [2025-08-02T03:13:41.853+0000] {dag.py:3834} INFO - Setting next_dagrun for example_task_group_decorator to 2025-08-01 00:00:00+00:00, run_after=2025-08-02 00:00:00+00:00
[2025-08-02T03:13:41.871+0000] {processor.py:183} INFO - Processing /home/airflow/.local/lib/python3.8/site-packages/airflow/example_dags/example_task_group_decorator.py took 0.070 seconds
[2025-08-02T03:14:11.926+0000] {processor.py:161} INFO - Started process (PID=651) to work on /home/airflow/.local/lib/python3.8/site-packages/airflow/example_dags/example_task_group_decorator.py
[2025-08-02T03:14:11.928+0000] {processor.py:830} INFO - Processing file /home/airflow/.local/lib/python3.8/site-packages/airflow/example_dags/example_task_group_decorator.py for tasks to queue
[2025-08-02T03:14:11.931+0000] {logging_mixin.py:188} INFO - [2025-08-02T03:14:11.931+0000] {dagbag.py:540} INFO - Filling up the DagBag from /home/airflow/.local/lib/python3.8/site-packages/airflow/example_dags/example_task_group_decorator.py
[2025-08-02T03:14:11.942+0000] {processor.py:840} INFO - DAG(s) 'example_task_group_decorator' retrieved from /home/airflow/.local/lib/python3.8/site-packages/airflow/example_dags/example_task_group_decorator.py
[2025-08-02T03:14:11.964+0000] {logging_mixin.py:188} INFO - [2025-08-02T03:14:11.964+0000] {dag.py:3047} INFO - Sync 1 DAGs
[2025-08-02T03:14:11.980+0000] {logging_mixin.py:188} INFO - [2025-08-02T03:14:11.980+0000] {dag.py:3834} INFO - Setting next_dagrun for example_task_group_decorator to 2025-08-01 00:00:00+00:00, run_after=2025-08-02 00:00:00+00:00
[2025-08-02T03:14:11.995+0000] {processor.py:183} INFO - Processing /home/airflow/.local/lib/python3.8/site-packages/airflow/example_dags/example_task_group_decorator.py took 0.072 seconds
[2025-08-02T03:14:42.611+0000] {processor.py:161} INFO - Started process (PID=707) to work on /home/airflow/.local/lib/python3.8/site-packages/airflow/example_dags/example_task_group_decorator.py
[2025-08-02T03:14:42.614+0000] {processor.py:830} INFO - Processing file /home/airflow/.local/lib/python3.8/site-packages/airflow/example_dags/example_task_group_decorator.py for tasks to queue
[2025-08-02T03:14:42.617+0000] {logging_mixin.py:188} INFO - [2025-08-02T03:14:42.616+0000] {dagbag.py:540} INFO - Filling up the DagBag from /home/airflow/.local/lib/python3.8/site-packages/airflow/example_dags/example_task_group_decorator.py
[2025-08-02T03:14:42.625+0000] {processor.py:840} INFO - DAG(s) 'example_task_group_decorator' retrieved from /home/airflow/.local/lib/python3.8/site-packages/airflow/example_dags/example_task_group_decorator.py
[2025-08-02T03:14:42.643+0000] {logging_mixin.py:188} INFO - [2025-08-02T03:14:42.642+0000] {dag.py:3047} INFO - Sync 1 DAGs
[2025-08-02T03:14:42.661+0000] {logging_mixin.py:188} INFO - [2025-08-02T03:14:42.661+0000] {dag.py:3834} INFO - Setting next_dagrun for example_task_group_decorator to 2025-08-01 00:00:00+00:00, run_after=2025-08-02 00:00:00+00:00
[2025-08-02T03:14:42.678+0000] {processor.py:183} INFO - Processing /home/airflow/.local/lib/python3.8/site-packages/airflow/example_dags/example_task_group_decorator.py took 0.070 seconds
