[2025-08-02T01:42:43.114+0000] {processor.py:161} INFO - Started process (PID=85) to work on /home/airflow/.local/lib/python3.8/site-packages/airflow/example_dags/example_latest_only_with_trigger.py
[2025-08-02T01:42:43.115+0000] {processor.py:830} INFO - Processing file /home/airflow/.local/lib/python3.8/site-packages/airflow/example_dags/example_latest_only_with_trigger.py for tasks to queue
[2025-08-02T01:42:43.121+0000] {logging_mixin.py:188} INFO - [2025-08-02T01:42:43.121+0000] {dagbag.py:540} INFO - Filling up the DagBag from /home/airflow/.local/lib/python3.8/site-packages/airflow/example_dags/example_latest_only_with_trigger.py
[2025-08-02T01:42:43.135+0000] {processor.py:840} INFO - DAG(s) 'latest_only_with_trigger' retrieved from /home/airflow/.local/lib/python3.8/site-packages/airflow/example_dags/example_latest_only_with_trigger.py
[2025-08-02T01:42:43.297+0000] {logging_mixin.py:188} INFO - [2025-08-02T01:42:43.297+0000] {dag.py:3047} INFO - Sync 1 DAGs
[2025-08-02T01:42:43.316+0000] {logging_mixin.py:188} INFO - [2025-08-02T01:42:43.315+0000] {dag.py:3834} INFO - Setting next_dagrun for latest_only_with_trigger to 2025-08-01 20:00:00+00:00, run_after=2025-08-02 00:00:00+00:00
[2025-08-02T01:42:43.332+0000] {processor.py:183} INFO - Processing /home/airflow/.local/lib/python3.8/site-packages/airflow/example_dags/example_latest_only_with_trigger.py took 0.227 seconds
[2025-08-02T01:43:13.597+0000] {processor.py:161} INFO - Started process (PID=141) to work on /home/airflow/.local/lib/python3.8/site-packages/airflow/example_dags/example_latest_only_with_trigger.py
[2025-08-02T01:43:13.599+0000] {processor.py:830} INFO - Processing file /home/airflow/.local/lib/python3.8/site-packages/airflow/example_dags/example_latest_only_with_trigger.py for tasks to queue
[2025-08-02T01:43:13.602+0000] {logging_mixin.py:188} INFO - [2025-08-02T01:43:13.602+0000] {dagbag.py:540} INFO - Filling up the DagBag from /home/airflow/.local/lib/python3.8/site-packages/airflow/example_dags/example_latest_only_with_trigger.py
[2025-08-02T01:43:13.609+0000] {processor.py:840} INFO - DAG(s) 'latest_only_with_trigger' retrieved from /home/airflow/.local/lib/python3.8/site-packages/airflow/example_dags/example_latest_only_with_trigger.py
[2025-08-02T01:43:13.626+0000] {logging_mixin.py:188} INFO - [2025-08-02T01:43:13.626+0000] {dag.py:3047} INFO - Sync 1 DAGs
[2025-08-02T01:43:13.641+0000] {logging_mixin.py:188} INFO - [2025-08-02T01:43:13.641+0000] {dag.py:3834} INFO - Setting next_dagrun for latest_only_with_trigger to 2025-08-01 20:00:00+00:00, run_after=2025-08-02 00:00:00+00:00
[2025-08-02T01:43:13.669+0000] {processor.py:183} INFO - Processing /home/airflow/.local/lib/python3.8/site-packages/airflow/example_dags/example_latest_only_with_trigger.py took 0.076 seconds
[2025-08-02T01:43:44.624+0000] {processor.py:161} INFO - Started process (PID=197) to work on /home/airflow/.local/lib/python3.8/site-packages/airflow/example_dags/example_latest_only_with_trigger.py
[2025-08-02T01:43:44.625+0000] {processor.py:830} INFO - Processing file /home/airflow/.local/lib/python3.8/site-packages/airflow/example_dags/example_latest_only_with_trigger.py for tasks to queue
[2025-08-02T01:43:44.627+0000] {logging_mixin.py:188} INFO - [2025-08-02T01:43:44.626+0000] {dagbag.py:540} INFO - Filling up the DagBag from /home/airflow/.local/lib/python3.8/site-packages/airflow/example_dags/example_latest_only_with_trigger.py
[2025-08-02T01:43:44.632+0000] {processor.py:840} INFO - DAG(s) 'latest_only_with_trigger' retrieved from /home/airflow/.local/lib/python3.8/site-packages/airflow/example_dags/example_latest_only_with_trigger.py
[2025-08-02T01:43:44.647+0000] {logging_mixin.py:188} INFO - [2025-08-02T01:43:44.647+0000] {dag.py:3047} INFO - Sync 1 DAGs
[2025-08-02T01:43:44.663+0000] {logging_mixin.py:188} INFO - [2025-08-02T01:43:44.663+0000] {dag.py:3834} INFO - Setting next_dagrun for latest_only_with_trigger to 2025-08-01 20:00:00+00:00, run_after=2025-08-02 00:00:00+00:00
[2025-08-02T01:43:44.731+0000] {processor.py:183} INFO - Processing /home/airflow/.local/lib/python3.8/site-packages/airflow/example_dags/example_latest_only_with_trigger.py took 0.110 seconds
[2025-08-02T01:44:14.916+0000] {processor.py:161} INFO - Started process (PID=253) to work on /home/airflow/.local/lib/python3.8/site-packages/airflow/example_dags/example_latest_only_with_trigger.py
[2025-08-02T01:44:14.919+0000] {processor.py:830} INFO - Processing file /home/airflow/.local/lib/python3.8/site-packages/airflow/example_dags/example_latest_only_with_trigger.py for tasks to queue
[2025-08-02T01:44:14.921+0000] {logging_mixin.py:188} INFO - [2025-08-02T01:44:14.921+0000] {dagbag.py:540} INFO - Filling up the DagBag from /home/airflow/.local/lib/python3.8/site-packages/airflow/example_dags/example_latest_only_with_trigger.py
[2025-08-02T01:44:14.927+0000] {processor.py:840} INFO - DAG(s) 'latest_only_with_trigger' retrieved from /home/airflow/.local/lib/python3.8/site-packages/airflow/example_dags/example_latest_only_with_trigger.py
[2025-08-02T01:44:14.950+0000] {logging_mixin.py:188} INFO - [2025-08-02T01:44:14.950+0000] {dag.py:3047} INFO - Sync 1 DAGs
[2025-08-02T01:44:14.969+0000] {logging_mixin.py:188} INFO - [2025-08-02T01:44:14.968+0000] {dag.py:3834} INFO - Setting next_dagrun for latest_only_with_trigger to 2025-08-01 20:00:00+00:00, run_after=2025-08-02 00:00:00+00:00
[2025-08-02T01:44:14.982+0000] {processor.py:183} INFO - Processing /home/airflow/.local/lib/python3.8/site-packages/airflow/example_dags/example_latest_only_with_trigger.py took 0.069 seconds
[2025-08-02T01:44:45.786+0000] {processor.py:161} INFO - Started process (PID=309) to work on /home/airflow/.local/lib/python3.8/site-packages/airflow/example_dags/example_latest_only_with_trigger.py
[2025-08-02T01:44:45.787+0000] {processor.py:830} INFO - Processing file /home/airflow/.local/lib/python3.8/site-packages/airflow/example_dags/example_latest_only_with_trigger.py for tasks to queue
[2025-08-02T01:44:45.788+0000] {logging_mixin.py:188} INFO - [2025-08-02T01:44:45.788+0000] {dagbag.py:540} INFO - Filling up the DagBag from /home/airflow/.local/lib/python3.8/site-packages/airflow/example_dags/example_latest_only_with_trigger.py
[2025-08-02T01:44:45.791+0000] {processor.py:840} INFO - DAG(s) 'latest_only_with_trigger' retrieved from /home/airflow/.local/lib/python3.8/site-packages/airflow/example_dags/example_latest_only_with_trigger.py
[2025-08-02T01:44:45.810+0000] {logging_mixin.py:188} INFO - [2025-08-02T01:44:45.810+0000] {dag.py:3047} INFO - Sync 1 DAGs
[2025-08-02T01:44:45.838+0000] {logging_mixin.py:188} INFO - [2025-08-02T01:44:45.838+0000] {dag.py:3834} INFO - Setting next_dagrun for latest_only_with_trigger to 2025-08-01 20:00:00+00:00, run_after=2025-08-02 00:00:00+00:00
[2025-08-02T01:44:45.860+0000] {processor.py:183} INFO - Processing /home/airflow/.local/lib/python3.8/site-packages/airflow/example_dags/example_latest_only_with_trigger.py took 0.077 seconds
[2025-08-02T01:45:16.017+0000] {processor.py:161} INFO - Started process (PID=365) to work on /home/airflow/.local/lib/python3.8/site-packages/airflow/example_dags/example_latest_only_with_trigger.py
[2025-08-02T01:45:16.018+0000] {processor.py:830} INFO - Processing file /home/airflow/.local/lib/python3.8/site-packages/airflow/example_dags/example_latest_only_with_trigger.py for tasks to queue
[2025-08-02T01:45:16.021+0000] {logging_mixin.py:188} INFO - [2025-08-02T01:45:16.021+0000] {dagbag.py:540} INFO - Filling up the DagBag from /home/airflow/.local/lib/python3.8/site-packages/airflow/example_dags/example_latest_only_with_trigger.py
[2025-08-02T01:45:16.026+0000] {processor.py:840} INFO - DAG(s) 'latest_only_with_trigger' retrieved from /home/airflow/.local/lib/python3.8/site-packages/airflow/example_dags/example_latest_only_with_trigger.py
[2025-08-02T01:45:16.047+0000] {logging_mixin.py:188} INFO - [2025-08-02T01:45:16.047+0000] {dag.py:3047} INFO - Sync 1 DAGs
[2025-08-02T01:45:16.064+0000] {logging_mixin.py:188} INFO - [2025-08-02T01:45:16.064+0000] {dag.py:3834} INFO - Setting next_dagrun for latest_only_with_trigger to 2025-08-01 20:00:00+00:00, run_after=2025-08-02 00:00:00+00:00
[2025-08-02T01:45:16.102+0000] {processor.py:183} INFO - Processing /home/airflow/.local/lib/python3.8/site-packages/airflow/example_dags/example_latest_only_with_trigger.py took 0.087 seconds
[2025-08-02T01:45:47.192+0000] {processor.py:161} INFO - Started process (PID=421) to work on /home/airflow/.local/lib/python3.8/site-packages/airflow/example_dags/example_latest_only_with_trigger.py
[2025-08-02T01:45:47.193+0000] {processor.py:830} INFO - Processing file /home/airflow/.local/lib/python3.8/site-packages/airflow/example_dags/example_latest_only_with_trigger.py for tasks to queue
[2025-08-02T01:45:47.194+0000] {logging_mixin.py:188} INFO - [2025-08-02T01:45:47.194+0000] {dagbag.py:540} INFO - Filling up the DagBag from /home/airflow/.local/lib/python3.8/site-packages/airflow/example_dags/example_latest_only_with_trigger.py
[2025-08-02T01:45:47.198+0000] {processor.py:840} INFO - DAG(s) 'latest_only_with_trigger' retrieved from /home/airflow/.local/lib/python3.8/site-packages/airflow/example_dags/example_latest_only_with_trigger.py
[2025-08-02T01:45:47.219+0000] {logging_mixin.py:188} INFO - [2025-08-02T01:45:47.219+0000] {dag.py:3047} INFO - Sync 1 DAGs
[2025-08-02T01:45:47.237+0000] {logging_mixin.py:188} INFO - [2025-08-02T01:45:47.236+0000] {dag.py:3834} INFO - Setting next_dagrun for latest_only_with_trigger to 2025-08-01 20:00:00+00:00, run_after=2025-08-02 00:00:00+00:00
[2025-08-02T01:45:47.283+0000] {processor.py:183} INFO - Processing /home/airflow/.local/lib/python3.8/site-packages/airflow/example_dags/example_latest_only_with_trigger.py took 0.094 seconds
[2025-08-02T01:46:17.619+0000] {processor.py:161} INFO - Started process (PID=478) to work on /home/airflow/.local/lib/python3.8/site-packages/airflow/example_dags/example_latest_only_with_trigger.py
[2025-08-02T01:46:17.620+0000] {processor.py:830} INFO - Processing file /home/airflow/.local/lib/python3.8/site-packages/airflow/example_dags/example_latest_only_with_trigger.py for tasks to queue
[2025-08-02T01:46:17.622+0000] {logging_mixin.py:188} INFO - [2025-08-02T01:46:17.622+0000] {dagbag.py:540} INFO - Filling up the DagBag from /home/airflow/.local/lib/python3.8/site-packages/airflow/example_dags/example_latest_only_with_trigger.py
[2025-08-02T01:46:17.626+0000] {processor.py:840} INFO - DAG(s) 'latest_only_with_trigger' retrieved from /home/airflow/.local/lib/python3.8/site-packages/airflow/example_dags/example_latest_only_with_trigger.py
[2025-08-02T01:46:17.642+0000] {logging_mixin.py:188} INFO - [2025-08-02T01:46:17.642+0000] {dag.py:3047} INFO - Sync 1 DAGs
[2025-08-02T01:46:17.655+0000] {logging_mixin.py:188} INFO - [2025-08-02T01:46:17.655+0000] {dag.py:3834} INFO - Setting next_dagrun for latest_only_with_trigger to 2025-08-01 20:00:00+00:00, run_after=2025-08-02 00:00:00+00:00
[2025-08-02T01:46:17.671+0000] {processor.py:183} INFO - Processing /home/airflow/.local/lib/python3.8/site-packages/airflow/example_dags/example_latest_only_with_trigger.py took 0.054 seconds
[2025-08-02T01:46:48.688+0000] {processor.py:161} INFO - Started process (PID=535) to work on /home/airflow/.local/lib/python3.8/site-packages/airflow/example_dags/example_latest_only_with_trigger.py
[2025-08-02T01:46:48.689+0000] {processor.py:830} INFO - Processing file /home/airflow/.local/lib/python3.8/site-packages/airflow/example_dags/example_latest_only_with_trigger.py for tasks to queue
[2025-08-02T01:46:48.690+0000] {logging_mixin.py:188} INFO - [2025-08-02T01:46:48.690+0000] {dagbag.py:540} INFO - Filling up the DagBag from /home/airflow/.local/lib/python3.8/site-packages/airflow/example_dags/example_latest_only_with_trigger.py
[2025-08-02T01:46:48.693+0000] {processor.py:840} INFO - DAG(s) 'latest_only_with_trigger' retrieved from /home/airflow/.local/lib/python3.8/site-packages/airflow/example_dags/example_latest_only_with_trigger.py
[2025-08-02T01:46:48.706+0000] {logging_mixin.py:188} INFO - [2025-08-02T01:46:48.706+0000] {dag.py:3047} INFO - Sync 1 DAGs
[2025-08-02T01:46:48.719+0000] {logging_mixin.py:188} INFO - [2025-08-02T01:46:48.719+0000] {dag.py:3834} INFO - Setting next_dagrun for latest_only_with_trigger to 2025-08-01 20:00:00+00:00, run_after=2025-08-02 00:00:00+00:00
[2025-08-02T01:46:48.734+0000] {processor.py:183} INFO - Processing /home/airflow/.local/lib/python3.8/site-packages/airflow/example_dags/example_latest_only_with_trigger.py took 0.049 seconds
[2025-08-02T01:47:19.116+0000] {processor.py:161} INFO - Started process (PID=591) to work on /home/airflow/.local/lib/python3.8/site-packages/airflow/example_dags/example_latest_only_with_trigger.py
[2025-08-02T01:47:19.120+0000] {processor.py:830} INFO - Processing file /home/airflow/.local/lib/python3.8/site-packages/airflow/example_dags/example_latest_only_with_trigger.py for tasks to queue
[2025-08-02T01:47:19.126+0000] {logging_mixin.py:188} INFO - [2025-08-02T01:47:19.125+0000] {dagbag.py:540} INFO - Filling up the DagBag from /home/airflow/.local/lib/python3.8/site-packages/airflow/example_dags/example_latest_only_with_trigger.py
[2025-08-02T01:47:19.133+0000] {processor.py:840} INFO - DAG(s) 'latest_only_with_trigger' retrieved from /home/airflow/.local/lib/python3.8/site-packages/airflow/example_dags/example_latest_only_with_trigger.py
[2025-08-02T01:47:19.156+0000] {logging_mixin.py:188} INFO - [2025-08-02T01:47:19.156+0000] {dag.py:3047} INFO - Sync 1 DAGs
[2025-08-02T01:47:19.167+0000] {logging_mixin.py:188} INFO - [2025-08-02T01:47:19.167+0000] {dag.py:3834} INFO - Setting next_dagrun for latest_only_with_trigger to 2025-08-01 20:00:00+00:00, run_after=2025-08-02 00:00:00+00:00
[2025-08-02T01:47:19.183+0000] {processor.py:183} INFO - Processing /home/airflow/.local/lib/python3.8/site-packages/airflow/example_dags/example_latest_only_with_trigger.py took 0.071 seconds
[2025-08-02T01:47:49.604+0000] {processor.py:161} INFO - Started process (PID=647) to work on /home/airflow/.local/lib/python3.8/site-packages/airflow/example_dags/example_latest_only_with_trigger.py
[2025-08-02T01:47:49.605+0000] {processor.py:830} INFO - Processing file /home/airflow/.local/lib/python3.8/site-packages/airflow/example_dags/example_latest_only_with_trigger.py for tasks to queue
[2025-08-02T01:47:49.608+0000] {logging_mixin.py:188} INFO - [2025-08-02T01:47:49.607+0000] {dagbag.py:540} INFO - Filling up the DagBag from /home/airflow/.local/lib/python3.8/site-packages/airflow/example_dags/example_latest_only_with_trigger.py
[2025-08-02T01:47:49.614+0000] {processor.py:840} INFO - DAG(s) 'latest_only_with_trigger' retrieved from /home/airflow/.local/lib/python3.8/site-packages/airflow/example_dags/example_latest_only_with_trigger.py
[2025-08-02T01:47:49.633+0000] {logging_mixin.py:188} INFO - [2025-08-02T01:47:49.633+0000] {dag.py:3047} INFO - Sync 1 DAGs
[2025-08-02T01:47:49.651+0000] {logging_mixin.py:188} INFO - [2025-08-02T01:47:49.650+0000] {dag.py:3834} INFO - Setting next_dagrun for latest_only_with_trigger to 2025-08-01 20:00:00+00:00, run_after=2025-08-02 00:00:00+00:00
[2025-08-02T01:47:49.685+0000] {processor.py:183} INFO - Processing /home/airflow/.local/lib/python3.8/site-packages/airflow/example_dags/example_latest_only_with_trigger.py took 0.085 seconds
[2025-08-02T01:48:19.719+0000] {processor.py:161} INFO - Started process (PID=702) to work on /home/airflow/.local/lib/python3.8/site-packages/airflow/example_dags/example_latest_only_with_trigger.py
[2025-08-02T01:48:19.721+0000] {processor.py:830} INFO - Processing file /home/airflow/.local/lib/python3.8/site-packages/airflow/example_dags/example_latest_only_with_trigger.py for tasks to queue
[2025-08-02T01:48:19.723+0000] {logging_mixin.py:188} INFO - [2025-08-02T01:48:19.723+0000] {dagbag.py:540} INFO - Filling up the DagBag from /home/airflow/.local/lib/python3.8/site-packages/airflow/example_dags/example_latest_only_with_trigger.py
[2025-08-02T01:48:19.734+0000] {processor.py:840} INFO - DAG(s) 'latest_only_with_trigger' retrieved from /home/airflow/.local/lib/python3.8/site-packages/airflow/example_dags/example_latest_only_with_trigger.py
[2025-08-02T01:48:19.756+0000] {logging_mixin.py:188} INFO - [2025-08-02T01:48:19.756+0000] {dag.py:3047} INFO - Sync 1 DAGs
[2025-08-02T01:48:19.783+0000] {logging_mixin.py:188} INFO - [2025-08-02T01:48:19.783+0000] {dag.py:3834} INFO - Setting next_dagrun for latest_only_with_trigger to 2025-08-01 20:00:00+00:00, run_after=2025-08-02 00:00:00+00:00
[2025-08-02T01:48:19.826+0000] {processor.py:183} INFO - Processing /home/airflow/.local/lib/python3.8/site-packages/airflow/example_dags/example_latest_only_with_trigger.py took 0.121 seconds
[2025-08-02T01:48:50.827+0000] {processor.py:161} INFO - Started process (PID=759) to work on /home/airflow/.local/lib/python3.8/site-packages/airflow/example_dags/example_latest_only_with_trigger.py
[2025-08-02T01:48:50.830+0000] {processor.py:830} INFO - Processing file /home/airflow/.local/lib/python3.8/site-packages/airflow/example_dags/example_latest_only_with_trigger.py for tasks to queue
[2025-08-02T01:48:50.831+0000] {logging_mixin.py:188} INFO - [2025-08-02T01:48:50.831+0000] {dagbag.py:540} INFO - Filling up the DagBag from /home/airflow/.local/lib/python3.8/site-packages/airflow/example_dags/example_latest_only_with_trigger.py
[2025-08-02T01:48:50.837+0000] {processor.py:840} INFO - DAG(s) 'latest_only_with_trigger' retrieved from /home/airflow/.local/lib/python3.8/site-packages/airflow/example_dags/example_latest_only_with_trigger.py
[2025-08-02T01:48:50.876+0000] {logging_mixin.py:188} INFO - [2025-08-02T01:48:50.876+0000] {dag.py:3047} INFO - Sync 1 DAGs
[2025-08-02T01:48:50.915+0000] {logging_mixin.py:188} INFO - [2025-08-02T01:48:50.915+0000] {dag.py:3834} INFO - Setting next_dagrun for latest_only_with_trigger to 2025-08-01 20:00:00+00:00, run_after=2025-08-02 00:00:00+00:00
[2025-08-02T01:48:50.942+0000] {processor.py:183} INFO - Processing /home/airflow/.local/lib/python3.8/site-packages/airflow/example_dags/example_latest_only_with_trigger.py took 0.119 seconds
[2025-08-02T01:49:21.133+0000] {processor.py:161} INFO - Started process (PID=815) to work on /home/airflow/.local/lib/python3.8/site-packages/airflow/example_dags/example_latest_only_with_trigger.py
[2025-08-02T01:49:21.135+0000] {processor.py:830} INFO - Processing file /home/airflow/.local/lib/python3.8/site-packages/airflow/example_dags/example_latest_only_with_trigger.py for tasks to queue
[2025-08-02T01:49:21.137+0000] {logging_mixin.py:188} INFO - [2025-08-02T01:49:21.137+0000] {dagbag.py:540} INFO - Filling up the DagBag from /home/airflow/.local/lib/python3.8/site-packages/airflow/example_dags/example_latest_only_with_trigger.py
[2025-08-02T01:49:21.141+0000] {processor.py:840} INFO - DAG(s) 'latest_only_with_trigger' retrieved from /home/airflow/.local/lib/python3.8/site-packages/airflow/example_dags/example_latest_only_with_trigger.py
[2025-08-02T01:49:21.160+0000] {logging_mixin.py:188} INFO - [2025-08-02T01:49:21.160+0000] {dag.py:3047} INFO - Sync 1 DAGs
[2025-08-02T01:49:21.176+0000] {logging_mixin.py:188} INFO - [2025-08-02T01:49:21.175+0000] {dag.py:3834} INFO - Setting next_dagrun for latest_only_with_trigger to 2025-08-01 20:00:00+00:00, run_after=2025-08-02 00:00:00+00:00
[2025-08-02T01:49:21.192+0000] {processor.py:183} INFO - Processing /home/airflow/.local/lib/python3.8/site-packages/airflow/example_dags/example_latest_only_with_trigger.py took 0.062 seconds
[2025-08-02T01:49:52.010+0000] {processor.py:161} INFO - Started process (PID=871) to work on /home/airflow/.local/lib/python3.8/site-packages/airflow/example_dags/example_latest_only_with_trigger.py
[2025-08-02T01:49:52.011+0000] {processor.py:830} INFO - Processing file /home/airflow/.local/lib/python3.8/site-packages/airflow/example_dags/example_latest_only_with_trigger.py for tasks to queue
[2025-08-02T01:49:52.013+0000] {logging_mixin.py:188} INFO - [2025-08-02T01:49:52.013+0000] {dagbag.py:540} INFO - Filling up the DagBag from /home/airflow/.local/lib/python3.8/site-packages/airflow/example_dags/example_latest_only_with_trigger.py
[2025-08-02T01:49:52.028+0000] {processor.py:840} INFO - DAG(s) 'latest_only_with_trigger' retrieved from /home/airflow/.local/lib/python3.8/site-packages/airflow/example_dags/example_latest_only_with_trigger.py
[2025-08-02T01:49:52.142+0000] {logging_mixin.py:188} INFO - [2025-08-02T01:49:52.139+0000] {dag.py:3047} INFO - Sync 1 DAGs
[2025-08-02T01:49:52.351+0000] {logging_mixin.py:188} INFO - [2025-08-02T01:49:52.329+0000] {dag.py:3834} INFO - Setting next_dagrun for latest_only_with_trigger to 2025-08-01 20:00:00+00:00, run_after=2025-08-02 00:00:00+00:00
[2025-08-02T01:49:52.711+0000] {processor.py:183} INFO - Processing /home/airflow/.local/lib/python3.8/site-packages/airflow/example_dags/example_latest_only_with_trigger.py took 0.702 seconds
[2025-08-02T01:50:25.876+0000] {processor.py:161} INFO - Started process (PID=927) to work on /home/airflow/.local/lib/python3.8/site-packages/airflow/example_dags/example_latest_only_with_trigger.py
[2025-08-02T01:50:25.879+0000] {processor.py:830} INFO - Processing file /home/airflow/.local/lib/python3.8/site-packages/airflow/example_dags/example_latest_only_with_trigger.py for tasks to queue
[2025-08-02T01:50:25.884+0000] {logging_mixin.py:188} INFO - [2025-08-02T01:50:25.883+0000] {dagbag.py:540} INFO - Filling up the DagBag from /home/airflow/.local/lib/python3.8/site-packages/airflow/example_dags/example_latest_only_with_trigger.py
[2025-08-02T01:50:25.905+0000] {processor.py:840} INFO - DAG(s) 'latest_only_with_trigger' retrieved from /home/airflow/.local/lib/python3.8/site-packages/airflow/example_dags/example_latest_only_with_trigger.py
[2025-08-02T01:50:26.418+0000] {logging_mixin.py:188} INFO - [2025-08-02T01:50:26.413+0000] {dag.py:3047} INFO - Sync 1 DAGs
[2025-08-02T01:50:26.505+0000] {logging_mixin.py:188} INFO - [2025-08-02T01:50:26.502+0000] {dag.py:3834} INFO - Setting next_dagrun for latest_only_with_trigger to 2025-08-01 20:00:00+00:00, run_after=2025-08-02 00:00:00+00:00
[2025-08-02T01:50:26.792+0000] {processor.py:183} INFO - Processing /home/airflow/.local/lib/python3.8/site-packages/airflow/example_dags/example_latest_only_with_trigger.py took 0.923 seconds
[2025-08-02T01:50:57.523+0000] {processor.py:161} INFO - Started process (PID=984) to work on /home/airflow/.local/lib/python3.8/site-packages/airflow/example_dags/example_latest_only_with_trigger.py
[2025-08-02T01:50:57.524+0000] {processor.py:830} INFO - Processing file /home/airflow/.local/lib/python3.8/site-packages/airflow/example_dags/example_latest_only_with_trigger.py for tasks to queue
[2025-08-02T01:50:57.527+0000] {logging_mixin.py:188} INFO - [2025-08-02T01:50:57.527+0000] {dagbag.py:540} INFO - Filling up the DagBag from /home/airflow/.local/lib/python3.8/site-packages/airflow/example_dags/example_latest_only_with_trigger.py
[2025-08-02T01:50:57.533+0000] {processor.py:840} INFO - DAG(s) 'latest_only_with_trigger' retrieved from /home/airflow/.local/lib/python3.8/site-packages/airflow/example_dags/example_latest_only_with_trigger.py
[2025-08-02T01:50:57.604+0000] {logging_mixin.py:188} INFO - [2025-08-02T01:50:57.603+0000] {dag.py:3047} INFO - Sync 1 DAGs
[2025-08-02T01:50:57.634+0000] {logging_mixin.py:188} INFO - [2025-08-02T01:50:57.633+0000] {dag.py:3834} INFO - Setting next_dagrun for latest_only_with_trigger to 2025-08-01 20:00:00+00:00, run_after=2025-08-02 00:00:00+00:00
[2025-08-02T01:50:57.666+0000] {processor.py:183} INFO - Processing /home/airflow/.local/lib/python3.8/site-packages/airflow/example_dags/example_latest_only_with_trigger.py took 0.148 seconds
[2025-08-02T01:51:28.030+0000] {processor.py:161} INFO - Started process (PID=1040) to work on /home/airflow/.local/lib/python3.8/site-packages/airflow/example_dags/example_latest_only_with_trigger.py
[2025-08-02T01:51:28.034+0000] {processor.py:830} INFO - Processing file /home/airflow/.local/lib/python3.8/site-packages/airflow/example_dags/example_latest_only_with_trigger.py for tasks to queue
[2025-08-02T01:51:28.037+0000] {logging_mixin.py:188} INFO - [2025-08-02T01:51:28.037+0000] {dagbag.py:540} INFO - Filling up the DagBag from /home/airflow/.local/lib/python3.8/site-packages/airflow/example_dags/example_latest_only_with_trigger.py
[2025-08-02T01:51:28.044+0000] {processor.py:840} INFO - DAG(s) 'latest_only_with_trigger' retrieved from /home/airflow/.local/lib/python3.8/site-packages/airflow/example_dags/example_latest_only_with_trigger.py
[2025-08-02T01:51:28.065+0000] {logging_mixin.py:188} INFO - [2025-08-02T01:51:28.065+0000] {dag.py:3047} INFO - Sync 1 DAGs
[2025-08-02T01:51:28.081+0000] {logging_mixin.py:188} INFO - [2025-08-02T01:51:28.081+0000] {dag.py:3834} INFO - Setting next_dagrun for latest_only_with_trigger to 2025-08-01 20:00:00+00:00, run_after=2025-08-02 00:00:00+00:00
[2025-08-02T01:51:28.096+0000] {processor.py:183} INFO - Processing /home/airflow/.local/lib/python3.8/site-packages/airflow/example_dags/example_latest_only_with_trigger.py took 0.070 seconds
[2025-08-02T01:51:58.649+0000] {processor.py:161} INFO - Started process (PID=1096) to work on /home/airflow/.local/lib/python3.8/site-packages/airflow/example_dags/example_latest_only_with_trigger.py
[2025-08-02T01:51:58.653+0000] {processor.py:830} INFO - Processing file /home/airflow/.local/lib/python3.8/site-packages/airflow/example_dags/example_latest_only_with_trigger.py for tasks to queue
[2025-08-02T01:51:58.656+0000] {logging_mixin.py:188} INFO - [2025-08-02T01:51:58.656+0000] {dagbag.py:540} INFO - Filling up the DagBag from /home/airflow/.local/lib/python3.8/site-packages/airflow/example_dags/example_latest_only_with_trigger.py
[2025-08-02T01:51:58.669+0000] {processor.py:840} INFO - DAG(s) 'latest_only_with_trigger' retrieved from /home/airflow/.local/lib/python3.8/site-packages/airflow/example_dags/example_latest_only_with_trigger.py
[2025-08-02T01:51:58.704+0000] {logging_mixin.py:188} INFO - [2025-08-02T01:51:58.704+0000] {dag.py:3047} INFO - Sync 1 DAGs
[2025-08-02T01:51:58.719+0000] {logging_mixin.py:188} INFO - [2025-08-02T01:51:58.719+0000] {dag.py:3834} INFO - Setting next_dagrun for latest_only_with_trigger to 2025-08-01 20:00:00+00:00, run_after=2025-08-02 00:00:00+00:00
[2025-08-02T01:51:58.738+0000] {processor.py:183} INFO - Processing /home/airflow/.local/lib/python3.8/site-packages/airflow/example_dags/example_latest_only_with_trigger.py took 0.095 seconds
[2025-08-02T01:52:29.121+0000] {processor.py:161} INFO - Started process (PID=1152) to work on /home/airflow/.local/lib/python3.8/site-packages/airflow/example_dags/example_latest_only_with_trigger.py
[2025-08-02T01:52:29.124+0000] {processor.py:830} INFO - Processing file /home/airflow/.local/lib/python3.8/site-packages/airflow/example_dags/example_latest_only_with_trigger.py for tasks to queue
[2025-08-02T01:52:29.128+0000] {logging_mixin.py:188} INFO - [2025-08-02T01:52:29.127+0000] {dagbag.py:540} INFO - Filling up the DagBag from /home/airflow/.local/lib/python3.8/site-packages/airflow/example_dags/example_latest_only_with_trigger.py
[2025-08-02T01:52:29.149+0000] {processor.py:840} INFO - DAG(s) 'latest_only_with_trigger' retrieved from /home/airflow/.local/lib/python3.8/site-packages/airflow/example_dags/example_latest_only_with_trigger.py
[2025-08-02T01:52:29.349+0000] {logging_mixin.py:188} INFO - [2025-08-02T01:52:29.348+0000] {dag.py:3047} INFO - Sync 1 DAGs
[2025-08-02T01:52:29.423+0000] {logging_mixin.py:188} INFO - [2025-08-02T01:52:29.422+0000] {dag.py:3834} INFO - Setting next_dagrun for latest_only_with_trigger to 2025-08-01 20:00:00+00:00, run_after=2025-08-02 00:00:00+00:00
[2025-08-02T01:52:29.485+0000] {processor.py:183} INFO - Processing /home/airflow/.local/lib/python3.8/site-packages/airflow/example_dags/example_latest_only_with_trigger.py took 0.369 seconds
[2025-08-02T01:53:00.540+0000] {processor.py:161} INFO - Started process (PID=1208) to work on /home/airflow/.local/lib/python3.8/site-packages/airflow/example_dags/example_latest_only_with_trigger.py
[2025-08-02T01:53:00.545+0000] {processor.py:830} INFO - Processing file /home/airflow/.local/lib/python3.8/site-packages/airflow/example_dags/example_latest_only_with_trigger.py for tasks to queue
[2025-08-02T01:53:00.550+0000] {logging_mixin.py:188} INFO - [2025-08-02T01:53:00.549+0000] {dagbag.py:540} INFO - Filling up the DagBag from /home/airflow/.local/lib/python3.8/site-packages/airflow/example_dags/example_latest_only_with_trigger.py
[2025-08-02T01:53:00.576+0000] {processor.py:840} INFO - DAG(s) 'latest_only_with_trigger' retrieved from /home/airflow/.local/lib/python3.8/site-packages/airflow/example_dags/example_latest_only_with_trigger.py
[2025-08-02T01:53:00.677+0000] {logging_mixin.py:188} INFO - [2025-08-02T01:53:00.676+0000] {dag.py:3047} INFO - Sync 1 DAGs
[2025-08-02T01:53:00.784+0000] {logging_mixin.py:188} INFO - [2025-08-02T01:53:00.783+0000] {dag.py:3834} INFO - Setting next_dagrun for latest_only_with_trigger to 2025-08-01 20:00:00+00:00, run_after=2025-08-02 00:00:00+00:00
[2025-08-02T01:53:00.838+0000] {processor.py:183} INFO - Processing /home/airflow/.local/lib/python3.8/site-packages/airflow/example_dags/example_latest_only_with_trigger.py took 0.333 seconds
[2025-08-02T01:53:31.373+0000] {processor.py:161} INFO - Started process (PID=1264) to work on /home/airflow/.local/lib/python3.8/site-packages/airflow/example_dags/example_latest_only_with_trigger.py
[2025-08-02T01:53:31.376+0000] {processor.py:830} INFO - Processing file /home/airflow/.local/lib/python3.8/site-packages/airflow/example_dags/example_latest_only_with_trigger.py for tasks to queue
[2025-08-02T01:53:31.379+0000] {logging_mixin.py:188} INFO - [2025-08-02T01:53:31.379+0000] {dagbag.py:540} INFO - Filling up the DagBag from /home/airflow/.local/lib/python3.8/site-packages/airflow/example_dags/example_latest_only_with_trigger.py
[2025-08-02T01:53:31.407+0000] {processor.py:840} INFO - DAG(s) 'latest_only_with_trigger' retrieved from /home/airflow/.local/lib/python3.8/site-packages/airflow/example_dags/example_latest_only_with_trigger.py
[2025-08-02T01:53:31.465+0000] {logging_mixin.py:188} INFO - [2025-08-02T01:53:31.465+0000] {dag.py:3047} INFO - Sync 1 DAGs
[2025-08-02T01:53:31.490+0000] {logging_mixin.py:188} INFO - [2025-08-02T01:53:31.490+0000] {dag.py:3834} INFO - Setting next_dagrun for latest_only_with_trigger to 2025-08-01 20:00:00+00:00, run_after=2025-08-02 00:00:00+00:00
[2025-08-02T01:53:31.514+0000] {processor.py:183} INFO - Processing /home/airflow/.local/lib/python3.8/site-packages/airflow/example_dags/example_latest_only_with_trigger.py took 0.146 seconds
[2025-08-02T01:54:01.974+0000] {processor.py:161} INFO - Started process (PID=1320) to work on /home/airflow/.local/lib/python3.8/site-packages/airflow/example_dags/example_latest_only_with_trigger.py
[2025-08-02T01:54:01.980+0000] {processor.py:830} INFO - Processing file /home/airflow/.local/lib/python3.8/site-packages/airflow/example_dags/example_latest_only_with_trigger.py for tasks to queue
[2025-08-02T01:54:01.993+0000] {logging_mixin.py:188} INFO - [2025-08-02T01:54:01.991+0000] {dagbag.py:540} INFO - Filling up the DagBag from /home/airflow/.local/lib/python3.8/site-packages/airflow/example_dags/example_latest_only_with_trigger.py
[2025-08-02T01:54:02.008+0000] {processor.py:840} INFO - DAG(s) 'latest_only_with_trigger' retrieved from /home/airflow/.local/lib/python3.8/site-packages/airflow/example_dags/example_latest_only_with_trigger.py
[2025-08-02T01:54:02.073+0000] {logging_mixin.py:188} INFO - [2025-08-02T01:54:02.073+0000] {dag.py:3047} INFO - Sync 1 DAGs
[2025-08-02T01:54:02.101+0000] {logging_mixin.py:188} INFO - [2025-08-02T01:54:02.101+0000] {dag.py:3834} INFO - Setting next_dagrun for latest_only_with_trigger to 2025-08-01 20:00:00+00:00, run_after=2025-08-02 00:00:00+00:00
[2025-08-02T01:54:02.127+0000] {processor.py:183} INFO - Processing /home/airflow/.local/lib/python3.8/site-packages/airflow/example_dags/example_latest_only_with_trigger.py took 0.180 seconds
[2025-08-02T01:54:32.958+0000] {processor.py:161} INFO - Started process (PID=1376) to work on /home/airflow/.local/lib/python3.8/site-packages/airflow/example_dags/example_latest_only_with_trigger.py
[2025-08-02T01:54:32.960+0000] {processor.py:830} INFO - Processing file /home/airflow/.local/lib/python3.8/site-packages/airflow/example_dags/example_latest_only_with_trigger.py for tasks to queue
[2025-08-02T01:54:32.963+0000] {logging_mixin.py:188} INFO - [2025-08-02T01:54:32.963+0000] {dagbag.py:540} INFO - Filling up the DagBag from /home/airflow/.local/lib/python3.8/site-packages/airflow/example_dags/example_latest_only_with_trigger.py
[2025-08-02T01:54:32.989+0000] {processor.py:840} INFO - DAG(s) 'latest_only_with_trigger' retrieved from /home/airflow/.local/lib/python3.8/site-packages/airflow/example_dags/example_latest_only_with_trigger.py
[2025-08-02T01:54:33.074+0000] {logging_mixin.py:188} INFO - [2025-08-02T01:54:33.073+0000] {dag.py:3047} INFO - Sync 1 DAGs
[2025-08-02T01:54:33.133+0000] {logging_mixin.py:188} INFO - [2025-08-02T01:54:33.133+0000] {dag.py:3834} INFO - Setting next_dagrun for latest_only_with_trigger to 2025-08-01 20:00:00+00:00, run_after=2025-08-02 00:00:00+00:00
[2025-08-02T01:54:33.181+0000] {processor.py:183} INFO - Processing /home/airflow/.local/lib/python3.8/site-packages/airflow/example_dags/example_latest_only_with_trigger.py took 0.229 seconds
[2025-08-02T01:55:03.248+0000] {processor.py:161} INFO - Started process (PID=1432) to work on /home/airflow/.local/lib/python3.8/site-packages/airflow/example_dags/example_latest_only_with_trigger.py
[2025-08-02T01:55:03.249+0000] {processor.py:830} INFO - Processing file /home/airflow/.local/lib/python3.8/site-packages/airflow/example_dags/example_latest_only_with_trigger.py for tasks to queue
[2025-08-02T01:55:03.250+0000] {logging_mixin.py:188} INFO - [2025-08-02T01:55:03.250+0000] {dagbag.py:540} INFO - Filling up the DagBag from /home/airflow/.local/lib/python3.8/site-packages/airflow/example_dags/example_latest_only_with_trigger.py
[2025-08-02T01:55:03.256+0000] {processor.py:840} INFO - DAG(s) 'latest_only_with_trigger' retrieved from /home/airflow/.local/lib/python3.8/site-packages/airflow/example_dags/example_latest_only_with_trigger.py
[2025-08-02T01:55:03.276+0000] {logging_mixin.py:188} INFO - [2025-08-02T01:55:03.276+0000] {dag.py:3047} INFO - Sync 1 DAGs
[2025-08-02T01:55:03.303+0000] {logging_mixin.py:188} INFO - [2025-08-02T01:55:03.302+0000] {dag.py:3834} INFO - Setting next_dagrun for latest_only_with_trigger to 2025-08-01 20:00:00+00:00, run_after=2025-08-02 00:00:00+00:00
[2025-08-02T01:55:03.325+0000] {processor.py:183} INFO - Processing /home/airflow/.local/lib/python3.8/site-packages/airflow/example_dags/example_latest_only_with_trigger.py took 0.083 seconds
[2025-08-02T01:55:33.455+0000] {processor.py:161} INFO - Started process (PID=1487) to work on /home/airflow/.local/lib/python3.8/site-packages/airflow/example_dags/example_latest_only_with_trigger.py
[2025-08-02T01:55:33.456+0000] {processor.py:830} INFO - Processing file /home/airflow/.local/lib/python3.8/site-packages/airflow/example_dags/example_latest_only_with_trigger.py for tasks to queue
[2025-08-02T01:55:33.458+0000] {logging_mixin.py:188} INFO - [2025-08-02T01:55:33.458+0000] {dagbag.py:540} INFO - Filling up the DagBag from /home/airflow/.local/lib/python3.8/site-packages/airflow/example_dags/example_latest_only_with_trigger.py
[2025-08-02T01:55:33.463+0000] {processor.py:840} INFO - DAG(s) 'latest_only_with_trigger' retrieved from /home/airflow/.local/lib/python3.8/site-packages/airflow/example_dags/example_latest_only_with_trigger.py
[2025-08-02T01:55:33.481+0000] {logging_mixin.py:188} INFO - [2025-08-02T01:55:33.481+0000] {dag.py:3047} INFO - Sync 1 DAGs
[2025-08-02T01:55:33.495+0000] {logging_mixin.py:188} INFO - [2025-08-02T01:55:33.495+0000] {dag.py:3834} INFO - Setting next_dagrun for latest_only_with_trigger to 2025-08-01 20:00:00+00:00, run_after=2025-08-02 00:00:00+00:00
[2025-08-02T01:55:33.510+0000] {processor.py:183} INFO - Processing /home/airflow/.local/lib/python3.8/site-packages/airflow/example_dags/example_latest_only_with_trigger.py took 0.057 seconds
[2025-08-02T01:56:03.674+0000] {processor.py:161} INFO - Started process (PID=1543) to work on /home/airflow/.local/lib/python3.8/site-packages/airflow/example_dags/example_latest_only_with_trigger.py
[2025-08-02T01:56:03.675+0000] {processor.py:830} INFO - Processing file /home/airflow/.local/lib/python3.8/site-packages/airflow/example_dags/example_latest_only_with_trigger.py for tasks to queue
[2025-08-02T01:56:03.676+0000] {logging_mixin.py:188} INFO - [2025-08-02T01:56:03.676+0000] {dagbag.py:540} INFO - Filling up the DagBag from /home/airflow/.local/lib/python3.8/site-packages/airflow/example_dags/example_latest_only_with_trigger.py
[2025-08-02T01:56:03.680+0000] {processor.py:840} INFO - DAG(s) 'latest_only_with_trigger' retrieved from /home/airflow/.local/lib/python3.8/site-packages/airflow/example_dags/example_latest_only_with_trigger.py
[2025-08-02T01:56:03.693+0000] {logging_mixin.py:188} INFO - [2025-08-02T01:56:03.693+0000] {dag.py:3047} INFO - Sync 1 DAGs
[2025-08-02T01:56:03.706+0000] {logging_mixin.py:188} INFO - [2025-08-02T01:56:03.706+0000] {dag.py:3834} INFO - Setting next_dagrun for latest_only_with_trigger to 2025-08-01 20:00:00+00:00, run_after=2025-08-02 00:00:00+00:00
[2025-08-02T01:56:03.718+0000] {processor.py:183} INFO - Processing /home/airflow/.local/lib/python3.8/site-packages/airflow/example_dags/example_latest_only_with_trigger.py took 0.046 seconds
[2025-08-02T01:56:34.944+0000] {processor.py:161} INFO - Started process (PID=1596) to work on /home/airflow/.local/lib/python3.8/site-packages/airflow/example_dags/example_latest_only_with_trigger.py
[2025-08-02T01:56:34.946+0000] {processor.py:830} INFO - Processing file /home/airflow/.local/lib/python3.8/site-packages/airflow/example_dags/example_latest_only_with_trigger.py for tasks to queue
[2025-08-02T01:56:34.947+0000] {logging_mixin.py:188} INFO - [2025-08-02T01:56:34.947+0000] {dagbag.py:540} INFO - Filling up the DagBag from /home/airflow/.local/lib/python3.8/site-packages/airflow/example_dags/example_latest_only_with_trigger.py
[2025-08-02T01:56:34.951+0000] {processor.py:840} INFO - DAG(s) 'latest_only_with_trigger' retrieved from /home/airflow/.local/lib/python3.8/site-packages/airflow/example_dags/example_latest_only_with_trigger.py
[2025-08-02T01:56:34.966+0000] {logging_mixin.py:188} INFO - [2025-08-02T01:56:34.966+0000] {dag.py:3047} INFO - Sync 1 DAGs
[2025-08-02T01:56:34.985+0000] {logging_mixin.py:188} INFO - [2025-08-02T01:56:34.985+0000] {dag.py:3834} INFO - Setting next_dagrun for latest_only_with_trigger to 2025-08-01 20:00:00+00:00, run_after=2025-08-02 00:00:00+00:00
[2025-08-02T01:56:35.003+0000] {processor.py:183} INFO - Processing /home/airflow/.local/lib/python3.8/site-packages/airflow/example_dags/example_latest_only_with_trigger.py took 0.061 seconds
[2025-08-02T01:57:06.722+0000] {processor.py:161} INFO - Started process (PID=1652) to work on /home/airflow/.local/lib/python3.8/site-packages/airflow/example_dags/example_latest_only_with_trigger.py
[2025-08-02T01:57:06.724+0000] {processor.py:830} INFO - Processing file /home/airflow/.local/lib/python3.8/site-packages/airflow/example_dags/example_latest_only_with_trigger.py for tasks to queue
[2025-08-02T01:57:06.727+0000] {logging_mixin.py:188} INFO - [2025-08-02T01:57:06.726+0000] {dagbag.py:540} INFO - Filling up the DagBag from /home/airflow/.local/lib/python3.8/site-packages/airflow/example_dags/example_latest_only_with_trigger.py
[2025-08-02T01:57:06.733+0000] {processor.py:840} INFO - DAG(s) 'latest_only_with_trigger' retrieved from /home/airflow/.local/lib/python3.8/site-packages/airflow/example_dags/example_latest_only_with_trigger.py
[2025-08-02T01:57:06.767+0000] {logging_mixin.py:188} INFO - [2025-08-02T01:57:06.767+0000] {dag.py:3047} INFO - Sync 1 DAGs
[2025-08-02T01:57:06.784+0000] {logging_mixin.py:188} INFO - [2025-08-02T01:57:06.784+0000] {dag.py:3834} INFO - Setting next_dagrun for latest_only_with_trigger to 2025-08-01 20:00:00+00:00, run_after=2025-08-02 00:00:00+00:00
[2025-08-02T01:57:06.797+0000] {processor.py:183} INFO - Processing /home/airflow/.local/lib/python3.8/site-packages/airflow/example_dags/example_latest_only_with_trigger.py took 0.078 seconds
[2025-08-02T01:57:47.332+0000] {processor.py:161} INFO - Started process (PID=1714) to work on /home/airflow/.local/lib/python3.8/site-packages/airflow/example_dags/example_latest_only_with_trigger.py
[2025-08-02T01:57:47.338+0000] {processor.py:830} INFO - Processing file /home/airflow/.local/lib/python3.8/site-packages/airflow/example_dags/example_latest_only_with_trigger.py for tasks to queue
[2025-08-02T01:57:47.341+0000] {logging_mixin.py:188} INFO - [2025-08-02T01:57:47.341+0000] {dagbag.py:540} INFO - Filling up the DagBag from /home/airflow/.local/lib/python3.8/site-packages/airflow/example_dags/example_latest_only_with_trigger.py
[2025-08-02T01:57:47.348+0000] {processor.py:840} INFO - DAG(s) 'latest_only_with_trigger' retrieved from /home/airflow/.local/lib/python3.8/site-packages/airflow/example_dags/example_latest_only_with_trigger.py
[2025-08-02T01:57:47.380+0000] {logging_mixin.py:188} INFO - [2025-08-02T01:57:47.380+0000] {dag.py:3047} INFO - Sync 1 DAGs
[2025-08-02T01:57:47.407+0000] {logging_mixin.py:188} INFO - [2025-08-02T01:57:47.407+0000] {dag.py:3834} INFO - Setting next_dagrun for latest_only_with_trigger to 2025-08-01 20:00:00+00:00, run_after=2025-08-02 00:00:00+00:00
[2025-08-02T01:57:47.445+0000] {processor.py:183} INFO - Processing /home/airflow/.local/lib/python3.8/site-packages/airflow/example_dags/example_latest_only_with_trigger.py took 0.119 seconds
[2025-08-02T01:58:19.330+0000] {processor.py:161} INFO - Started process (PID=1769) to work on /home/airflow/.local/lib/python3.8/site-packages/airflow/example_dags/example_latest_only_with_trigger.py
[2025-08-02T01:58:19.341+0000] {processor.py:830} INFO - Processing file /home/airflow/.local/lib/python3.8/site-packages/airflow/example_dags/example_latest_only_with_trigger.py for tasks to queue
[2025-08-02T01:58:19.350+0000] {logging_mixin.py:188} INFO - [2025-08-02T01:58:19.350+0000] {dagbag.py:540} INFO - Filling up the DagBag from /home/airflow/.local/lib/python3.8/site-packages/airflow/example_dags/example_latest_only_with_trigger.py
[2025-08-02T01:58:19.361+0000] {processor.py:840} INFO - DAG(s) 'latest_only_with_trigger' retrieved from /home/airflow/.local/lib/python3.8/site-packages/airflow/example_dags/example_latest_only_with_trigger.py
[2025-08-02T01:58:19.384+0000] {logging_mixin.py:188} INFO - [2025-08-02T01:58:19.383+0000] {dag.py:3047} INFO - Sync 1 DAGs
[2025-08-02T01:58:19.548+0000] {logging_mixin.py:188} INFO - [2025-08-02T01:58:19.547+0000] {dag.py:3834} INFO - Setting next_dagrun for latest_only_with_trigger to 2025-08-01 20:00:00+00:00, run_after=2025-08-02 00:00:00+00:00
[2025-08-02T01:58:19.587+0000] {processor.py:183} INFO - Processing /home/airflow/.local/lib/python3.8/site-packages/airflow/example_dags/example_latest_only_with_trigger.py took 0.264 seconds
[2025-08-02T01:58:49.746+0000] {processor.py:161} INFO - Started process (PID=1825) to work on /home/airflow/.local/lib/python3.8/site-packages/airflow/example_dags/example_latest_only_with_trigger.py
[2025-08-02T01:58:49.750+0000] {processor.py:830} INFO - Processing file /home/airflow/.local/lib/python3.8/site-packages/airflow/example_dags/example_latest_only_with_trigger.py for tasks to queue
[2025-08-02T01:58:49.755+0000] {logging_mixin.py:188} INFO - [2025-08-02T01:58:49.754+0000] {dagbag.py:540} INFO - Filling up the DagBag from /home/airflow/.local/lib/python3.8/site-packages/airflow/example_dags/example_latest_only_with_trigger.py
[2025-08-02T01:58:49.773+0000] {processor.py:840} INFO - DAG(s) 'latest_only_with_trigger' retrieved from /home/airflow/.local/lib/python3.8/site-packages/airflow/example_dags/example_latest_only_with_trigger.py
[2025-08-02T01:58:49.790+0000] {logging_mixin.py:188} INFO - [2025-08-02T01:58:49.790+0000] {dag.py:3047} INFO - Sync 1 DAGs
[2025-08-02T01:58:49.822+0000] {logging_mixin.py:188} INFO - [2025-08-02T01:58:49.822+0000] {dag.py:3834} INFO - Setting next_dagrun for latest_only_with_trigger to 2025-08-01 20:00:00+00:00, run_after=2025-08-02 00:00:00+00:00
[2025-08-02T01:58:49.856+0000] {processor.py:183} INFO - Processing /home/airflow/.local/lib/python3.8/site-packages/airflow/example_dags/example_latest_only_with_trigger.py took 0.116 seconds
[2025-08-02T01:59:20.011+0000] {processor.py:161} INFO - Started process (PID=1881) to work on /home/airflow/.local/lib/python3.8/site-packages/airflow/example_dags/example_latest_only_with_trigger.py
[2025-08-02T01:59:20.012+0000] {processor.py:830} INFO - Processing file /home/airflow/.local/lib/python3.8/site-packages/airflow/example_dags/example_latest_only_with_trigger.py for tasks to queue
[2025-08-02T01:59:20.013+0000] {logging_mixin.py:188} INFO - [2025-08-02T01:59:20.013+0000] {dagbag.py:540} INFO - Filling up the DagBag from /home/airflow/.local/lib/python3.8/site-packages/airflow/example_dags/example_latest_only_with_trigger.py
[2025-08-02T01:59:20.016+0000] {processor.py:840} INFO - DAG(s) 'latest_only_with_trigger' retrieved from /home/airflow/.local/lib/python3.8/site-packages/airflow/example_dags/example_latest_only_with_trigger.py
[2025-08-02T01:59:20.030+0000] {logging_mixin.py:188} INFO - [2025-08-02T01:59:20.030+0000] {dag.py:3047} INFO - Sync 1 DAGs
[2025-08-02T01:59:20.050+0000] {logging_mixin.py:188} INFO - [2025-08-02T01:59:20.050+0000] {dag.py:3834} INFO - Setting next_dagrun for latest_only_with_trigger to 2025-08-01 20:00:00+00:00, run_after=2025-08-02 00:00:00+00:00
[2025-08-02T01:59:20.062+0000] {processor.py:183} INFO - Processing /home/airflow/.local/lib/python3.8/site-packages/airflow/example_dags/example_latest_only_with_trigger.py took 0.053 seconds
[2025-08-02T01:59:50.798+0000] {processor.py:161} INFO - Started process (PID=1937) to work on /home/airflow/.local/lib/python3.8/site-packages/airflow/example_dags/example_latest_only_with_trigger.py
[2025-08-02T01:59:50.799+0000] {processor.py:830} INFO - Processing file /home/airflow/.local/lib/python3.8/site-packages/airflow/example_dags/example_latest_only_with_trigger.py for tasks to queue
[2025-08-02T01:59:50.800+0000] {logging_mixin.py:188} INFO - [2025-08-02T01:59:50.800+0000] {dagbag.py:540} INFO - Filling up the DagBag from /home/airflow/.local/lib/python3.8/site-packages/airflow/example_dags/example_latest_only_with_trigger.py
[2025-08-02T01:59:50.804+0000] {processor.py:840} INFO - DAG(s) 'latest_only_with_trigger' retrieved from /home/airflow/.local/lib/python3.8/site-packages/airflow/example_dags/example_latest_only_with_trigger.py
[2025-08-02T01:59:50.817+0000] {logging_mixin.py:188} INFO - [2025-08-02T01:59:50.817+0000] {dag.py:3047} INFO - Sync 1 DAGs
[2025-08-02T01:59:50.829+0000] {logging_mixin.py:188} INFO - [2025-08-02T01:59:50.829+0000] {dag.py:3834} INFO - Setting next_dagrun for latest_only_with_trigger to 2025-08-01 20:00:00+00:00, run_after=2025-08-02 00:00:00+00:00
[2025-08-02T01:59:50.841+0000] {processor.py:183} INFO - Processing /home/airflow/.local/lib/python3.8/site-packages/airflow/example_dags/example_latest_only_with_trigger.py took 0.046 seconds
[2025-08-02T02:00:21.859+0000] {processor.py:161} INFO - Started process (PID=1993) to work on /home/airflow/.local/lib/python3.8/site-packages/airflow/example_dags/example_latest_only_with_trigger.py
[2025-08-02T02:00:21.864+0000] {processor.py:830} INFO - Processing file /home/airflow/.local/lib/python3.8/site-packages/airflow/example_dags/example_latest_only_with_trigger.py for tasks to queue
[2025-08-02T02:00:21.866+0000] {logging_mixin.py:188} INFO - [2025-08-02T02:00:21.866+0000] {dagbag.py:540} INFO - Filling up the DagBag from /home/airflow/.local/lib/python3.8/site-packages/airflow/example_dags/example_latest_only_with_trigger.py
[2025-08-02T02:00:21.882+0000] {processor.py:840} INFO - DAG(s) 'latest_only_with_trigger' retrieved from /home/airflow/.local/lib/python3.8/site-packages/airflow/example_dags/example_latest_only_with_trigger.py
[2025-08-02T02:00:21.981+0000] {logging_mixin.py:188} INFO - [2025-08-02T02:00:21.981+0000] {dag.py:3047} INFO - Sync 1 DAGs
[2025-08-02T02:00:22.016+0000] {logging_mixin.py:188} INFO - [2025-08-02T02:00:22.015+0000] {dag.py:3834} INFO - Setting next_dagrun for latest_only_with_trigger to 2025-08-01 20:00:00+00:00, run_after=2025-08-02 00:00:00+00:00
[2025-08-02T02:00:22.041+0000] {processor.py:183} INFO - Processing /home/airflow/.local/lib/python3.8/site-packages/airflow/example_dags/example_latest_only_with_trigger.py took 0.193 seconds
[2025-08-02T02:01:05.828+0000] {processor.py:161} INFO - Started process (PID=2049) to work on /home/airflow/.local/lib/python3.8/site-packages/airflow/example_dags/example_latest_only_with_trigger.py
[2025-08-02T02:01:05.838+0000] {processor.py:830} INFO - Processing file /home/airflow/.local/lib/python3.8/site-packages/airflow/example_dags/example_latest_only_with_trigger.py for tasks to queue
[2025-08-02T02:01:05.843+0000] {logging_mixin.py:188} INFO - [2025-08-02T02:01:05.843+0000] {dagbag.py:540} INFO - Filling up the DagBag from /home/airflow/.local/lib/python3.8/site-packages/airflow/example_dags/example_latest_only_with_trigger.py
[2025-08-02T02:01:05.869+0000] {processor.py:840} INFO - DAG(s) 'latest_only_with_trigger' retrieved from /home/airflow/.local/lib/python3.8/site-packages/airflow/example_dags/example_latest_only_with_trigger.py
[2025-08-02T02:01:05.922+0000] {logging_mixin.py:188} INFO - [2025-08-02T02:01:05.922+0000] {dag.py:3047} INFO - Sync 1 DAGs
[2025-08-02T02:01:05.966+0000] {logging_mixin.py:188} INFO - [2025-08-02T02:01:05.966+0000] {dag.py:3834} INFO - Setting next_dagrun for latest_only_with_trigger to 2025-08-01 20:00:00+00:00, run_after=2025-08-02 00:00:00+00:00
[2025-08-02T02:01:06.040+0000] {processor.py:183} INFO - Processing /home/airflow/.local/lib/python3.8/site-packages/airflow/example_dags/example_latest_only_with_trigger.py took 0.225 seconds
[2025-08-02T02:01:36.358+0000] {processor.py:161} INFO - Started process (PID=2105) to work on /home/airflow/.local/lib/python3.8/site-packages/airflow/example_dags/example_latest_only_with_trigger.py
[2025-08-02T02:01:36.362+0000] {processor.py:830} INFO - Processing file /home/airflow/.local/lib/python3.8/site-packages/airflow/example_dags/example_latest_only_with_trigger.py for tasks to queue
[2025-08-02T02:01:36.364+0000] {logging_mixin.py:188} INFO - [2025-08-02T02:01:36.364+0000] {dagbag.py:540} INFO - Filling up the DagBag from /home/airflow/.local/lib/python3.8/site-packages/airflow/example_dags/example_latest_only_with_trigger.py
[2025-08-02T02:01:36.373+0000] {processor.py:840} INFO - DAG(s) 'latest_only_with_trigger' retrieved from /home/airflow/.local/lib/python3.8/site-packages/airflow/example_dags/example_latest_only_with_trigger.py
[2025-08-02T02:01:36.398+0000] {logging_mixin.py:188} INFO - [2025-08-02T02:01:36.398+0000] {dag.py:3047} INFO - Sync 1 DAGs
[2025-08-02T02:01:36.415+0000] {logging_mixin.py:188} INFO - [2025-08-02T02:01:36.415+0000] {dag.py:3834} INFO - Setting next_dagrun for latest_only_with_trigger to 2025-08-01 20:00:00+00:00, run_after=2025-08-02 00:00:00+00:00
[2025-08-02T02:01:36.431+0000] {processor.py:183} INFO - Processing /home/airflow/.local/lib/python3.8/site-packages/airflow/example_dags/example_latest_only_with_trigger.py took 0.078 seconds
[2025-08-02T02:02:33.816+0000] {processor.py:161} INFO - Started process (PID=2153) to work on /home/airflow/.local/lib/python3.8/site-packages/airflow/example_dags/example_latest_only_with_trigger.py
[2025-08-02T02:02:33.824+0000] {processor.py:830} INFO - Processing file /home/airflow/.local/lib/python3.8/site-packages/airflow/example_dags/example_latest_only_with_trigger.py for tasks to queue
[2025-08-02T02:02:33.845+0000] {logging_mixin.py:188} INFO - [2025-08-02T02:02:33.845+0000] {dagbag.py:540} INFO - Filling up the DagBag from /home/airflow/.local/lib/python3.8/site-packages/airflow/example_dags/example_latest_only_with_trigger.py
[2025-08-02T02:02:34.017+0000] {processor.py:840} INFO - DAG(s) 'latest_only_with_trigger' retrieved from /home/airflow/.local/lib/python3.8/site-packages/airflow/example_dags/example_latest_only_with_trigger.py
[2025-08-02T02:02:34.494+0000] {logging_mixin.py:188} INFO - [2025-08-02T02:02:34.472+0000] {dag.py:3047} INFO - Sync 1 DAGs
[2025-08-02T02:02:34.863+0000] {logging_mixin.py:188} INFO - [2025-08-02T02:02:34.860+0000] {dag.py:3834} INFO - Setting next_dagrun for latest_only_with_trigger to 2025-08-01 20:00:00+00:00, run_after=2025-08-02 00:00:00+00:00
[2025-08-02T02:02:35.271+0000] {processor.py:183} INFO - Processing /home/airflow/.local/lib/python3.8/site-packages/airflow/example_dags/example_latest_only_with_trigger.py took 1.511 seconds
[2025-08-02T02:03:12.383+0000] {processor.py:161} INFO - Started process (PID=2209) to work on /home/airflow/.local/lib/python3.8/site-packages/airflow/example_dags/example_latest_only_with_trigger.py
[2025-08-02T02:03:12.388+0000] {processor.py:830} INFO - Processing file /home/airflow/.local/lib/python3.8/site-packages/airflow/example_dags/example_latest_only_with_trigger.py for tasks to queue
[2025-08-02T02:03:12.396+0000] {logging_mixin.py:188} INFO - [2025-08-02T02:03:12.395+0000] {dagbag.py:540} INFO - Filling up the DagBag from /home/airflow/.local/lib/python3.8/site-packages/airflow/example_dags/example_latest_only_with_trigger.py
[2025-08-02T02:03:12.422+0000] {processor.py:840} INFO - DAG(s) 'latest_only_with_trigger' retrieved from /home/airflow/.local/lib/python3.8/site-packages/airflow/example_dags/example_latest_only_with_trigger.py
[2025-08-02T02:03:12.628+0000] {logging_mixin.py:188} INFO - [2025-08-02T02:03:12.626+0000] {dag.py:3047} INFO - Sync 1 DAGs
[2025-08-02T02:03:12.841+0000] {logging_mixin.py:188} INFO - [2025-08-02T02:03:12.840+0000] {dag.py:3834} INFO - Setting next_dagrun for latest_only_with_trigger to 2025-08-01 20:00:00+00:00, run_after=2025-08-02 00:00:00+00:00
[2025-08-02T02:03:12.961+0000] {processor.py:183} INFO - Processing /home/airflow/.local/lib/python3.8/site-packages/airflow/example_dags/example_latest_only_with_trigger.py took 0.588 seconds
[2025-08-02T02:03:43.554+0000] {processor.py:161} INFO - Started process (PID=2265) to work on /home/airflow/.local/lib/python3.8/site-packages/airflow/example_dags/example_latest_only_with_trigger.py
[2025-08-02T02:03:43.556+0000] {processor.py:830} INFO - Processing file /home/airflow/.local/lib/python3.8/site-packages/airflow/example_dags/example_latest_only_with_trigger.py for tasks to queue
[2025-08-02T02:03:43.560+0000] {logging_mixin.py:188} INFO - [2025-08-02T02:03:43.559+0000] {dagbag.py:540} INFO - Filling up the DagBag from /home/airflow/.local/lib/python3.8/site-packages/airflow/example_dags/example_latest_only_with_trigger.py
[2025-08-02T02:03:43.568+0000] {processor.py:840} INFO - DAG(s) 'latest_only_with_trigger' retrieved from /home/airflow/.local/lib/python3.8/site-packages/airflow/example_dags/example_latest_only_with_trigger.py
[2025-08-02T02:03:43.596+0000] {logging_mixin.py:188} INFO - [2025-08-02T02:03:43.595+0000] {dag.py:3047} INFO - Sync 1 DAGs
[2025-08-02T02:03:43.612+0000] {logging_mixin.py:188} INFO - [2025-08-02T02:03:43.612+0000] {dag.py:3834} INFO - Setting next_dagrun for latest_only_with_trigger to 2025-08-01 20:00:00+00:00, run_after=2025-08-02 00:00:00+00:00
[2025-08-02T02:03:43.622+0000] {processor.py:183} INFO - Processing /home/airflow/.local/lib/python3.8/site-packages/airflow/example_dags/example_latest_only_with_trigger.py took 0.087 seconds
[2025-08-02T02:04:22.101+0000] {processor.py:161} INFO - Started process (PID=2321) to work on /home/airflow/.local/lib/python3.8/site-packages/airflow/example_dags/example_latest_only_with_trigger.py
[2025-08-02T02:04:22.105+0000] {processor.py:830} INFO - Processing file /home/airflow/.local/lib/python3.8/site-packages/airflow/example_dags/example_latest_only_with_trigger.py for tasks to queue
[2025-08-02T02:04:22.125+0000] {logging_mixin.py:188} INFO - [2025-08-02T02:04:22.122+0000] {dagbag.py:540} INFO - Filling up the DagBag from /home/airflow/.local/lib/python3.8/site-packages/airflow/example_dags/example_latest_only_with_trigger.py
[2025-08-02T02:04:22.173+0000] {processor.py:840} INFO - DAG(s) 'latest_only_with_trigger' retrieved from /home/airflow/.local/lib/python3.8/site-packages/airflow/example_dags/example_latest_only_with_trigger.py
[2025-08-02T02:04:22.280+0000] {logging_mixin.py:188} INFO - [2025-08-02T02:04:22.279+0000] {dag.py:3047} INFO - Sync 1 DAGs
[2025-08-02T02:04:22.342+0000] {logging_mixin.py:188} INFO - [2025-08-02T02:04:22.341+0000] {dag.py:3834} INFO - Setting next_dagrun for latest_only_with_trigger to 2025-08-01 20:00:00+00:00, run_after=2025-08-02 00:00:00+00:00
[2025-08-02T02:04:22.395+0000] {processor.py:183} INFO - Processing /home/airflow/.local/lib/python3.8/site-packages/airflow/example_dags/example_latest_only_with_trigger.py took 0.329 seconds
[2025-08-02T02:04:52.813+0000] {processor.py:161} INFO - Started process (PID=2376) to work on /home/airflow/.local/lib/python3.8/site-packages/airflow/example_dags/example_latest_only_with_trigger.py
[2025-08-02T02:04:52.815+0000] {processor.py:830} INFO - Processing file /home/airflow/.local/lib/python3.8/site-packages/airflow/example_dags/example_latest_only_with_trigger.py for tasks to queue
[2025-08-02T02:04:52.818+0000] {logging_mixin.py:188} INFO - [2025-08-02T02:04:52.818+0000] {dagbag.py:540} INFO - Filling up the DagBag from /home/airflow/.local/lib/python3.8/site-packages/airflow/example_dags/example_latest_only_with_trigger.py
[2025-08-02T02:04:52.827+0000] {processor.py:840} INFO - DAG(s) 'latest_only_with_trigger' retrieved from /home/airflow/.local/lib/python3.8/site-packages/airflow/example_dags/example_latest_only_with_trigger.py
[2025-08-02T02:04:52.872+0000] {logging_mixin.py:188} INFO - [2025-08-02T02:04:52.872+0000] {dag.py:3047} INFO - Sync 1 DAGs
[2025-08-02T02:04:52.934+0000] {logging_mixin.py:188} INFO - [2025-08-02T02:04:52.933+0000] {dag.py:3834} INFO - Setting next_dagrun for latest_only_with_trigger to 2025-08-01 20:00:00+00:00, run_after=2025-08-02 00:00:00+00:00
[2025-08-02T02:04:53.025+0000] {processor.py:183} INFO - Processing /home/airflow/.local/lib/python3.8/site-packages/airflow/example_dags/example_latest_only_with_trigger.py took 0.219 seconds
[2025-08-02T02:07:59.056+0000] {processor.py:161} INFO - Started process (PID=2438) to work on /home/airflow/.local/lib/python3.8/site-packages/airflow/example_dags/example_latest_only_with_trigger.py
[2025-08-02T02:07:59.086+0000] {processor.py:830} INFO - Processing file /home/airflow/.local/lib/python3.8/site-packages/airflow/example_dags/example_latest_only_with_trigger.py for tasks to queue
[2025-08-02T02:07:59.114+0000] {logging_mixin.py:188} INFO - [2025-08-02T02:07:59.103+0000] {dagbag.py:540} INFO - Filling up the DagBag from /home/airflow/.local/lib/python3.8/site-packages/airflow/example_dags/example_latest_only_with_trigger.py
[2025-08-02T02:07:59.261+0000] {processor.py:840} INFO - DAG(s) 'latest_only_with_trigger' retrieved from /home/airflow/.local/lib/python3.8/site-packages/airflow/example_dags/example_latest_only_with_trigger.py
[2025-08-02T02:07:59.666+0000] {logging_mixin.py:188} INFO - [2025-08-02T02:07:59.641+0000] {dag.py:3047} INFO - Sync 1 DAGs
[2025-08-02T02:08:00.033+0000] {logging_mixin.py:188} INFO - [2025-08-02T02:08:00.032+0000] {dag.py:3834} INFO - Setting next_dagrun for latest_only_with_trigger to 2025-08-01 20:00:00+00:00, run_after=2025-08-02 00:00:00+00:00
[2025-08-02T02:08:00.458+0000] {processor.py:183} INFO - Processing /home/airflow/.local/lib/python3.8/site-packages/airflow/example_dags/example_latest_only_with_trigger.py took 1.457 seconds
[2025-08-02T02:08:53.381+0000] {processor.py:161} INFO - Started process (PID=2496) to work on /home/airflow/.local/lib/python3.8/site-packages/airflow/example_dags/example_latest_only_with_trigger.py
[2025-08-02T02:08:53.385+0000] {processor.py:830} INFO - Processing file /home/airflow/.local/lib/python3.8/site-packages/airflow/example_dags/example_latest_only_with_trigger.py for tasks to queue
[2025-08-02T02:08:53.389+0000] {logging_mixin.py:188} INFO - [2025-08-02T02:08:53.388+0000] {dagbag.py:540} INFO - Filling up the DagBag from /home/airflow/.local/lib/python3.8/site-packages/airflow/example_dags/example_latest_only_with_trigger.py
[2025-08-02T02:08:53.421+0000] {processor.py:840} INFO - DAG(s) 'latest_only_with_trigger' retrieved from /home/airflow/.local/lib/python3.8/site-packages/airflow/example_dags/example_latest_only_with_trigger.py
[2025-08-02T02:08:53.560+0000] {logging_mixin.py:188} INFO - [2025-08-02T02:08:53.555+0000] {dag.py:3047} INFO - Sync 1 DAGs
[2025-08-02T02:08:53.668+0000] {logging_mixin.py:188} INFO - [2025-08-02T02:08:53.665+0000] {dag.py:3834} INFO - Setting next_dagrun for latest_only_with_trigger to 2025-08-01 20:00:00+00:00, run_after=2025-08-02 00:00:00+00:00
[2025-08-02T02:08:53.809+0000] {processor.py:183} INFO - Processing /home/airflow/.local/lib/python3.8/site-packages/airflow/example_dags/example_latest_only_with_trigger.py took 0.442 seconds
[2025-08-02T02:09:24.687+0000] {processor.py:161} INFO - Started process (PID=2552) to work on /home/airflow/.local/lib/python3.8/site-packages/airflow/example_dags/example_latest_only_with_trigger.py
[2025-08-02T02:09:24.690+0000] {processor.py:830} INFO - Processing file /home/airflow/.local/lib/python3.8/site-packages/airflow/example_dags/example_latest_only_with_trigger.py for tasks to queue
[2025-08-02T02:09:24.691+0000] {logging_mixin.py:188} INFO - [2025-08-02T02:09:24.691+0000] {dagbag.py:540} INFO - Filling up the DagBag from /home/airflow/.local/lib/python3.8/site-packages/airflow/example_dags/example_latest_only_with_trigger.py
[2025-08-02T02:09:24.701+0000] {processor.py:840} INFO - DAG(s) 'latest_only_with_trigger' retrieved from /home/airflow/.local/lib/python3.8/site-packages/airflow/example_dags/example_latest_only_with_trigger.py
[2025-08-02T02:09:24.749+0000] {logging_mixin.py:188} INFO - [2025-08-02T02:09:24.749+0000] {dag.py:3047} INFO - Sync 1 DAGs
[2025-08-02T02:09:24.840+0000] {logging_mixin.py:188} INFO - [2025-08-02T02:09:24.838+0000] {dag.py:3834} INFO - Setting next_dagrun for latest_only_with_trigger to 2025-08-01 20:00:00+00:00, run_after=2025-08-02 00:00:00+00:00
[2025-08-02T02:09:24.957+0000] {processor.py:183} INFO - Processing /home/airflow/.local/lib/python3.8/site-packages/airflow/example_dags/example_latest_only_with_trigger.py took 0.274 seconds
[2025-08-02T02:10:01.128+0000] {processor.py:161} INFO - Started process (PID=2608) to work on /home/airflow/.local/lib/python3.8/site-packages/airflow/example_dags/example_latest_only_with_trigger.py
[2025-08-02T02:10:01.134+0000] {processor.py:830} INFO - Processing file /home/airflow/.local/lib/python3.8/site-packages/airflow/example_dags/example_latest_only_with_trigger.py for tasks to queue
[2025-08-02T02:10:01.147+0000] {logging_mixin.py:188} INFO - [2025-08-02T02:10:01.144+0000] {dagbag.py:540} INFO - Filling up the DagBag from /home/airflow/.local/lib/python3.8/site-packages/airflow/example_dags/example_latest_only_with_trigger.py
[2025-08-02T02:10:01.172+0000] {processor.py:840} INFO - DAG(s) 'latest_only_with_trigger' retrieved from /home/airflow/.local/lib/python3.8/site-packages/airflow/example_dags/example_latest_only_with_trigger.py
[2025-08-02T02:10:01.233+0000] {logging_mixin.py:188} INFO - [2025-08-02T02:10:01.231+0000] {dag.py:3047} INFO - Sync 1 DAGs
[2025-08-02T02:10:01.296+0000] {logging_mixin.py:188} INFO - [2025-08-02T02:10:01.295+0000] {dag.py:3834} INFO - Setting next_dagrun for latest_only_with_trigger to 2025-08-01 20:00:00+00:00, run_after=2025-08-02 00:00:00+00:00
[2025-08-02T02:10:01.358+0000] {processor.py:183} INFO - Processing /home/airflow/.local/lib/python3.8/site-packages/airflow/example_dags/example_latest_only_with_trigger.py took 0.254 seconds
[2025-08-02T02:10:40.435+0000] {processor.py:161} INFO - Started process (PID=2664) to work on /home/airflow/.local/lib/python3.8/site-packages/airflow/example_dags/example_latest_only_with_trigger.py
[2025-08-02T02:10:40.438+0000] {processor.py:830} INFO - Processing file /home/airflow/.local/lib/python3.8/site-packages/airflow/example_dags/example_latest_only_with_trigger.py for tasks to queue
[2025-08-02T02:10:40.452+0000] {logging_mixin.py:188} INFO - [2025-08-02T02:10:40.445+0000] {dagbag.py:540} INFO - Filling up the DagBag from /home/airflow/.local/lib/python3.8/site-packages/airflow/example_dags/example_latest_only_with_trigger.py
[2025-08-02T02:10:40.513+0000] {processor.py:840} INFO - DAG(s) 'latest_only_with_trigger' retrieved from /home/airflow/.local/lib/python3.8/site-packages/airflow/example_dags/example_latest_only_with_trigger.py
[2025-08-02T02:10:40.643+0000] {logging_mixin.py:188} INFO - [2025-08-02T02:10:40.642+0000] {dag.py:3047} INFO - Sync 1 DAGs
[2025-08-02T02:10:40.724+0000] {logging_mixin.py:188} INFO - [2025-08-02T02:10:40.723+0000] {dag.py:3834} INFO - Setting next_dagrun for latest_only_with_trigger to 2025-08-01 20:00:00+00:00, run_after=2025-08-02 00:00:00+00:00
[2025-08-02T02:10:40.800+0000] {processor.py:183} INFO - Processing /home/airflow/.local/lib/python3.8/site-packages/airflow/example_dags/example_latest_only_with_trigger.py took 0.399 seconds
[2025-08-02T02:11:14.383+0000] {processor.py:161} INFO - Started process (PID=2720) to work on /home/airflow/.local/lib/python3.8/site-packages/airflow/example_dags/example_latest_only_with_trigger.py
[2025-08-02T02:11:14.397+0000] {processor.py:830} INFO - Processing file /home/airflow/.local/lib/python3.8/site-packages/airflow/example_dags/example_latest_only_with_trigger.py for tasks to queue
[2025-08-02T02:11:14.408+0000] {logging_mixin.py:188} INFO - [2025-08-02T02:11:14.402+0000] {dagbag.py:540} INFO - Filling up the DagBag from /home/airflow/.local/lib/python3.8/site-packages/airflow/example_dags/example_latest_only_with_trigger.py
[2025-08-02T02:11:14.559+0000] {processor.py:840} INFO - DAG(s) 'latest_only_with_trigger' retrieved from /home/airflow/.local/lib/python3.8/site-packages/airflow/example_dags/example_latest_only_with_trigger.py
[2025-08-02T02:11:15.103+0000] {logging_mixin.py:188} INFO - [2025-08-02T02:11:15.097+0000] {dag.py:3047} INFO - Sync 1 DAGs
[2025-08-02T02:11:15.204+0000] {logging_mixin.py:188} INFO - [2025-08-02T02:11:15.204+0000] {dag.py:3834} INFO - Setting next_dagrun for latest_only_with_trigger to 2025-08-01 20:00:00+00:00, run_after=2025-08-02 00:00:00+00:00
[2025-08-02T02:11:15.271+0000] {processor.py:183} INFO - Processing /home/airflow/.local/lib/python3.8/site-packages/airflow/example_dags/example_latest_only_with_trigger.py took 0.869 seconds
[2025-08-02T02:11:45.513+0000] {processor.py:161} INFO - Started process (PID=2776) to work on /home/airflow/.local/lib/python3.8/site-packages/airflow/example_dags/example_latest_only_with_trigger.py
[2025-08-02T02:11:45.515+0000] {processor.py:830} INFO - Processing file /home/airflow/.local/lib/python3.8/site-packages/airflow/example_dags/example_latest_only_with_trigger.py for tasks to queue
[2025-08-02T02:11:45.518+0000] {logging_mixin.py:188} INFO - [2025-08-02T02:11:45.517+0000] {dagbag.py:540} INFO - Filling up the DagBag from /home/airflow/.local/lib/python3.8/site-packages/airflow/example_dags/example_latest_only_with_trigger.py
[2025-08-02T02:11:45.536+0000] {processor.py:840} INFO - DAG(s) 'latest_only_with_trigger' retrieved from /home/airflow/.local/lib/python3.8/site-packages/airflow/example_dags/example_latest_only_with_trigger.py
[2025-08-02T02:11:45.567+0000] {logging_mixin.py:188} INFO - [2025-08-02T02:11:45.567+0000] {dag.py:3047} INFO - Sync 1 DAGs
[2025-08-02T02:11:45.612+0000] {logging_mixin.py:188} INFO - [2025-08-02T02:11:45.611+0000] {dag.py:3834} INFO - Setting next_dagrun for latest_only_with_trigger to 2025-08-01 20:00:00+00:00, run_after=2025-08-02 00:00:00+00:00
[2025-08-02T02:11:45.671+0000] {processor.py:183} INFO - Processing /home/airflow/.local/lib/python3.8/site-packages/airflow/example_dags/example_latest_only_with_trigger.py took 0.160 seconds
[2025-08-02T02:12:27.246+0000] {processor.py:161} INFO - Started process (PID=2832) to work on /home/airflow/.local/lib/python3.8/site-packages/airflow/example_dags/example_latest_only_with_trigger.py
[2025-08-02T02:12:27.249+0000] {processor.py:830} INFO - Processing file /home/airflow/.local/lib/python3.8/site-packages/airflow/example_dags/example_latest_only_with_trigger.py for tasks to queue
[2025-08-02T02:12:27.250+0000] {logging_mixin.py:188} INFO - [2025-08-02T02:12:27.249+0000] {dagbag.py:540} INFO - Filling up the DagBag from /home/airflow/.local/lib/python3.8/site-packages/airflow/example_dags/example_latest_only_with_trigger.py
[2025-08-02T02:12:27.258+0000] {processor.py:840} INFO - DAG(s) 'latest_only_with_trigger' retrieved from /home/airflow/.local/lib/python3.8/site-packages/airflow/example_dags/example_latest_only_with_trigger.py
[2025-08-02T02:12:27.331+0000] {logging_mixin.py:188} INFO - [2025-08-02T02:12:27.331+0000] {dag.py:3047} INFO - Sync 1 DAGs
[2025-08-02T02:12:27.383+0000] {logging_mixin.py:188} INFO - [2025-08-02T02:12:27.382+0000] {dag.py:3834} INFO - Setting next_dagrun for latest_only_with_trigger to 2025-08-01 20:00:00+00:00, run_after=2025-08-02 00:00:00+00:00
[2025-08-02T02:12:27.410+0000] {processor.py:183} INFO - Processing /home/airflow/.local/lib/python3.8/site-packages/airflow/example_dags/example_latest_only_with_trigger.py took 0.186 seconds
[2025-08-02T02:13:01.320+0000] {processor.py:161} INFO - Started process (PID=2887) to work on /home/airflow/.local/lib/python3.8/site-packages/airflow/example_dags/example_latest_only_with_trigger.py
[2025-08-02T02:13:01.323+0000] {processor.py:830} INFO - Processing file /home/airflow/.local/lib/python3.8/site-packages/airflow/example_dags/example_latest_only_with_trigger.py for tasks to queue
[2025-08-02T02:13:01.325+0000] {logging_mixin.py:188} INFO - [2025-08-02T02:13:01.323+0000] {dagbag.py:540} INFO - Filling up the DagBag from /home/airflow/.local/lib/python3.8/site-packages/airflow/example_dags/example_latest_only_with_trigger.py
[2025-08-02T02:13:01.344+0000] {processor.py:840} INFO - DAG(s) 'latest_only_with_trigger' retrieved from /home/airflow/.local/lib/python3.8/site-packages/airflow/example_dags/example_latest_only_with_trigger.py
[2025-08-02T02:13:01.470+0000] {logging_mixin.py:188} INFO - [2025-08-02T02:13:01.465+0000] {dag.py:3047} INFO - Sync 1 DAGs
[2025-08-02T02:13:01.630+0000] {logging_mixin.py:188} INFO - [2025-08-02T02:13:01.628+0000] {dag.py:3834} INFO - Setting next_dagrun for latest_only_with_trigger to 2025-08-01 20:00:00+00:00, run_after=2025-08-02 00:00:00+00:00
[2025-08-02T02:13:02.412+0000] {processor.py:183} INFO - Processing /home/airflow/.local/lib/python3.8/site-packages/airflow/example_dags/example_latest_only_with_trigger.py took 1.063 seconds
[2025-08-02T02:13:36.087+0000] {processor.py:161} INFO - Started process (PID=2944) to work on /home/airflow/.local/lib/python3.8/site-packages/airflow/example_dags/example_latest_only_with_trigger.py
[2025-08-02T02:13:36.097+0000] {processor.py:830} INFO - Processing file /home/airflow/.local/lib/python3.8/site-packages/airflow/example_dags/example_latest_only_with_trigger.py for tasks to queue
[2025-08-02T02:13:36.113+0000] {logging_mixin.py:188} INFO - [2025-08-02T02:13:36.104+0000] {dagbag.py:540} INFO - Filling up the DagBag from /home/airflow/.local/lib/python3.8/site-packages/airflow/example_dags/example_latest_only_with_trigger.py
[2025-08-02T02:13:36.597+0000] {processor.py:840} INFO - DAG(s) 'latest_only_with_trigger' retrieved from /home/airflow/.local/lib/python3.8/site-packages/airflow/example_dags/example_latest_only_with_trigger.py
[2025-08-02T02:13:38.276+0000] {logging_mixin.py:188} INFO - [2025-08-02T02:13:38.258+0000] {dag.py:3047} INFO - Sync 1 DAGs
[2025-08-02T02:13:41.390+0000] {logging_mixin.py:188} INFO - [2025-08-02T02:13:41.047+0000] {dag.py:3834} INFO - Setting next_dagrun for latest_only_with_trigger to 2025-08-01 20:00:00+00:00, run_after=2025-08-02 00:00:00+00:00
[2025-08-02T02:13:43.237+0000] {processor.py:183} INFO - Processing /home/airflow/.local/lib/python3.8/site-packages/airflow/example_dags/example_latest_only_with_trigger.py took 7.190 seconds
[2025-08-02T02:14:14.333+0000] {processor.py:161} INFO - Started process (PID=3004) to work on /home/airflow/.local/lib/python3.8/site-packages/airflow/example_dags/example_latest_only_with_trigger.py
[2025-08-02T02:14:14.345+0000] {processor.py:830} INFO - Processing file /home/airflow/.local/lib/python3.8/site-packages/airflow/example_dags/example_latest_only_with_trigger.py for tasks to queue
[2025-08-02T02:14:14.365+0000] {logging_mixin.py:188} INFO - [2025-08-02T02:14:14.349+0000] {dagbag.py:540} INFO - Filling up the DagBag from /home/airflow/.local/lib/python3.8/site-packages/airflow/example_dags/example_latest_only_with_trigger.py
[2025-08-02T02:14:14.431+0000] {processor.py:840} INFO - DAG(s) 'latest_only_with_trigger' retrieved from /home/airflow/.local/lib/python3.8/site-packages/airflow/example_dags/example_latest_only_with_trigger.py
[2025-08-02T02:14:14.545+0000] {logging_mixin.py:188} INFO - [2025-08-02T02:14:14.544+0000] {dag.py:3047} INFO - Sync 1 DAGs
[2025-08-02T02:14:14.606+0000] {logging_mixin.py:188} INFO - [2025-08-02T02:14:14.605+0000] {dag.py:3834} INFO - Setting next_dagrun for latest_only_with_trigger to 2025-08-01 20:00:00+00:00, run_after=2025-08-02 00:00:00+00:00
[2025-08-02T02:14:14.672+0000] {processor.py:183} INFO - Processing /home/airflow/.local/lib/python3.8/site-packages/airflow/example_dags/example_latest_only_with_trigger.py took 0.373 seconds
[2025-08-02T02:14:46.825+0000] {processor.py:161} INFO - Started process (PID=3064) to work on /home/airflow/.local/lib/python3.8/site-packages/airflow/example_dags/example_latest_only_with_trigger.py
[2025-08-02T02:14:46.830+0000] {processor.py:830} INFO - Processing file /home/airflow/.local/lib/python3.8/site-packages/airflow/example_dags/example_latest_only_with_trigger.py for tasks to queue
[2025-08-02T02:14:46.833+0000] {logging_mixin.py:188} INFO - [2025-08-02T02:14:46.833+0000] {dagbag.py:540} INFO - Filling up the DagBag from /home/airflow/.local/lib/python3.8/site-packages/airflow/example_dags/example_latest_only_with_trigger.py
[2025-08-02T02:14:46.888+0000] {processor.py:840} INFO - DAG(s) 'latest_only_with_trigger' retrieved from /home/airflow/.local/lib/python3.8/site-packages/airflow/example_dags/example_latest_only_with_trigger.py
[2025-08-02T02:14:46.959+0000] {logging_mixin.py:188} INFO - [2025-08-02T02:14:46.957+0000] {dag.py:3047} INFO - Sync 1 DAGs
[2025-08-02T02:14:47.001+0000] {logging_mixin.py:188} INFO - [2025-08-02T02:14:47.001+0000] {dag.py:3834} INFO - Setting next_dagrun for latest_only_with_trigger to 2025-08-01 20:00:00+00:00, run_after=2025-08-02 00:00:00+00:00
[2025-08-02T02:14:47.041+0000] {processor.py:183} INFO - Processing /home/airflow/.local/lib/python3.8/site-packages/airflow/example_dags/example_latest_only_with_trigger.py took 0.250 seconds
[2025-08-02T02:15:38.662+0000] {processor.py:161} INFO - Started process (PID=3120) to work on /home/airflow/.local/lib/python3.8/site-packages/airflow/example_dags/example_latest_only_with_trigger.py
[2025-08-02T02:15:38.666+0000] {processor.py:830} INFO - Processing file /home/airflow/.local/lib/python3.8/site-packages/airflow/example_dags/example_latest_only_with_trigger.py for tasks to queue
[2025-08-02T02:15:38.680+0000] {logging_mixin.py:188} INFO - [2025-08-02T02:15:38.674+0000] {dagbag.py:540} INFO - Filling up the DagBag from /home/airflow/.local/lib/python3.8/site-packages/airflow/example_dags/example_latest_only_with_trigger.py
[2025-08-02T02:15:38.716+0000] {processor.py:840} INFO - DAG(s) 'latest_only_with_trigger' retrieved from /home/airflow/.local/lib/python3.8/site-packages/airflow/example_dags/example_latest_only_with_trigger.py
[2025-08-02T02:15:39.074+0000] {logging_mixin.py:188} INFO - [2025-08-02T02:15:39.071+0000] {dag.py:3047} INFO - Sync 1 DAGs
[2025-08-02T02:15:39.395+0000] {logging_mixin.py:188} INFO - [2025-08-02T02:15:39.391+0000] {dag.py:3834} INFO - Setting next_dagrun for latest_only_with_trigger to 2025-08-01 20:00:00+00:00, run_after=2025-08-02 00:00:00+00:00
[2025-08-02T02:15:39.598+0000] {processor.py:183} INFO - Processing /home/airflow/.local/lib/python3.8/site-packages/airflow/example_dags/example_latest_only_with_trigger.py took 0.944 seconds
[2025-08-02T02:16:09.959+0000] {processor.py:161} INFO - Started process (PID=3176) to work on /home/airflow/.local/lib/python3.8/site-packages/airflow/example_dags/example_latest_only_with_trigger.py
[2025-08-02T02:16:09.961+0000] {processor.py:830} INFO - Processing file /home/airflow/.local/lib/python3.8/site-packages/airflow/example_dags/example_latest_only_with_trigger.py for tasks to queue
[2025-08-02T02:16:09.963+0000] {logging_mixin.py:188} INFO - [2025-08-02T02:16:09.963+0000] {dagbag.py:540} INFO - Filling up the DagBag from /home/airflow/.local/lib/python3.8/site-packages/airflow/example_dags/example_latest_only_with_trigger.py
[2025-08-02T02:16:09.992+0000] {processor.py:840} INFO - DAG(s) 'latest_only_with_trigger' retrieved from /home/airflow/.local/lib/python3.8/site-packages/airflow/example_dags/example_latest_only_with_trigger.py
[2025-08-02T02:16:10.039+0000] {logging_mixin.py:188} INFO - [2025-08-02T02:16:10.038+0000] {dag.py:3047} INFO - Sync 1 DAGs
[2025-08-02T02:16:10.145+0000] {logging_mixin.py:188} INFO - [2025-08-02T02:16:10.144+0000] {dag.py:3834} INFO - Setting next_dagrun for latest_only_with_trigger to 2025-08-01 20:00:00+00:00, run_after=2025-08-02 00:00:00+00:00
[2025-08-02T02:16:10.261+0000] {processor.py:183} INFO - Processing /home/airflow/.local/lib/python3.8/site-packages/airflow/example_dags/example_latest_only_with_trigger.py took 0.310 seconds
[2025-08-02T02:16:53.366+0000] {processor.py:161} INFO - Started process (PID=3242) to work on /home/airflow/.local/lib/python3.8/site-packages/airflow/example_dags/example_latest_only_with_trigger.py
[2025-08-02T02:16:53.370+0000] {processor.py:830} INFO - Processing file /home/airflow/.local/lib/python3.8/site-packages/airflow/example_dags/example_latest_only_with_trigger.py for tasks to queue
[2025-08-02T02:16:53.374+0000] {logging_mixin.py:188} INFO - [2025-08-02T02:16:53.373+0000] {dagbag.py:540} INFO - Filling up the DagBag from /home/airflow/.local/lib/python3.8/site-packages/airflow/example_dags/example_latest_only_with_trigger.py
[2025-08-02T02:16:53.428+0000] {processor.py:840} INFO - DAG(s) 'latest_only_with_trigger' retrieved from /home/airflow/.local/lib/python3.8/site-packages/airflow/example_dags/example_latest_only_with_trigger.py
[2025-08-02T02:16:53.563+0000] {logging_mixin.py:188} INFO - [2025-08-02T02:16:53.558+0000] {dag.py:3047} INFO - Sync 1 DAGs
[2025-08-02T02:16:53.631+0000] {logging_mixin.py:188} INFO - [2025-08-02T02:16:53.630+0000] {dag.py:3834} INFO - Setting next_dagrun for latest_only_with_trigger to 2025-08-01 20:00:00+00:00, run_after=2025-08-02 00:00:00+00:00
[2025-08-02T02:16:53.711+0000] {processor.py:183} INFO - Processing /home/airflow/.local/lib/python3.8/site-packages/airflow/example_dags/example_latest_only_with_trigger.py took 0.363 seconds
[2025-08-02T02:17:26.836+0000] {processor.py:161} INFO - Started process (PID=3298) to work on /home/airflow/.local/lib/python3.8/site-packages/airflow/example_dags/example_latest_only_with_trigger.py
[2025-08-02T02:17:26.843+0000] {processor.py:830} INFO - Processing file /home/airflow/.local/lib/python3.8/site-packages/airflow/example_dags/example_latest_only_with_trigger.py for tasks to queue
[2025-08-02T02:17:26.843+0000] {logging_mixin.py:188} INFO - [2025-08-02T02:17:26.843+0000] {dagbag.py:540} INFO - Filling up the DagBag from /home/airflow/.local/lib/python3.8/site-packages/airflow/example_dags/example_latest_only_with_trigger.py
[2025-08-02T02:17:26.858+0000] {processor.py:840} INFO - DAG(s) 'latest_only_with_trigger' retrieved from /home/airflow/.local/lib/python3.8/site-packages/airflow/example_dags/example_latest_only_with_trigger.py
[2025-08-02T02:17:26.892+0000] {logging_mixin.py:188} INFO - [2025-08-02T02:17:26.891+0000] {dag.py:3047} INFO - Sync 1 DAGs
[2025-08-02T02:17:26.930+0000] {logging_mixin.py:188} INFO - [2025-08-02T02:17:26.930+0000] {dag.py:3834} INFO - Setting next_dagrun for latest_only_with_trigger to 2025-08-01 20:00:00+00:00, run_after=2025-08-02 00:00:00+00:00
[2025-08-02T02:17:26.971+0000] {processor.py:183} INFO - Processing /home/airflow/.local/lib/python3.8/site-packages/airflow/example_dags/example_latest_only_with_trigger.py took 0.141 seconds
[2025-08-02T02:18:28.391+0000] {processor.py:161} INFO - Started process (PID=3367) to work on /home/airflow/.local/lib/python3.8/site-packages/airflow/example_dags/example_latest_only_with_trigger.py
[2025-08-02T02:18:28.401+0000] {processor.py:830} INFO - Processing file /home/airflow/.local/lib/python3.8/site-packages/airflow/example_dags/example_latest_only_with_trigger.py for tasks to queue
[2025-08-02T02:18:28.407+0000] {logging_mixin.py:188} INFO - [2025-08-02T02:18:28.405+0000] {dagbag.py:540} INFO - Filling up the DagBag from /home/airflow/.local/lib/python3.8/site-packages/airflow/example_dags/example_latest_only_with_trigger.py
[2025-08-02T02:18:28.447+0000] {processor.py:840} INFO - DAG(s) 'latest_only_with_trigger' retrieved from /home/airflow/.local/lib/python3.8/site-packages/airflow/example_dags/example_latest_only_with_trigger.py
[2025-08-02T02:18:28.622+0000] {logging_mixin.py:188} INFO - [2025-08-02T02:18:28.622+0000] {dag.py:3047} INFO - Sync 1 DAGs
[2025-08-02T02:18:28.795+0000] {logging_mixin.py:188} INFO - [2025-08-02T02:18:28.790+0000] {dag.py:3834} INFO - Setting next_dagrun for latest_only_with_trigger to 2025-08-01 20:00:00+00:00, run_after=2025-08-02 00:00:00+00:00
[2025-08-02T02:18:28.991+0000] {processor.py:183} INFO - Processing /home/airflow/.local/lib/python3.8/site-packages/airflow/example_dags/example_latest_only_with_trigger.py took 0.604 seconds
[2025-08-02T02:19:10.847+0000] {processor.py:161} INFO - Started process (PID=3434) to work on /home/airflow/.local/lib/python3.8/site-packages/airflow/example_dags/example_latest_only_with_trigger.py
[2025-08-02T02:19:10.855+0000] {processor.py:830} INFO - Processing file /home/airflow/.local/lib/python3.8/site-packages/airflow/example_dags/example_latest_only_with_trigger.py for tasks to queue
[2025-08-02T02:19:10.860+0000] {logging_mixin.py:188} INFO - [2025-08-02T02:19:10.858+0000] {dagbag.py:540} INFO - Filling up the DagBag from /home/airflow/.local/lib/python3.8/site-packages/airflow/example_dags/example_latest_only_with_trigger.py
[2025-08-02T02:19:10.885+0000] {processor.py:840} INFO - DAG(s) 'latest_only_with_trigger' retrieved from /home/airflow/.local/lib/python3.8/site-packages/airflow/example_dags/example_latest_only_with_trigger.py
[2025-08-02T02:19:10.933+0000] {logging_mixin.py:188} INFO - [2025-08-02T02:19:10.931+0000] {dag.py:3047} INFO - Sync 1 DAGs
[2025-08-02T02:19:10.992+0000] {logging_mixin.py:188} INFO - [2025-08-02T02:19:10.992+0000] {dag.py:3834} INFO - Setting next_dagrun for latest_only_with_trigger to 2025-08-01 20:00:00+00:00, run_after=2025-08-02 00:00:00+00:00
[2025-08-02T02:19:11.026+0000] {processor.py:183} INFO - Processing /home/airflow/.local/lib/python3.8/site-packages/airflow/example_dags/example_latest_only_with_trigger.py took 0.184 seconds
[2025-08-02T02:19:53.620+0000] {processor.py:161} INFO - Started process (PID=3490) to work on /home/airflow/.local/lib/python3.8/site-packages/airflow/example_dags/example_latest_only_with_trigger.py
[2025-08-02T02:19:53.624+0000] {processor.py:830} INFO - Processing file /home/airflow/.local/lib/python3.8/site-packages/airflow/example_dags/example_latest_only_with_trigger.py for tasks to queue
[2025-08-02T02:19:53.627+0000] {logging_mixin.py:188} INFO - [2025-08-02T02:19:53.626+0000] {dagbag.py:540} INFO - Filling up the DagBag from /home/airflow/.local/lib/python3.8/site-packages/airflow/example_dags/example_latest_only_with_trigger.py
[2025-08-02T02:19:53.643+0000] {processor.py:840} INFO - DAG(s) 'latest_only_with_trigger' retrieved from /home/airflow/.local/lib/python3.8/site-packages/airflow/example_dags/example_latest_only_with_trigger.py
[2025-08-02T02:19:53.671+0000] {logging_mixin.py:188} INFO - [2025-08-02T02:19:53.671+0000] {dag.py:3047} INFO - Sync 1 DAGs
[2025-08-02T02:19:53.701+0000] {logging_mixin.py:188} INFO - [2025-08-02T02:19:53.701+0000] {dag.py:3834} INFO - Setting next_dagrun for latest_only_with_trigger to 2025-08-01 20:00:00+00:00, run_after=2025-08-02 00:00:00+00:00
[2025-08-02T02:19:53.754+0000] {processor.py:183} INFO - Processing /home/airflow/.local/lib/python3.8/site-packages/airflow/example_dags/example_latest_only_with_trigger.py took 0.151 seconds
[2025-08-02T02:20:25.940+0000] {processor.py:161} INFO - Started process (PID=3546) to work on /home/airflow/.local/lib/python3.8/site-packages/airflow/example_dags/example_latest_only_with_trigger.py
[2025-08-02T02:20:25.942+0000] {processor.py:830} INFO - Processing file /home/airflow/.local/lib/python3.8/site-packages/airflow/example_dags/example_latest_only_with_trigger.py for tasks to queue
[2025-08-02T02:20:25.952+0000] {logging_mixin.py:188} INFO - [2025-08-02T02:20:25.949+0000] {dagbag.py:540} INFO - Filling up the DagBag from /home/airflow/.local/lib/python3.8/site-packages/airflow/example_dags/example_latest_only_with_trigger.py
[2025-08-02T02:20:25.992+0000] {processor.py:840} INFO - DAG(s) 'latest_only_with_trigger' retrieved from /home/airflow/.local/lib/python3.8/site-packages/airflow/example_dags/example_latest_only_with_trigger.py
[2025-08-02T02:20:26.076+0000] {logging_mixin.py:188} INFO - [2025-08-02T02:20:26.076+0000] {dag.py:3047} INFO - Sync 1 DAGs
[2025-08-02T02:20:27.380+0000] {logging_mixin.py:188} INFO - [2025-08-02T02:20:27.379+0000] {dag.py:3834} INFO - Setting next_dagrun for latest_only_with_trigger to 2025-08-01 20:00:00+00:00, run_after=2025-08-02 00:00:00+00:00
[2025-08-02T02:20:27.395+0000] {processor.py:183} INFO - Processing /home/airflow/.local/lib/python3.8/site-packages/airflow/example_dags/example_latest_only_with_trigger.py took 1.462 seconds
[2025-08-02T02:20:58.175+0000] {processor.py:161} INFO - Started process (PID=3603) to work on /home/airflow/.local/lib/python3.8/site-packages/airflow/example_dags/example_latest_only_with_trigger.py
[2025-08-02T02:20:58.193+0000] {processor.py:830} INFO - Processing file /home/airflow/.local/lib/python3.8/site-packages/airflow/example_dags/example_latest_only_with_trigger.py for tasks to queue
[2025-08-02T02:20:58.199+0000] {logging_mixin.py:188} INFO - [2025-08-02T02:20:58.196+0000] {dagbag.py:540} INFO - Filling up the DagBag from /home/airflow/.local/lib/python3.8/site-packages/airflow/example_dags/example_latest_only_with_trigger.py
[2025-08-02T02:20:58.245+0000] {processor.py:840} INFO - DAG(s) 'latest_only_with_trigger' retrieved from /home/airflow/.local/lib/python3.8/site-packages/airflow/example_dags/example_latest_only_with_trigger.py
[2025-08-02T02:20:58.377+0000] {logging_mixin.py:188} INFO - [2025-08-02T02:20:58.376+0000] {dag.py:3047} INFO - Sync 1 DAGs
[2025-08-02T02:20:58.442+0000] {logging_mixin.py:188} INFO - [2025-08-02T02:20:58.442+0000] {dag.py:3834} INFO - Setting next_dagrun for latest_only_with_trigger to 2025-08-01 20:00:00+00:00, run_after=2025-08-02 00:00:00+00:00
[2025-08-02T02:20:58.522+0000] {processor.py:183} INFO - Processing /home/airflow/.local/lib/python3.8/site-packages/airflow/example_dags/example_latest_only_with_trigger.py took 0.378 seconds
[2025-08-02T02:21:28.957+0000] {processor.py:161} INFO - Started process (PID=3660) to work on /home/airflow/.local/lib/python3.8/site-packages/airflow/example_dags/example_latest_only_with_trigger.py
[2025-08-02T02:21:28.963+0000] {processor.py:830} INFO - Processing file /home/airflow/.local/lib/python3.8/site-packages/airflow/example_dags/example_latest_only_with_trigger.py for tasks to queue
[2025-08-02T02:21:28.969+0000] {logging_mixin.py:188} INFO - [2025-08-02T02:21:28.968+0000] {dagbag.py:540} INFO - Filling up the DagBag from /home/airflow/.local/lib/python3.8/site-packages/airflow/example_dags/example_latest_only_with_trigger.py
[2025-08-02T02:21:29.019+0000] {processor.py:840} INFO - DAG(s) 'latest_only_with_trigger' retrieved from /home/airflow/.local/lib/python3.8/site-packages/airflow/example_dags/example_latest_only_with_trigger.py
[2025-08-02T02:21:29.112+0000] {logging_mixin.py:188} INFO - [2025-08-02T02:21:29.110+0000] {dag.py:3047} INFO - Sync 1 DAGs
[2025-08-02T02:21:29.180+0000] {logging_mixin.py:188} INFO - [2025-08-02T02:21:29.179+0000] {dag.py:3834} INFO - Setting next_dagrun for latest_only_with_trigger to 2025-08-01 20:00:00+00:00, run_after=2025-08-02 00:00:00+00:00
[2025-08-02T02:21:29.257+0000] {processor.py:183} INFO - Processing /home/airflow/.local/lib/python3.8/site-packages/airflow/example_dags/example_latest_only_with_trigger.py took 0.345 seconds
[2025-08-02T02:21:59.358+0000] {processor.py:161} INFO - Started process (PID=3715) to work on /home/airflow/.local/lib/python3.8/site-packages/airflow/example_dags/example_latest_only_with_trigger.py
[2025-08-02T02:21:59.361+0000] {processor.py:830} INFO - Processing file /home/airflow/.local/lib/python3.8/site-packages/airflow/example_dags/example_latest_only_with_trigger.py for tasks to queue
[2025-08-02T02:21:59.363+0000] {logging_mixin.py:188} INFO - [2025-08-02T02:21:59.362+0000] {dagbag.py:540} INFO - Filling up the DagBag from /home/airflow/.local/lib/python3.8/site-packages/airflow/example_dags/example_latest_only_with_trigger.py
[2025-08-02T02:21:59.393+0000] {processor.py:840} INFO - DAG(s) 'latest_only_with_trigger' retrieved from /home/airflow/.local/lib/python3.8/site-packages/airflow/example_dags/example_latest_only_with_trigger.py
[2025-08-02T02:21:59.523+0000] {logging_mixin.py:188} INFO - [2025-08-02T02:21:59.522+0000] {dag.py:3047} INFO - Sync 1 DAGs
[2025-08-02T02:21:59.632+0000] {logging_mixin.py:188} INFO - [2025-08-02T02:21:59.631+0000] {dag.py:3834} INFO - Setting next_dagrun for latest_only_with_trigger to 2025-08-01 20:00:00+00:00, run_after=2025-08-02 00:00:00+00:00
[2025-08-02T02:21:59.690+0000] {processor.py:183} INFO - Processing /home/airflow/.local/lib/python3.8/site-packages/airflow/example_dags/example_latest_only_with_trigger.py took 0.340 seconds
[2025-08-02T02:22:36.168+0000] {processor.py:161} INFO - Started process (PID=3773) to work on /home/airflow/.local/lib/python3.8/site-packages/airflow/example_dags/example_latest_only_with_trigger.py
[2025-08-02T02:22:36.171+0000] {processor.py:830} INFO - Processing file /home/airflow/.local/lib/python3.8/site-packages/airflow/example_dags/example_latest_only_with_trigger.py for tasks to queue
[2025-08-02T02:22:36.176+0000] {logging_mixin.py:188} INFO - [2025-08-02T02:22:36.175+0000] {dagbag.py:540} INFO - Filling up the DagBag from /home/airflow/.local/lib/python3.8/site-packages/airflow/example_dags/example_latest_only_with_trigger.py
[2025-08-02T02:22:36.302+0000] {processor.py:840} INFO - DAG(s) 'latest_only_with_trigger' retrieved from /home/airflow/.local/lib/python3.8/site-packages/airflow/example_dags/example_latest_only_with_trigger.py
[2025-08-02T02:22:36.644+0000] {logging_mixin.py:188} INFO - [2025-08-02T02:22:36.628+0000] {dag.py:3047} INFO - Sync 1 DAGs
[2025-08-02T02:22:36.930+0000] {logging_mixin.py:188} INFO - [2025-08-02T02:22:36.923+0000] {dag.py:3834} INFO - Setting next_dagrun for latest_only_with_trigger to 2025-08-01 20:00:00+00:00, run_after=2025-08-02 00:00:00+00:00
[2025-08-02T02:22:37.075+0000] {processor.py:183} INFO - Processing /home/airflow/.local/lib/python3.8/site-packages/airflow/example_dags/example_latest_only_with_trigger.py took 0.928 seconds
[2025-08-02T02:23:09.493+0000] {processor.py:161} INFO - Started process (PID=3829) to work on /home/airflow/.local/lib/python3.8/site-packages/airflow/example_dags/example_latest_only_with_trigger.py
[2025-08-02T02:23:09.503+0000] {processor.py:830} INFO - Processing file /home/airflow/.local/lib/python3.8/site-packages/airflow/example_dags/example_latest_only_with_trigger.py for tasks to queue
[2025-08-02T02:23:09.504+0000] {logging_mixin.py:188} INFO - [2025-08-02T02:23:09.504+0000] {dagbag.py:540} INFO - Filling up the DagBag from /home/airflow/.local/lib/python3.8/site-packages/airflow/example_dags/example_latest_only_with_trigger.py
[2025-08-02T02:23:09.518+0000] {processor.py:840} INFO - DAG(s) 'latest_only_with_trigger' retrieved from /home/airflow/.local/lib/python3.8/site-packages/airflow/example_dags/example_latest_only_with_trigger.py
[2025-08-02T02:23:09.625+0000] {logging_mixin.py:188} INFO - [2025-08-02T02:23:09.625+0000] {dag.py:3047} INFO - Sync 1 DAGs
[2025-08-02T02:23:09.685+0000] {logging_mixin.py:188} INFO - [2025-08-02T02:23:09.684+0000] {dag.py:3834} INFO - Setting next_dagrun for latest_only_with_trigger to 2025-08-01 20:00:00+00:00, run_after=2025-08-02 00:00:00+00:00
[2025-08-02T02:23:09.752+0000] {processor.py:183} INFO - Processing /home/airflow/.local/lib/python3.8/site-packages/airflow/example_dags/example_latest_only_with_trigger.py took 0.289 seconds
[2025-08-02T02:23:39.952+0000] {processor.py:161} INFO - Started process (PID=3884) to work on /home/airflow/.local/lib/python3.8/site-packages/airflow/example_dags/example_latest_only_with_trigger.py
[2025-08-02T02:23:39.956+0000] {processor.py:830} INFO - Processing file /home/airflow/.local/lib/python3.8/site-packages/airflow/example_dags/example_latest_only_with_trigger.py for tasks to queue
[2025-08-02T02:23:39.958+0000] {logging_mixin.py:188} INFO - [2025-08-02T02:23:39.957+0000] {dagbag.py:540} INFO - Filling up the DagBag from /home/airflow/.local/lib/python3.8/site-packages/airflow/example_dags/example_latest_only_with_trigger.py
[2025-08-02T02:23:39.977+0000] {processor.py:840} INFO - DAG(s) 'latest_only_with_trigger' retrieved from /home/airflow/.local/lib/python3.8/site-packages/airflow/example_dags/example_latest_only_with_trigger.py
[2025-08-02T02:23:40.024+0000] {logging_mixin.py:188} INFO - [2025-08-02T02:23:40.023+0000] {dag.py:3047} INFO - Sync 1 DAGs
[2025-08-02T02:23:40.092+0000] {logging_mixin.py:188} INFO - [2025-08-02T02:23:40.091+0000] {dag.py:3834} INFO - Setting next_dagrun for latest_only_with_trigger to 2025-08-01 20:00:00+00:00, run_after=2025-08-02 00:00:00+00:00
[2025-08-02T02:23:40.136+0000] {processor.py:183} INFO - Processing /home/airflow/.local/lib/python3.8/site-packages/airflow/example_dags/example_latest_only_with_trigger.py took 0.192 seconds
[2025-08-02T02:24:10.298+0000] {processor.py:161} INFO - Started process (PID=3940) to work on /home/airflow/.local/lib/python3.8/site-packages/airflow/example_dags/example_latest_only_with_trigger.py
[2025-08-02T02:24:10.300+0000] {processor.py:830} INFO - Processing file /home/airflow/.local/lib/python3.8/site-packages/airflow/example_dags/example_latest_only_with_trigger.py for tasks to queue
[2025-08-02T02:24:10.301+0000] {logging_mixin.py:188} INFO - [2025-08-02T02:24:10.300+0000] {dagbag.py:540} INFO - Filling up the DagBag from /home/airflow/.local/lib/python3.8/site-packages/airflow/example_dags/example_latest_only_with_trigger.py
[2025-08-02T02:24:10.309+0000] {processor.py:840} INFO - DAG(s) 'latest_only_with_trigger' retrieved from /home/airflow/.local/lib/python3.8/site-packages/airflow/example_dags/example_latest_only_with_trigger.py
[2025-08-02T02:24:10.330+0000] {logging_mixin.py:188} INFO - [2025-08-02T02:24:10.330+0000] {dag.py:3047} INFO - Sync 1 DAGs
[2025-08-02T02:24:10.352+0000] {logging_mixin.py:188} INFO - [2025-08-02T02:24:10.352+0000] {dag.py:3834} INFO - Setting next_dagrun for latest_only_with_trigger to 2025-08-01 20:00:00+00:00, run_after=2025-08-02 00:00:00+00:00
[2025-08-02T02:24:10.385+0000] {processor.py:183} INFO - Processing /home/airflow/.local/lib/python3.8/site-packages/airflow/example_dags/example_latest_only_with_trigger.py took 0.092 seconds
[2025-08-02T02:24:41.445+0000] {processor.py:161} INFO - Started process (PID=3995) to work on /home/airflow/.local/lib/python3.8/site-packages/airflow/example_dags/example_latest_only_with_trigger.py
[2025-08-02T02:24:41.452+0000] {processor.py:830} INFO - Processing file /home/airflow/.local/lib/python3.8/site-packages/airflow/example_dags/example_latest_only_with_trigger.py for tasks to queue
[2025-08-02T02:24:41.455+0000] {logging_mixin.py:188} INFO - [2025-08-02T02:24:41.454+0000] {dagbag.py:540} INFO - Filling up the DagBag from /home/airflow/.local/lib/python3.8/site-packages/airflow/example_dags/example_latest_only_with_trigger.py
[2025-08-02T02:24:41.509+0000] {processor.py:840} INFO - DAG(s) 'latest_only_with_trigger' retrieved from /home/airflow/.local/lib/python3.8/site-packages/airflow/example_dags/example_latest_only_with_trigger.py
[2025-08-02T02:24:41.628+0000] {logging_mixin.py:188} INFO - [2025-08-02T02:24:41.627+0000] {dag.py:3047} INFO - Sync 1 DAGs
[2025-08-02T02:24:41.738+0000] {logging_mixin.py:188} INFO - [2025-08-02T02:24:41.737+0000] {dag.py:3834} INFO - Setting next_dagrun for latest_only_with_trigger to 2025-08-01 20:00:00+00:00, run_after=2025-08-02 00:00:00+00:00
[2025-08-02T02:24:41.837+0000] {processor.py:183} INFO - Processing /home/airflow/.local/lib/python3.8/site-packages/airflow/example_dags/example_latest_only_with_trigger.py took 0.449 seconds
[2025-08-02T02:25:36.209+0000] {processor.py:161} INFO - Started process (PID=4053) to work on /home/airflow/.local/lib/python3.8/site-packages/airflow/example_dags/example_latest_only_with_trigger.py
[2025-08-02T02:25:36.211+0000] {processor.py:830} INFO - Processing file /home/airflow/.local/lib/python3.8/site-packages/airflow/example_dags/example_latest_only_with_trigger.py for tasks to queue
[2025-08-02T02:25:36.213+0000] {logging_mixin.py:188} INFO - [2025-08-02T02:25:36.212+0000] {dagbag.py:540} INFO - Filling up the DagBag from /home/airflow/.local/lib/python3.8/site-packages/airflow/example_dags/example_latest_only_with_trigger.py
[2025-08-02T02:25:36.241+0000] {processor.py:840} INFO - DAG(s) 'latest_only_with_trigger' retrieved from /home/airflow/.local/lib/python3.8/site-packages/airflow/example_dags/example_latest_only_with_trigger.py
[2025-08-02T02:25:36.326+0000] {logging_mixin.py:188} INFO - [2025-08-02T02:25:36.325+0000] {dag.py:3047} INFO - Sync 1 DAGs
[2025-08-02T02:25:36.489+0000] {logging_mixin.py:188} INFO - [2025-08-02T02:25:36.488+0000] {dag.py:3834} INFO - Setting next_dagrun for latest_only_with_trigger to 2025-08-01 20:00:00+00:00, run_after=2025-08-02 00:00:00+00:00
[2025-08-02T02:25:36.609+0000] {processor.py:183} INFO - Processing /home/airflow/.local/lib/python3.8/site-packages/airflow/example_dags/example_latest_only_with_trigger.py took 0.408 seconds
[2025-08-02T02:26:07.114+0000] {processor.py:161} INFO - Started process (PID=4109) to work on /home/airflow/.local/lib/python3.8/site-packages/airflow/example_dags/example_latest_only_with_trigger.py
[2025-08-02T02:26:07.116+0000] {processor.py:830} INFO - Processing file /home/airflow/.local/lib/python3.8/site-packages/airflow/example_dags/example_latest_only_with_trigger.py for tasks to queue
[2025-08-02T02:26:07.116+0000] {logging_mixin.py:188} INFO - [2025-08-02T02:26:07.116+0000] {dagbag.py:540} INFO - Filling up the DagBag from /home/airflow/.local/lib/python3.8/site-packages/airflow/example_dags/example_latest_only_with_trigger.py
[2025-08-02T02:26:07.126+0000] {processor.py:840} INFO - DAG(s) 'latest_only_with_trigger' retrieved from /home/airflow/.local/lib/python3.8/site-packages/airflow/example_dags/example_latest_only_with_trigger.py
[2025-08-02T02:26:07.187+0000] {logging_mixin.py:188} INFO - [2025-08-02T02:26:07.187+0000] {dag.py:3047} INFO - Sync 1 DAGs
[2025-08-02T02:26:07.229+0000] {logging_mixin.py:188} INFO - [2025-08-02T02:26:07.228+0000] {dag.py:3834} INFO - Setting next_dagrun for latest_only_with_trigger to 2025-08-01 20:00:00+00:00, run_after=2025-08-02 00:00:00+00:00
[2025-08-02T02:26:07.270+0000] {processor.py:183} INFO - Processing /home/airflow/.local/lib/python3.8/site-packages/airflow/example_dags/example_latest_only_with_trigger.py took 0.161 seconds
[2025-08-02T02:26:42.348+0000] {processor.py:161} INFO - Started process (PID=4165) to work on /home/airflow/.local/lib/python3.8/site-packages/airflow/example_dags/example_latest_only_with_trigger.py
[2025-08-02T02:26:42.350+0000] {processor.py:830} INFO - Processing file /home/airflow/.local/lib/python3.8/site-packages/airflow/example_dags/example_latest_only_with_trigger.py for tasks to queue
[2025-08-02T02:26:42.351+0000] {logging_mixin.py:188} INFO - [2025-08-02T02:26:42.351+0000] {dagbag.py:540} INFO - Filling up the DagBag from /home/airflow/.local/lib/python3.8/site-packages/airflow/example_dags/example_latest_only_with_trigger.py
[2025-08-02T02:26:42.379+0000] {processor.py:840} INFO - DAG(s) 'latest_only_with_trigger' retrieved from /home/airflow/.local/lib/python3.8/site-packages/airflow/example_dags/example_latest_only_with_trigger.py
[2025-08-02T02:26:42.425+0000] {logging_mixin.py:188} INFO - [2025-08-02T02:26:42.424+0000] {dag.py:3047} INFO - Sync 1 DAGs
[2025-08-02T02:26:42.463+0000] {logging_mixin.py:188} INFO - [2025-08-02T02:26:42.462+0000] {dag.py:3834} INFO - Setting next_dagrun for latest_only_with_trigger to 2025-08-01 20:00:00+00:00, run_after=2025-08-02 00:00:00+00:00
[2025-08-02T02:26:42.516+0000] {processor.py:183} INFO - Processing /home/airflow/.local/lib/python3.8/site-packages/airflow/example_dags/example_latest_only_with_trigger.py took 0.183 seconds
[2025-08-02T02:27:17.823+0000] {processor.py:161} INFO - Started process (PID=4212) to work on /home/airflow/.local/lib/python3.8/site-packages/airflow/example_dags/example_latest_only_with_trigger.py
[2025-08-02T02:27:17.837+0000] {processor.py:830} INFO - Processing file /home/airflow/.local/lib/python3.8/site-packages/airflow/example_dags/example_latest_only_with_trigger.py for tasks to queue
[2025-08-02T02:27:17.846+0000] {logging_mixin.py:188} INFO - [2025-08-02T02:27:17.843+0000] {dagbag.py:540} INFO - Filling up the DagBag from /home/airflow/.local/lib/python3.8/site-packages/airflow/example_dags/example_latest_only_with_trigger.py
[2025-08-02T02:27:17.896+0000] {processor.py:840} INFO - DAG(s) 'latest_only_with_trigger' retrieved from /home/airflow/.local/lib/python3.8/site-packages/airflow/example_dags/example_latest_only_with_trigger.py
[2025-08-02T02:27:18.112+0000] {logging_mixin.py:188} INFO - [2025-08-02T02:27:18.110+0000] {dag.py:3047} INFO - Sync 1 DAGs
[2025-08-02T02:27:18.298+0000] {logging_mixin.py:188} INFO - [2025-08-02T02:27:18.296+0000] {dag.py:3834} INFO - Setting next_dagrun for latest_only_with_trigger to 2025-08-01 20:00:00+00:00, run_after=2025-08-02 00:00:00+00:00
[2025-08-02T02:27:18.397+0000] {processor.py:183} INFO - Processing /home/airflow/.local/lib/python3.8/site-packages/airflow/example_dags/example_latest_only_with_trigger.py took 0.610 seconds
[2025-08-02T02:27:49.188+0000] {processor.py:161} INFO - Started process (PID=4268) to work on /home/airflow/.local/lib/python3.8/site-packages/airflow/example_dags/example_latest_only_with_trigger.py
[2025-08-02T02:27:49.190+0000] {processor.py:830} INFO - Processing file /home/airflow/.local/lib/python3.8/site-packages/airflow/example_dags/example_latest_only_with_trigger.py for tasks to queue
[2025-08-02T02:27:49.191+0000] {logging_mixin.py:188} INFO - [2025-08-02T02:27:49.191+0000] {dagbag.py:540} INFO - Filling up the DagBag from /home/airflow/.local/lib/python3.8/site-packages/airflow/example_dags/example_latest_only_with_trigger.py
[2025-08-02T02:27:49.235+0000] {processor.py:840} INFO - DAG(s) 'latest_only_with_trigger' retrieved from /home/airflow/.local/lib/python3.8/site-packages/airflow/example_dags/example_latest_only_with_trigger.py
[2025-08-02T02:27:49.326+0000] {logging_mixin.py:188} INFO - [2025-08-02T02:27:49.325+0000] {dag.py:3047} INFO - Sync 1 DAGs
[2025-08-02T02:27:49.374+0000] {logging_mixin.py:188} INFO - [2025-08-02T02:27:49.374+0000] {dag.py:3834} INFO - Setting next_dagrun for latest_only_with_trigger to 2025-08-01 20:00:00+00:00, run_after=2025-08-02 00:00:00+00:00
[2025-08-02T02:27:49.417+0000] {processor.py:183} INFO - Processing /home/airflow/.local/lib/python3.8/site-packages/airflow/example_dags/example_latest_only_with_trigger.py took 0.236 seconds
[2025-08-02T02:28:20.115+0000] {processor.py:161} INFO - Started process (PID=4324) to work on /home/airflow/.local/lib/python3.8/site-packages/airflow/example_dags/example_latest_only_with_trigger.py
[2025-08-02T02:28:20.119+0000] {processor.py:830} INFO - Processing file /home/airflow/.local/lib/python3.8/site-packages/airflow/example_dags/example_latest_only_with_trigger.py for tasks to queue
[2025-08-02T02:28:20.124+0000] {logging_mixin.py:188} INFO - [2025-08-02T02:28:20.123+0000] {dagbag.py:540} INFO - Filling up the DagBag from /home/airflow/.local/lib/python3.8/site-packages/airflow/example_dags/example_latest_only_with_trigger.py
[2025-08-02T02:28:20.176+0000] {processor.py:840} INFO - DAG(s) 'latest_only_with_trigger' retrieved from /home/airflow/.local/lib/python3.8/site-packages/airflow/example_dags/example_latest_only_with_trigger.py
[2025-08-02T02:28:20.394+0000] {logging_mixin.py:188} INFO - [2025-08-02T02:28:20.392+0000] {dag.py:3047} INFO - Sync 1 DAGs
[2025-08-02T02:28:20.456+0000] {logging_mixin.py:188} INFO - [2025-08-02T02:28:20.455+0000] {dag.py:3834} INFO - Setting next_dagrun for latest_only_with_trigger to 2025-08-01 20:00:00+00:00, run_after=2025-08-02 00:00:00+00:00
[2025-08-02T02:28:20.527+0000] {processor.py:183} INFO - Processing /home/airflow/.local/lib/python3.8/site-packages/airflow/example_dags/example_latest_only_with_trigger.py took 0.443 seconds
[2025-08-02T02:29:09.240+0000] {processor.py:161} INFO - Started process (PID=4384) to work on /home/airflow/.local/lib/python3.8/site-packages/airflow/example_dags/example_latest_only_with_trigger.py
[2025-08-02T02:29:09.245+0000] {processor.py:830} INFO - Processing file /home/airflow/.local/lib/python3.8/site-packages/airflow/example_dags/example_latest_only_with_trigger.py for tasks to queue
[2025-08-02T02:29:09.251+0000] {logging_mixin.py:188} INFO - [2025-08-02T02:29:09.249+0000] {dagbag.py:540} INFO - Filling up the DagBag from /home/airflow/.local/lib/python3.8/site-packages/airflow/example_dags/example_latest_only_with_trigger.py
[2025-08-02T02:29:09.306+0000] {processor.py:840} INFO - DAG(s) 'latest_only_with_trigger' retrieved from /home/airflow/.local/lib/python3.8/site-packages/airflow/example_dags/example_latest_only_with_trigger.py
[2025-08-02T02:29:09.448+0000] {logging_mixin.py:188} INFO - [2025-08-02T02:29:09.447+0000] {dag.py:3047} INFO - Sync 1 DAGs
[2025-08-02T02:29:09.535+0000] {logging_mixin.py:188} INFO - [2025-08-02T02:29:09.534+0000] {dag.py:3834} INFO - Setting next_dagrun for latest_only_with_trigger to 2025-08-01 20:00:00+00:00, run_after=2025-08-02 00:00:00+00:00
[2025-08-02T02:29:09.620+0000] {processor.py:183} INFO - Processing /home/airflow/.local/lib/python3.8/site-packages/airflow/example_dags/example_latest_only_with_trigger.py took 0.386 seconds
[2025-08-02T02:29:40.001+0000] {processor.py:161} INFO - Started process (PID=4440) to work on /home/airflow/.local/lib/python3.8/site-packages/airflow/example_dags/example_latest_only_with_trigger.py
[2025-08-02T02:29:40.019+0000] {processor.py:830} INFO - Processing file /home/airflow/.local/lib/python3.8/site-packages/airflow/example_dags/example_latest_only_with_trigger.py for tasks to queue
[2025-08-02T02:29:40.025+0000] {logging_mixin.py:188} INFO - [2025-08-02T02:29:40.024+0000] {dagbag.py:540} INFO - Filling up the DagBag from /home/airflow/.local/lib/python3.8/site-packages/airflow/example_dags/example_latest_only_with_trigger.py
[2025-08-02T02:29:40.045+0000] {processor.py:840} INFO - DAG(s) 'latest_only_with_trigger' retrieved from /home/airflow/.local/lib/python3.8/site-packages/airflow/example_dags/example_latest_only_with_trigger.py
[2025-08-02T02:29:40.145+0000] {logging_mixin.py:188} INFO - [2025-08-02T02:29:40.144+0000] {dag.py:3047} INFO - Sync 1 DAGs
[2025-08-02T02:29:40.197+0000] {logging_mixin.py:188} INFO - [2025-08-02T02:29:40.197+0000] {dag.py:3834} INFO - Setting next_dagrun for latest_only_with_trigger to 2025-08-01 20:00:00+00:00, run_after=2025-08-02 00:00:00+00:00
[2025-08-02T02:29:40.236+0000] {processor.py:183} INFO - Processing /home/airflow/.local/lib/python3.8/site-packages/airflow/example_dags/example_latest_only_with_trigger.py took 0.266 seconds
[2025-08-02T02:30:20.500+0000] {processor.py:161} INFO - Started process (PID=4488) to work on /home/airflow/.local/lib/python3.8/site-packages/airflow/example_dags/example_latest_only_with_trigger.py
[2025-08-02T02:30:20.501+0000] {processor.py:830} INFO - Processing file /home/airflow/.local/lib/python3.8/site-packages/airflow/example_dags/example_latest_only_with_trigger.py for tasks to queue
[2025-08-02T02:30:20.502+0000] {logging_mixin.py:188} INFO - [2025-08-02T02:30:20.502+0000] {dagbag.py:540} INFO - Filling up the DagBag from /home/airflow/.local/lib/python3.8/site-packages/airflow/example_dags/example_latest_only_with_trigger.py
[2025-08-02T02:30:20.508+0000] {processor.py:840} INFO - DAG(s) 'latest_only_with_trigger' retrieved from /home/airflow/.local/lib/python3.8/site-packages/airflow/example_dags/example_latest_only_with_trigger.py
[2025-08-02T02:30:20.534+0000] {logging_mixin.py:188} INFO - [2025-08-02T02:30:20.534+0000] {dag.py:3047} INFO - Sync 1 DAGs
[2025-08-02T02:30:20.557+0000] {logging_mixin.py:188} INFO - [2025-08-02T02:30:20.557+0000] {dag.py:3834} INFO - Setting next_dagrun for latest_only_with_trigger to 2025-08-01 20:00:00+00:00, run_after=2025-08-02 00:00:00+00:00
[2025-08-02T02:30:20.573+0000] {processor.py:183} INFO - Processing /home/airflow/.local/lib/python3.8/site-packages/airflow/example_dags/example_latest_only_with_trigger.py took 0.080 seconds
[2025-08-02T02:30:52.694+0000] {processor.py:161} INFO - Started process (PID=4544) to work on /home/airflow/.local/lib/python3.8/site-packages/airflow/example_dags/example_latest_only_with_trigger.py
[2025-08-02T02:30:52.697+0000] {processor.py:830} INFO - Processing file /home/airflow/.local/lib/python3.8/site-packages/airflow/example_dags/example_latest_only_with_trigger.py for tasks to queue
[2025-08-02T02:30:52.702+0000] {logging_mixin.py:188} INFO - [2025-08-02T02:30:52.701+0000] {dagbag.py:540} INFO - Filling up the DagBag from /home/airflow/.local/lib/python3.8/site-packages/airflow/example_dags/example_latest_only_with_trigger.py
[2025-08-02T02:30:52.732+0000] {processor.py:840} INFO - DAG(s) 'latest_only_with_trigger' retrieved from /home/airflow/.local/lib/python3.8/site-packages/airflow/example_dags/example_latest_only_with_trigger.py
[2025-08-02T02:30:52.824+0000] {logging_mixin.py:188} INFO - [2025-08-02T02:30:52.823+0000] {dag.py:3047} INFO - Sync 1 DAGs
[2025-08-02T02:30:52.886+0000] {logging_mixin.py:188} INFO - [2025-08-02T02:30:52.886+0000] {dag.py:3834} INFO - Setting next_dagrun for latest_only_with_trigger to 2025-08-01 20:00:00+00:00, run_after=2025-08-02 00:00:00+00:00
[2025-08-02T02:30:52.937+0000] {processor.py:183} INFO - Processing /home/airflow/.local/lib/python3.8/site-packages/airflow/example_dags/example_latest_only_with_trigger.py took 0.266 seconds
[2025-08-02T02:36:52.110+0000] {processor.py:161} INFO - Started process (PID=85) to work on /home/airflow/.local/lib/python3.8/site-packages/airflow/example_dags/example_latest_only_with_trigger.py
[2025-08-02T02:36:52.115+0000] {processor.py:830} INFO - Processing file /home/airflow/.local/lib/python3.8/site-packages/airflow/example_dags/example_latest_only_with_trigger.py for tasks to queue
[2025-08-02T02:36:52.120+0000] {logging_mixin.py:188} INFO - [2025-08-02T02:36:52.119+0000] {dagbag.py:540} INFO - Filling up the DagBag from /home/airflow/.local/lib/python3.8/site-packages/airflow/example_dags/example_latest_only_with_trigger.py
[2025-08-02T02:36:52.154+0000] {processor.py:840} INFO - DAG(s) 'latest_only_with_trigger' retrieved from /home/airflow/.local/lib/python3.8/site-packages/airflow/example_dags/example_latest_only_with_trigger.py
[2025-08-02T02:36:52.500+0000] {logging_mixin.py:188} INFO - [2025-08-02T02:36:52.497+0000] {dag.py:3047} INFO - Sync 1 DAGs
[2025-08-02T02:36:52.633+0000] {logging_mixin.py:188} INFO - [2025-08-02T02:36:52.633+0000] {dag.py:3834} INFO - Setting next_dagrun for latest_only_with_trigger to 2025-08-01 20:00:00+00:00, run_after=2025-08-02 00:00:00+00:00
[2025-08-02T02:36:52.695+0000] {processor.py:183} INFO - Processing /home/airflow/.local/lib/python3.8/site-packages/airflow/example_dags/example_latest_only_with_trigger.py took 0.612 seconds
[2025-08-02T02:37:23.646+0000] {processor.py:161} INFO - Started process (PID=141) to work on /home/airflow/.local/lib/python3.8/site-packages/airflow/example_dags/example_latest_only_with_trigger.py
[2025-08-02T02:37:23.652+0000] {processor.py:830} INFO - Processing file /home/airflow/.local/lib/python3.8/site-packages/airflow/example_dags/example_latest_only_with_trigger.py for tasks to queue
[2025-08-02T02:37:23.658+0000] {logging_mixin.py:188} INFO - [2025-08-02T02:37:23.657+0000] {dagbag.py:540} INFO - Filling up the DagBag from /home/airflow/.local/lib/python3.8/site-packages/airflow/example_dags/example_latest_only_with_trigger.py
[2025-08-02T02:37:23.678+0000] {processor.py:840} INFO - DAG(s) 'latest_only_with_trigger' retrieved from /home/airflow/.local/lib/python3.8/site-packages/airflow/example_dags/example_latest_only_with_trigger.py
[2025-08-02T02:37:23.758+0000] {logging_mixin.py:188} INFO - [2025-08-02T02:37:23.758+0000] {dag.py:3047} INFO - Sync 1 DAGs
[2025-08-02T02:37:23.794+0000] {logging_mixin.py:188} INFO - [2025-08-02T02:37:23.793+0000] {dag.py:3834} INFO - Setting next_dagrun for latest_only_with_trigger to 2025-08-01 20:00:00+00:00, run_after=2025-08-02 00:00:00+00:00
[2025-08-02T02:37:23.836+0000] {processor.py:183} INFO - Processing /home/airflow/.local/lib/python3.8/site-packages/airflow/example_dags/example_latest_only_with_trigger.py took 0.210 seconds
[2025-08-02T02:37:54.764+0000] {processor.py:161} INFO - Started process (PID=197) to work on /home/airflow/.local/lib/python3.8/site-packages/airflow/example_dags/example_latest_only_with_trigger.py
[2025-08-02T02:37:54.767+0000] {processor.py:830} INFO - Processing file /home/airflow/.local/lib/python3.8/site-packages/airflow/example_dags/example_latest_only_with_trigger.py for tasks to queue
[2025-08-02T02:37:54.770+0000] {logging_mixin.py:188} INFO - [2025-08-02T02:37:54.770+0000] {dagbag.py:540} INFO - Filling up the DagBag from /home/airflow/.local/lib/python3.8/site-packages/airflow/example_dags/example_latest_only_with_trigger.py
[2025-08-02T02:37:54.795+0000] {processor.py:840} INFO - DAG(s) 'latest_only_with_trigger' retrieved from /home/airflow/.local/lib/python3.8/site-packages/airflow/example_dags/example_latest_only_with_trigger.py
[2025-08-02T02:37:54.878+0000] {logging_mixin.py:188} INFO - [2025-08-02T02:37:54.877+0000] {dag.py:3047} INFO - Sync 1 DAGs
[2025-08-02T02:37:54.912+0000] {logging_mixin.py:188} INFO - [2025-08-02T02:37:54.912+0000] {dag.py:3834} INFO - Setting next_dagrun for latest_only_with_trigger to 2025-08-01 20:00:00+00:00, run_after=2025-08-02 00:00:00+00:00
[2025-08-02T02:37:54.937+0000] {processor.py:183} INFO - Processing /home/airflow/.local/lib/python3.8/site-packages/airflow/example_dags/example_latest_only_with_trigger.py took 0.195 seconds
[2025-08-02T02:38:25.087+0000] {processor.py:161} INFO - Started process (PID=253) to work on /home/airflow/.local/lib/python3.8/site-packages/airflow/example_dags/example_latest_only_with_trigger.py
[2025-08-02T02:38:25.089+0000] {processor.py:830} INFO - Processing file /home/airflow/.local/lib/python3.8/site-packages/airflow/example_dags/example_latest_only_with_trigger.py for tasks to queue
[2025-08-02T02:38:25.093+0000] {logging_mixin.py:188} INFO - [2025-08-02T02:38:25.093+0000] {dagbag.py:540} INFO - Filling up the DagBag from /home/airflow/.local/lib/python3.8/site-packages/airflow/example_dags/example_latest_only_with_trigger.py
[2025-08-02T02:38:25.100+0000] {processor.py:840} INFO - DAG(s) 'latest_only_with_trigger' retrieved from /home/airflow/.local/lib/python3.8/site-packages/airflow/example_dags/example_latest_only_with_trigger.py
[2025-08-02T02:38:25.177+0000] {logging_mixin.py:188} INFO - [2025-08-02T02:38:25.176+0000] {dag.py:3047} INFO - Sync 1 DAGs
[2025-08-02T02:38:25.202+0000] {logging_mixin.py:188} INFO - [2025-08-02T02:38:25.202+0000] {dag.py:3834} INFO - Setting next_dagrun for latest_only_with_trigger to 2025-08-01 20:00:00+00:00, run_after=2025-08-02 00:00:00+00:00
[2025-08-02T02:38:25.219+0000] {processor.py:183} INFO - Processing /home/airflow/.local/lib/python3.8/site-packages/airflow/example_dags/example_latest_only_with_trigger.py took 0.136 seconds
[2025-08-02T02:38:55.634+0000] {processor.py:161} INFO - Started process (PID=309) to work on /home/airflow/.local/lib/python3.8/site-packages/airflow/example_dags/example_latest_only_with_trigger.py
[2025-08-02T02:38:55.638+0000] {processor.py:830} INFO - Processing file /home/airflow/.local/lib/python3.8/site-packages/airflow/example_dags/example_latest_only_with_trigger.py for tasks to queue
[2025-08-02T02:38:55.651+0000] {logging_mixin.py:188} INFO - [2025-08-02T02:38:55.649+0000] {dagbag.py:540} INFO - Filling up the DagBag from /home/airflow/.local/lib/python3.8/site-packages/airflow/example_dags/example_latest_only_with_trigger.py
[2025-08-02T02:38:55.666+0000] {processor.py:840} INFO - DAG(s) 'latest_only_with_trigger' retrieved from /home/airflow/.local/lib/python3.8/site-packages/airflow/example_dags/example_latest_only_with_trigger.py
[2025-08-02T02:38:55.727+0000] {logging_mixin.py:188} INFO - [2025-08-02T02:38:55.727+0000] {dag.py:3047} INFO - Sync 1 DAGs
[2025-08-02T02:38:55.782+0000] {logging_mixin.py:188} INFO - [2025-08-02T02:38:55.782+0000] {dag.py:3834} INFO - Setting next_dagrun for latest_only_with_trigger to 2025-08-01 20:00:00+00:00, run_after=2025-08-02 00:00:00+00:00
[2025-08-02T02:38:55.803+0000] {processor.py:183} INFO - Processing /home/airflow/.local/lib/python3.8/site-packages/airflow/example_dags/example_latest_only_with_trigger.py took 0.176 seconds
[2025-08-02T02:39:26.415+0000] {processor.py:161} INFO - Started process (PID=364) to work on /home/airflow/.local/lib/python3.8/site-packages/airflow/example_dags/example_latest_only_with_trigger.py
[2025-08-02T02:39:26.419+0000] {processor.py:830} INFO - Processing file /home/airflow/.local/lib/python3.8/site-packages/airflow/example_dags/example_latest_only_with_trigger.py for tasks to queue
[2025-08-02T02:39:26.421+0000] {logging_mixin.py:188} INFO - [2025-08-02T02:39:26.421+0000] {dagbag.py:540} INFO - Filling up the DagBag from /home/airflow/.local/lib/python3.8/site-packages/airflow/example_dags/example_latest_only_with_trigger.py
[2025-08-02T02:39:26.427+0000] {processor.py:840} INFO - DAG(s) 'latest_only_with_trigger' retrieved from /home/airflow/.local/lib/python3.8/site-packages/airflow/example_dags/example_latest_only_with_trigger.py
[2025-08-02T02:39:26.459+0000] {logging_mixin.py:188} INFO - [2025-08-02T02:39:26.459+0000] {dag.py:3047} INFO - Sync 1 DAGs
[2025-08-02T02:39:26.480+0000] {logging_mixin.py:188} INFO - [2025-08-02T02:39:26.480+0000] {dag.py:3834} INFO - Setting next_dagrun for latest_only_with_trigger to 2025-08-01 20:00:00+00:00, run_after=2025-08-02 00:00:00+00:00
[2025-08-02T02:39:26.500+0000] {processor.py:183} INFO - Processing /home/airflow/.local/lib/python3.8/site-packages/airflow/example_dags/example_latest_only_with_trigger.py took 0.090 seconds
[2025-08-02T02:39:56.711+0000] {processor.py:161} INFO - Started process (PID=420) to work on /home/airflow/.local/lib/python3.8/site-packages/airflow/example_dags/example_latest_only_with_trigger.py
[2025-08-02T02:39:56.714+0000] {processor.py:830} INFO - Processing file /home/airflow/.local/lib/python3.8/site-packages/airflow/example_dags/example_latest_only_with_trigger.py for tasks to queue
[2025-08-02T02:39:56.724+0000] {logging_mixin.py:188} INFO - [2025-08-02T02:39:56.724+0000] {dagbag.py:540} INFO - Filling up the DagBag from /home/airflow/.local/lib/python3.8/site-packages/airflow/example_dags/example_latest_only_with_trigger.py
[2025-08-02T02:39:56.768+0000] {processor.py:840} INFO - DAG(s) 'latest_only_with_trigger' retrieved from /home/airflow/.local/lib/python3.8/site-packages/airflow/example_dags/example_latest_only_with_trigger.py
[2025-08-02T02:39:56.859+0000] {logging_mixin.py:188} INFO - [2025-08-02T02:39:56.858+0000] {dag.py:3047} INFO - Sync 1 DAGs
[2025-08-02T02:39:56.924+0000] {logging_mixin.py:188} INFO - [2025-08-02T02:39:56.923+0000] {dag.py:3834} INFO - Setting next_dagrun for latest_only_with_trigger to 2025-08-01 20:00:00+00:00, run_after=2025-08-02 00:00:00+00:00
[2025-08-02T02:39:56.984+0000] {processor.py:183} INFO - Processing /home/airflow/.local/lib/python3.8/site-packages/airflow/example_dags/example_latest_only_with_trigger.py took 0.285 seconds
[2025-08-02T02:40:27.767+0000] {processor.py:161} INFO - Started process (PID=476) to work on /home/airflow/.local/lib/python3.8/site-packages/airflow/example_dags/example_latest_only_with_trigger.py
[2025-08-02T02:40:27.768+0000] {processor.py:830} INFO - Processing file /home/airflow/.local/lib/python3.8/site-packages/airflow/example_dags/example_latest_only_with_trigger.py for tasks to queue
[2025-08-02T02:40:27.770+0000] {logging_mixin.py:188} INFO - [2025-08-02T02:40:27.770+0000] {dagbag.py:540} INFO - Filling up the DagBag from /home/airflow/.local/lib/python3.8/site-packages/airflow/example_dags/example_latest_only_with_trigger.py
[2025-08-02T02:40:27.774+0000] {processor.py:840} INFO - DAG(s) 'latest_only_with_trigger' retrieved from /home/airflow/.local/lib/python3.8/site-packages/airflow/example_dags/example_latest_only_with_trigger.py
[2025-08-02T02:40:27.789+0000] {logging_mixin.py:188} INFO - [2025-08-02T02:40:27.789+0000] {dag.py:3047} INFO - Sync 1 DAGs
[2025-08-02T02:40:27.801+0000] {logging_mixin.py:188} INFO - [2025-08-02T02:40:27.801+0000] {dag.py:3834} INFO - Setting next_dagrun for latest_only_with_trigger to 2025-08-01 20:00:00+00:00, run_after=2025-08-02 00:00:00+00:00
[2025-08-02T02:40:27.814+0000] {processor.py:183} INFO - Processing /home/airflow/.local/lib/python3.8/site-packages/airflow/example_dags/example_latest_only_with_trigger.py took 0.050 seconds
[2025-08-02T02:40:58.752+0000] {processor.py:161} INFO - Started process (PID=532) to work on /home/airflow/.local/lib/python3.8/site-packages/airflow/example_dags/example_latest_only_with_trigger.py
[2025-08-02T02:40:58.753+0000] {processor.py:830} INFO - Processing file /home/airflow/.local/lib/python3.8/site-packages/airflow/example_dags/example_latest_only_with_trigger.py for tasks to queue
[2025-08-02T02:40:58.755+0000] {logging_mixin.py:188} INFO - [2025-08-02T02:40:58.754+0000] {dagbag.py:540} INFO - Filling up the DagBag from /home/airflow/.local/lib/python3.8/site-packages/airflow/example_dags/example_latest_only_with_trigger.py
[2025-08-02T02:40:58.759+0000] {processor.py:840} INFO - DAG(s) 'latest_only_with_trigger' retrieved from /home/airflow/.local/lib/python3.8/site-packages/airflow/example_dags/example_latest_only_with_trigger.py
[2025-08-02T02:40:58.772+0000] {logging_mixin.py:188} INFO - [2025-08-02T02:40:58.772+0000] {dag.py:3047} INFO - Sync 1 DAGs
[2025-08-02T02:40:58.793+0000] {logging_mixin.py:188} INFO - [2025-08-02T02:40:58.793+0000] {dag.py:3834} INFO - Setting next_dagrun for latest_only_with_trigger to 2025-08-01 20:00:00+00:00, run_after=2025-08-02 00:00:00+00:00
[2025-08-02T02:40:58.814+0000] {processor.py:183} INFO - Processing /home/airflow/.local/lib/python3.8/site-packages/airflow/example_dags/example_latest_only_with_trigger.py took 0.065 seconds
[2025-08-02T02:41:29.855+0000] {processor.py:161} INFO - Started process (PID=588) to work on /home/airflow/.local/lib/python3.8/site-packages/airflow/example_dags/example_latest_only_with_trigger.py
[2025-08-02T02:41:29.856+0000] {processor.py:830} INFO - Processing file /home/airflow/.local/lib/python3.8/site-packages/airflow/example_dags/example_latest_only_with_trigger.py for tasks to queue
[2025-08-02T02:41:29.859+0000] {logging_mixin.py:188} INFO - [2025-08-02T02:41:29.859+0000] {dagbag.py:540} INFO - Filling up the DagBag from /home/airflow/.local/lib/python3.8/site-packages/airflow/example_dags/example_latest_only_with_trigger.py
[2025-08-02T02:41:29.869+0000] {processor.py:840} INFO - DAG(s) 'latest_only_with_trigger' retrieved from /home/airflow/.local/lib/python3.8/site-packages/airflow/example_dags/example_latest_only_with_trigger.py
[2025-08-02T02:41:29.905+0000] {logging_mixin.py:188} INFO - [2025-08-02T02:41:29.904+0000] {dag.py:3047} INFO - Sync 1 DAGs
[2025-08-02T02:41:29.932+0000] {logging_mixin.py:188} INFO - [2025-08-02T02:41:29.932+0000] {dag.py:3834} INFO - Setting next_dagrun for latest_only_with_trigger to 2025-08-01 20:00:00+00:00, run_after=2025-08-02 00:00:00+00:00
[2025-08-02T02:41:29.971+0000] {processor.py:183} INFO - Processing /home/airflow/.local/lib/python3.8/site-packages/airflow/example_dags/example_latest_only_with_trigger.py took 0.118 seconds
[2025-08-02T02:42:00.152+0000] {processor.py:161} INFO - Started process (PID=644) to work on /home/airflow/.local/lib/python3.8/site-packages/airflow/example_dags/example_latest_only_with_trigger.py
[2025-08-02T02:42:00.156+0000] {processor.py:830} INFO - Processing file /home/airflow/.local/lib/python3.8/site-packages/airflow/example_dags/example_latest_only_with_trigger.py for tasks to queue
[2025-08-02T02:42:00.158+0000] {logging_mixin.py:188} INFO - [2025-08-02T02:42:00.157+0000] {dagbag.py:540} INFO - Filling up the DagBag from /home/airflow/.local/lib/python3.8/site-packages/airflow/example_dags/example_latest_only_with_trigger.py
[2025-08-02T02:42:00.162+0000] {processor.py:840} INFO - DAG(s) 'latest_only_with_trigger' retrieved from /home/airflow/.local/lib/python3.8/site-packages/airflow/example_dags/example_latest_only_with_trigger.py
[2025-08-02T02:42:00.179+0000] {logging_mixin.py:188} INFO - [2025-08-02T02:42:00.179+0000] {dag.py:3047} INFO - Sync 1 DAGs
[2025-08-02T02:42:00.195+0000] {logging_mixin.py:188} INFO - [2025-08-02T02:42:00.195+0000] {dag.py:3834} INFO - Setting next_dagrun for latest_only_with_trigger to 2025-08-01 20:00:00+00:00, run_after=2025-08-02 00:00:00+00:00
[2025-08-02T02:42:00.215+0000] {processor.py:183} INFO - Processing /home/airflow/.local/lib/python3.8/site-packages/airflow/example_dags/example_latest_only_with_trigger.py took 0.065 seconds
[2025-08-02T02:42:31.296+0000] {processor.py:161} INFO - Started process (PID=700) to work on /home/airflow/.local/lib/python3.8/site-packages/airflow/example_dags/example_latest_only_with_trigger.py
[2025-08-02T02:42:31.298+0000] {processor.py:830} INFO - Processing file /home/airflow/.local/lib/python3.8/site-packages/airflow/example_dags/example_latest_only_with_trigger.py for tasks to queue
[2025-08-02T02:42:31.300+0000] {logging_mixin.py:188} INFO - [2025-08-02T02:42:31.300+0000] {dagbag.py:540} INFO - Filling up the DagBag from /home/airflow/.local/lib/python3.8/site-packages/airflow/example_dags/example_latest_only_with_trigger.py
[2025-08-02T02:42:31.306+0000] {processor.py:840} INFO - DAG(s) 'latest_only_with_trigger' retrieved from /home/airflow/.local/lib/python3.8/site-packages/airflow/example_dags/example_latest_only_with_trigger.py
[2025-08-02T02:42:31.332+0000] {logging_mixin.py:188} INFO - [2025-08-02T02:42:31.332+0000] {dag.py:3047} INFO - Sync 1 DAGs
[2025-08-02T02:42:31.354+0000] {logging_mixin.py:188} INFO - [2025-08-02T02:42:31.353+0000] {dag.py:3834} INFO - Setting next_dagrun for latest_only_with_trigger to 2025-08-01 20:00:00+00:00, run_after=2025-08-02 00:00:00+00:00
[2025-08-02T02:42:31.380+0000] {processor.py:183} INFO - Processing /home/airflow/.local/lib/python3.8/site-packages/airflow/example_dags/example_latest_only_with_trigger.py took 0.088 seconds
[2025-08-02T02:46:24.461+0000] {processor.py:161} INFO - Started process (PID=85) to work on /home/airflow/.local/lib/python3.8/site-packages/airflow/example_dags/example_latest_only_with_trigger.py
[2025-08-02T02:46:24.465+0000] {processor.py:830} INFO - Processing file /home/airflow/.local/lib/python3.8/site-packages/airflow/example_dags/example_latest_only_with_trigger.py for tasks to queue
[2025-08-02T02:46:24.471+0000] {logging_mixin.py:188} INFO - [2025-08-02T02:46:24.470+0000] {dagbag.py:540} INFO - Filling up the DagBag from /home/airflow/.local/lib/python3.8/site-packages/airflow/example_dags/example_latest_only_with_trigger.py
[2025-08-02T02:46:24.508+0000] {processor.py:840} INFO - DAG(s) 'latest_only_with_trigger' retrieved from /home/airflow/.local/lib/python3.8/site-packages/airflow/example_dags/example_latest_only_with_trigger.py
[2025-08-02T02:46:25.516+0000] {logging_mixin.py:188} INFO - [2025-08-02T02:46:25.509+0000] {dag.py:3047} INFO - Sync 1 DAGs
[2025-08-02T02:46:25.703+0000] {logging_mixin.py:188} INFO - [2025-08-02T02:46:25.702+0000] {dag.py:3834} INFO - Setting next_dagrun for latest_only_with_trigger to 2025-08-01 20:00:00+00:00, run_after=2025-08-02 00:00:00+00:00
[2025-08-02T02:46:25.825+0000] {processor.py:183} INFO - Processing /home/airflow/.local/lib/python3.8/site-packages/airflow/example_dags/example_latest_only_with_trigger.py took 1.373 seconds
[2025-08-02T02:47:05.888+0000] {processor.py:161} INFO - Started process (PID=142) to work on /home/airflow/.local/lib/python3.8/site-packages/airflow/example_dags/example_latest_only_with_trigger.py
[2025-08-02T02:47:05.900+0000] {processor.py:830} INFO - Processing file /home/airflow/.local/lib/python3.8/site-packages/airflow/example_dags/example_latest_only_with_trigger.py for tasks to queue
[2025-08-02T02:47:05.906+0000] {logging_mixin.py:188} INFO - [2025-08-02T02:47:05.905+0000] {dagbag.py:540} INFO - Filling up the DagBag from /home/airflow/.local/lib/python3.8/site-packages/airflow/example_dags/example_latest_only_with_trigger.py
[2025-08-02T02:47:05.952+0000] {processor.py:840} INFO - DAG(s) 'latest_only_with_trigger' retrieved from /home/airflow/.local/lib/python3.8/site-packages/airflow/example_dags/example_latest_only_with_trigger.py
[2025-08-02T02:47:06.035+0000] {logging_mixin.py:188} INFO - [2025-08-02T02:47:06.033+0000] {dag.py:3047} INFO - Sync 1 DAGs
[2025-08-02T02:47:06.151+0000] {logging_mixin.py:188} INFO - [2025-08-02T02:47:06.150+0000] {dag.py:3834} INFO - Setting next_dagrun for latest_only_with_trigger to 2025-08-01 20:00:00+00:00, run_after=2025-08-02 00:00:00+00:00
[2025-08-02T02:47:06.213+0000] {processor.py:183} INFO - Processing /home/airflow/.local/lib/python3.8/site-packages/airflow/example_dags/example_latest_only_with_trigger.py took 0.333 seconds
[2025-08-02T02:47:37.489+0000] {processor.py:161} INFO - Started process (PID=198) to work on /home/airflow/.local/lib/python3.8/site-packages/airflow/example_dags/example_latest_only_with_trigger.py
[2025-08-02T02:47:37.491+0000] {processor.py:830} INFO - Processing file /home/airflow/.local/lib/python3.8/site-packages/airflow/example_dags/example_latest_only_with_trigger.py for tasks to queue
[2025-08-02T02:47:37.497+0000] {logging_mixin.py:188} INFO - [2025-08-02T02:47:37.497+0000] {dagbag.py:540} INFO - Filling up the DagBag from /home/airflow/.local/lib/python3.8/site-packages/airflow/example_dags/example_latest_only_with_trigger.py
[2025-08-02T02:47:37.504+0000] {processor.py:840} INFO - DAG(s) 'latest_only_with_trigger' retrieved from /home/airflow/.local/lib/python3.8/site-packages/airflow/example_dags/example_latest_only_with_trigger.py
[2025-08-02T02:47:37.675+0000] {logging_mixin.py:188} INFO - [2025-08-02T02:47:37.675+0000] {dag.py:3047} INFO - Sync 1 DAGs
[2025-08-02T02:47:37.697+0000] {logging_mixin.py:188} INFO - [2025-08-02T02:47:37.696+0000] {dag.py:3834} INFO - Setting next_dagrun for latest_only_with_trigger to 2025-08-01 20:00:00+00:00, run_after=2025-08-02 00:00:00+00:00
[2025-08-02T02:47:37.736+0000] {processor.py:183} INFO - Processing /home/airflow/.local/lib/python3.8/site-packages/airflow/example_dags/example_latest_only_with_trigger.py took 0.251 seconds
[2025-08-02T02:48:08.583+0000] {processor.py:161} INFO - Started process (PID=253) to work on /home/airflow/.local/lib/python3.8/site-packages/airflow/example_dags/example_latest_only_with_trigger.py
[2025-08-02T02:48:08.585+0000] {processor.py:830} INFO - Processing file /home/airflow/.local/lib/python3.8/site-packages/airflow/example_dags/example_latest_only_with_trigger.py for tasks to queue
[2025-08-02T02:48:08.587+0000] {logging_mixin.py:188} INFO - [2025-08-02T02:48:08.587+0000] {dagbag.py:540} INFO - Filling up the DagBag from /home/airflow/.local/lib/python3.8/site-packages/airflow/example_dags/example_latest_only_with_trigger.py
[2025-08-02T02:48:08.594+0000] {processor.py:840} INFO - DAG(s) 'latest_only_with_trigger' retrieved from /home/airflow/.local/lib/python3.8/site-packages/airflow/example_dags/example_latest_only_with_trigger.py
[2025-08-02T02:48:08.618+0000] {logging_mixin.py:188} INFO - [2025-08-02T02:48:08.618+0000] {dag.py:3047} INFO - Sync 1 DAGs
[2025-08-02T02:48:08.654+0000] {logging_mixin.py:188} INFO - [2025-08-02T02:48:08.654+0000] {dag.py:3834} INFO - Setting next_dagrun for latest_only_with_trigger to 2025-08-01 20:00:00+00:00, run_after=2025-08-02 00:00:00+00:00
[2025-08-02T02:48:08.689+0000] {processor.py:183} INFO - Processing /home/airflow/.local/lib/python3.8/site-packages/airflow/example_dags/example_latest_only_with_trigger.py took 0.109 seconds
[2025-08-02T02:48:39.648+0000] {processor.py:161} INFO - Started process (PID=309) to work on /home/airflow/.local/lib/python3.8/site-packages/airflow/example_dags/example_latest_only_with_trigger.py
[2025-08-02T02:48:39.651+0000] {processor.py:830} INFO - Processing file /home/airflow/.local/lib/python3.8/site-packages/airflow/example_dags/example_latest_only_with_trigger.py for tasks to queue
[2025-08-02T02:48:39.654+0000] {logging_mixin.py:188} INFO - [2025-08-02T02:48:39.654+0000] {dagbag.py:540} INFO - Filling up the DagBag from /home/airflow/.local/lib/python3.8/site-packages/airflow/example_dags/example_latest_only_with_trigger.py
[2025-08-02T02:48:39.662+0000] {processor.py:840} INFO - DAG(s) 'latest_only_with_trigger' retrieved from /home/airflow/.local/lib/python3.8/site-packages/airflow/example_dags/example_latest_only_with_trigger.py
[2025-08-02T02:48:39.703+0000] {logging_mixin.py:188} INFO - [2025-08-02T02:48:39.702+0000] {dag.py:3047} INFO - Sync 1 DAGs
[2025-08-02T02:48:39.740+0000] {logging_mixin.py:188} INFO - [2025-08-02T02:48:39.739+0000] {dag.py:3834} INFO - Setting next_dagrun for latest_only_with_trigger to 2025-08-01 20:00:00+00:00, run_after=2025-08-02 00:00:00+00:00
[2025-08-02T02:48:39.762+0000] {processor.py:183} INFO - Processing /home/airflow/.local/lib/python3.8/site-packages/airflow/example_dags/example_latest_only_with_trigger.py took 0.119 seconds
[2025-08-02T02:49:09.926+0000] {processor.py:161} INFO - Started process (PID=365) to work on /home/airflow/.local/lib/python3.8/site-packages/airflow/example_dags/example_latest_only_with_trigger.py
[2025-08-02T02:49:09.935+0000] {processor.py:830} INFO - Processing file /home/airflow/.local/lib/python3.8/site-packages/airflow/example_dags/example_latest_only_with_trigger.py for tasks to queue
[2025-08-02T02:49:09.941+0000] {logging_mixin.py:188} INFO - [2025-08-02T02:49:09.940+0000] {dagbag.py:540} INFO - Filling up the DagBag from /home/airflow/.local/lib/python3.8/site-packages/airflow/example_dags/example_latest_only_with_trigger.py
[2025-08-02T02:49:09.956+0000] {processor.py:840} INFO - DAG(s) 'latest_only_with_trigger' retrieved from /home/airflow/.local/lib/python3.8/site-packages/airflow/example_dags/example_latest_only_with_trigger.py
[2025-08-02T02:49:10.008+0000] {logging_mixin.py:188} INFO - [2025-08-02T02:49:10.008+0000] {dag.py:3047} INFO - Sync 1 DAGs
[2025-08-02T02:49:10.042+0000] {logging_mixin.py:188} INFO - [2025-08-02T02:49:10.042+0000] {dag.py:3834} INFO - Setting next_dagrun for latest_only_with_trigger to 2025-08-01 20:00:00+00:00, run_after=2025-08-02 00:00:00+00:00
[2025-08-02T02:49:10.064+0000] {processor.py:183} INFO - Processing /home/airflow/.local/lib/python3.8/site-packages/airflow/example_dags/example_latest_only_with_trigger.py took 0.147 seconds
[2025-08-02T02:49:40.672+0000] {processor.py:161} INFO - Started process (PID=421) to work on /home/airflow/.local/lib/python3.8/site-packages/airflow/example_dags/example_latest_only_with_trigger.py
[2025-08-02T02:49:40.675+0000] {processor.py:830} INFO - Processing file /home/airflow/.local/lib/python3.8/site-packages/airflow/example_dags/example_latest_only_with_trigger.py for tasks to queue
[2025-08-02T02:49:40.682+0000] {logging_mixin.py:188} INFO - [2025-08-02T02:49:40.681+0000] {dagbag.py:540} INFO - Filling up the DagBag from /home/airflow/.local/lib/python3.8/site-packages/airflow/example_dags/example_latest_only_with_trigger.py
[2025-08-02T02:49:40.689+0000] {processor.py:840} INFO - DAG(s) 'latest_only_with_trigger' retrieved from /home/airflow/.local/lib/python3.8/site-packages/airflow/example_dags/example_latest_only_with_trigger.py
[2025-08-02T02:49:40.711+0000] {logging_mixin.py:188} INFO - [2025-08-02T02:49:40.711+0000] {dag.py:3047} INFO - Sync 1 DAGs
[2025-08-02T02:49:40.725+0000] {logging_mixin.py:188} INFO - [2025-08-02T02:49:40.725+0000] {dag.py:3834} INFO - Setting next_dagrun for latest_only_with_trigger to 2025-08-01 20:00:00+00:00, run_after=2025-08-02 00:00:00+00:00
[2025-08-02T02:49:40.740+0000] {processor.py:183} INFO - Processing /home/airflow/.local/lib/python3.8/site-packages/airflow/example_dags/example_latest_only_with_trigger.py took 0.072 seconds
[2025-08-02T02:50:11.236+0000] {processor.py:161} INFO - Started process (PID=477) to work on /home/airflow/.local/lib/python3.8/site-packages/airflow/example_dags/example_latest_only_with_trigger.py
[2025-08-02T02:50:11.240+0000] {processor.py:830} INFO - Processing file /home/airflow/.local/lib/python3.8/site-packages/airflow/example_dags/example_latest_only_with_trigger.py for tasks to queue
[2025-08-02T02:50:11.245+0000] {logging_mixin.py:188} INFO - [2025-08-02T02:50:11.244+0000] {dagbag.py:540} INFO - Filling up the DagBag from /home/airflow/.local/lib/python3.8/site-packages/airflow/example_dags/example_latest_only_with_trigger.py
[2025-08-02T02:50:11.255+0000] {processor.py:840} INFO - DAG(s) 'latest_only_with_trigger' retrieved from /home/airflow/.local/lib/python3.8/site-packages/airflow/example_dags/example_latest_only_with_trigger.py
[2025-08-02T02:50:11.303+0000] {logging_mixin.py:188} INFO - [2025-08-02T02:50:11.303+0000] {dag.py:3047} INFO - Sync 1 DAGs
[2025-08-02T02:50:11.336+0000] {logging_mixin.py:188} INFO - [2025-08-02T02:50:11.336+0000] {dag.py:3834} INFO - Setting next_dagrun for latest_only_with_trigger to 2025-08-01 20:00:00+00:00, run_after=2025-08-02 00:00:00+00:00
[2025-08-02T02:50:11.376+0000] {processor.py:183} INFO - Processing /home/airflow/.local/lib/python3.8/site-packages/airflow/example_dags/example_latest_only_with_trigger.py took 0.144 seconds
[2025-08-02T02:50:42.396+0000] {processor.py:161} INFO - Started process (PID=533) to work on /home/airflow/.local/lib/python3.8/site-packages/airflow/example_dags/example_latest_only_with_trigger.py
[2025-08-02T02:50:42.415+0000] {processor.py:830} INFO - Processing file /home/airflow/.local/lib/python3.8/site-packages/airflow/example_dags/example_latest_only_with_trigger.py for tasks to queue
[2025-08-02T02:50:42.424+0000] {logging_mixin.py:188} INFO - [2025-08-02T02:50:42.424+0000] {dagbag.py:540} INFO - Filling up the DagBag from /home/airflow/.local/lib/python3.8/site-packages/airflow/example_dags/example_latest_only_with_trigger.py
[2025-08-02T02:50:42.495+0000] {processor.py:840} INFO - DAG(s) 'latest_only_with_trigger' retrieved from /home/airflow/.local/lib/python3.8/site-packages/airflow/example_dags/example_latest_only_with_trigger.py
[2025-08-02T02:50:42.620+0000] {logging_mixin.py:188} INFO - [2025-08-02T02:50:42.620+0000] {dag.py:3047} INFO - Sync 1 DAGs
[2025-08-02T02:50:42.684+0000] {logging_mixin.py:188} INFO - [2025-08-02T02:50:42.684+0000] {dag.py:3834} INFO - Setting next_dagrun for latest_only_with_trigger to 2025-08-01 20:00:00+00:00, run_after=2025-08-02 00:00:00+00:00
[2025-08-02T02:50:42.737+0000] {processor.py:183} INFO - Processing /home/airflow/.local/lib/python3.8/site-packages/airflow/example_dags/example_latest_only_with_trigger.py took 0.362 seconds
[2025-08-02T02:51:13.487+0000] {processor.py:161} INFO - Started process (PID=589) to work on /home/airflow/.local/lib/python3.8/site-packages/airflow/example_dags/example_latest_only_with_trigger.py
[2025-08-02T02:51:13.488+0000] {processor.py:830} INFO - Processing file /home/airflow/.local/lib/python3.8/site-packages/airflow/example_dags/example_latest_only_with_trigger.py for tasks to queue
[2025-08-02T02:51:13.490+0000] {logging_mixin.py:188} INFO - [2025-08-02T02:51:13.490+0000] {dagbag.py:540} INFO - Filling up the DagBag from /home/airflow/.local/lib/python3.8/site-packages/airflow/example_dags/example_latest_only_with_trigger.py
[2025-08-02T02:51:13.504+0000] {processor.py:840} INFO - DAG(s) 'latest_only_with_trigger' retrieved from /home/airflow/.local/lib/python3.8/site-packages/airflow/example_dags/example_latest_only_with_trigger.py
[2025-08-02T02:51:13.545+0000] {logging_mixin.py:188} INFO - [2025-08-02T02:51:13.545+0000] {dag.py:3047} INFO - Sync 1 DAGs
[2025-08-02T02:51:13.607+0000] {logging_mixin.py:188} INFO - [2025-08-02T02:51:13.607+0000] {dag.py:3834} INFO - Setting next_dagrun for latest_only_with_trigger to 2025-08-01 20:00:00+00:00, run_after=2025-08-02 00:00:00+00:00
[2025-08-02T02:51:13.632+0000] {processor.py:183} INFO - Processing /home/airflow/.local/lib/python3.8/site-packages/airflow/example_dags/example_latest_only_with_trigger.py took 0.149 seconds
[2025-08-02T02:51:43.681+0000] {processor.py:161} INFO - Started process (PID=645) to work on /home/airflow/.local/lib/python3.8/site-packages/airflow/example_dags/example_latest_only_with_trigger.py
[2025-08-02T02:51:43.690+0000] {processor.py:830} INFO - Processing file /home/airflow/.local/lib/python3.8/site-packages/airflow/example_dags/example_latest_only_with_trigger.py for tasks to queue
[2025-08-02T02:51:43.693+0000] {logging_mixin.py:188} INFO - [2025-08-02T02:51:43.692+0000] {dagbag.py:540} INFO - Filling up the DagBag from /home/airflow/.local/lib/python3.8/site-packages/airflow/example_dags/example_latest_only_with_trigger.py
[2025-08-02T02:51:43.700+0000] {processor.py:840} INFO - DAG(s) 'latest_only_with_trigger' retrieved from /home/airflow/.local/lib/python3.8/site-packages/airflow/example_dags/example_latest_only_with_trigger.py
[2025-08-02T02:51:43.737+0000] {logging_mixin.py:188} INFO - [2025-08-02T02:51:43.737+0000] {dag.py:3047} INFO - Sync 1 DAGs
[2025-08-02T02:51:43.757+0000] {logging_mixin.py:188} INFO - [2025-08-02T02:51:43.757+0000] {dag.py:3834} INFO - Setting next_dagrun for latest_only_with_trigger to 2025-08-01 20:00:00+00:00, run_after=2025-08-02 00:00:00+00:00
[2025-08-02T02:51:43.785+0000] {processor.py:183} INFO - Processing /home/airflow/.local/lib/python3.8/site-packages/airflow/example_dags/example_latest_only_with_trigger.py took 0.111 seconds
[2025-08-02T02:52:13.963+0000] {processor.py:161} INFO - Started process (PID=701) to work on /home/airflow/.local/lib/python3.8/site-packages/airflow/example_dags/example_latest_only_with_trigger.py
[2025-08-02T02:52:13.965+0000] {processor.py:830} INFO - Processing file /home/airflow/.local/lib/python3.8/site-packages/airflow/example_dags/example_latest_only_with_trigger.py for tasks to queue
[2025-08-02T02:52:13.967+0000] {logging_mixin.py:188} INFO - [2025-08-02T02:52:13.967+0000] {dagbag.py:540} INFO - Filling up the DagBag from /home/airflow/.local/lib/python3.8/site-packages/airflow/example_dags/example_latest_only_with_trigger.py
[2025-08-02T02:52:13.974+0000] {processor.py:840} INFO - DAG(s) 'latest_only_with_trigger' retrieved from /home/airflow/.local/lib/python3.8/site-packages/airflow/example_dags/example_latest_only_with_trigger.py
[2025-08-02T02:52:14.001+0000] {logging_mixin.py:188} INFO - [2025-08-02T02:52:14.000+0000] {dag.py:3047} INFO - Sync 1 DAGs
[2025-08-02T02:52:14.051+0000] {logging_mixin.py:188} INFO - [2025-08-02T02:52:14.048+0000] {dag.py:3834} INFO - Setting next_dagrun for latest_only_with_trigger to 2025-08-01 20:00:00+00:00, run_after=2025-08-02 00:00:00+00:00
[2025-08-02T02:52:14.181+0000] {processor.py:183} INFO - Processing /home/airflow/.local/lib/python3.8/site-packages/airflow/example_dags/example_latest_only_with_trigger.py took 0.220 seconds
[2025-08-02T02:52:44.547+0000] {processor.py:161} INFO - Started process (PID=755) to work on /home/airflow/.local/lib/python3.8/site-packages/airflow/example_dags/example_latest_only_with_trigger.py
[2025-08-02T02:52:44.549+0000] {processor.py:830} INFO - Processing file /home/airflow/.local/lib/python3.8/site-packages/airflow/example_dags/example_latest_only_with_trigger.py for tasks to queue
[2025-08-02T02:52:44.551+0000] {logging_mixin.py:188} INFO - [2025-08-02T02:52:44.551+0000] {dagbag.py:540} INFO - Filling up the DagBag from /home/airflow/.local/lib/python3.8/site-packages/airflow/example_dags/example_latest_only_with_trigger.py
[2025-08-02T02:52:44.563+0000] {processor.py:840} INFO - DAG(s) 'latest_only_with_trigger' retrieved from /home/airflow/.local/lib/python3.8/site-packages/airflow/example_dags/example_latest_only_with_trigger.py
[2025-08-02T02:52:44.616+0000] {logging_mixin.py:188} INFO - [2025-08-02T02:52:44.616+0000] {dag.py:3047} INFO - Sync 1 DAGs
[2025-08-02T02:52:44.642+0000] {logging_mixin.py:188} INFO - [2025-08-02T02:52:44.642+0000] {dag.py:3834} INFO - Setting next_dagrun for latest_only_with_trigger to 2025-08-01 20:00:00+00:00, run_after=2025-08-02 00:00:00+00:00
[2025-08-02T02:52:44.674+0000] {processor.py:183} INFO - Processing /home/airflow/.local/lib/python3.8/site-packages/airflow/example_dags/example_latest_only_with_trigger.py took 0.133 seconds
[2025-08-02T02:56:42.360+0000] {processor.py:161} INFO - Started process (PID=79) to work on /home/airflow/.local/lib/python3.8/site-packages/airflow/example_dags/example_latest_only_with_trigger.py
[2025-08-02T02:56:42.363+0000] {processor.py:830} INFO - Processing file /home/airflow/.local/lib/python3.8/site-packages/airflow/example_dags/example_latest_only_with_trigger.py for tasks to queue
[2025-08-02T02:56:42.367+0000] {logging_mixin.py:188} INFO - [2025-08-02T02:56:42.367+0000] {dagbag.py:540} INFO - Filling up the DagBag from /home/airflow/.local/lib/python3.8/site-packages/airflow/example_dags/example_latest_only_with_trigger.py
[2025-08-02T02:56:42.389+0000] {processor.py:840} INFO - DAG(s) 'latest_only_with_trigger' retrieved from /home/airflow/.local/lib/python3.8/site-packages/airflow/example_dags/example_latest_only_with_trigger.py
[2025-08-02T02:56:42.432+0000] {logging_mixin.py:188} INFO - [2025-08-02T02:56:42.431+0000] {dag.py:3047} INFO - Sync 1 DAGs
[2025-08-02T02:56:42.496+0000] {logging_mixin.py:188} INFO - [2025-08-02T02:56:42.496+0000] {dag.py:3834} INFO - Setting next_dagrun for latest_only_with_trigger to 2025-08-01 20:00:00+00:00, run_after=2025-08-02 00:00:00+00:00
[2025-08-02T02:56:42.556+0000] {processor.py:183} INFO - Processing /home/airflow/.local/lib/python3.8/site-packages/airflow/example_dags/example_latest_only_with_trigger.py took 0.202 seconds
[2025-08-02T02:57:12.778+0000] {processor.py:161} INFO - Started process (PID=135) to work on /home/airflow/.local/lib/python3.8/site-packages/airflow/example_dags/example_latest_only_with_trigger.py
[2025-08-02T02:57:12.779+0000] {processor.py:830} INFO - Processing file /home/airflow/.local/lib/python3.8/site-packages/airflow/example_dags/example_latest_only_with_trigger.py for tasks to queue
[2025-08-02T02:57:12.781+0000] {logging_mixin.py:188} INFO - [2025-08-02T02:57:12.781+0000] {dagbag.py:540} INFO - Filling up the DagBag from /home/airflow/.local/lib/python3.8/site-packages/airflow/example_dags/example_latest_only_with_trigger.py
[2025-08-02T02:57:12.785+0000] {processor.py:840} INFO - DAG(s) 'latest_only_with_trigger' retrieved from /home/airflow/.local/lib/python3.8/site-packages/airflow/example_dags/example_latest_only_with_trigger.py
[2025-08-02T02:57:12.885+0000] {logging_mixin.py:188} INFO - [2025-08-02T02:57:12.885+0000] {dag.py:3047} INFO - Sync 1 DAGs
[2025-08-02T02:57:12.908+0000] {logging_mixin.py:188} INFO - [2025-08-02T02:57:12.908+0000] {dag.py:3834} INFO - Setting next_dagrun for latest_only_with_trigger to 2025-08-01 20:00:00+00:00, run_after=2025-08-02 00:00:00+00:00
[2025-08-02T02:57:12.927+0000] {processor.py:183} INFO - Processing /home/airflow/.local/lib/python3.8/site-packages/airflow/example_dags/example_latest_only_with_trigger.py took 0.152 seconds
[2025-08-02T02:57:44.753+0000] {processor.py:161} INFO - Started process (PID=191) to work on /home/airflow/.local/lib/python3.8/site-packages/airflow/example_dags/example_latest_only_with_trigger.py
[2025-08-02T02:57:44.754+0000] {processor.py:830} INFO - Processing file /home/airflow/.local/lib/python3.8/site-packages/airflow/example_dags/example_latest_only_with_trigger.py for tasks to queue
[2025-08-02T02:57:44.755+0000] {logging_mixin.py:188} INFO - [2025-08-02T02:57:44.755+0000] {dagbag.py:540} INFO - Filling up the DagBag from /home/airflow/.local/lib/python3.8/site-packages/airflow/example_dags/example_latest_only_with_trigger.py
[2025-08-02T02:57:44.760+0000] {processor.py:840} INFO - DAG(s) 'latest_only_with_trigger' retrieved from /home/airflow/.local/lib/python3.8/site-packages/airflow/example_dags/example_latest_only_with_trigger.py
[2025-08-02T02:57:44.787+0000] {logging_mixin.py:188} INFO - [2025-08-02T02:57:44.786+0000] {dag.py:3047} INFO - Sync 1 DAGs
[2025-08-02T02:57:44.802+0000] {logging_mixin.py:188} INFO - [2025-08-02T02:57:44.802+0000] {dag.py:3834} INFO - Setting next_dagrun for latest_only_with_trigger to 2025-08-01 20:00:00+00:00, run_after=2025-08-02 00:00:00+00:00
[2025-08-02T02:57:44.825+0000] {processor.py:183} INFO - Processing /home/airflow/.local/lib/python3.8/site-packages/airflow/example_dags/example_latest_only_with_trigger.py took 0.075 seconds
[2025-08-02T02:58:15.293+0000] {processor.py:161} INFO - Started process (PID=247) to work on /home/airflow/.local/lib/python3.8/site-packages/airflow/example_dags/example_latest_only_with_trigger.py
[2025-08-02T02:58:15.295+0000] {processor.py:830} INFO - Processing file /home/airflow/.local/lib/python3.8/site-packages/airflow/example_dags/example_latest_only_with_trigger.py for tasks to queue
[2025-08-02T02:58:15.297+0000] {logging_mixin.py:188} INFO - [2025-08-02T02:58:15.297+0000] {dagbag.py:540} INFO - Filling up the DagBag from /home/airflow/.local/lib/python3.8/site-packages/airflow/example_dags/example_latest_only_with_trigger.py
[2025-08-02T02:58:15.303+0000] {processor.py:840} INFO - DAG(s) 'latest_only_with_trigger' retrieved from /home/airflow/.local/lib/python3.8/site-packages/airflow/example_dags/example_latest_only_with_trigger.py
[2025-08-02T02:58:15.328+0000] {logging_mixin.py:188} INFO - [2025-08-02T02:58:15.328+0000] {dag.py:3047} INFO - Sync 1 DAGs
[2025-08-02T02:58:15.345+0000] {logging_mixin.py:188} INFO - [2025-08-02T02:58:15.345+0000] {dag.py:3834} INFO - Setting next_dagrun for latest_only_with_trigger to 2025-08-01 20:00:00+00:00, run_after=2025-08-02 00:00:00+00:00
[2025-08-02T02:58:15.360+0000] {processor.py:183} INFO - Processing /home/airflow/.local/lib/python3.8/site-packages/airflow/example_dags/example_latest_only_with_trigger.py took 0.071 seconds
[2025-08-02T02:58:46.057+0000] {processor.py:161} INFO - Started process (PID=303) to work on /home/airflow/.local/lib/python3.8/site-packages/airflow/example_dags/example_latest_only_with_trigger.py
[2025-08-02T02:58:46.074+0000] {processor.py:830} INFO - Processing file /home/airflow/.local/lib/python3.8/site-packages/airflow/example_dags/example_latest_only_with_trigger.py for tasks to queue
[2025-08-02T02:58:46.081+0000] {logging_mixin.py:188} INFO - [2025-08-02T02:58:46.080+0000] {dagbag.py:540} INFO - Filling up the DagBag from /home/airflow/.local/lib/python3.8/site-packages/airflow/example_dags/example_latest_only_with_trigger.py
[2025-08-02T02:58:46.095+0000] {processor.py:840} INFO - DAG(s) 'latest_only_with_trigger' retrieved from /home/airflow/.local/lib/python3.8/site-packages/airflow/example_dags/example_latest_only_with_trigger.py
[2025-08-02T02:58:46.139+0000] {logging_mixin.py:188} INFO - [2025-08-02T02:58:46.139+0000] {dag.py:3047} INFO - Sync 1 DAGs
[2025-08-02T02:58:46.186+0000] {logging_mixin.py:188} INFO - [2025-08-02T02:58:46.185+0000] {dag.py:3834} INFO - Setting next_dagrun for latest_only_with_trigger to 2025-08-01 20:00:00+00:00, run_after=2025-08-02 00:00:00+00:00
[2025-08-02T02:58:46.238+0000] {processor.py:183} INFO - Processing /home/airflow/.local/lib/python3.8/site-packages/airflow/example_dags/example_latest_only_with_trigger.py took 0.189 seconds
[2025-08-02T02:59:16.461+0000] {processor.py:161} INFO - Started process (PID=359) to work on /home/airflow/.local/lib/python3.8/site-packages/airflow/example_dags/example_latest_only_with_trigger.py
[2025-08-02T02:59:16.464+0000] {processor.py:830} INFO - Processing file /home/airflow/.local/lib/python3.8/site-packages/airflow/example_dags/example_latest_only_with_trigger.py for tasks to queue
[2025-08-02T02:59:16.465+0000] {logging_mixin.py:188} INFO - [2025-08-02T02:59:16.465+0000] {dagbag.py:540} INFO - Filling up the DagBag from /home/airflow/.local/lib/python3.8/site-packages/airflow/example_dags/example_latest_only_with_trigger.py
[2025-08-02T02:59:16.469+0000] {processor.py:840} INFO - DAG(s) 'latest_only_with_trigger' retrieved from /home/airflow/.local/lib/python3.8/site-packages/airflow/example_dags/example_latest_only_with_trigger.py
[2025-08-02T02:59:16.481+0000] {logging_mixin.py:188} INFO - [2025-08-02T02:59:16.481+0000] {dag.py:3047} INFO - Sync 1 DAGs
[2025-08-02T02:59:16.491+0000] {logging_mixin.py:188} INFO - [2025-08-02T02:59:16.491+0000] {dag.py:3834} INFO - Setting next_dagrun for latest_only_with_trigger to 2025-08-01 20:00:00+00:00, run_after=2025-08-02 00:00:00+00:00
[2025-08-02T02:59:16.500+0000] {processor.py:183} INFO - Processing /home/airflow/.local/lib/python3.8/site-packages/airflow/example_dags/example_latest_only_with_trigger.py took 0.042 seconds
[2025-08-02T02:59:46.578+0000] {processor.py:161} INFO - Started process (PID=415) to work on /home/airflow/.local/lib/python3.8/site-packages/airflow/example_dags/example_latest_only_with_trigger.py
[2025-08-02T02:59:46.579+0000] {processor.py:830} INFO - Processing file /home/airflow/.local/lib/python3.8/site-packages/airflow/example_dags/example_latest_only_with_trigger.py for tasks to queue
[2025-08-02T02:59:46.584+0000] {logging_mixin.py:188} INFO - [2025-08-02T02:59:46.584+0000] {dagbag.py:540} INFO - Filling up the DagBag from /home/airflow/.local/lib/python3.8/site-packages/airflow/example_dags/example_latest_only_with_trigger.py
[2025-08-02T02:59:46.588+0000] {processor.py:840} INFO - DAG(s) 'latest_only_with_trigger' retrieved from /home/airflow/.local/lib/python3.8/site-packages/airflow/example_dags/example_latest_only_with_trigger.py
[2025-08-02T02:59:46.613+0000] {logging_mixin.py:188} INFO - [2025-08-02T02:59:46.612+0000] {dag.py:3047} INFO - Sync 1 DAGs
[2025-08-02T02:59:46.624+0000] {logging_mixin.py:188} INFO - [2025-08-02T02:59:46.624+0000] {dag.py:3834} INFO - Setting next_dagrun for latest_only_with_trigger to 2025-08-01 20:00:00+00:00, run_after=2025-08-02 00:00:00+00:00
[2025-08-02T02:59:46.637+0000] {processor.py:183} INFO - Processing /home/airflow/.local/lib/python3.8/site-packages/airflow/example_dags/example_latest_only_with_trigger.py took 0.062 seconds
[2025-08-02T03:00:16.972+0000] {processor.py:161} INFO - Started process (PID=471) to work on /home/airflow/.local/lib/python3.8/site-packages/airflow/example_dags/example_latest_only_with_trigger.py
[2025-08-02T03:00:16.981+0000] {processor.py:830} INFO - Processing file /home/airflow/.local/lib/python3.8/site-packages/airflow/example_dags/example_latest_only_with_trigger.py for tasks to queue
[2025-08-02T03:00:16.982+0000] {logging_mixin.py:188} INFO - [2025-08-02T03:00:16.982+0000] {dagbag.py:540} INFO - Filling up the DagBag from /home/airflow/.local/lib/python3.8/site-packages/airflow/example_dags/example_latest_only_with_trigger.py
[2025-08-02T03:00:16.987+0000] {processor.py:840} INFO - DAG(s) 'latest_only_with_trigger' retrieved from /home/airflow/.local/lib/python3.8/site-packages/airflow/example_dags/example_latest_only_with_trigger.py
[2025-08-02T03:00:17.006+0000] {logging_mixin.py:188} INFO - [2025-08-02T03:00:17.006+0000] {dag.py:3047} INFO - Sync 1 DAGs
[2025-08-02T03:00:17.021+0000] {logging_mixin.py:188} INFO - [2025-08-02T03:00:17.021+0000] {dag.py:3834} INFO - Setting next_dagrun for latest_only_with_trigger to 2025-08-01 20:00:00+00:00, run_after=2025-08-02 00:00:00+00:00
[2025-08-02T03:00:17.041+0000] {processor.py:183} INFO - Processing /home/airflow/.local/lib/python3.8/site-packages/airflow/example_dags/example_latest_only_with_trigger.py took 0.091 seconds
[2025-08-02T03:00:47.973+0000] {processor.py:161} INFO - Started process (PID=527) to work on /home/airflow/.local/lib/python3.8/site-packages/airflow/example_dags/example_latest_only_with_trigger.py
[2025-08-02T03:00:47.975+0000] {processor.py:830} INFO - Processing file /home/airflow/.local/lib/python3.8/site-packages/airflow/example_dags/example_latest_only_with_trigger.py for tasks to queue
[2025-08-02T03:00:47.993+0000] {logging_mixin.py:188} INFO - [2025-08-02T03:00:47.991+0000] {dagbag.py:540} INFO - Filling up the DagBag from /home/airflow/.local/lib/python3.8/site-packages/airflow/example_dags/example_latest_only_with_trigger.py
[2025-08-02T03:00:48.017+0000] {processor.py:840} INFO - DAG(s) 'latest_only_with_trigger' retrieved from /home/airflow/.local/lib/python3.8/site-packages/airflow/example_dags/example_latest_only_with_trigger.py
[2025-08-02T03:00:48.128+0000] {logging_mixin.py:188} INFO - [2025-08-02T03:00:48.126+0000] {dag.py:3047} INFO - Sync 1 DAGs
[2025-08-02T03:00:48.154+0000] {logging_mixin.py:188} INFO - [2025-08-02T03:00:48.154+0000] {dag.py:3834} INFO - Setting next_dagrun for latest_only_with_trigger to 2025-08-01 20:00:00+00:00, run_after=2025-08-02 00:00:00+00:00
[2025-08-02T03:00:48.207+0000] {processor.py:183} INFO - Processing /home/airflow/.local/lib/python3.8/site-packages/airflow/example_dags/example_latest_only_with_trigger.py took 0.251 seconds
[2025-08-02T03:01:18.998+0000] {processor.py:161} INFO - Started process (PID=583) to work on /home/airflow/.local/lib/python3.8/site-packages/airflow/example_dags/example_latest_only_with_trigger.py
[2025-08-02T03:01:19.000+0000] {processor.py:830} INFO - Processing file /home/airflow/.local/lib/python3.8/site-packages/airflow/example_dags/example_latest_only_with_trigger.py for tasks to queue
[2025-08-02T03:01:19.003+0000] {logging_mixin.py:188} INFO - [2025-08-02T03:01:19.003+0000] {dagbag.py:540} INFO - Filling up the DagBag from /home/airflow/.local/lib/python3.8/site-packages/airflow/example_dags/example_latest_only_with_trigger.py
[2025-08-02T03:01:19.032+0000] {processor.py:840} INFO - DAG(s) 'latest_only_with_trigger' retrieved from /home/airflow/.local/lib/python3.8/site-packages/airflow/example_dags/example_latest_only_with_trigger.py
[2025-08-02T03:01:19.072+0000] {logging_mixin.py:188} INFO - [2025-08-02T03:01:19.072+0000] {dag.py:3047} INFO - Sync 1 DAGs
[2025-08-02T03:01:19.102+0000] {logging_mixin.py:188} INFO - [2025-08-02T03:01:19.102+0000] {dag.py:3834} INFO - Setting next_dagrun for latest_only_with_trigger to 2025-08-01 20:00:00+00:00, run_after=2025-08-02 00:00:00+00:00
[2025-08-02T03:01:19.119+0000] {processor.py:183} INFO - Processing /home/airflow/.local/lib/python3.8/site-packages/airflow/example_dags/example_latest_only_with_trigger.py took 0.129 seconds
[2025-08-02T03:01:50.040+0000] {processor.py:161} INFO - Started process (PID=639) to work on /home/airflow/.local/lib/python3.8/site-packages/airflow/example_dags/example_latest_only_with_trigger.py
[2025-08-02T03:01:50.041+0000] {processor.py:830} INFO - Processing file /home/airflow/.local/lib/python3.8/site-packages/airflow/example_dags/example_latest_only_with_trigger.py for tasks to queue
[2025-08-02T03:01:50.046+0000] {logging_mixin.py:188} INFO - [2025-08-02T03:01:50.046+0000] {dagbag.py:540} INFO - Filling up the DagBag from /home/airflow/.local/lib/python3.8/site-packages/airflow/example_dags/example_latest_only_with_trigger.py
[2025-08-02T03:01:50.059+0000] {processor.py:840} INFO - DAG(s) 'latest_only_with_trigger' retrieved from /home/airflow/.local/lib/python3.8/site-packages/airflow/example_dags/example_latest_only_with_trigger.py
[2025-08-02T03:01:50.092+0000] {logging_mixin.py:188} INFO - [2025-08-02T03:01:50.091+0000] {dag.py:3047} INFO - Sync 1 DAGs
[2025-08-02T03:01:50.115+0000] {logging_mixin.py:188} INFO - [2025-08-02T03:01:50.115+0000] {dag.py:3834} INFO - Setting next_dagrun for latest_only_with_trigger to 2025-08-01 20:00:00+00:00, run_after=2025-08-02 00:00:00+00:00
[2025-08-02T03:01:50.149+0000] {processor.py:183} INFO - Processing /home/airflow/.local/lib/python3.8/site-packages/airflow/example_dags/example_latest_only_with_trigger.py took 0.125 seconds
[2025-08-02T03:02:21.460+0000] {processor.py:161} INFO - Started process (PID=695) to work on /home/airflow/.local/lib/python3.8/site-packages/airflow/example_dags/example_latest_only_with_trigger.py
[2025-08-02T03:02:21.461+0000] {processor.py:830} INFO - Processing file /home/airflow/.local/lib/python3.8/site-packages/airflow/example_dags/example_latest_only_with_trigger.py for tasks to queue
[2025-08-02T03:02:21.464+0000] {logging_mixin.py:188} INFO - [2025-08-02T03:02:21.464+0000] {dagbag.py:540} INFO - Filling up the DagBag from /home/airflow/.local/lib/python3.8/site-packages/airflow/example_dags/example_latest_only_with_trigger.py
[2025-08-02T03:02:21.476+0000] {processor.py:840} INFO - DAG(s) 'latest_only_with_trigger' retrieved from /home/airflow/.local/lib/python3.8/site-packages/airflow/example_dags/example_latest_only_with_trigger.py
[2025-08-02T03:02:21.515+0000] {logging_mixin.py:188} INFO - [2025-08-02T03:02:21.514+0000] {dag.py:3047} INFO - Sync 1 DAGs
[2025-08-02T03:02:21.537+0000] {logging_mixin.py:188} INFO - [2025-08-02T03:02:21.537+0000] {dag.py:3834} INFO - Setting next_dagrun for latest_only_with_trigger to 2025-08-01 20:00:00+00:00, run_after=2025-08-02 00:00:00+00:00
[2025-08-02T03:02:21.559+0000] {processor.py:183} INFO - Processing /home/airflow/.local/lib/python3.8/site-packages/airflow/example_dags/example_latest_only_with_trigger.py took 0.104 seconds
[2025-08-02T03:02:52.362+0000] {processor.py:161} INFO - Started process (PID=751) to work on /home/airflow/.local/lib/python3.8/site-packages/airflow/example_dags/example_latest_only_with_trigger.py
[2025-08-02T03:02:52.364+0000] {processor.py:830} INFO - Processing file /home/airflow/.local/lib/python3.8/site-packages/airflow/example_dags/example_latest_only_with_trigger.py for tasks to queue
[2025-08-02T03:02:52.367+0000] {logging_mixin.py:188} INFO - [2025-08-02T03:02:52.366+0000] {dagbag.py:540} INFO - Filling up the DagBag from /home/airflow/.local/lib/python3.8/site-packages/airflow/example_dags/example_latest_only_with_trigger.py
[2025-08-02T03:02:52.387+0000] {processor.py:840} INFO - DAG(s) 'latest_only_with_trigger' retrieved from /home/airflow/.local/lib/python3.8/site-packages/airflow/example_dags/example_latest_only_with_trigger.py
[2025-08-02T03:02:52.449+0000] {logging_mixin.py:188} INFO - [2025-08-02T03:02:52.449+0000] {dag.py:3047} INFO - Sync 1 DAGs
[2025-08-02T03:02:52.504+0000] {logging_mixin.py:188} INFO - [2025-08-02T03:02:52.504+0000] {dag.py:3834} INFO - Setting next_dagrun for latest_only_with_trigger to 2025-08-01 20:00:00+00:00, run_after=2025-08-02 00:00:00+00:00
[2025-08-02T03:02:52.519+0000] {processor.py:183} INFO - Processing /home/airflow/.local/lib/python3.8/site-packages/airflow/example_dags/example_latest_only_with_trigger.py took 0.162 seconds
[2025-08-02T03:03:22.658+0000] {processor.py:161} INFO - Started process (PID=807) to work on /home/airflow/.local/lib/python3.8/site-packages/airflow/example_dags/example_latest_only_with_trigger.py
[2025-08-02T03:03:22.661+0000] {processor.py:830} INFO - Processing file /home/airflow/.local/lib/python3.8/site-packages/airflow/example_dags/example_latest_only_with_trigger.py for tasks to queue
[2025-08-02T03:03:22.670+0000] {logging_mixin.py:188} INFO - [2025-08-02T03:03:22.670+0000] {dagbag.py:540} INFO - Filling up the DagBag from /home/airflow/.local/lib/python3.8/site-packages/airflow/example_dags/example_latest_only_with_trigger.py
[2025-08-02T03:03:22.684+0000] {processor.py:840} INFO - DAG(s) 'latest_only_with_trigger' retrieved from /home/airflow/.local/lib/python3.8/site-packages/airflow/example_dags/example_latest_only_with_trigger.py
[2025-08-02T03:03:22.712+0000] {logging_mixin.py:188} INFO - [2025-08-02T03:03:22.712+0000] {dag.py:3047} INFO - Sync 1 DAGs
[2025-08-02T03:03:22.727+0000] {logging_mixin.py:188} INFO - [2025-08-02T03:03:22.727+0000] {dag.py:3834} INFO - Setting next_dagrun for latest_only_with_trigger to 2025-08-01 20:00:00+00:00, run_after=2025-08-02 00:00:00+00:00
[2025-08-02T03:03:22.746+0000] {processor.py:183} INFO - Processing /home/airflow/.local/lib/python3.8/site-packages/airflow/example_dags/example_latest_only_with_trigger.py took 0.090 seconds
[2025-08-02T03:03:53.481+0000] {processor.py:161} INFO - Started process (PID=863) to work on /home/airflow/.local/lib/python3.8/site-packages/airflow/example_dags/example_latest_only_with_trigger.py
[2025-08-02T03:03:53.483+0000] {processor.py:830} INFO - Processing file /home/airflow/.local/lib/python3.8/site-packages/airflow/example_dags/example_latest_only_with_trigger.py for tasks to queue
[2025-08-02T03:03:53.490+0000] {logging_mixin.py:188} INFO - [2025-08-02T03:03:53.489+0000] {dagbag.py:540} INFO - Filling up the DagBag from /home/airflow/.local/lib/python3.8/site-packages/airflow/example_dags/example_latest_only_with_trigger.py
[2025-08-02T03:03:53.494+0000] {processor.py:840} INFO - DAG(s) 'latest_only_with_trigger' retrieved from /home/airflow/.local/lib/python3.8/site-packages/airflow/example_dags/example_latest_only_with_trigger.py
[2025-08-02T03:03:53.515+0000] {logging_mixin.py:188} INFO - [2025-08-02T03:03:53.515+0000] {dag.py:3047} INFO - Sync 1 DAGs
[2025-08-02T03:03:53.531+0000] {logging_mixin.py:188} INFO - [2025-08-02T03:03:53.530+0000] {dag.py:3834} INFO - Setting next_dagrun for latest_only_with_trigger to 2025-08-01 20:00:00+00:00, run_after=2025-08-02 00:00:00+00:00
[2025-08-02T03:03:53.539+0000] {processor.py:183} INFO - Processing /home/airflow/.local/lib/python3.8/site-packages/airflow/example_dags/example_latest_only_with_trigger.py took 0.063 seconds
[2025-08-02T03:04:24.975+0000] {processor.py:161} INFO - Started process (PID=919) to work on /home/airflow/.local/lib/python3.8/site-packages/airflow/example_dags/example_latest_only_with_trigger.py
[2025-08-02T03:04:24.981+0000] {processor.py:830} INFO - Processing file /home/airflow/.local/lib/python3.8/site-packages/airflow/example_dags/example_latest_only_with_trigger.py for tasks to queue
[2025-08-02T03:04:24.986+0000] {logging_mixin.py:188} INFO - [2025-08-02T03:04:24.986+0000] {dagbag.py:540} INFO - Filling up the DagBag from /home/airflow/.local/lib/python3.8/site-packages/airflow/example_dags/example_latest_only_with_trigger.py
[2025-08-02T03:04:25.001+0000] {processor.py:840} INFO - DAG(s) 'latest_only_with_trigger' retrieved from /home/airflow/.local/lib/python3.8/site-packages/airflow/example_dags/example_latest_only_with_trigger.py
[2025-08-02T03:04:25.026+0000] {logging_mixin.py:188} INFO - [2025-08-02T03:04:25.025+0000] {dag.py:3047} INFO - Sync 1 DAGs
[2025-08-02T03:04:25.043+0000] {logging_mixin.py:188} INFO - [2025-08-02T03:04:25.042+0000] {dag.py:3834} INFO - Setting next_dagrun for latest_only_with_trigger to 2025-08-01 20:00:00+00:00, run_after=2025-08-02 00:00:00+00:00
[2025-08-02T03:04:25.054+0000] {processor.py:183} INFO - Processing /home/airflow/.local/lib/python3.8/site-packages/airflow/example_dags/example_latest_only_with_trigger.py took 0.091 seconds
[2025-08-02T03:04:55.278+0000] {processor.py:161} INFO - Started process (PID=976) to work on /home/airflow/.local/lib/python3.8/site-packages/airflow/example_dags/example_latest_only_with_trigger.py
[2025-08-02T03:04:55.281+0000] {processor.py:830} INFO - Processing file /home/airflow/.local/lib/python3.8/site-packages/airflow/example_dags/example_latest_only_with_trigger.py for tasks to queue
[2025-08-02T03:04:55.282+0000] {logging_mixin.py:188} INFO - [2025-08-02T03:04:55.282+0000] {dagbag.py:540} INFO - Filling up the DagBag from /home/airflow/.local/lib/python3.8/site-packages/airflow/example_dags/example_latest_only_with_trigger.py
[2025-08-02T03:04:55.286+0000] {processor.py:840} INFO - DAG(s) 'latest_only_with_trigger' retrieved from /home/airflow/.local/lib/python3.8/site-packages/airflow/example_dags/example_latest_only_with_trigger.py
[2025-08-02T03:04:55.298+0000] {logging_mixin.py:188} INFO - [2025-08-02T03:04:55.298+0000] {dag.py:3047} INFO - Sync 1 DAGs
[2025-08-02T03:04:55.317+0000] {logging_mixin.py:188} INFO - [2025-08-02T03:04:55.316+0000] {dag.py:3834} INFO - Setting next_dagrun for latest_only_with_trigger to 2025-08-01 20:00:00+00:00, run_after=2025-08-02 00:00:00+00:00
[2025-08-02T03:04:55.337+0000] {processor.py:183} INFO - Processing /home/airflow/.local/lib/python3.8/site-packages/airflow/example_dags/example_latest_only_with_trigger.py took 0.062 seconds
[2025-08-02T03:05:28.516+0000] {processor.py:161} INFO - Started process (PID=1032) to work on /home/airflow/.local/lib/python3.8/site-packages/airflow/example_dags/example_latest_only_with_trigger.py
[2025-08-02T03:05:28.517+0000] {processor.py:830} INFO - Processing file /home/airflow/.local/lib/python3.8/site-packages/airflow/example_dags/example_latest_only_with_trigger.py for tasks to queue
[2025-08-02T03:05:28.518+0000] {logging_mixin.py:188} INFO - [2025-08-02T03:05:28.518+0000] {dagbag.py:540} INFO - Filling up the DagBag from /home/airflow/.local/lib/python3.8/site-packages/airflow/example_dags/example_latest_only_with_trigger.py
[2025-08-02T03:05:28.522+0000] {processor.py:840} INFO - DAG(s) 'latest_only_with_trigger' retrieved from /home/airflow/.local/lib/python3.8/site-packages/airflow/example_dags/example_latest_only_with_trigger.py
[2025-08-02T03:05:28.535+0000] {logging_mixin.py:188} INFO - [2025-08-02T03:05:28.535+0000] {dag.py:3047} INFO - Sync 1 DAGs
[2025-08-02T03:05:28.547+0000] {logging_mixin.py:188} INFO - [2025-08-02T03:05:28.547+0000] {dag.py:3834} INFO - Setting next_dagrun for latest_only_with_trigger to 2025-08-01 20:00:00+00:00, run_after=2025-08-02 00:00:00+00:00
[2025-08-02T03:05:28.561+0000] {processor.py:183} INFO - Processing /home/airflow/.local/lib/python3.8/site-packages/airflow/example_dags/example_latest_only_with_trigger.py took 0.047 seconds
[2025-08-02T03:05:59.075+0000] {processor.py:161} INFO - Started process (PID=1088) to work on /home/airflow/.local/lib/python3.8/site-packages/airflow/example_dags/example_latest_only_with_trigger.py
[2025-08-02T03:05:59.078+0000] {processor.py:830} INFO - Processing file /home/airflow/.local/lib/python3.8/site-packages/airflow/example_dags/example_latest_only_with_trigger.py for tasks to queue
[2025-08-02T03:05:59.080+0000] {logging_mixin.py:188} INFO - [2025-08-02T03:05:59.080+0000] {dagbag.py:540} INFO - Filling up the DagBag from /home/airflow/.local/lib/python3.8/site-packages/airflow/example_dags/example_latest_only_with_trigger.py
[2025-08-02T03:05:59.086+0000] {processor.py:840} INFO - DAG(s) 'latest_only_with_trigger' retrieved from /home/airflow/.local/lib/python3.8/site-packages/airflow/example_dags/example_latest_only_with_trigger.py
[2025-08-02T03:05:59.112+0000] {logging_mixin.py:188} INFO - [2025-08-02T03:05:59.111+0000] {dag.py:3047} INFO - Sync 1 DAGs
[2025-08-02T03:05:59.130+0000] {logging_mixin.py:188} INFO - [2025-08-02T03:05:59.130+0000] {dag.py:3834} INFO - Setting next_dagrun for latest_only_with_trigger to 2025-08-01 20:00:00+00:00, run_after=2025-08-02 00:00:00+00:00
[2025-08-02T03:05:59.145+0000] {processor.py:183} INFO - Processing /home/airflow/.local/lib/python3.8/site-packages/airflow/example_dags/example_latest_only_with_trigger.py took 0.073 seconds
[2025-08-02T03:06:36.684+0000] {processor.py:161} INFO - Started process (PID=1144) to work on /home/airflow/.local/lib/python3.8/site-packages/airflow/example_dags/example_latest_only_with_trigger.py
[2025-08-02T03:06:36.687+0000] {processor.py:830} INFO - Processing file /home/airflow/.local/lib/python3.8/site-packages/airflow/example_dags/example_latest_only_with_trigger.py for tasks to queue
[2025-08-02T03:06:36.689+0000] {logging_mixin.py:188} INFO - [2025-08-02T03:06:36.689+0000] {dagbag.py:540} INFO - Filling up the DagBag from /home/airflow/.local/lib/python3.8/site-packages/airflow/example_dags/example_latest_only_with_trigger.py
[2025-08-02T03:06:36.700+0000] {processor.py:840} INFO - DAG(s) 'latest_only_with_trigger' retrieved from /home/airflow/.local/lib/python3.8/site-packages/airflow/example_dags/example_latest_only_with_trigger.py
[2025-08-02T03:06:36.721+0000] {logging_mixin.py:188} INFO - [2025-08-02T03:06:36.721+0000] {dag.py:3047} INFO - Sync 1 DAGs
[2025-08-02T03:06:36.737+0000] {logging_mixin.py:188} INFO - [2025-08-02T03:06:36.736+0000] {dag.py:3834} INFO - Setting next_dagrun for latest_only_with_trigger to 2025-08-01 20:00:00+00:00, run_after=2025-08-02 00:00:00+00:00
[2025-08-02T03:06:36.776+0000] {processor.py:183} INFO - Processing /home/airflow/.local/lib/python3.8/site-packages/airflow/example_dags/example_latest_only_with_trigger.py took 0.097 seconds
[2025-08-02T03:07:10.261+0000] {processor.py:161} INFO - Started process (PID=1200) to work on /home/airflow/.local/lib/python3.8/site-packages/airflow/example_dags/example_latest_only_with_trigger.py
[2025-08-02T03:07:10.262+0000] {processor.py:830} INFO - Processing file /home/airflow/.local/lib/python3.8/site-packages/airflow/example_dags/example_latest_only_with_trigger.py for tasks to queue
[2025-08-02T03:07:10.263+0000] {logging_mixin.py:188} INFO - [2025-08-02T03:07:10.263+0000] {dagbag.py:540} INFO - Filling up the DagBag from /home/airflow/.local/lib/python3.8/site-packages/airflow/example_dags/example_latest_only_with_trigger.py
[2025-08-02T03:07:10.276+0000] {processor.py:840} INFO - DAG(s) 'latest_only_with_trigger' retrieved from /home/airflow/.local/lib/python3.8/site-packages/airflow/example_dags/example_latest_only_with_trigger.py
[2025-08-02T03:07:10.347+0000] {logging_mixin.py:188} INFO - [2025-08-02T03:07:10.347+0000] {dag.py:3047} INFO - Sync 1 DAGs
[2025-08-02T03:07:10.391+0000] {logging_mixin.py:188} INFO - [2025-08-02T03:07:10.390+0000] {dag.py:3834} INFO - Setting next_dagrun for latest_only_with_trigger to 2025-08-01 20:00:00+00:00, run_after=2025-08-02 00:00:00+00:00
[2025-08-02T03:07:10.431+0000] {processor.py:183} INFO - Processing /home/airflow/.local/lib/python3.8/site-packages/airflow/example_dags/example_latest_only_with_trigger.py took 0.174 seconds
[2025-08-02T03:07:40.580+0000] {processor.py:161} INFO - Started process (PID=1256) to work on /home/airflow/.local/lib/python3.8/site-packages/airflow/example_dags/example_latest_only_with_trigger.py
[2025-08-02T03:07:40.582+0000] {processor.py:830} INFO - Processing file /home/airflow/.local/lib/python3.8/site-packages/airflow/example_dags/example_latest_only_with_trigger.py for tasks to queue
[2025-08-02T03:07:40.585+0000] {logging_mixin.py:188} INFO - [2025-08-02T03:07:40.585+0000] {dagbag.py:540} INFO - Filling up the DagBag from /home/airflow/.local/lib/python3.8/site-packages/airflow/example_dags/example_latest_only_with_trigger.py
[2025-08-02T03:07:40.588+0000] {processor.py:840} INFO - DAG(s) 'latest_only_with_trigger' retrieved from /home/airflow/.local/lib/python3.8/site-packages/airflow/example_dags/example_latest_only_with_trigger.py
[2025-08-02T03:07:40.622+0000] {logging_mixin.py:188} INFO - [2025-08-02T03:07:40.622+0000] {dag.py:3047} INFO - Sync 1 DAGs
[2025-08-02T03:07:40.644+0000] {logging_mixin.py:188} INFO - [2025-08-02T03:07:40.644+0000] {dag.py:3834} INFO - Setting next_dagrun for latest_only_with_trigger to 2025-08-01 20:00:00+00:00, run_after=2025-08-02 00:00:00+00:00
[2025-08-02T03:07:40.663+0000] {processor.py:183} INFO - Processing /home/airflow/.local/lib/python3.8/site-packages/airflow/example_dags/example_latest_only_with_trigger.py took 0.086 seconds
[2025-08-02T03:09:02.551+0000] {processor.py:161} INFO - Started process (PID=89) to work on /home/airflow/.local/lib/python3.8/site-packages/airflow/example_dags/example_latest_only_with_trigger.py
[2025-08-02T03:09:02.554+0000] {processor.py:830} INFO - Processing file /home/airflow/.local/lib/python3.8/site-packages/airflow/example_dags/example_latest_only_with_trigger.py for tasks to queue
[2025-08-02T03:09:02.561+0000] {logging_mixin.py:188} INFO - [2025-08-02T03:09:02.560+0000] {dagbag.py:540} INFO - Filling up the DagBag from /home/airflow/.local/lib/python3.8/site-packages/airflow/example_dags/example_latest_only_with_trigger.py
[2025-08-02T03:09:02.597+0000] {processor.py:840} INFO - DAG(s) 'latest_only_with_trigger' retrieved from /home/airflow/.local/lib/python3.8/site-packages/airflow/example_dags/example_latest_only_with_trigger.py
[2025-08-02T03:09:02.834+0000] {logging_mixin.py:188} INFO - [2025-08-02T03:09:02.834+0000] {dag.py:3047} INFO - Sync 1 DAGs
[2025-08-02T03:09:02.890+0000] {logging_mixin.py:188} INFO - [2025-08-02T03:09:02.888+0000] {dag.py:3834} INFO - Setting next_dagrun for latest_only_with_trigger to 2025-08-01 20:00:00+00:00, run_after=2025-08-02 00:00:00+00:00
[2025-08-02T03:09:02.961+0000] {processor.py:183} INFO - Processing /home/airflow/.local/lib/python3.8/site-packages/airflow/example_dags/example_latest_only_with_trigger.py took 0.413 seconds
[2025-08-02T03:09:33.735+0000] {processor.py:161} INFO - Started process (PID=145) to work on /home/airflow/.local/lib/python3.8/site-packages/airflow/example_dags/example_latest_only_with_trigger.py
[2025-08-02T03:09:33.738+0000] {processor.py:830} INFO - Processing file /home/airflow/.local/lib/python3.8/site-packages/airflow/example_dags/example_latest_only_with_trigger.py for tasks to queue
[2025-08-02T03:09:33.740+0000] {logging_mixin.py:188} INFO - [2025-08-02T03:09:33.740+0000] {dagbag.py:540} INFO - Filling up the DagBag from /home/airflow/.local/lib/python3.8/site-packages/airflow/example_dags/example_latest_only_with_trigger.py
[2025-08-02T03:09:33.758+0000] {processor.py:840} INFO - DAG(s) 'latest_only_with_trigger' retrieved from /home/airflow/.local/lib/python3.8/site-packages/airflow/example_dags/example_latest_only_with_trigger.py
[2025-08-02T03:09:33.809+0000] {logging_mixin.py:188} INFO - [2025-08-02T03:09:33.809+0000] {dag.py:3047} INFO - Sync 1 DAGs
[2025-08-02T03:09:33.841+0000] {logging_mixin.py:188} INFO - [2025-08-02T03:09:33.841+0000] {dag.py:3834} INFO - Setting next_dagrun for latest_only_with_trigger to 2025-08-01 20:00:00+00:00, run_after=2025-08-02 00:00:00+00:00
[2025-08-02T03:09:33.864+0000] {processor.py:183} INFO - Processing /home/airflow/.local/lib/python3.8/site-packages/airflow/example_dags/example_latest_only_with_trigger.py took 0.134 seconds
[2025-08-02T03:10:06.326+0000] {processor.py:161} INFO - Started process (PID=200) to work on /home/airflow/.local/lib/python3.8/site-packages/airflow/example_dags/example_latest_only_with_trigger.py
[2025-08-02T03:10:06.328+0000] {processor.py:830} INFO - Processing file /home/airflow/.local/lib/python3.8/site-packages/airflow/example_dags/example_latest_only_with_trigger.py for tasks to queue
[2025-08-02T03:10:06.331+0000] {logging_mixin.py:188} INFO - [2025-08-02T03:10:06.331+0000] {dagbag.py:540} INFO - Filling up the DagBag from /home/airflow/.local/lib/python3.8/site-packages/airflow/example_dags/example_latest_only_with_trigger.py
[2025-08-02T03:10:06.343+0000] {processor.py:840} INFO - DAG(s) 'latest_only_with_trigger' retrieved from /home/airflow/.local/lib/python3.8/site-packages/airflow/example_dags/example_latest_only_with_trigger.py
[2025-08-02T03:10:06.390+0000] {logging_mixin.py:188} INFO - [2025-08-02T03:10:06.389+0000] {dag.py:3047} INFO - Sync 1 DAGs
[2025-08-02T03:10:06.443+0000] {logging_mixin.py:188} INFO - [2025-08-02T03:10:06.443+0000] {dag.py:3834} INFO - Setting next_dagrun for latest_only_with_trigger to 2025-08-01 20:00:00+00:00, run_after=2025-08-02 00:00:00+00:00
[2025-08-02T03:10:06.497+0000] {processor.py:183} INFO - Processing /home/airflow/.local/lib/python3.8/site-packages/airflow/example_dags/example_latest_only_with_trigger.py took 0.175 seconds
[2025-08-02T03:10:37.293+0000] {processor.py:161} INFO - Started process (PID=256) to work on /home/airflow/.local/lib/python3.8/site-packages/airflow/example_dags/example_latest_only_with_trigger.py
[2025-08-02T03:10:37.294+0000] {processor.py:830} INFO - Processing file /home/airflow/.local/lib/python3.8/site-packages/airflow/example_dags/example_latest_only_with_trigger.py for tasks to queue
[2025-08-02T03:10:37.296+0000] {logging_mixin.py:188} INFO - [2025-08-02T03:10:37.296+0000] {dagbag.py:540} INFO - Filling up the DagBag from /home/airflow/.local/lib/python3.8/site-packages/airflow/example_dags/example_latest_only_with_trigger.py
[2025-08-02T03:10:37.303+0000] {processor.py:840} INFO - DAG(s) 'latest_only_with_trigger' retrieved from /home/airflow/.local/lib/python3.8/site-packages/airflow/example_dags/example_latest_only_with_trigger.py
[2025-08-02T03:10:37.330+0000] {logging_mixin.py:188} INFO - [2025-08-02T03:10:37.329+0000] {dag.py:3047} INFO - Sync 1 DAGs
[2025-08-02T03:10:37.357+0000] {logging_mixin.py:188} INFO - [2025-08-02T03:10:37.357+0000] {dag.py:3834} INFO - Setting next_dagrun for latest_only_with_trigger to 2025-08-01 20:00:00+00:00, run_after=2025-08-02 00:00:00+00:00
[2025-08-02T03:10:37.384+0000] {processor.py:183} INFO - Processing /home/airflow/.local/lib/python3.8/site-packages/airflow/example_dags/example_latest_only_with_trigger.py took 0.093 seconds
[2025-08-02T03:11:08.028+0000] {processor.py:161} INFO - Started process (PID=312) to work on /home/airflow/.local/lib/python3.8/site-packages/airflow/example_dags/example_latest_only_with_trigger.py
[2025-08-02T03:11:08.029+0000] {processor.py:830} INFO - Processing file /home/airflow/.local/lib/python3.8/site-packages/airflow/example_dags/example_latest_only_with_trigger.py for tasks to queue
[2025-08-02T03:11:08.034+0000] {logging_mixin.py:188} INFO - [2025-08-02T03:11:08.034+0000] {dagbag.py:540} INFO - Filling up the DagBag from /home/airflow/.local/lib/python3.8/site-packages/airflow/example_dags/example_latest_only_with_trigger.py
[2025-08-02T03:11:08.045+0000] {processor.py:840} INFO - DAG(s) 'latest_only_with_trigger' retrieved from /home/airflow/.local/lib/python3.8/site-packages/airflow/example_dags/example_latest_only_with_trigger.py
[2025-08-02T03:11:08.070+0000] {logging_mixin.py:188} INFO - [2025-08-02T03:11:08.070+0000] {dag.py:3047} INFO - Sync 1 DAGs
[2025-08-02T03:11:08.088+0000] {logging_mixin.py:188} INFO - [2025-08-02T03:11:08.088+0000] {dag.py:3834} INFO - Setting next_dagrun for latest_only_with_trigger to 2025-08-01 20:00:00+00:00, run_after=2025-08-02 00:00:00+00:00
[2025-08-02T03:11:08.110+0000] {processor.py:183} INFO - Processing /home/airflow/.local/lib/python3.8/site-packages/airflow/example_dags/example_latest_only_with_trigger.py took 0.087 seconds
[2025-08-02T03:11:38.206+0000] {processor.py:161} INFO - Started process (PID=367) to work on /home/airflow/.local/lib/python3.8/site-packages/airflow/example_dags/example_latest_only_with_trigger.py
[2025-08-02T03:11:38.208+0000] {processor.py:830} INFO - Processing file /home/airflow/.local/lib/python3.8/site-packages/airflow/example_dags/example_latest_only_with_trigger.py for tasks to queue
[2025-08-02T03:11:38.210+0000] {logging_mixin.py:188} INFO - [2025-08-02T03:11:38.210+0000] {dagbag.py:540} INFO - Filling up the DagBag from /home/airflow/.local/lib/python3.8/site-packages/airflow/example_dags/example_latest_only_with_trigger.py
[2025-08-02T03:11:38.216+0000] {processor.py:840} INFO - DAG(s) 'latest_only_with_trigger' retrieved from /home/airflow/.local/lib/python3.8/site-packages/airflow/example_dags/example_latest_only_with_trigger.py
[2025-08-02T03:11:38.238+0000] {logging_mixin.py:188} INFO - [2025-08-02T03:11:38.238+0000] {dag.py:3047} INFO - Sync 1 DAGs
[2025-08-02T03:11:38.252+0000] {logging_mixin.py:188} INFO - [2025-08-02T03:11:38.251+0000] {dag.py:3834} INFO - Setting next_dagrun for latest_only_with_trigger to 2025-08-01 20:00:00+00:00, run_after=2025-08-02 00:00:00+00:00
[2025-08-02T03:11:38.271+0000] {processor.py:183} INFO - Processing /home/airflow/.local/lib/python3.8/site-packages/airflow/example_dags/example_latest_only_with_trigger.py took 0.068 seconds
[2025-08-02T03:12:08.806+0000] {processor.py:161} INFO - Started process (PID=424) to work on /home/airflow/.local/lib/python3.8/site-packages/airflow/example_dags/example_latest_only_with_trigger.py
[2025-08-02T03:12:08.809+0000] {processor.py:830} INFO - Processing file /home/airflow/.local/lib/python3.8/site-packages/airflow/example_dags/example_latest_only_with_trigger.py for tasks to queue
[2025-08-02T03:12:08.818+0000] {logging_mixin.py:188} INFO - [2025-08-02T03:12:08.816+0000] {dagbag.py:540} INFO - Filling up the DagBag from /home/airflow/.local/lib/python3.8/site-packages/airflow/example_dags/example_latest_only_with_trigger.py
[2025-08-02T03:12:08.831+0000] {processor.py:840} INFO - DAG(s) 'latest_only_with_trigger' retrieved from /home/airflow/.local/lib/python3.8/site-packages/airflow/example_dags/example_latest_only_with_trigger.py
[2025-08-02T03:12:08.854+0000] {logging_mixin.py:188} INFO - [2025-08-02T03:12:08.853+0000] {dag.py:3047} INFO - Sync 1 DAGs
[2025-08-02T03:12:08.871+0000] {logging_mixin.py:188} INFO - [2025-08-02T03:12:08.871+0000] {dag.py:3834} INFO - Setting next_dagrun for latest_only_with_trigger to 2025-08-01 20:00:00+00:00, run_after=2025-08-02 00:00:00+00:00
[2025-08-02T03:12:08.899+0000] {processor.py:183} INFO - Processing /home/airflow/.local/lib/python3.8/site-packages/airflow/example_dags/example_latest_only_with_trigger.py took 0.102 seconds
[2025-08-02T03:12:39.871+0000] {processor.py:161} INFO - Started process (PID=480) to work on /home/airflow/.local/lib/python3.8/site-packages/airflow/example_dags/example_latest_only_with_trigger.py
[2025-08-02T03:12:39.873+0000] {processor.py:830} INFO - Processing file /home/airflow/.local/lib/python3.8/site-packages/airflow/example_dags/example_latest_only_with_trigger.py for tasks to queue
[2025-08-02T03:12:39.877+0000] {logging_mixin.py:188} INFO - [2025-08-02T03:12:39.876+0000] {dagbag.py:540} INFO - Filling up the DagBag from /home/airflow/.local/lib/python3.8/site-packages/airflow/example_dags/example_latest_only_with_trigger.py
[2025-08-02T03:12:39.882+0000] {processor.py:840} INFO - DAG(s) 'latest_only_with_trigger' retrieved from /home/airflow/.local/lib/python3.8/site-packages/airflow/example_dags/example_latest_only_with_trigger.py
[2025-08-02T03:12:39.934+0000] {logging_mixin.py:188} INFO - [2025-08-02T03:12:39.934+0000] {dag.py:3047} INFO - Sync 1 DAGs
[2025-08-02T03:12:39.980+0000] {logging_mixin.py:188} INFO - [2025-08-02T03:12:39.980+0000] {dag.py:3834} INFO - Setting next_dagrun for latest_only_with_trigger to 2025-08-01 20:00:00+00:00, run_after=2025-08-02 00:00:00+00:00
[2025-08-02T03:12:40.028+0000] {processor.py:183} INFO - Processing /home/airflow/.local/lib/python3.8/site-packages/airflow/example_dags/example_latest_only_with_trigger.py took 0.159 seconds
[2025-08-02T03:13:10.991+0000] {processor.py:161} INFO - Started process (PID=536) to work on /home/airflow/.local/lib/python3.8/site-packages/airflow/example_dags/example_latest_only_with_trigger.py
[2025-08-02T03:13:10.992+0000] {processor.py:830} INFO - Processing file /home/airflow/.local/lib/python3.8/site-packages/airflow/example_dags/example_latest_only_with_trigger.py for tasks to queue
[2025-08-02T03:13:10.993+0000] {logging_mixin.py:188} INFO - [2025-08-02T03:13:10.993+0000] {dagbag.py:540} INFO - Filling up the DagBag from /home/airflow/.local/lib/python3.8/site-packages/airflow/example_dags/example_latest_only_with_trigger.py
[2025-08-02T03:13:10.998+0000] {processor.py:840} INFO - DAG(s) 'latest_only_with_trigger' retrieved from /home/airflow/.local/lib/python3.8/site-packages/airflow/example_dags/example_latest_only_with_trigger.py
[2025-08-02T03:13:11.015+0000] {logging_mixin.py:188} INFO - [2025-08-02T03:13:11.014+0000] {dag.py:3047} INFO - Sync 1 DAGs
[2025-08-02T03:13:11.028+0000] {logging_mixin.py:188} INFO - [2025-08-02T03:13:11.028+0000] {dag.py:3834} INFO - Setting next_dagrun for latest_only_with_trigger to 2025-08-01 20:00:00+00:00, run_after=2025-08-02 00:00:00+00:00
[2025-08-02T03:13:11.041+0000] {processor.py:183} INFO - Processing /home/airflow/.local/lib/python3.8/site-packages/airflow/example_dags/example_latest_only_with_trigger.py took 0.054 seconds
[2025-08-02T03:13:41.649+0000] {processor.py:161} INFO - Started process (PID=592) to work on /home/airflow/.local/lib/python3.8/site-packages/airflow/example_dags/example_latest_only_with_trigger.py
[2025-08-02T03:13:41.650+0000] {processor.py:830} INFO - Processing file /home/airflow/.local/lib/python3.8/site-packages/airflow/example_dags/example_latest_only_with_trigger.py for tasks to queue
[2025-08-02T03:13:41.651+0000] {logging_mixin.py:188} INFO - [2025-08-02T03:13:41.651+0000] {dagbag.py:540} INFO - Filling up the DagBag from /home/airflow/.local/lib/python3.8/site-packages/airflow/example_dags/example_latest_only_with_trigger.py
[2025-08-02T03:13:41.655+0000] {processor.py:840} INFO - DAG(s) 'latest_only_with_trigger' retrieved from /home/airflow/.local/lib/python3.8/site-packages/airflow/example_dags/example_latest_only_with_trigger.py
[2025-08-02T03:13:41.668+0000] {logging_mixin.py:188} INFO - [2025-08-02T03:13:41.668+0000] {dag.py:3047} INFO - Sync 1 DAGs
[2025-08-02T03:13:41.680+0000] {logging_mixin.py:188} INFO - [2025-08-02T03:13:41.680+0000] {dag.py:3834} INFO - Setting next_dagrun for latest_only_with_trigger to 2025-08-01 20:00:00+00:00, run_after=2025-08-02 00:00:00+00:00
[2025-08-02T03:13:41.696+0000] {processor.py:183} INFO - Processing /home/airflow/.local/lib/python3.8/site-packages/airflow/example_dags/example_latest_only_with_trigger.py took 0.051 seconds
[2025-08-02T03:14:11.797+0000] {processor.py:161} INFO - Started process (PID=648) to work on /home/airflow/.local/lib/python3.8/site-packages/airflow/example_dags/example_latest_only_with_trigger.py
[2025-08-02T03:14:11.803+0000] {processor.py:830} INFO - Processing file /home/airflow/.local/lib/python3.8/site-packages/airflow/example_dags/example_latest_only_with_trigger.py for tasks to queue
[2025-08-02T03:14:11.804+0000] {logging_mixin.py:188} INFO - [2025-08-02T03:14:11.804+0000] {dagbag.py:540} INFO - Filling up the DagBag from /home/airflow/.local/lib/python3.8/site-packages/airflow/example_dags/example_latest_only_with_trigger.py
[2025-08-02T03:14:11.809+0000] {processor.py:840} INFO - DAG(s) 'latest_only_with_trigger' retrieved from /home/airflow/.local/lib/python3.8/site-packages/airflow/example_dags/example_latest_only_with_trigger.py
[2025-08-02T03:14:11.822+0000] {logging_mixin.py:188} INFO - [2025-08-02T03:14:11.822+0000] {dag.py:3047} INFO - Sync 1 DAGs
[2025-08-02T03:14:11.837+0000] {logging_mixin.py:188} INFO - [2025-08-02T03:14:11.837+0000] {dag.py:3834} INFO - Setting next_dagrun for latest_only_with_trigger to 2025-08-01 20:00:00+00:00, run_after=2025-08-02 00:00:00+00:00
[2025-08-02T03:14:11.851+0000] {processor.py:183} INFO - Processing /home/airflow/.local/lib/python3.8/site-packages/airflow/example_dags/example_latest_only_with_trigger.py took 0.058 seconds
[2025-08-02T03:14:42.441+0000] {processor.py:161} INFO - Started process (PID=704) to work on /home/airflow/.local/lib/python3.8/site-packages/airflow/example_dags/example_latest_only_with_trigger.py
[2025-08-02T03:14:42.442+0000] {processor.py:830} INFO - Processing file /home/airflow/.local/lib/python3.8/site-packages/airflow/example_dags/example_latest_only_with_trigger.py for tasks to queue
[2025-08-02T03:14:42.445+0000] {logging_mixin.py:188} INFO - [2025-08-02T03:14:42.445+0000] {dagbag.py:540} INFO - Filling up the DagBag from /home/airflow/.local/lib/python3.8/site-packages/airflow/example_dags/example_latest_only_with_trigger.py
[2025-08-02T03:14:42.450+0000] {processor.py:840} INFO - DAG(s) 'latest_only_with_trigger' retrieved from /home/airflow/.local/lib/python3.8/site-packages/airflow/example_dags/example_latest_only_with_trigger.py
[2025-08-02T03:14:42.478+0000] {logging_mixin.py:188} INFO - [2025-08-02T03:14:42.478+0000] {dag.py:3047} INFO - Sync 1 DAGs
[2025-08-02T03:14:42.507+0000] {logging_mixin.py:188} INFO - [2025-08-02T03:14:42.507+0000] {dag.py:3834} INFO - Setting next_dagrun for latest_only_with_trigger to 2025-08-01 20:00:00+00:00, run_after=2025-08-02 00:00:00+00:00
[2025-08-02T03:14:42.530+0000] {processor.py:183} INFO - Processing /home/airflow/.local/lib/python3.8/site-packages/airflow/example_dags/example_latest_only_with_trigger.py took 0.091 seconds
