[2025-08-02T01:42:40.992+0000] {processor.py:161} INFO - Started process (PID=76) to work on /home/airflow/.local/lib/python3.8/site-packages/airflow/example_dags/example_params_ui_tutorial.py
[2025-08-02T01:42:40.997+0000] {processor.py:830} INFO - Processing file /home/airflow/.local/lib/python3.8/site-packages/airflow/example_dags/example_params_ui_tutorial.py for tasks to queue
[2025-08-02T01:42:41.005+0000] {logging_mixin.py:188} INFO - [2025-08-02T01:42:41.004+0000] {dagbag.py:540} INFO - Filling up the DagBag from /home/airflow/.local/lib/python3.8/site-packages/airflow/example_dags/example_params_ui_tutorial.py
[2025-08-02T01:42:41.203+0000] {processor.py:840} INFO - DAG(s) 'example_params_ui_tutorial' retrieved from /home/airflow/.local/lib/python3.8/site-packages/airflow/example_dags/example_params_ui_tutorial.py
[2025-08-02T01:42:41.579+0000] {logging_mixin.py:188} INFO - [2025-08-02T01:42:41.578+0000] {dag.py:3047} INFO - Sync 1 DAGs
[2025-08-02T01:42:41.603+0000] {logging_mixin.py:188} INFO - [2025-08-02T01:42:41.602+0000] {dag.py:3834} INFO - Setting next_dagrun for example_params_ui_tutorial to None, run_after=None
[2025-08-02T01:42:41.675+0000] {processor.py:183} INFO - Processing /home/airflow/.local/lib/python3.8/site-packages/airflow/example_dags/example_params_ui_tutorial.py took 0.703 seconds
[2025-08-02T01:43:12.799+0000] {processor.py:161} INFO - Started process (PID=132) to work on /home/airflow/.local/lib/python3.8/site-packages/airflow/example_dags/example_params_ui_tutorial.py
[2025-08-02T01:43:12.820+0000] {processor.py:830} INFO - Processing file /home/airflow/.local/lib/python3.8/site-packages/airflow/example_dags/example_params_ui_tutorial.py for tasks to queue
[2025-08-02T01:43:12.832+0000] {logging_mixin.py:188} INFO - [2025-08-02T01:43:12.831+0000] {dagbag.py:540} INFO - Filling up the DagBag from /home/airflow/.local/lib/python3.8/site-packages/airflow/example_dags/example_params_ui_tutorial.py
[2025-08-02T01:43:12.885+0000] {processor.py:840} INFO - DAG(s) 'example_params_ui_tutorial' retrieved from /home/airflow/.local/lib/python3.8/site-packages/airflow/example_dags/example_params_ui_tutorial.py
[2025-08-02T01:43:12.992+0000] {logging_mixin.py:188} INFO - [2025-08-02T01:43:12.992+0000] {dag.py:3047} INFO - Sync 1 DAGs
[2025-08-02T01:43:13.007+0000] {logging_mixin.py:188} INFO - [2025-08-02T01:43:13.007+0000] {dag.py:3834} INFO - Setting next_dagrun for example_params_ui_tutorial to None, run_after=None
[2025-08-02T01:43:13.045+0000] {processor.py:183} INFO - Processing /home/airflow/.local/lib/python3.8/site-packages/airflow/example_dags/example_params_ui_tutorial.py took 0.260 seconds
[2025-08-02T01:43:43.123+0000] {processor.py:161} INFO - Started process (PID=188) to work on /home/airflow/.local/lib/python3.8/site-packages/airflow/example_dags/example_params_ui_tutorial.py
[2025-08-02T01:43:43.125+0000] {processor.py:830} INFO - Processing file /home/airflow/.local/lib/python3.8/site-packages/airflow/example_dags/example_params_ui_tutorial.py for tasks to queue
[2025-08-02T01:43:43.128+0000] {logging_mixin.py:188} INFO - [2025-08-02T01:43:43.127+0000] {dagbag.py:540} INFO - Filling up the DagBag from /home/airflow/.local/lib/python3.8/site-packages/airflow/example_dags/example_params_ui_tutorial.py
[2025-08-02T01:43:43.146+0000] {processor.py:840} INFO - DAG(s) 'example_params_ui_tutorial' retrieved from /home/airflow/.local/lib/python3.8/site-packages/airflow/example_dags/example_params_ui_tutorial.py
[2025-08-02T01:43:43.202+0000] {logging_mixin.py:188} INFO - [2025-08-02T01:43:43.202+0000] {dag.py:3047} INFO - Sync 1 DAGs
[2025-08-02T01:43:43.216+0000] {logging_mixin.py:188} INFO - [2025-08-02T01:43:43.215+0000] {dag.py:3834} INFO - Setting next_dagrun for example_params_ui_tutorial to None, run_after=None
[2025-08-02T01:43:43.232+0000] {processor.py:183} INFO - Processing /home/airflow/.local/lib/python3.8/site-packages/airflow/example_dags/example_params_ui_tutorial.py took 0.116 seconds
[2025-08-02T01:44:13.526+0000] {processor.py:161} INFO - Started process (PID=244) to work on /home/airflow/.local/lib/python3.8/site-packages/airflow/example_dags/example_params_ui_tutorial.py
[2025-08-02T01:44:13.530+0000] {processor.py:830} INFO - Processing file /home/airflow/.local/lib/python3.8/site-packages/airflow/example_dags/example_params_ui_tutorial.py for tasks to queue
[2025-08-02T01:44:13.538+0000] {logging_mixin.py:188} INFO - [2025-08-02T01:44:13.537+0000] {dagbag.py:540} INFO - Filling up the DagBag from /home/airflow/.local/lib/python3.8/site-packages/airflow/example_dags/example_params_ui_tutorial.py
[2025-08-02T01:44:13.558+0000] {processor.py:840} INFO - DAG(s) 'example_params_ui_tutorial' retrieved from /home/airflow/.local/lib/python3.8/site-packages/airflow/example_dags/example_params_ui_tutorial.py
[2025-08-02T01:44:13.604+0000] {logging_mixin.py:188} INFO - [2025-08-02T01:44:13.604+0000] {dag.py:3047} INFO - Sync 1 DAGs
[2025-08-02T01:44:13.612+0000] {logging_mixin.py:188} INFO - [2025-08-02T01:44:13.612+0000] {dag.py:3834} INFO - Setting next_dagrun for example_params_ui_tutorial to None, run_after=None
[2025-08-02T01:44:13.625+0000] {processor.py:183} INFO - Processing /home/airflow/.local/lib/python3.8/site-packages/airflow/example_dags/example_params_ui_tutorial.py took 0.106 seconds
[2025-08-02T01:44:43.969+0000] {processor.py:161} INFO - Started process (PID=300) to work on /home/airflow/.local/lib/python3.8/site-packages/airflow/example_dags/example_params_ui_tutorial.py
[2025-08-02T01:44:43.978+0000] {processor.py:830} INFO - Processing file /home/airflow/.local/lib/python3.8/site-packages/airflow/example_dags/example_params_ui_tutorial.py for tasks to queue
[2025-08-02T01:44:43.990+0000] {logging_mixin.py:188} INFO - [2025-08-02T01:44:43.989+0000] {dagbag.py:540} INFO - Filling up the DagBag from /home/airflow/.local/lib/python3.8/site-packages/airflow/example_dags/example_params_ui_tutorial.py
[2025-08-02T01:44:44.035+0000] {processor.py:840} INFO - DAG(s) 'example_params_ui_tutorial' retrieved from /home/airflow/.local/lib/python3.8/site-packages/airflow/example_dags/example_params_ui_tutorial.py
[2025-08-02T01:44:44.167+0000] {logging_mixin.py:188} INFO - [2025-08-02T01:44:44.166+0000] {dag.py:3047} INFO - Sync 1 DAGs
[2025-08-02T01:44:44.197+0000] {logging_mixin.py:188} INFO - [2025-08-02T01:44:44.196+0000] {dag.py:3834} INFO - Setting next_dagrun for example_params_ui_tutorial to None, run_after=None
[2025-08-02T01:44:44.266+0000] {processor.py:183} INFO - Processing /home/airflow/.local/lib/python3.8/site-packages/airflow/example_dags/example_params_ui_tutorial.py took 0.311 seconds
[2025-08-02T01:45:14.357+0000] {processor.py:161} INFO - Started process (PID=357) to work on /home/airflow/.local/lib/python3.8/site-packages/airflow/example_dags/example_params_ui_tutorial.py
[2025-08-02T01:45:14.358+0000] {processor.py:830} INFO - Processing file /home/airflow/.local/lib/python3.8/site-packages/airflow/example_dags/example_params_ui_tutorial.py for tasks to queue
[2025-08-02T01:45:14.360+0000] {logging_mixin.py:188} INFO - [2025-08-02T01:45:14.359+0000] {dagbag.py:540} INFO - Filling up the DagBag from /home/airflow/.local/lib/python3.8/site-packages/airflow/example_dags/example_params_ui_tutorial.py
[2025-08-02T01:45:14.388+0000] {processor.py:840} INFO - DAG(s) 'example_params_ui_tutorial' retrieved from /home/airflow/.local/lib/python3.8/site-packages/airflow/example_dags/example_params_ui_tutorial.py
[2025-08-02T01:45:14.433+0000] {logging_mixin.py:188} INFO - [2025-08-02T01:45:14.433+0000] {dag.py:3047} INFO - Sync 1 DAGs
[2025-08-02T01:45:14.443+0000] {logging_mixin.py:188} INFO - [2025-08-02T01:45:14.443+0000] {dag.py:3834} INFO - Setting next_dagrun for example_params_ui_tutorial to None, run_after=None
[2025-08-02T01:45:14.470+0000] {processor.py:183} INFO - Processing /home/airflow/.local/lib/python3.8/site-packages/airflow/example_dags/example_params_ui_tutorial.py took 0.115 seconds
[2025-08-02T01:45:44.524+0000] {processor.py:161} INFO - Started process (PID=413) to work on /home/airflow/.local/lib/python3.8/site-packages/airflow/example_dags/example_params_ui_tutorial.py
[2025-08-02T01:45:44.525+0000] {processor.py:830} INFO - Processing file /home/airflow/.local/lib/python3.8/site-packages/airflow/example_dags/example_params_ui_tutorial.py for tasks to queue
[2025-08-02T01:45:44.526+0000] {logging_mixin.py:188} INFO - [2025-08-02T01:45:44.526+0000] {dagbag.py:540} INFO - Filling up the DagBag from /home/airflow/.local/lib/python3.8/site-packages/airflow/example_dags/example_params_ui_tutorial.py
[2025-08-02T01:45:44.535+0000] {processor.py:840} INFO - DAG(s) 'example_params_ui_tutorial' retrieved from /home/airflow/.local/lib/python3.8/site-packages/airflow/example_dags/example_params_ui_tutorial.py
[2025-08-02T01:45:44.569+0000] {logging_mixin.py:188} INFO - [2025-08-02T01:45:44.569+0000] {dag.py:3047} INFO - Sync 1 DAGs
[2025-08-02T01:45:44.576+0000] {logging_mixin.py:188} INFO - [2025-08-02T01:45:44.576+0000] {dag.py:3834} INFO - Setting next_dagrun for example_params_ui_tutorial to None, run_after=None
[2025-08-02T01:45:44.586+0000] {processor.py:183} INFO - Processing /home/airflow/.local/lib/python3.8/site-packages/airflow/example_dags/example_params_ui_tutorial.py took 0.065 seconds
[2025-08-02T01:46:15.028+0000] {processor.py:161} INFO - Started process (PID=469) to work on /home/airflow/.local/lib/python3.8/site-packages/airflow/example_dags/example_params_ui_tutorial.py
[2025-08-02T01:46:15.032+0000] {processor.py:830} INFO - Processing file /home/airflow/.local/lib/python3.8/site-packages/airflow/example_dags/example_params_ui_tutorial.py for tasks to queue
[2025-08-02T01:46:15.034+0000] {logging_mixin.py:188} INFO - [2025-08-02T01:46:15.034+0000] {dagbag.py:540} INFO - Filling up the DagBag from /home/airflow/.local/lib/python3.8/site-packages/airflow/example_dags/example_params_ui_tutorial.py
[2025-08-02T01:46:15.048+0000] {processor.py:840} INFO - DAG(s) 'example_params_ui_tutorial' retrieved from /home/airflow/.local/lib/python3.8/site-packages/airflow/example_dags/example_params_ui_tutorial.py
[2025-08-02T01:46:15.161+0000] {logging_mixin.py:188} INFO - [2025-08-02T01:46:15.161+0000] {dag.py:3047} INFO - Sync 1 DAGs
[2025-08-02T01:46:15.182+0000] {logging_mixin.py:188} INFO - [2025-08-02T01:46:15.181+0000] {dag.py:3834} INFO - Setting next_dagrun for example_params_ui_tutorial to None, run_after=None
[2025-08-02T01:46:15.195+0000] {processor.py:183} INFO - Processing /home/airflow/.local/lib/python3.8/site-packages/airflow/example_dags/example_params_ui_tutorial.py took 0.170 seconds
[2025-08-02T01:46:46.021+0000] {processor.py:161} INFO - Started process (PID=525) to work on /home/airflow/.local/lib/python3.8/site-packages/airflow/example_dags/example_params_ui_tutorial.py
[2025-08-02T01:46:46.022+0000] {processor.py:830} INFO - Processing file /home/airflow/.local/lib/python3.8/site-packages/airflow/example_dags/example_params_ui_tutorial.py for tasks to queue
[2025-08-02T01:46:46.024+0000] {logging_mixin.py:188} INFO - [2025-08-02T01:46:46.023+0000] {dagbag.py:540} INFO - Filling up the DagBag from /home/airflow/.local/lib/python3.8/site-packages/airflow/example_dags/example_params_ui_tutorial.py
[2025-08-02T01:46:46.035+0000] {processor.py:840} INFO - DAG(s) 'example_params_ui_tutorial' retrieved from /home/airflow/.local/lib/python3.8/site-packages/airflow/example_dags/example_params_ui_tutorial.py
[2025-08-02T01:46:46.094+0000] {logging_mixin.py:188} INFO - [2025-08-02T01:46:46.094+0000] {dag.py:3047} INFO - Sync 1 DAGs
[2025-08-02T01:46:46.106+0000] {logging_mixin.py:188} INFO - [2025-08-02T01:46:46.106+0000] {dag.py:3834} INFO - Setting next_dagrun for example_params_ui_tutorial to None, run_after=None
[2025-08-02T01:46:46.132+0000] {processor.py:183} INFO - Processing /home/airflow/.local/lib/python3.8/site-packages/airflow/example_dags/example_params_ui_tutorial.py took 0.114 seconds
[2025-08-02T01:47:16.586+0000] {processor.py:161} INFO - Started process (PID=581) to work on /home/airflow/.local/lib/python3.8/site-packages/airflow/example_dags/example_params_ui_tutorial.py
[2025-08-02T01:47:16.587+0000] {processor.py:830} INFO - Processing file /home/airflow/.local/lib/python3.8/site-packages/airflow/example_dags/example_params_ui_tutorial.py for tasks to queue
[2025-08-02T01:47:16.589+0000] {logging_mixin.py:188} INFO - [2025-08-02T01:47:16.589+0000] {dagbag.py:540} INFO - Filling up the DagBag from /home/airflow/.local/lib/python3.8/site-packages/airflow/example_dags/example_params_ui_tutorial.py
[2025-08-02T01:47:16.615+0000] {processor.py:840} INFO - DAG(s) 'example_params_ui_tutorial' retrieved from /home/airflow/.local/lib/python3.8/site-packages/airflow/example_dags/example_params_ui_tutorial.py
[2025-08-02T01:47:16.652+0000] {logging_mixin.py:188} INFO - [2025-08-02T01:47:16.652+0000] {dag.py:3047} INFO - Sync 1 DAGs
[2025-08-02T01:47:16.658+0000] {logging_mixin.py:188} INFO - [2025-08-02T01:47:16.658+0000] {dag.py:3834} INFO - Setting next_dagrun for example_params_ui_tutorial to None, run_after=None
[2025-08-02T01:47:16.666+0000] {processor.py:183} INFO - Processing /home/airflow/.local/lib/python3.8/site-packages/airflow/example_dags/example_params_ui_tutorial.py took 0.082 seconds
[2025-08-02T01:47:46.965+0000] {processor.py:161} INFO - Started process (PID=637) to work on /home/airflow/.local/lib/python3.8/site-packages/airflow/example_dags/example_params_ui_tutorial.py
[2025-08-02T01:47:46.966+0000] {processor.py:830} INFO - Processing file /home/airflow/.local/lib/python3.8/site-packages/airflow/example_dags/example_params_ui_tutorial.py for tasks to queue
[2025-08-02T01:47:46.967+0000] {logging_mixin.py:188} INFO - [2025-08-02T01:47:46.967+0000] {dagbag.py:540} INFO - Filling up the DagBag from /home/airflow/.local/lib/python3.8/site-packages/airflow/example_dags/example_params_ui_tutorial.py
[2025-08-02T01:47:46.981+0000] {processor.py:840} INFO - DAG(s) 'example_params_ui_tutorial' retrieved from /home/airflow/.local/lib/python3.8/site-packages/airflow/example_dags/example_params_ui_tutorial.py
[2025-08-02T01:47:47.030+0000] {logging_mixin.py:188} INFO - [2025-08-02T01:47:47.029+0000] {dag.py:3047} INFO - Sync 1 DAGs
[2025-08-02T01:47:47.037+0000] {logging_mixin.py:188} INFO - [2025-08-02T01:47:47.037+0000] {dag.py:3834} INFO - Setting next_dagrun for example_params_ui_tutorial to None, run_after=None
[2025-08-02T01:47:47.048+0000] {processor.py:183} INFO - Processing /home/airflow/.local/lib/python3.8/site-packages/airflow/example_dags/example_params_ui_tutorial.py took 0.086 seconds
[2025-08-02T01:48:17.306+0000] {processor.py:161} INFO - Started process (PID=693) to work on /home/airflow/.local/lib/python3.8/site-packages/airflow/example_dags/example_params_ui_tutorial.py
[2025-08-02T01:48:17.307+0000] {processor.py:830} INFO - Processing file /home/airflow/.local/lib/python3.8/site-packages/airflow/example_dags/example_params_ui_tutorial.py for tasks to queue
[2025-08-02T01:48:17.308+0000] {logging_mixin.py:188} INFO - [2025-08-02T01:48:17.308+0000] {dagbag.py:540} INFO - Filling up the DagBag from /home/airflow/.local/lib/python3.8/site-packages/airflow/example_dags/example_params_ui_tutorial.py
[2025-08-02T01:48:17.317+0000] {processor.py:840} INFO - DAG(s) 'example_params_ui_tutorial' retrieved from /home/airflow/.local/lib/python3.8/site-packages/airflow/example_dags/example_params_ui_tutorial.py
[2025-08-02T01:48:17.354+0000] {logging_mixin.py:188} INFO - [2025-08-02T01:48:17.354+0000] {dag.py:3047} INFO - Sync 1 DAGs
[2025-08-02T01:48:17.361+0000] {logging_mixin.py:188} INFO - [2025-08-02T01:48:17.361+0000] {dag.py:3834} INFO - Setting next_dagrun for example_params_ui_tutorial to None, run_after=None
[2025-08-02T01:48:17.370+0000] {processor.py:183} INFO - Processing /home/airflow/.local/lib/python3.8/site-packages/airflow/example_dags/example_params_ui_tutorial.py took 0.065 seconds
[2025-08-02T01:48:47.814+0000] {processor.py:161} INFO - Started process (PID=749) to work on /home/airflow/.local/lib/python3.8/site-packages/airflow/example_dags/example_params_ui_tutorial.py
[2025-08-02T01:48:47.815+0000] {processor.py:830} INFO - Processing file /home/airflow/.local/lib/python3.8/site-packages/airflow/example_dags/example_params_ui_tutorial.py for tasks to queue
[2025-08-02T01:48:47.816+0000] {logging_mixin.py:188} INFO - [2025-08-02T01:48:47.816+0000] {dagbag.py:540} INFO - Filling up the DagBag from /home/airflow/.local/lib/python3.8/site-packages/airflow/example_dags/example_params_ui_tutorial.py
[2025-08-02T01:48:47.825+0000] {processor.py:840} INFO - DAG(s) 'example_params_ui_tutorial' retrieved from /home/airflow/.local/lib/python3.8/site-packages/airflow/example_dags/example_params_ui_tutorial.py
[2025-08-02T01:48:47.864+0000] {logging_mixin.py:188} INFO - [2025-08-02T01:48:47.863+0000] {dag.py:3047} INFO - Sync 1 DAGs
[2025-08-02T01:48:47.869+0000] {logging_mixin.py:188} INFO - [2025-08-02T01:48:47.869+0000] {dag.py:3834} INFO - Setting next_dagrun for example_params_ui_tutorial to None, run_after=None
[2025-08-02T01:48:47.877+0000] {processor.py:183} INFO - Processing /home/airflow/.local/lib/python3.8/site-packages/airflow/example_dags/example_params_ui_tutorial.py took 0.066 seconds
[2025-08-02T01:49:18.162+0000] {processor.py:161} INFO - Started process (PID=805) to work on /home/airflow/.local/lib/python3.8/site-packages/airflow/example_dags/example_params_ui_tutorial.py
[2025-08-02T01:49:18.163+0000] {processor.py:830} INFO - Processing file /home/airflow/.local/lib/python3.8/site-packages/airflow/example_dags/example_params_ui_tutorial.py for tasks to queue
[2025-08-02T01:49:18.165+0000] {logging_mixin.py:188} INFO - [2025-08-02T01:49:18.165+0000] {dagbag.py:540} INFO - Filling up the DagBag from /home/airflow/.local/lib/python3.8/site-packages/airflow/example_dags/example_params_ui_tutorial.py
[2025-08-02T01:49:18.188+0000] {processor.py:840} INFO - DAG(s) 'example_params_ui_tutorial' retrieved from /home/airflow/.local/lib/python3.8/site-packages/airflow/example_dags/example_params_ui_tutorial.py
[2025-08-02T01:49:18.255+0000] {logging_mixin.py:188} INFO - [2025-08-02T01:49:18.255+0000] {dag.py:3047} INFO - Sync 1 DAGs
[2025-08-02T01:49:18.265+0000] {logging_mixin.py:188} INFO - [2025-08-02T01:49:18.265+0000] {dag.py:3834} INFO - Setting next_dagrun for example_params_ui_tutorial to None, run_after=None
[2025-08-02T01:49:18.279+0000] {processor.py:183} INFO - Processing /home/airflow/.local/lib/python3.8/site-packages/airflow/example_dags/example_params_ui_tutorial.py took 0.120 seconds
[2025-08-02T01:49:50.069+0000] {processor.py:161} INFO - Started process (PID=861) to work on /home/airflow/.local/lib/python3.8/site-packages/airflow/example_dags/example_params_ui_tutorial.py
[2025-08-02T01:49:50.070+0000] {processor.py:830} INFO - Processing file /home/airflow/.local/lib/python3.8/site-packages/airflow/example_dags/example_params_ui_tutorial.py for tasks to queue
[2025-08-02T01:49:50.071+0000] {logging_mixin.py:188} INFO - [2025-08-02T01:49:50.071+0000] {dagbag.py:540} INFO - Filling up the DagBag from /home/airflow/.local/lib/python3.8/site-packages/airflow/example_dags/example_params_ui_tutorial.py
[2025-08-02T01:49:50.094+0000] {processor.py:840} INFO - DAG(s) 'example_params_ui_tutorial' retrieved from /home/airflow/.local/lib/python3.8/site-packages/airflow/example_dags/example_params_ui_tutorial.py
[2025-08-02T01:49:50.149+0000] {logging_mixin.py:188} INFO - [2025-08-02T01:49:50.148+0000] {dag.py:3047} INFO - Sync 1 DAGs
[2025-08-02T01:49:50.160+0000] {logging_mixin.py:188} INFO - [2025-08-02T01:49:50.160+0000] {dag.py:3834} INFO - Setting next_dagrun for example_params_ui_tutorial to None, run_after=None
[2025-08-02T01:49:50.177+0000] {processor.py:183} INFO - Processing /home/airflow/.local/lib/python3.8/site-packages/airflow/example_dags/example_params_ui_tutorial.py took 0.111 seconds
[2025-08-02T01:50:22.564+0000] {processor.py:161} INFO - Started process (PID=917) to work on /home/airflow/.local/lib/python3.8/site-packages/airflow/example_dags/example_params_ui_tutorial.py
[2025-08-02T01:50:22.568+0000] {processor.py:830} INFO - Processing file /home/airflow/.local/lib/python3.8/site-packages/airflow/example_dags/example_params_ui_tutorial.py for tasks to queue
[2025-08-02T01:50:22.584+0000] {logging_mixin.py:188} INFO - [2025-08-02T01:50:22.580+0000] {dagbag.py:540} INFO - Filling up the DagBag from /home/airflow/.local/lib/python3.8/site-packages/airflow/example_dags/example_params_ui_tutorial.py
[2025-08-02T01:50:22.632+0000] {processor.py:840} INFO - DAG(s) 'example_params_ui_tutorial' retrieved from /home/airflow/.local/lib/python3.8/site-packages/airflow/example_dags/example_params_ui_tutorial.py
[2025-08-02T01:50:22.838+0000] {logging_mixin.py:188} INFO - [2025-08-02T01:50:22.836+0000] {dag.py:3047} INFO - Sync 1 DAGs
[2025-08-02T01:50:22.888+0000] {logging_mixin.py:188} INFO - [2025-08-02T01:50:22.879+0000] {dag.py:3834} INFO - Setting next_dagrun for example_params_ui_tutorial to None, run_after=None
[2025-08-02T01:50:23.076+0000] {processor.py:183} INFO - Processing /home/airflow/.local/lib/python3.8/site-packages/airflow/example_dags/example_params_ui_tutorial.py took 0.519 seconds
[2025-08-02T01:50:53.758+0000] {processor.py:161} INFO - Started process (PID=973) to work on /home/airflow/.local/lib/python3.8/site-packages/airflow/example_dags/example_params_ui_tutorial.py
[2025-08-02T01:50:53.760+0000] {processor.py:830} INFO - Processing file /home/airflow/.local/lib/python3.8/site-packages/airflow/example_dags/example_params_ui_tutorial.py for tasks to queue
[2025-08-02T01:50:53.765+0000] {logging_mixin.py:188} INFO - [2025-08-02T01:50:53.764+0000] {dagbag.py:540} INFO - Filling up the DagBag from /home/airflow/.local/lib/python3.8/site-packages/airflow/example_dags/example_params_ui_tutorial.py
[2025-08-02T01:50:53.800+0000] {processor.py:840} INFO - DAG(s) 'example_params_ui_tutorial' retrieved from /home/airflow/.local/lib/python3.8/site-packages/airflow/example_dags/example_params_ui_tutorial.py
[2025-08-02T01:50:53.892+0000] {logging_mixin.py:188} INFO - [2025-08-02T01:50:53.892+0000] {dag.py:3047} INFO - Sync 1 DAGs
[2025-08-02T01:50:53.919+0000] {logging_mixin.py:188} INFO - [2025-08-02T01:50:53.919+0000] {dag.py:3834} INFO - Setting next_dagrun for example_params_ui_tutorial to None, run_after=None
[2025-08-02T01:50:53.938+0000] {processor.py:183} INFO - Processing /home/airflow/.local/lib/python3.8/site-packages/airflow/example_dags/example_params_ui_tutorial.py took 0.184 seconds
[2025-08-02T01:51:24.297+0000] {processor.py:161} INFO - Started process (PID=1030) to work on /home/airflow/.local/lib/python3.8/site-packages/airflow/example_dags/example_params_ui_tutorial.py
[2025-08-02T01:51:24.301+0000] {processor.py:830} INFO - Processing file /home/airflow/.local/lib/python3.8/site-packages/airflow/example_dags/example_params_ui_tutorial.py for tasks to queue
[2025-08-02T01:51:24.302+0000] {logging_mixin.py:188} INFO - [2025-08-02T01:51:24.302+0000] {dagbag.py:540} INFO - Filling up the DagBag from /home/airflow/.local/lib/python3.8/site-packages/airflow/example_dags/example_params_ui_tutorial.py
[2025-08-02T01:51:24.317+0000] {processor.py:840} INFO - DAG(s) 'example_params_ui_tutorial' retrieved from /home/airflow/.local/lib/python3.8/site-packages/airflow/example_dags/example_params_ui_tutorial.py
[2025-08-02T01:51:24.361+0000] {logging_mixin.py:188} INFO - [2025-08-02T01:51:24.361+0000] {dag.py:3047} INFO - Sync 1 DAGs
[2025-08-02T01:51:24.391+0000] {logging_mixin.py:188} INFO - [2025-08-02T01:51:24.391+0000] {dag.py:3834} INFO - Setting next_dagrun for example_params_ui_tutorial to None, run_after=None
[2025-08-02T01:51:24.408+0000] {processor.py:183} INFO - Processing /home/airflow/.local/lib/python3.8/site-packages/airflow/example_dags/example_params_ui_tutorial.py took 0.125 seconds
[2025-08-02T01:51:55.275+0000] {processor.py:161} INFO - Started process (PID=1086) to work on /home/airflow/.local/lib/python3.8/site-packages/airflow/example_dags/example_params_ui_tutorial.py
[2025-08-02T01:51:55.276+0000] {processor.py:830} INFO - Processing file /home/airflow/.local/lib/python3.8/site-packages/airflow/example_dags/example_params_ui_tutorial.py for tasks to queue
[2025-08-02T01:51:55.278+0000] {logging_mixin.py:188} INFO - [2025-08-02T01:51:55.278+0000] {dagbag.py:540} INFO - Filling up the DagBag from /home/airflow/.local/lib/python3.8/site-packages/airflow/example_dags/example_params_ui_tutorial.py
[2025-08-02T01:51:55.287+0000] {processor.py:840} INFO - DAG(s) 'example_params_ui_tutorial' retrieved from /home/airflow/.local/lib/python3.8/site-packages/airflow/example_dags/example_params_ui_tutorial.py
[2025-08-02T01:51:55.353+0000] {logging_mixin.py:188} INFO - [2025-08-02T01:51:55.353+0000] {dag.py:3047} INFO - Sync 1 DAGs
[2025-08-02T01:51:55.360+0000] {logging_mixin.py:188} INFO - [2025-08-02T01:51:55.360+0000] {dag.py:3834} INFO - Setting next_dagrun for example_params_ui_tutorial to None, run_after=None
[2025-08-02T01:51:55.370+0000] {processor.py:183} INFO - Processing /home/airflow/.local/lib/python3.8/site-packages/airflow/example_dags/example_params_ui_tutorial.py took 0.101 seconds
[2025-08-02T01:52:25.851+0000] {processor.py:161} INFO - Started process (PID=1142) to work on /home/airflow/.local/lib/python3.8/site-packages/airflow/example_dags/example_params_ui_tutorial.py
[2025-08-02T01:52:25.852+0000] {processor.py:830} INFO - Processing file /home/airflow/.local/lib/python3.8/site-packages/airflow/example_dags/example_params_ui_tutorial.py for tasks to queue
[2025-08-02T01:52:25.853+0000] {logging_mixin.py:188} INFO - [2025-08-02T01:52:25.853+0000] {dagbag.py:540} INFO - Filling up the DagBag from /home/airflow/.local/lib/python3.8/site-packages/airflow/example_dags/example_params_ui_tutorial.py
[2025-08-02T01:52:25.870+0000] {processor.py:840} INFO - DAG(s) 'example_params_ui_tutorial' retrieved from /home/airflow/.local/lib/python3.8/site-packages/airflow/example_dags/example_params_ui_tutorial.py
[2025-08-02T01:52:25.932+0000] {logging_mixin.py:188} INFO - [2025-08-02T01:52:25.931+0000] {dag.py:3047} INFO - Sync 1 DAGs
[2025-08-02T01:52:25.951+0000] {logging_mixin.py:188} INFO - [2025-08-02T01:52:25.951+0000] {dag.py:3834} INFO - Setting next_dagrun for example_params_ui_tutorial to None, run_after=None
[2025-08-02T01:52:25.982+0000] {processor.py:183} INFO - Processing /home/airflow/.local/lib/python3.8/site-packages/airflow/example_dags/example_params_ui_tutorial.py took 0.133 seconds
[2025-08-02T01:52:56.818+0000] {processor.py:161} INFO - Started process (PID=1198) to work on /home/airflow/.local/lib/python3.8/site-packages/airflow/example_dags/example_params_ui_tutorial.py
[2025-08-02T01:52:56.824+0000] {processor.py:830} INFO - Processing file /home/airflow/.local/lib/python3.8/site-packages/airflow/example_dags/example_params_ui_tutorial.py for tasks to queue
[2025-08-02T01:52:56.832+0000] {logging_mixin.py:188} INFO - [2025-08-02T01:52:56.831+0000] {dagbag.py:540} INFO - Filling up the DagBag from /home/airflow/.local/lib/python3.8/site-packages/airflow/example_dags/example_params_ui_tutorial.py
[2025-08-02T01:52:56.860+0000] {processor.py:840} INFO - DAG(s) 'example_params_ui_tutorial' retrieved from /home/airflow/.local/lib/python3.8/site-packages/airflow/example_dags/example_params_ui_tutorial.py
[2025-08-02T01:52:57.020+0000] {logging_mixin.py:188} INFO - [2025-08-02T01:52:57.019+0000] {dag.py:3047} INFO - Sync 1 DAGs
[2025-08-02T01:52:57.054+0000] {logging_mixin.py:188} INFO - [2025-08-02T01:52:57.053+0000] {dag.py:3834} INFO - Setting next_dagrun for example_params_ui_tutorial to None, run_after=None
[2025-08-02T01:52:57.109+0000] {processor.py:183} INFO - Processing /home/airflow/.local/lib/python3.8/site-packages/airflow/example_dags/example_params_ui_tutorial.py took 0.303 seconds
[2025-08-02T01:53:28.289+0000] {processor.py:161} INFO - Started process (PID=1253) to work on /home/airflow/.local/lib/python3.8/site-packages/airflow/example_dags/example_params_ui_tutorial.py
[2025-08-02T01:53:28.291+0000] {processor.py:830} INFO - Processing file /home/airflow/.local/lib/python3.8/site-packages/airflow/example_dags/example_params_ui_tutorial.py for tasks to queue
[2025-08-02T01:53:28.296+0000] {logging_mixin.py:188} INFO - [2025-08-02T01:53:28.296+0000] {dagbag.py:540} INFO - Filling up the DagBag from /home/airflow/.local/lib/python3.8/site-packages/airflow/example_dags/example_params_ui_tutorial.py
[2025-08-02T01:53:28.338+0000] {processor.py:840} INFO - DAG(s) 'example_params_ui_tutorial' retrieved from /home/airflow/.local/lib/python3.8/site-packages/airflow/example_dags/example_params_ui_tutorial.py
[2025-08-02T01:53:28.573+0000] {logging_mixin.py:188} INFO - [2025-08-02T01:53:28.572+0000] {dag.py:3047} INFO - Sync 1 DAGs
[2025-08-02T01:53:28.595+0000] {logging_mixin.py:188} INFO - [2025-08-02T01:53:28.594+0000] {dag.py:3834} INFO - Setting next_dagrun for example_params_ui_tutorial to None, run_after=None
[2025-08-02T01:53:28.638+0000] {processor.py:183} INFO - Processing /home/airflow/.local/lib/python3.8/site-packages/airflow/example_dags/example_params_ui_tutorial.py took 0.351 seconds
[2025-08-02T01:53:58.891+0000] {processor.py:161} INFO - Started process (PID=1309) to work on /home/airflow/.local/lib/python3.8/site-packages/airflow/example_dags/example_params_ui_tutorial.py
[2025-08-02T01:53:58.893+0000] {processor.py:830} INFO - Processing file /home/airflow/.local/lib/python3.8/site-packages/airflow/example_dags/example_params_ui_tutorial.py for tasks to queue
[2025-08-02T01:53:58.894+0000] {logging_mixin.py:188} INFO - [2025-08-02T01:53:58.894+0000] {dagbag.py:540} INFO - Filling up the DagBag from /home/airflow/.local/lib/python3.8/site-packages/airflow/example_dags/example_params_ui_tutorial.py
[2025-08-02T01:53:58.910+0000] {processor.py:840} INFO - DAG(s) 'example_params_ui_tutorial' retrieved from /home/airflow/.local/lib/python3.8/site-packages/airflow/example_dags/example_params_ui_tutorial.py
[2025-08-02T01:53:58.957+0000] {logging_mixin.py:188} INFO - [2025-08-02T01:53:58.957+0000] {dag.py:3047} INFO - Sync 1 DAGs
[2025-08-02T01:53:58.966+0000] {logging_mixin.py:188} INFO - [2025-08-02T01:53:58.965+0000] {dag.py:3834} INFO - Setting next_dagrun for example_params_ui_tutorial to None, run_after=None
[2025-08-02T01:53:58.976+0000] {processor.py:183} INFO - Processing /home/airflow/.local/lib/python3.8/site-packages/airflow/example_dags/example_params_ui_tutorial.py took 0.088 seconds
[2025-08-02T01:54:29.844+0000] {processor.py:161} INFO - Started process (PID=1363) to work on /home/airflow/.local/lib/python3.8/site-packages/airflow/example_dags/example_params_ui_tutorial.py
[2025-08-02T01:54:29.849+0000] {processor.py:830} INFO - Processing file /home/airflow/.local/lib/python3.8/site-packages/airflow/example_dags/example_params_ui_tutorial.py for tasks to queue
[2025-08-02T01:54:29.850+0000] {logging_mixin.py:188} INFO - [2025-08-02T01:54:29.850+0000] {dagbag.py:540} INFO - Filling up the DagBag from /home/airflow/.local/lib/python3.8/site-packages/airflow/example_dags/example_params_ui_tutorial.py
[2025-08-02T01:54:29.860+0000] {processor.py:840} INFO - DAG(s) 'example_params_ui_tutorial' retrieved from /home/airflow/.local/lib/python3.8/site-packages/airflow/example_dags/example_params_ui_tutorial.py
[2025-08-02T01:54:29.909+0000] {logging_mixin.py:188} INFO - [2025-08-02T01:54:29.909+0000] {dag.py:3047} INFO - Sync 1 DAGs
[2025-08-02T01:54:29.917+0000] {logging_mixin.py:188} INFO - [2025-08-02T01:54:29.917+0000] {dag.py:3834} INFO - Setting next_dagrun for example_params_ui_tutorial to None, run_after=None
[2025-08-02T01:54:29.932+0000] {processor.py:183} INFO - Processing /home/airflow/.local/lib/python3.8/site-packages/airflow/example_dags/example_params_ui_tutorial.py took 0.091 seconds
[2025-08-02T01:55:00.623+0000] {processor.py:161} INFO - Started process (PID=1419) to work on /home/airflow/.local/lib/python3.8/site-packages/airflow/example_dags/example_params_ui_tutorial.py
[2025-08-02T01:55:00.625+0000] {processor.py:830} INFO - Processing file /home/airflow/.local/lib/python3.8/site-packages/airflow/example_dags/example_params_ui_tutorial.py for tasks to queue
[2025-08-02T01:55:00.626+0000] {logging_mixin.py:188} INFO - [2025-08-02T01:55:00.626+0000] {dagbag.py:540} INFO - Filling up the DagBag from /home/airflow/.local/lib/python3.8/site-packages/airflow/example_dags/example_params_ui_tutorial.py
[2025-08-02T01:55:00.649+0000] {processor.py:840} INFO - DAG(s) 'example_params_ui_tutorial' retrieved from /home/airflow/.local/lib/python3.8/site-packages/airflow/example_dags/example_params_ui_tutorial.py
[2025-08-02T01:55:00.687+0000] {logging_mixin.py:188} INFO - [2025-08-02T01:55:00.687+0000] {dag.py:3047} INFO - Sync 1 DAGs
[2025-08-02T01:55:00.698+0000] {logging_mixin.py:188} INFO - [2025-08-02T01:55:00.698+0000] {dag.py:3834} INFO - Setting next_dagrun for example_params_ui_tutorial to None, run_after=None
[2025-08-02T01:55:00.720+0000] {processor.py:183} INFO - Processing /home/airflow/.local/lib/python3.8/site-packages/airflow/example_dags/example_params_ui_tutorial.py took 0.101 seconds
[2025-08-02T01:55:31.704+0000] {processor.py:161} INFO - Started process (PID=1475) to work on /home/airflow/.local/lib/python3.8/site-packages/airflow/example_dags/example_params_ui_tutorial.py
[2025-08-02T01:55:31.707+0000] {processor.py:830} INFO - Processing file /home/airflow/.local/lib/python3.8/site-packages/airflow/example_dags/example_params_ui_tutorial.py for tasks to queue
[2025-08-02T01:55:31.716+0000] {logging_mixin.py:188} INFO - [2025-08-02T01:55:31.713+0000] {dagbag.py:540} INFO - Filling up the DagBag from /home/airflow/.local/lib/python3.8/site-packages/airflow/example_dags/example_params_ui_tutorial.py
[2025-08-02T01:55:31.791+0000] {processor.py:840} INFO - DAG(s) 'example_params_ui_tutorial' retrieved from /home/airflow/.local/lib/python3.8/site-packages/airflow/example_dags/example_params_ui_tutorial.py
[2025-08-02T01:55:31.949+0000] {logging_mixin.py:188} INFO - [2025-08-02T01:55:31.948+0000] {dag.py:3047} INFO - Sync 1 DAGs
[2025-08-02T01:55:31.969+0000] {logging_mixin.py:188} INFO - [2025-08-02T01:55:31.969+0000] {dag.py:3834} INFO - Setting next_dagrun for example_params_ui_tutorial to None, run_after=None
[2025-08-02T01:55:32.007+0000] {processor.py:183} INFO - Processing /home/airflow/.local/lib/python3.8/site-packages/airflow/example_dags/example_params_ui_tutorial.py took 0.310 seconds
[2025-08-02T01:56:02.691+0000] {processor.py:161} INFO - Started process (PID=1531) to work on /home/airflow/.local/lib/python3.8/site-packages/airflow/example_dags/example_params_ui_tutorial.py
[2025-08-02T01:56:02.694+0000] {processor.py:830} INFO - Processing file /home/airflow/.local/lib/python3.8/site-packages/airflow/example_dags/example_params_ui_tutorial.py for tasks to queue
[2025-08-02T01:56:02.698+0000] {logging_mixin.py:188} INFO - [2025-08-02T01:56:02.697+0000] {dagbag.py:540} INFO - Filling up the DagBag from /home/airflow/.local/lib/python3.8/site-packages/airflow/example_dags/example_params_ui_tutorial.py
[2025-08-02T01:56:02.750+0000] {processor.py:840} INFO - DAG(s) 'example_params_ui_tutorial' retrieved from /home/airflow/.local/lib/python3.8/site-packages/airflow/example_dags/example_params_ui_tutorial.py
[2025-08-02T01:56:02.839+0000] {logging_mixin.py:188} INFO - [2025-08-02T01:56:02.839+0000] {dag.py:3047} INFO - Sync 1 DAGs
[2025-08-02T01:56:02.850+0000] {logging_mixin.py:188} INFO - [2025-08-02T01:56:02.850+0000] {dag.py:3834} INFO - Setting next_dagrun for example_params_ui_tutorial to None, run_after=None
[2025-08-02T01:56:02.869+0000] {processor.py:183} INFO - Processing /home/airflow/.local/lib/python3.8/site-packages/airflow/example_dags/example_params_ui_tutorial.py took 0.183 seconds
[2025-08-02T01:56:34.388+0000] {processor.py:161} INFO - Started process (PID=1587) to work on /home/airflow/.local/lib/python3.8/site-packages/airflow/example_dags/example_params_ui_tutorial.py
[2025-08-02T01:56:34.391+0000] {processor.py:830} INFO - Processing file /home/airflow/.local/lib/python3.8/site-packages/airflow/example_dags/example_params_ui_tutorial.py for tasks to queue
[2025-08-02T01:56:34.396+0000] {logging_mixin.py:188} INFO - [2025-08-02T01:56:34.394+0000] {dagbag.py:540} INFO - Filling up the DagBag from /home/airflow/.local/lib/python3.8/site-packages/airflow/example_dags/example_params_ui_tutorial.py
[2025-08-02T01:56:34.450+0000] {processor.py:840} INFO - DAG(s) 'example_params_ui_tutorial' retrieved from /home/airflow/.local/lib/python3.8/site-packages/airflow/example_dags/example_params_ui_tutorial.py
[2025-08-02T01:56:34.609+0000] {logging_mixin.py:188} INFO - [2025-08-02T01:56:34.609+0000] {dag.py:3047} INFO - Sync 1 DAGs
[2025-08-02T01:56:34.623+0000] {logging_mixin.py:188} INFO - [2025-08-02T01:56:34.623+0000] {dag.py:3834} INFO - Setting next_dagrun for example_params_ui_tutorial to None, run_after=None
[2025-08-02T01:56:34.643+0000] {processor.py:183} INFO - Processing /home/airflow/.local/lib/python3.8/site-packages/airflow/example_dags/example_params_ui_tutorial.py took 0.262 seconds
[2025-08-02T01:57:05.571+0000] {processor.py:161} INFO - Started process (PID=1643) to work on /home/airflow/.local/lib/python3.8/site-packages/airflow/example_dags/example_params_ui_tutorial.py
[2025-08-02T01:57:05.575+0000] {processor.py:830} INFO - Processing file /home/airflow/.local/lib/python3.8/site-packages/airflow/example_dags/example_params_ui_tutorial.py for tasks to queue
[2025-08-02T01:57:05.581+0000] {logging_mixin.py:188} INFO - [2025-08-02T01:57:05.580+0000] {dagbag.py:540} INFO - Filling up the DagBag from /home/airflow/.local/lib/python3.8/site-packages/airflow/example_dags/example_params_ui_tutorial.py
[2025-08-02T01:57:05.627+0000] {processor.py:840} INFO - DAG(s) 'example_params_ui_tutorial' retrieved from /home/airflow/.local/lib/python3.8/site-packages/airflow/example_dags/example_params_ui_tutorial.py
[2025-08-02T01:57:05.784+0000] {logging_mixin.py:188} INFO - [2025-08-02T01:57:05.784+0000] {dag.py:3047} INFO - Sync 1 DAGs
[2025-08-02T01:57:05.851+0000] {logging_mixin.py:188} INFO - [2025-08-02T01:57:05.851+0000] {dag.py:3834} INFO - Setting next_dagrun for example_params_ui_tutorial to None, run_after=None
[2025-08-02T01:57:05.918+0000] {processor.py:183} INFO - Processing /home/airflow/.local/lib/python3.8/site-packages/airflow/example_dags/example_params_ui_tutorial.py took 0.360 seconds
[2025-08-02T01:57:46.440+0000] {processor.py:161} INFO - Started process (PID=1705) to work on /home/airflow/.local/lib/python3.8/site-packages/airflow/example_dags/example_params_ui_tutorial.py
[2025-08-02T01:57:46.443+0000] {processor.py:830} INFO - Processing file /home/airflow/.local/lib/python3.8/site-packages/airflow/example_dags/example_params_ui_tutorial.py for tasks to queue
[2025-08-02T01:57:46.448+0000] {logging_mixin.py:188} INFO - [2025-08-02T01:57:46.447+0000] {dagbag.py:540} INFO - Filling up the DagBag from /home/airflow/.local/lib/python3.8/site-packages/airflow/example_dags/example_params_ui_tutorial.py
[2025-08-02T01:57:46.493+0000] {processor.py:840} INFO - DAG(s) 'example_params_ui_tutorial' retrieved from /home/airflow/.local/lib/python3.8/site-packages/airflow/example_dags/example_params_ui_tutorial.py
[2025-08-02T01:57:46.643+0000] {logging_mixin.py:188} INFO - [2025-08-02T01:57:46.642+0000] {dag.py:3047} INFO - Sync 1 DAGs
[2025-08-02T01:57:46.662+0000] {logging_mixin.py:188} INFO - [2025-08-02T01:57:46.661+0000] {dag.py:3834} INFO - Setting next_dagrun for example_params_ui_tutorial to None, run_after=None
[2025-08-02T01:57:46.688+0000] {processor.py:183} INFO - Processing /home/airflow/.local/lib/python3.8/site-packages/airflow/example_dags/example_params_ui_tutorial.py took 0.265 seconds
[2025-08-02T01:58:17.676+0000] {processor.py:161} INFO - Started process (PID=1760) to work on /home/airflow/.local/lib/python3.8/site-packages/airflow/example_dags/example_params_ui_tutorial.py
[2025-08-02T01:58:17.682+0000] {processor.py:830} INFO - Processing file /home/airflow/.local/lib/python3.8/site-packages/airflow/example_dags/example_params_ui_tutorial.py for tasks to queue
[2025-08-02T01:58:17.687+0000] {logging_mixin.py:188} INFO - [2025-08-02T01:58:17.687+0000] {dagbag.py:540} INFO - Filling up the DagBag from /home/airflow/.local/lib/python3.8/site-packages/airflow/example_dags/example_params_ui_tutorial.py
[2025-08-02T01:58:17.820+0000] {processor.py:840} INFO - DAG(s) 'example_params_ui_tutorial' retrieved from /home/airflow/.local/lib/python3.8/site-packages/airflow/example_dags/example_params_ui_tutorial.py
[2025-08-02T01:58:18.029+0000] {logging_mixin.py:188} INFO - [2025-08-02T01:58:18.028+0000] {dag.py:3047} INFO - Sync 1 DAGs
[2025-08-02T01:58:18.045+0000] {logging_mixin.py:188} INFO - [2025-08-02T01:58:18.045+0000] {dag.py:3834} INFO - Setting next_dagrun for example_params_ui_tutorial to None, run_after=None
[2025-08-02T01:58:18.070+0000] {processor.py:183} INFO - Processing /home/airflow/.local/lib/python3.8/site-packages/airflow/example_dags/example_params_ui_tutorial.py took 0.409 seconds
[2025-08-02T01:58:48.197+0000] {processor.py:161} INFO - Started process (PID=1816) to work on /home/airflow/.local/lib/python3.8/site-packages/airflow/example_dags/example_params_ui_tutorial.py
[2025-08-02T01:58:48.199+0000] {processor.py:830} INFO - Processing file /home/airflow/.local/lib/python3.8/site-packages/airflow/example_dags/example_params_ui_tutorial.py for tasks to queue
[2025-08-02T01:58:48.200+0000] {logging_mixin.py:188} INFO - [2025-08-02T01:58:48.200+0000] {dagbag.py:540} INFO - Filling up the DagBag from /home/airflow/.local/lib/python3.8/site-packages/airflow/example_dags/example_params_ui_tutorial.py
[2025-08-02T01:58:48.212+0000] {processor.py:840} INFO - DAG(s) 'example_params_ui_tutorial' retrieved from /home/airflow/.local/lib/python3.8/site-packages/airflow/example_dags/example_params_ui_tutorial.py
[2025-08-02T01:58:48.265+0000] {logging_mixin.py:188} INFO - [2025-08-02T01:58:48.265+0000] {dag.py:3047} INFO - Sync 1 DAGs
[2025-08-02T01:58:48.277+0000] {logging_mixin.py:188} INFO - [2025-08-02T01:58:48.277+0000] {dag.py:3834} INFO - Setting next_dagrun for example_params_ui_tutorial to None, run_after=None
[2025-08-02T01:58:48.293+0000] {processor.py:183} INFO - Processing /home/airflow/.local/lib/python3.8/site-packages/airflow/example_dags/example_params_ui_tutorial.py took 0.099 seconds
[2025-08-02T01:59:18.414+0000] {processor.py:161} INFO - Started process (PID=1872) to work on /home/airflow/.local/lib/python3.8/site-packages/airflow/example_dags/example_params_ui_tutorial.py
[2025-08-02T01:59:18.416+0000] {processor.py:830} INFO - Processing file /home/airflow/.local/lib/python3.8/site-packages/airflow/example_dags/example_params_ui_tutorial.py for tasks to queue
[2025-08-02T01:59:18.420+0000] {logging_mixin.py:188} INFO - [2025-08-02T01:59:18.419+0000] {dagbag.py:540} INFO - Filling up the DagBag from /home/airflow/.local/lib/python3.8/site-packages/airflow/example_dags/example_params_ui_tutorial.py
[2025-08-02T01:59:18.445+0000] {processor.py:840} INFO - DAG(s) 'example_params_ui_tutorial' retrieved from /home/airflow/.local/lib/python3.8/site-packages/airflow/example_dags/example_params_ui_tutorial.py
[2025-08-02T01:59:18.541+0000] {logging_mixin.py:188} INFO - [2025-08-02T01:59:18.540+0000] {dag.py:3047} INFO - Sync 1 DAGs
[2025-08-02T01:59:18.552+0000] {logging_mixin.py:188} INFO - [2025-08-02T01:59:18.552+0000] {dag.py:3834} INFO - Setting next_dagrun for example_params_ui_tutorial to None, run_after=None
[2025-08-02T01:59:18.589+0000] {processor.py:183} INFO - Processing /home/airflow/.local/lib/python3.8/site-packages/airflow/example_dags/example_params_ui_tutorial.py took 0.181 seconds
[2025-08-02T01:59:49.086+0000] {processor.py:161} INFO - Started process (PID=1928) to work on /home/airflow/.local/lib/python3.8/site-packages/airflow/example_dags/example_params_ui_tutorial.py
[2025-08-02T01:59:49.089+0000] {processor.py:830} INFO - Processing file /home/airflow/.local/lib/python3.8/site-packages/airflow/example_dags/example_params_ui_tutorial.py for tasks to queue
[2025-08-02T01:59:49.090+0000] {logging_mixin.py:188} INFO - [2025-08-02T01:59:49.090+0000] {dagbag.py:540} INFO - Filling up the DagBag from /home/airflow/.local/lib/python3.8/site-packages/airflow/example_dags/example_params_ui_tutorial.py
[2025-08-02T01:59:49.138+0000] {processor.py:840} INFO - DAG(s) 'example_params_ui_tutorial' retrieved from /home/airflow/.local/lib/python3.8/site-packages/airflow/example_dags/example_params_ui_tutorial.py
[2025-08-02T01:59:49.243+0000] {logging_mixin.py:188} INFO - [2025-08-02T01:59:49.242+0000] {dag.py:3047} INFO - Sync 1 DAGs
[2025-08-02T01:59:49.267+0000] {logging_mixin.py:188} INFO - [2025-08-02T01:59:49.267+0000] {dag.py:3834} INFO - Setting next_dagrun for example_params_ui_tutorial to None, run_after=None
[2025-08-02T01:59:49.308+0000] {processor.py:183} INFO - Processing /home/airflow/.local/lib/python3.8/site-packages/airflow/example_dags/example_params_ui_tutorial.py took 0.227 seconds
[2025-08-02T02:00:19.423+0000] {processor.py:161} INFO - Started process (PID=1983) to work on /home/airflow/.local/lib/python3.8/site-packages/airflow/example_dags/example_params_ui_tutorial.py
[2025-08-02T02:00:19.425+0000] {processor.py:830} INFO - Processing file /home/airflow/.local/lib/python3.8/site-packages/airflow/example_dags/example_params_ui_tutorial.py for tasks to queue
[2025-08-02T02:00:19.429+0000] {logging_mixin.py:188} INFO - [2025-08-02T02:00:19.428+0000] {dagbag.py:540} INFO - Filling up the DagBag from /home/airflow/.local/lib/python3.8/site-packages/airflow/example_dags/example_params_ui_tutorial.py
[2025-08-02T02:00:19.462+0000] {processor.py:840} INFO - DAG(s) 'example_params_ui_tutorial' retrieved from /home/airflow/.local/lib/python3.8/site-packages/airflow/example_dags/example_params_ui_tutorial.py
[2025-08-02T02:00:19.570+0000] {logging_mixin.py:188} INFO - [2025-08-02T02:00:19.570+0000] {dag.py:3047} INFO - Sync 1 DAGs
[2025-08-02T02:00:19.593+0000] {logging_mixin.py:188} INFO - [2025-08-02T02:00:19.592+0000] {dag.py:3834} INFO - Setting next_dagrun for example_params_ui_tutorial to None, run_after=None
[2025-08-02T02:00:19.631+0000] {processor.py:183} INFO - Processing /home/airflow/.local/lib/python3.8/site-packages/airflow/example_dags/example_params_ui_tutorial.py took 0.227 seconds
[2025-08-02T02:01:03.734+0000] {processor.py:161} INFO - Started process (PID=2040) to work on /home/airflow/.local/lib/python3.8/site-packages/airflow/example_dags/example_params_ui_tutorial.py
[2025-08-02T02:01:03.743+0000] {processor.py:830} INFO - Processing file /home/airflow/.local/lib/python3.8/site-packages/airflow/example_dags/example_params_ui_tutorial.py for tasks to queue
[2025-08-02T02:01:03.765+0000] {logging_mixin.py:188} INFO - [2025-08-02T02:01:03.764+0000] {dagbag.py:540} INFO - Filling up the DagBag from /home/airflow/.local/lib/python3.8/site-packages/airflow/example_dags/example_params_ui_tutorial.py
[2025-08-02T02:01:03.875+0000] {processor.py:840} INFO - DAG(s) 'example_params_ui_tutorial' retrieved from /home/airflow/.local/lib/python3.8/site-packages/airflow/example_dags/example_params_ui_tutorial.py
[2025-08-02T02:01:04.097+0000] {logging_mixin.py:188} INFO - [2025-08-02T02:01:04.096+0000] {dag.py:3047} INFO - Sync 1 DAGs
[2025-08-02T02:01:04.138+0000] {logging_mixin.py:188} INFO - [2025-08-02T02:01:04.137+0000] {dag.py:3834} INFO - Setting next_dagrun for example_params_ui_tutorial to None, run_after=None
[2025-08-02T02:01:04.192+0000] {processor.py:183} INFO - Processing /home/airflow/.local/lib/python3.8/site-packages/airflow/example_dags/example_params_ui_tutorial.py took 0.521 seconds
[2025-08-02T02:01:34.377+0000] {processor.py:161} INFO - Started process (PID=2095) to work on /home/airflow/.local/lib/python3.8/site-packages/airflow/example_dags/example_params_ui_tutorial.py
[2025-08-02T02:01:34.381+0000] {processor.py:830} INFO - Processing file /home/airflow/.local/lib/python3.8/site-packages/airflow/example_dags/example_params_ui_tutorial.py for tasks to queue
[2025-08-02T02:01:34.390+0000] {logging_mixin.py:188} INFO - [2025-08-02T02:01:34.387+0000] {dagbag.py:540} INFO - Filling up the DagBag from /home/airflow/.local/lib/python3.8/site-packages/airflow/example_dags/example_params_ui_tutorial.py
[2025-08-02T02:01:34.450+0000] {processor.py:840} INFO - DAG(s) 'example_params_ui_tutorial' retrieved from /home/airflow/.local/lib/python3.8/site-packages/airflow/example_dags/example_params_ui_tutorial.py
[2025-08-02T02:01:34.563+0000] {logging_mixin.py:188} INFO - [2025-08-02T02:01:34.563+0000] {dag.py:3047} INFO - Sync 1 DAGs
[2025-08-02T02:01:34.574+0000] {logging_mixin.py:188} INFO - [2025-08-02T02:01:34.574+0000] {dag.py:3834} INFO - Setting next_dagrun for example_params_ui_tutorial to None, run_after=None
[2025-08-02T02:01:34.587+0000] {processor.py:183} INFO - Processing /home/airflow/.local/lib/python3.8/site-packages/airflow/example_dags/example_params_ui_tutorial.py took 0.230 seconds
[2025-08-02T02:02:30.534+0000] {processor.py:161} INFO - Started process (PID=2144) to work on /home/airflow/.local/lib/python3.8/site-packages/airflow/example_dags/example_params_ui_tutorial.py
[2025-08-02T02:02:30.536+0000] {processor.py:830} INFO - Processing file /home/airflow/.local/lib/python3.8/site-packages/airflow/example_dags/example_params_ui_tutorial.py for tasks to queue
[2025-08-02T02:02:30.542+0000] {logging_mixin.py:188} INFO - [2025-08-02T02:02:30.541+0000] {dagbag.py:540} INFO - Filling up the DagBag from /home/airflow/.local/lib/python3.8/site-packages/airflow/example_dags/example_params_ui_tutorial.py
[2025-08-02T02:02:30.840+0000] {processor.py:840} INFO - DAG(s) 'example_params_ui_tutorial' retrieved from /home/airflow/.local/lib/python3.8/site-packages/airflow/example_dags/example_params_ui_tutorial.py
[2025-08-02T02:02:31.100+0000] {logging_mixin.py:188} INFO - [2025-08-02T02:02:31.099+0000] {dag.py:3047} INFO - Sync 1 DAGs
[2025-08-02T02:02:31.125+0000] {logging_mixin.py:188} INFO - [2025-08-02T02:02:31.125+0000] {dag.py:3834} INFO - Setting next_dagrun for example_params_ui_tutorial to None, run_after=None
[2025-08-02T02:02:31.221+0000] {processor.py:183} INFO - Processing /home/airflow/.local/lib/python3.8/site-packages/airflow/example_dags/example_params_ui_tutorial.py took 0.762 seconds
[2025-08-02T02:03:10.078+0000] {processor.py:161} INFO - Started process (PID=2200) to work on /home/airflow/.local/lib/python3.8/site-packages/airflow/example_dags/example_params_ui_tutorial.py
[2025-08-02T02:03:10.082+0000] {processor.py:830} INFO - Processing file /home/airflow/.local/lib/python3.8/site-packages/airflow/example_dags/example_params_ui_tutorial.py for tasks to queue
[2025-08-02T02:03:10.097+0000] {logging_mixin.py:188} INFO - [2025-08-02T02:03:10.095+0000] {dagbag.py:540} INFO - Filling up the DagBag from /home/airflow/.local/lib/python3.8/site-packages/airflow/example_dags/example_params_ui_tutorial.py
[2025-08-02T02:03:10.176+0000] {processor.py:840} INFO - DAG(s) 'example_params_ui_tutorial' retrieved from /home/airflow/.local/lib/python3.8/site-packages/airflow/example_dags/example_params_ui_tutorial.py
[2025-08-02T02:03:10.338+0000] {logging_mixin.py:188} INFO - [2025-08-02T02:03:10.338+0000] {dag.py:3047} INFO - Sync 1 DAGs
[2025-08-02T02:03:10.359+0000] {logging_mixin.py:188} INFO - [2025-08-02T02:03:10.359+0000] {dag.py:3834} INFO - Setting next_dagrun for example_params_ui_tutorial to None, run_after=None
[2025-08-02T02:03:10.400+0000] {processor.py:183} INFO - Processing /home/airflow/.local/lib/python3.8/site-packages/airflow/example_dags/example_params_ui_tutorial.py took 0.328 seconds
[2025-08-02T02:03:41.151+0000] {processor.py:161} INFO - Started process (PID=2256) to work on /home/airflow/.local/lib/python3.8/site-packages/airflow/example_dags/example_params_ui_tutorial.py
[2025-08-02T02:03:41.154+0000] {processor.py:830} INFO - Processing file /home/airflow/.local/lib/python3.8/site-packages/airflow/example_dags/example_params_ui_tutorial.py for tasks to queue
[2025-08-02T02:03:41.161+0000] {logging_mixin.py:188} INFO - [2025-08-02T02:03:41.160+0000] {dagbag.py:540} INFO - Filling up the DagBag from /home/airflow/.local/lib/python3.8/site-packages/airflow/example_dags/example_params_ui_tutorial.py
[2025-08-02T02:03:41.191+0000] {processor.py:840} INFO - DAG(s) 'example_params_ui_tutorial' retrieved from /home/airflow/.local/lib/python3.8/site-packages/airflow/example_dags/example_params_ui_tutorial.py
[2025-08-02T02:03:41.347+0000] {logging_mixin.py:188} INFO - [2025-08-02T02:03:41.346+0000] {dag.py:3047} INFO - Sync 1 DAGs
[2025-08-02T02:03:41.382+0000] {logging_mixin.py:188} INFO - [2025-08-02T02:03:41.382+0000] {dag.py:3834} INFO - Setting next_dagrun for example_params_ui_tutorial to None, run_after=None
[2025-08-02T02:03:41.472+0000] {processor.py:183} INFO - Processing /home/airflow/.local/lib/python3.8/site-packages/airflow/example_dags/example_params_ui_tutorial.py took 0.324 seconds
[2025-08-02T02:04:18.923+0000] {processor.py:161} INFO - Started process (PID=2311) to work on /home/airflow/.local/lib/python3.8/site-packages/airflow/example_dags/example_params_ui_tutorial.py
[2025-08-02T02:04:18.929+0000] {processor.py:830} INFO - Processing file /home/airflow/.local/lib/python3.8/site-packages/airflow/example_dags/example_params_ui_tutorial.py for tasks to queue
[2025-08-02T02:04:18.943+0000] {logging_mixin.py:188} INFO - [2025-08-02T02:04:18.943+0000] {dagbag.py:540} INFO - Filling up the DagBag from /home/airflow/.local/lib/python3.8/site-packages/airflow/example_dags/example_params_ui_tutorial.py
[2025-08-02T02:04:19.052+0000] {processor.py:840} INFO - DAG(s) 'example_params_ui_tutorial' retrieved from /home/airflow/.local/lib/python3.8/site-packages/airflow/example_dags/example_params_ui_tutorial.py
[2025-08-02T02:04:19.405+0000] {logging_mixin.py:188} INFO - [2025-08-02T02:04:19.403+0000] {dag.py:3047} INFO - Sync 1 DAGs
[2025-08-02T02:04:19.497+0000] {logging_mixin.py:188} INFO - [2025-08-02T02:04:19.496+0000] {dag.py:3834} INFO - Setting next_dagrun for example_params_ui_tutorial to None, run_after=None
[2025-08-02T02:04:19.544+0000] {processor.py:183} INFO - Processing /home/airflow/.local/lib/python3.8/site-packages/airflow/example_dags/example_params_ui_tutorial.py took 0.632 seconds
[2025-08-02T02:04:50.234+0000] {processor.py:161} INFO - Started process (PID=2367) to work on /home/airflow/.local/lib/python3.8/site-packages/airflow/example_dags/example_params_ui_tutorial.py
[2025-08-02T02:04:50.236+0000] {processor.py:830} INFO - Processing file /home/airflow/.local/lib/python3.8/site-packages/airflow/example_dags/example_params_ui_tutorial.py for tasks to queue
[2025-08-02T02:04:50.239+0000] {logging_mixin.py:188} INFO - [2025-08-02T02:04:50.239+0000] {dagbag.py:540} INFO - Filling up the DagBag from /home/airflow/.local/lib/python3.8/site-packages/airflow/example_dags/example_params_ui_tutorial.py
[2025-08-02T02:04:50.271+0000] {processor.py:840} INFO - DAG(s) 'example_params_ui_tutorial' retrieved from /home/airflow/.local/lib/python3.8/site-packages/airflow/example_dags/example_params_ui_tutorial.py
[2025-08-02T02:04:50.374+0000] {logging_mixin.py:188} INFO - [2025-08-02T02:04:50.373+0000] {dag.py:3047} INFO - Sync 1 DAGs
[2025-08-02T02:04:50.395+0000] {logging_mixin.py:188} INFO - [2025-08-02T02:04:50.394+0000] {dag.py:3834} INFO - Setting next_dagrun for example_params_ui_tutorial to None, run_after=None
[2025-08-02T02:04:50.441+0000] {processor.py:183} INFO - Processing /home/airflow/.local/lib/python3.8/site-packages/airflow/example_dags/example_params_ui_tutorial.py took 0.216 seconds
[2025-08-02T02:06:02.988+0000] {processor.py:161} INFO - Started process (PID=2429) to work on /home/airflow/.local/lib/python3.8/site-packages/airflow/example_dags/example_params_ui_tutorial.py
[2025-08-02T02:06:03.053+0000] {processor.py:830} INFO - Processing file /home/airflow/.local/lib/python3.8/site-packages/airflow/example_dags/example_params_ui_tutorial.py for tasks to queue
[2025-08-02T02:06:03.141+0000] {logging_mixin.py:188} INFO - [2025-08-02T02:06:03.122+0000] {dagbag.py:540} INFO - Filling up the DagBag from /home/airflow/.local/lib/python3.8/site-packages/airflow/example_dags/example_params_ui_tutorial.py
[2025-08-02T02:06:03.712+0000] {processor.py:840} INFO - DAG(s) 'example_params_ui_tutorial' retrieved from /home/airflow/.local/lib/python3.8/site-packages/airflow/example_dags/example_params_ui_tutorial.py
[2025-08-02T02:06:06.716+0000] {logging_mixin.py:188} INFO - [2025-08-02T02:06:06.605+0000] {dag.py:3047} INFO - Sync 1 DAGs
[2025-08-02T02:06:07.507+0000] {logging_mixin.py:188} INFO - [2025-08-02T02:06:07.399+0000] {dag.py:3834} INFO - Setting next_dagrun for example_params_ui_tutorial to None, run_after=None
[2025-08-02T02:07:46.319+0000] {processor.py:183} INFO - Processing /home/airflow/.local/lib/python3.8/site-packages/airflow/example_dags/example_params_ui_tutorial.py took 103.516 seconds
[2025-08-02T02:08:51.185+0000] {processor.py:161} INFO - Started process (PID=2487) to work on /home/airflow/.local/lib/python3.8/site-packages/airflow/example_dags/example_params_ui_tutorial.py
[2025-08-02T02:08:51.188+0000] {processor.py:830} INFO - Processing file /home/airflow/.local/lib/python3.8/site-packages/airflow/example_dags/example_params_ui_tutorial.py for tasks to queue
[2025-08-02T02:08:51.190+0000] {logging_mixin.py:188} INFO - [2025-08-02T02:08:51.190+0000] {dagbag.py:540} INFO - Filling up the DagBag from /home/airflow/.local/lib/python3.8/site-packages/airflow/example_dags/example_params_ui_tutorial.py
[2025-08-02T02:08:51.216+0000] {processor.py:840} INFO - DAG(s) 'example_params_ui_tutorial' retrieved from /home/airflow/.local/lib/python3.8/site-packages/airflow/example_dags/example_params_ui_tutorial.py
[2025-08-02T02:08:51.647+0000] {logging_mixin.py:188} INFO - [2025-08-02T02:08:51.646+0000] {dag.py:3047} INFO - Sync 1 DAGs
[2025-08-02T02:08:51.685+0000] {logging_mixin.py:188} INFO - [2025-08-02T02:08:51.684+0000] {dag.py:3834} INFO - Setting next_dagrun for example_params_ui_tutorial to None, run_after=None
[2025-08-02T02:08:51.739+0000] {processor.py:183} INFO - Processing /home/airflow/.local/lib/python3.8/site-packages/airflow/example_dags/example_params_ui_tutorial.py took 0.563 seconds
[2025-08-02T02:09:23.273+0000] {processor.py:161} INFO - Started process (PID=2543) to work on /home/airflow/.local/lib/python3.8/site-packages/airflow/example_dags/example_params_ui_tutorial.py
[2025-08-02T02:09:23.287+0000] {processor.py:830} INFO - Processing file /home/airflow/.local/lib/python3.8/site-packages/airflow/example_dags/example_params_ui_tutorial.py for tasks to queue
[2025-08-02T02:09:23.309+0000] {logging_mixin.py:188} INFO - [2025-08-02T02:09:23.307+0000] {dagbag.py:540} INFO - Filling up the DagBag from /home/airflow/.local/lib/python3.8/site-packages/airflow/example_dags/example_params_ui_tutorial.py
[2025-08-02T02:09:23.388+0000] {processor.py:840} INFO - DAG(s) 'example_params_ui_tutorial' retrieved from /home/airflow/.local/lib/python3.8/site-packages/airflow/example_dags/example_params_ui_tutorial.py
[2025-08-02T02:09:23.633+0000] {logging_mixin.py:188} INFO - [2025-08-02T02:09:23.631+0000] {dag.py:3047} INFO - Sync 1 DAGs
[2025-08-02T02:09:23.659+0000] {logging_mixin.py:188} INFO - [2025-08-02T02:09:23.658+0000] {dag.py:3834} INFO - Setting next_dagrun for example_params_ui_tutorial to None, run_after=None
[2025-08-02T02:09:23.731+0000] {processor.py:183} INFO - Processing /home/airflow/.local/lib/python3.8/site-packages/airflow/example_dags/example_params_ui_tutorial.py took 0.506 seconds
[2025-08-02T02:09:59.779+0000] {processor.py:161} INFO - Started process (PID=2599) to work on /home/airflow/.local/lib/python3.8/site-packages/airflow/example_dags/example_params_ui_tutorial.py
[2025-08-02T02:09:59.783+0000] {processor.py:830} INFO - Processing file /home/airflow/.local/lib/python3.8/site-packages/airflow/example_dags/example_params_ui_tutorial.py for tasks to queue
[2025-08-02T02:09:59.790+0000] {logging_mixin.py:188} INFO - [2025-08-02T02:09:59.789+0000] {dagbag.py:540} INFO - Filling up the DagBag from /home/airflow/.local/lib/python3.8/site-packages/airflow/example_dags/example_params_ui_tutorial.py
[2025-08-02T02:09:59.875+0000] {processor.py:840} INFO - DAG(s) 'example_params_ui_tutorial' retrieved from /home/airflow/.local/lib/python3.8/site-packages/airflow/example_dags/example_params_ui_tutorial.py
[2025-08-02T02:10:00.107+0000] {logging_mixin.py:188} INFO - [2025-08-02T02:10:00.107+0000] {dag.py:3047} INFO - Sync 1 DAGs
[2025-08-02T02:10:00.129+0000] {logging_mixin.py:188} INFO - [2025-08-02T02:10:00.129+0000] {dag.py:3834} INFO - Setting next_dagrun for example_params_ui_tutorial to None, run_after=None
[2025-08-02T02:10:00.163+0000] {processor.py:183} INFO - Processing /home/airflow/.local/lib/python3.8/site-packages/airflow/example_dags/example_params_ui_tutorial.py took 0.425 seconds
[2025-08-02T02:10:36.410+0000] {processor.py:161} INFO - Started process (PID=2650) to work on /home/airflow/.local/lib/python3.8/site-packages/airflow/example_dags/example_params_ui_tutorial.py
[2025-08-02T02:10:36.414+0000] {processor.py:830} INFO - Processing file /home/airflow/.local/lib/python3.8/site-packages/airflow/example_dags/example_params_ui_tutorial.py for tasks to queue
[2025-08-02T02:10:36.420+0000] {logging_mixin.py:188} INFO - [2025-08-02T02:10:36.419+0000] {dagbag.py:540} INFO - Filling up the DagBag from /home/airflow/.local/lib/python3.8/site-packages/airflow/example_dags/example_params_ui_tutorial.py
[2025-08-02T02:10:36.605+0000] {processor.py:840} INFO - DAG(s) 'example_params_ui_tutorial' retrieved from /home/airflow/.local/lib/python3.8/site-packages/airflow/example_dags/example_params_ui_tutorial.py
[2025-08-02T02:10:36.916+0000] {logging_mixin.py:188} INFO - [2025-08-02T02:10:36.901+0000] {dag.py:3047} INFO - Sync 1 DAGs
[2025-08-02T02:10:36.961+0000] {logging_mixin.py:188} INFO - [2025-08-02T02:10:36.960+0000] {dag.py:3834} INFO - Setting next_dagrun for example_params_ui_tutorial to None, run_after=None
[2025-08-02T02:10:37.026+0000] {processor.py:183} INFO - Processing /home/airflow/.local/lib/python3.8/site-packages/airflow/example_dags/example_params_ui_tutorial.py took 0.630 seconds
[2025-08-02T02:11:09.766+0000] {processor.py:161} INFO - Started process (PID=2706) to work on /home/airflow/.local/lib/python3.8/site-packages/airflow/example_dags/example_params_ui_tutorial.py
[2025-08-02T02:11:09.771+0000] {processor.py:830} INFO - Processing file /home/airflow/.local/lib/python3.8/site-packages/airflow/example_dags/example_params_ui_tutorial.py for tasks to queue
[2025-08-02T02:11:09.776+0000] {logging_mixin.py:188} INFO - [2025-08-02T02:11:09.775+0000] {dagbag.py:540} INFO - Filling up the DagBag from /home/airflow/.local/lib/python3.8/site-packages/airflow/example_dags/example_params_ui_tutorial.py
[2025-08-02T02:11:09.814+0000] {processor.py:840} INFO - DAG(s) 'example_params_ui_tutorial' retrieved from /home/airflow/.local/lib/python3.8/site-packages/airflow/example_dags/example_params_ui_tutorial.py
[2025-08-02T02:11:09.964+0000] {logging_mixin.py:188} INFO - [2025-08-02T02:11:09.963+0000] {dag.py:3047} INFO - Sync 1 DAGs
[2025-08-02T02:11:09.991+0000] {logging_mixin.py:188} INFO - [2025-08-02T02:11:09.991+0000] {dag.py:3834} INFO - Setting next_dagrun for example_params_ui_tutorial to None, run_after=None
[2025-08-02T02:11:10.036+0000] {processor.py:183} INFO - Processing /home/airflow/.local/lib/python3.8/site-packages/airflow/example_dags/example_params_ui_tutorial.py took 0.277 seconds
[2025-08-02T02:11:42.797+0000] {processor.py:161} INFO - Started process (PID=2762) to work on /home/airflow/.local/lib/python3.8/site-packages/airflow/example_dags/example_params_ui_tutorial.py
[2025-08-02T02:11:42.799+0000] {processor.py:830} INFO - Processing file /home/airflow/.local/lib/python3.8/site-packages/airflow/example_dags/example_params_ui_tutorial.py for tasks to queue
[2025-08-02T02:11:42.801+0000] {logging_mixin.py:188} INFO - [2025-08-02T02:11:42.800+0000] {dagbag.py:540} INFO - Filling up the DagBag from /home/airflow/.local/lib/python3.8/site-packages/airflow/example_dags/example_params_ui_tutorial.py
[2025-08-02T02:11:42.856+0000] {processor.py:840} INFO - DAG(s) 'example_params_ui_tutorial' retrieved from /home/airflow/.local/lib/python3.8/site-packages/airflow/example_dags/example_params_ui_tutorial.py
[2025-08-02T02:11:42.962+0000] {logging_mixin.py:188} INFO - [2025-08-02T02:11:42.961+0000] {dag.py:3047} INFO - Sync 1 DAGs
[2025-08-02T02:11:42.978+0000] {logging_mixin.py:188} INFO - [2025-08-02T02:11:42.978+0000] {dag.py:3834} INFO - Setting next_dagrun for example_params_ui_tutorial to None, run_after=None
[2025-08-02T02:11:43.022+0000] {processor.py:183} INFO - Processing /home/airflow/.local/lib/python3.8/site-packages/airflow/example_dags/example_params_ui_tutorial.py took 0.232 seconds
[2025-08-02T02:12:13.339+0000] {processor.py:161} INFO - Started process (PID=2816) to work on /home/airflow/.local/lib/python3.8/site-packages/airflow/example_dags/example_params_ui_tutorial.py
[2025-08-02T02:12:13.342+0000] {processor.py:830} INFO - Processing file /home/airflow/.local/lib/python3.8/site-packages/airflow/example_dags/example_params_ui_tutorial.py for tasks to queue
[2025-08-02T02:12:13.343+0000] {logging_mixin.py:188} INFO - [2025-08-02T02:12:13.343+0000] {dagbag.py:540} INFO - Filling up the DagBag from /home/airflow/.local/lib/python3.8/site-packages/airflow/example_dags/example_params_ui_tutorial.py
[2025-08-02T02:12:13.365+0000] {processor.py:840} INFO - DAG(s) 'example_params_ui_tutorial' retrieved from /home/airflow/.local/lib/python3.8/site-packages/airflow/example_dags/example_params_ui_tutorial.py
[2025-08-02T02:12:13.487+0000] {logging_mixin.py:188} INFO - [2025-08-02T02:12:13.487+0000] {dag.py:3047} INFO - Sync 1 DAGs
[2025-08-02T02:12:13.499+0000] {logging_mixin.py:188} INFO - [2025-08-02T02:12:13.499+0000] {dag.py:3834} INFO - Setting next_dagrun for example_params_ui_tutorial to None, run_after=None
[2025-08-02T02:12:13.528+0000] {processor.py:183} INFO - Processing /home/airflow/.local/lib/python3.8/site-packages/airflow/example_dags/example_params_ui_tutorial.py took 0.196 seconds
[2025-08-02T02:12:47.238+0000] {processor.py:161} INFO - Started process (PID=2872) to work on /home/airflow/.local/lib/python3.8/site-packages/airflow/example_dags/example_params_ui_tutorial.py
[2025-08-02T02:12:47.239+0000] {processor.py:830} INFO - Processing file /home/airflow/.local/lib/python3.8/site-packages/airflow/example_dags/example_params_ui_tutorial.py for tasks to queue
[2025-08-02T02:12:47.240+0000] {logging_mixin.py:188} INFO - [2025-08-02T02:12:47.239+0000] {dagbag.py:540} INFO - Filling up the DagBag from /home/airflow/.local/lib/python3.8/site-packages/airflow/example_dags/example_params_ui_tutorial.py
[2025-08-02T02:12:47.292+0000] {processor.py:840} INFO - DAG(s) 'example_params_ui_tutorial' retrieved from /home/airflow/.local/lib/python3.8/site-packages/airflow/example_dags/example_params_ui_tutorial.py
[2025-08-02T02:12:47.419+0000] {logging_mixin.py:188} INFO - [2025-08-02T02:12:47.419+0000] {dag.py:3047} INFO - Sync 1 DAGs
[2025-08-02T02:12:47.439+0000] {logging_mixin.py:188} INFO - [2025-08-02T02:12:47.438+0000] {dag.py:3834} INFO - Setting next_dagrun for example_params_ui_tutorial to None, run_after=None
[2025-08-02T02:12:47.479+0000] {processor.py:183} INFO - Processing /home/airflow/.local/lib/python3.8/site-packages/airflow/example_dags/example_params_ui_tutorial.py took 0.248 seconds
[2025-08-02T02:13:20.256+0000] {processor.py:161} INFO - Started process (PID=2929) to work on /home/airflow/.local/lib/python3.8/site-packages/airflow/example_dags/example_params_ui_tutorial.py
[2025-08-02T02:13:20.266+0000] {processor.py:830} INFO - Processing file /home/airflow/.local/lib/python3.8/site-packages/airflow/example_dags/example_params_ui_tutorial.py for tasks to queue
[2025-08-02T02:13:20.271+0000] {logging_mixin.py:188} INFO - [2025-08-02T02:13:20.269+0000] {dagbag.py:540} INFO - Filling up the DagBag from /home/airflow/.local/lib/python3.8/site-packages/airflow/example_dags/example_params_ui_tutorial.py
[2025-08-02T02:13:20.359+0000] {processor.py:840} INFO - DAG(s) 'example_params_ui_tutorial' retrieved from /home/airflow/.local/lib/python3.8/site-packages/airflow/example_dags/example_params_ui_tutorial.py
[2025-08-02T02:13:20.690+0000] {logging_mixin.py:188} INFO - [2025-08-02T02:13:20.685+0000] {dag.py:3047} INFO - Sync 1 DAGs
[2025-08-02T02:13:20.787+0000] {logging_mixin.py:188} INFO - [2025-08-02T02:13:20.784+0000] {dag.py:3834} INFO - Setting next_dagrun for example_params_ui_tutorial to None, run_after=None
[2025-08-02T02:13:20.990+0000] {processor.py:183} INFO - Processing /home/airflow/.local/lib/python3.8/site-packages/airflow/example_dags/example_params_ui_tutorial.py took 0.767 seconds
[2025-08-02T02:13:51.557+0000] {processor.py:161} INFO - Started process (PID=2984) to work on /home/airflow/.local/lib/python3.8/site-packages/airflow/example_dags/example_params_ui_tutorial.py
[2025-08-02T02:13:51.563+0000] {processor.py:830} INFO - Processing file /home/airflow/.local/lib/python3.8/site-packages/airflow/example_dags/example_params_ui_tutorial.py for tasks to queue
[2025-08-02T02:13:51.566+0000] {logging_mixin.py:188} INFO - [2025-08-02T02:13:51.566+0000] {dagbag.py:540} INFO - Filling up the DagBag from /home/airflow/.local/lib/python3.8/site-packages/airflow/example_dags/example_params_ui_tutorial.py
[2025-08-02T02:13:51.608+0000] {processor.py:840} INFO - DAG(s) 'example_params_ui_tutorial' retrieved from /home/airflow/.local/lib/python3.8/site-packages/airflow/example_dags/example_params_ui_tutorial.py
[2025-08-02T02:13:51.763+0000] {logging_mixin.py:188} INFO - [2025-08-02T02:13:51.760+0000] {dag.py:3047} INFO - Sync 1 DAGs
[2025-08-02T02:13:51.801+0000] {logging_mixin.py:188} INFO - [2025-08-02T02:13:51.801+0000] {dag.py:3834} INFO - Setting next_dagrun for example_params_ui_tutorial to None, run_after=None
[2025-08-02T02:13:51.861+0000] {processor.py:183} INFO - Processing /home/airflow/.local/lib/python3.8/site-packages/airflow/example_dags/example_params_ui_tutorial.py took 0.316 seconds
[2025-08-02T02:14:21.909+0000] {processor.py:161} INFO - Started process (PID=3040) to work on /home/airflow/.local/lib/python3.8/site-packages/airflow/example_dags/example_params_ui_tutorial.py
[2025-08-02T02:14:21.911+0000] {processor.py:830} INFO - Processing file /home/airflow/.local/lib/python3.8/site-packages/airflow/example_dags/example_params_ui_tutorial.py for tasks to queue
[2025-08-02T02:14:21.912+0000] {logging_mixin.py:188} INFO - [2025-08-02T02:14:21.911+0000] {dagbag.py:540} INFO - Filling up the DagBag from /home/airflow/.local/lib/python3.8/site-packages/airflow/example_dags/example_params_ui_tutorial.py
[2025-08-02T02:14:21.931+0000] {processor.py:840} INFO - DAG(s) 'example_params_ui_tutorial' retrieved from /home/airflow/.local/lib/python3.8/site-packages/airflow/example_dags/example_params_ui_tutorial.py
[2025-08-02T02:14:22.027+0000] {logging_mixin.py:188} INFO - [2025-08-02T02:14:22.026+0000] {dag.py:3047} INFO - Sync 1 DAGs
[2025-08-02T02:14:22.056+0000] {logging_mixin.py:188} INFO - [2025-08-02T02:14:22.055+0000] {dag.py:3834} INFO - Setting next_dagrun for example_params_ui_tutorial to None, run_after=None
[2025-08-02T02:14:22.100+0000] {processor.py:183} INFO - Processing /home/airflow/.local/lib/python3.8/site-packages/airflow/example_dags/example_params_ui_tutorial.py took 0.195 seconds
[2025-08-02T02:15:04.669+0000] {processor.py:161} INFO - Started process (PID=3078) to work on /home/airflow/.local/lib/python3.8/site-packages/airflow/example_dags/example_params_ui_tutorial.py
[2025-08-02T02:15:04.671+0000] {processor.py:830} INFO - Processing file /home/airflow/.local/lib/python3.8/site-packages/airflow/example_dags/example_params_ui_tutorial.py for tasks to queue
[2025-08-02T02:15:04.678+0000] {logging_mixin.py:188} INFO - [2025-08-02T02:15:04.674+0000] {dagbag.py:540} INFO - Filling up the DagBag from /home/airflow/.local/lib/python3.8/site-packages/airflow/example_dags/example_params_ui_tutorial.py
[2025-08-02T02:15:04.737+0000] {processor.py:840} INFO - DAG(s) 'example_params_ui_tutorial' retrieved from /home/airflow/.local/lib/python3.8/site-packages/airflow/example_dags/example_params_ui_tutorial.py
[2025-08-02T02:15:04.911+0000] {logging_mixin.py:188} INFO - [2025-08-02T02:15:04.909+0000] {dag.py:3047} INFO - Sync 1 DAGs
[2025-08-02T02:15:04.963+0000] {logging_mixin.py:188} INFO - [2025-08-02T02:15:04.963+0000] {dag.py:3834} INFO - Setting next_dagrun for example_params_ui_tutorial to None, run_after=None
[2025-08-02T02:15:05.022+0000] {processor.py:183} INFO - Processing /home/airflow/.local/lib/python3.8/site-packages/airflow/example_dags/example_params_ui_tutorial.py took 0.358 seconds
[2025-08-02T02:15:44.110+0000] {processor.py:161} INFO - Started process (PID=3132) to work on /home/airflow/.local/lib/python3.8/site-packages/airflow/example_dags/example_params_ui_tutorial.py
[2025-08-02T02:15:44.112+0000] {processor.py:830} INFO - Processing file /home/airflow/.local/lib/python3.8/site-packages/airflow/example_dags/example_params_ui_tutorial.py for tasks to queue
[2025-08-02T02:15:44.116+0000] {logging_mixin.py:188} INFO - [2025-08-02T02:15:44.115+0000] {dagbag.py:540} INFO - Filling up the DagBag from /home/airflow/.local/lib/python3.8/site-packages/airflow/example_dags/example_params_ui_tutorial.py
[2025-08-02T02:15:44.144+0000] {processor.py:840} INFO - DAG(s) 'example_params_ui_tutorial' retrieved from /home/airflow/.local/lib/python3.8/site-packages/airflow/example_dags/example_params_ui_tutorial.py
[2025-08-02T02:15:44.513+0000] {logging_mixin.py:188} INFO - [2025-08-02T02:15:44.512+0000] {dag.py:3047} INFO - Sync 1 DAGs
[2025-08-02T02:15:44.559+0000] {logging_mixin.py:188} INFO - [2025-08-02T02:15:44.558+0000] {dag.py:3834} INFO - Setting next_dagrun for example_params_ui_tutorial to None, run_after=None
[2025-08-02T02:15:44.649+0000] {processor.py:183} INFO - Processing /home/airflow/.local/lib/python3.8/site-packages/airflow/example_dags/example_params_ui_tutorial.py took 0.544 seconds
[2025-08-02T02:16:24.111+0000] {processor.py:161} INFO - Started process (PID=3194) to work on /home/airflow/.local/lib/python3.8/site-packages/airflow/example_dags/example_params_ui_tutorial.py
[2025-08-02T02:16:24.124+0000] {processor.py:830} INFO - Processing file /home/airflow/.local/lib/python3.8/site-packages/airflow/example_dags/example_params_ui_tutorial.py for tasks to queue
[2025-08-02T02:16:24.135+0000] {logging_mixin.py:188} INFO - [2025-08-02T02:16:24.133+0000] {dagbag.py:540} INFO - Filling up the DagBag from /home/airflow/.local/lib/python3.8/site-packages/airflow/example_dags/example_params_ui_tutorial.py
[2025-08-02T02:16:24.354+0000] {processor.py:840} INFO - DAG(s) 'example_params_ui_tutorial' retrieved from /home/airflow/.local/lib/python3.8/site-packages/airflow/example_dags/example_params_ui_tutorial.py
[2025-08-02T02:16:25.348+0000] {logging_mixin.py:188} INFO - [2025-08-02T02:16:25.325+0000] {dag.py:3047} INFO - Sync 1 DAGs
[2025-08-02T02:16:25.438+0000] {logging_mixin.py:188} INFO - [2025-08-02T02:16:25.437+0000] {dag.py:3834} INFO - Setting next_dagrun for example_params_ui_tutorial to None, run_after=None
[2025-08-02T02:16:25.714+0000] {processor.py:183} INFO - Processing /home/airflow/.local/lib/python3.8/site-packages/airflow/example_dags/example_params_ui_tutorial.py took 1.626 seconds
[2025-08-02T02:16:57.195+0000] {processor.py:161} INFO - Started process (PID=3250) to work on /home/airflow/.local/lib/python3.8/site-packages/airflow/example_dags/example_params_ui_tutorial.py
[2025-08-02T02:16:57.200+0000] {processor.py:830} INFO - Processing file /home/airflow/.local/lib/python3.8/site-packages/airflow/example_dags/example_params_ui_tutorial.py for tasks to queue
[2025-08-02T02:16:57.202+0000] {logging_mixin.py:188} INFO - [2025-08-02T02:16:57.201+0000] {dagbag.py:540} INFO - Filling up the DagBag from /home/airflow/.local/lib/python3.8/site-packages/airflow/example_dags/example_params_ui_tutorial.py
[2025-08-02T02:16:57.281+0000] {processor.py:840} INFO - DAG(s) 'example_params_ui_tutorial' retrieved from /home/airflow/.local/lib/python3.8/site-packages/airflow/example_dags/example_params_ui_tutorial.py
[2025-08-02T02:16:57.664+0000] {logging_mixin.py:188} INFO - [2025-08-02T02:16:57.642+0000] {dag.py:3047} INFO - Sync 1 DAGs
[2025-08-02T02:16:57.923+0000] {logging_mixin.py:188} INFO - [2025-08-02T02:16:57.912+0000] {dag.py:3834} INFO - Setting next_dagrun for example_params_ui_tutorial to None, run_after=None
[2025-08-02T02:16:58.080+0000] {processor.py:183} INFO - Processing /home/airflow/.local/lib/python3.8/site-packages/airflow/example_dags/example_params_ui_tutorial.py took 0.936 seconds
[2025-08-02T02:17:30.033+0000] {processor.py:161} INFO - Started process (PID=3306) to work on /home/airflow/.local/lib/python3.8/site-packages/airflow/example_dags/example_params_ui_tutorial.py
[2025-08-02T02:17:30.036+0000] {processor.py:830} INFO - Processing file /home/airflow/.local/lib/python3.8/site-packages/airflow/example_dags/example_params_ui_tutorial.py for tasks to queue
[2025-08-02T02:17:30.041+0000] {logging_mixin.py:188} INFO - [2025-08-02T02:17:30.041+0000] {dagbag.py:540} INFO - Filling up the DagBag from /home/airflow/.local/lib/python3.8/site-packages/airflow/example_dags/example_params_ui_tutorial.py
[2025-08-02T02:17:30.083+0000] {processor.py:840} INFO - DAG(s) 'example_params_ui_tutorial' retrieved from /home/airflow/.local/lib/python3.8/site-packages/airflow/example_dags/example_params_ui_tutorial.py
[2025-08-02T02:17:30.224+0000] {logging_mixin.py:188} INFO - [2025-08-02T02:17:30.223+0000] {dag.py:3047} INFO - Sync 1 DAGs
[2025-08-02T02:17:30.261+0000] {logging_mixin.py:188} INFO - [2025-08-02T02:17:30.260+0000] {dag.py:3834} INFO - Setting next_dagrun for example_params_ui_tutorial to None, run_after=None
[2025-08-02T02:17:30.316+0000] {processor.py:183} INFO - Processing /home/airflow/.local/lib/python3.8/site-packages/airflow/example_dags/example_params_ui_tutorial.py took 0.296 seconds
[2025-08-02T02:18:26.034+0000] {processor.py:161} INFO - Started process (PID=3358) to work on /home/airflow/.local/lib/python3.8/site-packages/airflow/example_dags/example_params_ui_tutorial.py
[2025-08-02T02:18:26.044+0000] {processor.py:830} INFO - Processing file /home/airflow/.local/lib/python3.8/site-packages/airflow/example_dags/example_params_ui_tutorial.py for tasks to queue
[2025-08-02T02:18:26.049+0000] {logging_mixin.py:188} INFO - [2025-08-02T02:18:26.048+0000] {dagbag.py:540} INFO - Filling up the DagBag from /home/airflow/.local/lib/python3.8/site-packages/airflow/example_dags/example_params_ui_tutorial.py
[2025-08-02T02:18:26.159+0000] {processor.py:840} INFO - DAG(s) 'example_params_ui_tutorial' retrieved from /home/airflow/.local/lib/python3.8/site-packages/airflow/example_dags/example_params_ui_tutorial.py
[2025-08-02T02:18:26.399+0000] {logging_mixin.py:188} INFO - [2025-08-02T02:18:26.399+0000] {dag.py:3047} INFO - Sync 1 DAGs
[2025-08-02T02:18:26.442+0000] {logging_mixin.py:188} INFO - [2025-08-02T02:18:26.441+0000] {dag.py:3834} INFO - Setting next_dagrun for example_params_ui_tutorial to None, run_after=None
[2025-08-02T02:18:26.514+0000] {processor.py:183} INFO - Processing /home/airflow/.local/lib/python3.8/site-packages/airflow/example_dags/example_params_ui_tutorial.py took 0.537 seconds
[2025-08-02T02:19:10.103+0000] {processor.py:161} INFO - Started process (PID=3425) to work on /home/airflow/.local/lib/python3.8/site-packages/airflow/example_dags/example_params_ui_tutorial.py
[2025-08-02T02:19:10.111+0000] {processor.py:830} INFO - Processing file /home/airflow/.local/lib/python3.8/site-packages/airflow/example_dags/example_params_ui_tutorial.py for tasks to queue
[2025-08-02T02:19:10.118+0000] {logging_mixin.py:188} INFO - [2025-08-02T02:19:10.116+0000] {dagbag.py:540} INFO - Filling up the DagBag from /home/airflow/.local/lib/python3.8/site-packages/airflow/example_dags/example_params_ui_tutorial.py
[2025-08-02T02:19:10.170+0000] {processor.py:840} INFO - DAG(s) 'example_params_ui_tutorial' retrieved from /home/airflow/.local/lib/python3.8/site-packages/airflow/example_dags/example_params_ui_tutorial.py
[2025-08-02T02:19:10.264+0000] {logging_mixin.py:188} INFO - [2025-08-02T02:19:10.264+0000] {dag.py:3047} INFO - Sync 1 DAGs
[2025-08-02T02:19:10.292+0000] {logging_mixin.py:188} INFO - [2025-08-02T02:19:10.291+0000] {dag.py:3834} INFO - Setting next_dagrun for example_params_ui_tutorial to None, run_after=None
[2025-08-02T02:19:10.315+0000] {processor.py:183} INFO - Processing /home/airflow/.local/lib/python3.8/site-packages/airflow/example_dags/example_params_ui_tutorial.py took 0.231 seconds
[2025-08-02T02:19:48.553+0000] {processor.py:161} INFO - Started process (PID=3481) to work on /home/airflow/.local/lib/python3.8/site-packages/airflow/example_dags/example_params_ui_tutorial.py
[2025-08-02T02:19:48.563+0000] {processor.py:830} INFO - Processing file /home/airflow/.local/lib/python3.8/site-packages/airflow/example_dags/example_params_ui_tutorial.py for tasks to queue
[2025-08-02T02:19:48.600+0000] {logging_mixin.py:188} INFO - [2025-08-02T02:19:48.596+0000] {dagbag.py:540} INFO - Filling up the DagBag from /home/airflow/.local/lib/python3.8/site-packages/airflow/example_dags/example_params_ui_tutorial.py
[2025-08-02T02:19:48.661+0000] {processor.py:840} INFO - DAG(s) 'example_params_ui_tutorial' retrieved from /home/airflow/.local/lib/python3.8/site-packages/airflow/example_dags/example_params_ui_tutorial.py
[2025-08-02T02:19:49.607+0000] {logging_mixin.py:188} INFO - [2025-08-02T02:19:49.605+0000] {dag.py:3047} INFO - Sync 1 DAGs
[2025-08-02T02:19:49.648+0000] {logging_mixin.py:188} INFO - [2025-08-02T02:19:49.648+0000] {dag.py:3834} INFO - Setting next_dagrun for example_params_ui_tutorial to None, run_after=None
[2025-08-02T02:19:49.706+0000] {processor.py:183} INFO - Processing /home/airflow/.local/lib/python3.8/site-packages/airflow/example_dags/example_params_ui_tutorial.py took 1.180 seconds
[2025-08-02T02:20:20.456+0000] {processor.py:161} INFO - Started process (PID=3537) to work on /home/airflow/.local/lib/python3.8/site-packages/airflow/example_dags/example_params_ui_tutorial.py
[2025-08-02T02:20:20.460+0000] {processor.py:830} INFO - Processing file /home/airflow/.local/lib/python3.8/site-packages/airflow/example_dags/example_params_ui_tutorial.py for tasks to queue
[2025-08-02T02:20:20.462+0000] {logging_mixin.py:188} INFO - [2025-08-02T02:20:20.461+0000] {dagbag.py:540} INFO - Filling up the DagBag from /home/airflow/.local/lib/python3.8/site-packages/airflow/example_dags/example_params_ui_tutorial.py
[2025-08-02T02:20:20.562+0000] {processor.py:840} INFO - DAG(s) 'example_params_ui_tutorial' retrieved from /home/airflow/.local/lib/python3.8/site-packages/airflow/example_dags/example_params_ui_tutorial.py
[2025-08-02T02:20:20.770+0000] {logging_mixin.py:188} INFO - [2025-08-02T02:20:20.770+0000] {dag.py:3047} INFO - Sync 1 DAGs
[2025-08-02T02:20:20.830+0000] {logging_mixin.py:188} INFO - [2025-08-02T02:20:20.830+0000] {dag.py:3834} INFO - Setting next_dagrun for example_params_ui_tutorial to None, run_after=None
[2025-08-02T02:20:21.852+0000] {processor.py:183} INFO - Processing /home/airflow/.local/lib/python3.8/site-packages/airflow/example_dags/example_params_ui_tutorial.py took 1.432 seconds
[2025-08-02T02:20:51.969+0000] {processor.py:161} INFO - Started process (PID=3594) to work on /home/airflow/.local/lib/python3.8/site-packages/airflow/example_dags/example_params_ui_tutorial.py
[2025-08-02T02:20:51.973+0000] {processor.py:830} INFO - Processing file /home/airflow/.local/lib/python3.8/site-packages/airflow/example_dags/example_params_ui_tutorial.py for tasks to queue
[2025-08-02T02:20:51.976+0000] {logging_mixin.py:188} INFO - [2025-08-02T02:20:51.975+0000] {dagbag.py:540} INFO - Filling up the DagBag from /home/airflow/.local/lib/python3.8/site-packages/airflow/example_dags/example_params_ui_tutorial.py
[2025-08-02T02:20:52.019+0000] {processor.py:840} INFO - DAG(s) 'example_params_ui_tutorial' retrieved from /home/airflow/.local/lib/python3.8/site-packages/airflow/example_dags/example_params_ui_tutorial.py
[2025-08-02T02:20:52.183+0000] {logging_mixin.py:188} INFO - [2025-08-02T02:20:52.182+0000] {dag.py:3047} INFO - Sync 1 DAGs
[2025-08-02T02:20:52.216+0000] {logging_mixin.py:188} INFO - [2025-08-02T02:20:52.216+0000] {dag.py:3834} INFO - Setting next_dagrun for example_params_ui_tutorial to None, run_after=None
[2025-08-02T02:20:52.312+0000] {processor.py:183} INFO - Processing /home/airflow/.local/lib/python3.8/site-packages/airflow/example_dags/example_params_ui_tutorial.py took 0.349 seconds
[2025-08-02T02:21:23.177+0000] {processor.py:161} INFO - Started process (PID=3650) to work on /home/airflow/.local/lib/python3.8/site-packages/airflow/example_dags/example_params_ui_tutorial.py
[2025-08-02T02:21:23.180+0000] {processor.py:830} INFO - Processing file /home/airflow/.local/lib/python3.8/site-packages/airflow/example_dags/example_params_ui_tutorial.py for tasks to queue
[2025-08-02T02:21:23.181+0000] {logging_mixin.py:188} INFO - [2025-08-02T02:21:23.181+0000] {dagbag.py:540} INFO - Filling up the DagBag from /home/airflow/.local/lib/python3.8/site-packages/airflow/example_dags/example_params_ui_tutorial.py
[2025-08-02T02:21:23.280+0000] {processor.py:840} INFO - DAG(s) 'example_params_ui_tutorial' retrieved from /home/airflow/.local/lib/python3.8/site-packages/airflow/example_dags/example_params_ui_tutorial.py
[2025-08-02T02:21:23.480+0000] {logging_mixin.py:188} INFO - [2025-08-02T02:21:23.480+0000] {dag.py:3047} INFO - Sync 1 DAGs
[2025-08-02T02:21:23.501+0000] {logging_mixin.py:188} INFO - [2025-08-02T02:21:23.500+0000] {dag.py:3834} INFO - Setting next_dagrun for example_params_ui_tutorial to None, run_after=None
[2025-08-02T02:21:23.538+0000] {processor.py:183} INFO - Processing /home/airflow/.local/lib/python3.8/site-packages/airflow/example_dags/example_params_ui_tutorial.py took 0.370 seconds
[2025-08-02T02:21:54.149+0000] {processor.py:161} INFO - Started process (PID=3706) to work on /home/airflow/.local/lib/python3.8/site-packages/airflow/example_dags/example_params_ui_tutorial.py
[2025-08-02T02:21:54.150+0000] {processor.py:830} INFO - Processing file /home/airflow/.local/lib/python3.8/site-packages/airflow/example_dags/example_params_ui_tutorial.py for tasks to queue
[2025-08-02T02:21:54.152+0000] {logging_mixin.py:188} INFO - [2025-08-02T02:21:54.152+0000] {dagbag.py:540} INFO - Filling up the DagBag from /home/airflow/.local/lib/python3.8/site-packages/airflow/example_dags/example_params_ui_tutorial.py
[2025-08-02T02:21:54.189+0000] {processor.py:840} INFO - DAG(s) 'example_params_ui_tutorial' retrieved from /home/airflow/.local/lib/python3.8/site-packages/airflow/example_dags/example_params_ui_tutorial.py
[2025-08-02T02:21:54.294+0000] {logging_mixin.py:188} INFO - [2025-08-02T02:21:54.294+0000] {dag.py:3047} INFO - Sync 1 DAGs
[2025-08-02T02:21:54.309+0000] {logging_mixin.py:188} INFO - [2025-08-02T02:21:54.309+0000] {dag.py:3834} INFO - Setting next_dagrun for example_params_ui_tutorial to None, run_after=None
[2025-08-02T02:21:54.334+0000] {processor.py:183} INFO - Processing /home/airflow/.local/lib/python3.8/site-packages/airflow/example_dags/example_params_ui_tutorial.py took 0.187 seconds
[2025-08-02T02:22:26.030+0000] {processor.py:161} INFO - Started process (PID=3762) to work on /home/airflow/.local/lib/python3.8/site-packages/airflow/example_dags/example_params_ui_tutorial.py
[2025-08-02T02:22:26.032+0000] {processor.py:830} INFO - Processing file /home/airflow/.local/lib/python3.8/site-packages/airflow/example_dags/example_params_ui_tutorial.py for tasks to queue
[2025-08-02T02:22:26.033+0000] {logging_mixin.py:188} INFO - [2025-08-02T02:22:26.033+0000] {dagbag.py:540} INFO - Filling up the DagBag from /home/airflow/.local/lib/python3.8/site-packages/airflow/example_dags/example_params_ui_tutorial.py
[2025-08-02T02:22:26.089+0000] {processor.py:840} INFO - DAG(s) 'example_params_ui_tutorial' retrieved from /home/airflow/.local/lib/python3.8/site-packages/airflow/example_dags/example_params_ui_tutorial.py
[2025-08-02T02:22:26.211+0000] {logging_mixin.py:188} INFO - [2025-08-02T02:22:26.211+0000] {dag.py:3047} INFO - Sync 1 DAGs
[2025-08-02T02:22:26.223+0000] {logging_mixin.py:188} INFO - [2025-08-02T02:22:26.223+0000] {dag.py:3834} INFO - Setting next_dagrun for example_params_ui_tutorial to None, run_after=None
[2025-08-02T02:22:26.250+0000] {processor.py:183} INFO - Processing /home/airflow/.local/lib/python3.8/site-packages/airflow/example_dags/example_params_ui_tutorial.py took 0.225 seconds
[2025-08-02T02:22:56.384+0000] {processor.py:161} INFO - Started process (PID=3817) to work on /home/airflow/.local/lib/python3.8/site-packages/airflow/example_dags/example_params_ui_tutorial.py
[2025-08-02T02:22:56.387+0000] {processor.py:830} INFO - Processing file /home/airflow/.local/lib/python3.8/site-packages/airflow/example_dags/example_params_ui_tutorial.py for tasks to queue
[2025-08-02T02:22:56.388+0000] {logging_mixin.py:188} INFO - [2025-08-02T02:22:56.388+0000] {dagbag.py:540} INFO - Filling up the DagBag from /home/airflow/.local/lib/python3.8/site-packages/airflow/example_dags/example_params_ui_tutorial.py
[2025-08-02T02:22:56.398+0000] {processor.py:840} INFO - DAG(s) 'example_params_ui_tutorial' retrieved from /home/airflow/.local/lib/python3.8/site-packages/airflow/example_dags/example_params_ui_tutorial.py
[2025-08-02T02:22:56.469+0000] {logging_mixin.py:188} INFO - [2025-08-02T02:22:56.469+0000] {dag.py:3047} INFO - Sync 1 DAGs
[2025-08-02T02:22:56.479+0000] {logging_mixin.py:188} INFO - [2025-08-02T02:22:56.479+0000] {dag.py:3834} INFO - Setting next_dagrun for example_params_ui_tutorial to None, run_after=None
[2025-08-02T02:22:56.510+0000] {processor.py:183} INFO - Processing /home/airflow/.local/lib/python3.8/site-packages/airflow/example_dags/example_params_ui_tutorial.py took 0.128 seconds
[2025-08-02T02:23:30.616+0000] {processor.py:161} INFO - Started process (PID=3868) to work on /home/airflow/.local/lib/python3.8/site-packages/airflow/example_dags/example_params_ui_tutorial.py
[2025-08-02T02:23:30.621+0000] {processor.py:830} INFO - Processing file /home/airflow/.local/lib/python3.8/site-packages/airflow/example_dags/example_params_ui_tutorial.py for tasks to queue
[2025-08-02T02:23:30.633+0000] {logging_mixin.py:188} INFO - [2025-08-02T02:23:30.631+0000] {dagbag.py:540} INFO - Filling up the DagBag from /home/airflow/.local/lib/python3.8/site-packages/airflow/example_dags/example_params_ui_tutorial.py
[2025-08-02T02:23:30.733+0000] {processor.py:840} INFO - DAG(s) 'example_params_ui_tutorial' retrieved from /home/airflow/.local/lib/python3.8/site-packages/airflow/example_dags/example_params_ui_tutorial.py
[2025-08-02T02:23:31.000+0000] {logging_mixin.py:188} INFO - [2025-08-02T02:23:30.998+0000] {dag.py:3047} INFO - Sync 1 DAGs
[2025-08-02T02:23:31.057+0000] {logging_mixin.py:188} INFO - [2025-08-02T02:23:31.055+0000] {dag.py:3834} INFO - Setting next_dagrun for example_params_ui_tutorial to None, run_after=None
[2025-08-02T02:23:31.371+0000] {processor.py:183} INFO - Processing /home/airflow/.local/lib/python3.8/site-packages/airflow/example_dags/example_params_ui_tutorial.py took 0.763 seconds
[2025-08-02T02:24:02.575+0000] {processor.py:161} INFO - Started process (PID=3924) to work on /home/airflow/.local/lib/python3.8/site-packages/airflow/example_dags/example_params_ui_tutorial.py
[2025-08-02T02:24:02.578+0000] {processor.py:830} INFO - Processing file /home/airflow/.local/lib/python3.8/site-packages/airflow/example_dags/example_params_ui_tutorial.py for tasks to queue
[2025-08-02T02:24:02.580+0000] {logging_mixin.py:188} INFO - [2025-08-02T02:24:02.579+0000] {dagbag.py:540} INFO - Filling up the DagBag from /home/airflow/.local/lib/python3.8/site-packages/airflow/example_dags/example_params_ui_tutorial.py
[2025-08-02T02:24:02.618+0000] {processor.py:840} INFO - DAG(s) 'example_params_ui_tutorial' retrieved from /home/airflow/.local/lib/python3.8/site-packages/airflow/example_dags/example_params_ui_tutorial.py
[2025-08-02T02:24:02.760+0000] {logging_mixin.py:188} INFO - [2025-08-02T02:24:02.759+0000] {dag.py:3047} INFO - Sync 1 DAGs
[2025-08-02T02:24:02.772+0000] {logging_mixin.py:188} INFO - [2025-08-02T02:24:02.772+0000] {dag.py:3834} INFO - Setting next_dagrun for example_params_ui_tutorial to None, run_after=None
[2025-08-02T02:24:02.808+0000] {processor.py:183} INFO - Processing /home/airflow/.local/lib/python3.8/site-packages/airflow/example_dags/example_params_ui_tutorial.py took 0.248 seconds
[2025-08-02T02:24:36.503+0000] {processor.py:161} INFO - Started process (PID=3979) to work on /home/airflow/.local/lib/python3.8/site-packages/airflow/example_dags/example_params_ui_tutorial.py
[2025-08-02T02:24:36.504+0000] {processor.py:830} INFO - Processing file /home/airflow/.local/lib/python3.8/site-packages/airflow/example_dags/example_params_ui_tutorial.py for tasks to queue
[2025-08-02T02:24:36.506+0000] {logging_mixin.py:188} INFO - [2025-08-02T02:24:36.505+0000] {dagbag.py:540} INFO - Filling up the DagBag from /home/airflow/.local/lib/python3.8/site-packages/airflow/example_dags/example_params_ui_tutorial.py
[2025-08-02T02:24:36.528+0000] {processor.py:840} INFO - DAG(s) 'example_params_ui_tutorial' retrieved from /home/airflow/.local/lib/python3.8/site-packages/airflow/example_dags/example_params_ui_tutorial.py
[2025-08-02T02:24:36.693+0000] {logging_mixin.py:188} INFO - [2025-08-02T02:24:36.693+0000] {dag.py:3047} INFO - Sync 1 DAGs
[2025-08-02T02:24:36.717+0000] {logging_mixin.py:188} INFO - [2025-08-02T02:24:36.716+0000] {dag.py:3834} INFO - Setting next_dagrun for example_params_ui_tutorial to None, run_after=None
[2025-08-02T02:24:36.759+0000] {processor.py:183} INFO - Processing /home/airflow/.local/lib/python3.8/site-packages/airflow/example_dags/example_params_ui_tutorial.py took 0.263 seconds
[2025-08-02T02:25:27.759+0000] {processor.py:161} INFO - Started process (PID=4044) to work on /home/airflow/.local/lib/python3.8/site-packages/airflow/example_dags/example_params_ui_tutorial.py
[2025-08-02T02:25:27.766+0000] {processor.py:830} INFO - Processing file /home/airflow/.local/lib/python3.8/site-packages/airflow/example_dags/example_params_ui_tutorial.py for tasks to queue
[2025-08-02T02:25:27.777+0000] {logging_mixin.py:188} INFO - [2025-08-02T02:25:27.770+0000] {dagbag.py:540} INFO - Filling up the DagBag from /home/airflow/.local/lib/python3.8/site-packages/airflow/example_dags/example_params_ui_tutorial.py
[2025-08-02T02:25:28.167+0000] {processor.py:840} INFO - DAG(s) 'example_params_ui_tutorial' retrieved from /home/airflow/.local/lib/python3.8/site-packages/airflow/example_dags/example_params_ui_tutorial.py
[2025-08-02T02:25:33.398+0000] {logging_mixin.py:188} INFO - [2025-08-02T02:25:33.384+0000] {dag.py:3047} INFO - Sync 1 DAGs
[2025-08-02T02:25:33.504+0000] {logging_mixin.py:188} INFO - [2025-08-02T02:25:33.504+0000] {dag.py:3834} INFO - Setting next_dagrun for example_params_ui_tutorial to None, run_after=None
[2025-08-02T02:25:33.860+0000] {processor.py:183} INFO - Processing /home/airflow/.local/lib/python3.8/site-packages/airflow/example_dags/example_params_ui_tutorial.py took 6.109 seconds
[2025-08-02T02:26:04.810+0000] {processor.py:161} INFO - Started process (PID=4100) to work on /home/airflow/.local/lib/python3.8/site-packages/airflow/example_dags/example_params_ui_tutorial.py
[2025-08-02T02:26:04.815+0000] {processor.py:830} INFO - Processing file /home/airflow/.local/lib/python3.8/site-packages/airflow/example_dags/example_params_ui_tutorial.py for tasks to queue
[2025-08-02T02:26:04.818+0000] {logging_mixin.py:188} INFO - [2025-08-02T02:26:04.817+0000] {dagbag.py:540} INFO - Filling up the DagBag from /home/airflow/.local/lib/python3.8/site-packages/airflow/example_dags/example_params_ui_tutorial.py
[2025-08-02T02:26:04.911+0000] {processor.py:840} INFO - DAG(s) 'example_params_ui_tutorial' retrieved from /home/airflow/.local/lib/python3.8/site-packages/airflow/example_dags/example_params_ui_tutorial.py
[2025-08-02T02:26:05.124+0000] {logging_mixin.py:188} INFO - [2025-08-02T02:26:05.124+0000] {dag.py:3047} INFO - Sync 1 DAGs
[2025-08-02T02:26:05.135+0000] {logging_mixin.py:188} INFO - [2025-08-02T02:26:05.135+0000] {dag.py:3834} INFO - Setting next_dagrun for example_params_ui_tutorial to None, run_after=None
[2025-08-02T02:26:05.185+0000] {processor.py:183} INFO - Processing /home/airflow/.local/lib/python3.8/site-packages/airflow/example_dags/example_params_ui_tutorial.py took 0.399 seconds
[2025-08-02T02:26:36.097+0000] {processor.py:161} INFO - Started process (PID=4156) to work on /home/airflow/.local/lib/python3.8/site-packages/airflow/example_dags/example_params_ui_tutorial.py
[2025-08-02T02:26:36.100+0000] {processor.py:830} INFO - Processing file /home/airflow/.local/lib/python3.8/site-packages/airflow/example_dags/example_params_ui_tutorial.py for tasks to queue
[2025-08-02T02:26:36.104+0000] {logging_mixin.py:188} INFO - [2025-08-02T02:26:36.102+0000] {dagbag.py:540} INFO - Filling up the DagBag from /home/airflow/.local/lib/python3.8/site-packages/airflow/example_dags/example_params_ui_tutorial.py
[2025-08-02T02:26:36.287+0000] {processor.py:840} INFO - DAG(s) 'example_params_ui_tutorial' retrieved from /home/airflow/.local/lib/python3.8/site-packages/airflow/example_dags/example_params_ui_tutorial.py
[2025-08-02T02:26:38.158+0000] {logging_mixin.py:188} INFO - [2025-08-02T02:26:38.126+0000] {dag.py:3047} INFO - Sync 1 DAGs
[2025-08-02T02:26:38.607+0000] {logging_mixin.py:188} INFO - [2025-08-02T02:26:38.607+0000] {dag.py:3834} INFO - Setting next_dagrun for example_params_ui_tutorial to None, run_after=None
[2025-08-02T02:26:38.864+0000] {processor.py:183} INFO - Processing /home/airflow/.local/lib/python3.8/site-packages/airflow/example_dags/example_params_ui_tutorial.py took 2.777 seconds
[2025-08-02T02:27:14.392+0000] {processor.py:161} INFO - Started process (PID=4203) to work on /home/airflow/.local/lib/python3.8/site-packages/airflow/example_dags/example_params_ui_tutorial.py
[2025-08-02T02:27:14.401+0000] {processor.py:830} INFO - Processing file /home/airflow/.local/lib/python3.8/site-packages/airflow/example_dags/example_params_ui_tutorial.py for tasks to queue
[2025-08-02T02:27:14.404+0000] {logging_mixin.py:188} INFO - [2025-08-02T02:27:14.403+0000] {dagbag.py:540} INFO - Filling up the DagBag from /home/airflow/.local/lib/python3.8/site-packages/airflow/example_dags/example_params_ui_tutorial.py
[2025-08-02T02:27:14.489+0000] {processor.py:840} INFO - DAG(s) 'example_params_ui_tutorial' retrieved from /home/airflow/.local/lib/python3.8/site-packages/airflow/example_dags/example_params_ui_tutorial.py
[2025-08-02T02:27:14.782+0000] {logging_mixin.py:188} INFO - [2025-08-02T02:27:14.774+0000] {dag.py:3047} INFO - Sync 1 DAGs
[2025-08-02T02:27:14.883+0000] {logging_mixin.py:188} INFO - [2025-08-02T02:27:14.882+0000] {dag.py:3834} INFO - Setting next_dagrun for example_params_ui_tutorial to None, run_after=None
[2025-08-02T02:27:15.036+0000] {processor.py:183} INFO - Processing /home/airflow/.local/lib/python3.8/site-packages/airflow/example_dags/example_params_ui_tutorial.py took 0.663 seconds
[2025-08-02T02:27:45.857+0000] {processor.py:161} INFO - Started process (PID=4259) to work on /home/airflow/.local/lib/python3.8/site-packages/airflow/example_dags/example_params_ui_tutorial.py
[2025-08-02T02:27:45.866+0000] {processor.py:830} INFO - Processing file /home/airflow/.local/lib/python3.8/site-packages/airflow/example_dags/example_params_ui_tutorial.py for tasks to queue
[2025-08-02T02:27:45.870+0000] {logging_mixin.py:188} INFO - [2025-08-02T02:27:45.869+0000] {dagbag.py:540} INFO - Filling up the DagBag from /home/airflow/.local/lib/python3.8/site-packages/airflow/example_dags/example_params_ui_tutorial.py
[2025-08-02T02:27:45.922+0000] {processor.py:840} INFO - DAG(s) 'example_params_ui_tutorial' retrieved from /home/airflow/.local/lib/python3.8/site-packages/airflow/example_dags/example_params_ui_tutorial.py
[2025-08-02T02:27:46.230+0000] {logging_mixin.py:188} INFO - [2025-08-02T02:27:46.228+0000] {dag.py:3047} INFO - Sync 1 DAGs
[2025-08-02T02:27:46.286+0000] {logging_mixin.py:188} INFO - [2025-08-02T02:27:46.285+0000] {dag.py:3834} INFO - Setting next_dagrun for example_params_ui_tutorial to None, run_after=None
[2025-08-02T02:27:46.375+0000] {processor.py:183} INFO - Processing /home/airflow/.local/lib/python3.8/site-packages/airflow/example_dags/example_params_ui_tutorial.py took 0.545 seconds
[2025-08-02T02:28:17.201+0000] {processor.py:161} INFO - Started process (PID=4315) to work on /home/airflow/.local/lib/python3.8/site-packages/airflow/example_dags/example_params_ui_tutorial.py
[2025-08-02T02:28:17.207+0000] {processor.py:830} INFO - Processing file /home/airflow/.local/lib/python3.8/site-packages/airflow/example_dags/example_params_ui_tutorial.py for tasks to queue
[2025-08-02T02:28:17.211+0000] {logging_mixin.py:188} INFO - [2025-08-02T02:28:17.211+0000] {dagbag.py:540} INFO - Filling up the DagBag from /home/airflow/.local/lib/python3.8/site-packages/airflow/example_dags/example_params_ui_tutorial.py
[2025-08-02T02:28:17.230+0000] {processor.py:840} INFO - DAG(s) 'example_params_ui_tutorial' retrieved from /home/airflow/.local/lib/python3.8/site-packages/airflow/example_dags/example_params_ui_tutorial.py
[2025-08-02T02:28:17.309+0000] {logging_mixin.py:188} INFO - [2025-08-02T02:28:17.309+0000] {dag.py:3047} INFO - Sync 1 DAGs
[2025-08-02T02:28:17.320+0000] {logging_mixin.py:188} INFO - [2025-08-02T02:28:17.320+0000] {dag.py:3834} INFO - Setting next_dagrun for example_params_ui_tutorial to None, run_after=None
[2025-08-02T02:28:17.342+0000] {processor.py:183} INFO - Processing /home/airflow/.local/lib/python3.8/site-packages/airflow/example_dags/example_params_ui_tutorial.py took 0.146 seconds
[2025-08-02T02:29:06.208+0000] {processor.py:161} INFO - Started process (PID=4375) to work on /home/airflow/.local/lib/python3.8/site-packages/airflow/example_dags/example_params_ui_tutorial.py
[2025-08-02T02:29:06.229+0000] {processor.py:830} INFO - Processing file /home/airflow/.local/lib/python3.8/site-packages/airflow/example_dags/example_params_ui_tutorial.py for tasks to queue
[2025-08-02T02:29:06.233+0000] {logging_mixin.py:188} INFO - [2025-08-02T02:29:06.232+0000] {dagbag.py:540} INFO - Filling up the DagBag from /home/airflow/.local/lib/python3.8/site-packages/airflow/example_dags/example_params_ui_tutorial.py
[2025-08-02T02:29:06.318+0000] {processor.py:840} INFO - DAG(s) 'example_params_ui_tutorial' retrieved from /home/airflow/.local/lib/python3.8/site-packages/airflow/example_dags/example_params_ui_tutorial.py
[2025-08-02T02:29:06.500+0000] {logging_mixin.py:188} INFO - [2025-08-02T02:29:06.499+0000] {dag.py:3047} INFO - Sync 1 DAGs
[2025-08-02T02:29:06.555+0000] {logging_mixin.py:188} INFO - [2025-08-02T02:29:06.548+0000] {dag.py:3834} INFO - Setting next_dagrun for example_params_ui_tutorial to None, run_after=None
[2025-08-02T02:29:06.675+0000] {processor.py:183} INFO - Processing /home/airflow/.local/lib/python3.8/site-packages/airflow/example_dags/example_params_ui_tutorial.py took 0.490 seconds
[2025-08-02T02:29:37.281+0000] {processor.py:161} INFO - Started process (PID=4431) to work on /home/airflow/.local/lib/python3.8/site-packages/airflow/example_dags/example_params_ui_tutorial.py
[2025-08-02T02:29:37.288+0000] {processor.py:830} INFO - Processing file /home/airflow/.local/lib/python3.8/site-packages/airflow/example_dags/example_params_ui_tutorial.py for tasks to queue
[2025-08-02T02:29:37.291+0000] {logging_mixin.py:188} INFO - [2025-08-02T02:29:37.290+0000] {dagbag.py:540} INFO - Filling up the DagBag from /home/airflow/.local/lib/python3.8/site-packages/airflow/example_dags/example_params_ui_tutorial.py
[2025-08-02T02:29:37.343+0000] {processor.py:840} INFO - DAG(s) 'example_params_ui_tutorial' retrieved from /home/airflow/.local/lib/python3.8/site-packages/airflow/example_dags/example_params_ui_tutorial.py
[2025-08-02T02:29:37.507+0000] {logging_mixin.py:188} INFO - [2025-08-02T02:29:37.505+0000] {dag.py:3047} INFO - Sync 1 DAGs
[2025-08-02T02:29:37.539+0000] {logging_mixin.py:188} INFO - [2025-08-02T02:29:37.538+0000] {dag.py:3834} INFO - Setting next_dagrun for example_params_ui_tutorial to None, run_after=None
[2025-08-02T02:29:37.559+0000] {processor.py:183} INFO - Processing /home/airflow/.local/lib/python3.8/site-packages/airflow/example_dags/example_params_ui_tutorial.py took 0.285 seconds
[2025-08-02T02:30:19.003+0000] {processor.py:161} INFO - Started process (PID=4479) to work on /home/airflow/.local/lib/python3.8/site-packages/airflow/example_dags/example_params_ui_tutorial.py
[2025-08-02T02:30:19.009+0000] {processor.py:830} INFO - Processing file /home/airflow/.local/lib/python3.8/site-packages/airflow/example_dags/example_params_ui_tutorial.py for tasks to queue
[2025-08-02T02:30:19.013+0000] {logging_mixin.py:188} INFO - [2025-08-02T02:30:19.012+0000] {dagbag.py:540} INFO - Filling up the DagBag from /home/airflow/.local/lib/python3.8/site-packages/airflow/example_dags/example_params_ui_tutorial.py
[2025-08-02T02:30:19.080+0000] {processor.py:840} INFO - DAG(s) 'example_params_ui_tutorial' retrieved from /home/airflow/.local/lib/python3.8/site-packages/airflow/example_dags/example_params_ui_tutorial.py
[2025-08-02T02:30:19.312+0000] {logging_mixin.py:188} INFO - [2025-08-02T02:30:19.310+0000] {dag.py:3047} INFO - Sync 1 DAGs
[2025-08-02T02:30:19.361+0000] {logging_mixin.py:188} INFO - [2025-08-02T02:30:19.360+0000] {dag.py:3834} INFO - Setting next_dagrun for example_params_ui_tutorial to None, run_after=None
[2025-08-02T02:30:19.444+0000] {processor.py:183} INFO - Processing /home/airflow/.local/lib/python3.8/site-packages/airflow/example_dags/example_params_ui_tutorial.py took 0.460 seconds
[2025-08-02T02:30:49.848+0000] {processor.py:161} INFO - Started process (PID=4535) to work on /home/airflow/.local/lib/python3.8/site-packages/airflow/example_dags/example_params_ui_tutorial.py
[2025-08-02T02:30:49.850+0000] {processor.py:830} INFO - Processing file /home/airflow/.local/lib/python3.8/site-packages/airflow/example_dags/example_params_ui_tutorial.py for tasks to queue
[2025-08-02T02:30:49.855+0000] {logging_mixin.py:188} INFO - [2025-08-02T02:30:49.853+0000] {dagbag.py:540} INFO - Filling up the DagBag from /home/airflow/.local/lib/python3.8/site-packages/airflow/example_dags/example_params_ui_tutorial.py
[2025-08-02T02:30:49.902+0000] {processor.py:840} INFO - DAG(s) 'example_params_ui_tutorial' retrieved from /home/airflow/.local/lib/python3.8/site-packages/airflow/example_dags/example_params_ui_tutorial.py
[2025-08-02T02:30:50.098+0000] {logging_mixin.py:188} INFO - [2025-08-02T02:30:50.097+0000] {dag.py:3047} INFO - Sync 1 DAGs
[2025-08-02T02:30:50.138+0000] {logging_mixin.py:188} INFO - [2025-08-02T02:30:50.137+0000] {dag.py:3834} INFO - Setting next_dagrun for example_params_ui_tutorial to None, run_after=None
[2025-08-02T02:30:50.183+0000] {processor.py:183} INFO - Processing /home/airflow/.local/lib/python3.8/site-packages/airflow/example_dags/example_params_ui_tutorial.py took 0.340 seconds
[2025-08-02T02:36:48.471+0000] {processor.py:161} INFO - Started process (PID=76) to work on /home/airflow/.local/lib/python3.8/site-packages/airflow/example_dags/example_params_ui_tutorial.py
[2025-08-02T02:36:48.479+0000] {processor.py:830} INFO - Processing file /home/airflow/.local/lib/python3.8/site-packages/airflow/example_dags/example_params_ui_tutorial.py for tasks to queue
[2025-08-02T02:36:48.486+0000] {logging_mixin.py:188} INFO - [2025-08-02T02:36:48.485+0000] {dagbag.py:540} INFO - Filling up the DagBag from /home/airflow/.local/lib/python3.8/site-packages/airflow/example_dags/example_params_ui_tutorial.py
[2025-08-02T02:36:48.539+0000] {processor.py:840} INFO - DAG(s) 'example_params_ui_tutorial' retrieved from /home/airflow/.local/lib/python3.8/site-packages/airflow/example_dags/example_params_ui_tutorial.py
[2025-08-02T02:36:48.908+0000] {logging_mixin.py:188} INFO - [2025-08-02T02:36:48.907+0000] {dag.py:3047} INFO - Sync 1 DAGs
[2025-08-02T02:36:48.951+0000] {logging_mixin.py:188} INFO - [2025-08-02T02:36:48.950+0000] {dag.py:3834} INFO - Setting next_dagrun for example_params_ui_tutorial to None, run_after=None
[2025-08-02T02:36:49.078+0000] {processor.py:183} INFO - Processing /home/airflow/.local/lib/python3.8/site-packages/airflow/example_dags/example_params_ui_tutorial.py took 0.613 seconds
[2025-08-02T02:37:20.007+0000] {processor.py:161} INFO - Started process (PID=132) to work on /home/airflow/.local/lib/python3.8/site-packages/airflow/example_dags/example_params_ui_tutorial.py
[2025-08-02T02:37:20.010+0000] {processor.py:830} INFO - Processing file /home/airflow/.local/lib/python3.8/site-packages/airflow/example_dags/example_params_ui_tutorial.py for tasks to queue
[2025-08-02T02:37:20.019+0000] {logging_mixin.py:188} INFO - [2025-08-02T02:37:20.015+0000] {dagbag.py:540} INFO - Filling up the DagBag from /home/airflow/.local/lib/python3.8/site-packages/airflow/example_dags/example_params_ui_tutorial.py
[2025-08-02T02:37:20.074+0000] {processor.py:840} INFO - DAG(s) 'example_params_ui_tutorial' retrieved from /home/airflow/.local/lib/python3.8/site-packages/airflow/example_dags/example_params_ui_tutorial.py
[2025-08-02T02:37:20.228+0000] {logging_mixin.py:188} INFO - [2025-08-02T02:37:20.228+0000] {dag.py:3047} INFO - Sync 1 DAGs
[2025-08-02T02:37:20.244+0000] {logging_mixin.py:188} INFO - [2025-08-02T02:37:20.244+0000] {dag.py:3834} INFO - Setting next_dagrun for example_params_ui_tutorial to None, run_after=None
[2025-08-02T02:37:20.291+0000] {processor.py:183} INFO - Processing /home/airflow/.local/lib/python3.8/site-packages/airflow/example_dags/example_params_ui_tutorial.py took 0.293 seconds
[2025-08-02T02:37:50.645+0000] {processor.py:161} INFO - Started process (PID=188) to work on /home/airflow/.local/lib/python3.8/site-packages/airflow/example_dags/example_params_ui_tutorial.py
[2025-08-02T02:37:50.650+0000] {processor.py:830} INFO - Processing file /home/airflow/.local/lib/python3.8/site-packages/airflow/example_dags/example_params_ui_tutorial.py for tasks to queue
[2025-08-02T02:37:50.656+0000] {logging_mixin.py:188} INFO - [2025-08-02T02:37:50.656+0000] {dagbag.py:540} INFO - Filling up the DagBag from /home/airflow/.local/lib/python3.8/site-packages/airflow/example_dags/example_params_ui_tutorial.py
[2025-08-02T02:37:50.698+0000] {processor.py:840} INFO - DAG(s) 'example_params_ui_tutorial' retrieved from /home/airflow/.local/lib/python3.8/site-packages/airflow/example_dags/example_params_ui_tutorial.py
[2025-08-02T02:37:50.783+0000] {logging_mixin.py:188} INFO - [2025-08-02T02:37:50.782+0000] {dag.py:3047} INFO - Sync 1 DAGs
[2025-08-02T02:37:50.795+0000] {logging_mixin.py:188} INFO - [2025-08-02T02:37:50.795+0000] {dag.py:3834} INFO - Setting next_dagrun for example_params_ui_tutorial to None, run_after=None
[2025-08-02T02:37:50.816+0000] {processor.py:183} INFO - Processing /home/airflow/.local/lib/python3.8/site-packages/airflow/example_dags/example_params_ui_tutorial.py took 0.190 seconds
[2025-08-02T02:38:21.353+0000] {processor.py:161} INFO - Started process (PID=244) to work on /home/airflow/.local/lib/python3.8/site-packages/airflow/example_dags/example_params_ui_tutorial.py
[2025-08-02T02:38:21.364+0000] {processor.py:830} INFO - Processing file /home/airflow/.local/lib/python3.8/site-packages/airflow/example_dags/example_params_ui_tutorial.py for tasks to queue
[2025-08-02T02:38:21.368+0000] {logging_mixin.py:188} INFO - [2025-08-02T02:38:21.368+0000] {dagbag.py:540} INFO - Filling up the DagBag from /home/airflow/.local/lib/python3.8/site-packages/airflow/example_dags/example_params_ui_tutorial.py
[2025-08-02T02:38:21.395+0000] {processor.py:840} INFO - DAG(s) 'example_params_ui_tutorial' retrieved from /home/airflow/.local/lib/python3.8/site-packages/airflow/example_dags/example_params_ui_tutorial.py
[2025-08-02T02:38:21.554+0000] {logging_mixin.py:188} INFO - [2025-08-02T02:38:21.553+0000] {dag.py:3047} INFO - Sync 1 DAGs
[2025-08-02T02:38:21.589+0000] {logging_mixin.py:188} INFO - [2025-08-02T02:38:21.588+0000] {dag.py:3834} INFO - Setting next_dagrun for example_params_ui_tutorial to None, run_after=None
[2025-08-02T02:38:21.626+0000] {processor.py:183} INFO - Processing /home/airflow/.local/lib/python3.8/site-packages/airflow/example_dags/example_params_ui_tutorial.py took 0.286 seconds
[2025-08-02T02:38:51.748+0000] {processor.py:161} INFO - Started process (PID=300) to work on /home/airflow/.local/lib/python3.8/site-packages/airflow/example_dags/example_params_ui_tutorial.py
[2025-08-02T02:38:51.750+0000] {processor.py:830} INFO - Processing file /home/airflow/.local/lib/python3.8/site-packages/airflow/example_dags/example_params_ui_tutorial.py for tasks to queue
[2025-08-02T02:38:51.751+0000] {logging_mixin.py:188} INFO - [2025-08-02T02:38:51.751+0000] {dagbag.py:540} INFO - Filling up the DagBag from /home/airflow/.local/lib/python3.8/site-packages/airflow/example_dags/example_params_ui_tutorial.py
[2025-08-02T02:38:51.763+0000] {processor.py:840} INFO - DAG(s) 'example_params_ui_tutorial' retrieved from /home/airflow/.local/lib/python3.8/site-packages/airflow/example_dags/example_params_ui_tutorial.py
[2025-08-02T02:38:51.812+0000] {logging_mixin.py:188} INFO - [2025-08-02T02:38:51.812+0000] {dag.py:3047} INFO - Sync 1 DAGs
[2025-08-02T02:38:51.826+0000] {logging_mixin.py:188} INFO - [2025-08-02T02:38:51.825+0000] {dag.py:3834} INFO - Setting next_dagrun for example_params_ui_tutorial to None, run_after=None
[2025-08-02T02:38:51.842+0000] {processor.py:183} INFO - Processing /home/airflow/.local/lib/python3.8/site-packages/airflow/example_dags/example_params_ui_tutorial.py took 0.101 seconds
[2025-08-02T02:39:22.700+0000] {processor.py:161} INFO - Started process (PID=355) to work on /home/airflow/.local/lib/python3.8/site-packages/airflow/example_dags/example_params_ui_tutorial.py
[2025-08-02T02:39:22.703+0000] {processor.py:830} INFO - Processing file /home/airflow/.local/lib/python3.8/site-packages/airflow/example_dags/example_params_ui_tutorial.py for tasks to queue
[2025-08-02T02:39:22.709+0000] {logging_mixin.py:188} INFO - [2025-08-02T02:39:22.709+0000] {dagbag.py:540} INFO - Filling up the DagBag from /home/airflow/.local/lib/python3.8/site-packages/airflow/example_dags/example_params_ui_tutorial.py
[2025-08-02T02:39:22.745+0000] {processor.py:840} INFO - DAG(s) 'example_params_ui_tutorial' retrieved from /home/airflow/.local/lib/python3.8/site-packages/airflow/example_dags/example_params_ui_tutorial.py
[2025-08-02T02:39:22.840+0000] {logging_mixin.py:188} INFO - [2025-08-02T02:39:22.839+0000] {dag.py:3047} INFO - Sync 1 DAGs
[2025-08-02T02:39:22.886+0000] {logging_mixin.py:188} INFO - [2025-08-02T02:39:22.885+0000] {dag.py:3834} INFO - Setting next_dagrun for example_params_ui_tutorial to None, run_after=None
[2025-08-02T02:39:22.916+0000] {processor.py:183} INFO - Processing /home/airflow/.local/lib/python3.8/site-packages/airflow/example_dags/example_params_ui_tutorial.py took 0.221 seconds
[2025-08-02T02:39:53.149+0000] {processor.py:161} INFO - Started process (PID=411) to work on /home/airflow/.local/lib/python3.8/site-packages/airflow/example_dags/example_params_ui_tutorial.py
[2025-08-02T02:39:53.153+0000] {processor.py:830} INFO - Processing file /home/airflow/.local/lib/python3.8/site-packages/airflow/example_dags/example_params_ui_tutorial.py for tasks to queue
[2025-08-02T02:39:53.157+0000] {logging_mixin.py:188} INFO - [2025-08-02T02:39:53.156+0000] {dagbag.py:540} INFO - Filling up the DagBag from /home/airflow/.local/lib/python3.8/site-packages/airflow/example_dags/example_params_ui_tutorial.py
[2025-08-02T02:39:53.218+0000] {processor.py:840} INFO - DAG(s) 'example_params_ui_tutorial' retrieved from /home/airflow/.local/lib/python3.8/site-packages/airflow/example_dags/example_params_ui_tutorial.py
[2025-08-02T02:39:53.343+0000] {logging_mixin.py:188} INFO - [2025-08-02T02:39:53.343+0000] {dag.py:3047} INFO - Sync 1 DAGs
[2025-08-02T02:39:53.377+0000] {logging_mixin.py:188} INFO - [2025-08-02T02:39:53.376+0000] {dag.py:3834} INFO - Setting next_dagrun for example_params_ui_tutorial to None, run_after=None
[2025-08-02T02:39:53.474+0000] {processor.py:183} INFO - Processing /home/airflow/.local/lib/python3.8/site-packages/airflow/example_dags/example_params_ui_tutorial.py took 0.356 seconds
[2025-08-02T02:40:23.897+0000] {processor.py:161} INFO - Started process (PID=467) to work on /home/airflow/.local/lib/python3.8/site-packages/airflow/example_dags/example_params_ui_tutorial.py
[2025-08-02T02:40:23.900+0000] {processor.py:830} INFO - Processing file /home/airflow/.local/lib/python3.8/site-packages/airflow/example_dags/example_params_ui_tutorial.py for tasks to queue
[2025-08-02T02:40:23.903+0000] {logging_mixin.py:188} INFO - [2025-08-02T02:40:23.902+0000] {dagbag.py:540} INFO - Filling up the DagBag from /home/airflow/.local/lib/python3.8/site-packages/airflow/example_dags/example_params_ui_tutorial.py
[2025-08-02T02:40:23.955+0000] {processor.py:840} INFO - DAG(s) 'example_params_ui_tutorial' retrieved from /home/airflow/.local/lib/python3.8/site-packages/airflow/example_dags/example_params_ui_tutorial.py
[2025-08-02T02:40:24.051+0000] {logging_mixin.py:188} INFO - [2025-08-02T02:40:24.051+0000] {dag.py:3047} INFO - Sync 1 DAGs
[2025-08-02T02:40:24.063+0000] {logging_mixin.py:188} INFO - [2025-08-02T02:40:24.063+0000] {dag.py:3834} INFO - Setting next_dagrun for example_params_ui_tutorial to None, run_after=None
[2025-08-02T02:40:24.081+0000] {processor.py:183} INFO - Processing /home/airflow/.local/lib/python3.8/site-packages/airflow/example_dags/example_params_ui_tutorial.py took 0.191 seconds
[2025-08-02T02:40:55.027+0000] {processor.py:161} INFO - Started process (PID=523) to work on /home/airflow/.local/lib/python3.8/site-packages/airflow/example_dags/example_params_ui_tutorial.py
[2025-08-02T02:40:55.036+0000] {processor.py:830} INFO - Processing file /home/airflow/.local/lib/python3.8/site-packages/airflow/example_dags/example_params_ui_tutorial.py for tasks to queue
[2025-08-02T02:40:55.038+0000] {logging_mixin.py:188} INFO - [2025-08-02T02:40:55.038+0000] {dagbag.py:540} INFO - Filling up the DagBag from /home/airflow/.local/lib/python3.8/site-packages/airflow/example_dags/example_params_ui_tutorial.py
[2025-08-02T02:40:55.080+0000] {processor.py:840} INFO - DAG(s) 'example_params_ui_tutorial' retrieved from /home/airflow/.local/lib/python3.8/site-packages/airflow/example_dags/example_params_ui_tutorial.py
[2025-08-02T02:40:55.153+0000] {logging_mixin.py:188} INFO - [2025-08-02T02:40:55.152+0000] {dag.py:3047} INFO - Sync 1 DAGs
[2025-08-02T02:40:55.164+0000] {logging_mixin.py:188} INFO - [2025-08-02T02:40:55.164+0000] {dag.py:3834} INFO - Setting next_dagrun for example_params_ui_tutorial to None, run_after=None
[2025-08-02T02:40:55.176+0000] {processor.py:183} INFO - Processing /home/airflow/.local/lib/python3.8/site-packages/airflow/example_dags/example_params_ui_tutorial.py took 0.160 seconds
[2025-08-02T02:41:25.958+0000] {processor.py:161} INFO - Started process (PID=579) to work on /home/airflow/.local/lib/python3.8/site-packages/airflow/example_dags/example_params_ui_tutorial.py
[2025-08-02T02:41:25.972+0000] {processor.py:830} INFO - Processing file /home/airflow/.local/lib/python3.8/site-packages/airflow/example_dags/example_params_ui_tutorial.py for tasks to queue
[2025-08-02T02:41:25.985+0000] {logging_mixin.py:188} INFO - [2025-08-02T02:41:25.983+0000] {dagbag.py:540} INFO - Filling up the DagBag from /home/airflow/.local/lib/python3.8/site-packages/airflow/example_dags/example_params_ui_tutorial.py
[2025-08-02T02:41:26.017+0000] {processor.py:840} INFO - DAG(s) 'example_params_ui_tutorial' retrieved from /home/airflow/.local/lib/python3.8/site-packages/airflow/example_dags/example_params_ui_tutorial.py
[2025-08-02T02:41:26.099+0000] {logging_mixin.py:188} INFO - [2025-08-02T02:41:26.098+0000] {dag.py:3047} INFO - Sync 1 DAGs
[2025-08-02T02:41:26.115+0000] {logging_mixin.py:188} INFO - [2025-08-02T02:41:26.115+0000] {dag.py:3834} INFO - Setting next_dagrun for example_params_ui_tutorial to None, run_after=None
[2025-08-02T02:41:26.140+0000] {processor.py:183} INFO - Processing /home/airflow/.local/lib/python3.8/site-packages/airflow/example_dags/example_params_ui_tutorial.py took 0.197 seconds
[2025-08-02T02:41:56.515+0000] {processor.py:161} INFO - Started process (PID=635) to work on /home/airflow/.local/lib/python3.8/site-packages/airflow/example_dags/example_params_ui_tutorial.py
[2025-08-02T02:41:56.516+0000] {processor.py:830} INFO - Processing file /home/airflow/.local/lib/python3.8/site-packages/airflow/example_dags/example_params_ui_tutorial.py for tasks to queue
[2025-08-02T02:41:56.521+0000] {logging_mixin.py:188} INFO - [2025-08-02T02:41:56.520+0000] {dagbag.py:540} INFO - Filling up the DagBag from /home/airflow/.local/lib/python3.8/site-packages/airflow/example_dags/example_params_ui_tutorial.py
[2025-08-02T02:41:56.555+0000] {processor.py:840} INFO - DAG(s) 'example_params_ui_tutorial' retrieved from /home/airflow/.local/lib/python3.8/site-packages/airflow/example_dags/example_params_ui_tutorial.py
[2025-08-02T02:41:56.614+0000] {logging_mixin.py:188} INFO - [2025-08-02T02:41:56.614+0000] {dag.py:3047} INFO - Sync 1 DAGs
[2025-08-02T02:41:56.635+0000] {logging_mixin.py:188} INFO - [2025-08-02T02:41:56.635+0000] {dag.py:3834} INFO - Setting next_dagrun for example_params_ui_tutorial to None, run_after=None
[2025-08-02T02:41:56.662+0000] {processor.py:183} INFO - Processing /home/airflow/.local/lib/python3.8/site-packages/airflow/example_dags/example_params_ui_tutorial.py took 0.151 seconds
[2025-08-02T02:42:27.328+0000] {processor.py:161} INFO - Started process (PID=691) to work on /home/airflow/.local/lib/python3.8/site-packages/airflow/example_dags/example_params_ui_tutorial.py
[2025-08-02T02:42:27.329+0000] {processor.py:830} INFO - Processing file /home/airflow/.local/lib/python3.8/site-packages/airflow/example_dags/example_params_ui_tutorial.py for tasks to queue
[2025-08-02T02:42:27.330+0000] {logging_mixin.py:188} INFO - [2025-08-02T02:42:27.330+0000] {dagbag.py:540} INFO - Filling up the DagBag from /home/airflow/.local/lib/python3.8/site-packages/airflow/example_dags/example_params_ui_tutorial.py
[2025-08-02T02:42:27.343+0000] {processor.py:840} INFO - DAG(s) 'example_params_ui_tutorial' retrieved from /home/airflow/.local/lib/python3.8/site-packages/airflow/example_dags/example_params_ui_tutorial.py
[2025-08-02T02:42:27.405+0000] {logging_mixin.py:188} INFO - [2025-08-02T02:42:27.405+0000] {dag.py:3047} INFO - Sync 1 DAGs
[2025-08-02T02:42:27.418+0000] {logging_mixin.py:188} INFO - [2025-08-02T02:42:27.417+0000] {dag.py:3834} INFO - Setting next_dagrun for example_params_ui_tutorial to None, run_after=None
[2025-08-02T02:42:27.439+0000] {processor.py:183} INFO - Processing /home/airflow/.local/lib/python3.8/site-packages/airflow/example_dags/example_params_ui_tutorial.py took 0.116 seconds
[2025-08-02T02:46:20.884+0000] {processor.py:161} INFO - Started process (PID=76) to work on /home/airflow/.local/lib/python3.8/site-packages/airflow/example_dags/example_params_ui_tutorial.py
[2025-08-02T02:46:20.889+0000] {processor.py:830} INFO - Processing file /home/airflow/.local/lib/python3.8/site-packages/airflow/example_dags/example_params_ui_tutorial.py for tasks to queue
[2025-08-02T02:46:20.897+0000] {logging_mixin.py:188} INFO - [2025-08-02T02:46:20.896+0000] {dagbag.py:540} INFO - Filling up the DagBag from /home/airflow/.local/lib/python3.8/site-packages/airflow/example_dags/example_params_ui_tutorial.py
[2025-08-02T02:46:20.965+0000] {processor.py:840} INFO - DAG(s) 'example_params_ui_tutorial' retrieved from /home/airflow/.local/lib/python3.8/site-packages/airflow/example_dags/example_params_ui_tutorial.py
[2025-08-02T02:46:21.348+0000] {logging_mixin.py:188} INFO - [2025-08-02T02:46:21.347+0000] {dag.py:3047} INFO - Sync 1 DAGs
[2025-08-02T02:46:21.374+0000] {logging_mixin.py:188} INFO - [2025-08-02T02:46:21.373+0000] {dag.py:3834} INFO - Setting next_dagrun for example_params_ui_tutorial to None, run_after=None
[2025-08-02T02:46:21.457+0000] {processor.py:183} INFO - Processing /home/airflow/.local/lib/python3.8/site-packages/airflow/example_dags/example_params_ui_tutorial.py took 0.581 seconds
[2025-08-02T02:47:02.121+0000] {processor.py:161} INFO - Started process (PID=133) to work on /home/airflow/.local/lib/python3.8/site-packages/airflow/example_dags/example_params_ui_tutorial.py
[2025-08-02T02:47:02.123+0000] {processor.py:830} INFO - Processing file /home/airflow/.local/lib/python3.8/site-packages/airflow/example_dags/example_params_ui_tutorial.py for tasks to queue
[2025-08-02T02:47:02.128+0000] {logging_mixin.py:188} INFO - [2025-08-02T02:47:02.127+0000] {dagbag.py:540} INFO - Filling up the DagBag from /home/airflow/.local/lib/python3.8/site-packages/airflow/example_dags/example_params_ui_tutorial.py
[2025-08-02T02:47:02.176+0000] {processor.py:840} INFO - DAG(s) 'example_params_ui_tutorial' retrieved from /home/airflow/.local/lib/python3.8/site-packages/airflow/example_dags/example_params_ui_tutorial.py
[2025-08-02T02:47:02.240+0000] {logging_mixin.py:188} INFO - [2025-08-02T02:47:02.239+0000] {dag.py:3047} INFO - Sync 1 DAGs
[2025-08-02T02:47:02.325+0000] {logging_mixin.py:188} INFO - [2025-08-02T02:47:02.324+0000] {dag.py:3834} INFO - Setting next_dagrun for example_params_ui_tutorial to None, run_after=None
[2025-08-02T02:47:02.412+0000] {processor.py:183} INFO - Processing /home/airflow/.local/lib/python3.8/site-packages/airflow/example_dags/example_params_ui_tutorial.py took 0.296 seconds
[2025-08-02T02:47:33.482+0000] {processor.py:161} INFO - Started process (PID=189) to work on /home/airflow/.local/lib/python3.8/site-packages/airflow/example_dags/example_params_ui_tutorial.py
[2025-08-02T02:47:33.485+0000] {processor.py:830} INFO - Processing file /home/airflow/.local/lib/python3.8/site-packages/airflow/example_dags/example_params_ui_tutorial.py for tasks to queue
[2025-08-02T02:47:33.496+0000] {logging_mixin.py:188} INFO - [2025-08-02T02:47:33.493+0000] {dagbag.py:540} INFO - Filling up the DagBag from /home/airflow/.local/lib/python3.8/site-packages/airflow/example_dags/example_params_ui_tutorial.py
[2025-08-02T02:47:33.571+0000] {processor.py:840} INFO - DAG(s) 'example_params_ui_tutorial' retrieved from /home/airflow/.local/lib/python3.8/site-packages/airflow/example_dags/example_params_ui_tutorial.py
[2025-08-02T02:47:34.321+0000] {logging_mixin.py:188} INFO - [2025-08-02T02:47:34.319+0000] {dag.py:3047} INFO - Sync 1 DAGs
[2025-08-02T02:47:34.391+0000] {logging_mixin.py:188} INFO - [2025-08-02T02:47:34.390+0000] {dag.py:3834} INFO - Setting next_dagrun for example_params_ui_tutorial to None, run_after=None
[2025-08-02T02:47:34.503+0000] {processor.py:183} INFO - Processing /home/airflow/.local/lib/python3.8/site-packages/airflow/example_dags/example_params_ui_tutorial.py took 1.055 seconds
[2025-08-02T02:48:04.618+0000] {processor.py:161} INFO - Started process (PID=243) to work on /home/airflow/.local/lib/python3.8/site-packages/airflow/example_dags/example_params_ui_tutorial.py
[2025-08-02T02:48:04.621+0000] {processor.py:830} INFO - Processing file /home/airflow/.local/lib/python3.8/site-packages/airflow/example_dags/example_params_ui_tutorial.py for tasks to queue
[2025-08-02T02:48:04.625+0000] {logging_mixin.py:188} INFO - [2025-08-02T02:48:04.625+0000] {dagbag.py:540} INFO - Filling up the DagBag from /home/airflow/.local/lib/python3.8/site-packages/airflow/example_dags/example_params_ui_tutorial.py
[2025-08-02T02:48:04.667+0000] {processor.py:840} INFO - DAG(s) 'example_params_ui_tutorial' retrieved from /home/airflow/.local/lib/python3.8/site-packages/airflow/example_dags/example_params_ui_tutorial.py
[2025-08-02T02:48:04.750+0000] {logging_mixin.py:188} INFO - [2025-08-02T02:48:04.750+0000] {dag.py:3047} INFO - Sync 1 DAGs
[2025-08-02T02:48:04.767+0000] {logging_mixin.py:188} INFO - [2025-08-02T02:48:04.766+0000] {dag.py:3834} INFO - Setting next_dagrun for example_params_ui_tutorial to None, run_after=None
[2025-08-02T02:48:04.794+0000] {processor.py:183} INFO - Processing /home/airflow/.local/lib/python3.8/site-packages/airflow/example_dags/example_params_ui_tutorial.py took 0.185 seconds
[2025-08-02T02:48:34.812+0000] {processor.py:161} INFO - Started process (PID=299) to work on /home/airflow/.local/lib/python3.8/site-packages/airflow/example_dags/example_params_ui_tutorial.py
[2025-08-02T02:48:34.813+0000] {processor.py:830} INFO - Processing file /home/airflow/.local/lib/python3.8/site-packages/airflow/example_dags/example_params_ui_tutorial.py for tasks to queue
[2025-08-02T02:48:34.814+0000] {logging_mixin.py:188} INFO - [2025-08-02T02:48:34.814+0000] {dagbag.py:540} INFO - Filling up the DagBag from /home/airflow/.local/lib/python3.8/site-packages/airflow/example_dags/example_params_ui_tutorial.py
[2025-08-02T02:48:34.822+0000] {processor.py:840} INFO - DAG(s) 'example_params_ui_tutorial' retrieved from /home/airflow/.local/lib/python3.8/site-packages/airflow/example_dags/example_params_ui_tutorial.py
[2025-08-02T02:48:34.852+0000] {logging_mixin.py:188} INFO - [2025-08-02T02:48:34.852+0000] {dag.py:3047} INFO - Sync 1 DAGs
[2025-08-02T02:48:34.858+0000] {logging_mixin.py:188} INFO - [2025-08-02T02:48:34.858+0000] {dag.py:3834} INFO - Setting next_dagrun for example_params_ui_tutorial to None, run_after=None
[2025-08-02T02:48:34.866+0000] {processor.py:183} INFO - Processing /home/airflow/.local/lib/python3.8/site-packages/airflow/example_dags/example_params_ui_tutorial.py took 0.056 seconds
[2025-08-02T02:49:05.395+0000] {processor.py:161} INFO - Started process (PID=356) to work on /home/airflow/.local/lib/python3.8/site-packages/airflow/example_dags/example_params_ui_tutorial.py
[2025-08-02T02:49:05.397+0000] {processor.py:830} INFO - Processing file /home/airflow/.local/lib/python3.8/site-packages/airflow/example_dags/example_params_ui_tutorial.py for tasks to queue
[2025-08-02T02:49:05.398+0000] {logging_mixin.py:188} INFO - [2025-08-02T02:49:05.398+0000] {dagbag.py:540} INFO - Filling up the DagBag from /home/airflow/.local/lib/python3.8/site-packages/airflow/example_dags/example_params_ui_tutorial.py
[2025-08-02T02:49:05.408+0000] {processor.py:840} INFO - DAG(s) 'example_params_ui_tutorial' retrieved from /home/airflow/.local/lib/python3.8/site-packages/airflow/example_dags/example_params_ui_tutorial.py
[2025-08-02T02:49:05.451+0000] {logging_mixin.py:188} INFO - [2025-08-02T02:49:05.451+0000] {dag.py:3047} INFO - Sync 1 DAGs
[2025-08-02T02:49:05.457+0000] {logging_mixin.py:188} INFO - [2025-08-02T02:49:05.457+0000] {dag.py:3834} INFO - Setting next_dagrun for example_params_ui_tutorial to None, run_after=None
[2025-08-02T02:49:05.465+0000] {processor.py:183} INFO - Processing /home/airflow/.local/lib/python3.8/site-packages/airflow/example_dags/example_params_ui_tutorial.py took 0.075 seconds
[2025-08-02T02:49:35.994+0000] {processor.py:161} INFO - Started process (PID=412) to work on /home/airflow/.local/lib/python3.8/site-packages/airflow/example_dags/example_params_ui_tutorial.py
[2025-08-02T02:49:35.996+0000] {processor.py:830} INFO - Processing file /home/airflow/.local/lib/python3.8/site-packages/airflow/example_dags/example_params_ui_tutorial.py for tasks to queue
[2025-08-02T02:49:35.998+0000] {logging_mixin.py:188} INFO - [2025-08-02T02:49:35.998+0000] {dagbag.py:540} INFO - Filling up the DagBag from /home/airflow/.local/lib/python3.8/site-packages/airflow/example_dags/example_params_ui_tutorial.py
[2025-08-02T02:49:36.010+0000] {processor.py:840} INFO - DAG(s) 'example_params_ui_tutorial' retrieved from /home/airflow/.local/lib/python3.8/site-packages/airflow/example_dags/example_params_ui_tutorial.py
[2025-08-02T02:49:36.072+0000] {logging_mixin.py:188} INFO - [2025-08-02T02:49:36.072+0000] {dag.py:3047} INFO - Sync 1 DAGs
[2025-08-02T02:49:36.083+0000] {logging_mixin.py:188} INFO - [2025-08-02T02:49:36.083+0000] {dag.py:3834} INFO - Setting next_dagrun for example_params_ui_tutorial to None, run_after=None
[2025-08-02T02:49:36.094+0000] {processor.py:183} INFO - Processing /home/airflow/.local/lib/python3.8/site-packages/airflow/example_dags/example_params_ui_tutorial.py took 0.103 seconds
[2025-08-02T02:50:06.569+0000] {processor.py:161} INFO - Started process (PID=468) to work on /home/airflow/.local/lib/python3.8/site-packages/airflow/example_dags/example_params_ui_tutorial.py
[2025-08-02T02:50:06.571+0000] {processor.py:830} INFO - Processing file /home/airflow/.local/lib/python3.8/site-packages/airflow/example_dags/example_params_ui_tutorial.py for tasks to queue
[2025-08-02T02:50:06.573+0000] {logging_mixin.py:188} INFO - [2025-08-02T02:50:06.573+0000] {dagbag.py:540} INFO - Filling up the DagBag from /home/airflow/.local/lib/python3.8/site-packages/airflow/example_dags/example_params_ui_tutorial.py
[2025-08-02T02:50:06.589+0000] {processor.py:840} INFO - DAG(s) 'example_params_ui_tutorial' retrieved from /home/airflow/.local/lib/python3.8/site-packages/airflow/example_dags/example_params_ui_tutorial.py
[2025-08-02T02:50:06.652+0000] {logging_mixin.py:188} INFO - [2025-08-02T02:50:06.651+0000] {dag.py:3047} INFO - Sync 1 DAGs
[2025-08-02T02:50:06.665+0000] {logging_mixin.py:188} INFO - [2025-08-02T02:50:06.665+0000] {dag.py:3834} INFO - Setting next_dagrun for example_params_ui_tutorial to None, run_after=None
[2025-08-02T02:50:06.681+0000] {processor.py:183} INFO - Processing /home/airflow/.local/lib/python3.8/site-packages/airflow/example_dags/example_params_ui_tutorial.py took 0.117 seconds
[2025-08-02T02:50:39.125+0000] {processor.py:161} INFO - Started process (PID=524) to work on /home/airflow/.local/lib/python3.8/site-packages/airflow/example_dags/example_params_ui_tutorial.py
[2025-08-02T02:50:39.128+0000] {processor.py:830} INFO - Processing file /home/airflow/.local/lib/python3.8/site-packages/airflow/example_dags/example_params_ui_tutorial.py for tasks to queue
[2025-08-02T02:50:39.130+0000] {logging_mixin.py:188} INFO - [2025-08-02T02:50:39.130+0000] {dagbag.py:540} INFO - Filling up the DagBag from /home/airflow/.local/lib/python3.8/site-packages/airflow/example_dags/example_params_ui_tutorial.py
[2025-08-02T02:50:39.152+0000] {processor.py:840} INFO - DAG(s) 'example_params_ui_tutorial' retrieved from /home/airflow/.local/lib/python3.8/site-packages/airflow/example_dags/example_params_ui_tutorial.py
[2025-08-02T02:50:39.298+0000] {logging_mixin.py:188} INFO - [2025-08-02T02:50:39.297+0000] {dag.py:3047} INFO - Sync 1 DAGs
[2025-08-02T02:50:39.333+0000] {logging_mixin.py:188} INFO - [2025-08-02T02:50:39.333+0000] {dag.py:3834} INFO - Setting next_dagrun for example_params_ui_tutorial to None, run_after=None
[2025-08-02T02:50:39.361+0000] {processor.py:183} INFO - Processing /home/airflow/.local/lib/python3.8/site-packages/airflow/example_dags/example_params_ui_tutorial.py took 0.243 seconds
[2025-08-02T02:51:10.663+0000] {processor.py:161} INFO - Started process (PID=580) to work on /home/airflow/.local/lib/python3.8/site-packages/airflow/example_dags/example_params_ui_tutorial.py
[2025-08-02T02:51:10.664+0000] {processor.py:830} INFO - Processing file /home/airflow/.local/lib/python3.8/site-packages/airflow/example_dags/example_params_ui_tutorial.py for tasks to queue
[2025-08-02T02:51:10.666+0000] {logging_mixin.py:188} INFO - [2025-08-02T02:51:10.665+0000] {dagbag.py:540} INFO - Filling up the DagBag from /home/airflow/.local/lib/python3.8/site-packages/airflow/example_dags/example_params_ui_tutorial.py
[2025-08-02T02:51:10.681+0000] {processor.py:840} INFO - DAG(s) 'example_params_ui_tutorial' retrieved from /home/airflow/.local/lib/python3.8/site-packages/airflow/example_dags/example_params_ui_tutorial.py
[2025-08-02T02:51:10.746+0000] {logging_mixin.py:188} INFO - [2025-08-02T02:51:10.746+0000] {dag.py:3047} INFO - Sync 1 DAGs
[2025-08-02T02:51:10.756+0000] {logging_mixin.py:188} INFO - [2025-08-02T02:51:10.756+0000] {dag.py:3834} INFO - Setting next_dagrun for example_params_ui_tutorial to None, run_after=None
[2025-08-02T02:51:10.773+0000] {processor.py:183} INFO - Processing /home/airflow/.local/lib/python3.8/site-packages/airflow/example_dags/example_params_ui_tutorial.py took 0.117 seconds
[2025-08-02T02:51:41.096+0000] {processor.py:161} INFO - Started process (PID=634) to work on /home/airflow/.local/lib/python3.8/site-packages/airflow/example_dags/example_params_ui_tutorial.py
[2025-08-02T02:51:41.099+0000] {processor.py:830} INFO - Processing file /home/airflow/.local/lib/python3.8/site-packages/airflow/example_dags/example_params_ui_tutorial.py for tasks to queue
[2025-08-02T02:51:41.102+0000] {logging_mixin.py:188} INFO - [2025-08-02T02:51:41.102+0000] {dagbag.py:540} INFO - Filling up the DagBag from /home/airflow/.local/lib/python3.8/site-packages/airflow/example_dags/example_params_ui_tutorial.py
[2025-08-02T02:51:41.120+0000] {processor.py:840} INFO - DAG(s) 'example_params_ui_tutorial' retrieved from /home/airflow/.local/lib/python3.8/site-packages/airflow/example_dags/example_params_ui_tutorial.py
[2025-08-02T02:51:41.185+0000] {logging_mixin.py:188} INFO - [2025-08-02T02:51:41.184+0000] {dag.py:3047} INFO - Sync 1 DAGs
[2025-08-02T02:51:41.203+0000] {logging_mixin.py:188} INFO - [2025-08-02T02:51:41.203+0000] {dag.py:3834} INFO - Setting next_dagrun for example_params_ui_tutorial to None, run_after=None
[2025-08-02T02:51:41.224+0000] {processor.py:183} INFO - Processing /home/airflow/.local/lib/python3.8/site-packages/airflow/example_dags/example_params_ui_tutorial.py took 0.133 seconds
[2025-08-02T02:52:11.833+0000] {processor.py:161} INFO - Started process (PID=690) to work on /home/airflow/.local/lib/python3.8/site-packages/airflow/example_dags/example_params_ui_tutorial.py
[2025-08-02T02:52:11.835+0000] {processor.py:830} INFO - Processing file /home/airflow/.local/lib/python3.8/site-packages/airflow/example_dags/example_params_ui_tutorial.py for tasks to queue
[2025-08-02T02:52:11.838+0000] {logging_mixin.py:188} INFO - [2025-08-02T02:52:11.838+0000] {dagbag.py:540} INFO - Filling up the DagBag from /home/airflow/.local/lib/python3.8/site-packages/airflow/example_dags/example_params_ui_tutorial.py
[2025-08-02T02:52:11.851+0000] {processor.py:840} INFO - DAG(s) 'example_params_ui_tutorial' retrieved from /home/airflow/.local/lib/python3.8/site-packages/airflow/example_dags/example_params_ui_tutorial.py
[2025-08-02T02:52:11.894+0000] {logging_mixin.py:188} INFO - [2025-08-02T02:52:11.894+0000] {dag.py:3047} INFO - Sync 1 DAGs
[2025-08-02T02:52:11.902+0000] {logging_mixin.py:188} INFO - [2025-08-02T02:52:11.902+0000] {dag.py:3834} INFO - Setting next_dagrun for example_params_ui_tutorial to None, run_after=None
[2025-08-02T02:52:11.916+0000] {processor.py:183} INFO - Processing /home/airflow/.local/lib/python3.8/site-packages/airflow/example_dags/example_params_ui_tutorial.py took 0.084 seconds
[2025-08-02T02:52:42.154+0000] {processor.py:161} INFO - Started process (PID=746) to work on /home/airflow/.local/lib/python3.8/site-packages/airflow/example_dags/example_params_ui_tutorial.py
[2025-08-02T02:52:42.156+0000] {processor.py:830} INFO - Processing file /home/airflow/.local/lib/python3.8/site-packages/airflow/example_dags/example_params_ui_tutorial.py for tasks to queue
[2025-08-02T02:52:42.157+0000] {logging_mixin.py:188} INFO - [2025-08-02T02:52:42.157+0000] {dagbag.py:540} INFO - Filling up the DagBag from /home/airflow/.local/lib/python3.8/site-packages/airflow/example_dags/example_params_ui_tutorial.py
[2025-08-02T02:52:42.170+0000] {processor.py:840} INFO - DAG(s) 'example_params_ui_tutorial' retrieved from /home/airflow/.local/lib/python3.8/site-packages/airflow/example_dags/example_params_ui_tutorial.py
[2025-08-02T02:52:42.207+0000] {logging_mixin.py:188} INFO - [2025-08-02T02:52:42.207+0000] {dag.py:3047} INFO - Sync 1 DAGs
[2025-08-02T02:52:42.216+0000] {logging_mixin.py:188} INFO - [2025-08-02T02:52:42.215+0000] {dag.py:3834} INFO - Setting next_dagrun for example_params_ui_tutorial to None, run_after=None
[2025-08-02T02:52:42.227+0000] {processor.py:183} INFO - Processing /home/airflow/.local/lib/python3.8/site-packages/airflow/example_dags/example_params_ui_tutorial.py took 0.077 seconds
[2025-08-02T02:56:41.183+0000] {processor.py:161} INFO - Started process (PID=70) to work on /home/airflow/.local/lib/python3.8/site-packages/airflow/example_dags/example_params_ui_tutorial.py
[2025-08-02T02:56:41.206+0000] {processor.py:830} INFO - Processing file /home/airflow/.local/lib/python3.8/site-packages/airflow/example_dags/example_params_ui_tutorial.py for tasks to queue
[2025-08-02T02:56:41.222+0000] {logging_mixin.py:188} INFO - [2025-08-02T02:56:41.221+0000] {dagbag.py:540} INFO - Filling up the DagBag from /home/airflow/.local/lib/python3.8/site-packages/airflow/example_dags/example_params_ui_tutorial.py
[2025-08-02T02:56:41.339+0000] {processor.py:840} INFO - DAG(s) 'example_params_ui_tutorial' retrieved from /home/airflow/.local/lib/python3.8/site-packages/airflow/example_dags/example_params_ui_tutorial.py
[2025-08-02T02:56:41.374+0000] {logging_mixin.py:188} INFO - [2025-08-02T02:56:41.374+0000] {dag.py:3047} INFO - Sync 1 DAGs
[2025-08-02T02:56:41.397+0000] {logging_mixin.py:188} INFO - [2025-08-02T02:56:41.396+0000] {dag.py:3834} INFO - Setting next_dagrun for example_params_ui_tutorial to None, run_after=None
[2025-08-02T02:56:41.447+0000] {processor.py:183} INFO - Processing /home/airflow/.local/lib/python3.8/site-packages/airflow/example_dags/example_params_ui_tutorial.py took 0.309 seconds
[2025-08-02T02:57:11.773+0000] {processor.py:161} INFO - Started process (PID=126) to work on /home/airflow/.local/lib/python3.8/site-packages/airflow/example_dags/example_params_ui_tutorial.py
[2025-08-02T02:57:11.775+0000] {processor.py:830} INFO - Processing file /home/airflow/.local/lib/python3.8/site-packages/airflow/example_dags/example_params_ui_tutorial.py for tasks to queue
[2025-08-02T02:57:11.778+0000] {logging_mixin.py:188} INFO - [2025-08-02T02:57:11.777+0000] {dagbag.py:540} INFO - Filling up the DagBag from /home/airflow/.local/lib/python3.8/site-packages/airflow/example_dags/example_params_ui_tutorial.py
[2025-08-02T02:57:11.798+0000] {processor.py:840} INFO - DAG(s) 'example_params_ui_tutorial' retrieved from /home/airflow/.local/lib/python3.8/site-packages/airflow/example_dags/example_params_ui_tutorial.py
[2025-08-02T02:57:12.041+0000] {logging_mixin.py:188} INFO - [2025-08-02T02:57:12.040+0000] {dag.py:3047} INFO - Sync 1 DAGs
[2025-08-02T02:57:12.074+0000] {logging_mixin.py:188} INFO - [2025-08-02T02:57:12.073+0000] {dag.py:3834} INFO - Setting next_dagrun for example_params_ui_tutorial to None, run_after=None
[2025-08-02T02:57:12.120+0000] {processor.py:183} INFO - Processing /home/airflow/.local/lib/python3.8/site-packages/airflow/example_dags/example_params_ui_tutorial.py took 0.357 seconds
[2025-08-02T02:57:43.425+0000] {processor.py:161} INFO - Started process (PID=182) to work on /home/airflow/.local/lib/python3.8/site-packages/airflow/example_dags/example_params_ui_tutorial.py
[2025-08-02T02:57:43.427+0000] {processor.py:830} INFO - Processing file /home/airflow/.local/lib/python3.8/site-packages/airflow/example_dags/example_params_ui_tutorial.py for tasks to queue
[2025-08-02T02:57:43.430+0000] {logging_mixin.py:188} INFO - [2025-08-02T02:57:43.430+0000] {dagbag.py:540} INFO - Filling up the DagBag from /home/airflow/.local/lib/python3.8/site-packages/airflow/example_dags/example_params_ui_tutorial.py
[2025-08-02T02:57:43.499+0000] {processor.py:840} INFO - DAG(s) 'example_params_ui_tutorial' retrieved from /home/airflow/.local/lib/python3.8/site-packages/airflow/example_dags/example_params_ui_tutorial.py
[2025-08-02T02:57:43.695+0000] {logging_mixin.py:188} INFO - [2025-08-02T02:57:43.694+0000] {dag.py:3047} INFO - Sync 1 DAGs
[2025-08-02T02:57:43.730+0000] {logging_mixin.py:188} INFO - [2025-08-02T02:57:43.730+0000] {dag.py:3834} INFO - Setting next_dagrun for example_params_ui_tutorial to None, run_after=None
[2025-08-02T02:57:43.768+0000] {processor.py:183} INFO - Processing /home/airflow/.local/lib/python3.8/site-packages/airflow/example_dags/example_params_ui_tutorial.py took 0.352 seconds
[2025-08-02T02:58:14.708+0000] {processor.py:161} INFO - Started process (PID=238) to work on /home/airflow/.local/lib/python3.8/site-packages/airflow/example_dags/example_params_ui_tutorial.py
[2025-08-02T02:58:14.710+0000] {processor.py:830} INFO - Processing file /home/airflow/.local/lib/python3.8/site-packages/airflow/example_dags/example_params_ui_tutorial.py for tasks to queue
[2025-08-02T02:58:14.712+0000] {logging_mixin.py:188} INFO - [2025-08-02T02:58:14.712+0000] {dagbag.py:540} INFO - Filling up the DagBag from /home/airflow/.local/lib/python3.8/site-packages/airflow/example_dags/example_params_ui_tutorial.py
[2025-08-02T02:58:14.747+0000] {processor.py:840} INFO - DAG(s) 'example_params_ui_tutorial' retrieved from /home/airflow/.local/lib/python3.8/site-packages/airflow/example_dags/example_params_ui_tutorial.py
[2025-08-02T02:58:14.828+0000] {logging_mixin.py:188} INFO - [2025-08-02T02:58:14.828+0000] {dag.py:3047} INFO - Sync 1 DAGs
[2025-08-02T02:58:14.840+0000] {logging_mixin.py:188} INFO - [2025-08-02T02:58:14.840+0000] {dag.py:3834} INFO - Setting next_dagrun for example_params_ui_tutorial to None, run_after=None
[2025-08-02T02:58:14.857+0000] {processor.py:183} INFO - Processing /home/airflow/.local/lib/python3.8/site-packages/airflow/example_dags/example_params_ui_tutorial.py took 0.157 seconds
[2025-08-02T02:58:45.462+0000] {processor.py:161} INFO - Started process (PID=294) to work on /home/airflow/.local/lib/python3.8/site-packages/airflow/example_dags/example_params_ui_tutorial.py
[2025-08-02T02:58:45.463+0000] {processor.py:830} INFO - Processing file /home/airflow/.local/lib/python3.8/site-packages/airflow/example_dags/example_params_ui_tutorial.py for tasks to queue
[2025-08-02T02:58:45.466+0000] {logging_mixin.py:188} INFO - [2025-08-02T02:58:45.465+0000] {dagbag.py:540} INFO - Filling up the DagBag from /home/airflow/.local/lib/python3.8/site-packages/airflow/example_dags/example_params_ui_tutorial.py
[2025-08-02T02:58:45.482+0000] {processor.py:840} INFO - DAG(s) 'example_params_ui_tutorial' retrieved from /home/airflow/.local/lib/python3.8/site-packages/airflow/example_dags/example_params_ui_tutorial.py
[2025-08-02T02:58:45.539+0000] {logging_mixin.py:188} INFO - [2025-08-02T02:58:45.539+0000] {dag.py:3047} INFO - Sync 1 DAGs
[2025-08-02T02:58:45.553+0000] {logging_mixin.py:188} INFO - [2025-08-02T02:58:45.553+0000] {dag.py:3834} INFO - Setting next_dagrun for example_params_ui_tutorial to None, run_after=None
[2025-08-02T02:58:45.567+0000] {processor.py:183} INFO - Processing /home/airflow/.local/lib/python3.8/site-packages/airflow/example_dags/example_params_ui_tutorial.py took 0.110 seconds
[2025-08-02T02:59:15.958+0000] {processor.py:161} INFO - Started process (PID=350) to work on /home/airflow/.local/lib/python3.8/site-packages/airflow/example_dags/example_params_ui_tutorial.py
[2025-08-02T02:59:15.964+0000] {processor.py:830} INFO - Processing file /home/airflow/.local/lib/python3.8/site-packages/airflow/example_dags/example_params_ui_tutorial.py for tasks to queue
[2025-08-02T02:59:15.970+0000] {logging_mixin.py:188} INFO - [2025-08-02T02:59:15.969+0000] {dagbag.py:540} INFO - Filling up the DagBag from /home/airflow/.local/lib/python3.8/site-packages/airflow/example_dags/example_params_ui_tutorial.py
[2025-08-02T02:59:16.008+0000] {processor.py:840} INFO - DAG(s) 'example_params_ui_tutorial' retrieved from /home/airflow/.local/lib/python3.8/site-packages/airflow/example_dags/example_params_ui_tutorial.py
[2025-08-02T02:59:16.071+0000] {logging_mixin.py:188} INFO - [2025-08-02T02:59:16.071+0000] {dag.py:3047} INFO - Sync 1 DAGs
[2025-08-02T02:59:16.095+0000] {logging_mixin.py:188} INFO - [2025-08-02T02:59:16.095+0000] {dag.py:3834} INFO - Setting next_dagrun for example_params_ui_tutorial to None, run_after=None
[2025-08-02T02:59:16.116+0000] {processor.py:183} INFO - Processing /home/airflow/.local/lib/python3.8/site-packages/airflow/example_dags/example_params_ui_tutorial.py took 0.171 seconds
[2025-08-02T02:59:46.222+0000] {processor.py:161} INFO - Started process (PID=406) to work on /home/airflow/.local/lib/python3.8/site-packages/airflow/example_dags/example_params_ui_tutorial.py
[2025-08-02T02:59:46.224+0000] {processor.py:830} INFO - Processing file /home/airflow/.local/lib/python3.8/site-packages/airflow/example_dags/example_params_ui_tutorial.py for tasks to queue
[2025-08-02T02:59:46.229+0000] {logging_mixin.py:188} INFO - [2025-08-02T02:59:46.228+0000] {dagbag.py:540} INFO - Filling up the DagBag from /home/airflow/.local/lib/python3.8/site-packages/airflow/example_dags/example_params_ui_tutorial.py
[2025-08-02T02:59:46.252+0000] {processor.py:840} INFO - DAG(s) 'example_params_ui_tutorial' retrieved from /home/airflow/.local/lib/python3.8/site-packages/airflow/example_dags/example_params_ui_tutorial.py
[2025-08-02T02:59:46.296+0000] {logging_mixin.py:188} INFO - [2025-08-02T02:59:46.295+0000] {dag.py:3047} INFO - Sync 1 DAGs
[2025-08-02T02:59:46.305+0000] {logging_mixin.py:188} INFO - [2025-08-02T02:59:46.305+0000] {dag.py:3834} INFO - Setting next_dagrun for example_params_ui_tutorial to None, run_after=None
[2025-08-02T02:59:46.326+0000] {processor.py:183} INFO - Processing /home/airflow/.local/lib/python3.8/site-packages/airflow/example_dags/example_params_ui_tutorial.py took 0.112 seconds
[2025-08-02T03:00:16.417+0000] {processor.py:161} INFO - Started process (PID=463) to work on /home/airflow/.local/lib/python3.8/site-packages/airflow/example_dags/example_params_ui_tutorial.py
[2025-08-02T03:00:16.419+0000] {processor.py:830} INFO - Processing file /home/airflow/.local/lib/python3.8/site-packages/airflow/example_dags/example_params_ui_tutorial.py for tasks to queue
[2025-08-02T03:00:16.421+0000] {logging_mixin.py:188} INFO - [2025-08-02T03:00:16.420+0000] {dagbag.py:540} INFO - Filling up the DagBag from /home/airflow/.local/lib/python3.8/site-packages/airflow/example_dags/example_params_ui_tutorial.py
[2025-08-02T03:00:16.455+0000] {processor.py:840} INFO - DAG(s) 'example_params_ui_tutorial' retrieved from /home/airflow/.local/lib/python3.8/site-packages/airflow/example_dags/example_params_ui_tutorial.py
[2025-08-02T03:00:16.519+0000] {logging_mixin.py:188} INFO - [2025-08-02T03:00:16.518+0000] {dag.py:3047} INFO - Sync 1 DAGs
[2025-08-02T03:00:16.560+0000] {logging_mixin.py:188} INFO - [2025-08-02T03:00:16.560+0000] {dag.py:3834} INFO - Setting next_dagrun for example_params_ui_tutorial to None, run_after=None
[2025-08-02T03:00:16.583+0000] {processor.py:183} INFO - Processing /home/airflow/.local/lib/python3.8/site-packages/airflow/example_dags/example_params_ui_tutorial.py took 0.170 seconds
[2025-08-02T03:00:46.801+0000] {processor.py:161} INFO - Started process (PID=518) to work on /home/airflow/.local/lib/python3.8/site-packages/airflow/example_dags/example_params_ui_tutorial.py
[2025-08-02T03:00:46.807+0000] {processor.py:830} INFO - Processing file /home/airflow/.local/lib/python3.8/site-packages/airflow/example_dags/example_params_ui_tutorial.py for tasks to queue
[2025-08-02T03:00:46.816+0000] {logging_mixin.py:188} INFO - [2025-08-02T03:00:46.813+0000] {dagbag.py:540} INFO - Filling up the DagBag from /home/airflow/.local/lib/python3.8/site-packages/airflow/example_dags/example_params_ui_tutorial.py
[2025-08-02T03:00:46.865+0000] {processor.py:840} INFO - DAG(s) 'example_params_ui_tutorial' retrieved from /home/airflow/.local/lib/python3.8/site-packages/airflow/example_dags/example_params_ui_tutorial.py
[2025-08-02T03:00:46.985+0000] {logging_mixin.py:188} INFO - [2025-08-02T03:00:46.985+0000] {dag.py:3047} INFO - Sync 1 DAGs
[2025-08-02T03:00:47.003+0000] {logging_mixin.py:188} INFO - [2025-08-02T03:00:47.001+0000] {dag.py:3834} INFO - Setting next_dagrun for example_params_ui_tutorial to None, run_after=None
[2025-08-02T03:00:47.039+0000] {processor.py:183} INFO - Processing /home/airflow/.local/lib/python3.8/site-packages/airflow/example_dags/example_params_ui_tutorial.py took 0.260 seconds
[2025-08-02T03:01:17.202+0000] {processor.py:161} INFO - Started process (PID=574) to work on /home/airflow/.local/lib/python3.8/site-packages/airflow/example_dags/example_params_ui_tutorial.py
[2025-08-02T03:01:17.203+0000] {processor.py:830} INFO - Processing file /home/airflow/.local/lib/python3.8/site-packages/airflow/example_dags/example_params_ui_tutorial.py for tasks to queue
[2025-08-02T03:01:17.203+0000] {logging_mixin.py:188} INFO - [2025-08-02T03:01:17.203+0000] {dagbag.py:540} INFO - Filling up the DagBag from /home/airflow/.local/lib/python3.8/site-packages/airflow/example_dags/example_params_ui_tutorial.py
[2025-08-02T03:01:17.217+0000] {processor.py:840} INFO - DAG(s) 'example_params_ui_tutorial' retrieved from /home/airflow/.local/lib/python3.8/site-packages/airflow/example_dags/example_params_ui_tutorial.py
[2025-08-02T03:01:17.265+0000] {logging_mixin.py:188} INFO - [2025-08-02T03:01:17.265+0000] {dag.py:3047} INFO - Sync 1 DAGs
[2025-08-02T03:01:17.272+0000] {logging_mixin.py:188} INFO - [2025-08-02T03:01:17.272+0000] {dag.py:3834} INFO - Setting next_dagrun for example_params_ui_tutorial to None, run_after=None
[2025-08-02T03:01:17.295+0000] {processor.py:183} INFO - Processing /home/airflow/.local/lib/python3.8/site-packages/airflow/example_dags/example_params_ui_tutorial.py took 0.095 seconds
[2025-08-02T03:01:48.521+0000] {processor.py:161} INFO - Started process (PID=630) to work on /home/airflow/.local/lib/python3.8/site-packages/airflow/example_dags/example_params_ui_tutorial.py
[2025-08-02T03:01:48.524+0000] {processor.py:830} INFO - Processing file /home/airflow/.local/lib/python3.8/site-packages/airflow/example_dags/example_params_ui_tutorial.py for tasks to queue
[2025-08-02T03:01:48.527+0000] {logging_mixin.py:188} INFO - [2025-08-02T03:01:48.527+0000] {dagbag.py:540} INFO - Filling up the DagBag from /home/airflow/.local/lib/python3.8/site-packages/airflow/example_dags/example_params_ui_tutorial.py
[2025-08-02T03:01:48.550+0000] {processor.py:840} INFO - DAG(s) 'example_params_ui_tutorial' retrieved from /home/airflow/.local/lib/python3.8/site-packages/airflow/example_dags/example_params_ui_tutorial.py
[2025-08-02T03:01:48.599+0000] {logging_mixin.py:188} INFO - [2025-08-02T03:01:48.599+0000] {dag.py:3047} INFO - Sync 1 DAGs
[2025-08-02T03:01:48.609+0000] {logging_mixin.py:188} INFO - [2025-08-02T03:01:48.609+0000] {dag.py:3834} INFO - Setting next_dagrun for example_params_ui_tutorial to None, run_after=None
[2025-08-02T03:01:48.642+0000] {processor.py:183} INFO - Processing /home/airflow/.local/lib/python3.8/site-packages/airflow/example_dags/example_params_ui_tutorial.py took 0.125 seconds
[2025-08-02T03:02:20.586+0000] {processor.py:161} INFO - Started process (PID=686) to work on /home/airflow/.local/lib/python3.8/site-packages/airflow/example_dags/example_params_ui_tutorial.py
[2025-08-02T03:02:20.588+0000] {processor.py:830} INFO - Processing file /home/airflow/.local/lib/python3.8/site-packages/airflow/example_dags/example_params_ui_tutorial.py for tasks to queue
[2025-08-02T03:02:20.590+0000] {logging_mixin.py:188} INFO - [2025-08-02T03:02:20.590+0000] {dagbag.py:540} INFO - Filling up the DagBag from /home/airflow/.local/lib/python3.8/site-packages/airflow/example_dags/example_params_ui_tutorial.py
[2025-08-02T03:02:20.606+0000] {processor.py:840} INFO - DAG(s) 'example_params_ui_tutorial' retrieved from /home/airflow/.local/lib/python3.8/site-packages/airflow/example_dags/example_params_ui_tutorial.py
[2025-08-02T03:02:20.703+0000] {logging_mixin.py:188} INFO - [2025-08-02T03:02:20.702+0000] {dag.py:3047} INFO - Sync 1 DAGs
[2025-08-02T03:02:20.717+0000] {logging_mixin.py:188} INFO - [2025-08-02T03:02:20.717+0000] {dag.py:3834} INFO - Setting next_dagrun for example_params_ui_tutorial to None, run_after=None
[2025-08-02T03:02:20.754+0000] {processor.py:183} INFO - Processing /home/airflow/.local/lib/python3.8/site-packages/airflow/example_dags/example_params_ui_tutorial.py took 0.171 seconds
[2025-08-02T03:02:51.294+0000] {processor.py:161} INFO - Started process (PID=742) to work on /home/airflow/.local/lib/python3.8/site-packages/airflow/example_dags/example_params_ui_tutorial.py
[2025-08-02T03:02:51.305+0000] {processor.py:830} INFO - Processing file /home/airflow/.local/lib/python3.8/site-packages/airflow/example_dags/example_params_ui_tutorial.py for tasks to queue
[2025-08-02T03:02:51.312+0000] {logging_mixin.py:188} INFO - [2025-08-02T03:02:51.311+0000] {dagbag.py:540} INFO - Filling up the DagBag from /home/airflow/.local/lib/python3.8/site-packages/airflow/example_dags/example_params_ui_tutorial.py
[2025-08-02T03:02:51.361+0000] {processor.py:840} INFO - DAG(s) 'example_params_ui_tutorial' retrieved from /home/airflow/.local/lib/python3.8/site-packages/airflow/example_dags/example_params_ui_tutorial.py
[2025-08-02T03:02:51.464+0000] {logging_mixin.py:188} INFO - [2025-08-02T03:02:51.463+0000] {dag.py:3047} INFO - Sync 1 DAGs
[2025-08-02T03:02:51.487+0000] {logging_mixin.py:188} INFO - [2025-08-02T03:02:51.487+0000] {dag.py:3834} INFO - Setting next_dagrun for example_params_ui_tutorial to None, run_after=None
[2025-08-02T03:02:51.558+0000] {processor.py:183} INFO - Processing /home/airflow/.local/lib/python3.8/site-packages/airflow/example_dags/example_params_ui_tutorial.py took 0.278 seconds
[2025-08-02T03:03:22.273+0000] {processor.py:161} INFO - Started process (PID=798) to work on /home/airflow/.local/lib/python3.8/site-packages/airflow/example_dags/example_params_ui_tutorial.py
[2025-08-02T03:03:22.275+0000] {processor.py:830} INFO - Processing file /home/airflow/.local/lib/python3.8/site-packages/airflow/example_dags/example_params_ui_tutorial.py for tasks to queue
[2025-08-02T03:03:22.276+0000] {logging_mixin.py:188} INFO - [2025-08-02T03:03:22.276+0000] {dagbag.py:540} INFO - Filling up the DagBag from /home/airflow/.local/lib/python3.8/site-packages/airflow/example_dags/example_params_ui_tutorial.py
[2025-08-02T03:03:22.287+0000] {processor.py:840} INFO - DAG(s) 'example_params_ui_tutorial' retrieved from /home/airflow/.local/lib/python3.8/site-packages/airflow/example_dags/example_params_ui_tutorial.py
[2025-08-02T03:03:22.334+0000] {logging_mixin.py:188} INFO - [2025-08-02T03:03:22.334+0000] {dag.py:3047} INFO - Sync 1 DAGs
[2025-08-02T03:03:22.342+0000] {logging_mixin.py:188} INFO - [2025-08-02T03:03:22.342+0000] {dag.py:3834} INFO - Setting next_dagrun for example_params_ui_tutorial to None, run_after=None
[2025-08-02T03:03:22.352+0000] {processor.py:183} INFO - Processing /home/airflow/.local/lib/python3.8/site-packages/airflow/example_dags/example_params_ui_tutorial.py took 0.082 seconds
[2025-08-02T03:03:52.847+0000] {processor.py:161} INFO - Started process (PID=854) to work on /home/airflow/.local/lib/python3.8/site-packages/airflow/example_dags/example_params_ui_tutorial.py
[2025-08-02T03:03:52.848+0000] {processor.py:830} INFO - Processing file /home/airflow/.local/lib/python3.8/site-packages/airflow/example_dags/example_params_ui_tutorial.py for tasks to queue
[2025-08-02T03:03:52.849+0000] {logging_mixin.py:188} INFO - [2025-08-02T03:03:52.849+0000] {dagbag.py:540} INFO - Filling up the DagBag from /home/airflow/.local/lib/python3.8/site-packages/airflow/example_dags/example_params_ui_tutorial.py
[2025-08-02T03:03:52.857+0000] {processor.py:840} INFO - DAG(s) 'example_params_ui_tutorial' retrieved from /home/airflow/.local/lib/python3.8/site-packages/airflow/example_dags/example_params_ui_tutorial.py
[2025-08-02T03:03:52.889+0000] {logging_mixin.py:188} INFO - [2025-08-02T03:03:52.888+0000] {dag.py:3047} INFO - Sync 1 DAGs
[2025-08-02T03:03:52.895+0000] {logging_mixin.py:188} INFO - [2025-08-02T03:03:52.895+0000] {dag.py:3834} INFO - Setting next_dagrun for example_params_ui_tutorial to None, run_after=None
[2025-08-02T03:03:52.905+0000] {processor.py:183} INFO - Processing /home/airflow/.local/lib/python3.8/site-packages/airflow/example_dags/example_params_ui_tutorial.py took 0.060 seconds
[2025-08-02T03:04:23.994+0000] {processor.py:161} INFO - Started process (PID=910) to work on /home/airflow/.local/lib/python3.8/site-packages/airflow/example_dags/example_params_ui_tutorial.py
[2025-08-02T03:04:23.995+0000] {processor.py:830} INFO - Processing file /home/airflow/.local/lib/python3.8/site-packages/airflow/example_dags/example_params_ui_tutorial.py for tasks to queue
[2025-08-02T03:04:23.997+0000] {logging_mixin.py:188} INFO - [2025-08-02T03:04:23.997+0000] {dagbag.py:540} INFO - Filling up the DagBag from /home/airflow/.local/lib/python3.8/site-packages/airflow/example_dags/example_params_ui_tutorial.py
[2025-08-02T03:04:24.006+0000] {processor.py:840} INFO - DAG(s) 'example_params_ui_tutorial' retrieved from /home/airflow/.local/lib/python3.8/site-packages/airflow/example_dags/example_params_ui_tutorial.py
[2025-08-02T03:04:24.057+0000] {logging_mixin.py:188} INFO - [2025-08-02T03:04:24.057+0000] {dag.py:3047} INFO - Sync 1 DAGs
[2025-08-02T03:04:24.065+0000] {logging_mixin.py:188} INFO - [2025-08-02T03:04:24.065+0000] {dag.py:3834} INFO - Setting next_dagrun for example_params_ui_tutorial to None, run_after=None
[2025-08-02T03:04:24.075+0000] {processor.py:183} INFO - Processing /home/airflow/.local/lib/python3.8/site-packages/airflow/example_dags/example_params_ui_tutorial.py took 0.083 seconds
[2025-08-02T03:04:54.781+0000] {processor.py:161} INFO - Started process (PID=967) to work on /home/airflow/.local/lib/python3.8/site-packages/airflow/example_dags/example_params_ui_tutorial.py
[2025-08-02T03:04:54.782+0000] {processor.py:830} INFO - Processing file /home/airflow/.local/lib/python3.8/site-packages/airflow/example_dags/example_params_ui_tutorial.py for tasks to queue
[2025-08-02T03:04:54.783+0000] {logging_mixin.py:188} INFO - [2025-08-02T03:04:54.783+0000] {dagbag.py:540} INFO - Filling up the DagBag from /home/airflow/.local/lib/python3.8/site-packages/airflow/example_dags/example_params_ui_tutorial.py
[2025-08-02T03:04:54.792+0000] {processor.py:840} INFO - DAG(s) 'example_params_ui_tutorial' retrieved from /home/airflow/.local/lib/python3.8/site-packages/airflow/example_dags/example_params_ui_tutorial.py
[2025-08-02T03:04:54.822+0000] {logging_mixin.py:188} INFO - [2025-08-02T03:04:54.822+0000] {dag.py:3047} INFO - Sync 1 DAGs
[2025-08-02T03:04:54.829+0000] {logging_mixin.py:188} INFO - [2025-08-02T03:04:54.828+0000] {dag.py:3834} INFO - Setting next_dagrun for example_params_ui_tutorial to None, run_after=None
[2025-08-02T03:04:54.840+0000] {processor.py:183} INFO - Processing /home/airflow/.local/lib/python3.8/site-packages/airflow/example_dags/example_params_ui_tutorial.py took 0.062 seconds
[2025-08-02T03:05:26.149+0000] {processor.py:161} INFO - Started process (PID=1023) to work on /home/airflow/.local/lib/python3.8/site-packages/airflow/example_dags/example_params_ui_tutorial.py
[2025-08-02T03:05:26.156+0000] {processor.py:830} INFO - Processing file /home/airflow/.local/lib/python3.8/site-packages/airflow/example_dags/example_params_ui_tutorial.py for tasks to queue
[2025-08-02T03:05:26.161+0000] {logging_mixin.py:188} INFO - [2025-08-02T03:05:26.160+0000] {dagbag.py:540} INFO - Filling up the DagBag from /home/airflow/.local/lib/python3.8/site-packages/airflow/example_dags/example_params_ui_tutorial.py
[2025-08-02T03:05:26.280+0000] {processor.py:840} INFO - DAG(s) 'example_params_ui_tutorial' retrieved from /home/airflow/.local/lib/python3.8/site-packages/airflow/example_dags/example_params_ui_tutorial.py
[2025-08-02T03:05:26.540+0000] {logging_mixin.py:188} INFO - [2025-08-02T03:05:26.523+0000] {dag.py:3047} INFO - Sync 1 DAGs
[2025-08-02T03:05:26.722+0000] {logging_mixin.py:188} INFO - [2025-08-02T03:05:26.719+0000] {dag.py:3834} INFO - Setting next_dagrun for example_params_ui_tutorial to None, run_after=None
[2025-08-02T03:05:26.794+0000] {processor.py:183} INFO - Processing /home/airflow/.local/lib/python3.8/site-packages/airflow/example_dags/example_params_ui_tutorial.py took 0.674 seconds
[2025-08-02T03:05:57.603+0000] {processor.py:161} INFO - Started process (PID=1079) to work on /home/airflow/.local/lib/python3.8/site-packages/airflow/example_dags/example_params_ui_tutorial.py
[2025-08-02T03:05:57.606+0000] {processor.py:830} INFO - Processing file /home/airflow/.local/lib/python3.8/site-packages/airflow/example_dags/example_params_ui_tutorial.py for tasks to queue
[2025-08-02T03:05:57.609+0000] {logging_mixin.py:188} INFO - [2025-08-02T03:05:57.609+0000] {dagbag.py:540} INFO - Filling up the DagBag from /home/airflow/.local/lib/python3.8/site-packages/airflow/example_dags/example_params_ui_tutorial.py
[2025-08-02T03:05:57.639+0000] {processor.py:840} INFO - DAG(s) 'example_params_ui_tutorial' retrieved from /home/airflow/.local/lib/python3.8/site-packages/airflow/example_dags/example_params_ui_tutorial.py
[2025-08-02T03:05:57.688+0000] {logging_mixin.py:188} INFO - [2025-08-02T03:05:57.687+0000] {dag.py:3047} INFO - Sync 1 DAGs
[2025-08-02T03:05:57.697+0000] {logging_mixin.py:188} INFO - [2025-08-02T03:05:57.697+0000] {dag.py:3834} INFO - Setting next_dagrun for example_params_ui_tutorial to None, run_after=None
[2025-08-02T03:05:57.709+0000] {processor.py:183} INFO - Processing /home/airflow/.local/lib/python3.8/site-packages/airflow/example_dags/example_params_ui_tutorial.py took 0.112 seconds
[2025-08-02T03:06:35.559+0000] {processor.py:161} INFO - Started process (PID=1135) to work on /home/airflow/.local/lib/python3.8/site-packages/airflow/example_dags/example_params_ui_tutorial.py
[2025-08-02T03:06:35.560+0000] {processor.py:830} INFO - Processing file /home/airflow/.local/lib/python3.8/site-packages/airflow/example_dags/example_params_ui_tutorial.py for tasks to queue
[2025-08-02T03:06:35.564+0000] {logging_mixin.py:188} INFO - [2025-08-02T03:06:35.563+0000] {dagbag.py:540} INFO - Filling up the DagBag from /home/airflow/.local/lib/python3.8/site-packages/airflow/example_dags/example_params_ui_tutorial.py
[2025-08-02T03:06:35.590+0000] {processor.py:840} INFO - DAG(s) 'example_params_ui_tutorial' retrieved from /home/airflow/.local/lib/python3.8/site-packages/airflow/example_dags/example_params_ui_tutorial.py
[2025-08-02T03:06:35.694+0000] {logging_mixin.py:188} INFO - [2025-08-02T03:06:35.694+0000] {dag.py:3047} INFO - Sync 1 DAGs
[2025-08-02T03:06:35.756+0000] {logging_mixin.py:188} INFO - [2025-08-02T03:06:35.755+0000] {dag.py:3834} INFO - Setting next_dagrun for example_params_ui_tutorial to None, run_after=None
[2025-08-02T03:06:35.853+0000] {processor.py:183} INFO - Processing /home/airflow/.local/lib/python3.8/site-packages/airflow/example_dags/example_params_ui_tutorial.py took 0.301 seconds
[2025-08-02T03:07:08.011+0000] {processor.py:161} INFO - Started process (PID=1192) to work on /home/airflow/.local/lib/python3.8/site-packages/airflow/example_dags/example_params_ui_tutorial.py
[2025-08-02T03:07:08.014+0000] {processor.py:830} INFO - Processing file /home/airflow/.local/lib/python3.8/site-packages/airflow/example_dags/example_params_ui_tutorial.py for tasks to queue
[2025-08-02T03:07:08.015+0000] {logging_mixin.py:188} INFO - [2025-08-02T03:07:08.015+0000] {dagbag.py:540} INFO - Filling up the DagBag from /home/airflow/.local/lib/python3.8/site-packages/airflow/example_dags/example_params_ui_tutorial.py
[2025-08-02T03:07:08.040+0000] {processor.py:840} INFO - DAG(s) 'example_params_ui_tutorial' retrieved from /home/airflow/.local/lib/python3.8/site-packages/airflow/example_dags/example_params_ui_tutorial.py
[2025-08-02T03:07:08.178+0000] {logging_mixin.py:188} INFO - [2025-08-02T03:07:08.177+0000] {dag.py:3047} INFO - Sync 1 DAGs
[2025-08-02T03:07:08.379+0000] {logging_mixin.py:188} INFO - [2025-08-02T03:07:08.375+0000] {dag.py:3834} INFO - Setting next_dagrun for example_params_ui_tutorial to None, run_after=None
[2025-08-02T03:07:08.582+0000] {processor.py:183} INFO - Processing /home/airflow/.local/lib/python3.8/site-packages/airflow/example_dags/example_params_ui_tutorial.py took 0.572 seconds
[2025-08-02T03:07:38.939+0000] {processor.py:161} INFO - Started process (PID=1248) to work on /home/airflow/.local/lib/python3.8/site-packages/airflow/example_dags/example_params_ui_tutorial.py
[2025-08-02T03:07:38.944+0000] {processor.py:830} INFO - Processing file /home/airflow/.local/lib/python3.8/site-packages/airflow/example_dags/example_params_ui_tutorial.py for tasks to queue
[2025-08-02T03:07:38.952+0000] {logging_mixin.py:188} INFO - [2025-08-02T03:07:38.951+0000] {dagbag.py:540} INFO - Filling up the DagBag from /home/airflow/.local/lib/python3.8/site-packages/airflow/example_dags/example_params_ui_tutorial.py
[2025-08-02T03:07:38.977+0000] {processor.py:840} INFO - DAG(s) 'example_params_ui_tutorial' retrieved from /home/airflow/.local/lib/python3.8/site-packages/airflow/example_dags/example_params_ui_tutorial.py
[2025-08-02T03:07:39.045+0000] {logging_mixin.py:188} INFO - [2025-08-02T03:07:39.045+0000] {dag.py:3047} INFO - Sync 1 DAGs
[2025-08-02T03:07:39.060+0000] {logging_mixin.py:188} INFO - [2025-08-02T03:07:39.059+0000] {dag.py:3834} INFO - Setting next_dagrun for example_params_ui_tutorial to None, run_after=None
[2025-08-02T03:07:39.080+0000] {processor.py:183} INFO - Processing /home/airflow/.local/lib/python3.8/site-packages/airflow/example_dags/example_params_ui_tutorial.py took 0.147 seconds
[2025-08-02T03:09:01.326+0000] {processor.py:161} INFO - Started process (PID=80) to work on /home/airflow/.local/lib/python3.8/site-packages/airflow/example_dags/example_params_ui_tutorial.py
[2025-08-02T03:09:01.329+0000] {processor.py:830} INFO - Processing file /home/airflow/.local/lib/python3.8/site-packages/airflow/example_dags/example_params_ui_tutorial.py for tasks to queue
[2025-08-02T03:09:01.333+0000] {logging_mixin.py:188} INFO - [2025-08-02T03:09:01.332+0000] {dagbag.py:540} INFO - Filling up the DagBag from /home/airflow/.local/lib/python3.8/site-packages/airflow/example_dags/example_params_ui_tutorial.py
[2025-08-02T03:09:01.373+0000] {processor.py:840} INFO - DAG(s) 'example_params_ui_tutorial' retrieved from /home/airflow/.local/lib/python3.8/site-packages/airflow/example_dags/example_params_ui_tutorial.py
[2025-08-02T03:09:01.636+0000] {logging_mixin.py:188} INFO - [2025-08-02T03:09:01.636+0000] {dag.py:3047} INFO - Sync 1 DAGs
[2025-08-02T03:09:01.671+0000] {logging_mixin.py:188} INFO - [2025-08-02T03:09:01.671+0000] {dag.py:3834} INFO - Setting next_dagrun for example_params_ui_tutorial to None, run_after=None
[2025-08-02T03:09:01.696+0000] {processor.py:183} INFO - Processing /home/airflow/.local/lib/python3.8/site-packages/airflow/example_dags/example_params_ui_tutorial.py took 0.382 seconds
[2025-08-02T03:09:31.796+0000] {processor.py:161} INFO - Started process (PID=136) to work on /home/airflow/.local/lib/python3.8/site-packages/airflow/example_dags/example_params_ui_tutorial.py
[2025-08-02T03:09:31.798+0000] {processor.py:830} INFO - Processing file /home/airflow/.local/lib/python3.8/site-packages/airflow/example_dags/example_params_ui_tutorial.py for tasks to queue
[2025-08-02T03:09:31.802+0000] {logging_mixin.py:188} INFO - [2025-08-02T03:09:31.801+0000] {dagbag.py:540} INFO - Filling up the DagBag from /home/airflow/.local/lib/python3.8/site-packages/airflow/example_dags/example_params_ui_tutorial.py
[2025-08-02T03:09:31.826+0000] {processor.py:840} INFO - DAG(s) 'example_params_ui_tutorial' retrieved from /home/airflow/.local/lib/python3.8/site-packages/airflow/example_dags/example_params_ui_tutorial.py
[2025-08-02T03:09:31.918+0000] {logging_mixin.py:188} INFO - [2025-08-02T03:09:31.917+0000] {dag.py:3047} INFO - Sync 1 DAGs
[2025-08-02T03:09:31.940+0000] {logging_mixin.py:188} INFO - [2025-08-02T03:09:31.940+0000] {dag.py:3834} INFO - Setting next_dagrun for example_params_ui_tutorial to None, run_after=None
[2025-08-02T03:09:31.966+0000] {processor.py:183} INFO - Processing /home/airflow/.local/lib/python3.8/site-packages/airflow/example_dags/example_params_ui_tutorial.py took 0.181 seconds
[2025-08-02T03:10:05.294+0000] {processor.py:161} INFO - Started process (PID=191) to work on /home/airflow/.local/lib/python3.8/site-packages/airflow/example_dags/example_params_ui_tutorial.py
[2025-08-02T03:10:05.299+0000] {processor.py:830} INFO - Processing file /home/airflow/.local/lib/python3.8/site-packages/airflow/example_dags/example_params_ui_tutorial.py for tasks to queue
[2025-08-02T03:10:05.302+0000] {logging_mixin.py:188} INFO - [2025-08-02T03:10:05.301+0000] {dagbag.py:540} INFO - Filling up the DagBag from /home/airflow/.local/lib/python3.8/site-packages/airflow/example_dags/example_params_ui_tutorial.py
[2025-08-02T03:10:05.355+0000] {processor.py:840} INFO - DAG(s) 'example_params_ui_tutorial' retrieved from /home/airflow/.local/lib/python3.8/site-packages/airflow/example_dags/example_params_ui_tutorial.py
[2025-08-02T03:10:05.457+0000] {logging_mixin.py:188} INFO - [2025-08-02T03:10:05.456+0000] {dag.py:3047} INFO - Sync 1 DAGs
[2025-08-02T03:10:05.486+0000] {logging_mixin.py:188} INFO - [2025-08-02T03:10:05.485+0000] {dag.py:3834} INFO - Setting next_dagrun for example_params_ui_tutorial to None, run_after=None
[2025-08-02T03:10:05.555+0000] {processor.py:183} INFO - Processing /home/airflow/.local/lib/python3.8/site-packages/airflow/example_dags/example_params_ui_tutorial.py took 0.265 seconds
[2025-08-02T03:10:35.723+0000] {processor.py:161} INFO - Started process (PID=247) to work on /home/airflow/.local/lib/python3.8/site-packages/airflow/example_dags/example_params_ui_tutorial.py
[2025-08-02T03:10:35.725+0000] {processor.py:830} INFO - Processing file /home/airflow/.local/lib/python3.8/site-packages/airflow/example_dags/example_params_ui_tutorial.py for tasks to queue
[2025-08-02T03:10:35.726+0000] {logging_mixin.py:188} INFO - [2025-08-02T03:10:35.726+0000] {dagbag.py:540} INFO - Filling up the DagBag from /home/airflow/.local/lib/python3.8/site-packages/airflow/example_dags/example_params_ui_tutorial.py
[2025-08-02T03:10:35.743+0000] {processor.py:840} INFO - DAG(s) 'example_params_ui_tutorial' retrieved from /home/airflow/.local/lib/python3.8/site-packages/airflow/example_dags/example_params_ui_tutorial.py
[2025-08-02T03:10:35.960+0000] {logging_mixin.py:188} INFO - [2025-08-02T03:10:35.958+0000] {dag.py:3047} INFO - Sync 1 DAGs
[2025-08-02T03:10:36.057+0000] {logging_mixin.py:188} INFO - [2025-08-02T03:10:36.056+0000] {dag.py:3834} INFO - Setting next_dagrun for example_params_ui_tutorial to None, run_after=None
[2025-08-02T03:10:36.127+0000] {processor.py:183} INFO - Processing /home/airflow/.local/lib/python3.8/site-packages/airflow/example_dags/example_params_ui_tutorial.py took 0.407 seconds
[2025-08-02T03:11:07.203+0000] {processor.py:161} INFO - Started process (PID=303) to work on /home/airflow/.local/lib/python3.8/site-packages/airflow/example_dags/example_params_ui_tutorial.py
[2025-08-02T03:11:07.206+0000] {processor.py:830} INFO - Processing file /home/airflow/.local/lib/python3.8/site-packages/airflow/example_dags/example_params_ui_tutorial.py for tasks to queue
[2025-08-02T03:11:07.210+0000] {logging_mixin.py:188} INFO - [2025-08-02T03:11:07.209+0000] {dagbag.py:540} INFO - Filling up the DagBag from /home/airflow/.local/lib/python3.8/site-packages/airflow/example_dags/example_params_ui_tutorial.py
[2025-08-02T03:11:07.253+0000] {processor.py:840} INFO - DAG(s) 'example_params_ui_tutorial' retrieved from /home/airflow/.local/lib/python3.8/site-packages/airflow/example_dags/example_params_ui_tutorial.py
[2025-08-02T03:11:07.397+0000] {logging_mixin.py:188} INFO - [2025-08-02T03:11:07.397+0000] {dag.py:3047} INFO - Sync 1 DAGs
[2025-08-02T03:11:07.594+0000] {logging_mixin.py:188} INFO - [2025-08-02T03:11:07.593+0000] {dag.py:3834} INFO - Setting next_dagrun for example_params_ui_tutorial to None, run_after=None
[2025-08-02T03:11:07.658+0000] {processor.py:183} INFO - Processing /home/airflow/.local/lib/python3.8/site-packages/airflow/example_dags/example_params_ui_tutorial.py took 0.461 seconds
[2025-08-02T03:11:37.793+0000] {processor.py:161} INFO - Started process (PID=359) to work on /home/airflow/.local/lib/python3.8/site-packages/airflow/example_dags/example_params_ui_tutorial.py
[2025-08-02T03:11:37.795+0000] {processor.py:830} INFO - Processing file /home/airflow/.local/lib/python3.8/site-packages/airflow/example_dags/example_params_ui_tutorial.py for tasks to queue
[2025-08-02T03:11:37.800+0000] {logging_mixin.py:188} INFO - [2025-08-02T03:11:37.800+0000] {dagbag.py:540} INFO - Filling up the DagBag from /home/airflow/.local/lib/python3.8/site-packages/airflow/example_dags/example_params_ui_tutorial.py
[2025-08-02T03:11:37.826+0000] {processor.py:840} INFO - DAG(s) 'example_params_ui_tutorial' retrieved from /home/airflow/.local/lib/python3.8/site-packages/airflow/example_dags/example_params_ui_tutorial.py
[2025-08-02T03:11:37.895+0000] {logging_mixin.py:188} INFO - [2025-08-02T03:11:37.894+0000] {dag.py:3047} INFO - Sync 1 DAGs
[2025-08-02T03:11:37.907+0000] {logging_mixin.py:188} INFO - [2025-08-02T03:11:37.907+0000] {dag.py:3834} INFO - Setting next_dagrun for example_params_ui_tutorial to None, run_after=None
[2025-08-02T03:11:37.924+0000] {processor.py:183} INFO - Processing /home/airflow/.local/lib/python3.8/site-packages/airflow/example_dags/example_params_ui_tutorial.py took 0.146 seconds
[2025-08-02T03:12:08.072+0000] {processor.py:161} INFO - Started process (PID=415) to work on /home/airflow/.local/lib/python3.8/site-packages/airflow/example_dags/example_params_ui_tutorial.py
[2025-08-02T03:12:08.075+0000] {processor.py:830} INFO - Processing file /home/airflow/.local/lib/python3.8/site-packages/airflow/example_dags/example_params_ui_tutorial.py for tasks to queue
[2025-08-02T03:12:08.080+0000] {logging_mixin.py:188} INFO - [2025-08-02T03:12:08.080+0000] {dagbag.py:540} INFO - Filling up the DagBag from /home/airflow/.local/lib/python3.8/site-packages/airflow/example_dags/example_params_ui_tutorial.py
[2025-08-02T03:12:08.116+0000] {processor.py:840} INFO - DAG(s) 'example_params_ui_tutorial' retrieved from /home/airflow/.local/lib/python3.8/site-packages/airflow/example_dags/example_params_ui_tutorial.py
[2025-08-02T03:12:08.328+0000] {logging_mixin.py:188} INFO - [2025-08-02T03:12:08.328+0000] {dag.py:3047} INFO - Sync 1 DAGs
[2025-08-02T03:12:08.342+0000] {logging_mixin.py:188} INFO - [2025-08-02T03:12:08.341+0000] {dag.py:3834} INFO - Setting next_dagrun for example_params_ui_tutorial to None, run_after=None
[2025-08-02T03:12:08.369+0000] {processor.py:183} INFO - Processing /home/airflow/.local/lib/python3.8/site-packages/airflow/example_dags/example_params_ui_tutorial.py took 0.305 seconds
[2025-08-02T03:12:39.422+0000] {processor.py:161} INFO - Started process (PID=471) to work on /home/airflow/.local/lib/python3.8/site-packages/airflow/example_dags/example_params_ui_tutorial.py
[2025-08-02T03:12:39.430+0000] {processor.py:830} INFO - Processing file /home/airflow/.local/lib/python3.8/site-packages/airflow/example_dags/example_params_ui_tutorial.py for tasks to queue
[2025-08-02T03:12:39.440+0000] {logging_mixin.py:188} INFO - [2025-08-02T03:12:39.439+0000] {dagbag.py:540} INFO - Filling up the DagBag from /home/airflow/.local/lib/python3.8/site-packages/airflow/example_dags/example_params_ui_tutorial.py
[2025-08-02T03:12:39.467+0000] {processor.py:840} INFO - DAG(s) 'example_params_ui_tutorial' retrieved from /home/airflow/.local/lib/python3.8/site-packages/airflow/example_dags/example_params_ui_tutorial.py
[2025-08-02T03:12:39.548+0000] {logging_mixin.py:188} INFO - [2025-08-02T03:12:39.548+0000] {dag.py:3047} INFO - Sync 1 DAGs
[2025-08-02T03:12:39.565+0000] {logging_mixin.py:188} INFO - [2025-08-02T03:12:39.565+0000] {dag.py:3834} INFO - Setting next_dagrun for example_params_ui_tutorial to None, run_after=None
[2025-08-02T03:12:39.587+0000] {processor.py:183} INFO - Processing /home/airflow/.local/lib/python3.8/site-packages/airflow/example_dags/example_params_ui_tutorial.py took 0.195 seconds
[2025-08-02T03:13:10.561+0000] {processor.py:161} INFO - Started process (PID=527) to work on /home/airflow/.local/lib/python3.8/site-packages/airflow/example_dags/example_params_ui_tutorial.py
[2025-08-02T03:13:10.563+0000] {processor.py:830} INFO - Processing file /home/airflow/.local/lib/python3.8/site-packages/airflow/example_dags/example_params_ui_tutorial.py for tasks to queue
[2025-08-02T03:13:10.568+0000] {logging_mixin.py:188} INFO - [2025-08-02T03:13:10.567+0000] {dagbag.py:540} INFO - Filling up the DagBag from /home/airflow/.local/lib/python3.8/site-packages/airflow/example_dags/example_params_ui_tutorial.py
[2025-08-02T03:13:10.609+0000] {processor.py:840} INFO - DAG(s) 'example_params_ui_tutorial' retrieved from /home/airflow/.local/lib/python3.8/site-packages/airflow/example_dags/example_params_ui_tutorial.py
[2025-08-02T03:13:10.682+0000] {logging_mixin.py:188} INFO - [2025-08-02T03:13:10.682+0000] {dag.py:3047} INFO - Sync 1 DAGs
[2025-08-02T03:13:10.702+0000] {logging_mixin.py:188} INFO - [2025-08-02T03:13:10.702+0000] {dag.py:3834} INFO - Setting next_dagrun for example_params_ui_tutorial to None, run_after=None
[2025-08-02T03:13:10.717+0000] {processor.py:183} INFO - Processing /home/airflow/.local/lib/python3.8/site-packages/airflow/example_dags/example_params_ui_tutorial.py took 0.164 seconds
[2025-08-02T03:13:41.056+0000] {processor.py:161} INFO - Started process (PID=583) to work on /home/airflow/.local/lib/python3.8/site-packages/airflow/example_dags/example_params_ui_tutorial.py
[2025-08-02T03:13:41.059+0000] {processor.py:830} INFO - Processing file /home/airflow/.local/lib/python3.8/site-packages/airflow/example_dags/example_params_ui_tutorial.py for tasks to queue
[2025-08-02T03:13:41.078+0000] {logging_mixin.py:188} INFO - [2025-08-02T03:13:41.078+0000] {dagbag.py:540} INFO - Filling up the DagBag from /home/airflow/.local/lib/python3.8/site-packages/airflow/example_dags/example_params_ui_tutorial.py
[2025-08-02T03:13:41.104+0000] {processor.py:840} INFO - DAG(s) 'example_params_ui_tutorial' retrieved from /home/airflow/.local/lib/python3.8/site-packages/airflow/example_dags/example_params_ui_tutorial.py
[2025-08-02T03:13:41.228+0000] {logging_mixin.py:188} INFO - [2025-08-02T03:13:41.228+0000] {dag.py:3047} INFO - Sync 1 DAGs
[2025-08-02T03:13:41.250+0000] {logging_mixin.py:188} INFO - [2025-08-02T03:13:41.249+0000] {dag.py:3834} INFO - Setting next_dagrun for example_params_ui_tutorial to None, run_after=None
[2025-08-02T03:13:41.286+0000] {processor.py:183} INFO - Processing /home/airflow/.local/lib/python3.8/site-packages/airflow/example_dags/example_params_ui_tutorial.py took 0.239 seconds
[2025-08-02T03:14:11.357+0000] {processor.py:161} INFO - Started process (PID=639) to work on /home/airflow/.local/lib/python3.8/site-packages/airflow/example_dags/example_params_ui_tutorial.py
[2025-08-02T03:14:11.362+0000] {processor.py:830} INFO - Processing file /home/airflow/.local/lib/python3.8/site-packages/airflow/example_dags/example_params_ui_tutorial.py for tasks to queue
[2025-08-02T03:14:11.374+0000] {logging_mixin.py:188} INFO - [2025-08-02T03:14:11.374+0000] {dagbag.py:540} INFO - Filling up the DagBag from /home/airflow/.local/lib/python3.8/site-packages/airflow/example_dags/example_params_ui_tutorial.py
[2025-08-02T03:14:11.399+0000] {processor.py:840} INFO - DAG(s) 'example_params_ui_tutorial' retrieved from /home/airflow/.local/lib/python3.8/site-packages/airflow/example_dags/example_params_ui_tutorial.py
[2025-08-02T03:14:11.465+0000] {logging_mixin.py:188} INFO - [2025-08-02T03:14:11.465+0000] {dag.py:3047} INFO - Sync 1 DAGs
[2025-08-02T03:14:11.481+0000] {logging_mixin.py:188} INFO - [2025-08-02T03:14:11.481+0000] {dag.py:3834} INFO - Setting next_dagrun for example_params_ui_tutorial to None, run_after=None
[2025-08-02T03:14:11.500+0000] {processor.py:183} INFO - Processing /home/airflow/.local/lib/python3.8/site-packages/airflow/example_dags/example_params_ui_tutorial.py took 0.154 seconds
[2025-08-02T03:14:41.947+0000] {processor.py:161} INFO - Started process (PID=695) to work on /home/airflow/.local/lib/python3.8/site-packages/airflow/example_dags/example_params_ui_tutorial.py
[2025-08-02T03:14:41.948+0000] {processor.py:830} INFO - Processing file /home/airflow/.local/lib/python3.8/site-packages/airflow/example_dags/example_params_ui_tutorial.py for tasks to queue
[2025-08-02T03:14:41.950+0000] {logging_mixin.py:188} INFO - [2025-08-02T03:14:41.949+0000] {dagbag.py:540} INFO - Filling up the DagBag from /home/airflow/.local/lib/python3.8/site-packages/airflow/example_dags/example_params_ui_tutorial.py
[2025-08-02T03:14:41.967+0000] {processor.py:840} INFO - DAG(s) 'example_params_ui_tutorial' retrieved from /home/airflow/.local/lib/python3.8/site-packages/airflow/example_dags/example_params_ui_tutorial.py
[2025-08-02T03:14:42.043+0000] {logging_mixin.py:188} INFO - [2025-08-02T03:14:42.042+0000] {dag.py:3047} INFO - Sync 1 DAGs
[2025-08-02T03:14:42.051+0000] {logging_mixin.py:188} INFO - [2025-08-02T03:14:42.051+0000] {dag.py:3834} INFO - Setting next_dagrun for example_params_ui_tutorial to None, run_after=None
[2025-08-02T03:14:42.064+0000] {processor.py:183} INFO - Processing /home/airflow/.local/lib/python3.8/site-packages/airflow/example_dags/example_params_ui_tutorial.py took 0.119 seconds
