[2025-08-02T01:42:45.266+0000] {processor.py:161} INFO - Started process (PID=99) to work on /home/airflow/.local/lib/python3.8/site-packages/airflow/example_dags/example_sensors.py
[2025-08-02T01:42:45.267+0000] {processor.py:830} INFO - Processing file /home/airflow/.local/lib/python3.8/site-packages/airflow/example_dags/example_sensors.py for tasks to queue
[2025-08-02T01:42:45.270+0000] {logging_mixin.py:188} INFO - [2025-08-02T01:42:45.270+0000] {dagbag.py:540} INFO - Filling up the DagBag from /home/airflow/.local/lib/python3.8/site-packages/airflow/example_dags/example_sensors.py
[2025-08-02T01:42:45.279+0000] {processor.py:840} INFO - DAG(s) 'example_sensors' retrieved from /home/airflow/.local/lib/python3.8/site-packages/airflow/example_dags/example_sensors.py
[2025-08-02T01:42:45.367+0000] {logging_mixin.py:188} INFO - [2025-08-02T01:42:45.367+0000] {dag.py:3047} INFO - Sync 1 DAGs
[2025-08-02T01:42:45.378+0000] {logging_mixin.py:188} INFO - [2025-08-02T01:42:45.377+0000] {dag.py:3834} INFO - Setting next_dagrun for example_sensors to None, run_after=None
[2025-08-02T01:42:45.395+0000] {processor.py:183} INFO - Processing /home/airflow/.local/lib/python3.8/site-packages/airflow/example_dags/example_sensors.py took 0.135 seconds
[2025-08-02T01:43:16.399+0000] {processor.py:161} INFO - Started process (PID=155) to work on /home/airflow/.local/lib/python3.8/site-packages/airflow/example_dags/example_sensors.py
[2025-08-02T01:43:16.401+0000] {processor.py:830} INFO - Processing file /home/airflow/.local/lib/python3.8/site-packages/airflow/example_dags/example_sensors.py for tasks to queue
[2025-08-02T01:43:16.403+0000] {logging_mixin.py:188} INFO - [2025-08-02T01:43:16.403+0000] {dagbag.py:540} INFO - Filling up the DagBag from /home/airflow/.local/lib/python3.8/site-packages/airflow/example_dags/example_sensors.py
[2025-08-02T01:43:16.411+0000] {processor.py:840} INFO - DAG(s) 'example_sensors' retrieved from /home/airflow/.local/lib/python3.8/site-packages/airflow/example_dags/example_sensors.py
[2025-08-02T01:43:16.448+0000] {logging_mixin.py:188} INFO - [2025-08-02T01:43:16.447+0000] {dag.py:3047} INFO - Sync 1 DAGs
[2025-08-02T01:43:16.455+0000] {logging_mixin.py:188} INFO - [2025-08-02T01:43:16.455+0000] {dag.py:3834} INFO - Setting next_dagrun for example_sensors to None, run_after=None
[2025-08-02T01:43:16.466+0000] {processor.py:183} INFO - Processing /home/airflow/.local/lib/python3.8/site-packages/airflow/example_dags/example_sensors.py took 0.072 seconds
[2025-08-02T01:43:46.589+0000] {processor.py:161} INFO - Started process (PID=211) to work on /home/airflow/.local/lib/python3.8/site-packages/airflow/example_dags/example_sensors.py
[2025-08-02T01:43:46.590+0000] {processor.py:830} INFO - Processing file /home/airflow/.local/lib/python3.8/site-packages/airflow/example_dags/example_sensors.py for tasks to queue
[2025-08-02T01:43:46.593+0000] {logging_mixin.py:188} INFO - [2025-08-02T01:43:46.593+0000] {dagbag.py:540} INFO - Filling up the DagBag from /home/airflow/.local/lib/python3.8/site-packages/airflow/example_dags/example_sensors.py
[2025-08-02T01:43:46.604+0000] {processor.py:840} INFO - DAG(s) 'example_sensors' retrieved from /home/airflow/.local/lib/python3.8/site-packages/airflow/example_dags/example_sensors.py
[2025-08-02T01:43:46.629+0000] {logging_mixin.py:188} INFO - [2025-08-02T01:43:46.629+0000] {dag.py:3047} INFO - Sync 1 DAGs
[2025-08-02T01:43:46.641+0000] {logging_mixin.py:188} INFO - [2025-08-02T01:43:46.641+0000] {dag.py:3834} INFO - Setting next_dagrun for example_sensors to None, run_after=None
[2025-08-02T01:43:46.676+0000] {processor.py:183} INFO - Processing /home/airflow/.local/lib/python3.8/site-packages/airflow/example_dags/example_sensors.py took 0.090 seconds
[2025-08-02T01:44:17.703+0000] {processor.py:161} INFO - Started process (PID=267) to work on /home/airflow/.local/lib/python3.8/site-packages/airflow/example_dags/example_sensors.py
[2025-08-02T01:44:17.704+0000] {processor.py:830} INFO - Processing file /home/airflow/.local/lib/python3.8/site-packages/airflow/example_dags/example_sensors.py for tasks to queue
[2025-08-02T01:44:17.708+0000] {logging_mixin.py:188} INFO - [2025-08-02T01:44:17.708+0000] {dagbag.py:540} INFO - Filling up the DagBag from /home/airflow/.local/lib/python3.8/site-packages/airflow/example_dags/example_sensors.py
[2025-08-02T01:44:17.719+0000] {processor.py:840} INFO - DAG(s) 'example_sensors' retrieved from /home/airflow/.local/lib/python3.8/site-packages/airflow/example_dags/example_sensors.py
[2025-08-02T01:44:17.764+0000] {logging_mixin.py:188} INFO - [2025-08-02T01:44:17.764+0000] {dag.py:3047} INFO - Sync 1 DAGs
[2025-08-02T01:44:17.777+0000] {logging_mixin.py:188} INFO - [2025-08-02T01:44:17.776+0000] {dag.py:3834} INFO - Setting next_dagrun for example_sensors to None, run_after=None
[2025-08-02T01:44:17.804+0000] {processor.py:183} INFO - Processing /home/airflow/.local/lib/python3.8/site-packages/airflow/example_dags/example_sensors.py took 0.104 seconds
[2025-08-02T01:44:48.666+0000] {processor.py:161} INFO - Started process (PID=323) to work on /home/airflow/.local/lib/python3.8/site-packages/airflow/example_dags/example_sensors.py
[2025-08-02T01:44:48.668+0000] {processor.py:830} INFO - Processing file /home/airflow/.local/lib/python3.8/site-packages/airflow/example_dags/example_sensors.py for tasks to queue
[2025-08-02T01:44:48.670+0000] {logging_mixin.py:188} INFO - [2025-08-02T01:44:48.669+0000] {dagbag.py:540} INFO - Filling up the DagBag from /home/airflow/.local/lib/python3.8/site-packages/airflow/example_dags/example_sensors.py
[2025-08-02T01:44:48.678+0000] {processor.py:840} INFO - DAG(s) 'example_sensors' retrieved from /home/airflow/.local/lib/python3.8/site-packages/airflow/example_dags/example_sensors.py
[2025-08-02T01:44:48.710+0000] {logging_mixin.py:188} INFO - [2025-08-02T01:44:48.710+0000] {dag.py:3047} INFO - Sync 1 DAGs
[2025-08-02T01:44:48.720+0000] {logging_mixin.py:188} INFO - [2025-08-02T01:44:48.719+0000] {dag.py:3834} INFO - Setting next_dagrun for example_sensors to None, run_after=None
[2025-08-02T01:44:48.739+0000] {processor.py:183} INFO - Processing /home/airflow/.local/lib/python3.8/site-packages/airflow/example_dags/example_sensors.py took 0.078 seconds
[2025-08-02T01:45:19.725+0000] {processor.py:161} INFO - Started process (PID=379) to work on /home/airflow/.local/lib/python3.8/site-packages/airflow/example_dags/example_sensors.py
[2025-08-02T01:45:19.734+0000] {processor.py:830} INFO - Processing file /home/airflow/.local/lib/python3.8/site-packages/airflow/example_dags/example_sensors.py for tasks to queue
[2025-08-02T01:45:19.751+0000] {logging_mixin.py:188} INFO - [2025-08-02T01:45:19.750+0000] {dagbag.py:540} INFO - Filling up the DagBag from /home/airflow/.local/lib/python3.8/site-packages/airflow/example_dags/example_sensors.py
[2025-08-02T01:45:19.762+0000] {processor.py:840} INFO - DAG(s) 'example_sensors' retrieved from /home/airflow/.local/lib/python3.8/site-packages/airflow/example_dags/example_sensors.py
[2025-08-02T01:45:19.789+0000] {logging_mixin.py:188} INFO - [2025-08-02T01:45:19.789+0000] {dag.py:3047} INFO - Sync 1 DAGs
[2025-08-02T01:45:19.803+0000] {logging_mixin.py:188} INFO - [2025-08-02T01:45:19.803+0000] {dag.py:3834} INFO - Setting next_dagrun for example_sensors to None, run_after=None
[2025-08-02T01:45:19.817+0000] {processor.py:183} INFO - Processing /home/airflow/.local/lib/python3.8/site-packages/airflow/example_dags/example_sensors.py took 0.110 seconds
[2025-08-02T01:45:50.242+0000] {processor.py:161} INFO - Started process (PID=435) to work on /home/airflow/.local/lib/python3.8/site-packages/airflow/example_dags/example_sensors.py
[2025-08-02T01:45:50.243+0000] {processor.py:830} INFO - Processing file /home/airflow/.local/lib/python3.8/site-packages/airflow/example_dags/example_sensors.py for tasks to queue
[2025-08-02T01:45:50.244+0000] {logging_mixin.py:188} INFO - [2025-08-02T01:45:50.244+0000] {dagbag.py:540} INFO - Filling up the DagBag from /home/airflow/.local/lib/python3.8/site-packages/airflow/example_dags/example_sensors.py
[2025-08-02T01:45:50.250+0000] {processor.py:840} INFO - DAG(s) 'example_sensors' retrieved from /home/airflow/.local/lib/python3.8/site-packages/airflow/example_dags/example_sensors.py
[2025-08-02T01:45:50.264+0000] {logging_mixin.py:188} INFO - [2025-08-02T01:45:50.264+0000] {dag.py:3047} INFO - Sync 1 DAGs
[2025-08-02T01:45:50.272+0000] {logging_mixin.py:188} INFO - [2025-08-02T01:45:50.272+0000] {dag.py:3834} INFO - Setting next_dagrun for example_sensors to None, run_after=None
[2025-08-02T01:45:50.282+0000] {processor.py:183} INFO - Processing /home/airflow/.local/lib/python3.8/site-packages/airflow/example_dags/example_sensors.py took 0.042 seconds
[2025-08-02T01:46:20.973+0000] {processor.py:161} INFO - Started process (PID=492) to work on /home/airflow/.local/lib/python3.8/site-packages/airflow/example_dags/example_sensors.py
[2025-08-02T01:46:20.974+0000] {processor.py:830} INFO - Processing file /home/airflow/.local/lib/python3.8/site-packages/airflow/example_dags/example_sensors.py for tasks to queue
[2025-08-02T01:46:20.976+0000] {logging_mixin.py:188} INFO - [2025-08-02T01:46:20.976+0000] {dagbag.py:540} INFO - Filling up the DagBag from /home/airflow/.local/lib/python3.8/site-packages/airflow/example_dags/example_sensors.py
[2025-08-02T01:46:20.986+0000] {processor.py:840} INFO - DAG(s) 'example_sensors' retrieved from /home/airflow/.local/lib/python3.8/site-packages/airflow/example_dags/example_sensors.py
[2025-08-02T01:46:21.016+0000] {logging_mixin.py:188} INFO - [2025-08-02T01:46:21.015+0000] {dag.py:3047} INFO - Sync 1 DAGs
[2025-08-02T01:46:21.040+0000] {logging_mixin.py:188} INFO - [2025-08-02T01:46:21.040+0000] {dag.py:3834} INFO - Setting next_dagrun for example_sensors to None, run_after=None
[2025-08-02T01:46:21.067+0000] {processor.py:183} INFO - Processing /home/airflow/.local/lib/python3.8/site-packages/airflow/example_dags/example_sensors.py took 0.099 seconds
[2025-08-02T01:46:51.509+0000] {processor.py:161} INFO - Started process (PID=549) to work on /home/airflow/.local/lib/python3.8/site-packages/airflow/example_dags/example_sensors.py
[2025-08-02T01:46:51.509+0000] {processor.py:830} INFO - Processing file /home/airflow/.local/lib/python3.8/site-packages/airflow/example_dags/example_sensors.py for tasks to queue
[2025-08-02T01:46:51.510+0000] {logging_mixin.py:188} INFO - [2025-08-02T01:46:51.510+0000] {dagbag.py:540} INFO - Filling up the DagBag from /home/airflow/.local/lib/python3.8/site-packages/airflow/example_dags/example_sensors.py
[2025-08-02T01:46:51.519+0000] {processor.py:840} INFO - DAG(s) 'example_sensors' retrieved from /home/airflow/.local/lib/python3.8/site-packages/airflow/example_dags/example_sensors.py
[2025-08-02T01:46:51.545+0000] {logging_mixin.py:188} INFO - [2025-08-02T01:46:51.545+0000] {dag.py:3047} INFO - Sync 1 DAGs
[2025-08-02T01:46:51.554+0000] {logging_mixin.py:188} INFO - [2025-08-02T01:46:51.554+0000] {dag.py:3834} INFO - Setting next_dagrun for example_sensors to None, run_after=None
[2025-08-02T01:46:51.566+0000] {processor.py:183} INFO - Processing /home/airflow/.local/lib/python3.8/site-packages/airflow/example_dags/example_sensors.py took 0.061 seconds
[2025-08-02T01:47:22.039+0000] {processor.py:161} INFO - Started process (PID=605) to work on /home/airflow/.local/lib/python3.8/site-packages/airflow/example_dags/example_sensors.py
[2025-08-02T01:47:22.040+0000] {processor.py:830} INFO - Processing file /home/airflow/.local/lib/python3.8/site-packages/airflow/example_dags/example_sensors.py for tasks to queue
[2025-08-02T01:47:22.041+0000] {logging_mixin.py:188} INFO - [2025-08-02T01:47:22.041+0000] {dagbag.py:540} INFO - Filling up the DagBag from /home/airflow/.local/lib/python3.8/site-packages/airflow/example_dags/example_sensors.py
[2025-08-02T01:47:22.046+0000] {processor.py:840} INFO - DAG(s) 'example_sensors' retrieved from /home/airflow/.local/lib/python3.8/site-packages/airflow/example_dags/example_sensors.py
[2025-08-02T01:47:22.072+0000] {logging_mixin.py:188} INFO - [2025-08-02T01:47:22.072+0000] {dag.py:3047} INFO - Sync 1 DAGs
[2025-08-02T01:47:22.080+0000] {logging_mixin.py:188} INFO - [2025-08-02T01:47:22.080+0000] {dag.py:3834} INFO - Setting next_dagrun for example_sensors to None, run_after=None
[2025-08-02T01:47:22.095+0000] {processor.py:183} INFO - Processing /home/airflow/.local/lib/python3.8/site-packages/airflow/example_dags/example_sensors.py took 0.058 seconds
[2025-08-02T01:47:52.945+0000] {processor.py:161} INFO - Started process (PID=661) to work on /home/airflow/.local/lib/python3.8/site-packages/airflow/example_dags/example_sensors.py
[2025-08-02T01:47:52.947+0000] {processor.py:830} INFO - Processing file /home/airflow/.local/lib/python3.8/site-packages/airflow/example_dags/example_sensors.py for tasks to queue
[2025-08-02T01:47:52.948+0000] {logging_mixin.py:188} INFO - [2025-08-02T01:47:52.948+0000] {dagbag.py:540} INFO - Filling up the DagBag from /home/airflow/.local/lib/python3.8/site-packages/airflow/example_dags/example_sensors.py
[2025-08-02T01:47:52.960+0000] {processor.py:840} INFO - DAG(s) 'example_sensors' retrieved from /home/airflow/.local/lib/python3.8/site-packages/airflow/example_dags/example_sensors.py
[2025-08-02T01:47:52.987+0000] {logging_mixin.py:188} INFO - [2025-08-02T01:47:52.987+0000] {dag.py:3047} INFO - Sync 1 DAGs
[2025-08-02T01:47:52.998+0000] {logging_mixin.py:188} INFO - [2025-08-02T01:47:52.998+0000] {dag.py:3834} INFO - Setting next_dagrun for example_sensors to None, run_after=None
[2025-08-02T01:47:53.017+0000] {processor.py:183} INFO - Processing /home/airflow/.local/lib/python3.8/site-packages/airflow/example_dags/example_sensors.py took 0.078 seconds
[2025-08-02T01:48:23.737+0000] {processor.py:161} INFO - Started process (PID=717) to work on /home/airflow/.local/lib/python3.8/site-packages/airflow/example_dags/example_sensors.py
[2025-08-02T01:48:23.738+0000] {processor.py:830} INFO - Processing file /home/airflow/.local/lib/python3.8/site-packages/airflow/example_dags/example_sensors.py for tasks to queue
[2025-08-02T01:48:23.739+0000] {logging_mixin.py:188} INFO - [2025-08-02T01:48:23.739+0000] {dagbag.py:540} INFO - Filling up the DagBag from /home/airflow/.local/lib/python3.8/site-packages/airflow/example_dags/example_sensors.py
[2025-08-02T01:48:23.747+0000] {processor.py:840} INFO - DAG(s) 'example_sensors' retrieved from /home/airflow/.local/lib/python3.8/site-packages/airflow/example_dags/example_sensors.py
[2025-08-02T01:48:23.767+0000] {logging_mixin.py:188} INFO - [2025-08-02T01:48:23.767+0000] {dag.py:3047} INFO - Sync 1 DAGs
[2025-08-02T01:48:23.780+0000] {logging_mixin.py:188} INFO - [2025-08-02T01:48:23.779+0000] {dag.py:3834} INFO - Setting next_dagrun for example_sensors to None, run_after=None
[2025-08-02T01:48:23.798+0000] {processor.py:183} INFO - Processing /home/airflow/.local/lib/python3.8/site-packages/airflow/example_dags/example_sensors.py took 0.067 seconds
[2025-08-02T01:48:54.945+0000] {processor.py:161} INFO - Started process (PID=773) to work on /home/airflow/.local/lib/python3.8/site-packages/airflow/example_dags/example_sensors.py
[2025-08-02T01:48:54.946+0000] {processor.py:830} INFO - Processing file /home/airflow/.local/lib/python3.8/site-packages/airflow/example_dags/example_sensors.py for tasks to queue
[2025-08-02T01:48:54.947+0000] {logging_mixin.py:188} INFO - [2025-08-02T01:48:54.947+0000] {dagbag.py:540} INFO - Filling up the DagBag from /home/airflow/.local/lib/python3.8/site-packages/airflow/example_dags/example_sensors.py
[2025-08-02T01:48:54.952+0000] {processor.py:840} INFO - DAG(s) 'example_sensors' retrieved from /home/airflow/.local/lib/python3.8/site-packages/airflow/example_dags/example_sensors.py
[2025-08-02T01:48:54.968+0000] {logging_mixin.py:188} INFO - [2025-08-02T01:48:54.967+0000] {dag.py:3047} INFO - Sync 1 DAGs
[2025-08-02T01:48:54.974+0000] {logging_mixin.py:188} INFO - [2025-08-02T01:48:54.974+0000] {dag.py:3834} INFO - Setting next_dagrun for example_sensors to None, run_after=None
[2025-08-02T01:48:54.989+0000] {processor.py:183} INFO - Processing /home/airflow/.local/lib/python3.8/site-packages/airflow/example_dags/example_sensors.py took 0.047 seconds
[2025-08-02T01:49:25.767+0000] {processor.py:161} INFO - Started process (PID=829) to work on /home/airflow/.local/lib/python3.8/site-packages/airflow/example_dags/example_sensors.py
[2025-08-02T01:49:25.771+0000] {processor.py:830} INFO - Processing file /home/airflow/.local/lib/python3.8/site-packages/airflow/example_dags/example_sensors.py for tasks to queue
[2025-08-02T01:49:25.773+0000] {logging_mixin.py:188} INFO - [2025-08-02T01:49:25.773+0000] {dagbag.py:540} INFO - Filling up the DagBag from /home/airflow/.local/lib/python3.8/site-packages/airflow/example_dags/example_sensors.py
[2025-08-02T01:49:25.792+0000] {processor.py:840} INFO - DAG(s) 'example_sensors' retrieved from /home/airflow/.local/lib/python3.8/site-packages/airflow/example_dags/example_sensors.py
[2025-08-02T01:49:25.829+0000] {logging_mixin.py:188} INFO - [2025-08-02T01:49:25.829+0000] {dag.py:3047} INFO - Sync 1 DAGs
[2025-08-02T01:49:25.840+0000] {logging_mixin.py:188} INFO - [2025-08-02T01:49:25.840+0000] {dag.py:3834} INFO - Setting next_dagrun for example_sensors to None, run_after=None
[2025-08-02T01:49:25.853+0000] {processor.py:183} INFO - Processing /home/airflow/.local/lib/python3.8/site-packages/airflow/example_dags/example_sensors.py took 0.090 seconds
[2025-08-02T01:49:56.429+0000] {processor.py:161} INFO - Started process (PID=885) to work on /home/airflow/.local/lib/python3.8/site-packages/airflow/example_dags/example_sensors.py
[2025-08-02T01:49:56.431+0000] {processor.py:830} INFO - Processing file /home/airflow/.local/lib/python3.8/site-packages/airflow/example_dags/example_sensors.py for tasks to queue
[2025-08-02T01:49:56.435+0000] {logging_mixin.py:188} INFO - [2025-08-02T01:49:56.434+0000] {dagbag.py:540} INFO - Filling up the DagBag from /home/airflow/.local/lib/python3.8/site-packages/airflow/example_dags/example_sensors.py
[2025-08-02T01:49:56.452+0000] {processor.py:840} INFO - DAG(s) 'example_sensors' retrieved from /home/airflow/.local/lib/python3.8/site-packages/airflow/example_dags/example_sensors.py
[2025-08-02T01:49:56.479+0000] {logging_mixin.py:188} INFO - [2025-08-02T01:49:56.479+0000] {dag.py:3047} INFO - Sync 1 DAGs
[2025-08-02T01:49:56.498+0000] {logging_mixin.py:188} INFO - [2025-08-02T01:49:56.497+0000] {dag.py:3834} INFO - Setting next_dagrun for example_sensors to None, run_after=None
[2025-08-02T01:49:56.519+0000] {processor.py:183} INFO - Processing /home/airflow/.local/lib/python3.8/site-packages/airflow/example_dags/example_sensors.py took 0.094 seconds
[2025-08-02T01:50:28.188+0000] {processor.py:161} INFO - Started process (PID=941) to work on /home/airflow/.local/lib/python3.8/site-packages/airflow/example_dags/example_sensors.py
[2025-08-02T01:50:28.189+0000] {processor.py:830} INFO - Processing file /home/airflow/.local/lib/python3.8/site-packages/airflow/example_dags/example_sensors.py for tasks to queue
[2025-08-02T01:50:28.190+0000] {logging_mixin.py:188} INFO - [2025-08-02T01:50:28.190+0000] {dagbag.py:540} INFO - Filling up the DagBag from /home/airflow/.local/lib/python3.8/site-packages/airflow/example_dags/example_sensors.py
[2025-08-02T01:50:28.198+0000] {processor.py:840} INFO - DAG(s) 'example_sensors' retrieved from /home/airflow/.local/lib/python3.8/site-packages/airflow/example_dags/example_sensors.py
[2025-08-02T01:50:28.232+0000] {logging_mixin.py:188} INFO - [2025-08-02T01:50:28.231+0000] {dag.py:3047} INFO - Sync 1 DAGs
[2025-08-02T01:50:28.243+0000] {logging_mixin.py:188} INFO - [2025-08-02T01:50:28.243+0000] {dag.py:3834} INFO - Setting next_dagrun for example_sensors to None, run_after=None
[2025-08-02T01:50:28.259+0000] {processor.py:183} INFO - Processing /home/airflow/.local/lib/python3.8/site-packages/airflow/example_dags/example_sensors.py took 0.075 seconds
[2025-08-02T01:50:59.210+0000] {processor.py:161} INFO - Started process (PID=998) to work on /home/airflow/.local/lib/python3.8/site-packages/airflow/example_dags/example_sensors.py
[2025-08-02T01:50:59.212+0000] {processor.py:830} INFO - Processing file /home/airflow/.local/lib/python3.8/site-packages/airflow/example_dags/example_sensors.py for tasks to queue
[2025-08-02T01:50:59.215+0000] {logging_mixin.py:188} INFO - [2025-08-02T01:50:59.214+0000] {dagbag.py:540} INFO - Filling up the DagBag from /home/airflow/.local/lib/python3.8/site-packages/airflow/example_dags/example_sensors.py
[2025-08-02T01:50:59.228+0000] {processor.py:840} INFO - DAG(s) 'example_sensors' retrieved from /home/airflow/.local/lib/python3.8/site-packages/airflow/example_dags/example_sensors.py
[2025-08-02T01:50:59.290+0000] {logging_mixin.py:188} INFO - [2025-08-02T01:50:59.289+0000] {dag.py:3047} INFO - Sync 1 DAGs
[2025-08-02T01:50:59.310+0000] {logging_mixin.py:188} INFO - [2025-08-02T01:50:59.310+0000] {dag.py:3834} INFO - Setting next_dagrun for example_sensors to None, run_after=None
[2025-08-02T01:50:59.328+0000] {processor.py:183} INFO - Processing /home/airflow/.local/lib/python3.8/site-packages/airflow/example_dags/example_sensors.py took 0.126 seconds
[2025-08-02T01:51:29.746+0000] {processor.py:161} INFO - Started process (PID=1054) to work on /home/airflow/.local/lib/python3.8/site-packages/airflow/example_dags/example_sensors.py
[2025-08-02T01:51:29.747+0000] {processor.py:830} INFO - Processing file /home/airflow/.local/lib/python3.8/site-packages/airflow/example_dags/example_sensors.py for tasks to queue
[2025-08-02T01:51:29.748+0000] {logging_mixin.py:188} INFO - [2025-08-02T01:51:29.747+0000] {dagbag.py:540} INFO - Filling up the DagBag from /home/airflow/.local/lib/python3.8/site-packages/airflow/example_dags/example_sensors.py
[2025-08-02T01:51:29.753+0000] {processor.py:840} INFO - DAG(s) 'example_sensors' retrieved from /home/airflow/.local/lib/python3.8/site-packages/airflow/example_dags/example_sensors.py
[2025-08-02T01:51:29.768+0000] {logging_mixin.py:188} INFO - [2025-08-02T01:51:29.768+0000] {dag.py:3047} INFO - Sync 1 DAGs
[2025-08-02T01:51:29.775+0000] {logging_mixin.py:188} INFO - [2025-08-02T01:51:29.775+0000] {dag.py:3834} INFO - Setting next_dagrun for example_sensors to None, run_after=None
[2025-08-02T01:51:29.784+0000] {processor.py:183} INFO - Processing /home/airflow/.local/lib/python3.8/site-packages/airflow/example_dags/example_sensors.py took 0.041 seconds
[2025-08-02T01:52:00.307+0000] {processor.py:161} INFO - Started process (PID=1110) to work on /home/airflow/.local/lib/python3.8/site-packages/airflow/example_dags/example_sensors.py
[2025-08-02T01:52:00.308+0000] {processor.py:830} INFO - Processing file /home/airflow/.local/lib/python3.8/site-packages/airflow/example_dags/example_sensors.py for tasks to queue
[2025-08-02T01:52:00.309+0000] {logging_mixin.py:188} INFO - [2025-08-02T01:52:00.309+0000] {dagbag.py:540} INFO - Filling up the DagBag from /home/airflow/.local/lib/python3.8/site-packages/airflow/example_dags/example_sensors.py
[2025-08-02T01:52:00.315+0000] {processor.py:840} INFO - DAG(s) 'example_sensors' retrieved from /home/airflow/.local/lib/python3.8/site-packages/airflow/example_dags/example_sensors.py
[2025-08-02T01:52:00.330+0000] {logging_mixin.py:188} INFO - [2025-08-02T01:52:00.330+0000] {dag.py:3047} INFO - Sync 1 DAGs
[2025-08-02T01:52:00.336+0000] {logging_mixin.py:188} INFO - [2025-08-02T01:52:00.336+0000] {dag.py:3834} INFO - Setting next_dagrun for example_sensors to None, run_after=None
[2025-08-02T01:52:00.344+0000] {processor.py:183} INFO - Processing /home/airflow/.local/lib/python3.8/site-packages/airflow/example_dags/example_sensors.py took 0.040 seconds
[2025-08-02T01:52:31.185+0000] {processor.py:161} INFO - Started process (PID=1166) to work on /home/airflow/.local/lib/python3.8/site-packages/airflow/example_dags/example_sensors.py
[2025-08-02T01:52:31.186+0000] {processor.py:830} INFO - Processing file /home/airflow/.local/lib/python3.8/site-packages/airflow/example_dags/example_sensors.py for tasks to queue
[2025-08-02T01:52:31.188+0000] {logging_mixin.py:188} INFO - [2025-08-02T01:52:31.187+0000] {dagbag.py:540} INFO - Filling up the DagBag from /home/airflow/.local/lib/python3.8/site-packages/airflow/example_dags/example_sensors.py
[2025-08-02T01:52:31.193+0000] {processor.py:840} INFO - DAG(s) 'example_sensors' retrieved from /home/airflow/.local/lib/python3.8/site-packages/airflow/example_dags/example_sensors.py
[2025-08-02T01:52:31.206+0000] {logging_mixin.py:188} INFO - [2025-08-02T01:52:31.206+0000] {dag.py:3047} INFO - Sync 1 DAGs
[2025-08-02T01:52:31.212+0000] {logging_mixin.py:188} INFO - [2025-08-02T01:52:31.212+0000] {dag.py:3834} INFO - Setting next_dagrun for example_sensors to None, run_after=None
[2025-08-02T01:52:31.220+0000] {processor.py:183} INFO - Processing /home/airflow/.local/lib/python3.8/site-packages/airflow/example_dags/example_sensors.py took 0.038 seconds
[2025-08-02T01:53:02.208+0000] {processor.py:161} INFO - Started process (PID=1222) to work on /home/airflow/.local/lib/python3.8/site-packages/airflow/example_dags/example_sensors.py
[2025-08-02T01:53:02.210+0000] {processor.py:830} INFO - Processing file /home/airflow/.local/lib/python3.8/site-packages/airflow/example_dags/example_sensors.py for tasks to queue
[2025-08-02T01:53:02.211+0000] {logging_mixin.py:188} INFO - [2025-08-02T01:53:02.211+0000] {dagbag.py:540} INFO - Filling up the DagBag from /home/airflow/.local/lib/python3.8/site-packages/airflow/example_dags/example_sensors.py
[2025-08-02T01:53:02.219+0000] {processor.py:840} INFO - DAG(s) 'example_sensors' retrieved from /home/airflow/.local/lib/python3.8/site-packages/airflow/example_dags/example_sensors.py
[2025-08-02T01:53:02.237+0000] {logging_mixin.py:188} INFO - [2025-08-02T01:53:02.237+0000] {dag.py:3047} INFO - Sync 1 DAGs
[2025-08-02T01:53:02.245+0000] {logging_mixin.py:188} INFO - [2025-08-02T01:53:02.245+0000] {dag.py:3834} INFO - Setting next_dagrun for example_sensors to None, run_after=None
[2025-08-02T01:53:02.255+0000] {processor.py:183} INFO - Processing /home/airflow/.local/lib/python3.8/site-packages/airflow/example_dags/example_sensors.py took 0.049 seconds
[2025-08-02T01:53:33.177+0000] {processor.py:161} INFO - Started process (PID=1278) to work on /home/airflow/.local/lib/python3.8/site-packages/airflow/example_dags/example_sensors.py
[2025-08-02T01:53:33.178+0000] {processor.py:830} INFO - Processing file /home/airflow/.local/lib/python3.8/site-packages/airflow/example_dags/example_sensors.py for tasks to queue
[2025-08-02T01:53:33.179+0000] {logging_mixin.py:188} INFO - [2025-08-02T01:53:33.178+0000] {dagbag.py:540} INFO - Filling up the DagBag from /home/airflow/.local/lib/python3.8/site-packages/airflow/example_dags/example_sensors.py
[2025-08-02T01:53:33.183+0000] {processor.py:840} INFO - DAG(s) 'example_sensors' retrieved from /home/airflow/.local/lib/python3.8/site-packages/airflow/example_dags/example_sensors.py
[2025-08-02T01:53:33.198+0000] {logging_mixin.py:188} INFO - [2025-08-02T01:53:33.198+0000] {dag.py:3047} INFO - Sync 1 DAGs
[2025-08-02T01:53:33.204+0000] {logging_mixin.py:188} INFO - [2025-08-02T01:53:33.204+0000] {dag.py:3834} INFO - Setting next_dagrun for example_sensors to None, run_after=None
[2025-08-02T01:53:33.213+0000] {processor.py:183} INFO - Processing /home/airflow/.local/lib/python3.8/site-packages/airflow/example_dags/example_sensors.py took 0.038 seconds
[2025-08-02T01:54:03.972+0000] {processor.py:161} INFO - Started process (PID=1334) to work on /home/airflow/.local/lib/python3.8/site-packages/airflow/example_dags/example_sensors.py
[2025-08-02T01:54:03.974+0000] {processor.py:830} INFO - Processing file /home/airflow/.local/lib/python3.8/site-packages/airflow/example_dags/example_sensors.py for tasks to queue
[2025-08-02T01:54:03.977+0000] {logging_mixin.py:188} INFO - [2025-08-02T01:54:03.976+0000] {dagbag.py:540} INFO - Filling up the DagBag from /home/airflow/.local/lib/python3.8/site-packages/airflow/example_dags/example_sensors.py
[2025-08-02T01:54:03.984+0000] {processor.py:840} INFO - DAG(s) 'example_sensors' retrieved from /home/airflow/.local/lib/python3.8/site-packages/airflow/example_dags/example_sensors.py
[2025-08-02T01:54:04.018+0000] {logging_mixin.py:188} INFO - [2025-08-02T01:54:04.018+0000] {dag.py:3047} INFO - Sync 1 DAGs
[2025-08-02T01:54:04.031+0000] {logging_mixin.py:188} INFO - [2025-08-02T01:54:04.030+0000] {dag.py:3834} INFO - Setting next_dagrun for example_sensors to None, run_after=None
[2025-08-02T01:54:04.058+0000] {processor.py:183} INFO - Processing /home/airflow/.local/lib/python3.8/site-packages/airflow/example_dags/example_sensors.py took 0.089 seconds
[2025-08-02T01:54:35.428+0000] {processor.py:161} INFO - Started process (PID=1390) to work on /home/airflow/.local/lib/python3.8/site-packages/airflow/example_dags/example_sensors.py
[2025-08-02T01:54:35.431+0000] {processor.py:830} INFO - Processing file /home/airflow/.local/lib/python3.8/site-packages/airflow/example_dags/example_sensors.py for tasks to queue
[2025-08-02T01:54:35.435+0000] {logging_mixin.py:188} INFO - [2025-08-02T01:54:35.434+0000] {dagbag.py:540} INFO - Filling up the DagBag from /home/airflow/.local/lib/python3.8/site-packages/airflow/example_dags/example_sensors.py
[2025-08-02T01:54:35.459+0000] {processor.py:840} INFO - DAG(s) 'example_sensors' retrieved from /home/airflow/.local/lib/python3.8/site-packages/airflow/example_dags/example_sensors.py
[2025-08-02T01:54:35.539+0000] {logging_mixin.py:188} INFO - [2025-08-02T01:54:35.539+0000] {dag.py:3047} INFO - Sync 1 DAGs
[2025-08-02T01:54:35.548+0000] {logging_mixin.py:188} INFO - [2025-08-02T01:54:35.548+0000] {dag.py:3834} INFO - Setting next_dagrun for example_sensors to None, run_after=None
[2025-08-02T01:54:35.565+0000] {processor.py:183} INFO - Processing /home/airflow/.local/lib/python3.8/site-packages/airflow/example_dags/example_sensors.py took 0.145 seconds
[2025-08-02T01:55:06.017+0000] {processor.py:161} INFO - Started process (PID=1446) to work on /home/airflow/.local/lib/python3.8/site-packages/airflow/example_dags/example_sensors.py
[2025-08-02T01:55:06.018+0000] {processor.py:830} INFO - Processing file /home/airflow/.local/lib/python3.8/site-packages/airflow/example_dags/example_sensors.py for tasks to queue
[2025-08-02T01:55:06.020+0000] {logging_mixin.py:188} INFO - [2025-08-02T01:55:06.019+0000] {dagbag.py:540} INFO - Filling up the DagBag from /home/airflow/.local/lib/python3.8/site-packages/airflow/example_dags/example_sensors.py
[2025-08-02T01:55:06.028+0000] {processor.py:840} INFO - DAG(s) 'example_sensors' retrieved from /home/airflow/.local/lib/python3.8/site-packages/airflow/example_dags/example_sensors.py
[2025-08-02T01:55:06.065+0000] {logging_mixin.py:188} INFO - [2025-08-02T01:55:06.064+0000] {dag.py:3047} INFO - Sync 1 DAGs
[2025-08-02T01:55:06.079+0000] {logging_mixin.py:188} INFO - [2025-08-02T01:55:06.079+0000] {dag.py:3834} INFO - Setting next_dagrun for example_sensors to None, run_after=None
[2025-08-02T01:55:06.115+0000] {processor.py:183} INFO - Processing /home/airflow/.local/lib/python3.8/site-packages/airflow/example_dags/example_sensors.py took 0.101 seconds
[2025-08-02T01:55:36.242+0000] {processor.py:161} INFO - Started process (PID=1501) to work on /home/airflow/.local/lib/python3.8/site-packages/airflow/example_dags/example_sensors.py
[2025-08-02T01:55:36.243+0000] {processor.py:830} INFO - Processing file /home/airflow/.local/lib/python3.8/site-packages/airflow/example_dags/example_sensors.py for tasks to queue
[2025-08-02T01:55:36.244+0000] {logging_mixin.py:188} INFO - [2025-08-02T01:55:36.244+0000] {dagbag.py:540} INFO - Filling up the DagBag from /home/airflow/.local/lib/python3.8/site-packages/airflow/example_dags/example_sensors.py
[2025-08-02T01:55:36.251+0000] {processor.py:840} INFO - DAG(s) 'example_sensors' retrieved from /home/airflow/.local/lib/python3.8/site-packages/airflow/example_dags/example_sensors.py
[2025-08-02T01:55:36.273+0000] {logging_mixin.py:188} INFO - [2025-08-02T01:55:36.273+0000] {dag.py:3047} INFO - Sync 1 DAGs
[2025-08-02T01:55:36.281+0000] {logging_mixin.py:188} INFO - [2025-08-02T01:55:36.281+0000] {dag.py:3834} INFO - Setting next_dagrun for example_sensors to None, run_after=None
[2025-08-02T01:55:36.299+0000] {processor.py:183} INFO - Processing /home/airflow/.local/lib/python3.8/site-packages/airflow/example_dags/example_sensors.py took 0.060 seconds
[2025-08-02T01:56:08.274+0000] {processor.py:161} INFO - Started process (PID=1557) to work on /home/airflow/.local/lib/python3.8/site-packages/airflow/example_dags/example_sensors.py
[2025-08-02T01:56:08.275+0000] {processor.py:830} INFO - Processing file /home/airflow/.local/lib/python3.8/site-packages/airflow/example_dags/example_sensors.py for tasks to queue
[2025-08-02T01:56:08.276+0000] {logging_mixin.py:188} INFO - [2025-08-02T01:56:08.275+0000] {dagbag.py:540} INFO - Filling up the DagBag from /home/airflow/.local/lib/python3.8/site-packages/airflow/example_dags/example_sensors.py
[2025-08-02T01:56:08.283+0000] {processor.py:840} INFO - DAG(s) 'example_sensors' retrieved from /home/airflow/.local/lib/python3.8/site-packages/airflow/example_dags/example_sensors.py
[2025-08-02T01:56:08.307+0000] {logging_mixin.py:188} INFO - [2025-08-02T01:56:08.307+0000] {dag.py:3047} INFO - Sync 1 DAGs
[2025-08-02T01:56:08.335+0000] {logging_mixin.py:188} INFO - [2025-08-02T01:56:08.335+0000] {dag.py:3834} INFO - Setting next_dagrun for example_sensors to None, run_after=None
[2025-08-02T01:56:08.395+0000] {processor.py:183} INFO - Processing /home/airflow/.local/lib/python3.8/site-packages/airflow/example_dags/example_sensors.py took 0.124 seconds
[2025-08-02T01:56:38.471+0000] {processor.py:161} INFO - Started process (PID=1612) to work on /home/airflow/.local/lib/python3.8/site-packages/airflow/example_dags/example_sensors.py
[2025-08-02T01:56:38.471+0000] {processor.py:830} INFO - Processing file /home/airflow/.local/lib/python3.8/site-packages/airflow/example_dags/example_sensors.py for tasks to queue
[2025-08-02T01:56:38.472+0000] {logging_mixin.py:188} INFO - [2025-08-02T01:56:38.472+0000] {dagbag.py:540} INFO - Filling up the DagBag from /home/airflow/.local/lib/python3.8/site-packages/airflow/example_dags/example_sensors.py
[2025-08-02T01:56:38.479+0000] {processor.py:840} INFO - DAG(s) 'example_sensors' retrieved from /home/airflow/.local/lib/python3.8/site-packages/airflow/example_dags/example_sensors.py
[2025-08-02T01:56:38.497+0000] {logging_mixin.py:188} INFO - [2025-08-02T01:56:38.497+0000] {dag.py:3047} INFO - Sync 1 DAGs
[2025-08-02T01:56:38.505+0000] {logging_mixin.py:188} INFO - [2025-08-02T01:56:38.505+0000] {dag.py:3834} INFO - Setting next_dagrun for example_sensors to None, run_after=None
[2025-08-02T01:56:38.519+0000] {processor.py:183} INFO - Processing /home/airflow/.local/lib/python3.8/site-packages/airflow/example_dags/example_sensors.py took 0.050 seconds
[2025-08-02T01:57:14.868+0000] {processor.py:161} INFO - Started process (PID=1674) to work on /home/airflow/.local/lib/python3.8/site-packages/airflow/example_dags/example_sensors.py
[2025-08-02T01:57:14.869+0000] {processor.py:830} INFO - Processing file /home/airflow/.local/lib/python3.8/site-packages/airflow/example_dags/example_sensors.py for tasks to queue
[2025-08-02T01:57:14.871+0000] {logging_mixin.py:188} INFO - [2025-08-02T01:57:14.871+0000] {dagbag.py:540} INFO - Filling up the DagBag from /home/airflow/.local/lib/python3.8/site-packages/airflow/example_dags/example_sensors.py
[2025-08-02T01:57:14.881+0000] {processor.py:840} INFO - DAG(s) 'example_sensors' retrieved from /home/airflow/.local/lib/python3.8/site-packages/airflow/example_dags/example_sensors.py
[2025-08-02T01:57:14.941+0000] {logging_mixin.py:188} INFO - [2025-08-02T01:57:14.940+0000] {dag.py:3047} INFO - Sync 1 DAGs
[2025-08-02T01:57:14.954+0000] {logging_mixin.py:188} INFO - [2025-08-02T01:57:14.954+0000] {dag.py:3834} INFO - Setting next_dagrun for example_sensors to None, run_after=None
[2025-08-02T01:57:14.973+0000] {processor.py:183} INFO - Processing /home/airflow/.local/lib/python3.8/site-packages/airflow/example_dags/example_sensors.py took 0.109 seconds
[2025-08-02T01:57:48.341+0000] {processor.py:161} INFO - Started process (PID=1728) to work on /home/airflow/.local/lib/python3.8/site-packages/airflow/example_dags/example_sensors.py
[2025-08-02T01:57:48.344+0000] {processor.py:830} INFO - Processing file /home/airflow/.local/lib/python3.8/site-packages/airflow/example_dags/example_sensors.py for tasks to queue
[2025-08-02T01:57:48.347+0000] {logging_mixin.py:188} INFO - [2025-08-02T01:57:48.346+0000] {dagbag.py:540} INFO - Filling up the DagBag from /home/airflow/.local/lib/python3.8/site-packages/airflow/example_dags/example_sensors.py
[2025-08-02T01:57:48.366+0000] {processor.py:840} INFO - DAG(s) 'example_sensors' retrieved from /home/airflow/.local/lib/python3.8/site-packages/airflow/example_dags/example_sensors.py
[2025-08-02T01:57:48.474+0000] {logging_mixin.py:188} INFO - [2025-08-02T01:57:48.473+0000] {dag.py:3047} INFO - Sync 1 DAGs
[2025-08-02T01:57:48.508+0000] {logging_mixin.py:188} INFO - [2025-08-02T01:57:48.508+0000] {dag.py:3834} INFO - Setting next_dagrun for example_sensors to None, run_after=None
[2025-08-02T01:57:48.544+0000] {processor.py:183} INFO - Processing /home/airflow/.local/lib/python3.8/site-packages/airflow/example_dags/example_sensors.py took 0.208 seconds
[2025-08-02T01:58:21.051+0000] {processor.py:161} INFO - Started process (PID=1783) to work on /home/airflow/.local/lib/python3.8/site-packages/airflow/example_dags/example_sensors.py
[2025-08-02T01:58:21.054+0000] {processor.py:830} INFO - Processing file /home/airflow/.local/lib/python3.8/site-packages/airflow/example_dags/example_sensors.py for tasks to queue
[2025-08-02T01:58:21.058+0000] {logging_mixin.py:188} INFO - [2025-08-02T01:58:21.057+0000] {dagbag.py:540} INFO - Filling up the DagBag from /home/airflow/.local/lib/python3.8/site-packages/airflow/example_dags/example_sensors.py
[2025-08-02T01:58:21.070+0000] {processor.py:840} INFO - DAG(s) 'example_sensors' retrieved from /home/airflow/.local/lib/python3.8/site-packages/airflow/example_dags/example_sensors.py
[2025-08-02T01:58:21.094+0000] {logging_mixin.py:188} INFO - [2025-08-02T01:58:21.094+0000] {dag.py:3047} INFO - Sync 1 DAGs
[2025-08-02T01:58:21.105+0000] {logging_mixin.py:188} INFO - [2025-08-02T01:58:21.105+0000] {dag.py:3834} INFO - Setting next_dagrun for example_sensors to None, run_after=None
[2025-08-02T01:58:21.121+0000] {processor.py:183} INFO - Processing /home/airflow/.local/lib/python3.8/site-packages/airflow/example_dags/example_sensors.py took 0.078 seconds
[2025-08-02T01:58:51.457+0000] {processor.py:161} INFO - Started process (PID=1839) to work on /home/airflow/.local/lib/python3.8/site-packages/airflow/example_dags/example_sensors.py
[2025-08-02T01:58:51.458+0000] {processor.py:830} INFO - Processing file /home/airflow/.local/lib/python3.8/site-packages/airflow/example_dags/example_sensors.py for tasks to queue
[2025-08-02T01:58:51.459+0000] {logging_mixin.py:188} INFO - [2025-08-02T01:58:51.459+0000] {dagbag.py:540} INFO - Filling up the DagBag from /home/airflow/.local/lib/python3.8/site-packages/airflow/example_dags/example_sensors.py
[2025-08-02T01:58:51.466+0000] {processor.py:840} INFO - DAG(s) 'example_sensors' retrieved from /home/airflow/.local/lib/python3.8/site-packages/airflow/example_dags/example_sensors.py
[2025-08-02T01:58:51.483+0000] {logging_mixin.py:188} INFO - [2025-08-02T01:58:51.483+0000] {dag.py:3047} INFO - Sync 1 DAGs
[2025-08-02T01:58:51.492+0000] {logging_mixin.py:188} INFO - [2025-08-02T01:58:51.491+0000] {dag.py:3834} INFO - Setting next_dagrun for example_sensors to None, run_after=None
[2025-08-02T01:58:51.508+0000] {processor.py:183} INFO - Processing /home/airflow/.local/lib/python3.8/site-packages/airflow/example_dags/example_sensors.py took 0.053 seconds
[2025-08-02T01:59:21.984+0000] {processor.py:161} INFO - Started process (PID=1895) to work on /home/airflow/.local/lib/python3.8/site-packages/airflow/example_dags/example_sensors.py
[2025-08-02T01:59:21.986+0000] {processor.py:830} INFO - Processing file /home/airflow/.local/lib/python3.8/site-packages/airflow/example_dags/example_sensors.py for tasks to queue
[2025-08-02T01:59:21.987+0000] {logging_mixin.py:188} INFO - [2025-08-02T01:59:21.987+0000] {dagbag.py:540} INFO - Filling up the DagBag from /home/airflow/.local/lib/python3.8/site-packages/airflow/example_dags/example_sensors.py
[2025-08-02T01:59:21.993+0000] {processor.py:840} INFO - DAG(s) 'example_sensors' retrieved from /home/airflow/.local/lib/python3.8/site-packages/airflow/example_dags/example_sensors.py
[2025-08-02T01:59:22.029+0000] {logging_mixin.py:188} INFO - [2025-08-02T01:59:22.029+0000] {dag.py:3047} INFO - Sync 1 DAGs
[2025-08-02T01:59:22.041+0000] {logging_mixin.py:188} INFO - [2025-08-02T01:59:22.041+0000] {dag.py:3834} INFO - Setting next_dagrun for example_sensors to None, run_after=None
[2025-08-02T01:59:22.057+0000] {processor.py:183} INFO - Processing /home/airflow/.local/lib/python3.8/site-packages/airflow/example_dags/example_sensors.py took 0.076 seconds
[2025-08-02T01:59:52.700+0000] {processor.py:161} INFO - Started process (PID=1951) to work on /home/airflow/.local/lib/python3.8/site-packages/airflow/example_dags/example_sensors.py
[2025-08-02T01:59:52.701+0000] {processor.py:830} INFO - Processing file /home/airflow/.local/lib/python3.8/site-packages/airflow/example_dags/example_sensors.py for tasks to queue
[2025-08-02T01:59:52.703+0000] {logging_mixin.py:188} INFO - [2025-08-02T01:59:52.703+0000] {dagbag.py:540} INFO - Filling up the DagBag from /home/airflow/.local/lib/python3.8/site-packages/airflow/example_dags/example_sensors.py
[2025-08-02T01:59:52.710+0000] {processor.py:840} INFO - DAG(s) 'example_sensors' retrieved from /home/airflow/.local/lib/python3.8/site-packages/airflow/example_dags/example_sensors.py
[2025-08-02T01:59:52.728+0000] {logging_mixin.py:188} INFO - [2025-08-02T01:59:52.728+0000] {dag.py:3047} INFO - Sync 1 DAGs
[2025-08-02T01:59:52.736+0000] {logging_mixin.py:188} INFO - [2025-08-02T01:59:52.736+0000] {dag.py:3834} INFO - Setting next_dagrun for example_sensors to None, run_after=None
[2025-08-02T01:59:52.755+0000] {processor.py:183} INFO - Processing /home/airflow/.local/lib/python3.8/site-packages/airflow/example_dags/example_sensors.py took 0.058 seconds
[2025-08-02T02:00:23.621+0000] {processor.py:161} INFO - Started process (PID=2007) to work on /home/airflow/.local/lib/python3.8/site-packages/airflow/example_dags/example_sensors.py
[2025-08-02T02:00:23.622+0000] {processor.py:830} INFO - Processing file /home/airflow/.local/lib/python3.8/site-packages/airflow/example_dags/example_sensors.py for tasks to queue
[2025-08-02T02:00:23.623+0000] {logging_mixin.py:188} INFO - [2025-08-02T02:00:23.623+0000] {dagbag.py:540} INFO - Filling up the DagBag from /home/airflow/.local/lib/python3.8/site-packages/airflow/example_dags/example_sensors.py
[2025-08-02T02:00:23.629+0000] {processor.py:840} INFO - DAG(s) 'example_sensors' retrieved from /home/airflow/.local/lib/python3.8/site-packages/airflow/example_dags/example_sensors.py
[2025-08-02T02:00:23.653+0000] {logging_mixin.py:188} INFO - [2025-08-02T02:00:23.653+0000] {dag.py:3047} INFO - Sync 1 DAGs
[2025-08-02T02:00:23.662+0000] {logging_mixin.py:188} INFO - [2025-08-02T02:00:23.662+0000] {dag.py:3834} INFO - Setting next_dagrun for example_sensors to None, run_after=None
[2025-08-02T02:00:23.674+0000] {processor.py:183} INFO - Processing /home/airflow/.local/lib/python3.8/site-packages/airflow/example_dags/example_sensors.py took 0.055 seconds
[2025-08-02T02:01:10.196+0000] {processor.py:161} INFO - Started process (PID=2063) to work on /home/airflow/.local/lib/python3.8/site-packages/airflow/example_dags/example_sensors.py
[2025-08-02T02:01:10.205+0000] {processor.py:830} INFO - Processing file /home/airflow/.local/lib/python3.8/site-packages/airflow/example_dags/example_sensors.py for tasks to queue
[2025-08-02T02:01:10.228+0000] {logging_mixin.py:188} INFO - [2025-08-02T02:01:10.227+0000] {dagbag.py:540} INFO - Filling up the DagBag from /home/airflow/.local/lib/python3.8/site-packages/airflow/example_dags/example_sensors.py
[2025-08-02T02:01:10.251+0000] {processor.py:840} INFO - DAG(s) 'example_sensors' retrieved from /home/airflow/.local/lib/python3.8/site-packages/airflow/example_dags/example_sensors.py
[2025-08-02T02:01:10.311+0000] {logging_mixin.py:188} INFO - [2025-08-02T02:01:10.311+0000] {dag.py:3047} INFO - Sync 1 DAGs
[2025-08-02T02:01:10.335+0000] {logging_mixin.py:188} INFO - [2025-08-02T02:01:10.335+0000] {dag.py:3834} INFO - Setting next_dagrun for example_sensors to None, run_after=None
[2025-08-02T02:01:10.394+0000] {processor.py:183} INFO - Processing /home/airflow/.local/lib/python3.8/site-packages/airflow/example_dags/example_sensors.py took 0.212 seconds
[2025-08-02T02:01:42.205+0000] {processor.py:161} INFO - Started process (PID=2119) to work on /home/airflow/.local/lib/python3.8/site-packages/airflow/example_dags/example_sensors.py
[2025-08-02T02:01:42.207+0000] {processor.py:830} INFO - Processing file /home/airflow/.local/lib/python3.8/site-packages/airflow/example_dags/example_sensors.py for tasks to queue
[2025-08-02T02:01:42.211+0000] {logging_mixin.py:188} INFO - [2025-08-02T02:01:42.210+0000] {dagbag.py:540} INFO - Filling up the DagBag from /home/airflow/.local/lib/python3.8/site-packages/airflow/example_dags/example_sensors.py
[2025-08-02T02:01:42.279+0000] {processor.py:840} INFO - DAG(s) 'example_sensors' retrieved from /home/airflow/.local/lib/python3.8/site-packages/airflow/example_dags/example_sensors.py
[2025-08-02T02:01:42.376+0000] {logging_mixin.py:188} INFO - [2025-08-02T02:01:42.372+0000] {dag.py:3047} INFO - Sync 1 DAGs
[2025-08-02T02:01:42.393+0000] {logging_mixin.py:188} INFO - [2025-08-02T02:01:42.393+0000] {dag.py:3834} INFO - Setting next_dagrun for example_sensors to None, run_after=None
[2025-08-02T02:01:43.475+0000] {processor.py:183} INFO - Processing /home/airflow/.local/lib/python3.8/site-packages/airflow/example_dags/example_sensors.py took 1.275 seconds
[2025-08-02T02:02:39.762+0000] {processor.py:161} INFO - Started process (PID=2167) to work on /home/airflow/.local/lib/python3.8/site-packages/airflow/example_dags/example_sensors.py
[2025-08-02T02:02:39.768+0000] {processor.py:830} INFO - Processing file /home/airflow/.local/lib/python3.8/site-packages/airflow/example_dags/example_sensors.py for tasks to queue
[2025-08-02T02:02:39.778+0000] {logging_mixin.py:188} INFO - [2025-08-02T02:02:39.776+0000] {dagbag.py:540} INFO - Filling up the DagBag from /home/airflow/.local/lib/python3.8/site-packages/airflow/example_dags/example_sensors.py
[2025-08-02T02:02:39.814+0000] {processor.py:840} INFO - DAG(s) 'example_sensors' retrieved from /home/airflow/.local/lib/python3.8/site-packages/airflow/example_dags/example_sensors.py
[2025-08-02T02:02:39.948+0000] {logging_mixin.py:188} INFO - [2025-08-02T02:02:39.945+0000] {dag.py:3047} INFO - Sync 1 DAGs
[2025-08-02T02:02:40.077+0000] {logging_mixin.py:188} INFO - [2025-08-02T02:02:40.075+0000] {dag.py:3834} INFO - Setting next_dagrun for example_sensors to None, run_after=None
[2025-08-02T02:02:40.147+0000] {processor.py:183} INFO - Processing /home/airflow/.local/lib/python3.8/site-packages/airflow/example_dags/example_sensors.py took 0.400 seconds
[2025-08-02T02:03:17.768+0000] {processor.py:161} INFO - Started process (PID=2223) to work on /home/airflow/.local/lib/python3.8/site-packages/airflow/example_dags/example_sensors.py
[2025-08-02T02:03:17.774+0000] {processor.py:830} INFO - Processing file /home/airflow/.local/lib/python3.8/site-packages/airflow/example_dags/example_sensors.py for tasks to queue
[2025-08-02T02:03:17.790+0000] {logging_mixin.py:188} INFO - [2025-08-02T02:03:17.788+0000] {dagbag.py:540} INFO - Filling up the DagBag from /home/airflow/.local/lib/python3.8/site-packages/airflow/example_dags/example_sensors.py
[2025-08-02T02:03:17.831+0000] {processor.py:840} INFO - DAG(s) 'example_sensors' retrieved from /home/airflow/.local/lib/python3.8/site-packages/airflow/example_dags/example_sensors.py
[2025-08-02T02:03:17.956+0000] {logging_mixin.py:188} INFO - [2025-08-02T02:03:17.956+0000] {dag.py:3047} INFO - Sync 1 DAGs
[2025-08-02T02:03:17.981+0000] {logging_mixin.py:188} INFO - [2025-08-02T02:03:17.980+0000] {dag.py:3834} INFO - Setting next_dagrun for example_sensors to None, run_after=None
[2025-08-02T02:03:18.181+0000] {processor.py:183} INFO - Processing /home/airflow/.local/lib/python3.8/site-packages/airflow/example_dags/example_sensors.py took 0.431 seconds
[2025-08-02T02:03:53.085+0000] {processor.py:161} INFO - Started process (PID=2279) to work on /home/airflow/.local/lib/python3.8/site-packages/airflow/example_dags/example_sensors.py
[2025-08-02T02:03:53.087+0000] {processor.py:830} INFO - Processing file /home/airflow/.local/lib/python3.8/site-packages/airflow/example_dags/example_sensors.py for tasks to queue
[2025-08-02T02:03:53.091+0000] {logging_mixin.py:188} INFO - [2025-08-02T02:03:53.090+0000] {dagbag.py:540} INFO - Filling up the DagBag from /home/airflow/.local/lib/python3.8/site-packages/airflow/example_dags/example_sensors.py
[2025-08-02T02:03:53.114+0000] {processor.py:840} INFO - DAG(s) 'example_sensors' retrieved from /home/airflow/.local/lib/python3.8/site-packages/airflow/example_dags/example_sensors.py
[2025-08-02T02:03:53.197+0000] {logging_mixin.py:188} INFO - [2025-08-02T02:03:53.197+0000] {dag.py:3047} INFO - Sync 1 DAGs
[2025-08-02T02:03:53.275+0000] {logging_mixin.py:188} INFO - [2025-08-02T02:03:53.274+0000] {dag.py:3834} INFO - Setting next_dagrun for example_sensors to None, run_after=None
[2025-08-02T02:03:53.337+0000] {processor.py:183} INFO - Processing /home/airflow/.local/lib/python3.8/site-packages/airflow/example_dags/example_sensors.py took 0.259 seconds
[2025-08-02T02:04:24.511+0000] {processor.py:161} INFO - Started process (PID=2335) to work on /home/airflow/.local/lib/python3.8/site-packages/airflow/example_dags/example_sensors.py
[2025-08-02T02:04:24.515+0000] {processor.py:830} INFO - Processing file /home/airflow/.local/lib/python3.8/site-packages/airflow/example_dags/example_sensors.py for tasks to queue
[2025-08-02T02:04:24.521+0000] {logging_mixin.py:188} INFO - [2025-08-02T02:04:24.520+0000] {dagbag.py:540} INFO - Filling up the DagBag from /home/airflow/.local/lib/python3.8/site-packages/airflow/example_dags/example_sensors.py
[2025-08-02T02:04:24.563+0000] {processor.py:840} INFO - DAG(s) 'example_sensors' retrieved from /home/airflow/.local/lib/python3.8/site-packages/airflow/example_dags/example_sensors.py
[2025-08-02T02:04:24.632+0000] {logging_mixin.py:188} INFO - [2025-08-02T02:04:24.631+0000] {dag.py:3047} INFO - Sync 1 DAGs
[2025-08-02T02:04:24.674+0000] {logging_mixin.py:188} INFO - [2025-08-02T02:04:24.673+0000] {dag.py:3834} INFO - Setting next_dagrun for example_sensors to None, run_after=None
[2025-08-02T02:04:24.740+0000] {processor.py:183} INFO - Processing /home/airflow/.local/lib/python3.8/site-packages/airflow/example_dags/example_sensors.py took 0.234 seconds
[2025-08-02T02:05:03.107+0000] {processor.py:161} INFO - Started process (PID=2397) to work on /home/airflow/.local/lib/python3.8/site-packages/airflow/example_dags/example_sensors.py
[2025-08-02T02:05:03.108+0000] {processor.py:830} INFO - Processing file /home/airflow/.local/lib/python3.8/site-packages/airflow/example_dags/example_sensors.py for tasks to queue
[2025-08-02T02:05:03.113+0000] {logging_mixin.py:188} INFO - [2025-08-02T02:05:03.113+0000] {dagbag.py:540} INFO - Filling up the DagBag from /home/airflow/.local/lib/python3.8/site-packages/airflow/example_dags/example_sensors.py
[2025-08-02T02:05:03.176+0000] {processor.py:840} INFO - DAG(s) 'example_sensors' retrieved from /home/airflow/.local/lib/python3.8/site-packages/airflow/example_dags/example_sensors.py
[2025-08-02T02:05:03.311+0000] {logging_mixin.py:188} INFO - [2025-08-02T02:05:03.310+0000] {dag.py:3047} INFO - Sync 1 DAGs
[2025-08-02T02:05:03.378+0000] {logging_mixin.py:188} INFO - [2025-08-02T02:05:03.376+0000] {dag.py:3834} INFO - Setting next_dagrun for example_sensors to None, run_after=None
[2025-08-02T02:05:03.550+0000] {processor.py:183} INFO - Processing /home/airflow/.local/lib/python3.8/site-packages/airflow/example_dags/example_sensors.py took 0.452 seconds
[2025-08-02T02:08:20.377+0000] {processor.py:161} INFO - Started process (PID=2458) to work on /home/airflow/.local/lib/python3.8/site-packages/airflow/example_dags/example_sensors.py
[2025-08-02T02:08:20.542+0000] {processor.py:830} INFO - Processing file /home/airflow/.local/lib/python3.8/site-packages/airflow/example_dags/example_sensors.py for tasks to queue
[2025-08-02T02:08:20.682+0000] {logging_mixin.py:188} INFO - [2025-08-02T02:08:20.640+0000] {dagbag.py:540} INFO - Filling up the DagBag from /home/airflow/.local/lib/python3.8/site-packages/airflow/example_dags/example_sensors.py
[2025-08-02T02:08:21.054+0000] {processor.py:840} INFO - DAG(s) 'example_sensors' retrieved from /home/airflow/.local/lib/python3.8/site-packages/airflow/example_dags/example_sensors.py
[2025-08-02T02:08:24.013+0000] {logging_mixin.py:188} INFO - [2025-08-02T02:08:23.936+0000] {dag.py:3047} INFO - Sync 1 DAGs
[2025-08-02T02:08:24.217+0000] {logging_mixin.py:188} INFO - [2025-08-02T02:08:24.215+0000] {dag.py:3834} INFO - Setting next_dagrun for example_sensors to None, run_after=None
[2025-08-02T02:08:25.057+0000] {processor.py:183} INFO - Processing /home/airflow/.local/lib/python3.8/site-packages/airflow/example_dags/example_sensors.py took 5.298 seconds
[2025-08-02T02:09:09.717+0000] {processor.py:161} INFO - Started process (PID=2514) to work on /home/airflow/.local/lib/python3.8/site-packages/airflow/example_dags/example_sensors.py
[2025-08-02T02:09:09.720+0000] {processor.py:830} INFO - Processing file /home/airflow/.local/lib/python3.8/site-packages/airflow/example_dags/example_sensors.py for tasks to queue
[2025-08-02T02:09:09.722+0000] {logging_mixin.py:188} INFO - [2025-08-02T02:09:09.721+0000] {dagbag.py:540} INFO - Filling up the DagBag from /home/airflow/.local/lib/python3.8/site-packages/airflow/example_dags/example_sensors.py
[2025-08-02T02:09:09.760+0000] {processor.py:840} INFO - DAG(s) 'example_sensors' retrieved from /home/airflow/.local/lib/python3.8/site-packages/airflow/example_dags/example_sensors.py
[2025-08-02T02:09:09.895+0000] {logging_mixin.py:188} INFO - [2025-08-02T02:09:09.892+0000] {dag.py:3047} INFO - Sync 1 DAGs
[2025-08-02T02:09:09.931+0000] {logging_mixin.py:188} INFO - [2025-08-02T02:09:09.931+0000] {dag.py:3834} INFO - Setting next_dagrun for example_sensors to None, run_after=None
[2025-08-02T02:09:09.986+0000] {processor.py:183} INFO - Processing /home/airflow/.local/lib/python3.8/site-packages/airflow/example_dags/example_sensors.py took 0.279 seconds
[2025-08-02T02:09:46.591+0000] {processor.py:161} INFO - Started process (PID=2568) to work on /home/airflow/.local/lib/python3.8/site-packages/airflow/example_dags/example_sensors.py
[2025-08-02T02:09:46.595+0000] {processor.py:830} INFO - Processing file /home/airflow/.local/lib/python3.8/site-packages/airflow/example_dags/example_sensors.py for tasks to queue
[2025-08-02T02:09:46.597+0000] {logging_mixin.py:188} INFO - [2025-08-02T02:09:46.596+0000] {dagbag.py:540} INFO - Filling up the DagBag from /home/airflow/.local/lib/python3.8/site-packages/airflow/example_dags/example_sensors.py
[2025-08-02T02:09:46.617+0000] {processor.py:840} INFO - DAG(s) 'example_sensors' retrieved from /home/airflow/.local/lib/python3.8/site-packages/airflow/example_dags/example_sensors.py
[2025-08-02T02:09:46.670+0000] {logging_mixin.py:188} INFO - [2025-08-02T02:09:46.670+0000] {dag.py:3047} INFO - Sync 1 DAGs
[2025-08-02T02:09:46.687+0000] {logging_mixin.py:188} INFO - [2025-08-02T02:09:46.686+0000] {dag.py:3834} INFO - Setting next_dagrun for example_sensors to None, run_after=None
[2025-08-02T02:09:46.764+0000] {processor.py:183} INFO - Processing /home/airflow/.local/lib/python3.8/site-packages/airflow/example_dags/example_sensors.py took 0.185 seconds
[2025-08-02T02:10:17.280+0000] {processor.py:161} INFO - Started process (PID=2624) to work on /home/airflow/.local/lib/python3.8/site-packages/airflow/example_dags/example_sensors.py
[2025-08-02T02:10:17.283+0000] {processor.py:830} INFO - Processing file /home/airflow/.local/lib/python3.8/site-packages/airflow/example_dags/example_sensors.py for tasks to queue
[2025-08-02T02:10:17.288+0000] {logging_mixin.py:188} INFO - [2025-08-02T02:10:17.286+0000] {dagbag.py:540} INFO - Filling up the DagBag from /home/airflow/.local/lib/python3.8/site-packages/airflow/example_dags/example_sensors.py
[2025-08-02T02:10:17.315+0000] {processor.py:840} INFO - DAG(s) 'example_sensors' retrieved from /home/airflow/.local/lib/python3.8/site-packages/airflow/example_dags/example_sensors.py
[2025-08-02T02:10:17.367+0000] {logging_mixin.py:188} INFO - [2025-08-02T02:10:17.367+0000] {dag.py:3047} INFO - Sync 1 DAGs
[2025-08-02T02:10:17.399+0000] {logging_mixin.py:188} INFO - [2025-08-02T02:10:17.398+0000] {dag.py:3834} INFO - Setting next_dagrun for example_sensors to None, run_after=None
[2025-08-02T02:10:17.448+0000] {processor.py:183} INFO - Processing /home/airflow/.local/lib/python3.8/site-packages/airflow/example_dags/example_sensors.py took 0.176 seconds
[2025-08-02T02:10:47.687+0000] {processor.py:161} INFO - Started process (PID=2680) to work on /home/airflow/.local/lib/python3.8/site-packages/airflow/example_dags/example_sensors.py
[2025-08-02T02:10:47.692+0000] {processor.py:830} INFO - Processing file /home/airflow/.local/lib/python3.8/site-packages/airflow/example_dags/example_sensors.py for tasks to queue
[2025-08-02T02:10:47.694+0000] {logging_mixin.py:188} INFO - [2025-08-02T02:10:47.693+0000] {dagbag.py:540} INFO - Filling up the DagBag from /home/airflow/.local/lib/python3.8/site-packages/airflow/example_dags/example_sensors.py
[2025-08-02T02:10:47.712+0000] {processor.py:840} INFO - DAG(s) 'example_sensors' retrieved from /home/airflow/.local/lib/python3.8/site-packages/airflow/example_dags/example_sensors.py
[2025-08-02T02:10:47.740+0000] {logging_mixin.py:188} INFO - [2025-08-02T02:10:47.740+0000] {dag.py:3047} INFO - Sync 1 DAGs
[2025-08-02T02:10:47.761+0000] {logging_mixin.py:188} INFO - [2025-08-02T02:10:47.760+0000] {dag.py:3834} INFO - Setting next_dagrun for example_sensors to None, run_after=None
[2025-08-02T02:10:47.797+0000] {processor.py:183} INFO - Processing /home/airflow/.local/lib/python3.8/site-packages/airflow/example_dags/example_sensors.py took 0.120 seconds
[2025-08-02T02:11:33.879+0000] {processor.py:161} INFO - Started process (PID=2743) to work on /home/airflow/.local/lib/python3.8/site-packages/airflow/example_dags/example_sensors.py
[2025-08-02T02:11:33.887+0000] {processor.py:830} INFO - Processing file /home/airflow/.local/lib/python3.8/site-packages/airflow/example_dags/example_sensors.py for tasks to queue
[2025-08-02T02:11:33.942+0000] {logging_mixin.py:188} INFO - [2025-08-02T02:11:33.921+0000] {dagbag.py:540} INFO - Filling up the DagBag from /home/airflow/.local/lib/python3.8/site-packages/airflow/example_dags/example_sensors.py
[2025-08-02T02:11:34.039+0000] {processor.py:840} INFO - DAG(s) 'example_sensors' retrieved from /home/airflow/.local/lib/python3.8/site-packages/airflow/example_dags/example_sensors.py
[2025-08-02T02:11:34.274+0000] {logging_mixin.py:188} INFO - [2025-08-02T02:11:34.272+0000] {dag.py:3047} INFO - Sync 1 DAGs
[2025-08-02T02:11:34.374+0000] {logging_mixin.py:188} INFO - [2025-08-02T02:11:34.372+0000] {dag.py:3834} INFO - Setting next_dagrun for example_sensors to None, run_after=None
[2025-08-02T02:11:34.633+0000] {processor.py:183} INFO - Processing /home/airflow/.local/lib/python3.8/site-packages/airflow/example_dags/example_sensors.py took 0.829 seconds
[2025-08-02T02:12:05.198+0000] {processor.py:161} INFO - Started process (PID=2799) to work on /home/airflow/.local/lib/python3.8/site-packages/airflow/example_dags/example_sensors.py
[2025-08-02T02:12:05.201+0000] {processor.py:830} INFO - Processing file /home/airflow/.local/lib/python3.8/site-packages/airflow/example_dags/example_sensors.py for tasks to queue
[2025-08-02T02:12:05.203+0000] {logging_mixin.py:188} INFO - [2025-08-02T02:12:05.203+0000] {dagbag.py:540} INFO - Filling up the DagBag from /home/airflow/.local/lib/python3.8/site-packages/airflow/example_dags/example_sensors.py
[2025-08-02T02:12:05.277+0000] {processor.py:840} INFO - DAG(s) 'example_sensors' retrieved from /home/airflow/.local/lib/python3.8/site-packages/airflow/example_dags/example_sensors.py
[2025-08-02T02:12:05.467+0000] {logging_mixin.py:188} INFO - [2025-08-02T02:12:05.466+0000] {dag.py:3047} INFO - Sync 1 DAGs
[2025-08-02T02:12:05.519+0000] {logging_mixin.py:188} INFO - [2025-08-02T02:12:05.518+0000] {dag.py:3834} INFO - Setting next_dagrun for example_sensors to None, run_after=None
[2025-08-02T02:12:05.555+0000] {processor.py:183} INFO - Processing /home/airflow/.local/lib/python3.8/site-packages/airflow/example_dags/example_sensors.py took 0.367 seconds
[2025-08-02T02:12:36.246+0000] {processor.py:161} INFO - Started process (PID=2855) to work on /home/airflow/.local/lib/python3.8/site-packages/airflow/example_dags/example_sensors.py
[2025-08-02T02:12:36.249+0000] {processor.py:830} INFO - Processing file /home/airflow/.local/lib/python3.8/site-packages/airflow/example_dags/example_sensors.py for tasks to queue
[2025-08-02T02:12:36.250+0000] {logging_mixin.py:188} INFO - [2025-08-02T02:12:36.250+0000] {dagbag.py:540} INFO - Filling up the DagBag from /home/airflow/.local/lib/python3.8/site-packages/airflow/example_dags/example_sensors.py
[2025-08-02T02:12:36.285+0000] {processor.py:840} INFO - DAG(s) 'example_sensors' retrieved from /home/airflow/.local/lib/python3.8/site-packages/airflow/example_dags/example_sensors.py
[2025-08-02T02:12:36.355+0000] {logging_mixin.py:188} INFO - [2025-08-02T02:12:36.353+0000] {dag.py:3047} INFO - Sync 1 DAGs
[2025-08-02T02:12:36.387+0000] {logging_mixin.py:188} INFO - [2025-08-02T02:12:36.386+0000] {dag.py:3834} INFO - Setting next_dagrun for example_sensors to None, run_after=None
[2025-08-02T02:12:36.422+0000] {processor.py:183} INFO - Processing /home/airflow/.local/lib/python3.8/site-packages/airflow/example_dags/example_sensors.py took 0.181 seconds
[2025-08-02T02:13:11.734+0000] {processor.py:161} INFO - Started process (PID=2914) to work on /home/airflow/.local/lib/python3.8/site-packages/airflow/example_dags/example_sensors.py
[2025-08-02T02:13:11.737+0000] {processor.py:830} INFO - Processing file /home/airflow/.local/lib/python3.8/site-packages/airflow/example_dags/example_sensors.py for tasks to queue
[2025-08-02T02:13:11.739+0000] {logging_mixin.py:188} INFO - [2025-08-02T02:13:11.738+0000] {dagbag.py:540} INFO - Filling up the DagBag from /home/airflow/.local/lib/python3.8/site-packages/airflow/example_dags/example_sensors.py
[2025-08-02T02:13:11.763+0000] {processor.py:840} INFO - DAG(s) 'example_sensors' retrieved from /home/airflow/.local/lib/python3.8/site-packages/airflow/example_dags/example_sensors.py
[2025-08-02T02:13:11.889+0000] {logging_mixin.py:188} INFO - [2025-08-02T02:13:11.887+0000] {dag.py:3047} INFO - Sync 1 DAGs
[2025-08-02T02:13:11.927+0000] {logging_mixin.py:188} INFO - [2025-08-02T02:13:11.924+0000] {dag.py:3834} INFO - Setting next_dagrun for example_sensors to None, run_after=None
[2025-08-02T02:13:12.015+0000] {processor.py:183} INFO - Processing /home/airflow/.local/lib/python3.8/site-packages/airflow/example_dags/example_sensors.py took 0.287 seconds
[2025-08-02T02:13:48.918+0000] {processor.py:161} INFO - Started process (PID=2972) to work on /home/airflow/.local/lib/python3.8/site-packages/airflow/example_dags/example_sensors.py
[2025-08-02T02:13:48.922+0000] {processor.py:830} INFO - Processing file /home/airflow/.local/lib/python3.8/site-packages/airflow/example_dags/example_sensors.py for tasks to queue
[2025-08-02T02:13:48.924+0000] {logging_mixin.py:188} INFO - [2025-08-02T02:13:48.923+0000] {dagbag.py:540} INFO - Filling up the DagBag from /home/airflow/.local/lib/python3.8/site-packages/airflow/example_dags/example_sensors.py
[2025-08-02T02:13:48.948+0000] {processor.py:840} INFO - DAG(s) 'example_sensors' retrieved from /home/airflow/.local/lib/python3.8/site-packages/airflow/example_dags/example_sensors.py
[2025-08-02T02:13:49.022+0000] {logging_mixin.py:188} INFO - [2025-08-02T02:13:49.020+0000] {dag.py:3047} INFO - Sync 1 DAGs
[2025-08-02T02:13:49.051+0000] {logging_mixin.py:188} INFO - [2025-08-02T02:13:49.051+0000] {dag.py:3834} INFO - Setting next_dagrun for example_sensors to None, run_after=None
[2025-08-02T02:13:49.116+0000] {processor.py:183} INFO - Processing /home/airflow/.local/lib/python3.8/site-packages/airflow/example_dags/example_sensors.py took 0.204 seconds
[2025-08-02T02:14:19.526+0000] {processor.py:161} INFO - Started process (PID=3028) to work on /home/airflow/.local/lib/python3.8/site-packages/airflow/example_dags/example_sensors.py
[2025-08-02T02:14:19.528+0000] {processor.py:830} INFO - Processing file /home/airflow/.local/lib/python3.8/site-packages/airflow/example_dags/example_sensors.py for tasks to queue
[2025-08-02T02:14:19.531+0000] {logging_mixin.py:188} INFO - [2025-08-02T02:14:19.530+0000] {dagbag.py:540} INFO - Filling up the DagBag from /home/airflow/.local/lib/python3.8/site-packages/airflow/example_dags/example_sensors.py
[2025-08-02T02:14:19.550+0000] {processor.py:840} INFO - DAG(s) 'example_sensors' retrieved from /home/airflow/.local/lib/python3.8/site-packages/airflow/example_dags/example_sensors.py
[2025-08-02T02:14:19.632+0000] {logging_mixin.py:188} INFO - [2025-08-02T02:14:19.632+0000] {dag.py:3047} INFO - Sync 1 DAGs
[2025-08-02T02:14:19.665+0000] {logging_mixin.py:188} INFO - [2025-08-02T02:14:19.664+0000] {dag.py:3834} INFO - Setting next_dagrun for example_sensors to None, run_after=None
[2025-08-02T02:14:19.720+0000] {processor.py:183} INFO - Processing /home/airflow/.local/lib/python3.8/site-packages/airflow/example_dags/example_sensors.py took 0.203 seconds
[2025-08-02T02:15:07.234+0000] {processor.py:161} INFO - Started process (PID=3095) to work on /home/airflow/.local/lib/python3.8/site-packages/airflow/example_dags/example_sensors.py
[2025-08-02T02:15:07.237+0000] {processor.py:830} INFO - Processing file /home/airflow/.local/lib/python3.8/site-packages/airflow/example_dags/example_sensors.py for tasks to queue
[2025-08-02T02:15:07.238+0000] {logging_mixin.py:188} INFO - [2025-08-02T02:15:07.237+0000] {dagbag.py:540} INFO - Filling up the DagBag from /home/airflow/.local/lib/python3.8/site-packages/airflow/example_dags/example_sensors.py
[2025-08-02T02:15:07.257+0000] {processor.py:840} INFO - DAG(s) 'example_sensors' retrieved from /home/airflow/.local/lib/python3.8/site-packages/airflow/example_dags/example_sensors.py
[2025-08-02T02:15:07.307+0000] {logging_mixin.py:188} INFO - [2025-08-02T02:15:07.307+0000] {dag.py:3047} INFO - Sync 1 DAGs
[2025-08-02T02:15:07.321+0000] {logging_mixin.py:188} INFO - [2025-08-02T02:15:07.321+0000] {dag.py:3834} INFO - Setting next_dagrun for example_sensors to None, run_after=None
[2025-08-02T02:15:07.340+0000] {processor.py:183} INFO - Processing /home/airflow/.local/lib/python3.8/site-packages/airflow/example_dags/example_sensors.py took 0.110 seconds
[2025-08-02T02:15:47.552+0000] {processor.py:161} INFO - Started process (PID=3159) to work on /home/airflow/.local/lib/python3.8/site-packages/airflow/example_dags/example_sensors.py
[2025-08-02T02:15:47.553+0000] {processor.py:830} INFO - Processing file /home/airflow/.local/lib/python3.8/site-packages/airflow/example_dags/example_sensors.py for tasks to queue
[2025-08-02T02:15:47.554+0000] {logging_mixin.py:188} INFO - [2025-08-02T02:15:47.554+0000] {dagbag.py:540} INFO - Filling up the DagBag from /home/airflow/.local/lib/python3.8/site-packages/airflow/example_dags/example_sensors.py
[2025-08-02T02:15:47.565+0000] {processor.py:840} INFO - DAG(s) 'example_sensors' retrieved from /home/airflow/.local/lib/python3.8/site-packages/airflow/example_dags/example_sensors.py
[2025-08-02T02:15:47.642+0000] {logging_mixin.py:188} INFO - [2025-08-02T02:15:47.641+0000] {dag.py:3047} INFO - Sync 1 DAGs
[2025-08-02T02:15:47.677+0000] {logging_mixin.py:188} INFO - [2025-08-02T02:15:47.677+0000] {dag.py:3834} INFO - Setting next_dagrun for example_sensors to None, run_after=None
[2025-08-02T02:15:47.700+0000] {processor.py:183} INFO - Processing /home/airflow/.local/lib/python3.8/site-packages/airflow/example_dags/example_sensors.py took 0.152 seconds
[2025-08-02T02:16:31.178+0000] {processor.py:161} INFO - Started process (PID=3215) to work on /home/airflow/.local/lib/python3.8/site-packages/airflow/example_dags/example_sensors.py
[2025-08-02T02:16:31.184+0000] {processor.py:830} INFO - Processing file /home/airflow/.local/lib/python3.8/site-packages/airflow/example_dags/example_sensors.py for tasks to queue
[2025-08-02T02:16:31.196+0000] {logging_mixin.py:188} INFO - [2025-08-02T02:16:31.194+0000] {dagbag.py:540} INFO - Filling up the DagBag from /home/airflow/.local/lib/python3.8/site-packages/airflow/example_dags/example_sensors.py
[2025-08-02T02:16:31.290+0000] {processor.py:840} INFO - DAG(s) 'example_sensors' retrieved from /home/airflow/.local/lib/python3.8/site-packages/airflow/example_dags/example_sensors.py
[2025-08-02T02:16:31.537+0000] {logging_mixin.py:188} INFO - [2025-08-02T02:16:31.532+0000] {dag.py:3047} INFO - Sync 1 DAGs
[2025-08-02T02:16:31.575+0000] {logging_mixin.py:188} INFO - [2025-08-02T02:16:31.574+0000] {dag.py:3834} INFO - Setting next_dagrun for example_sensors to None, run_after=None
[2025-08-02T02:16:31.633+0000] {processor.py:183} INFO - Processing /home/airflow/.local/lib/python3.8/site-packages/airflow/example_dags/example_sensors.py took 0.492 seconds
[2025-08-02T02:17:11.519+0000] {processor.py:161} INFO - Started process (PID=3271) to work on /home/airflow/.local/lib/python3.8/site-packages/airflow/example_dags/example_sensors.py
[2025-08-02T02:17:11.523+0000] {processor.py:830} INFO - Processing file /home/airflow/.local/lib/python3.8/site-packages/airflow/example_dags/example_sensors.py for tasks to queue
[2025-08-02T02:17:11.525+0000] {logging_mixin.py:188} INFO - [2025-08-02T02:17:11.525+0000] {dagbag.py:540} INFO - Filling up the DagBag from /home/airflow/.local/lib/python3.8/site-packages/airflow/example_dags/example_sensors.py
[2025-08-02T02:17:11.579+0000] {processor.py:840} INFO - DAG(s) 'example_sensors' retrieved from /home/airflow/.local/lib/python3.8/site-packages/airflow/example_dags/example_sensors.py
[2025-08-02T02:17:11.804+0000] {logging_mixin.py:188} INFO - [2025-08-02T02:17:11.794+0000] {dag.py:3047} INFO - Sync 1 DAGs
[2025-08-02T02:17:11.954+0000] {logging_mixin.py:188} INFO - [2025-08-02T02:17:11.946+0000] {dag.py:3834} INFO - Setting next_dagrun for example_sensors to None, run_after=None
[2025-08-02T02:17:12.103+0000] {processor.py:183} INFO - Processing /home/airflow/.local/lib/python3.8/site-packages/airflow/example_dags/example_sensors.py took 0.599 seconds
[2025-08-02T02:17:54.151+0000] {processor.py:161} INFO - Started process (PID=3327) to work on /home/airflow/.local/lib/python3.8/site-packages/airflow/example_dags/example_sensors.py
[2025-08-02T02:17:54.161+0000] {processor.py:830} INFO - Processing file /home/airflow/.local/lib/python3.8/site-packages/airflow/example_dags/example_sensors.py for tasks to queue
[2025-08-02T02:17:54.165+0000] {logging_mixin.py:188} INFO - [2025-08-02T02:17:54.163+0000] {dagbag.py:540} INFO - Filling up the DagBag from /home/airflow/.local/lib/python3.8/site-packages/airflow/example_dags/example_sensors.py
[2025-08-02T02:17:54.295+0000] {processor.py:840} INFO - DAG(s) 'example_sensors' retrieved from /home/airflow/.local/lib/python3.8/site-packages/airflow/example_dags/example_sensors.py
[2025-08-02T02:17:54.527+0000] {logging_mixin.py:188} INFO - [2025-08-02T02:17:54.527+0000] {dag.py:3047} INFO - Sync 1 DAGs
[2025-08-02T02:17:54.588+0000] {logging_mixin.py:188} INFO - [2025-08-02T02:17:54.587+0000] {dag.py:3834} INFO - Setting next_dagrun for example_sensors to None, run_after=None
[2025-08-02T02:17:54.678+0000] {processor.py:183} INFO - Processing /home/airflow/.local/lib/python3.8/site-packages/airflow/example_dags/example_sensors.py took 0.552 seconds
[2025-08-02T02:18:47.326+0000] {processor.py:161} INFO - Started process (PID=3393) to work on /home/airflow/.local/lib/python3.8/site-packages/airflow/example_dags/example_sensors.py
[2025-08-02T02:18:47.335+0000] {processor.py:830} INFO - Processing file /home/airflow/.local/lib/python3.8/site-packages/airflow/example_dags/example_sensors.py for tasks to queue
[2025-08-02T02:18:47.348+0000] {logging_mixin.py:188} INFO - [2025-08-02T02:18:47.346+0000] {dagbag.py:540} INFO - Filling up the DagBag from /home/airflow/.local/lib/python3.8/site-packages/airflow/example_dags/example_sensors.py
[2025-08-02T02:18:47.442+0000] {processor.py:840} INFO - DAG(s) 'example_sensors' retrieved from /home/airflow/.local/lib/python3.8/site-packages/airflow/example_dags/example_sensors.py
[2025-08-02T02:18:47.611+0000] {logging_mixin.py:188} INFO - [2025-08-02T02:18:47.609+0000] {dag.py:3047} INFO - Sync 1 DAGs
[2025-08-02T02:18:49.414+0000] {logging_mixin.py:188} INFO - [2025-08-02T02:18:49.413+0000] {dag.py:3834} INFO - Setting next_dagrun for example_sensors to None, run_after=None
[2025-08-02T02:18:49.479+0000] {processor.py:183} INFO - Processing /home/airflow/.local/lib/python3.8/site-packages/airflow/example_dags/example_sensors.py took 2.191 seconds
[2025-08-02T02:19:19.695+0000] {processor.py:161} INFO - Started process (PID=3450) to work on /home/airflow/.local/lib/python3.8/site-packages/airflow/example_dags/example_sensors.py
[2025-08-02T02:19:19.695+0000] {processor.py:830} INFO - Processing file /home/airflow/.local/lib/python3.8/site-packages/airflow/example_dags/example_sensors.py for tasks to queue
[2025-08-02T02:19:19.696+0000] {logging_mixin.py:188} INFO - [2025-08-02T02:19:19.696+0000] {dagbag.py:540} INFO - Filling up the DagBag from /home/airflow/.local/lib/python3.8/site-packages/airflow/example_dags/example_sensors.py
[2025-08-02T02:19:19.718+0000] {processor.py:840} INFO - DAG(s) 'example_sensors' retrieved from /home/airflow/.local/lib/python3.8/site-packages/airflow/example_dags/example_sensors.py
[2025-08-02T02:19:19.775+0000] {logging_mixin.py:188} INFO - [2025-08-02T02:19:19.774+0000] {dag.py:3047} INFO - Sync 1 DAGs
[2025-08-02T02:19:19.786+0000] {logging_mixin.py:188} INFO - [2025-08-02T02:19:19.786+0000] {dag.py:3834} INFO - Setting next_dagrun for example_sensors to None, run_after=None
[2025-08-02T02:19:19.804+0000] {processor.py:183} INFO - Processing /home/airflow/.local/lib/python3.8/site-packages/airflow/example_dags/example_sensors.py took 0.112 seconds
[2025-08-02T02:19:56.063+0000] {processor.py:161} INFO - Started process (PID=3507) to work on /home/airflow/.local/lib/python3.8/site-packages/airflow/example_dags/example_sensors.py
[2025-08-02T02:19:56.065+0000] {processor.py:830} INFO - Processing file /home/airflow/.local/lib/python3.8/site-packages/airflow/example_dags/example_sensors.py for tasks to queue
[2025-08-02T02:19:56.069+0000] {logging_mixin.py:188} INFO - [2025-08-02T02:19:56.069+0000] {dagbag.py:540} INFO - Filling up the DagBag from /home/airflow/.local/lib/python3.8/site-packages/airflow/example_dags/example_sensors.py
[2025-08-02T02:19:56.076+0000] {processor.py:840} INFO - DAG(s) 'example_sensors' retrieved from /home/airflow/.local/lib/python3.8/site-packages/airflow/example_dags/example_sensors.py
[2025-08-02T02:19:56.098+0000] {logging_mixin.py:188} INFO - [2025-08-02T02:19:56.098+0000] {dag.py:3047} INFO - Sync 1 DAGs
[2025-08-02T02:19:56.108+0000] {logging_mixin.py:188} INFO - [2025-08-02T02:19:56.108+0000] {dag.py:3834} INFO - Setting next_dagrun for example_sensors to None, run_after=None
[2025-08-02T02:19:56.124+0000] {processor.py:183} INFO - Processing /home/airflow/.local/lib/python3.8/site-packages/airflow/example_dags/example_sensors.py took 0.063 seconds
[2025-08-02T02:20:31.267+0000] {processor.py:161} INFO - Started process (PID=3561) to work on /home/airflow/.local/lib/python3.8/site-packages/airflow/example_dags/example_sensors.py
[2025-08-02T02:20:31.269+0000] {processor.py:830} INFO - Processing file /home/airflow/.local/lib/python3.8/site-packages/airflow/example_dags/example_sensors.py for tasks to queue
[2025-08-02T02:20:31.271+0000] {logging_mixin.py:188} INFO - [2025-08-02T02:20:31.270+0000] {dagbag.py:540} INFO - Filling up the DagBag from /home/airflow/.local/lib/python3.8/site-packages/airflow/example_dags/example_sensors.py
[2025-08-02T02:20:31.292+0000] {processor.py:840} INFO - DAG(s) 'example_sensors' retrieved from /home/airflow/.local/lib/python3.8/site-packages/airflow/example_dags/example_sensors.py
[2025-08-02T02:20:31.794+0000] {logging_mixin.py:188} INFO - [2025-08-02T02:20:31.780+0000] {dag.py:3047} INFO - Sync 1 DAGs
[2025-08-02T02:20:31.857+0000] {logging_mixin.py:188} INFO - [2025-08-02T02:20:31.856+0000] {dag.py:3834} INFO - Setting next_dagrun for example_sensors to None, run_after=None
[2025-08-02T02:20:31.909+0000] {processor.py:183} INFO - Processing /home/airflow/.local/lib/python3.8/site-packages/airflow/example_dags/example_sensors.py took 0.648 seconds
[2025-08-02T02:21:02.484+0000] {processor.py:161} INFO - Started process (PID=3617) to work on /home/airflow/.local/lib/python3.8/site-packages/airflow/example_dags/example_sensors.py
[2025-08-02T02:21:02.487+0000] {processor.py:830} INFO - Processing file /home/airflow/.local/lib/python3.8/site-packages/airflow/example_dags/example_sensors.py for tasks to queue
[2025-08-02T02:21:02.502+0000] {logging_mixin.py:188} INFO - [2025-08-02T02:21:02.499+0000] {dagbag.py:540} INFO - Filling up the DagBag from /home/airflow/.local/lib/python3.8/site-packages/airflow/example_dags/example_sensors.py
[2025-08-02T02:21:02.588+0000] {processor.py:840} INFO - DAG(s) 'example_sensors' retrieved from /home/airflow/.local/lib/python3.8/site-packages/airflow/example_dags/example_sensors.py
[2025-08-02T02:21:02.740+0000] {logging_mixin.py:188} INFO - [2025-08-02T02:21:02.739+0000] {dag.py:3047} INFO - Sync 1 DAGs
[2025-08-02T02:21:02.813+0000] {logging_mixin.py:188} INFO - [2025-08-02T02:21:02.812+0000] {dag.py:3834} INFO - Setting next_dagrun for example_sensors to None, run_after=None
[2025-08-02T02:21:02.907+0000] {processor.py:183} INFO - Processing /home/airflow/.local/lib/python3.8/site-packages/airflow/example_dags/example_sensors.py took 0.429 seconds
[2025-08-02T02:21:33.323+0000] {processor.py:161} INFO - Started process (PID=3672) to work on /home/airflow/.local/lib/python3.8/site-packages/airflow/example_dags/example_sensors.py
[2025-08-02T02:21:33.325+0000] {processor.py:830} INFO - Processing file /home/airflow/.local/lib/python3.8/site-packages/airflow/example_dags/example_sensors.py for tasks to queue
[2025-08-02T02:21:33.329+0000] {logging_mixin.py:188} INFO - [2025-08-02T02:21:33.328+0000] {dagbag.py:540} INFO - Filling up the DagBag from /home/airflow/.local/lib/python3.8/site-packages/airflow/example_dags/example_sensors.py
[2025-08-02T02:21:33.348+0000] {processor.py:840} INFO - DAG(s) 'example_sensors' retrieved from /home/airflow/.local/lib/python3.8/site-packages/airflow/example_dags/example_sensors.py
[2025-08-02T02:21:33.379+0000] {logging_mixin.py:188} INFO - [2025-08-02T02:21:33.379+0000] {dag.py:3047} INFO - Sync 1 DAGs
[2025-08-02T02:21:33.391+0000] {logging_mixin.py:188} INFO - [2025-08-02T02:21:33.391+0000] {dag.py:3834} INFO - Setting next_dagrun for example_sensors to None, run_after=None
[2025-08-02T02:21:33.427+0000] {processor.py:183} INFO - Processing /home/airflow/.local/lib/python3.8/site-packages/airflow/example_dags/example_sensors.py took 0.108 seconds
[2025-08-02T02:22:03.768+0000] {processor.py:161} INFO - Started process (PID=3729) to work on /home/airflow/.local/lib/python3.8/site-packages/airflow/example_dags/example_sensors.py
[2025-08-02T02:22:03.770+0000] {processor.py:830} INFO - Processing file /home/airflow/.local/lib/python3.8/site-packages/airflow/example_dags/example_sensors.py for tasks to queue
[2025-08-02T02:22:03.773+0000] {logging_mixin.py:188} INFO - [2025-08-02T02:22:03.771+0000] {dagbag.py:540} INFO - Filling up the DagBag from /home/airflow/.local/lib/python3.8/site-packages/airflow/example_dags/example_sensors.py
[2025-08-02T02:22:03.795+0000] {processor.py:840} INFO - DAG(s) 'example_sensors' retrieved from /home/airflow/.local/lib/python3.8/site-packages/airflow/example_dags/example_sensors.py
[2025-08-02T02:22:03.925+0000] {logging_mixin.py:188} INFO - [2025-08-02T02:22:03.919+0000] {dag.py:3047} INFO - Sync 1 DAGs
[2025-08-02T02:22:03.968+0000] {logging_mixin.py:188} INFO - [2025-08-02T02:22:03.965+0000] {dag.py:3834} INFO - Setting next_dagrun for example_sensors to None, run_after=None
[2025-08-02T02:22:04.058+0000] {processor.py:183} INFO - Processing /home/airflow/.local/lib/python3.8/site-packages/airflow/example_dags/example_sensors.py took 0.301 seconds
[2025-08-02T02:22:40.510+0000] {processor.py:161} INFO - Started process (PID=3787) to work on /home/airflow/.local/lib/python3.8/site-packages/airflow/example_dags/example_sensors.py
[2025-08-02T02:22:40.512+0000] {processor.py:830} INFO - Processing file /home/airflow/.local/lib/python3.8/site-packages/airflow/example_dags/example_sensors.py for tasks to queue
[2025-08-02T02:22:40.514+0000] {logging_mixin.py:188} INFO - [2025-08-02T02:22:40.514+0000] {dagbag.py:540} INFO - Filling up the DagBag from /home/airflow/.local/lib/python3.8/site-packages/airflow/example_dags/example_sensors.py
[2025-08-02T02:22:40.528+0000] {processor.py:840} INFO - DAG(s) 'example_sensors' retrieved from /home/airflow/.local/lib/python3.8/site-packages/airflow/example_dags/example_sensors.py
[2025-08-02T02:22:40.572+0000] {logging_mixin.py:188} INFO - [2025-08-02T02:22:40.571+0000] {dag.py:3047} INFO - Sync 1 DAGs
[2025-08-02T02:22:40.604+0000] {logging_mixin.py:188} INFO - [2025-08-02T02:22:40.604+0000] {dag.py:3834} INFO - Setting next_dagrun for example_sensors to None, run_after=None
[2025-08-02T02:22:40.666+0000] {processor.py:183} INFO - Processing /home/airflow/.local/lib/python3.8/site-packages/airflow/example_dags/example_sensors.py took 0.161 seconds
[2025-08-02T02:23:11.659+0000] {processor.py:161} INFO - Started process (PID=3843) to work on /home/airflow/.local/lib/python3.8/site-packages/airflow/example_dags/example_sensors.py
[2025-08-02T02:23:11.663+0000] {processor.py:830} INFO - Processing file /home/airflow/.local/lib/python3.8/site-packages/airflow/example_dags/example_sensors.py for tasks to queue
[2025-08-02T02:23:11.666+0000] {logging_mixin.py:188} INFO - [2025-08-02T02:23:11.665+0000] {dagbag.py:540} INFO - Filling up the DagBag from /home/airflow/.local/lib/python3.8/site-packages/airflow/example_dags/example_sensors.py
[2025-08-02T02:23:11.680+0000] {processor.py:840} INFO - DAG(s) 'example_sensors' retrieved from /home/airflow/.local/lib/python3.8/site-packages/airflow/example_dags/example_sensors.py
[2025-08-02T02:23:11.714+0000] {logging_mixin.py:188} INFO - [2025-08-02T02:23:11.714+0000] {dag.py:3047} INFO - Sync 1 DAGs
[2025-08-02T02:23:11.740+0000] {logging_mixin.py:188} INFO - [2025-08-02T02:23:11.739+0000] {dag.py:3834} INFO - Setting next_dagrun for example_sensors to None, run_after=None
[2025-08-02T02:23:11.768+0000] {processor.py:183} INFO - Processing /home/airflow/.local/lib/python3.8/site-packages/airflow/example_dags/example_sensors.py took 0.116 seconds
[2025-08-02T02:23:42.196+0000] {processor.py:161} INFO - Started process (PID=3898) to work on /home/airflow/.local/lib/python3.8/site-packages/airflow/example_dags/example_sensors.py
[2025-08-02T02:23:42.197+0000] {processor.py:830} INFO - Processing file /home/airflow/.local/lib/python3.8/site-packages/airflow/example_dags/example_sensors.py for tasks to queue
[2025-08-02T02:23:42.198+0000] {logging_mixin.py:188} INFO - [2025-08-02T02:23:42.198+0000] {dagbag.py:540} INFO - Filling up the DagBag from /home/airflow/.local/lib/python3.8/site-packages/airflow/example_dags/example_sensors.py
[2025-08-02T02:23:42.213+0000] {processor.py:840} INFO - DAG(s) 'example_sensors' retrieved from /home/airflow/.local/lib/python3.8/site-packages/airflow/example_dags/example_sensors.py
[2025-08-02T02:23:42.270+0000] {logging_mixin.py:188} INFO - [2025-08-02T02:23:42.270+0000] {dag.py:3047} INFO - Sync 1 DAGs
[2025-08-02T02:23:42.283+0000] {logging_mixin.py:188} INFO - [2025-08-02T02:23:42.283+0000] {dag.py:3834} INFO - Setting next_dagrun for example_sensors to None, run_after=None
[2025-08-02T02:23:42.303+0000] {processor.py:183} INFO - Processing /home/airflow/.local/lib/python3.8/site-packages/airflow/example_dags/example_sensors.py took 0.110 seconds
[2025-08-02T02:24:13.823+0000] {processor.py:161} INFO - Started process (PID=3954) to work on /home/airflow/.local/lib/python3.8/site-packages/airflow/example_dags/example_sensors.py
[2025-08-02T02:24:13.825+0000] {processor.py:830} INFO - Processing file /home/airflow/.local/lib/python3.8/site-packages/airflow/example_dags/example_sensors.py for tasks to queue
[2025-08-02T02:24:13.828+0000] {logging_mixin.py:188} INFO - [2025-08-02T02:24:13.827+0000] {dagbag.py:540} INFO - Filling up the DagBag from /home/airflow/.local/lib/python3.8/site-packages/airflow/example_dags/example_sensors.py
[2025-08-02T02:24:13.897+0000] {processor.py:840} INFO - DAG(s) 'example_sensors' retrieved from /home/airflow/.local/lib/python3.8/site-packages/airflow/example_dags/example_sensors.py
[2025-08-02T02:24:14.095+0000] {logging_mixin.py:188} INFO - [2025-08-02T02:24:14.094+0000] {dag.py:3047} INFO - Sync 1 DAGs
[2025-08-02T02:24:14.185+0000] {logging_mixin.py:188} INFO - [2025-08-02T02:24:14.183+0000] {dag.py:3834} INFO - Setting next_dagrun for example_sensors to None, run_after=None
[2025-08-02T02:24:14.277+0000] {processor.py:183} INFO - Processing /home/airflow/.local/lib/python3.8/site-packages/airflow/example_dags/example_sensors.py took 0.471 seconds
[2025-08-02T02:24:45.833+0000] {processor.py:161} INFO - Started process (PID=4014) to work on /home/airflow/.local/lib/python3.8/site-packages/airflow/example_dags/example_sensors.py
[2025-08-02T02:24:45.838+0000] {processor.py:830} INFO - Processing file /home/airflow/.local/lib/python3.8/site-packages/airflow/example_dags/example_sensors.py for tasks to queue
[2025-08-02T02:24:45.842+0000] {logging_mixin.py:188} INFO - [2025-08-02T02:24:45.841+0000] {dagbag.py:540} INFO - Filling up the DagBag from /home/airflow/.local/lib/python3.8/site-packages/airflow/example_dags/example_sensors.py
[2025-08-02T02:24:45.899+0000] {processor.py:840} INFO - DAG(s) 'example_sensors' retrieved from /home/airflow/.local/lib/python3.8/site-packages/airflow/example_dags/example_sensors.py
[2025-08-02T02:24:46.007+0000] {logging_mixin.py:188} INFO - [2025-08-02T02:24:46.006+0000] {dag.py:3047} INFO - Sync 1 DAGs
[2025-08-02T02:24:46.040+0000] {logging_mixin.py:188} INFO - [2025-08-02T02:24:46.040+0000] {dag.py:3834} INFO - Setting next_dagrun for example_sensors to None, run_after=None
[2025-08-02T02:24:46.093+0000] {processor.py:183} INFO - Processing /home/airflow/.local/lib/python3.8/site-packages/airflow/example_dags/example_sensors.py took 0.302 seconds
[2025-08-02T02:25:39.568+0000] {processor.py:161} INFO - Started process (PID=4067) to work on /home/airflow/.local/lib/python3.8/site-packages/airflow/example_dags/example_sensors.py
[2025-08-02T02:25:39.596+0000] {processor.py:830} INFO - Processing file /home/airflow/.local/lib/python3.8/site-packages/airflow/example_dags/example_sensors.py for tasks to queue
[2025-08-02T02:25:39.607+0000] {logging_mixin.py:188} INFO - [2025-08-02T02:25:39.605+0000] {dagbag.py:540} INFO - Filling up the DagBag from /home/airflow/.local/lib/python3.8/site-packages/airflow/example_dags/example_sensors.py
[2025-08-02T02:25:39.643+0000] {processor.py:840} INFO - DAG(s) 'example_sensors' retrieved from /home/airflow/.local/lib/python3.8/site-packages/airflow/example_dags/example_sensors.py
[2025-08-02T02:25:39.740+0000] {logging_mixin.py:188} INFO - [2025-08-02T02:25:39.739+0000] {dag.py:3047} INFO - Sync 1 DAGs
[2025-08-02T02:25:39.809+0000] {logging_mixin.py:188} INFO - [2025-08-02T02:25:39.808+0000] {dag.py:3834} INFO - Setting next_dagrun for example_sensors to None, run_after=None
[2025-08-02T02:25:39.946+0000] {processor.py:183} INFO - Processing /home/airflow/.local/lib/python3.8/site-packages/airflow/example_dags/example_sensors.py took 0.410 seconds
[2025-08-02T02:26:18.233+0000] {processor.py:161} INFO - Started process (PID=4123) to work on /home/airflow/.local/lib/python3.8/site-packages/airflow/example_dags/example_sensors.py
[2025-08-02T02:26:18.244+0000] {processor.py:830} INFO - Processing file /home/airflow/.local/lib/python3.8/site-packages/airflow/example_dags/example_sensors.py for tasks to queue
[2025-08-02T02:26:18.248+0000] {logging_mixin.py:188} INFO - [2025-08-02T02:26:18.247+0000] {dagbag.py:540} INFO - Filling up the DagBag from /home/airflow/.local/lib/python3.8/site-packages/airflow/example_dags/example_sensors.py
[2025-08-02T02:26:18.323+0000] {processor.py:840} INFO - DAG(s) 'example_sensors' retrieved from /home/airflow/.local/lib/python3.8/site-packages/airflow/example_dags/example_sensors.py
[2025-08-02T02:26:18.379+0000] {logging_mixin.py:188} INFO - [2025-08-02T02:26:18.379+0000] {dag.py:3047} INFO - Sync 1 DAGs
[2025-08-02T02:26:18.422+0000] {logging_mixin.py:188} INFO - [2025-08-02T02:26:18.422+0000] {dag.py:3834} INFO - Setting next_dagrun for example_sensors to None, run_after=None
[2025-08-02T02:26:18.469+0000] {processor.py:183} INFO - Processing /home/airflow/.local/lib/python3.8/site-packages/airflow/example_dags/example_sensors.py took 0.272 seconds
[2025-08-02T02:26:49.437+0000] {processor.py:161} INFO - Started process (PID=4179) to work on /home/airflow/.local/lib/python3.8/site-packages/airflow/example_dags/example_sensors.py
[2025-08-02T02:26:49.439+0000] {processor.py:830} INFO - Processing file /home/airflow/.local/lib/python3.8/site-packages/airflow/example_dags/example_sensors.py for tasks to queue
[2025-08-02T02:26:49.440+0000] {logging_mixin.py:188} INFO - [2025-08-02T02:26:49.439+0000] {dagbag.py:540} INFO - Filling up the DagBag from /home/airflow/.local/lib/python3.8/site-packages/airflow/example_dags/example_sensors.py
[2025-08-02T02:26:49.452+0000] {processor.py:840} INFO - DAG(s) 'example_sensors' retrieved from /home/airflow/.local/lib/python3.8/site-packages/airflow/example_dags/example_sensors.py
[2025-08-02T02:26:49.493+0000] {logging_mixin.py:188} INFO - [2025-08-02T02:26:49.493+0000] {dag.py:3047} INFO - Sync 1 DAGs
[2025-08-02T02:26:49.507+0000] {logging_mixin.py:188} INFO - [2025-08-02T02:26:49.506+0000] {dag.py:3834} INFO - Setting next_dagrun for example_sensors to None, run_after=None
[2025-08-02T02:26:49.564+0000] {processor.py:183} INFO - Processing /home/airflow/.local/lib/python3.8/site-packages/airflow/example_dags/example_sensors.py took 0.135 seconds
[2025-08-02T02:27:24.501+0000] {processor.py:161} INFO - Started process (PID=4242) to work on /home/airflow/.local/lib/python3.8/site-packages/airflow/example_dags/example_sensors.py
[2025-08-02T02:27:24.504+0000] {processor.py:830} INFO - Processing file /home/airflow/.local/lib/python3.8/site-packages/airflow/example_dags/example_sensors.py for tasks to queue
[2025-08-02T02:27:24.506+0000] {logging_mixin.py:188} INFO - [2025-08-02T02:27:24.505+0000] {dagbag.py:540} INFO - Filling up the DagBag from /home/airflow/.local/lib/python3.8/site-packages/airflow/example_dags/example_sensors.py
[2025-08-02T02:27:24.536+0000] {processor.py:840} INFO - DAG(s) 'example_sensors' retrieved from /home/airflow/.local/lib/python3.8/site-packages/airflow/example_dags/example_sensors.py
[2025-08-02T02:27:24.586+0000] {logging_mixin.py:188} INFO - [2025-08-02T02:27:24.586+0000] {dag.py:3047} INFO - Sync 1 DAGs
[2025-08-02T02:27:24.645+0000] {logging_mixin.py:188} INFO - [2025-08-02T02:27:24.644+0000] {dag.py:3834} INFO - Setting next_dagrun for example_sensors to None, run_after=None
[2025-08-02T02:27:24.736+0000] {processor.py:183} INFO - Processing /home/airflow/.local/lib/python3.8/site-packages/airflow/example_dags/example_sensors.py took 0.245 seconds
[2025-08-02T02:27:58.158+0000] {processor.py:161} INFO - Started process (PID=4299) to work on /home/airflow/.local/lib/python3.8/site-packages/airflow/example_dags/example_sensors.py
[2025-08-02T02:27:58.162+0000] {processor.py:830} INFO - Processing file /home/airflow/.local/lib/python3.8/site-packages/airflow/example_dags/example_sensors.py for tasks to queue
[2025-08-02T02:27:58.164+0000] {logging_mixin.py:188} INFO - [2025-08-02T02:27:58.163+0000] {dagbag.py:540} INFO - Filling up the DagBag from /home/airflow/.local/lib/python3.8/site-packages/airflow/example_dags/example_sensors.py
[2025-08-02T02:27:58.178+0000] {processor.py:840} INFO - DAG(s) 'example_sensors' retrieved from /home/airflow/.local/lib/python3.8/site-packages/airflow/example_dags/example_sensors.py
[2025-08-02T02:27:58.210+0000] {logging_mixin.py:188} INFO - [2025-08-02T02:27:58.210+0000] {dag.py:3047} INFO - Sync 1 DAGs
[2025-08-02T02:27:58.230+0000] {logging_mixin.py:188} INFO - [2025-08-02T02:27:58.229+0000] {dag.py:3834} INFO - Setting next_dagrun for example_sensors to None, run_after=None
[2025-08-02T02:27:58.247+0000] {processor.py:183} INFO - Processing /home/airflow/.local/lib/python3.8/site-packages/airflow/example_dags/example_sensors.py took 0.098 seconds
[2025-08-02T02:28:30.633+0000] {processor.py:161} INFO - Started process (PID=4353) to work on /home/airflow/.local/lib/python3.8/site-packages/airflow/example_dags/example_sensors.py
[2025-08-02T02:28:30.646+0000] {processor.py:830} INFO - Processing file /home/airflow/.local/lib/python3.8/site-packages/airflow/example_dags/example_sensors.py for tasks to queue
[2025-08-02T02:28:30.650+0000] {logging_mixin.py:188} INFO - [2025-08-02T02:28:30.648+0000] {dagbag.py:540} INFO - Filling up the DagBag from /home/airflow/.local/lib/python3.8/site-packages/airflow/example_dags/example_sensors.py
[2025-08-02T02:28:30.698+0000] {processor.py:840} INFO - DAG(s) 'example_sensors' retrieved from /home/airflow/.local/lib/python3.8/site-packages/airflow/example_dags/example_sensors.py
[2025-08-02T02:28:30.746+0000] {logging_mixin.py:188} INFO - [2025-08-02T02:28:30.746+0000] {dag.py:3047} INFO - Sync 1 DAGs
[2025-08-02T02:28:30.776+0000] {logging_mixin.py:188} INFO - [2025-08-02T02:28:30.774+0000] {dag.py:3834} INFO - Setting next_dagrun for example_sensors to None, run_after=None
[2025-08-02T02:28:30.831+0000] {processor.py:183} INFO - Processing /home/airflow/.local/lib/python3.8/site-packages/airflow/example_dags/example_sensors.py took 0.247 seconds
[2025-08-02T02:29:13.974+0000] {processor.py:161} INFO - Started process (PID=4398) to work on /home/airflow/.local/lib/python3.8/site-packages/airflow/example_dags/example_sensors.py
[2025-08-02T02:29:13.976+0000] {processor.py:830} INFO - Processing file /home/airflow/.local/lib/python3.8/site-packages/airflow/example_dags/example_sensors.py for tasks to queue
[2025-08-02T02:29:13.980+0000] {logging_mixin.py:188} INFO - [2025-08-02T02:29:13.979+0000] {dagbag.py:540} INFO - Filling up the DagBag from /home/airflow/.local/lib/python3.8/site-packages/airflow/example_dags/example_sensors.py
[2025-08-02T02:29:14.026+0000] {processor.py:840} INFO - DAG(s) 'example_sensors' retrieved from /home/airflow/.local/lib/python3.8/site-packages/airflow/example_dags/example_sensors.py
[2025-08-02T02:29:14.148+0000] {logging_mixin.py:188} INFO - [2025-08-02T02:29:14.145+0000] {dag.py:3047} INFO - Sync 1 DAGs
[2025-08-02T02:29:14.225+0000] {logging_mixin.py:188} INFO - [2025-08-02T02:29:14.225+0000] {dag.py:3834} INFO - Setting next_dagrun for example_sensors to None, run_after=None
[2025-08-02T02:29:14.402+0000] {processor.py:183} INFO - Processing /home/airflow/.local/lib/python3.8/site-packages/airflow/example_dags/example_sensors.py took 0.432 seconds
[2025-08-02T02:30:13.634+0000] {processor.py:161} INFO - Started process (PID=4459) to work on /home/airflow/.local/lib/python3.8/site-packages/airflow/example_dags/example_sensors.py
[2025-08-02T02:30:13.665+0000] {processor.py:830} INFO - Processing file /home/airflow/.local/lib/python3.8/site-packages/airflow/example_dags/example_sensors.py for tasks to queue
[2025-08-02T02:30:13.677+0000] {logging_mixin.py:188} INFO - [2025-08-02T02:30:13.676+0000] {dagbag.py:540} INFO - Filling up the DagBag from /home/airflow/.local/lib/python3.8/site-packages/airflow/example_dags/example_sensors.py
[2025-08-02T02:30:13.774+0000] {processor.py:840} INFO - DAG(s) 'example_sensors' retrieved from /home/airflow/.local/lib/python3.8/site-packages/airflow/example_dags/example_sensors.py
[2025-08-02T02:30:13.944+0000] {logging_mixin.py:188} INFO - [2025-08-02T02:30:13.941+0000] {dag.py:3047} INFO - Sync 1 DAGs
[2025-08-02T02:30:13.974+0000] {logging_mixin.py:188} INFO - [2025-08-02T02:30:13.974+0000] {dag.py:3834} INFO - Setting next_dagrun for example_sensors to None, run_after=None
[2025-08-02T02:30:14.053+0000] {processor.py:183} INFO - Processing /home/airflow/.local/lib/python3.8/site-packages/airflow/example_dags/example_sensors.py took 0.444 seconds
[2025-08-02T02:30:44.658+0000] {processor.py:161} INFO - Started process (PID=4509) to work on /home/airflow/.local/lib/python3.8/site-packages/airflow/example_dags/example_sensors.py
[2025-08-02T02:30:44.663+0000] {processor.py:830} INFO - Processing file /home/airflow/.local/lib/python3.8/site-packages/airflow/example_dags/example_sensors.py for tasks to queue
[2025-08-02T02:30:44.674+0000] {logging_mixin.py:188} INFO - [2025-08-02T02:30:44.664+0000] {dagbag.py:540} INFO - Filling up the DagBag from /home/airflow/.local/lib/python3.8/site-packages/airflow/example_dags/example_sensors.py
[2025-08-02T02:30:44.770+0000] {processor.py:840} INFO - DAG(s) 'example_sensors' retrieved from /home/airflow/.local/lib/python3.8/site-packages/airflow/example_dags/example_sensors.py
[2025-08-02T02:30:45.192+0000] {logging_mixin.py:188} INFO - [2025-08-02T02:30:45.186+0000] {dag.py:3047} INFO - Sync 1 DAGs
[2025-08-02T02:30:45.344+0000] {logging_mixin.py:188} INFO - [2025-08-02T02:30:45.338+0000] {dag.py:3834} INFO - Setting next_dagrun for example_sensors to None, run_after=None
[2025-08-02T02:30:46.384+0000] {processor.py:183} INFO - Processing /home/airflow/.local/lib/python3.8/site-packages/airflow/example_dags/example_sensors.py took 1.733 seconds
[2025-08-02T02:36:57.447+0000] {processor.py:161} INFO - Started process (PID=99) to work on /home/airflow/.local/lib/python3.8/site-packages/airflow/example_dags/example_sensors.py
[2025-08-02T02:36:57.449+0000] {processor.py:830} INFO - Processing file /home/airflow/.local/lib/python3.8/site-packages/airflow/example_dags/example_sensors.py for tasks to queue
[2025-08-02T02:36:57.451+0000] {logging_mixin.py:188} INFO - [2025-08-02T02:36:57.451+0000] {dagbag.py:540} INFO - Filling up the DagBag from /home/airflow/.local/lib/python3.8/site-packages/airflow/example_dags/example_sensors.py
[2025-08-02T02:36:57.458+0000] {processor.py:840} INFO - DAG(s) 'example_sensors' retrieved from /home/airflow/.local/lib/python3.8/site-packages/airflow/example_dags/example_sensors.py
[2025-08-02T02:36:57.554+0000] {logging_mixin.py:188} INFO - [2025-08-02T02:36:57.554+0000] {dag.py:3047} INFO - Sync 1 DAGs
[2025-08-02T02:36:57.566+0000] {logging_mixin.py:188} INFO - [2025-08-02T02:36:57.565+0000] {dag.py:3834} INFO - Setting next_dagrun for example_sensors to None, run_after=None
[2025-08-02T02:36:57.618+0000] {processor.py:183} INFO - Processing /home/airflow/.local/lib/python3.8/site-packages/airflow/example_dags/example_sensors.py took 0.174 seconds
[2025-08-02T02:37:28.145+0000] {processor.py:161} INFO - Started process (PID=155) to work on /home/airflow/.local/lib/python3.8/site-packages/airflow/example_dags/example_sensors.py
[2025-08-02T02:37:28.146+0000] {processor.py:830} INFO - Processing file /home/airflow/.local/lib/python3.8/site-packages/airflow/example_dags/example_sensors.py for tasks to queue
[2025-08-02T02:37:28.149+0000] {logging_mixin.py:188} INFO - [2025-08-02T02:37:28.149+0000] {dagbag.py:540} INFO - Filling up the DagBag from /home/airflow/.local/lib/python3.8/site-packages/airflow/example_dags/example_sensors.py
[2025-08-02T02:37:28.159+0000] {processor.py:840} INFO - DAG(s) 'example_sensors' retrieved from /home/airflow/.local/lib/python3.8/site-packages/airflow/example_dags/example_sensors.py
[2025-08-02T02:37:28.178+0000] {logging_mixin.py:188} INFO - [2025-08-02T02:37:28.178+0000] {dag.py:3047} INFO - Sync 1 DAGs
[2025-08-02T02:37:28.198+0000] {logging_mixin.py:188} INFO - [2025-08-02T02:37:28.198+0000] {dag.py:3834} INFO - Setting next_dagrun for example_sensors to None, run_after=None
[2025-08-02T02:37:28.210+0000] {processor.py:183} INFO - Processing /home/airflow/.local/lib/python3.8/site-packages/airflow/example_dags/example_sensors.py took 0.067 seconds
[2025-08-02T02:37:58.587+0000] {processor.py:161} INFO - Started process (PID=211) to work on /home/airflow/.local/lib/python3.8/site-packages/airflow/example_dags/example_sensors.py
[2025-08-02T02:37:58.590+0000] {processor.py:830} INFO - Processing file /home/airflow/.local/lib/python3.8/site-packages/airflow/example_dags/example_sensors.py for tasks to queue
[2025-08-02T02:37:58.599+0000] {logging_mixin.py:188} INFO - [2025-08-02T02:37:58.598+0000] {dagbag.py:540} INFO - Filling up the DagBag from /home/airflow/.local/lib/python3.8/site-packages/airflow/example_dags/example_sensors.py
[2025-08-02T02:37:58.609+0000] {processor.py:840} INFO - DAG(s) 'example_sensors' retrieved from /home/airflow/.local/lib/python3.8/site-packages/airflow/example_dags/example_sensors.py
[2025-08-02T02:37:58.647+0000] {logging_mixin.py:188} INFO - [2025-08-02T02:37:58.647+0000] {dag.py:3047} INFO - Sync 1 DAGs
[2025-08-02T02:37:58.670+0000] {logging_mixin.py:188} INFO - [2025-08-02T02:37:58.669+0000] {dag.py:3834} INFO - Setting next_dagrun for example_sensors to None, run_after=None
[2025-08-02T02:37:58.692+0000] {processor.py:183} INFO - Processing /home/airflow/.local/lib/python3.8/site-packages/airflow/example_dags/example_sensors.py took 0.116 seconds
[2025-08-02T02:38:29.257+0000] {processor.py:161} INFO - Started process (PID=267) to work on /home/airflow/.local/lib/python3.8/site-packages/airflow/example_dags/example_sensors.py
[2025-08-02T02:38:29.259+0000] {processor.py:830} INFO - Processing file /home/airflow/.local/lib/python3.8/site-packages/airflow/example_dags/example_sensors.py for tasks to queue
[2025-08-02T02:38:29.262+0000] {logging_mixin.py:188} INFO - [2025-08-02T02:38:29.262+0000] {dagbag.py:540} INFO - Filling up the DagBag from /home/airflow/.local/lib/python3.8/site-packages/airflow/example_dags/example_sensors.py
[2025-08-02T02:38:29.272+0000] {processor.py:840} INFO - DAG(s) 'example_sensors' retrieved from /home/airflow/.local/lib/python3.8/site-packages/airflow/example_dags/example_sensors.py
[2025-08-02T02:38:29.292+0000] {logging_mixin.py:188} INFO - [2025-08-02T02:38:29.292+0000] {dag.py:3047} INFO - Sync 1 DAGs
[2025-08-02T02:38:29.301+0000] {logging_mixin.py:188} INFO - [2025-08-02T02:38:29.301+0000] {dag.py:3834} INFO - Setting next_dagrun for example_sensors to None, run_after=None
[2025-08-02T02:38:29.313+0000] {processor.py:183} INFO - Processing /home/airflow/.local/lib/python3.8/site-packages/airflow/example_dags/example_sensors.py took 0.060 seconds
[2025-08-02T02:38:59.619+0000] {processor.py:161} INFO - Started process (PID=323) to work on /home/airflow/.local/lib/python3.8/site-packages/airflow/example_dags/example_sensors.py
[2025-08-02T02:38:59.622+0000] {processor.py:830} INFO - Processing file /home/airflow/.local/lib/python3.8/site-packages/airflow/example_dags/example_sensors.py for tasks to queue
[2025-08-02T02:38:59.626+0000] {logging_mixin.py:188} INFO - [2025-08-02T02:38:59.625+0000] {dagbag.py:540} INFO - Filling up the DagBag from /home/airflow/.local/lib/python3.8/site-packages/airflow/example_dags/example_sensors.py
[2025-08-02T02:38:59.639+0000] {processor.py:840} INFO - DAG(s) 'example_sensors' retrieved from /home/airflow/.local/lib/python3.8/site-packages/airflow/example_dags/example_sensors.py
[2025-08-02T02:38:59.657+0000] {logging_mixin.py:188} INFO - [2025-08-02T02:38:59.657+0000] {dag.py:3047} INFO - Sync 1 DAGs
[2025-08-02T02:38:59.665+0000] {logging_mixin.py:188} INFO - [2025-08-02T02:38:59.665+0000] {dag.py:3834} INFO - Setting next_dagrun for example_sensors to None, run_after=None
[2025-08-02T02:38:59.681+0000] {processor.py:183} INFO - Processing /home/airflow/.local/lib/python3.8/site-packages/airflow/example_dags/example_sensors.py took 0.065 seconds
[2025-08-02T02:39:31.048+0000] {processor.py:161} INFO - Started process (PID=378) to work on /home/airflow/.local/lib/python3.8/site-packages/airflow/example_dags/example_sensors.py
[2025-08-02T02:39:31.050+0000] {processor.py:830} INFO - Processing file /home/airflow/.local/lib/python3.8/site-packages/airflow/example_dags/example_sensors.py for tasks to queue
[2025-08-02T02:39:31.052+0000] {logging_mixin.py:188} INFO - [2025-08-02T02:39:31.052+0000] {dagbag.py:540} INFO - Filling up the DagBag from /home/airflow/.local/lib/python3.8/site-packages/airflow/example_dags/example_sensors.py
[2025-08-02T02:39:31.063+0000] {processor.py:840} INFO - DAG(s) 'example_sensors' retrieved from /home/airflow/.local/lib/python3.8/site-packages/airflow/example_dags/example_sensors.py
[2025-08-02T02:39:31.097+0000] {logging_mixin.py:188} INFO - [2025-08-02T02:39:31.097+0000] {dag.py:3047} INFO - Sync 1 DAGs
[2025-08-02T02:39:31.112+0000] {logging_mixin.py:188} INFO - [2025-08-02T02:39:31.112+0000] {dag.py:3834} INFO - Setting next_dagrun for example_sensors to None, run_after=None
[2025-08-02T02:39:31.143+0000] {processor.py:183} INFO - Processing /home/airflow/.local/lib/python3.8/site-packages/airflow/example_dags/example_sensors.py took 0.104 seconds
[2025-08-02T02:40:01.310+0000] {processor.py:161} INFO - Started process (PID=434) to work on /home/airflow/.local/lib/python3.8/site-packages/airflow/example_dags/example_sensors.py
[2025-08-02T02:40:01.312+0000] {processor.py:830} INFO - Processing file /home/airflow/.local/lib/python3.8/site-packages/airflow/example_dags/example_sensors.py for tasks to queue
[2025-08-02T02:40:01.314+0000] {logging_mixin.py:188} INFO - [2025-08-02T02:40:01.314+0000] {dagbag.py:540} INFO - Filling up the DagBag from /home/airflow/.local/lib/python3.8/site-packages/airflow/example_dags/example_sensors.py
[2025-08-02T02:40:01.326+0000] {processor.py:840} INFO - DAG(s) 'example_sensors' retrieved from /home/airflow/.local/lib/python3.8/site-packages/airflow/example_dags/example_sensors.py
[2025-08-02T02:40:01.353+0000] {logging_mixin.py:188} INFO - [2025-08-02T02:40:01.353+0000] {dag.py:3047} INFO - Sync 1 DAGs
[2025-08-02T02:40:01.366+0000] {logging_mixin.py:188} INFO - [2025-08-02T02:40:01.365+0000] {dag.py:3834} INFO - Setting next_dagrun for example_sensors to None, run_after=None
[2025-08-02T02:40:01.406+0000] {processor.py:183} INFO - Processing /home/airflow/.local/lib/python3.8/site-packages/airflow/example_dags/example_sensors.py took 0.100 seconds
[2025-08-02T02:40:31.449+0000] {processor.py:161} INFO - Started process (PID=490) to work on /home/airflow/.local/lib/python3.8/site-packages/airflow/example_dags/example_sensors.py
[2025-08-02T02:40:31.450+0000] {processor.py:830} INFO - Processing file /home/airflow/.local/lib/python3.8/site-packages/airflow/example_dags/example_sensors.py for tasks to queue
[2025-08-02T02:40:31.451+0000] {logging_mixin.py:188} INFO - [2025-08-02T02:40:31.451+0000] {dagbag.py:540} INFO - Filling up the DagBag from /home/airflow/.local/lib/python3.8/site-packages/airflow/example_dags/example_sensors.py
[2025-08-02T02:40:31.457+0000] {processor.py:840} INFO - DAG(s) 'example_sensors' retrieved from /home/airflow/.local/lib/python3.8/site-packages/airflow/example_dags/example_sensors.py
[2025-08-02T02:40:31.474+0000] {logging_mixin.py:188} INFO - [2025-08-02T02:40:31.473+0000] {dag.py:3047} INFO - Sync 1 DAGs
[2025-08-02T02:40:31.479+0000] {logging_mixin.py:188} INFO - [2025-08-02T02:40:31.479+0000] {dag.py:3834} INFO - Setting next_dagrun for example_sensors to None, run_after=None
[2025-08-02T02:40:31.488+0000] {processor.py:183} INFO - Processing /home/airflow/.local/lib/python3.8/site-packages/airflow/example_dags/example_sensors.py took 0.041 seconds
[2025-08-02T02:41:01.826+0000] {processor.py:161} INFO - Started process (PID=546) to work on /home/airflow/.local/lib/python3.8/site-packages/airflow/example_dags/example_sensors.py
[2025-08-02T02:41:01.830+0000] {processor.py:830} INFO - Processing file /home/airflow/.local/lib/python3.8/site-packages/airflow/example_dags/example_sensors.py for tasks to queue
[2025-08-02T02:41:01.832+0000] {logging_mixin.py:188} INFO - [2025-08-02T02:41:01.831+0000] {dagbag.py:540} INFO - Filling up the DagBag from /home/airflow/.local/lib/python3.8/site-packages/airflow/example_dags/example_sensors.py
[2025-08-02T02:41:01.840+0000] {processor.py:840} INFO - DAG(s) 'example_sensors' retrieved from /home/airflow/.local/lib/python3.8/site-packages/airflow/example_dags/example_sensors.py
[2025-08-02T02:41:01.871+0000] {logging_mixin.py:188} INFO - [2025-08-02T02:41:01.871+0000] {dag.py:3047} INFO - Sync 1 DAGs
[2025-08-02T02:41:01.881+0000] {logging_mixin.py:188} INFO - [2025-08-02T02:41:01.881+0000] {dag.py:3834} INFO - Setting next_dagrun for example_sensors to None, run_after=None
[2025-08-02T02:41:01.895+0000] {processor.py:183} INFO - Processing /home/airflow/.local/lib/python3.8/site-packages/airflow/example_dags/example_sensors.py took 0.073 seconds
[2025-08-02T02:41:32.510+0000] {processor.py:161} INFO - Started process (PID=602) to work on /home/airflow/.local/lib/python3.8/site-packages/airflow/example_dags/example_sensors.py
[2025-08-02T02:41:32.511+0000] {processor.py:830} INFO - Processing file /home/airflow/.local/lib/python3.8/site-packages/airflow/example_dags/example_sensors.py for tasks to queue
[2025-08-02T02:41:32.513+0000] {logging_mixin.py:188} INFO - [2025-08-02T02:41:32.513+0000] {dagbag.py:540} INFO - Filling up the DagBag from /home/airflow/.local/lib/python3.8/site-packages/airflow/example_dags/example_sensors.py
[2025-08-02T02:41:32.521+0000] {processor.py:840} INFO - DAG(s) 'example_sensors' retrieved from /home/airflow/.local/lib/python3.8/site-packages/airflow/example_dags/example_sensors.py
[2025-08-02T02:41:32.542+0000] {logging_mixin.py:188} INFO - [2025-08-02T02:41:32.542+0000] {dag.py:3047} INFO - Sync 1 DAGs
[2025-08-02T02:41:32.548+0000] {logging_mixin.py:188} INFO - [2025-08-02T02:41:32.548+0000] {dag.py:3834} INFO - Setting next_dagrun for example_sensors to None, run_after=None
[2025-08-02T02:41:32.557+0000] {processor.py:183} INFO - Processing /home/airflow/.local/lib/python3.8/site-packages/airflow/example_dags/example_sensors.py took 0.050 seconds
[2025-08-02T02:42:02.924+0000] {processor.py:161} INFO - Started process (PID=658) to work on /home/airflow/.local/lib/python3.8/site-packages/airflow/example_dags/example_sensors.py
[2025-08-02T02:42:02.925+0000] {processor.py:830} INFO - Processing file /home/airflow/.local/lib/python3.8/site-packages/airflow/example_dags/example_sensors.py for tasks to queue
[2025-08-02T02:42:02.927+0000] {logging_mixin.py:188} INFO - [2025-08-02T02:42:02.927+0000] {dagbag.py:540} INFO - Filling up the DagBag from /home/airflow/.local/lib/python3.8/site-packages/airflow/example_dags/example_sensors.py
[2025-08-02T02:42:02.938+0000] {processor.py:840} INFO - DAG(s) 'example_sensors' retrieved from /home/airflow/.local/lib/python3.8/site-packages/airflow/example_dags/example_sensors.py
[2025-08-02T02:42:02.961+0000] {logging_mixin.py:188} INFO - [2025-08-02T02:42:02.961+0000] {dag.py:3047} INFO - Sync 1 DAGs
[2025-08-02T02:42:02.974+0000] {logging_mixin.py:188} INFO - [2025-08-02T02:42:02.973+0000] {dag.py:3834} INFO - Setting next_dagrun for example_sensors to None, run_after=None
[2025-08-02T02:42:02.985+0000] {processor.py:183} INFO - Processing /home/airflow/.local/lib/python3.8/site-packages/airflow/example_dags/example_sensors.py took 0.064 seconds
[2025-08-02T02:42:33.230+0000] {processor.py:161} INFO - Started process (PID=714) to work on /home/airflow/.local/lib/python3.8/site-packages/airflow/example_dags/example_sensors.py
[2025-08-02T02:42:33.231+0000] {processor.py:830} INFO - Processing file /home/airflow/.local/lib/python3.8/site-packages/airflow/example_dags/example_sensors.py for tasks to queue
[2025-08-02T02:42:33.232+0000] {logging_mixin.py:188} INFO - [2025-08-02T02:42:33.232+0000] {dagbag.py:540} INFO - Filling up the DagBag from /home/airflow/.local/lib/python3.8/site-packages/airflow/example_dags/example_sensors.py
[2025-08-02T02:42:33.238+0000] {processor.py:840} INFO - DAG(s) 'example_sensors' retrieved from /home/airflow/.local/lib/python3.8/site-packages/airflow/example_dags/example_sensors.py
[2025-08-02T02:42:33.257+0000] {logging_mixin.py:188} INFO - [2025-08-02T02:42:33.257+0000] {dag.py:3047} INFO - Sync 1 DAGs
[2025-08-02T02:42:33.267+0000] {logging_mixin.py:188} INFO - [2025-08-02T02:42:33.266+0000] {dag.py:3834} INFO - Setting next_dagrun for example_sensors to None, run_after=None
[2025-08-02T02:42:33.281+0000] {processor.py:183} INFO - Processing /home/airflow/.local/lib/python3.8/site-packages/airflow/example_dags/example_sensors.py took 0.053 seconds
[2025-08-02T02:46:31.092+0000] {processor.py:161} INFO - Started process (PID=99) to work on /home/airflow/.local/lib/python3.8/site-packages/airflow/example_dags/example_sensors.py
[2025-08-02T02:46:31.095+0000] {processor.py:830} INFO - Processing file /home/airflow/.local/lib/python3.8/site-packages/airflow/example_dags/example_sensors.py for tasks to queue
[2025-08-02T02:46:31.104+0000] {logging_mixin.py:188} INFO - [2025-08-02T02:46:31.102+0000] {dagbag.py:540} INFO - Filling up the DagBag from /home/airflow/.local/lib/python3.8/site-packages/airflow/example_dags/example_sensors.py
[2025-08-02T02:46:31.142+0000] {processor.py:840} INFO - DAG(s) 'example_sensors' retrieved from /home/airflow/.local/lib/python3.8/site-packages/airflow/example_dags/example_sensors.py
[2025-08-02T02:46:31.603+0000] {logging_mixin.py:188} INFO - [2025-08-02T02:46:31.598+0000] {dag.py:3047} INFO - Sync 1 DAGs
[2025-08-02T02:46:31.663+0000] {logging_mixin.py:188} INFO - [2025-08-02T02:46:31.662+0000] {dag.py:3834} INFO - Setting next_dagrun for example_sensors to None, run_after=None
[2025-08-02T02:46:31.933+0000] {processor.py:183} INFO - Processing /home/airflow/.local/lib/python3.8/site-packages/airflow/example_dags/example_sensors.py took 0.852 seconds
[2025-08-02T02:47:08.293+0000] {processor.py:161} INFO - Started process (PID=156) to work on /home/airflow/.local/lib/python3.8/site-packages/airflow/example_dags/example_sensors.py
[2025-08-02T02:47:08.295+0000] {processor.py:830} INFO - Processing file /home/airflow/.local/lib/python3.8/site-packages/airflow/example_dags/example_sensors.py for tasks to queue
[2025-08-02T02:47:08.297+0000] {logging_mixin.py:188} INFO - [2025-08-02T02:47:08.297+0000] {dagbag.py:540} INFO - Filling up the DagBag from /home/airflow/.local/lib/python3.8/site-packages/airflow/example_dags/example_sensors.py
[2025-08-02T02:47:08.494+0000] {processor.py:840} INFO - DAG(s) 'example_sensors' retrieved from /home/airflow/.local/lib/python3.8/site-packages/airflow/example_dags/example_sensors.py
[2025-08-02T02:47:08.653+0000] {logging_mixin.py:188} INFO - [2025-08-02T02:47:08.649+0000] {dag.py:3047} INFO - Sync 1 DAGs
[2025-08-02T02:47:08.700+0000] {logging_mixin.py:188} INFO - [2025-08-02T02:47:08.700+0000] {dag.py:3834} INFO - Setting next_dagrun for example_sensors to None, run_after=None
[2025-08-02T02:47:08.859+0000] {processor.py:183} INFO - Processing /home/airflow/.local/lib/python3.8/site-packages/airflow/example_dags/example_sensors.py took 0.570 seconds
[2025-08-02T02:47:42.725+0000] {processor.py:161} INFO - Started process (PID=212) to work on /home/airflow/.local/lib/python3.8/site-packages/airflow/example_dags/example_sensors.py
[2025-08-02T02:47:42.731+0000] {processor.py:830} INFO - Processing file /home/airflow/.local/lib/python3.8/site-packages/airflow/example_dags/example_sensors.py for tasks to queue
[2025-08-02T02:47:42.738+0000] {logging_mixin.py:188} INFO - [2025-08-02T02:47:42.736+0000] {dagbag.py:540} INFO - Filling up the DagBag from /home/airflow/.local/lib/python3.8/site-packages/airflow/example_dags/example_sensors.py
[2025-08-02T02:47:42.766+0000] {processor.py:840} INFO - DAG(s) 'example_sensors' retrieved from /home/airflow/.local/lib/python3.8/site-packages/airflow/example_dags/example_sensors.py
[2025-08-02T02:47:42.867+0000] {logging_mixin.py:188} INFO - [2025-08-02T02:47:42.865+0000] {dag.py:3047} INFO - Sync 1 DAGs
[2025-08-02T02:47:42.891+0000] {logging_mixin.py:188} INFO - [2025-08-02T02:47:42.891+0000] {dag.py:3834} INFO - Setting next_dagrun for example_sensors to None, run_after=None
[2025-08-02T02:47:42.968+0000] {processor.py:183} INFO - Processing /home/airflow/.local/lib/python3.8/site-packages/airflow/example_dags/example_sensors.py took 0.250 seconds
[2025-08-02T02:48:13.643+0000] {processor.py:161} INFO - Started process (PID=267) to work on /home/airflow/.local/lib/python3.8/site-packages/airflow/example_dags/example_sensors.py
[2025-08-02T02:48:13.646+0000] {processor.py:830} INFO - Processing file /home/airflow/.local/lib/python3.8/site-packages/airflow/example_dags/example_sensors.py for tasks to queue
[2025-08-02T02:48:13.648+0000] {logging_mixin.py:188} INFO - [2025-08-02T02:48:13.648+0000] {dagbag.py:540} INFO - Filling up the DagBag from /home/airflow/.local/lib/python3.8/site-packages/airflow/example_dags/example_sensors.py
[2025-08-02T02:48:13.657+0000] {processor.py:840} INFO - DAG(s) 'example_sensors' retrieved from /home/airflow/.local/lib/python3.8/site-packages/airflow/example_dags/example_sensors.py
[2025-08-02T02:48:13.675+0000] {logging_mixin.py:188} INFO - [2025-08-02T02:48:13.675+0000] {dag.py:3047} INFO - Sync 1 DAGs
[2025-08-02T02:48:13.683+0000] {logging_mixin.py:188} INFO - [2025-08-02T02:48:13.683+0000] {dag.py:3834} INFO - Setting next_dagrun for example_sensors to None, run_after=None
[2025-08-02T02:48:13.699+0000] {processor.py:183} INFO - Processing /home/airflow/.local/lib/python3.8/site-packages/airflow/example_dags/example_sensors.py took 0.060 seconds
[2025-08-02T02:48:43.821+0000] {processor.py:161} INFO - Started process (PID=323) to work on /home/airflow/.local/lib/python3.8/site-packages/airflow/example_dags/example_sensors.py
[2025-08-02T02:48:43.822+0000] {processor.py:830} INFO - Processing file /home/airflow/.local/lib/python3.8/site-packages/airflow/example_dags/example_sensors.py for tasks to queue
[2025-08-02T02:48:43.824+0000] {logging_mixin.py:188} INFO - [2025-08-02T02:48:43.824+0000] {dagbag.py:540} INFO - Filling up the DagBag from /home/airflow/.local/lib/python3.8/site-packages/airflow/example_dags/example_sensors.py
[2025-08-02T02:48:43.830+0000] {processor.py:840} INFO - DAG(s) 'example_sensors' retrieved from /home/airflow/.local/lib/python3.8/site-packages/airflow/example_dags/example_sensors.py
[2025-08-02T02:48:43.854+0000] {logging_mixin.py:188} INFO - [2025-08-02T02:48:43.854+0000] {dag.py:3047} INFO - Sync 1 DAGs
[2025-08-02T02:48:43.865+0000] {logging_mixin.py:188} INFO - [2025-08-02T02:48:43.865+0000] {dag.py:3834} INFO - Setting next_dagrun for example_sensors to None, run_after=None
[2025-08-02T02:48:43.881+0000] {processor.py:183} INFO - Processing /home/airflow/.local/lib/python3.8/site-packages/airflow/example_dags/example_sensors.py took 0.063 seconds
[2025-08-02T02:49:14.335+0000] {processor.py:161} INFO - Started process (PID=379) to work on /home/airflow/.local/lib/python3.8/site-packages/airflow/example_dags/example_sensors.py
[2025-08-02T02:49:14.336+0000] {processor.py:830} INFO - Processing file /home/airflow/.local/lib/python3.8/site-packages/airflow/example_dags/example_sensors.py for tasks to queue
[2025-08-02T02:49:14.337+0000] {logging_mixin.py:188} INFO - [2025-08-02T02:49:14.337+0000] {dagbag.py:540} INFO - Filling up the DagBag from /home/airflow/.local/lib/python3.8/site-packages/airflow/example_dags/example_sensors.py
[2025-08-02T02:49:14.342+0000] {processor.py:840} INFO - DAG(s) 'example_sensors' retrieved from /home/airflow/.local/lib/python3.8/site-packages/airflow/example_dags/example_sensors.py
[2025-08-02T02:49:14.360+0000] {logging_mixin.py:188} INFO - [2025-08-02T02:49:14.360+0000] {dag.py:3047} INFO - Sync 1 DAGs
[2025-08-02T02:49:14.371+0000] {logging_mixin.py:188} INFO - [2025-08-02T02:49:14.371+0000] {dag.py:3834} INFO - Setting next_dagrun for example_sensors to None, run_after=None
[2025-08-02T02:49:14.386+0000] {processor.py:183} INFO - Processing /home/airflow/.local/lib/python3.8/site-packages/airflow/example_dags/example_sensors.py took 0.052 seconds
[2025-08-02T02:49:44.906+0000] {processor.py:161} INFO - Started process (PID=435) to work on /home/airflow/.local/lib/python3.8/site-packages/airflow/example_dags/example_sensors.py
[2025-08-02T02:49:44.910+0000] {processor.py:830} INFO - Processing file /home/airflow/.local/lib/python3.8/site-packages/airflow/example_dags/example_sensors.py for tasks to queue
[2025-08-02T02:49:44.911+0000] {logging_mixin.py:188} INFO - [2025-08-02T02:49:44.911+0000] {dagbag.py:540} INFO - Filling up the DagBag from /home/airflow/.local/lib/python3.8/site-packages/airflow/example_dags/example_sensors.py
[2025-08-02T02:49:44.922+0000] {processor.py:840} INFO - DAG(s) 'example_sensors' retrieved from /home/airflow/.local/lib/python3.8/site-packages/airflow/example_dags/example_sensors.py
[2025-08-02T02:49:44.967+0000] {logging_mixin.py:188} INFO - [2025-08-02T02:49:44.966+0000] {dag.py:3047} INFO - Sync 1 DAGs
[2025-08-02T02:49:44.977+0000] {logging_mixin.py:188} INFO - [2025-08-02T02:49:44.977+0000] {dag.py:3834} INFO - Setting next_dagrun for example_sensors to None, run_after=None
[2025-08-02T02:49:44.994+0000] {processor.py:183} INFO - Processing /home/airflow/.local/lib/python3.8/site-packages/airflow/example_dags/example_sensors.py took 0.090 seconds
[2025-08-02T02:50:15.489+0000] {processor.py:161} INFO - Started process (PID=491) to work on /home/airflow/.local/lib/python3.8/site-packages/airflow/example_dags/example_sensors.py
[2025-08-02T02:50:15.490+0000] {processor.py:830} INFO - Processing file /home/airflow/.local/lib/python3.8/site-packages/airflow/example_dags/example_sensors.py for tasks to queue
[2025-08-02T02:50:15.492+0000] {logging_mixin.py:188} INFO - [2025-08-02T02:50:15.491+0000] {dagbag.py:540} INFO - Filling up the DagBag from /home/airflow/.local/lib/python3.8/site-packages/airflow/example_dags/example_sensors.py
[2025-08-02T02:50:15.497+0000] {processor.py:840} INFO - DAG(s) 'example_sensors' retrieved from /home/airflow/.local/lib/python3.8/site-packages/airflow/example_dags/example_sensors.py
[2025-08-02T02:50:15.521+0000] {logging_mixin.py:188} INFO - [2025-08-02T02:50:15.521+0000] {dag.py:3047} INFO - Sync 1 DAGs
[2025-08-02T02:50:15.546+0000] {logging_mixin.py:188} INFO - [2025-08-02T02:50:15.545+0000] {dag.py:3834} INFO - Setting next_dagrun for example_sensors to None, run_after=None
[2025-08-02T02:50:15.584+0000] {processor.py:183} INFO - Processing /home/airflow/.local/lib/python3.8/site-packages/airflow/example_dags/example_sensors.py took 0.098 seconds
[2025-08-02T02:50:46.330+0000] {processor.py:161} INFO - Started process (PID=547) to work on /home/airflow/.local/lib/python3.8/site-packages/airflow/example_dags/example_sensors.py
[2025-08-02T02:50:46.334+0000] {processor.py:830} INFO - Processing file /home/airflow/.local/lib/python3.8/site-packages/airflow/example_dags/example_sensors.py for tasks to queue
[2025-08-02T02:50:46.344+0000] {logging_mixin.py:188} INFO - [2025-08-02T02:50:46.342+0000] {dagbag.py:540} INFO - Filling up the DagBag from /home/airflow/.local/lib/python3.8/site-packages/airflow/example_dags/example_sensors.py
[2025-08-02T02:50:46.356+0000] {processor.py:840} INFO - DAG(s) 'example_sensors' retrieved from /home/airflow/.local/lib/python3.8/site-packages/airflow/example_dags/example_sensors.py
[2025-08-02T02:50:46.386+0000] {logging_mixin.py:188} INFO - [2025-08-02T02:50:46.383+0000] {dag.py:3047} INFO - Sync 1 DAGs
[2025-08-02T02:50:46.413+0000] {logging_mixin.py:188} INFO - [2025-08-02T02:50:46.413+0000] {dag.py:3834} INFO - Setting next_dagrun for example_sensors to None, run_after=None
[2025-08-02T02:50:46.428+0000] {processor.py:183} INFO - Processing /home/airflow/.local/lib/python3.8/site-packages/airflow/example_dags/example_sensors.py took 0.100 seconds
[2025-08-02T02:51:17.090+0000] {processor.py:161} INFO - Started process (PID=603) to work on /home/airflow/.local/lib/python3.8/site-packages/airflow/example_dags/example_sensors.py
[2025-08-02T02:51:17.091+0000] {processor.py:830} INFO - Processing file /home/airflow/.local/lib/python3.8/site-packages/airflow/example_dags/example_sensors.py for tasks to queue
[2025-08-02T02:51:17.093+0000] {logging_mixin.py:188} INFO - [2025-08-02T02:51:17.093+0000] {dagbag.py:540} INFO - Filling up the DagBag from /home/airflow/.local/lib/python3.8/site-packages/airflow/example_dags/example_sensors.py
[2025-08-02T02:51:17.101+0000] {processor.py:840} INFO - DAG(s) 'example_sensors' retrieved from /home/airflow/.local/lib/python3.8/site-packages/airflow/example_dags/example_sensors.py
[2025-08-02T02:51:17.125+0000] {logging_mixin.py:188} INFO - [2025-08-02T02:51:17.125+0000] {dag.py:3047} INFO - Sync 1 DAGs
[2025-08-02T02:51:17.139+0000] {logging_mixin.py:188} INFO - [2025-08-02T02:51:17.139+0000] {dag.py:3834} INFO - Setting next_dagrun for example_sensors to None, run_after=None
[2025-08-02T02:51:17.172+0000] {processor.py:183} INFO - Processing /home/airflow/.local/lib/python3.8/site-packages/airflow/example_dags/example_sensors.py took 0.086 seconds
[2025-08-02T02:51:47.316+0000] {processor.py:161} INFO - Started process (PID=659) to work on /home/airflow/.local/lib/python3.8/site-packages/airflow/example_dags/example_sensors.py
[2025-08-02T02:51:47.317+0000] {processor.py:830} INFO - Processing file /home/airflow/.local/lib/python3.8/site-packages/airflow/example_dags/example_sensors.py for tasks to queue
[2025-08-02T02:51:47.319+0000] {logging_mixin.py:188} INFO - [2025-08-02T02:51:47.319+0000] {dagbag.py:540} INFO - Filling up the DagBag from /home/airflow/.local/lib/python3.8/site-packages/airflow/example_dags/example_sensors.py
[2025-08-02T02:51:47.325+0000] {processor.py:840} INFO - DAG(s) 'example_sensors' retrieved from /home/airflow/.local/lib/python3.8/site-packages/airflow/example_dags/example_sensors.py
[2025-08-02T02:51:47.347+0000] {logging_mixin.py:188} INFO - [2025-08-02T02:51:47.347+0000] {dag.py:3047} INFO - Sync 1 DAGs
[2025-08-02T02:51:47.362+0000] {logging_mixin.py:188} INFO - [2025-08-02T02:51:47.361+0000] {dag.py:3834} INFO - Setting next_dagrun for example_sensors to None, run_after=None
[2025-08-02T02:51:47.394+0000] {processor.py:183} INFO - Processing /home/airflow/.local/lib/python3.8/site-packages/airflow/example_dags/example_sensors.py took 0.081 seconds
[2025-08-02T02:52:18.072+0000] {processor.py:161} INFO - Started process (PID=715) to work on /home/airflow/.local/lib/python3.8/site-packages/airflow/example_dags/example_sensors.py
[2025-08-02T02:52:18.073+0000] {processor.py:830} INFO - Processing file /home/airflow/.local/lib/python3.8/site-packages/airflow/example_dags/example_sensors.py for tasks to queue
[2025-08-02T02:52:18.077+0000] {logging_mixin.py:188} INFO - [2025-08-02T02:52:18.076+0000] {dagbag.py:540} INFO - Filling up the DagBag from /home/airflow/.local/lib/python3.8/site-packages/airflow/example_dags/example_sensors.py
[2025-08-02T02:52:18.087+0000] {processor.py:840} INFO - DAG(s) 'example_sensors' retrieved from /home/airflow/.local/lib/python3.8/site-packages/airflow/example_dags/example_sensors.py
[2025-08-02T02:52:18.120+0000] {logging_mixin.py:188} INFO - [2025-08-02T02:52:18.119+0000] {dag.py:3047} INFO - Sync 1 DAGs
[2025-08-02T02:52:18.135+0000] {logging_mixin.py:188} INFO - [2025-08-02T02:52:18.135+0000] {dag.py:3834} INFO - Setting next_dagrun for example_sensors to None, run_after=None
[2025-08-02T02:52:18.164+0000] {processor.py:183} INFO - Processing /home/airflow/.local/lib/python3.8/site-packages/airflow/example_dags/example_sensors.py took 0.096 seconds
[2025-08-02T02:52:48.541+0000] {processor.py:161} INFO - Started process (PID=771) to work on /home/airflow/.local/lib/python3.8/site-packages/airflow/example_dags/example_sensors.py
[2025-08-02T02:52:48.542+0000] {processor.py:830} INFO - Processing file /home/airflow/.local/lib/python3.8/site-packages/airflow/example_dags/example_sensors.py for tasks to queue
[2025-08-02T02:52:48.543+0000] {logging_mixin.py:188} INFO - [2025-08-02T02:52:48.543+0000] {dagbag.py:540} INFO - Filling up the DagBag from /home/airflow/.local/lib/python3.8/site-packages/airflow/example_dags/example_sensors.py
[2025-08-02T02:52:48.549+0000] {processor.py:840} INFO - DAG(s) 'example_sensors' retrieved from /home/airflow/.local/lib/python3.8/site-packages/airflow/example_dags/example_sensors.py
[2025-08-02T02:52:48.563+0000] {logging_mixin.py:188} INFO - [2025-08-02T02:52:48.563+0000] {dag.py:3047} INFO - Sync 1 DAGs
[2025-08-02T02:52:48.571+0000] {logging_mixin.py:188} INFO - [2025-08-02T02:52:48.571+0000] {dag.py:3834} INFO - Setting next_dagrun for example_sensors to None, run_after=None
[2025-08-02T02:52:48.586+0000] {processor.py:183} INFO - Processing /home/airflow/.local/lib/python3.8/site-packages/airflow/example_dags/example_sensors.py took 0.047 seconds
[2025-08-02T02:56:45.865+0000] {processor.py:161} INFO - Started process (PID=93) to work on /home/airflow/.local/lib/python3.8/site-packages/airflow/example_dags/example_sensors.py
[2025-08-02T02:56:45.874+0000] {processor.py:830} INFO - Processing file /home/airflow/.local/lib/python3.8/site-packages/airflow/example_dags/example_sensors.py for tasks to queue
[2025-08-02T02:56:45.884+0000] {logging_mixin.py:188} INFO - [2025-08-02T02:56:45.882+0000] {dagbag.py:540} INFO - Filling up the DagBag from /home/airflow/.local/lib/python3.8/site-packages/airflow/example_dags/example_sensors.py
[2025-08-02T02:56:45.917+0000] {processor.py:840} INFO - DAG(s) 'example_sensors' retrieved from /home/airflow/.local/lib/python3.8/site-packages/airflow/example_dags/example_sensors.py
[2025-08-02T02:56:46.240+0000] {logging_mixin.py:188} INFO - [2025-08-02T02:56:46.239+0000] {dag.py:3047} INFO - Sync 1 DAGs
[2025-08-02T02:56:46.263+0000] {logging_mixin.py:188} INFO - [2025-08-02T02:56:46.262+0000] {dag.py:3834} INFO - Setting next_dagrun for example_sensors to None, run_after=None
[2025-08-02T02:56:46.330+0000] {processor.py:183} INFO - Processing /home/airflow/.local/lib/python3.8/site-packages/airflow/example_dags/example_sensors.py took 0.485 seconds
[2025-08-02T02:57:17.068+0000] {processor.py:161} INFO - Started process (PID=149) to work on /home/airflow/.local/lib/python3.8/site-packages/airflow/example_dags/example_sensors.py
[2025-08-02T02:57:17.071+0000] {processor.py:830} INFO - Processing file /home/airflow/.local/lib/python3.8/site-packages/airflow/example_dags/example_sensors.py for tasks to queue
[2025-08-02T02:57:17.076+0000] {logging_mixin.py:188} INFO - [2025-08-02T02:57:17.075+0000] {dagbag.py:540} INFO - Filling up the DagBag from /home/airflow/.local/lib/python3.8/site-packages/airflow/example_dags/example_sensors.py
[2025-08-02T02:57:17.110+0000] {processor.py:840} INFO - DAG(s) 'example_sensors' retrieved from /home/airflow/.local/lib/python3.8/site-packages/airflow/example_dags/example_sensors.py
[2025-08-02T02:57:17.169+0000] {logging_mixin.py:188} INFO - [2025-08-02T02:57:17.168+0000] {dag.py:3047} INFO - Sync 1 DAGs
[2025-08-02T02:57:17.194+0000] {logging_mixin.py:188} INFO - [2025-08-02T02:57:17.194+0000] {dag.py:3834} INFO - Setting next_dagrun for example_sensors to None, run_after=None
[2025-08-02T02:57:17.215+0000] {processor.py:183} INFO - Processing /home/airflow/.local/lib/python3.8/site-packages/airflow/example_dags/example_sensors.py took 0.154 seconds
[2025-08-02T02:57:47.986+0000] {processor.py:161} INFO - Started process (PID=205) to work on /home/airflow/.local/lib/python3.8/site-packages/airflow/example_dags/example_sensors.py
[2025-08-02T02:57:47.991+0000] {processor.py:830} INFO - Processing file /home/airflow/.local/lib/python3.8/site-packages/airflow/example_dags/example_sensors.py for tasks to queue
[2025-08-02T02:57:48.011+0000] {logging_mixin.py:188} INFO - [2025-08-02T02:57:48.011+0000] {dagbag.py:540} INFO - Filling up the DagBag from /home/airflow/.local/lib/python3.8/site-packages/airflow/example_dags/example_sensors.py
[2025-08-02T02:57:48.060+0000] {processor.py:840} INFO - DAG(s) 'example_sensors' retrieved from /home/airflow/.local/lib/python3.8/site-packages/airflow/example_dags/example_sensors.py
[2025-08-02T02:57:48.145+0000] {logging_mixin.py:188} INFO - [2025-08-02T02:57:48.144+0000] {dag.py:3047} INFO - Sync 1 DAGs
[2025-08-02T02:57:48.207+0000] {logging_mixin.py:188} INFO - [2025-08-02T02:57:48.205+0000] {dag.py:3834} INFO - Setting next_dagrun for example_sensors to None, run_after=None
[2025-08-02T02:57:48.341+0000] {processor.py:183} INFO - Processing /home/airflow/.local/lib/python3.8/site-packages/airflow/example_dags/example_sensors.py took 0.366 seconds
[2025-08-02T02:58:19.220+0000] {processor.py:161} INFO - Started process (PID=261) to work on /home/airflow/.local/lib/python3.8/site-packages/airflow/example_dags/example_sensors.py
[2025-08-02T02:58:19.230+0000] {processor.py:830} INFO - Processing file /home/airflow/.local/lib/python3.8/site-packages/airflow/example_dags/example_sensors.py for tasks to queue
[2025-08-02T02:58:19.240+0000] {logging_mixin.py:188} INFO - [2025-08-02T02:58:19.239+0000] {dagbag.py:540} INFO - Filling up the DagBag from /home/airflow/.local/lib/python3.8/site-packages/airflow/example_dags/example_sensors.py
[2025-08-02T02:58:19.258+0000] {processor.py:840} INFO - DAG(s) 'example_sensors' retrieved from /home/airflow/.local/lib/python3.8/site-packages/airflow/example_dags/example_sensors.py
[2025-08-02T02:58:19.322+0000] {logging_mixin.py:188} INFO - [2025-08-02T02:58:19.322+0000] {dag.py:3047} INFO - Sync 1 DAGs
[2025-08-02T02:58:19.338+0000] {logging_mixin.py:188} INFO - [2025-08-02T02:58:19.338+0000] {dag.py:3834} INFO - Setting next_dagrun for example_sensors to None, run_after=None
[2025-08-02T02:58:19.374+0000] {processor.py:183} INFO - Processing /home/airflow/.local/lib/python3.8/site-packages/airflow/example_dags/example_sensors.py took 0.160 seconds
[2025-08-02T02:58:49.932+0000] {processor.py:161} INFO - Started process (PID=317) to work on /home/airflow/.local/lib/python3.8/site-packages/airflow/example_dags/example_sensors.py
[2025-08-02T02:58:49.933+0000] {processor.py:830} INFO - Processing file /home/airflow/.local/lib/python3.8/site-packages/airflow/example_dags/example_sensors.py for tasks to queue
[2025-08-02T02:58:49.934+0000] {logging_mixin.py:188} INFO - [2025-08-02T02:58:49.934+0000] {dagbag.py:540} INFO - Filling up the DagBag from /home/airflow/.local/lib/python3.8/site-packages/airflow/example_dags/example_sensors.py
[2025-08-02T02:58:49.941+0000] {processor.py:840} INFO - DAG(s) 'example_sensors' retrieved from /home/airflow/.local/lib/python3.8/site-packages/airflow/example_dags/example_sensors.py
[2025-08-02T02:58:49.969+0000] {logging_mixin.py:188} INFO - [2025-08-02T02:58:49.969+0000] {dag.py:3047} INFO - Sync 1 DAGs
[2025-08-02T02:58:49.987+0000] {logging_mixin.py:188} INFO - [2025-08-02T02:58:49.987+0000] {dag.py:3834} INFO - Setting next_dagrun for example_sensors to None, run_after=None
[2025-08-02T02:58:50.009+0000] {processor.py:183} INFO - Processing /home/airflow/.local/lib/python3.8/site-packages/airflow/example_dags/example_sensors.py took 0.080 seconds
[2025-08-02T02:59:20.441+0000] {processor.py:161} INFO - Started process (PID=373) to work on /home/airflow/.local/lib/python3.8/site-packages/airflow/example_dags/example_sensors.py
[2025-08-02T02:59:20.449+0000] {processor.py:830} INFO - Processing file /home/airflow/.local/lib/python3.8/site-packages/airflow/example_dags/example_sensors.py for tasks to queue
[2025-08-02T02:59:20.464+0000] {logging_mixin.py:188} INFO - [2025-08-02T02:59:20.462+0000] {dagbag.py:540} INFO - Filling up the DagBag from /home/airflow/.local/lib/python3.8/site-packages/airflow/example_dags/example_sensors.py
[2025-08-02T02:59:20.512+0000] {processor.py:840} INFO - DAG(s) 'example_sensors' retrieved from /home/airflow/.local/lib/python3.8/site-packages/airflow/example_dags/example_sensors.py
[2025-08-02T02:59:20.586+0000] {logging_mixin.py:188} INFO - [2025-08-02T02:59:20.586+0000] {dag.py:3047} INFO - Sync 1 DAGs
[2025-08-02T02:59:20.606+0000] {logging_mixin.py:188} INFO - [2025-08-02T02:59:20.606+0000] {dag.py:3834} INFO - Setting next_dagrun for example_sensors to None, run_after=None
[2025-08-02T02:59:20.656+0000] {processor.py:183} INFO - Processing /home/airflow/.local/lib/python3.8/site-packages/airflow/example_dags/example_sensors.py took 0.222 seconds
[2025-08-02T02:59:51.666+0000] {processor.py:161} INFO - Started process (PID=429) to work on /home/airflow/.local/lib/python3.8/site-packages/airflow/example_dags/example_sensors.py
[2025-08-02T02:59:51.670+0000] {processor.py:830} INFO - Processing file /home/airflow/.local/lib/python3.8/site-packages/airflow/example_dags/example_sensors.py for tasks to queue
[2025-08-02T02:59:51.674+0000] {logging_mixin.py:188} INFO - [2025-08-02T02:59:51.674+0000] {dagbag.py:540} INFO - Filling up the DagBag from /home/airflow/.local/lib/python3.8/site-packages/airflow/example_dags/example_sensors.py
[2025-08-02T02:59:51.695+0000] {processor.py:840} INFO - DAG(s) 'example_sensors' retrieved from /home/airflow/.local/lib/python3.8/site-packages/airflow/example_dags/example_sensors.py
[2025-08-02T02:59:51.746+0000] {logging_mixin.py:188} INFO - [2025-08-02T02:59:51.746+0000] {dag.py:3047} INFO - Sync 1 DAGs
[2025-08-02T02:59:51.758+0000] {logging_mixin.py:188} INFO - [2025-08-02T02:59:51.758+0000] {dag.py:3834} INFO - Setting next_dagrun for example_sensors to None, run_after=None
[2025-08-02T02:59:51.790+0000] {processor.py:183} INFO - Processing /home/airflow/.local/lib/python3.8/site-packages/airflow/example_dags/example_sensors.py took 0.173 seconds
[2025-08-02T03:00:22.801+0000] {processor.py:161} INFO - Started process (PID=485) to work on /home/airflow/.local/lib/python3.8/site-packages/airflow/example_dags/example_sensors.py
[2025-08-02T03:00:22.812+0000] {processor.py:830} INFO - Processing file /home/airflow/.local/lib/python3.8/site-packages/airflow/example_dags/example_sensors.py for tasks to queue
[2025-08-02T03:00:22.816+0000] {logging_mixin.py:188} INFO - [2025-08-02T03:00:22.816+0000] {dagbag.py:540} INFO - Filling up the DagBag from /home/airflow/.local/lib/python3.8/site-packages/airflow/example_dags/example_sensors.py
[2025-08-02T03:00:22.835+0000] {processor.py:840} INFO - DAG(s) 'example_sensors' retrieved from /home/airflow/.local/lib/python3.8/site-packages/airflow/example_dags/example_sensors.py
[2025-08-02T03:00:22.871+0000] {logging_mixin.py:188} INFO - [2025-08-02T03:00:22.871+0000] {dag.py:3047} INFO - Sync 1 DAGs
[2025-08-02T03:00:22.916+0000] {logging_mixin.py:188} INFO - [2025-08-02T03:00:22.915+0000] {dag.py:3834} INFO - Setting next_dagrun for example_sensors to None, run_after=None
[2025-08-02T03:00:22.938+0000] {processor.py:183} INFO - Processing /home/airflow/.local/lib/python3.8/site-packages/airflow/example_dags/example_sensors.py took 0.159 seconds
[2025-08-02T03:00:53.700+0000] {processor.py:161} INFO - Started process (PID=541) to work on /home/airflow/.local/lib/python3.8/site-packages/airflow/example_dags/example_sensors.py
[2025-08-02T03:00:53.718+0000] {processor.py:830} INFO - Processing file /home/airflow/.local/lib/python3.8/site-packages/airflow/example_dags/example_sensors.py for tasks to queue
[2025-08-02T03:00:53.735+0000] {logging_mixin.py:188} INFO - [2025-08-02T03:00:53.734+0000] {dagbag.py:540} INFO - Filling up the DagBag from /home/airflow/.local/lib/python3.8/site-packages/airflow/example_dags/example_sensors.py
[2025-08-02T03:00:53.775+0000] {processor.py:840} INFO - DAG(s) 'example_sensors' retrieved from /home/airflow/.local/lib/python3.8/site-packages/airflow/example_dags/example_sensors.py
[2025-08-02T03:00:53.870+0000] {logging_mixin.py:188} INFO - [2025-08-02T03:00:53.870+0000] {dag.py:3047} INFO - Sync 1 DAGs
[2025-08-02T03:00:53.903+0000] {logging_mixin.py:188} INFO - [2025-08-02T03:00:53.903+0000] {dag.py:3834} INFO - Setting next_dagrun for example_sensors to None, run_after=None
[2025-08-02T03:00:53.928+0000] {processor.py:183} INFO - Processing /home/airflow/.local/lib/python3.8/site-packages/airflow/example_dags/example_sensors.py took 0.260 seconds
[2025-08-02T03:01:24.068+0000] {processor.py:161} INFO - Started process (PID=597) to work on /home/airflow/.local/lib/python3.8/site-packages/airflow/example_dags/example_sensors.py
[2025-08-02T03:01:24.082+0000] {processor.py:830} INFO - Processing file /home/airflow/.local/lib/python3.8/site-packages/airflow/example_dags/example_sensors.py for tasks to queue
[2025-08-02T03:01:24.089+0000] {logging_mixin.py:188} INFO - [2025-08-02T03:01:24.088+0000] {dagbag.py:540} INFO - Filling up the DagBag from /home/airflow/.local/lib/python3.8/site-packages/airflow/example_dags/example_sensors.py
[2025-08-02T03:01:24.105+0000] {processor.py:840} INFO - DAG(s) 'example_sensors' retrieved from /home/airflow/.local/lib/python3.8/site-packages/airflow/example_dags/example_sensors.py
[2025-08-02T03:01:24.219+0000] {logging_mixin.py:188} INFO - [2025-08-02T03:01:24.218+0000] {dag.py:3047} INFO - Sync 1 DAGs
[2025-08-02T03:01:24.248+0000] {logging_mixin.py:188} INFO - [2025-08-02T03:01:24.248+0000] {dag.py:3834} INFO - Setting next_dagrun for example_sensors to None, run_after=None
[2025-08-02T03:01:24.289+0000] {processor.py:183} INFO - Processing /home/airflow/.local/lib/python3.8/site-packages/airflow/example_dags/example_sensors.py took 0.243 seconds
[2025-08-02T03:01:54.907+0000] {processor.py:161} INFO - Started process (PID=653) to work on /home/airflow/.local/lib/python3.8/site-packages/airflow/example_dags/example_sensors.py
[2025-08-02T03:01:54.910+0000] {processor.py:830} INFO - Processing file /home/airflow/.local/lib/python3.8/site-packages/airflow/example_dags/example_sensors.py for tasks to queue
[2025-08-02T03:01:54.921+0000] {logging_mixin.py:188} INFO - [2025-08-02T03:01:54.920+0000] {dagbag.py:540} INFO - Filling up the DagBag from /home/airflow/.local/lib/python3.8/site-packages/airflow/example_dags/example_sensors.py
[2025-08-02T03:01:54.937+0000] {processor.py:840} INFO - DAG(s) 'example_sensors' retrieved from /home/airflow/.local/lib/python3.8/site-packages/airflow/example_dags/example_sensors.py
[2025-08-02T03:01:54.982+0000] {logging_mixin.py:188} INFO - [2025-08-02T03:01:54.982+0000] {dag.py:3047} INFO - Sync 1 DAGs
[2025-08-02T03:01:54.995+0000] {logging_mixin.py:188} INFO - [2025-08-02T03:01:54.995+0000] {dag.py:3834} INFO - Setting next_dagrun for example_sensors to None, run_after=None
[2025-08-02T03:01:55.031+0000] {processor.py:183} INFO - Processing /home/airflow/.local/lib/python3.8/site-packages/airflow/example_dags/example_sensors.py took 0.135 seconds
[2025-08-02T03:02:25.882+0000] {processor.py:161} INFO - Started process (PID=709) to work on /home/airflow/.local/lib/python3.8/site-packages/airflow/example_dags/example_sensors.py
[2025-08-02T03:02:25.885+0000] {processor.py:830} INFO - Processing file /home/airflow/.local/lib/python3.8/site-packages/airflow/example_dags/example_sensors.py for tasks to queue
[2025-08-02T03:02:25.889+0000] {logging_mixin.py:188} INFO - [2025-08-02T03:02:25.888+0000] {dagbag.py:540} INFO - Filling up the DagBag from /home/airflow/.local/lib/python3.8/site-packages/airflow/example_dags/example_sensors.py
[2025-08-02T03:02:25.912+0000] {processor.py:840} INFO - DAG(s) 'example_sensors' retrieved from /home/airflow/.local/lib/python3.8/site-packages/airflow/example_dags/example_sensors.py
[2025-08-02T03:02:25.967+0000] {logging_mixin.py:188} INFO - [2025-08-02T03:02:25.967+0000] {dag.py:3047} INFO - Sync 1 DAGs
[2025-08-02T03:02:26.000+0000] {logging_mixin.py:188} INFO - [2025-08-02T03:02:26.000+0000] {dag.py:3834} INFO - Setting next_dagrun for example_sensors to None, run_after=None
[2025-08-02T03:02:26.018+0000] {processor.py:183} INFO - Processing /home/airflow/.local/lib/python3.8/site-packages/airflow/example_dags/example_sensors.py took 0.144 seconds
[2025-08-02T03:02:58.199+0000] {processor.py:161} INFO - Started process (PID=765) to work on /home/airflow/.local/lib/python3.8/site-packages/airflow/example_dags/example_sensors.py
[2025-08-02T03:02:58.203+0000] {processor.py:830} INFO - Processing file /home/airflow/.local/lib/python3.8/site-packages/airflow/example_dags/example_sensors.py for tasks to queue
[2025-08-02T03:02:58.212+0000] {logging_mixin.py:188} INFO - [2025-08-02T03:02:58.211+0000] {dagbag.py:540} INFO - Filling up the DagBag from /home/airflow/.local/lib/python3.8/site-packages/airflow/example_dags/example_sensors.py
[2025-08-02T03:02:58.326+0000] {processor.py:840} INFO - DAG(s) 'example_sensors' retrieved from /home/airflow/.local/lib/python3.8/site-packages/airflow/example_dags/example_sensors.py
[2025-08-02T03:02:58.432+0000] {logging_mixin.py:188} INFO - [2025-08-02T03:02:58.432+0000] {dag.py:3047} INFO - Sync 1 DAGs
[2025-08-02T03:02:58.471+0000] {logging_mixin.py:188} INFO - [2025-08-02T03:02:58.471+0000] {dag.py:3834} INFO - Setting next_dagrun for example_sensors to None, run_after=None
[2025-08-02T03:02:58.516+0000] {processor.py:183} INFO - Processing /home/airflow/.local/lib/python3.8/site-packages/airflow/example_dags/example_sensors.py took 0.331 seconds
[2025-08-02T03:03:28.905+0000] {processor.py:161} INFO - Started process (PID=821) to work on /home/airflow/.local/lib/python3.8/site-packages/airflow/example_dags/example_sensors.py
[2025-08-02T03:03:28.909+0000] {processor.py:830} INFO - Processing file /home/airflow/.local/lib/python3.8/site-packages/airflow/example_dags/example_sensors.py for tasks to queue
[2025-08-02T03:03:28.910+0000] {logging_mixin.py:188} INFO - [2025-08-02T03:03:28.910+0000] {dagbag.py:540} INFO - Filling up the DagBag from /home/airflow/.local/lib/python3.8/site-packages/airflow/example_dags/example_sensors.py
[2025-08-02T03:03:28.919+0000] {processor.py:840} INFO - DAG(s) 'example_sensors' retrieved from /home/airflow/.local/lib/python3.8/site-packages/airflow/example_dags/example_sensors.py
[2025-08-02T03:03:28.946+0000] {logging_mixin.py:188} INFO - [2025-08-02T03:03:28.945+0000] {dag.py:3047} INFO - Sync 1 DAGs
[2025-08-02T03:03:28.953+0000] {logging_mixin.py:188} INFO - [2025-08-02T03:03:28.953+0000] {dag.py:3834} INFO - Setting next_dagrun for example_sensors to None, run_after=None
[2025-08-02T03:03:28.974+0000] {processor.py:183} INFO - Processing /home/airflow/.local/lib/python3.8/site-packages/airflow/example_dags/example_sensors.py took 0.072 seconds
[2025-08-02T03:03:59.725+0000] {processor.py:161} INFO - Started process (PID=877) to work on /home/airflow/.local/lib/python3.8/site-packages/airflow/example_dags/example_sensors.py
[2025-08-02T03:03:59.727+0000] {processor.py:830} INFO - Processing file /home/airflow/.local/lib/python3.8/site-packages/airflow/example_dags/example_sensors.py for tasks to queue
[2025-08-02T03:03:59.729+0000] {logging_mixin.py:188} INFO - [2025-08-02T03:03:59.729+0000] {dagbag.py:540} INFO - Filling up the DagBag from /home/airflow/.local/lib/python3.8/site-packages/airflow/example_dags/example_sensors.py
[2025-08-02T03:03:59.736+0000] {processor.py:840} INFO - DAG(s) 'example_sensors' retrieved from /home/airflow/.local/lib/python3.8/site-packages/airflow/example_dags/example_sensors.py
[2025-08-02T03:03:59.764+0000] {logging_mixin.py:188} INFO - [2025-08-02T03:03:59.763+0000] {dag.py:3047} INFO - Sync 1 DAGs
[2025-08-02T03:03:59.771+0000] {logging_mixin.py:188} INFO - [2025-08-02T03:03:59.771+0000] {dag.py:3834} INFO - Setting next_dagrun for example_sensors to None, run_after=None
[2025-08-02T03:03:59.787+0000] {processor.py:183} INFO - Processing /home/airflow/.local/lib/python3.8/site-packages/airflow/example_dags/example_sensors.py took 0.067 seconds
[2025-08-02T03:04:30.734+0000] {processor.py:161} INFO - Started process (PID=933) to work on /home/airflow/.local/lib/python3.8/site-packages/airflow/example_dags/example_sensors.py
[2025-08-02T03:04:30.735+0000] {processor.py:830} INFO - Processing file /home/airflow/.local/lib/python3.8/site-packages/airflow/example_dags/example_sensors.py for tasks to queue
[2025-08-02T03:04:30.736+0000] {logging_mixin.py:188} INFO - [2025-08-02T03:04:30.736+0000] {dagbag.py:540} INFO - Filling up the DagBag from /home/airflow/.local/lib/python3.8/site-packages/airflow/example_dags/example_sensors.py
[2025-08-02T03:04:30.745+0000] {processor.py:840} INFO - DAG(s) 'example_sensors' retrieved from /home/airflow/.local/lib/python3.8/site-packages/airflow/example_dags/example_sensors.py
[2025-08-02T03:04:30.772+0000] {logging_mixin.py:188} INFO - [2025-08-02T03:04:30.771+0000] {dag.py:3047} INFO - Sync 1 DAGs
[2025-08-02T03:04:30.783+0000] {logging_mixin.py:188} INFO - [2025-08-02T03:04:30.782+0000] {dag.py:3834} INFO - Setting next_dagrun for example_sensors to None, run_after=None
[2025-08-02T03:04:30.795+0000] {processor.py:183} INFO - Processing /home/airflow/.local/lib/python3.8/site-packages/airflow/example_dags/example_sensors.py took 0.063 seconds
[2025-08-02T03:05:01.310+0000] {processor.py:161} INFO - Started process (PID=990) to work on /home/airflow/.local/lib/python3.8/site-packages/airflow/example_dags/example_sensors.py
[2025-08-02T03:05:01.312+0000] {processor.py:830} INFO - Processing file /home/airflow/.local/lib/python3.8/site-packages/airflow/example_dags/example_sensors.py for tasks to queue
[2025-08-02T03:05:01.313+0000] {logging_mixin.py:188} INFO - [2025-08-02T03:05:01.313+0000] {dagbag.py:540} INFO - Filling up the DagBag from /home/airflow/.local/lib/python3.8/site-packages/airflow/example_dags/example_sensors.py
[2025-08-02T03:05:01.320+0000] {processor.py:840} INFO - DAG(s) 'example_sensors' retrieved from /home/airflow/.local/lib/python3.8/site-packages/airflow/example_dags/example_sensors.py
[2025-08-02T03:05:01.359+0000] {logging_mixin.py:188} INFO - [2025-08-02T03:05:01.358+0000] {dag.py:3047} INFO - Sync 1 DAGs
[2025-08-02T03:05:01.369+0000] {logging_mixin.py:188} INFO - [2025-08-02T03:05:01.368+0000] {dag.py:3834} INFO - Setting next_dagrun for example_sensors to None, run_after=None
[2025-08-02T03:05:01.381+0000] {processor.py:183} INFO - Processing /home/airflow/.local/lib/python3.8/site-packages/airflow/example_dags/example_sensors.py took 0.074 seconds
[2025-08-02T03:05:31.798+0000] {processor.py:161} INFO - Started process (PID=1046) to work on /home/airflow/.local/lib/python3.8/site-packages/airflow/example_dags/example_sensors.py
[2025-08-02T03:05:31.799+0000] {processor.py:830} INFO - Processing file /home/airflow/.local/lib/python3.8/site-packages/airflow/example_dags/example_sensors.py for tasks to queue
[2025-08-02T03:05:31.802+0000] {logging_mixin.py:188} INFO - [2025-08-02T03:05:31.802+0000] {dagbag.py:540} INFO - Filling up the DagBag from /home/airflow/.local/lib/python3.8/site-packages/airflow/example_dags/example_sensors.py
[2025-08-02T03:05:31.818+0000] {processor.py:840} INFO - DAG(s) 'example_sensors' retrieved from /home/airflow/.local/lib/python3.8/site-packages/airflow/example_dags/example_sensors.py
[2025-08-02T03:05:31.851+0000] {logging_mixin.py:188} INFO - [2025-08-02T03:05:31.850+0000] {dag.py:3047} INFO - Sync 1 DAGs
[2025-08-02T03:05:31.860+0000] {logging_mixin.py:188} INFO - [2025-08-02T03:05:31.859+0000] {dag.py:3834} INFO - Setting next_dagrun for example_sensors to None, run_after=None
[2025-08-02T03:05:31.895+0000] {processor.py:183} INFO - Processing /home/airflow/.local/lib/python3.8/site-packages/airflow/example_dags/example_sensors.py took 0.100 seconds
[2025-08-02T03:06:02.760+0000] {processor.py:161} INFO - Started process (PID=1102) to work on /home/airflow/.local/lib/python3.8/site-packages/airflow/example_dags/example_sensors.py
[2025-08-02T03:06:02.761+0000] {processor.py:830} INFO - Processing file /home/airflow/.local/lib/python3.8/site-packages/airflow/example_dags/example_sensors.py for tasks to queue
[2025-08-02T03:06:02.762+0000] {logging_mixin.py:188} INFO - [2025-08-02T03:06:02.762+0000] {dagbag.py:540} INFO - Filling up the DagBag from /home/airflow/.local/lib/python3.8/site-packages/airflow/example_dags/example_sensors.py
[2025-08-02T03:06:02.785+0000] {processor.py:840} INFO - DAG(s) 'example_sensors' retrieved from /home/airflow/.local/lib/python3.8/site-packages/airflow/example_dags/example_sensors.py
[2025-08-02T03:06:02.803+0000] {logging_mixin.py:188} INFO - [2025-08-02T03:06:02.803+0000] {dag.py:3047} INFO - Sync 1 DAGs
[2025-08-02T03:06:02.810+0000] {logging_mixin.py:188} INFO - [2025-08-02T03:06:02.810+0000] {dag.py:3834} INFO - Setting next_dagrun for example_sensors to None, run_after=None
[2025-08-02T03:06:02.822+0000] {processor.py:183} INFO - Processing /home/airflow/.local/lib/python3.8/site-packages/airflow/example_dags/example_sensors.py took 0.065 seconds
[2025-08-02T03:06:37.747+0000] {processor.py:161} INFO - Started process (PID=1158) to work on /home/airflow/.local/lib/python3.8/site-packages/airflow/example_dags/example_sensors.py
[2025-08-02T03:06:37.758+0000] {processor.py:830} INFO - Processing file /home/airflow/.local/lib/python3.8/site-packages/airflow/example_dags/example_sensors.py for tasks to queue
[2025-08-02T03:06:37.765+0000] {logging_mixin.py:188} INFO - [2025-08-02T03:06:37.764+0000] {dagbag.py:540} INFO - Filling up the DagBag from /home/airflow/.local/lib/python3.8/site-packages/airflow/example_dags/example_sensors.py
[2025-08-02T03:06:37.792+0000] {processor.py:840} INFO - DAG(s) 'example_sensors' retrieved from /home/airflow/.local/lib/python3.8/site-packages/airflow/example_dags/example_sensors.py
[2025-08-02T03:06:37.903+0000] {logging_mixin.py:188} INFO - [2025-08-02T03:06:37.903+0000] {dag.py:3047} INFO - Sync 1 DAGs
[2025-08-02T03:06:37.924+0000] {logging_mixin.py:188} INFO - [2025-08-02T03:06:37.924+0000] {dag.py:3834} INFO - Setting next_dagrun for example_sensors to None, run_after=None
[2025-08-02T03:06:37.992+0000] {processor.py:183} INFO - Processing /home/airflow/.local/lib/python3.8/site-packages/airflow/example_dags/example_sensors.py took 0.257 seconds
[2025-08-02T03:07:12.214+0000] {processor.py:161} INFO - Started process (PID=1214) to work on /home/airflow/.local/lib/python3.8/site-packages/airflow/example_dags/example_sensors.py
[2025-08-02T03:07:12.222+0000] {processor.py:830} INFO - Processing file /home/airflow/.local/lib/python3.8/site-packages/airflow/example_dags/example_sensors.py for tasks to queue
[2025-08-02T03:07:12.231+0000] {logging_mixin.py:188} INFO - [2025-08-02T03:07:12.227+0000] {dagbag.py:540} INFO - Filling up the DagBag from /home/airflow/.local/lib/python3.8/site-packages/airflow/example_dags/example_sensors.py
[2025-08-02T03:07:12.250+0000] {processor.py:840} INFO - DAG(s) 'example_sensors' retrieved from /home/airflow/.local/lib/python3.8/site-packages/airflow/example_dags/example_sensors.py
[2025-08-02T03:07:12.308+0000] {logging_mixin.py:188} INFO - [2025-08-02T03:07:12.307+0000] {dag.py:3047} INFO - Sync 1 DAGs
[2025-08-02T03:07:12.330+0000] {logging_mixin.py:188} INFO - [2025-08-02T03:07:12.330+0000] {dag.py:3834} INFO - Setting next_dagrun for example_sensors to None, run_after=None
[2025-08-02T03:07:12.384+0000] {processor.py:183} INFO - Processing /home/airflow/.local/lib/python3.8/site-packages/airflow/example_dags/example_sensors.py took 0.179 seconds
[2025-08-02T03:07:42.658+0000] {processor.py:161} INFO - Started process (PID=1270) to work on /home/airflow/.local/lib/python3.8/site-packages/airflow/example_dags/example_sensors.py
[2025-08-02T03:07:42.660+0000] {processor.py:830} INFO - Processing file /home/airflow/.local/lib/python3.8/site-packages/airflow/example_dags/example_sensors.py for tasks to queue
[2025-08-02T03:07:42.665+0000] {logging_mixin.py:188} INFO - [2025-08-02T03:07:42.665+0000] {dagbag.py:540} INFO - Filling up the DagBag from /home/airflow/.local/lib/python3.8/site-packages/airflow/example_dags/example_sensors.py
[2025-08-02T03:07:42.674+0000] {processor.py:840} INFO - DAG(s) 'example_sensors' retrieved from /home/airflow/.local/lib/python3.8/site-packages/airflow/example_dags/example_sensors.py
[2025-08-02T03:07:42.757+0000] {logging_mixin.py:188} INFO - [2025-08-02T03:07:42.756+0000] {dag.py:3047} INFO - Sync 1 DAGs
[2025-08-02T03:07:42.813+0000] {logging_mixin.py:188} INFO - [2025-08-02T03:07:42.812+0000] {dag.py:3834} INFO - Setting next_dagrun for example_sensors to None, run_after=None
[2025-08-02T03:07:42.869+0000] {processor.py:183} INFO - Processing /home/airflow/.local/lib/python3.8/site-packages/airflow/example_dags/example_sensors.py took 0.216 seconds
[2025-08-02T03:09:08.569+0000] {processor.py:161} INFO - Started process (PID=103) to work on /home/airflow/.local/lib/python3.8/site-packages/airflow/example_dags/example_sensors.py
[2025-08-02T03:09:08.572+0000] {processor.py:830} INFO - Processing file /home/airflow/.local/lib/python3.8/site-packages/airflow/example_dags/example_sensors.py for tasks to queue
[2025-08-02T03:09:08.576+0000] {logging_mixin.py:188} INFO - [2025-08-02T03:09:08.575+0000] {dagbag.py:540} INFO - Filling up the DagBag from /home/airflow/.local/lib/python3.8/site-packages/airflow/example_dags/example_sensors.py
[2025-08-02T03:09:08.631+0000] {processor.py:840} INFO - DAG(s) 'example_sensors' retrieved from /home/airflow/.local/lib/python3.8/site-packages/airflow/example_dags/example_sensors.py
[2025-08-02T03:09:08.977+0000] {logging_mixin.py:188} INFO - [2025-08-02T03:09:08.976+0000] {dag.py:3047} INFO - Sync 1 DAGs
[2025-08-02T03:09:08.993+0000] {logging_mixin.py:188} INFO - [2025-08-02T03:09:08.993+0000] {dag.py:3834} INFO - Setting next_dagrun for example_sensors to None, run_after=None
[2025-08-02T03:09:09.018+0000] {processor.py:183} INFO - Processing /home/airflow/.local/lib/python3.8/site-packages/airflow/example_dags/example_sensors.py took 0.454 seconds
[2025-08-02T03:09:39.075+0000] {processor.py:161} INFO - Started process (PID=159) to work on /home/airflow/.local/lib/python3.8/site-packages/airflow/example_dags/example_sensors.py
[2025-08-02T03:09:39.076+0000] {processor.py:830} INFO - Processing file /home/airflow/.local/lib/python3.8/site-packages/airflow/example_dags/example_sensors.py for tasks to queue
[2025-08-02T03:09:39.078+0000] {logging_mixin.py:188} INFO - [2025-08-02T03:09:39.078+0000] {dagbag.py:540} INFO - Filling up the DagBag from /home/airflow/.local/lib/python3.8/site-packages/airflow/example_dags/example_sensors.py
[2025-08-02T03:09:39.087+0000] {processor.py:840} INFO - DAG(s) 'example_sensors' retrieved from /home/airflow/.local/lib/python3.8/site-packages/airflow/example_dags/example_sensors.py
[2025-08-02T03:09:39.116+0000] {logging_mixin.py:188} INFO - [2025-08-02T03:09:39.115+0000] {dag.py:3047} INFO - Sync 1 DAGs
[2025-08-02T03:09:39.132+0000] {logging_mixin.py:188} INFO - [2025-08-02T03:09:39.132+0000] {dag.py:3834} INFO - Setting next_dagrun for example_sensors to None, run_after=None
[2025-08-02T03:09:39.145+0000] {processor.py:183} INFO - Processing /home/airflow/.local/lib/python3.8/site-packages/airflow/example_dags/example_sensors.py took 0.074 seconds
[2025-08-02T03:10:10.030+0000] {processor.py:161} INFO - Started process (PID=214) to work on /home/airflow/.local/lib/python3.8/site-packages/airflow/example_dags/example_sensors.py
[2025-08-02T03:10:10.032+0000] {processor.py:830} INFO - Processing file /home/airflow/.local/lib/python3.8/site-packages/airflow/example_dags/example_sensors.py for tasks to queue
[2025-08-02T03:10:10.034+0000] {logging_mixin.py:188} INFO - [2025-08-02T03:10:10.033+0000] {dagbag.py:540} INFO - Filling up the DagBag from /home/airflow/.local/lib/python3.8/site-packages/airflow/example_dags/example_sensors.py
[2025-08-02T03:10:10.042+0000] {processor.py:840} INFO - DAG(s) 'example_sensors' retrieved from /home/airflow/.local/lib/python3.8/site-packages/airflow/example_dags/example_sensors.py
[2025-08-02T03:10:10.080+0000] {logging_mixin.py:188} INFO - [2025-08-02T03:10:10.079+0000] {dag.py:3047} INFO - Sync 1 DAGs
[2025-08-02T03:10:10.093+0000] {logging_mixin.py:188} INFO - [2025-08-02T03:10:10.092+0000] {dag.py:3834} INFO - Setting next_dagrun for example_sensors to None, run_after=None
[2025-08-02T03:10:10.103+0000] {processor.py:183} INFO - Processing /home/airflow/.local/lib/python3.8/site-packages/airflow/example_dags/example_sensors.py took 0.079 seconds
[2025-08-02T03:10:40.405+0000] {processor.py:161} INFO - Started process (PID=270) to work on /home/airflow/.local/lib/python3.8/site-packages/airflow/example_dags/example_sensors.py
[2025-08-02T03:10:40.407+0000] {processor.py:830} INFO - Processing file /home/airflow/.local/lib/python3.8/site-packages/airflow/example_dags/example_sensors.py for tasks to queue
[2025-08-02T03:10:40.408+0000] {logging_mixin.py:188} INFO - [2025-08-02T03:10:40.408+0000] {dagbag.py:540} INFO - Filling up the DagBag from /home/airflow/.local/lib/python3.8/site-packages/airflow/example_dags/example_sensors.py
[2025-08-02T03:10:40.441+0000] {processor.py:840} INFO - DAG(s) 'example_sensors' retrieved from /home/airflow/.local/lib/python3.8/site-packages/airflow/example_dags/example_sensors.py
[2025-08-02T03:10:40.473+0000] {logging_mixin.py:188} INFO - [2025-08-02T03:10:40.473+0000] {dag.py:3047} INFO - Sync 1 DAGs
[2025-08-02T03:10:40.481+0000] {logging_mixin.py:188} INFO - [2025-08-02T03:10:40.481+0000] {dag.py:3834} INFO - Setting next_dagrun for example_sensors to None, run_after=None
[2025-08-02T03:10:40.492+0000] {processor.py:183} INFO - Processing /home/airflow/.local/lib/python3.8/site-packages/airflow/example_dags/example_sensors.py took 0.089 seconds
[2025-08-02T03:11:10.732+0000] {processor.py:161} INFO - Started process (PID=326) to work on /home/airflow/.local/lib/python3.8/site-packages/airflow/example_dags/example_sensors.py
[2025-08-02T03:11:10.734+0000] {processor.py:830} INFO - Processing file /home/airflow/.local/lib/python3.8/site-packages/airflow/example_dags/example_sensors.py for tasks to queue
[2025-08-02T03:11:10.738+0000] {logging_mixin.py:188} INFO - [2025-08-02T03:11:10.738+0000] {dagbag.py:540} INFO - Filling up the DagBag from /home/airflow/.local/lib/python3.8/site-packages/airflow/example_dags/example_sensors.py
[2025-08-02T03:11:10.751+0000] {processor.py:840} INFO - DAG(s) 'example_sensors' retrieved from /home/airflow/.local/lib/python3.8/site-packages/airflow/example_dags/example_sensors.py
[2025-08-02T03:11:10.791+0000] {logging_mixin.py:188} INFO - [2025-08-02T03:11:10.791+0000] {dag.py:3047} INFO - Sync 1 DAGs
[2025-08-02T03:11:10.802+0000] {logging_mixin.py:188} INFO - [2025-08-02T03:11:10.802+0000] {dag.py:3834} INFO - Setting next_dagrun for example_sensors to None, run_after=None
[2025-08-02T03:11:10.830+0000] {processor.py:183} INFO - Processing /home/airflow/.local/lib/python3.8/site-packages/airflow/example_dags/example_sensors.py took 0.101 seconds
[2025-08-02T03:11:41.080+0000] {processor.py:161} INFO - Started process (PID=382) to work on /home/airflow/.local/lib/python3.8/site-packages/airflow/example_dags/example_sensors.py
[2025-08-02T03:11:41.081+0000] {processor.py:830} INFO - Processing file /home/airflow/.local/lib/python3.8/site-packages/airflow/example_dags/example_sensors.py for tasks to queue
[2025-08-02T03:11:41.082+0000] {logging_mixin.py:188} INFO - [2025-08-02T03:11:41.082+0000] {dagbag.py:540} INFO - Filling up the DagBag from /home/airflow/.local/lib/python3.8/site-packages/airflow/example_dags/example_sensors.py
[2025-08-02T03:11:41.088+0000] {processor.py:840} INFO - DAG(s) 'example_sensors' retrieved from /home/airflow/.local/lib/python3.8/site-packages/airflow/example_dags/example_sensors.py
[2025-08-02T03:11:41.106+0000] {logging_mixin.py:188} INFO - [2025-08-02T03:11:41.106+0000] {dag.py:3047} INFO - Sync 1 DAGs
[2025-08-02T03:11:41.119+0000] {logging_mixin.py:188} INFO - [2025-08-02T03:11:41.119+0000] {dag.py:3834} INFO - Setting next_dagrun for example_sensors to None, run_after=None
[2025-08-02T03:11:41.128+0000] {processor.py:183} INFO - Processing /home/airflow/.local/lib/python3.8/site-packages/airflow/example_dags/example_sensors.py took 0.050 seconds
[2025-08-02T03:12:11.305+0000] {processor.py:161} INFO - Started process (PID=438) to work on /home/airflow/.local/lib/python3.8/site-packages/airflow/example_dags/example_sensors.py
[2025-08-02T03:12:11.306+0000] {processor.py:830} INFO - Processing file /home/airflow/.local/lib/python3.8/site-packages/airflow/example_dags/example_sensors.py for tasks to queue
[2025-08-02T03:12:11.307+0000] {logging_mixin.py:188} INFO - [2025-08-02T03:12:11.307+0000] {dagbag.py:540} INFO - Filling up the DagBag from /home/airflow/.local/lib/python3.8/site-packages/airflow/example_dags/example_sensors.py
[2025-08-02T03:12:11.312+0000] {processor.py:840} INFO - DAG(s) 'example_sensors' retrieved from /home/airflow/.local/lib/python3.8/site-packages/airflow/example_dags/example_sensors.py
[2025-08-02T03:12:11.335+0000] {logging_mixin.py:188} INFO - [2025-08-02T03:12:11.335+0000] {dag.py:3047} INFO - Sync 1 DAGs
[2025-08-02T03:12:11.342+0000] {logging_mixin.py:188} INFO - [2025-08-02T03:12:11.342+0000] {dag.py:3834} INFO - Setting next_dagrun for example_sensors to None, run_after=None
[2025-08-02T03:12:11.351+0000] {processor.py:183} INFO - Processing /home/airflow/.local/lib/python3.8/site-packages/airflow/example_dags/example_sensors.py took 0.048 seconds
[2025-08-02T03:12:41.647+0000] {processor.py:161} INFO - Started process (PID=494) to work on /home/airflow/.local/lib/python3.8/site-packages/airflow/example_dags/example_sensors.py
[2025-08-02T03:12:41.648+0000] {processor.py:830} INFO - Processing file /home/airflow/.local/lib/python3.8/site-packages/airflow/example_dags/example_sensors.py for tasks to queue
[2025-08-02T03:12:41.649+0000] {logging_mixin.py:188} INFO - [2025-08-02T03:12:41.649+0000] {dagbag.py:540} INFO - Filling up the DagBag from /home/airflow/.local/lib/python3.8/site-packages/airflow/example_dags/example_sensors.py
[2025-08-02T03:12:41.656+0000] {processor.py:840} INFO - DAG(s) 'example_sensors' retrieved from /home/airflow/.local/lib/python3.8/site-packages/airflow/example_dags/example_sensors.py
[2025-08-02T03:12:41.679+0000] {logging_mixin.py:188} INFO - [2025-08-02T03:12:41.679+0000] {dag.py:3047} INFO - Sync 1 DAGs
[2025-08-02T03:12:41.687+0000] {logging_mixin.py:188} INFO - [2025-08-02T03:12:41.687+0000] {dag.py:3834} INFO - Setting next_dagrun for example_sensors to None, run_after=None
[2025-08-02T03:12:41.711+0000] {processor.py:183} INFO - Processing /home/airflow/.local/lib/python3.8/site-packages/airflow/example_dags/example_sensors.py took 0.066 seconds
[2025-08-02T03:13:12.591+0000] {processor.py:161} INFO - Started process (PID=550) to work on /home/airflow/.local/lib/python3.8/site-packages/airflow/example_dags/example_sensors.py
[2025-08-02T03:13:12.592+0000] {processor.py:830} INFO - Processing file /home/airflow/.local/lib/python3.8/site-packages/airflow/example_dags/example_sensors.py for tasks to queue
[2025-08-02T03:13:12.594+0000] {logging_mixin.py:188} INFO - [2025-08-02T03:13:12.594+0000] {dagbag.py:540} INFO - Filling up the DagBag from /home/airflow/.local/lib/python3.8/site-packages/airflow/example_dags/example_sensors.py
[2025-08-02T03:13:12.600+0000] {processor.py:840} INFO - DAG(s) 'example_sensors' retrieved from /home/airflow/.local/lib/python3.8/site-packages/airflow/example_dags/example_sensors.py
[2025-08-02T03:13:12.616+0000] {logging_mixin.py:188} INFO - [2025-08-02T03:13:12.616+0000] {dag.py:3047} INFO - Sync 1 DAGs
[2025-08-02T03:13:12.625+0000] {logging_mixin.py:188} INFO - [2025-08-02T03:13:12.625+0000] {dag.py:3834} INFO - Setting next_dagrun for example_sensors to None, run_after=None
[2025-08-02T03:13:12.633+0000] {processor.py:183} INFO - Processing /home/airflow/.local/lib/python3.8/site-packages/airflow/example_dags/example_sensors.py took 0.045 seconds
[2025-08-02T03:13:43.593+0000] {processor.py:161} INFO - Started process (PID=606) to work on /home/airflow/.local/lib/python3.8/site-packages/airflow/example_dags/example_sensors.py
[2025-08-02T03:13:43.594+0000] {processor.py:830} INFO - Processing file /home/airflow/.local/lib/python3.8/site-packages/airflow/example_dags/example_sensors.py for tasks to queue
[2025-08-02T03:13:43.596+0000] {logging_mixin.py:188} INFO - [2025-08-02T03:13:43.596+0000] {dagbag.py:540} INFO - Filling up the DagBag from /home/airflow/.local/lib/python3.8/site-packages/airflow/example_dags/example_sensors.py
[2025-08-02T03:13:43.616+0000] {processor.py:840} INFO - DAG(s) 'example_sensors' retrieved from /home/airflow/.local/lib/python3.8/site-packages/airflow/example_dags/example_sensors.py
[2025-08-02T03:13:43.670+0000] {logging_mixin.py:188} INFO - [2025-08-02T03:13:43.670+0000] {dag.py:3047} INFO - Sync 1 DAGs
[2025-08-02T03:13:43.681+0000] {logging_mixin.py:188} INFO - [2025-08-02T03:13:43.681+0000] {dag.py:3834} INFO - Setting next_dagrun for example_sensors to None, run_after=None
[2025-08-02T03:13:43.703+0000] {processor.py:183} INFO - Processing /home/airflow/.local/lib/python3.8/site-packages/airflow/example_dags/example_sensors.py took 0.115 seconds
[2025-08-02T03:14:14.776+0000] {processor.py:161} INFO - Started process (PID=662) to work on /home/airflow/.local/lib/python3.8/site-packages/airflow/example_dags/example_sensors.py
[2025-08-02T03:14:14.780+0000] {processor.py:830} INFO - Processing file /home/airflow/.local/lib/python3.8/site-packages/airflow/example_dags/example_sensors.py for tasks to queue
[2025-08-02T03:14:14.783+0000] {logging_mixin.py:188} INFO - [2025-08-02T03:14:14.783+0000] {dagbag.py:540} INFO - Filling up the DagBag from /home/airflow/.local/lib/python3.8/site-packages/airflow/example_dags/example_sensors.py
[2025-08-02T03:14:14.818+0000] {processor.py:840} INFO - DAG(s) 'example_sensors' retrieved from /home/airflow/.local/lib/python3.8/site-packages/airflow/example_dags/example_sensors.py
[2025-08-02T03:14:14.863+0000] {logging_mixin.py:188} INFO - [2025-08-02T03:14:14.863+0000] {dag.py:3047} INFO - Sync 1 DAGs
[2025-08-02T03:14:14.872+0000] {logging_mixin.py:188} INFO - [2025-08-02T03:14:14.872+0000] {dag.py:3834} INFO - Setting next_dagrun for example_sensors to None, run_after=None
[2025-08-02T03:14:14.905+0000] {processor.py:183} INFO - Processing /home/airflow/.local/lib/python3.8/site-packages/airflow/example_dags/example_sensors.py took 0.136 seconds
