[2025-08-02T01:42:45.395+0000] {processor.py:161} INFO - Started process (PID=100) to work on /home/airflow/.local/lib/python3.8/site-packages/airflow/example_dags/tutorial_taskflow_api_virtualenv.py
[2025-08-02T01:42:45.399+0000] {processor.py:830} INFO - Processing file /home/airflow/.local/lib/python3.8/site-packages/airflow/example_dags/tutorial_taskflow_api_virtualenv.py for tasks to queue
[2025-08-02T01:42:45.400+0000] {logging_mixin.py:188} INFO - [2025-08-02T01:42:45.400+0000] {dagbag.py:540} INFO - Filling up the DagBag from /home/airflow/.local/lib/python3.8/site-packages/airflow/example_dags/tutorial_taskflow_api_virtualenv.py
[2025-08-02T01:42:45.409+0000] {processor.py:840} INFO - DAG(s) 'tutorial_taskflow_api_virtualenv' retrieved from /home/airflow/.local/lib/python3.8/site-packages/airflow/example_dags/tutorial_taskflow_api_virtualenv.py
[2025-08-02T01:42:45.523+0000] {logging_mixin.py:188} INFO - [2025-08-02T01:42:45.523+0000] {dag.py:3047} INFO - Sync 1 DAGs
[2025-08-02T01:42:45.534+0000] {logging_mixin.py:188} INFO - [2025-08-02T01:42:45.534+0000] {dag.py:3834} INFO - Setting next_dagrun for tutorial_taskflow_api_virtualenv to None, run_after=None
[2025-08-02T01:42:45.561+0000] {processor.py:183} INFO - Processing /home/airflow/.local/lib/python3.8/site-packages/airflow/example_dags/tutorial_taskflow_api_virtualenv.py took 0.169 seconds
[2025-08-02T01:43:16.459+0000] {processor.py:161} INFO - Started process (PID=156) to work on /home/airflow/.local/lib/python3.8/site-packages/airflow/example_dags/tutorial_taskflow_api_virtualenv.py
[2025-08-02T01:43:16.461+0000] {processor.py:830} INFO - Processing file /home/airflow/.local/lib/python3.8/site-packages/airflow/example_dags/tutorial_taskflow_api_virtualenv.py for tasks to queue
[2025-08-02T01:43:16.462+0000] {logging_mixin.py:188} INFO - [2025-08-02T01:43:16.462+0000] {dagbag.py:540} INFO - Filling up the DagBag from /home/airflow/.local/lib/python3.8/site-packages/airflow/example_dags/tutorial_taskflow_api_virtualenv.py
[2025-08-02T01:43:16.469+0000] {processor.py:840} INFO - DAG(s) 'tutorial_taskflow_api_virtualenv' retrieved from /home/airflow/.local/lib/python3.8/site-packages/airflow/example_dags/tutorial_taskflow_api_virtualenv.py
[2025-08-02T01:43:16.481+0000] {logging_mixin.py:188} INFO - [2025-08-02T01:43:16.481+0000] {dag.py:3047} INFO - Sync 1 DAGs
[2025-08-02T01:43:16.488+0000] {logging_mixin.py:188} INFO - [2025-08-02T01:43:16.488+0000] {dag.py:3834} INFO - Setting next_dagrun for tutorial_taskflow_api_virtualenv to None, run_after=None
[2025-08-02T01:43:16.505+0000] {processor.py:183} INFO - Processing /home/airflow/.local/lib/python3.8/site-packages/airflow/example_dags/tutorial_taskflow_api_virtualenv.py took 0.049 seconds
[2025-08-02T01:43:46.733+0000] {processor.py:161} INFO - Started process (PID=212) to work on /home/airflow/.local/lib/python3.8/site-packages/airflow/example_dags/tutorial_taskflow_api_virtualenv.py
[2025-08-02T01:43:46.735+0000] {processor.py:830} INFO - Processing file /home/airflow/.local/lib/python3.8/site-packages/airflow/example_dags/tutorial_taskflow_api_virtualenv.py for tasks to queue
[2025-08-02T01:43:46.740+0000] {logging_mixin.py:188} INFO - [2025-08-02T01:43:46.739+0000] {dagbag.py:540} INFO - Filling up the DagBag from /home/airflow/.local/lib/python3.8/site-packages/airflow/example_dags/tutorial_taskflow_api_virtualenv.py
[2025-08-02T01:43:46.757+0000] {processor.py:840} INFO - DAG(s) 'tutorial_taskflow_api_virtualenv' retrieved from /home/airflow/.local/lib/python3.8/site-packages/airflow/example_dags/tutorial_taskflow_api_virtualenv.py
[2025-08-02T01:43:46.777+0000] {logging_mixin.py:188} INFO - [2025-08-02T01:43:46.777+0000] {dag.py:3047} INFO - Sync 1 DAGs
[2025-08-02T01:43:46.790+0000] {logging_mixin.py:188} INFO - [2025-08-02T01:43:46.789+0000] {dag.py:3834} INFO - Setting next_dagrun for tutorial_taskflow_api_virtualenv to None, run_after=None
[2025-08-02T01:43:46.812+0000] {processor.py:183} INFO - Processing /home/airflow/.local/lib/python3.8/site-packages/airflow/example_dags/tutorial_taskflow_api_virtualenv.py took 0.089 seconds
[2025-08-02T01:44:17.812+0000] {processor.py:161} INFO - Started process (PID=268) to work on /home/airflow/.local/lib/python3.8/site-packages/airflow/example_dags/tutorial_taskflow_api_virtualenv.py
[2025-08-02T01:44:17.814+0000] {processor.py:830} INFO - Processing file /home/airflow/.local/lib/python3.8/site-packages/airflow/example_dags/tutorial_taskflow_api_virtualenv.py for tasks to queue
[2025-08-02T01:44:17.816+0000] {logging_mixin.py:188} INFO - [2025-08-02T01:44:17.816+0000] {dagbag.py:540} INFO - Filling up the DagBag from /home/airflow/.local/lib/python3.8/site-packages/airflow/example_dags/tutorial_taskflow_api_virtualenv.py
[2025-08-02T01:44:17.825+0000] {processor.py:840} INFO - DAG(s) 'tutorial_taskflow_api_virtualenv' retrieved from /home/airflow/.local/lib/python3.8/site-packages/airflow/example_dags/tutorial_taskflow_api_virtualenv.py
[2025-08-02T01:44:17.847+0000] {logging_mixin.py:188} INFO - [2025-08-02T01:44:17.847+0000] {dag.py:3047} INFO - Sync 1 DAGs
[2025-08-02T01:44:17.861+0000] {logging_mixin.py:188} INFO - [2025-08-02T01:44:17.860+0000] {dag.py:3834} INFO - Setting next_dagrun for tutorial_taskflow_api_virtualenv to None, run_after=None
[2025-08-02T01:44:17.879+0000] {processor.py:183} INFO - Processing /home/airflow/.local/lib/python3.8/site-packages/airflow/example_dags/tutorial_taskflow_api_virtualenv.py took 0.075 seconds
[2025-08-02T01:44:48.676+0000] {processor.py:161} INFO - Started process (PID=324) to work on /home/airflow/.local/lib/python3.8/site-packages/airflow/example_dags/tutorial_taskflow_api_virtualenv.py
[2025-08-02T01:44:48.678+0000] {processor.py:830} INFO - Processing file /home/airflow/.local/lib/python3.8/site-packages/airflow/example_dags/tutorial_taskflow_api_virtualenv.py for tasks to queue
[2025-08-02T01:44:48.682+0000] {logging_mixin.py:188} INFO - [2025-08-02T01:44:48.682+0000] {dagbag.py:540} INFO - Filling up the DagBag from /home/airflow/.local/lib/python3.8/site-packages/airflow/example_dags/tutorial_taskflow_api_virtualenv.py
[2025-08-02T01:44:48.694+0000] {processor.py:840} INFO - DAG(s) 'tutorial_taskflow_api_virtualenv' retrieved from /home/airflow/.local/lib/python3.8/site-packages/airflow/example_dags/tutorial_taskflow_api_virtualenv.py
[2025-08-02T01:44:48.716+0000] {logging_mixin.py:188} INFO - [2025-08-02T01:44:48.716+0000] {dag.py:3047} INFO - Sync 1 DAGs
[2025-08-02T01:44:48.724+0000] {logging_mixin.py:188} INFO - [2025-08-02T01:44:48.724+0000] {dag.py:3834} INFO - Setting next_dagrun for tutorial_taskflow_api_virtualenv to None, run_after=None
[2025-08-02T01:44:48.743+0000] {processor.py:183} INFO - Processing /home/airflow/.local/lib/python3.8/site-packages/airflow/example_dags/tutorial_taskflow_api_virtualenv.py took 0.072 seconds
[2025-08-02T01:45:19.816+0000] {processor.py:161} INFO - Started process (PID=380) to work on /home/airflow/.local/lib/python3.8/site-packages/airflow/example_dags/tutorial_taskflow_api_virtualenv.py
[2025-08-02T01:45:19.821+0000] {processor.py:830} INFO - Processing file /home/airflow/.local/lib/python3.8/site-packages/airflow/example_dags/tutorial_taskflow_api_virtualenv.py for tasks to queue
[2025-08-02T01:45:19.823+0000] {logging_mixin.py:188} INFO - [2025-08-02T01:45:19.823+0000] {dagbag.py:540} INFO - Filling up the DagBag from /home/airflow/.local/lib/python3.8/site-packages/airflow/example_dags/tutorial_taskflow_api_virtualenv.py
[2025-08-02T01:45:19.831+0000] {processor.py:840} INFO - DAG(s) 'tutorial_taskflow_api_virtualenv' retrieved from /home/airflow/.local/lib/python3.8/site-packages/airflow/example_dags/tutorial_taskflow_api_virtualenv.py
[2025-08-02T01:45:19.867+0000] {logging_mixin.py:188} INFO - [2025-08-02T01:45:19.867+0000] {dag.py:3047} INFO - Sync 1 DAGs
[2025-08-02T01:45:19.883+0000] {logging_mixin.py:188} INFO - [2025-08-02T01:45:19.883+0000] {dag.py:3834} INFO - Setting next_dagrun for tutorial_taskflow_api_virtualenv to None, run_after=None
[2025-08-02T01:45:19.903+0000] {processor.py:183} INFO - Processing /home/airflow/.local/lib/python3.8/site-packages/airflow/example_dags/tutorial_taskflow_api_virtualenv.py took 0.089 seconds
[2025-08-02T01:45:50.294+0000] {processor.py:161} INFO - Started process (PID=436) to work on /home/airflow/.local/lib/python3.8/site-packages/airflow/example_dags/tutorial_taskflow_api_virtualenv.py
[2025-08-02T01:45:50.295+0000] {processor.py:830} INFO - Processing file /home/airflow/.local/lib/python3.8/site-packages/airflow/example_dags/tutorial_taskflow_api_virtualenv.py for tasks to queue
[2025-08-02T01:45:50.296+0000] {logging_mixin.py:188} INFO - [2025-08-02T01:45:50.295+0000] {dagbag.py:540} INFO - Filling up the DagBag from /home/airflow/.local/lib/python3.8/site-packages/airflow/example_dags/tutorial_taskflow_api_virtualenv.py
[2025-08-02T01:45:50.302+0000] {processor.py:840} INFO - DAG(s) 'tutorial_taskflow_api_virtualenv' retrieved from /home/airflow/.local/lib/python3.8/site-packages/airflow/example_dags/tutorial_taskflow_api_virtualenv.py
[2025-08-02T01:45:50.318+0000] {logging_mixin.py:188} INFO - [2025-08-02T01:45:50.318+0000] {dag.py:3047} INFO - Sync 1 DAGs
[2025-08-02T01:45:50.328+0000] {logging_mixin.py:188} INFO - [2025-08-02T01:45:50.328+0000] {dag.py:3834} INFO - Setting next_dagrun for tutorial_taskflow_api_virtualenv to None, run_after=None
[2025-08-02T01:45:50.354+0000] {processor.py:183} INFO - Processing /home/airflow/.local/lib/python3.8/site-packages/airflow/example_dags/tutorial_taskflow_api_virtualenv.py took 0.062 seconds
[2025-08-02T01:46:21.079+0000] {processor.py:161} INFO - Started process (PID=493) to work on /home/airflow/.local/lib/python3.8/site-packages/airflow/example_dags/tutorial_taskflow_api_virtualenv.py
[2025-08-02T01:46:21.082+0000] {processor.py:830} INFO - Processing file /home/airflow/.local/lib/python3.8/site-packages/airflow/example_dags/tutorial_taskflow_api_virtualenv.py for tasks to queue
[2025-08-02T01:46:21.089+0000] {logging_mixin.py:188} INFO - [2025-08-02T01:46:21.088+0000] {dagbag.py:540} INFO - Filling up the DagBag from /home/airflow/.local/lib/python3.8/site-packages/airflow/example_dags/tutorial_taskflow_api_virtualenv.py
[2025-08-02T01:46:21.102+0000] {processor.py:840} INFO - DAG(s) 'tutorial_taskflow_api_virtualenv' retrieved from /home/airflow/.local/lib/python3.8/site-packages/airflow/example_dags/tutorial_taskflow_api_virtualenv.py
[2025-08-02T01:46:21.127+0000] {logging_mixin.py:188} INFO - [2025-08-02T01:46:21.127+0000] {dag.py:3047} INFO - Sync 1 DAGs
[2025-08-02T01:46:21.139+0000] {logging_mixin.py:188} INFO - [2025-08-02T01:46:21.139+0000] {dag.py:3834} INFO - Setting next_dagrun for tutorial_taskflow_api_virtualenv to None, run_after=None
[2025-08-02T01:46:21.163+0000] {processor.py:183} INFO - Processing /home/airflow/.local/lib/python3.8/site-packages/airflow/example_dags/tutorial_taskflow_api_virtualenv.py took 0.089 seconds
[2025-08-02T01:46:51.574+0000] {processor.py:161} INFO - Started process (PID=550) to work on /home/airflow/.local/lib/python3.8/site-packages/airflow/example_dags/tutorial_taskflow_api_virtualenv.py
[2025-08-02T01:46:51.575+0000] {processor.py:830} INFO - Processing file /home/airflow/.local/lib/python3.8/site-packages/airflow/example_dags/tutorial_taskflow_api_virtualenv.py for tasks to queue
[2025-08-02T01:46:51.576+0000] {logging_mixin.py:188} INFO - [2025-08-02T01:46:51.576+0000] {dagbag.py:540} INFO - Filling up the DagBag from /home/airflow/.local/lib/python3.8/site-packages/airflow/example_dags/tutorial_taskflow_api_virtualenv.py
[2025-08-02T01:46:51.583+0000] {processor.py:840} INFO - DAG(s) 'tutorial_taskflow_api_virtualenv' retrieved from /home/airflow/.local/lib/python3.8/site-packages/airflow/example_dags/tutorial_taskflow_api_virtualenv.py
[2025-08-02T01:46:51.600+0000] {logging_mixin.py:188} INFO - [2025-08-02T01:46:51.600+0000] {dag.py:3047} INFO - Sync 1 DAGs
[2025-08-02T01:46:51.610+0000] {logging_mixin.py:188} INFO - [2025-08-02T01:46:51.610+0000] {dag.py:3834} INFO - Setting next_dagrun for tutorial_taskflow_api_virtualenv to None, run_after=None
[2025-08-02T01:46:51.624+0000] {processor.py:183} INFO - Processing /home/airflow/.local/lib/python3.8/site-packages/airflow/example_dags/tutorial_taskflow_api_virtualenv.py took 0.053 seconds
[2025-08-02T01:47:22.099+0000] {processor.py:161} INFO - Started process (PID=606) to work on /home/airflow/.local/lib/python3.8/site-packages/airflow/example_dags/tutorial_taskflow_api_virtualenv.py
[2025-08-02T01:47:22.100+0000] {processor.py:830} INFO - Processing file /home/airflow/.local/lib/python3.8/site-packages/airflow/example_dags/tutorial_taskflow_api_virtualenv.py for tasks to queue
[2025-08-02T01:47:22.101+0000] {logging_mixin.py:188} INFO - [2025-08-02T01:47:22.101+0000] {dagbag.py:540} INFO - Filling up the DagBag from /home/airflow/.local/lib/python3.8/site-packages/airflow/example_dags/tutorial_taskflow_api_virtualenv.py
[2025-08-02T01:47:22.107+0000] {processor.py:840} INFO - DAG(s) 'tutorial_taskflow_api_virtualenv' retrieved from /home/airflow/.local/lib/python3.8/site-packages/airflow/example_dags/tutorial_taskflow_api_virtualenv.py
[2025-08-02T01:47:22.123+0000] {logging_mixin.py:188} INFO - [2025-08-02T01:47:22.123+0000] {dag.py:3047} INFO - Sync 1 DAGs
[2025-08-02T01:47:22.133+0000] {logging_mixin.py:188} INFO - [2025-08-02T01:47:22.133+0000] {dag.py:3834} INFO - Setting next_dagrun for tutorial_taskflow_api_virtualenv to None, run_after=None
[2025-08-02T01:47:22.151+0000] {processor.py:183} INFO - Processing /home/airflow/.local/lib/python3.8/site-packages/airflow/example_dags/tutorial_taskflow_api_virtualenv.py took 0.055 seconds
[2025-08-02T01:47:52.966+0000] {processor.py:161} INFO - Started process (PID=662) to work on /home/airflow/.local/lib/python3.8/site-packages/airflow/example_dags/tutorial_taskflow_api_virtualenv.py
[2025-08-02T01:47:52.967+0000] {processor.py:830} INFO - Processing file /home/airflow/.local/lib/python3.8/site-packages/airflow/example_dags/tutorial_taskflow_api_virtualenv.py for tasks to queue
[2025-08-02T01:47:52.969+0000] {logging_mixin.py:188} INFO - [2025-08-02T01:47:52.969+0000] {dagbag.py:540} INFO - Filling up the DagBag from /home/airflow/.local/lib/python3.8/site-packages/airflow/example_dags/tutorial_taskflow_api_virtualenv.py
[2025-08-02T01:47:52.977+0000] {processor.py:840} INFO - DAG(s) 'tutorial_taskflow_api_virtualenv' retrieved from /home/airflow/.local/lib/python3.8/site-packages/airflow/example_dags/tutorial_taskflow_api_virtualenv.py
[2025-08-02T01:47:53.000+0000] {logging_mixin.py:188} INFO - [2025-08-02T01:47:53.000+0000] {dag.py:3047} INFO - Sync 1 DAGs
[2025-08-02T01:47:53.009+0000] {logging_mixin.py:188} INFO - [2025-08-02T01:47:53.009+0000] {dag.py:3834} INFO - Setting next_dagrun for tutorial_taskflow_api_virtualenv to None, run_after=None
[2025-08-02T01:47:53.036+0000] {processor.py:183} INFO - Processing /home/airflow/.local/lib/python3.8/site-packages/airflow/example_dags/tutorial_taskflow_api_virtualenv.py took 0.076 seconds
[2025-08-02T01:48:23.751+0000] {processor.py:161} INFO - Started process (PID=718) to work on /home/airflow/.local/lib/python3.8/site-packages/airflow/example_dags/tutorial_taskflow_api_virtualenv.py
[2025-08-02T01:48:23.752+0000] {processor.py:830} INFO - Processing file /home/airflow/.local/lib/python3.8/site-packages/airflow/example_dags/tutorial_taskflow_api_virtualenv.py for tasks to queue
[2025-08-02T01:48:23.753+0000] {logging_mixin.py:188} INFO - [2025-08-02T01:48:23.753+0000] {dagbag.py:540} INFO - Filling up the DagBag from /home/airflow/.local/lib/python3.8/site-packages/airflow/example_dags/tutorial_taskflow_api_virtualenv.py
[2025-08-02T01:48:23.761+0000] {processor.py:840} INFO - DAG(s) 'tutorial_taskflow_api_virtualenv' retrieved from /home/airflow/.local/lib/python3.8/site-packages/airflow/example_dags/tutorial_taskflow_api_virtualenv.py
[2025-08-02T01:48:23.782+0000] {logging_mixin.py:188} INFO - [2025-08-02T01:48:23.782+0000] {dag.py:3047} INFO - Sync 1 DAGs
[2025-08-02T01:48:23.791+0000] {logging_mixin.py:188} INFO - [2025-08-02T01:48:23.791+0000] {dag.py:3834} INFO - Setting next_dagrun for tutorial_taskflow_api_virtualenv to None, run_after=None
[2025-08-02T01:48:23.808+0000] {processor.py:183} INFO - Processing /home/airflow/.local/lib/python3.8/site-packages/airflow/example_dags/tutorial_taskflow_api_virtualenv.py took 0.059 seconds
[2025-08-02T01:48:55.003+0000] {processor.py:161} INFO - Started process (PID=774) to work on /home/airflow/.local/lib/python3.8/site-packages/airflow/example_dags/tutorial_taskflow_api_virtualenv.py
[2025-08-02T01:48:55.004+0000] {processor.py:830} INFO - Processing file /home/airflow/.local/lib/python3.8/site-packages/airflow/example_dags/tutorial_taskflow_api_virtualenv.py for tasks to queue
[2025-08-02T01:48:55.006+0000] {logging_mixin.py:188} INFO - [2025-08-02T01:48:55.006+0000] {dagbag.py:540} INFO - Filling up the DagBag from /home/airflow/.local/lib/python3.8/site-packages/airflow/example_dags/tutorial_taskflow_api_virtualenv.py
[2025-08-02T01:48:55.016+0000] {processor.py:840} INFO - DAG(s) 'tutorial_taskflow_api_virtualenv' retrieved from /home/airflow/.local/lib/python3.8/site-packages/airflow/example_dags/tutorial_taskflow_api_virtualenv.py
[2025-08-02T01:48:55.038+0000] {logging_mixin.py:188} INFO - [2025-08-02T01:48:55.038+0000] {dag.py:3047} INFO - Sync 1 DAGs
[2025-08-02T01:48:55.048+0000] {logging_mixin.py:188} INFO - [2025-08-02T01:48:55.048+0000] {dag.py:3834} INFO - Setting next_dagrun for tutorial_taskflow_api_virtualenv to None, run_after=None
[2025-08-02T01:48:55.070+0000] {processor.py:183} INFO - Processing /home/airflow/.local/lib/python3.8/site-packages/airflow/example_dags/tutorial_taskflow_api_virtualenv.py took 0.070 seconds
[2025-08-02T01:49:25.851+0000] {processor.py:161} INFO - Started process (PID=830) to work on /home/airflow/.local/lib/python3.8/site-packages/airflow/example_dags/tutorial_taskflow_api_virtualenv.py
[2025-08-02T01:49:25.852+0000] {processor.py:830} INFO - Processing file /home/airflow/.local/lib/python3.8/site-packages/airflow/example_dags/tutorial_taskflow_api_virtualenv.py for tasks to queue
[2025-08-02T01:49:25.854+0000] {logging_mixin.py:188} INFO - [2025-08-02T01:49:25.854+0000] {dagbag.py:540} INFO - Filling up the DagBag from /home/airflow/.local/lib/python3.8/site-packages/airflow/example_dags/tutorial_taskflow_api_virtualenv.py
[2025-08-02T01:49:25.862+0000] {processor.py:840} INFO - DAG(s) 'tutorial_taskflow_api_virtualenv' retrieved from /home/airflow/.local/lib/python3.8/site-packages/airflow/example_dags/tutorial_taskflow_api_virtualenv.py
[2025-08-02T01:49:25.876+0000] {logging_mixin.py:188} INFO - [2025-08-02T01:49:25.876+0000] {dag.py:3047} INFO - Sync 1 DAGs
[2025-08-02T01:49:25.883+0000] {logging_mixin.py:188} INFO - [2025-08-02T01:49:25.883+0000] {dag.py:3834} INFO - Setting next_dagrun for tutorial_taskflow_api_virtualenv to None, run_after=None
[2025-08-02T01:49:25.899+0000] {processor.py:183} INFO - Processing /home/airflow/.local/lib/python3.8/site-packages/airflow/example_dags/tutorial_taskflow_api_virtualenv.py took 0.051 seconds
[2025-08-02T01:49:56.526+0000] {processor.py:161} INFO - Started process (PID=886) to work on /home/airflow/.local/lib/python3.8/site-packages/airflow/example_dags/tutorial_taskflow_api_virtualenv.py
[2025-08-02T01:49:56.527+0000] {processor.py:830} INFO - Processing file /home/airflow/.local/lib/python3.8/site-packages/airflow/example_dags/tutorial_taskflow_api_virtualenv.py for tasks to queue
[2025-08-02T01:49:56.529+0000] {logging_mixin.py:188} INFO - [2025-08-02T01:49:56.529+0000] {dagbag.py:540} INFO - Filling up the DagBag from /home/airflow/.local/lib/python3.8/site-packages/airflow/example_dags/tutorial_taskflow_api_virtualenv.py
[2025-08-02T01:49:56.538+0000] {processor.py:840} INFO - DAG(s) 'tutorial_taskflow_api_virtualenv' retrieved from /home/airflow/.local/lib/python3.8/site-packages/airflow/example_dags/tutorial_taskflow_api_virtualenv.py
[2025-08-02T01:49:56.562+0000] {logging_mixin.py:188} INFO - [2025-08-02T01:49:56.561+0000] {dag.py:3047} INFO - Sync 1 DAGs
[2025-08-02T01:49:56.579+0000] {logging_mixin.py:188} INFO - [2025-08-02T01:49:56.579+0000] {dag.py:3834} INFO - Setting next_dagrun for tutorial_taskflow_api_virtualenv to None, run_after=None
[2025-08-02T01:49:56.597+0000] {processor.py:183} INFO - Processing /home/airflow/.local/lib/python3.8/site-packages/airflow/example_dags/tutorial_taskflow_api_virtualenv.py took 0.075 seconds
[2025-08-02T01:50:28.256+0000] {processor.py:161} INFO - Started process (PID=942) to work on /home/airflow/.local/lib/python3.8/site-packages/airflow/example_dags/tutorial_taskflow_api_virtualenv.py
[2025-08-02T01:50:28.257+0000] {processor.py:830} INFO - Processing file /home/airflow/.local/lib/python3.8/site-packages/airflow/example_dags/tutorial_taskflow_api_virtualenv.py for tasks to queue
[2025-08-02T01:50:28.259+0000] {logging_mixin.py:188} INFO - [2025-08-02T01:50:28.258+0000] {dagbag.py:540} INFO - Filling up the DagBag from /home/airflow/.local/lib/python3.8/site-packages/airflow/example_dags/tutorial_taskflow_api_virtualenv.py
[2025-08-02T01:50:28.268+0000] {processor.py:840} INFO - DAG(s) 'tutorial_taskflow_api_virtualenv' retrieved from /home/airflow/.local/lib/python3.8/site-packages/airflow/example_dags/tutorial_taskflow_api_virtualenv.py
[2025-08-02T01:50:28.284+0000] {logging_mixin.py:188} INFO - [2025-08-02T01:50:28.284+0000] {dag.py:3047} INFO - Sync 1 DAGs
[2025-08-02T01:50:28.303+0000] {logging_mixin.py:188} INFO - [2025-08-02T01:50:28.303+0000] {dag.py:3834} INFO - Setting next_dagrun for tutorial_taskflow_api_virtualenv to None, run_after=None
[2025-08-02T01:50:28.333+0000] {processor.py:183} INFO - Processing /home/airflow/.local/lib/python3.8/site-packages/airflow/example_dags/tutorial_taskflow_api_virtualenv.py took 0.080 seconds
[2025-08-02T01:50:59.353+0000] {processor.py:161} INFO - Started process (PID=999) to work on /home/airflow/.local/lib/python3.8/site-packages/airflow/example_dags/tutorial_taskflow_api_virtualenv.py
[2025-08-02T01:50:59.354+0000] {processor.py:830} INFO - Processing file /home/airflow/.local/lib/python3.8/site-packages/airflow/example_dags/tutorial_taskflow_api_virtualenv.py for tasks to queue
[2025-08-02T01:50:59.357+0000] {logging_mixin.py:188} INFO - [2025-08-02T01:50:59.356+0000] {dagbag.py:540} INFO - Filling up the DagBag from /home/airflow/.local/lib/python3.8/site-packages/airflow/example_dags/tutorial_taskflow_api_virtualenv.py
[2025-08-02T01:50:59.382+0000] {processor.py:840} INFO - DAG(s) 'tutorial_taskflow_api_virtualenv' retrieved from /home/airflow/.local/lib/python3.8/site-packages/airflow/example_dags/tutorial_taskflow_api_virtualenv.py
[2025-08-02T01:50:59.506+0000] {logging_mixin.py:188} INFO - [2025-08-02T01:50:59.502+0000] {dag.py:3047} INFO - Sync 1 DAGs
[2025-08-02T01:50:59.542+0000] {logging_mixin.py:188} INFO - [2025-08-02T01:50:59.539+0000] {dag.py:3834} INFO - Setting next_dagrun for tutorial_taskflow_api_virtualenv to None, run_after=None
[2025-08-02T01:50:59.854+0000] {processor.py:183} INFO - Processing /home/airflow/.local/lib/python3.8/site-packages/airflow/example_dags/tutorial_taskflow_api_virtualenv.py took 0.507 seconds
[2025-08-02T01:51:30.789+0000] {processor.py:161} INFO - Started process (PID=1055) to work on /home/airflow/.local/lib/python3.8/site-packages/airflow/example_dags/tutorial_taskflow_api_virtualenv.py
[2025-08-02T01:51:30.791+0000] {processor.py:830} INFO - Processing file /home/airflow/.local/lib/python3.8/site-packages/airflow/example_dags/tutorial_taskflow_api_virtualenv.py for tasks to queue
[2025-08-02T01:51:30.794+0000] {logging_mixin.py:188} INFO - [2025-08-02T01:51:30.793+0000] {dagbag.py:540} INFO - Filling up the DagBag from /home/airflow/.local/lib/python3.8/site-packages/airflow/example_dags/tutorial_taskflow_api_virtualenv.py
[2025-08-02T01:51:30.805+0000] {processor.py:840} INFO - DAG(s) 'tutorial_taskflow_api_virtualenv' retrieved from /home/airflow/.local/lib/python3.8/site-packages/airflow/example_dags/tutorial_taskflow_api_virtualenv.py
[2025-08-02T01:51:30.827+0000] {logging_mixin.py:188} INFO - [2025-08-02T01:51:30.827+0000] {dag.py:3047} INFO - Sync 1 DAGs
[2025-08-02T01:51:30.836+0000] {logging_mixin.py:188} INFO - [2025-08-02T01:51:30.836+0000] {dag.py:3834} INFO - Setting next_dagrun for tutorial_taskflow_api_virtualenv to None, run_after=None
[2025-08-02T01:51:30.849+0000] {processor.py:183} INFO - Processing /home/airflow/.local/lib/python3.8/site-packages/airflow/example_dags/tutorial_taskflow_api_virtualenv.py took 0.064 seconds
[2025-08-02T01:52:01.347+0000] {processor.py:161} INFO - Started process (PID=1111) to work on /home/airflow/.local/lib/python3.8/site-packages/airflow/example_dags/tutorial_taskflow_api_virtualenv.py
[2025-08-02T01:52:01.349+0000] {processor.py:830} INFO - Processing file /home/airflow/.local/lib/python3.8/site-packages/airflow/example_dags/tutorial_taskflow_api_virtualenv.py for tasks to queue
[2025-08-02T01:52:01.351+0000] {logging_mixin.py:188} INFO - [2025-08-02T01:52:01.351+0000] {dagbag.py:540} INFO - Filling up the DagBag from /home/airflow/.local/lib/python3.8/site-packages/airflow/example_dags/tutorial_taskflow_api_virtualenv.py
[2025-08-02T01:52:01.365+0000] {processor.py:840} INFO - DAG(s) 'tutorial_taskflow_api_virtualenv' retrieved from /home/airflow/.local/lib/python3.8/site-packages/airflow/example_dags/tutorial_taskflow_api_virtualenv.py
[2025-08-02T01:52:01.388+0000] {logging_mixin.py:188} INFO - [2025-08-02T01:52:01.388+0000] {dag.py:3047} INFO - Sync 1 DAGs
[2025-08-02T01:52:01.398+0000] {logging_mixin.py:188} INFO - [2025-08-02T01:52:01.398+0000] {dag.py:3834} INFO - Setting next_dagrun for tutorial_taskflow_api_virtualenv to None, run_after=None
[2025-08-02T01:52:01.414+0000] {processor.py:183} INFO - Processing /home/airflow/.local/lib/python3.8/site-packages/airflow/example_dags/tutorial_taskflow_api_virtualenv.py took 0.070 seconds
[2025-08-02T01:52:32.293+0000] {processor.py:161} INFO - Started process (PID=1167) to work on /home/airflow/.local/lib/python3.8/site-packages/airflow/example_dags/tutorial_taskflow_api_virtualenv.py
[2025-08-02T01:52:32.295+0000] {processor.py:830} INFO - Processing file /home/airflow/.local/lib/python3.8/site-packages/airflow/example_dags/tutorial_taskflow_api_virtualenv.py for tasks to queue
[2025-08-02T01:52:32.300+0000] {logging_mixin.py:188} INFO - [2025-08-02T01:52:32.299+0000] {dagbag.py:540} INFO - Filling up the DagBag from /home/airflow/.local/lib/python3.8/site-packages/airflow/example_dags/tutorial_taskflow_api_virtualenv.py
[2025-08-02T01:52:32.338+0000] {processor.py:840} INFO - DAG(s) 'tutorial_taskflow_api_virtualenv' retrieved from /home/airflow/.local/lib/python3.8/site-packages/airflow/example_dags/tutorial_taskflow_api_virtualenv.py
[2025-08-02T01:52:32.368+0000] {logging_mixin.py:188} INFO - [2025-08-02T01:52:32.368+0000] {dag.py:3047} INFO - Sync 1 DAGs
[2025-08-02T01:52:32.398+0000] {logging_mixin.py:188} INFO - [2025-08-02T01:52:32.397+0000] {dag.py:3834} INFO - Setting next_dagrun for tutorial_taskflow_api_virtualenv to None, run_after=None
[2025-08-02T01:52:32.418+0000] {processor.py:183} INFO - Processing /home/airflow/.local/lib/python3.8/site-packages/airflow/example_dags/tutorial_taskflow_api_virtualenv.py took 0.133 seconds
[2025-08-02T01:53:03.285+0000] {processor.py:161} INFO - Started process (PID=1223) to work on /home/airflow/.local/lib/python3.8/site-packages/airflow/example_dags/tutorial_taskflow_api_virtualenv.py
[2025-08-02T01:53:03.287+0000] {processor.py:830} INFO - Processing file /home/airflow/.local/lib/python3.8/site-packages/airflow/example_dags/tutorial_taskflow_api_virtualenv.py for tasks to queue
[2025-08-02T01:53:03.289+0000] {logging_mixin.py:188} INFO - [2025-08-02T01:53:03.289+0000] {dagbag.py:540} INFO - Filling up the DagBag from /home/airflow/.local/lib/python3.8/site-packages/airflow/example_dags/tutorial_taskflow_api_virtualenv.py
[2025-08-02T01:53:03.307+0000] {processor.py:840} INFO - DAG(s) 'tutorial_taskflow_api_virtualenv' retrieved from /home/airflow/.local/lib/python3.8/site-packages/airflow/example_dags/tutorial_taskflow_api_virtualenv.py
[2025-08-02T01:53:03.348+0000] {logging_mixin.py:188} INFO - [2025-08-02T01:53:03.347+0000] {dag.py:3047} INFO - Sync 1 DAGs
[2025-08-02T01:53:03.362+0000] {logging_mixin.py:188} INFO - [2025-08-02T01:53:03.362+0000] {dag.py:3834} INFO - Setting next_dagrun for tutorial_taskflow_api_virtualenv to None, run_after=None
[2025-08-02T01:53:03.383+0000] {processor.py:183} INFO - Processing /home/airflow/.local/lib/python3.8/site-packages/airflow/example_dags/tutorial_taskflow_api_virtualenv.py took 0.102 seconds
[2025-08-02T01:53:34.271+0000] {processor.py:161} INFO - Started process (PID=1279) to work on /home/airflow/.local/lib/python3.8/site-packages/airflow/example_dags/tutorial_taskflow_api_virtualenv.py
[2025-08-02T01:53:34.274+0000] {processor.py:830} INFO - Processing file /home/airflow/.local/lib/python3.8/site-packages/airflow/example_dags/tutorial_taskflow_api_virtualenv.py for tasks to queue
[2025-08-02T01:53:34.278+0000] {logging_mixin.py:188} INFO - [2025-08-02T01:53:34.278+0000] {dagbag.py:540} INFO - Filling up the DagBag from /home/airflow/.local/lib/python3.8/site-packages/airflow/example_dags/tutorial_taskflow_api_virtualenv.py
[2025-08-02T01:53:34.295+0000] {processor.py:840} INFO - DAG(s) 'tutorial_taskflow_api_virtualenv' retrieved from /home/airflow/.local/lib/python3.8/site-packages/airflow/example_dags/tutorial_taskflow_api_virtualenv.py
[2025-08-02T01:53:34.385+0000] {logging_mixin.py:188} INFO - [2025-08-02T01:53:34.385+0000] {dag.py:3047} INFO - Sync 1 DAGs
[2025-08-02T01:53:34.431+0000] {logging_mixin.py:188} INFO - [2025-08-02T01:53:34.430+0000] {dag.py:3834} INFO - Setting next_dagrun for tutorial_taskflow_api_virtualenv to None, run_after=None
[2025-08-02T01:53:34.500+0000] {processor.py:183} INFO - Processing /home/airflow/.local/lib/python3.8/site-packages/airflow/example_dags/tutorial_taskflow_api_virtualenv.py took 0.249 seconds
[2025-08-02T01:54:05.068+0000] {processor.py:161} INFO - Started process (PID=1335) to work on /home/airflow/.local/lib/python3.8/site-packages/airflow/example_dags/tutorial_taskflow_api_virtualenv.py
[2025-08-02T01:54:05.070+0000] {processor.py:830} INFO - Processing file /home/airflow/.local/lib/python3.8/site-packages/airflow/example_dags/tutorial_taskflow_api_virtualenv.py for tasks to queue
[2025-08-02T01:54:05.073+0000] {logging_mixin.py:188} INFO - [2025-08-02T01:54:05.072+0000] {dagbag.py:540} INFO - Filling up the DagBag from /home/airflow/.local/lib/python3.8/site-packages/airflow/example_dags/tutorial_taskflow_api_virtualenv.py
[2025-08-02T01:54:05.091+0000] {processor.py:840} INFO - DAG(s) 'tutorial_taskflow_api_virtualenv' retrieved from /home/airflow/.local/lib/python3.8/site-packages/airflow/example_dags/tutorial_taskflow_api_virtualenv.py
[2025-08-02T01:54:05.130+0000] {logging_mixin.py:188} INFO - [2025-08-02T01:54:05.129+0000] {dag.py:3047} INFO - Sync 1 DAGs
[2025-08-02T01:54:05.140+0000] {logging_mixin.py:188} INFO - [2025-08-02T01:54:05.140+0000] {dag.py:3834} INFO - Setting next_dagrun for tutorial_taskflow_api_virtualenv to None, run_after=None
[2025-08-02T01:54:05.157+0000] {processor.py:183} INFO - Processing /home/airflow/.local/lib/python3.8/site-packages/airflow/example_dags/tutorial_taskflow_api_virtualenv.py took 0.095 seconds
[2025-08-02T01:54:35.620+0000] {processor.py:161} INFO - Started process (PID=1391) to work on /home/airflow/.local/lib/python3.8/site-packages/airflow/example_dags/tutorial_taskflow_api_virtualenv.py
[2025-08-02T01:54:35.622+0000] {processor.py:830} INFO - Processing file /home/airflow/.local/lib/python3.8/site-packages/airflow/example_dags/tutorial_taskflow_api_virtualenv.py for tasks to queue
[2025-08-02T01:54:35.625+0000] {logging_mixin.py:188} INFO - [2025-08-02T01:54:35.625+0000] {dagbag.py:540} INFO - Filling up the DagBag from /home/airflow/.local/lib/python3.8/site-packages/airflow/example_dags/tutorial_taskflow_api_virtualenv.py
[2025-08-02T01:54:35.649+0000] {processor.py:840} INFO - DAG(s) 'tutorial_taskflow_api_virtualenv' retrieved from /home/airflow/.local/lib/python3.8/site-packages/airflow/example_dags/tutorial_taskflow_api_virtualenv.py
[2025-08-02T01:54:35.707+0000] {logging_mixin.py:188} INFO - [2025-08-02T01:54:35.706+0000] {dag.py:3047} INFO - Sync 1 DAGs
[2025-08-02T01:54:35.744+0000] {logging_mixin.py:188} INFO - [2025-08-02T01:54:35.739+0000] {dag.py:3834} INFO - Setting next_dagrun for tutorial_taskflow_api_virtualenv to None, run_after=None
[2025-08-02T01:54:35.805+0000] {processor.py:183} INFO - Processing /home/airflow/.local/lib/python3.8/site-packages/airflow/example_dags/tutorial_taskflow_api_virtualenv.py took 0.191 seconds
[2025-08-02T01:55:06.062+0000] {processor.py:161} INFO - Started process (PID=1447) to work on /home/airflow/.local/lib/python3.8/site-packages/airflow/example_dags/tutorial_taskflow_api_virtualenv.py
[2025-08-02T01:55:06.064+0000] {processor.py:830} INFO - Processing file /home/airflow/.local/lib/python3.8/site-packages/airflow/example_dags/tutorial_taskflow_api_virtualenv.py for tasks to queue
[2025-08-02T01:55:06.067+0000] {logging_mixin.py:188} INFO - [2025-08-02T01:55:06.066+0000] {dagbag.py:540} INFO - Filling up the DagBag from /home/airflow/.local/lib/python3.8/site-packages/airflow/example_dags/tutorial_taskflow_api_virtualenv.py
[2025-08-02T01:55:06.078+0000] {processor.py:840} INFO - DAG(s) 'tutorial_taskflow_api_virtualenv' retrieved from /home/airflow/.local/lib/python3.8/site-packages/airflow/example_dags/tutorial_taskflow_api_virtualenv.py
[2025-08-02T01:55:06.122+0000] {logging_mixin.py:188} INFO - [2025-08-02T01:55:06.121+0000] {dag.py:3047} INFO - Sync 1 DAGs
[2025-08-02T01:55:06.135+0000] {logging_mixin.py:188} INFO - [2025-08-02T01:55:06.135+0000] {dag.py:3834} INFO - Setting next_dagrun for tutorial_taskflow_api_virtualenv to None, run_after=None
[2025-08-02T01:55:06.151+0000] {processor.py:183} INFO - Processing /home/airflow/.local/lib/python3.8/site-packages/airflow/example_dags/tutorial_taskflow_api_virtualenv.py took 0.092 seconds
[2025-08-02T01:55:36.255+0000] {processor.py:161} INFO - Started process (PID=1502) to work on /home/airflow/.local/lib/python3.8/site-packages/airflow/example_dags/tutorial_taskflow_api_virtualenv.py
[2025-08-02T01:55:36.256+0000] {processor.py:830} INFO - Processing file /home/airflow/.local/lib/python3.8/site-packages/airflow/example_dags/tutorial_taskflow_api_virtualenv.py for tasks to queue
[2025-08-02T01:55:36.258+0000] {logging_mixin.py:188} INFO - [2025-08-02T01:55:36.258+0000] {dagbag.py:540} INFO - Filling up the DagBag from /home/airflow/.local/lib/python3.8/site-packages/airflow/example_dags/tutorial_taskflow_api_virtualenv.py
[2025-08-02T01:55:36.269+0000] {processor.py:840} INFO - DAG(s) 'tutorial_taskflow_api_virtualenv' retrieved from /home/airflow/.local/lib/python3.8/site-packages/airflow/example_dags/tutorial_taskflow_api_virtualenv.py
[2025-08-02T01:55:36.290+0000] {logging_mixin.py:188} INFO - [2025-08-02T01:55:36.289+0000] {dag.py:3047} INFO - Sync 1 DAGs
[2025-08-02T01:55:36.296+0000] {logging_mixin.py:188} INFO - [2025-08-02T01:55:36.296+0000] {dag.py:3834} INFO - Setting next_dagrun for tutorial_taskflow_api_virtualenv to None, run_after=None
[2025-08-02T01:55:36.310+0000] {processor.py:183} INFO - Processing /home/airflow/.local/lib/python3.8/site-packages/airflow/example_dags/tutorial_taskflow_api_virtualenv.py took 0.059 seconds
[2025-08-02T01:56:08.288+0000] {processor.py:161} INFO - Started process (PID=1558) to work on /home/airflow/.local/lib/python3.8/site-packages/airflow/example_dags/tutorial_taskflow_api_virtualenv.py
[2025-08-02T01:56:08.289+0000] {processor.py:830} INFO - Processing file /home/airflow/.local/lib/python3.8/site-packages/airflow/example_dags/tutorial_taskflow_api_virtualenv.py for tasks to queue
[2025-08-02T01:56:08.290+0000] {logging_mixin.py:188} INFO - [2025-08-02T01:56:08.290+0000] {dagbag.py:540} INFO - Filling up the DagBag from /home/airflow/.local/lib/python3.8/site-packages/airflow/example_dags/tutorial_taskflow_api_virtualenv.py
[2025-08-02T01:56:08.298+0000] {processor.py:840} INFO - DAG(s) 'tutorial_taskflow_api_virtualenv' retrieved from /home/airflow/.local/lib/python3.8/site-packages/airflow/example_dags/tutorial_taskflow_api_virtualenv.py
[2025-08-02T01:56:08.331+0000] {logging_mixin.py:188} INFO - [2025-08-02T01:56:08.330+0000] {dag.py:3047} INFO - Sync 1 DAGs
[2025-08-02T01:56:08.346+0000] {logging_mixin.py:188} INFO - [2025-08-02T01:56:08.346+0000] {dag.py:3834} INFO - Setting next_dagrun for tutorial_taskflow_api_virtualenv to None, run_after=None
[2025-08-02T01:56:08.394+0000] {processor.py:183} INFO - Processing /home/airflow/.local/lib/python3.8/site-packages/airflow/example_dags/tutorial_taskflow_api_virtualenv.py took 0.109 seconds
[2025-08-02T01:56:38.526+0000] {processor.py:161} INFO - Started process (PID=1613) to work on /home/airflow/.local/lib/python3.8/site-packages/airflow/example_dags/tutorial_taskflow_api_virtualenv.py
[2025-08-02T01:56:38.527+0000] {processor.py:830} INFO - Processing file /home/airflow/.local/lib/python3.8/site-packages/airflow/example_dags/tutorial_taskflow_api_virtualenv.py for tasks to queue
[2025-08-02T01:56:38.529+0000] {logging_mixin.py:188} INFO - [2025-08-02T01:56:38.528+0000] {dagbag.py:540} INFO - Filling up the DagBag from /home/airflow/.local/lib/python3.8/site-packages/airflow/example_dags/tutorial_taskflow_api_virtualenv.py
[2025-08-02T01:56:38.537+0000] {processor.py:840} INFO - DAG(s) 'tutorial_taskflow_api_virtualenv' retrieved from /home/airflow/.local/lib/python3.8/site-packages/airflow/example_dags/tutorial_taskflow_api_virtualenv.py
[2025-08-02T01:56:38.550+0000] {logging_mixin.py:188} INFO - [2025-08-02T01:56:38.550+0000] {dag.py:3047} INFO - Sync 1 DAGs
[2025-08-02T01:56:38.558+0000] {logging_mixin.py:188} INFO - [2025-08-02T01:56:38.557+0000] {dag.py:3834} INFO - Setting next_dagrun for tutorial_taskflow_api_virtualenv to None, run_after=None
[2025-08-02T01:56:38.567+0000] {processor.py:183} INFO - Processing /home/airflow/.local/lib/python3.8/site-packages/airflow/example_dags/tutorial_taskflow_api_virtualenv.py took 0.043 seconds
[2025-08-02T01:57:15.003+0000] {processor.py:161} INFO - Started process (PID=1675) to work on /home/airflow/.local/lib/python3.8/site-packages/airflow/example_dags/tutorial_taskflow_api_virtualenv.py
[2025-08-02T01:57:15.006+0000] {processor.py:830} INFO - Processing file /home/airflow/.local/lib/python3.8/site-packages/airflow/example_dags/tutorial_taskflow_api_virtualenv.py for tasks to queue
[2025-08-02T01:57:15.009+0000] {logging_mixin.py:188} INFO - [2025-08-02T01:57:15.008+0000] {dagbag.py:540} INFO - Filling up the DagBag from /home/airflow/.local/lib/python3.8/site-packages/airflow/example_dags/tutorial_taskflow_api_virtualenv.py
[2025-08-02T01:57:15.026+0000] {processor.py:840} INFO - DAG(s) 'tutorial_taskflow_api_virtualenv' retrieved from /home/airflow/.local/lib/python3.8/site-packages/airflow/example_dags/tutorial_taskflow_api_virtualenv.py
[2025-08-02T01:57:15.050+0000] {logging_mixin.py:188} INFO - [2025-08-02T01:57:15.050+0000] {dag.py:3047} INFO - Sync 1 DAGs
[2025-08-02T01:57:15.058+0000] {logging_mixin.py:188} INFO - [2025-08-02T01:57:15.058+0000] {dag.py:3834} INFO - Setting next_dagrun for tutorial_taskflow_api_virtualenv to None, run_after=None
[2025-08-02T01:57:15.080+0000] {processor.py:183} INFO - Processing /home/airflow/.local/lib/python3.8/site-packages/airflow/example_dags/tutorial_taskflow_api_virtualenv.py took 0.083 seconds
[2025-08-02T01:57:48.562+0000] {processor.py:161} INFO - Started process (PID=1729) to work on /home/airflow/.local/lib/python3.8/site-packages/airflow/example_dags/tutorial_taskflow_api_virtualenv.py
[2025-08-02T01:57:48.564+0000] {processor.py:830} INFO - Processing file /home/airflow/.local/lib/python3.8/site-packages/airflow/example_dags/tutorial_taskflow_api_virtualenv.py for tasks to queue
[2025-08-02T01:57:48.566+0000] {logging_mixin.py:188} INFO - [2025-08-02T01:57:48.565+0000] {dagbag.py:540} INFO - Filling up the DagBag from /home/airflow/.local/lib/python3.8/site-packages/airflow/example_dags/tutorial_taskflow_api_virtualenv.py
[2025-08-02T01:57:48.577+0000] {processor.py:840} INFO - DAG(s) 'tutorial_taskflow_api_virtualenv' retrieved from /home/airflow/.local/lib/python3.8/site-packages/airflow/example_dags/tutorial_taskflow_api_virtualenv.py
[2025-08-02T01:57:48.602+0000] {logging_mixin.py:188} INFO - [2025-08-02T01:57:48.601+0000] {dag.py:3047} INFO - Sync 1 DAGs
[2025-08-02T01:57:48.613+0000] {logging_mixin.py:188} INFO - [2025-08-02T01:57:48.613+0000] {dag.py:3834} INFO - Setting next_dagrun for tutorial_taskflow_api_virtualenv to None, run_after=None
[2025-08-02T01:57:48.626+0000] {processor.py:183} INFO - Processing /home/airflow/.local/lib/python3.8/site-packages/airflow/example_dags/tutorial_taskflow_api_virtualenv.py took 0.067 seconds
[2025-08-02T01:58:21.080+0000] {processor.py:161} INFO - Started process (PID=1784) to work on /home/airflow/.local/lib/python3.8/site-packages/airflow/example_dags/tutorial_taskflow_api_virtualenv.py
[2025-08-02T01:58:21.081+0000] {processor.py:830} INFO - Processing file /home/airflow/.local/lib/python3.8/site-packages/airflow/example_dags/tutorial_taskflow_api_virtualenv.py for tasks to queue
[2025-08-02T01:58:21.083+0000] {logging_mixin.py:188} INFO - [2025-08-02T01:58:21.082+0000] {dagbag.py:540} INFO - Filling up the DagBag from /home/airflow/.local/lib/python3.8/site-packages/airflow/example_dags/tutorial_taskflow_api_virtualenv.py
[2025-08-02T01:58:21.091+0000] {processor.py:840} INFO - DAG(s) 'tutorial_taskflow_api_virtualenv' retrieved from /home/airflow/.local/lib/python3.8/site-packages/airflow/example_dags/tutorial_taskflow_api_virtualenv.py
[2025-08-02T01:58:21.110+0000] {logging_mixin.py:188} INFO - [2025-08-02T01:58:21.109+0000] {dag.py:3047} INFO - Sync 1 DAGs
[2025-08-02T01:58:21.119+0000] {logging_mixin.py:188} INFO - [2025-08-02T01:58:21.119+0000] {dag.py:3834} INFO - Setting next_dagrun for tutorial_taskflow_api_virtualenv to None, run_after=None
[2025-08-02T01:58:21.143+0000] {processor.py:183} INFO - Processing /home/airflow/.local/lib/python3.8/site-packages/airflow/example_dags/tutorial_taskflow_api_virtualenv.py took 0.066 seconds
[2025-08-02T01:58:51.516+0000] {processor.py:161} INFO - Started process (PID=1840) to work on /home/airflow/.local/lib/python3.8/site-packages/airflow/example_dags/tutorial_taskflow_api_virtualenv.py
[2025-08-02T01:58:51.517+0000] {processor.py:830} INFO - Processing file /home/airflow/.local/lib/python3.8/site-packages/airflow/example_dags/tutorial_taskflow_api_virtualenv.py for tasks to queue
[2025-08-02T01:58:51.519+0000] {logging_mixin.py:188} INFO - [2025-08-02T01:58:51.518+0000] {dagbag.py:540} INFO - Filling up the DagBag from /home/airflow/.local/lib/python3.8/site-packages/airflow/example_dags/tutorial_taskflow_api_virtualenv.py
[2025-08-02T01:58:51.527+0000] {processor.py:840} INFO - DAG(s) 'tutorial_taskflow_api_virtualenv' retrieved from /home/airflow/.local/lib/python3.8/site-packages/airflow/example_dags/tutorial_taskflow_api_virtualenv.py
[2025-08-02T01:58:51.547+0000] {logging_mixin.py:188} INFO - [2025-08-02T01:58:51.546+0000] {dag.py:3047} INFO - Sync 1 DAGs
[2025-08-02T01:58:51.555+0000] {logging_mixin.py:188} INFO - [2025-08-02T01:58:51.555+0000] {dag.py:3834} INFO - Setting next_dagrun for tutorial_taskflow_api_virtualenv to None, run_after=None
[2025-08-02T01:58:51.566+0000] {processor.py:183} INFO - Processing /home/airflow/.local/lib/python3.8/site-packages/airflow/example_dags/tutorial_taskflow_api_virtualenv.py took 0.053 seconds
[2025-08-02T01:59:21.990+0000] {processor.py:161} INFO - Started process (PID=1896) to work on /home/airflow/.local/lib/python3.8/site-packages/airflow/example_dags/tutorial_taskflow_api_virtualenv.py
[2025-08-02T01:59:21.993+0000] {processor.py:830} INFO - Processing file /home/airflow/.local/lib/python3.8/site-packages/airflow/example_dags/tutorial_taskflow_api_virtualenv.py for tasks to queue
[2025-08-02T01:59:21.994+0000] {logging_mixin.py:188} INFO - [2025-08-02T01:59:21.994+0000] {dagbag.py:540} INFO - Filling up the DagBag from /home/airflow/.local/lib/python3.8/site-packages/airflow/example_dags/tutorial_taskflow_api_virtualenv.py
[2025-08-02T01:59:22.008+0000] {processor.py:840} INFO - DAG(s) 'tutorial_taskflow_api_virtualenv' retrieved from /home/airflow/.local/lib/python3.8/site-packages/airflow/example_dags/tutorial_taskflow_api_virtualenv.py
[2025-08-02T01:59:22.032+0000] {logging_mixin.py:188} INFO - [2025-08-02T01:59:22.031+0000] {dag.py:3047} INFO - Sync 1 DAGs
[2025-08-02T01:59:22.042+0000] {logging_mixin.py:188} INFO - [2025-08-02T01:59:22.041+0000] {dag.py:3834} INFO - Setting next_dagrun for tutorial_taskflow_api_virtualenv to None, run_after=None
[2025-08-02T01:59:22.061+0000] {processor.py:183} INFO - Processing /home/airflow/.local/lib/python3.8/site-packages/airflow/example_dags/tutorial_taskflow_api_virtualenv.py took 0.076 seconds
[2025-08-02T01:59:52.731+0000] {processor.py:161} INFO - Started process (PID=1952) to work on /home/airflow/.local/lib/python3.8/site-packages/airflow/example_dags/tutorial_taskflow_api_virtualenv.py
[2025-08-02T01:59:52.732+0000] {processor.py:830} INFO - Processing file /home/airflow/.local/lib/python3.8/site-packages/airflow/example_dags/tutorial_taskflow_api_virtualenv.py for tasks to queue
[2025-08-02T01:59:52.734+0000] {logging_mixin.py:188} INFO - [2025-08-02T01:59:52.734+0000] {dagbag.py:540} INFO - Filling up the DagBag from /home/airflow/.local/lib/python3.8/site-packages/airflow/example_dags/tutorial_taskflow_api_virtualenv.py
[2025-08-02T01:59:52.740+0000] {processor.py:840} INFO - DAG(s) 'tutorial_taskflow_api_virtualenv' retrieved from /home/airflow/.local/lib/python3.8/site-packages/airflow/example_dags/tutorial_taskflow_api_virtualenv.py
[2025-08-02T01:59:52.756+0000] {logging_mixin.py:188} INFO - [2025-08-02T01:59:52.756+0000] {dag.py:3047} INFO - Sync 1 DAGs
[2025-08-02T01:59:52.765+0000] {logging_mixin.py:188} INFO - [2025-08-02T01:59:52.765+0000] {dag.py:3834} INFO - Setting next_dagrun for tutorial_taskflow_api_virtualenv to None, run_after=None
[2025-08-02T01:59:52.788+0000] {processor.py:183} INFO - Processing /home/airflow/.local/lib/python3.8/site-packages/airflow/example_dags/tutorial_taskflow_api_virtualenv.py took 0.060 seconds
[2025-08-02T02:00:23.676+0000] {processor.py:161} INFO - Started process (PID=2008) to work on /home/airflow/.local/lib/python3.8/site-packages/airflow/example_dags/tutorial_taskflow_api_virtualenv.py
[2025-08-02T02:00:23.677+0000] {processor.py:830} INFO - Processing file /home/airflow/.local/lib/python3.8/site-packages/airflow/example_dags/tutorial_taskflow_api_virtualenv.py for tasks to queue
[2025-08-02T02:00:23.679+0000] {logging_mixin.py:188} INFO - [2025-08-02T02:00:23.678+0000] {dagbag.py:540} INFO - Filling up the DagBag from /home/airflow/.local/lib/python3.8/site-packages/airflow/example_dags/tutorial_taskflow_api_virtualenv.py
[2025-08-02T02:00:23.685+0000] {processor.py:840} INFO - DAG(s) 'tutorial_taskflow_api_virtualenv' retrieved from /home/airflow/.local/lib/python3.8/site-packages/airflow/example_dags/tutorial_taskflow_api_virtualenv.py
[2025-08-02T02:00:23.697+0000] {logging_mixin.py:188} INFO - [2025-08-02T02:00:23.696+0000] {dag.py:3047} INFO - Sync 1 DAGs
[2025-08-02T02:00:23.703+0000] {logging_mixin.py:188} INFO - [2025-08-02T02:00:23.703+0000] {dag.py:3834} INFO - Setting next_dagrun for tutorial_taskflow_api_virtualenv to None, run_after=None
[2025-08-02T02:00:23.715+0000] {processor.py:183} INFO - Processing /home/airflow/.local/lib/python3.8/site-packages/airflow/example_dags/tutorial_taskflow_api_virtualenv.py took 0.041 seconds
[2025-08-02T02:01:10.289+0000] {processor.py:161} INFO - Started process (PID=2064) to work on /home/airflow/.local/lib/python3.8/site-packages/airflow/example_dags/tutorial_taskflow_api_virtualenv.py
[2025-08-02T02:01:10.296+0000] {processor.py:830} INFO - Processing file /home/airflow/.local/lib/python3.8/site-packages/airflow/example_dags/tutorial_taskflow_api_virtualenv.py for tasks to queue
[2025-08-02T02:01:10.305+0000] {logging_mixin.py:188} INFO - [2025-08-02T02:01:10.303+0000] {dagbag.py:540} INFO - Filling up the DagBag from /home/airflow/.local/lib/python3.8/site-packages/airflow/example_dags/tutorial_taskflow_api_virtualenv.py
[2025-08-02T02:01:10.334+0000] {processor.py:840} INFO - DAG(s) 'tutorial_taskflow_api_virtualenv' retrieved from /home/airflow/.local/lib/python3.8/site-packages/airflow/example_dags/tutorial_taskflow_api_virtualenv.py
[2025-08-02T02:01:10.380+0000] {logging_mixin.py:188} INFO - [2025-08-02T02:01:10.379+0000] {dag.py:3047} INFO - Sync 1 DAGs
[2025-08-02T02:01:10.402+0000] {logging_mixin.py:188} INFO - [2025-08-02T02:01:10.402+0000] {dag.py:3834} INFO - Setting next_dagrun for tutorial_taskflow_api_virtualenv to None, run_after=None
[2025-08-02T02:01:10.427+0000] {processor.py:183} INFO - Processing /home/airflow/.local/lib/python3.8/site-packages/airflow/example_dags/tutorial_taskflow_api_virtualenv.py took 0.142 seconds
[2025-08-02T02:01:43.896+0000] {processor.py:161} INFO - Started process (PID=2120) to work on /home/airflow/.local/lib/python3.8/site-packages/airflow/example_dags/tutorial_taskflow_api_virtualenv.py
[2025-08-02T02:01:43.908+0000] {processor.py:830} INFO - Processing file /home/airflow/.local/lib/python3.8/site-packages/airflow/example_dags/tutorial_taskflow_api_virtualenv.py for tasks to queue
[2025-08-02T02:01:43.952+0000] {logging_mixin.py:188} INFO - [2025-08-02T02:01:43.933+0000] {dagbag.py:540} INFO - Filling up the DagBag from /home/airflow/.local/lib/python3.8/site-packages/airflow/example_dags/tutorial_taskflow_api_virtualenv.py
[2025-08-02T02:01:44.124+0000] {processor.py:840} INFO - DAG(s) 'tutorial_taskflow_api_virtualenv' retrieved from /home/airflow/.local/lib/python3.8/site-packages/airflow/example_dags/tutorial_taskflow_api_virtualenv.py
[2025-08-02T02:01:44.346+0000] {logging_mixin.py:188} INFO - [2025-08-02T02:01:44.339+0000] {dag.py:3047} INFO - Sync 1 DAGs
[2025-08-02T02:01:44.492+0000] {logging_mixin.py:188} INFO - [2025-08-02T02:01:44.481+0000] {dag.py:3834} INFO - Setting next_dagrun for tutorial_taskflow_api_virtualenv to None, run_after=None
[2025-08-02T02:01:44.948+0000] {processor.py:183} INFO - Processing /home/airflow/.local/lib/python3.8/site-packages/airflow/example_dags/tutorial_taskflow_api_virtualenv.py took 1.106 seconds
[2025-08-02T02:02:40.282+0000] {processor.py:161} INFO - Started process (PID=2168) to work on /home/airflow/.local/lib/python3.8/site-packages/airflow/example_dags/tutorial_taskflow_api_virtualenv.py
[2025-08-02T02:02:40.289+0000] {processor.py:830} INFO - Processing file /home/airflow/.local/lib/python3.8/site-packages/airflow/example_dags/tutorial_taskflow_api_virtualenv.py for tasks to queue
[2025-08-02T02:02:40.299+0000] {logging_mixin.py:188} INFO - [2025-08-02T02:02:40.297+0000] {dagbag.py:540} INFO - Filling up the DagBag from /home/airflow/.local/lib/python3.8/site-packages/airflow/example_dags/tutorial_taskflow_api_virtualenv.py
[2025-08-02T02:02:40.356+0000] {processor.py:840} INFO - DAG(s) 'tutorial_taskflow_api_virtualenv' retrieved from /home/airflow/.local/lib/python3.8/site-packages/airflow/example_dags/tutorial_taskflow_api_virtualenv.py
[2025-08-02T02:02:40.522+0000] {logging_mixin.py:188} INFO - [2025-08-02T02:02:40.521+0000] {dag.py:3047} INFO - Sync 1 DAGs
[2025-08-02T02:02:40.581+0000] {logging_mixin.py:188} INFO - [2025-08-02T02:02:40.581+0000] {dag.py:3834} INFO - Setting next_dagrun for tutorial_taskflow_api_virtualenv to None, run_after=None
[2025-08-02T02:02:40.786+0000] {processor.py:183} INFO - Processing /home/airflow/.local/lib/python3.8/site-packages/airflow/example_dags/tutorial_taskflow_api_virtualenv.py took 0.538 seconds
[2025-08-02T02:03:18.379+0000] {processor.py:161} INFO - Started process (PID=2224) to work on /home/airflow/.local/lib/python3.8/site-packages/airflow/example_dags/tutorial_taskflow_api_virtualenv.py
[2025-08-02T02:03:18.387+0000] {processor.py:830} INFO - Processing file /home/airflow/.local/lib/python3.8/site-packages/airflow/example_dags/tutorial_taskflow_api_virtualenv.py for tasks to queue
[2025-08-02T02:03:18.414+0000] {logging_mixin.py:188} INFO - [2025-08-02T02:03:18.405+0000] {dagbag.py:540} INFO - Filling up the DagBag from /home/airflow/.local/lib/python3.8/site-packages/airflow/example_dags/tutorial_taskflow_api_virtualenv.py
[2025-08-02T02:03:18.497+0000] {processor.py:840} INFO - DAG(s) 'tutorial_taskflow_api_virtualenv' retrieved from /home/airflow/.local/lib/python3.8/site-packages/airflow/example_dags/tutorial_taskflow_api_virtualenv.py
[2025-08-02T02:03:18.640+0000] {logging_mixin.py:188} INFO - [2025-08-02T02:03:18.639+0000] {dag.py:3047} INFO - Sync 1 DAGs
[2025-08-02T02:03:18.699+0000] {logging_mixin.py:188} INFO - [2025-08-02T02:03:18.698+0000] {dag.py:3834} INFO - Setting next_dagrun for tutorial_taskflow_api_virtualenv to None, run_after=None
[2025-08-02T02:03:18.902+0000] {processor.py:183} INFO - Processing /home/airflow/.local/lib/python3.8/site-packages/airflow/example_dags/tutorial_taskflow_api_virtualenv.py took 0.537 seconds
[2025-08-02T02:03:53.438+0000] {processor.py:161} INFO - Started process (PID=2280) to work on /home/airflow/.local/lib/python3.8/site-packages/airflow/example_dags/tutorial_taskflow_api_virtualenv.py
[2025-08-02T02:03:53.443+0000] {processor.py:830} INFO - Processing file /home/airflow/.local/lib/python3.8/site-packages/airflow/example_dags/tutorial_taskflow_api_virtualenv.py for tasks to queue
[2025-08-02T02:03:53.450+0000] {logging_mixin.py:188} INFO - [2025-08-02T02:03:53.450+0000] {dagbag.py:540} INFO - Filling up the DagBag from /home/airflow/.local/lib/python3.8/site-packages/airflow/example_dags/tutorial_taskflow_api_virtualenv.py
[2025-08-02T02:03:53.493+0000] {processor.py:840} INFO - DAG(s) 'tutorial_taskflow_api_virtualenv' retrieved from /home/airflow/.local/lib/python3.8/site-packages/airflow/example_dags/tutorial_taskflow_api_virtualenv.py
[2025-08-02T02:03:53.540+0000] {logging_mixin.py:188} INFO - [2025-08-02T02:03:53.540+0000] {dag.py:3047} INFO - Sync 1 DAGs
[2025-08-02T02:03:53.557+0000] {logging_mixin.py:188} INFO - [2025-08-02T02:03:53.557+0000] {dag.py:3834} INFO - Setting next_dagrun for tutorial_taskflow_api_virtualenv to None, run_after=None
[2025-08-02T02:03:53.612+0000] {processor.py:183} INFO - Processing /home/airflow/.local/lib/python3.8/site-packages/airflow/example_dags/tutorial_taskflow_api_virtualenv.py took 0.192 seconds
[2025-08-02T02:04:24.620+0000] {processor.py:161} INFO - Started process (PID=2336) to work on /home/airflow/.local/lib/python3.8/site-packages/airflow/example_dags/tutorial_taskflow_api_virtualenv.py
[2025-08-02T02:04:24.625+0000] {processor.py:830} INFO - Processing file /home/airflow/.local/lib/python3.8/site-packages/airflow/example_dags/tutorial_taskflow_api_virtualenv.py for tasks to queue
[2025-08-02T02:04:24.627+0000] {logging_mixin.py:188} INFO - [2025-08-02T02:04:24.627+0000] {dagbag.py:540} INFO - Filling up the DagBag from /home/airflow/.local/lib/python3.8/site-packages/airflow/example_dags/tutorial_taskflow_api_virtualenv.py
[2025-08-02T02:04:24.657+0000] {processor.py:840} INFO - DAG(s) 'tutorial_taskflow_api_virtualenv' retrieved from /home/airflow/.local/lib/python3.8/site-packages/airflow/example_dags/tutorial_taskflow_api_virtualenv.py
[2025-08-02T02:04:24.724+0000] {logging_mixin.py:188} INFO - [2025-08-02T02:04:24.723+0000] {dag.py:3047} INFO - Sync 1 DAGs
[2025-08-02T02:04:24.741+0000] {logging_mixin.py:188} INFO - [2025-08-02T02:04:24.740+0000] {dag.py:3834} INFO - Setting next_dagrun for tutorial_taskflow_api_virtualenv to None, run_after=None
[2025-08-02T02:04:24.796+0000] {processor.py:183} INFO - Processing /home/airflow/.local/lib/python3.8/site-packages/airflow/example_dags/tutorial_taskflow_api_virtualenv.py took 0.181 seconds
[2025-08-02T02:05:03.115+0000] {processor.py:161} INFO - Started process (PID=2398) to work on /home/airflow/.local/lib/python3.8/site-packages/airflow/example_dags/tutorial_taskflow_api_virtualenv.py
[2025-08-02T02:05:03.132+0000] {processor.py:830} INFO - Processing file /home/airflow/.local/lib/python3.8/site-packages/airflow/example_dags/tutorial_taskflow_api_virtualenv.py for tasks to queue
[2025-08-02T02:05:03.139+0000] {logging_mixin.py:188} INFO - [2025-08-02T02:05:03.138+0000] {dagbag.py:540} INFO - Filling up the DagBag from /home/airflow/.local/lib/python3.8/site-packages/airflow/example_dags/tutorial_taskflow_api_virtualenv.py
[2025-08-02T02:05:03.186+0000] {processor.py:840} INFO - DAG(s) 'tutorial_taskflow_api_virtualenv' retrieved from /home/airflow/.local/lib/python3.8/site-packages/airflow/example_dags/tutorial_taskflow_api_virtualenv.py
[2025-08-02T02:05:03.291+0000] {logging_mixin.py:188} INFO - [2025-08-02T02:05:03.290+0000] {dag.py:3047} INFO - Sync 1 DAGs
[2025-08-02T02:05:03.375+0000] {logging_mixin.py:188} INFO - [2025-08-02T02:05:03.374+0000] {dag.py:3834} INFO - Setting next_dagrun for tutorial_taskflow_api_virtualenv to None, run_after=None
[2025-08-02T02:05:03.517+0000] {processor.py:183} INFO - Processing /home/airflow/.local/lib/python3.8/site-packages/airflow/example_dags/tutorial_taskflow_api_virtualenv.py took 0.408 seconds
[2025-08-02T02:08:26.615+0000] {processor.py:161} INFO - Started process (PID=2459) to work on /home/airflow/.local/lib/python3.8/site-packages/airflow/example_dags/tutorial_taskflow_api_virtualenv.py
[2025-08-02T02:08:26.808+0000] {processor.py:830} INFO - Processing file /home/airflow/.local/lib/python3.8/site-packages/airflow/example_dags/tutorial_taskflow_api_virtualenv.py for tasks to queue
[2025-08-02T02:08:26.925+0000] {logging_mixin.py:188} INFO - [2025-08-02T02:08:26.851+0000] {dagbag.py:540} INFO - Filling up the DagBag from /home/airflow/.local/lib/python3.8/site-packages/airflow/example_dags/tutorial_taskflow_api_virtualenv.py
[2025-08-02T02:08:27.815+0000] {processor.py:840} INFO - DAG(s) 'tutorial_taskflow_api_virtualenv' retrieved from /home/airflow/.local/lib/python3.8/site-packages/airflow/example_dags/tutorial_taskflow_api_virtualenv.py
[2025-08-02T02:08:29.041+0000] {logging_mixin.py:188} INFO - [2025-08-02T02:08:28.987+0000] {dag.py:3047} INFO - Sync 1 DAGs
[2025-08-02T02:08:29.386+0000] {logging_mixin.py:188} INFO - [2025-08-02T02:08:29.379+0000] {dag.py:3834} INFO - Setting next_dagrun for tutorial_taskflow_api_virtualenv to None, run_after=None
[2025-08-02T02:08:29.667+0000] {processor.py:183} INFO - Processing /home/airflow/.local/lib/python3.8/site-packages/airflow/example_dags/tutorial_taskflow_api_virtualenv.py took 3.225 seconds
[2025-08-02T02:09:10.605+0000] {processor.py:161} INFO - Started process (PID=2517) to work on /home/airflow/.local/lib/python3.8/site-packages/airflow/example_dags/tutorial_taskflow_api_virtualenv.py
[2025-08-02T02:09:10.612+0000] {processor.py:830} INFO - Processing file /home/airflow/.local/lib/python3.8/site-packages/airflow/example_dags/tutorial_taskflow_api_virtualenv.py for tasks to queue
[2025-08-02T02:09:10.622+0000] {logging_mixin.py:188} INFO - [2025-08-02T02:09:10.618+0000] {dagbag.py:540} INFO - Filling up the DagBag from /home/airflow/.local/lib/python3.8/site-packages/airflow/example_dags/tutorial_taskflow_api_virtualenv.py
[2025-08-02T02:09:10.680+0000] {processor.py:840} INFO - DAG(s) 'tutorial_taskflow_api_virtualenv' retrieved from /home/airflow/.local/lib/python3.8/site-packages/airflow/example_dags/tutorial_taskflow_api_virtualenv.py
[2025-08-02T02:09:10.769+0000] {logging_mixin.py:188} INFO - [2025-08-02T02:09:10.768+0000] {dag.py:3047} INFO - Sync 1 DAGs
[2025-08-02T02:09:10.815+0000] {logging_mixin.py:188} INFO - [2025-08-02T02:09:10.814+0000] {dag.py:3834} INFO - Setting next_dagrun for tutorial_taskflow_api_virtualenv to None, run_after=None
[2025-08-02T02:09:10.849+0000] {processor.py:183} INFO - Processing /home/airflow/.local/lib/python3.8/site-packages/airflow/example_dags/tutorial_taskflow_api_virtualenv.py took 0.270 seconds
[2025-08-02T02:09:52.584+0000] {processor.py:161} INFO - Started process (PID=2584) to work on /home/airflow/.local/lib/python3.8/site-packages/airflow/example_dags/tutorial_taskflow_api_virtualenv.py
[2025-08-02T02:09:52.586+0000] {processor.py:830} INFO - Processing file /home/airflow/.local/lib/python3.8/site-packages/airflow/example_dags/tutorial_taskflow_api_virtualenv.py for tasks to queue
[2025-08-02T02:09:52.598+0000] {logging_mixin.py:188} INFO - [2025-08-02T02:09:52.595+0000] {dagbag.py:540} INFO - Filling up the DagBag from /home/airflow/.local/lib/python3.8/site-packages/airflow/example_dags/tutorial_taskflow_api_virtualenv.py
[2025-08-02T02:09:52.642+0000] {processor.py:840} INFO - DAG(s) 'tutorial_taskflow_api_virtualenv' retrieved from /home/airflow/.local/lib/python3.8/site-packages/airflow/example_dags/tutorial_taskflow_api_virtualenv.py
[2025-08-02T02:09:52.684+0000] {logging_mixin.py:188} INFO - [2025-08-02T02:09:52.684+0000] {dag.py:3047} INFO - Sync 1 DAGs
[2025-08-02T02:09:52.708+0000] {logging_mixin.py:188} INFO - [2025-08-02T02:09:52.708+0000] {dag.py:3834} INFO - Setting next_dagrun for tutorial_taskflow_api_virtualenv to None, run_after=None
[2025-08-02T02:09:52.829+0000] {processor.py:183} INFO - Processing /home/airflow/.local/lib/python3.8/site-packages/airflow/example_dags/tutorial_taskflow_api_virtualenv.py took 0.257 seconds
[2025-08-02T02:10:23.130+0000] {processor.py:161} INFO - Started process (PID=2632) to work on /home/airflow/.local/lib/python3.8/site-packages/airflow/example_dags/tutorial_taskflow_api_virtualenv.py
[2025-08-02T02:10:23.135+0000] {processor.py:830} INFO - Processing file /home/airflow/.local/lib/python3.8/site-packages/airflow/example_dags/tutorial_taskflow_api_virtualenv.py for tasks to queue
[2025-08-02T02:10:23.147+0000] {logging_mixin.py:188} INFO - [2025-08-02T02:10:23.136+0000] {dagbag.py:540} INFO - Filling up the DagBag from /home/airflow/.local/lib/python3.8/site-packages/airflow/example_dags/tutorial_taskflow_api_virtualenv.py
[2025-08-02T02:10:23.261+0000] {processor.py:840} INFO - DAG(s) 'tutorial_taskflow_api_virtualenv' retrieved from /home/airflow/.local/lib/python3.8/site-packages/airflow/example_dags/tutorial_taskflow_api_virtualenv.py
[2025-08-02T02:10:23.818+0000] {logging_mixin.py:188} INFO - [2025-08-02T02:10:23.796+0000] {dag.py:3047} INFO - Sync 1 DAGs
[2025-08-02T02:10:23.986+0000] {logging_mixin.py:188} INFO - [2025-08-02T02:10:23.972+0000] {dag.py:3834} INFO - Setting next_dagrun for tutorial_taskflow_api_virtualenv to None, run_after=None
[2025-08-02T02:10:24.793+0000] {processor.py:183} INFO - Processing /home/airflow/.local/lib/python3.8/site-packages/airflow/example_dags/tutorial_taskflow_api_virtualenv.py took 1.672 seconds
[2025-08-02T02:10:56.408+0000] {processor.py:161} INFO - Started process (PID=2694) to work on /home/airflow/.local/lib/python3.8/site-packages/airflow/example_dags/tutorial_taskflow_api_virtualenv.py
[2025-08-02T02:10:56.459+0000] {processor.py:830} INFO - Processing file /home/airflow/.local/lib/python3.8/site-packages/airflow/example_dags/tutorial_taskflow_api_virtualenv.py for tasks to queue
[2025-08-02T02:10:56.820+0000] {logging_mixin.py:188} INFO - [2025-08-02T02:10:56.705+0000] {dagbag.py:540} INFO - Filling up the DagBag from /home/airflow/.local/lib/python3.8/site-packages/airflow/example_dags/tutorial_taskflow_api_virtualenv.py
[2025-08-02T02:10:57.254+0000] {processor.py:840} INFO - DAG(s) 'tutorial_taskflow_api_virtualenv' retrieved from /home/airflow/.local/lib/python3.8/site-packages/airflow/example_dags/tutorial_taskflow_api_virtualenv.py
[2025-08-02T02:10:57.522+0000] {logging_mixin.py:188} INFO - [2025-08-02T02:10:57.521+0000] {dag.py:3047} INFO - Sync 1 DAGs
[2025-08-02T02:10:57.565+0000] {logging_mixin.py:188} INFO - [2025-08-02T02:10:57.564+0000] {dag.py:3834} INFO - Setting next_dagrun for tutorial_taskflow_api_virtualenv to None, run_after=None
[2025-08-02T02:10:57.633+0000] {processor.py:183} INFO - Processing /home/airflow/.local/lib/python3.8/site-packages/airflow/example_dags/tutorial_taskflow_api_virtualenv.py took 1.300 seconds
[2025-08-02T02:11:37.627+0000] {processor.py:161} INFO - Started process (PID=2750) to work on /home/airflow/.local/lib/python3.8/site-packages/airflow/example_dags/tutorial_taskflow_api_virtualenv.py
[2025-08-02T02:11:37.633+0000] {processor.py:830} INFO - Processing file /home/airflow/.local/lib/python3.8/site-packages/airflow/example_dags/tutorial_taskflow_api_virtualenv.py for tasks to queue
[2025-08-02T02:11:37.636+0000] {logging_mixin.py:188} INFO - [2025-08-02T02:11:37.635+0000] {dagbag.py:540} INFO - Filling up the DagBag from /home/airflow/.local/lib/python3.8/site-packages/airflow/example_dags/tutorial_taskflow_api_virtualenv.py
[2025-08-02T02:11:37.783+0000] {processor.py:840} INFO - DAG(s) 'tutorial_taskflow_api_virtualenv' retrieved from /home/airflow/.local/lib/python3.8/site-packages/airflow/example_dags/tutorial_taskflow_api_virtualenv.py
[2025-08-02T02:11:38.395+0000] {logging_mixin.py:188} INFO - [2025-08-02T02:11:38.393+0000] {dag.py:3047} INFO - Sync 1 DAGs
[2025-08-02T02:11:38.526+0000] {logging_mixin.py:188} INFO - [2025-08-02T02:11:38.525+0000] {dag.py:3834} INFO - Setting next_dagrun for tutorial_taskflow_api_virtualenv to None, run_after=None
[2025-08-02T02:11:38.632+0000] {processor.py:183} INFO - Processing /home/airflow/.local/lib/python3.8/site-packages/airflow/example_dags/tutorial_taskflow_api_virtualenv.py took 1.038 seconds
[2025-08-02T02:12:09.709+0000] {processor.py:161} INFO - Started process (PID=2806) to work on /home/airflow/.local/lib/python3.8/site-packages/airflow/example_dags/tutorial_taskflow_api_virtualenv.py
[2025-08-02T02:12:09.711+0000] {processor.py:830} INFO - Processing file /home/airflow/.local/lib/python3.8/site-packages/airflow/example_dags/tutorial_taskflow_api_virtualenv.py for tasks to queue
[2025-08-02T02:12:09.713+0000] {logging_mixin.py:188} INFO - [2025-08-02T02:12:09.713+0000] {dagbag.py:540} INFO - Filling up the DagBag from /home/airflow/.local/lib/python3.8/site-packages/airflow/example_dags/tutorial_taskflow_api_virtualenv.py
[2025-08-02T02:12:09.745+0000] {processor.py:840} INFO - DAG(s) 'tutorial_taskflow_api_virtualenv' retrieved from /home/airflow/.local/lib/python3.8/site-packages/airflow/example_dags/tutorial_taskflow_api_virtualenv.py
[2025-08-02T02:12:09.839+0000] {logging_mixin.py:188} INFO - [2025-08-02T02:12:09.838+0000] {dag.py:3047} INFO - Sync 1 DAGs
[2025-08-02T02:12:09.912+0000] {logging_mixin.py:188} INFO - [2025-08-02T02:12:09.912+0000] {dag.py:3834} INFO - Setting next_dagrun for tutorial_taskflow_api_virtualenv to None, run_after=None
[2025-08-02T02:12:09.955+0000] {processor.py:183} INFO - Processing /home/airflow/.local/lib/python3.8/site-packages/airflow/example_dags/tutorial_taskflow_api_virtualenv.py took 0.263 seconds
[2025-08-02T02:12:40.416+0000] {processor.py:161} INFO - Started process (PID=2862) to work on /home/airflow/.local/lib/python3.8/site-packages/airflow/example_dags/tutorial_taskflow_api_virtualenv.py
[2025-08-02T02:12:40.420+0000] {processor.py:830} INFO - Processing file /home/airflow/.local/lib/python3.8/site-packages/airflow/example_dags/tutorial_taskflow_api_virtualenv.py for tasks to queue
[2025-08-02T02:12:40.425+0000] {logging_mixin.py:188} INFO - [2025-08-02T02:12:40.421+0000] {dagbag.py:540} INFO - Filling up the DagBag from /home/airflow/.local/lib/python3.8/site-packages/airflow/example_dags/tutorial_taskflow_api_virtualenv.py
[2025-08-02T02:12:40.519+0000] {processor.py:840} INFO - DAG(s) 'tutorial_taskflow_api_virtualenv' retrieved from /home/airflow/.local/lib/python3.8/site-packages/airflow/example_dags/tutorial_taskflow_api_virtualenv.py
[2025-08-02T02:12:40.705+0000] {logging_mixin.py:188} INFO - [2025-08-02T02:12:40.701+0000] {dag.py:3047} INFO - Sync 1 DAGs
[2025-08-02T02:12:40.739+0000] {logging_mixin.py:188} INFO - [2025-08-02T02:12:40.739+0000] {dag.py:3834} INFO - Setting next_dagrun for tutorial_taskflow_api_virtualenv to None, run_after=None
[2025-08-02T02:12:40.801+0000] {processor.py:183} INFO - Processing /home/airflow/.local/lib/python3.8/site-packages/airflow/example_dags/tutorial_taskflow_api_virtualenv.py took 0.429 seconds
[2025-08-02T02:13:12.761+0000] {processor.py:161} INFO - Started process (PID=2920) to work on /home/airflow/.local/lib/python3.8/site-packages/airflow/example_dags/tutorial_taskflow_api_virtualenv.py
[2025-08-02T02:13:12.764+0000] {processor.py:830} INFO - Processing file /home/airflow/.local/lib/python3.8/site-packages/airflow/example_dags/tutorial_taskflow_api_virtualenv.py for tasks to queue
[2025-08-02T02:13:12.765+0000] {logging_mixin.py:188} INFO - [2025-08-02T02:13:12.765+0000] {dagbag.py:540} INFO - Filling up the DagBag from /home/airflow/.local/lib/python3.8/site-packages/airflow/example_dags/tutorial_taskflow_api_virtualenv.py
[2025-08-02T02:13:12.794+0000] {processor.py:840} INFO - DAG(s) 'tutorial_taskflow_api_virtualenv' retrieved from /home/airflow/.local/lib/python3.8/site-packages/airflow/example_dags/tutorial_taskflow_api_virtualenv.py
[2025-08-02T02:13:12.833+0000] {logging_mixin.py:188} INFO - [2025-08-02T02:13:12.832+0000] {dag.py:3047} INFO - Sync 1 DAGs
[2025-08-02T02:13:12.857+0000] {logging_mixin.py:188} INFO - [2025-08-02T02:13:12.856+0000] {dag.py:3834} INFO - Setting next_dagrun for tutorial_taskflow_api_virtualenv to None, run_after=None
[2025-08-02T02:13:12.903+0000] {processor.py:183} INFO - Processing /home/airflow/.local/lib/python3.8/site-packages/airflow/example_dags/tutorial_taskflow_api_virtualenv.py took 0.148 seconds
[2025-08-02T02:13:48.949+0000] {processor.py:161} INFO - Started process (PID=2973) to work on /home/airflow/.local/lib/python3.8/site-packages/airflow/example_dags/tutorial_taskflow_api_virtualenv.py
[2025-08-02T02:13:48.952+0000] {processor.py:830} INFO - Processing file /home/airflow/.local/lib/python3.8/site-packages/airflow/example_dags/tutorial_taskflow_api_virtualenv.py for tasks to queue
[2025-08-02T02:13:48.954+0000] {logging_mixin.py:188} INFO - [2025-08-02T02:13:48.953+0000] {dagbag.py:540} INFO - Filling up the DagBag from /home/airflow/.local/lib/python3.8/site-packages/airflow/example_dags/tutorial_taskflow_api_virtualenv.py
[2025-08-02T02:13:48.970+0000] {processor.py:840} INFO - DAG(s) 'tutorial_taskflow_api_virtualenv' retrieved from /home/airflow/.local/lib/python3.8/site-packages/airflow/example_dags/tutorial_taskflow_api_virtualenv.py
[2025-08-02T02:13:49.054+0000] {logging_mixin.py:188} INFO - [2025-08-02T02:13:49.054+0000] {dag.py:3047} INFO - Sync 1 DAGs
[2025-08-02T02:13:49.121+0000] {logging_mixin.py:188} INFO - [2025-08-02T02:13:49.118+0000] {dag.py:3834} INFO - Setting next_dagrun for tutorial_taskflow_api_virtualenv to None, run_after=None
[2025-08-02T02:13:49.190+0000] {processor.py:183} INFO - Processing /home/airflow/.local/lib/python3.8/site-packages/airflow/example_dags/tutorial_taskflow_api_virtualenv.py took 0.245 seconds
[2025-08-02T02:14:19.614+0000] {processor.py:161} INFO - Started process (PID=3029) to work on /home/airflow/.local/lib/python3.8/site-packages/airflow/example_dags/tutorial_taskflow_api_virtualenv.py
[2025-08-02T02:14:19.617+0000] {processor.py:830} INFO - Processing file /home/airflow/.local/lib/python3.8/site-packages/airflow/example_dags/tutorial_taskflow_api_virtualenv.py for tasks to queue
[2025-08-02T02:14:19.621+0000] {logging_mixin.py:188} INFO - [2025-08-02T02:14:19.620+0000] {dagbag.py:540} INFO - Filling up the DagBag from /home/airflow/.local/lib/python3.8/site-packages/airflow/example_dags/tutorial_taskflow_api_virtualenv.py
[2025-08-02T02:14:19.655+0000] {processor.py:840} INFO - DAG(s) 'tutorial_taskflow_api_virtualenv' retrieved from /home/airflow/.local/lib/python3.8/site-packages/airflow/example_dags/tutorial_taskflow_api_virtualenv.py
[2025-08-02T02:14:19.727+0000] {logging_mixin.py:188} INFO - [2025-08-02T02:14:19.726+0000] {dag.py:3047} INFO - Sync 1 DAGs
[2025-08-02T02:14:19.741+0000] {logging_mixin.py:188} INFO - [2025-08-02T02:14:19.740+0000] {dag.py:3834} INFO - Setting next_dagrun for tutorial_taskflow_api_virtualenv to None, run_after=None
[2025-08-02T02:14:19.776+0000] {processor.py:183} INFO - Processing /home/airflow/.local/lib/python3.8/site-packages/airflow/example_dags/tutorial_taskflow_api_virtualenv.py took 0.178 seconds
[2025-08-02T02:15:07.332+0000] {processor.py:161} INFO - Started process (PID=3096) to work on /home/airflow/.local/lib/python3.8/site-packages/airflow/example_dags/tutorial_taskflow_api_virtualenv.py
[2025-08-02T02:15:07.334+0000] {processor.py:830} INFO - Processing file /home/airflow/.local/lib/python3.8/site-packages/airflow/example_dags/tutorial_taskflow_api_virtualenv.py for tasks to queue
[2025-08-02T02:15:07.335+0000] {logging_mixin.py:188} INFO - [2025-08-02T02:15:07.335+0000] {dagbag.py:540} INFO - Filling up the DagBag from /home/airflow/.local/lib/python3.8/site-packages/airflow/example_dags/tutorial_taskflow_api_virtualenv.py
[2025-08-02T02:15:07.363+0000] {processor.py:840} INFO - DAG(s) 'tutorial_taskflow_api_virtualenv' retrieved from /home/airflow/.local/lib/python3.8/site-packages/airflow/example_dags/tutorial_taskflow_api_virtualenv.py
[2025-08-02T02:15:07.533+0000] {logging_mixin.py:188} INFO - [2025-08-02T02:15:07.531+0000] {dag.py:3047} INFO - Sync 1 DAGs
[2025-08-02T02:15:07.574+0000] {logging_mixin.py:188} INFO - [2025-08-02T02:15:07.573+0000] {dag.py:3834} INFO - Setting next_dagrun for tutorial_taskflow_api_virtualenv to None, run_after=None
[2025-08-02T02:15:07.746+0000] {processor.py:183} INFO - Processing /home/airflow/.local/lib/python3.8/site-packages/airflow/example_dags/tutorial_taskflow_api_virtualenv.py took 0.419 seconds
[2025-08-02T02:15:47.559+0000] {processor.py:161} INFO - Started process (PID=3160) to work on /home/airflow/.local/lib/python3.8/site-packages/airflow/example_dags/tutorial_taskflow_api_virtualenv.py
[2025-08-02T02:15:47.564+0000] {processor.py:830} INFO - Processing file /home/airflow/.local/lib/python3.8/site-packages/airflow/example_dags/tutorial_taskflow_api_virtualenv.py for tasks to queue
[2025-08-02T02:15:47.566+0000] {logging_mixin.py:188} INFO - [2025-08-02T02:15:47.565+0000] {dagbag.py:540} INFO - Filling up the DagBag from /home/airflow/.local/lib/python3.8/site-packages/airflow/example_dags/tutorial_taskflow_api_virtualenv.py
[2025-08-02T02:15:47.604+0000] {processor.py:840} INFO - DAG(s) 'tutorial_taskflow_api_virtualenv' retrieved from /home/airflow/.local/lib/python3.8/site-packages/airflow/example_dags/tutorial_taskflow_api_virtualenv.py
[2025-08-02T02:15:47.650+0000] {logging_mixin.py:188} INFO - [2025-08-02T02:15:47.649+0000] {dag.py:3047} INFO - Sync 1 DAGs
[2025-08-02T02:15:47.678+0000] {logging_mixin.py:188} INFO - [2025-08-02T02:15:47.678+0000] {dag.py:3834} INFO - Setting next_dagrun for tutorial_taskflow_api_virtualenv to None, run_after=None
[2025-08-02T02:15:47.703+0000] {processor.py:183} INFO - Processing /home/airflow/.local/lib/python3.8/site-packages/airflow/example_dags/tutorial_taskflow_api_virtualenv.py took 0.148 seconds
[2025-08-02T02:16:31.715+0000] {processor.py:161} INFO - Started process (PID=3216) to work on /home/airflow/.local/lib/python3.8/site-packages/airflow/example_dags/tutorial_taskflow_api_virtualenv.py
[2025-08-02T02:16:31.717+0000] {processor.py:830} INFO - Processing file /home/airflow/.local/lib/python3.8/site-packages/airflow/example_dags/tutorial_taskflow_api_virtualenv.py for tasks to queue
[2025-08-02T02:16:31.719+0000] {logging_mixin.py:188} INFO - [2025-08-02T02:16:31.718+0000] {dagbag.py:540} INFO - Filling up the DagBag from /home/airflow/.local/lib/python3.8/site-packages/airflow/example_dags/tutorial_taskflow_api_virtualenv.py
[2025-08-02T02:16:31.748+0000] {processor.py:840} INFO - DAG(s) 'tutorial_taskflow_api_virtualenv' retrieved from /home/airflow/.local/lib/python3.8/site-packages/airflow/example_dags/tutorial_taskflow_api_virtualenv.py
[2025-08-02T02:16:31.793+0000] {logging_mixin.py:188} INFO - [2025-08-02T02:16:31.793+0000] {dag.py:3047} INFO - Sync 1 DAGs
[2025-08-02T02:16:31.808+0000] {logging_mixin.py:188} INFO - [2025-08-02T02:16:31.808+0000] {dag.py:3834} INFO - Setting next_dagrun for tutorial_taskflow_api_virtualenv to None, run_after=None
[2025-08-02T02:16:31.838+0000] {processor.py:183} INFO - Processing /home/airflow/.local/lib/python3.8/site-packages/airflow/example_dags/tutorial_taskflow_api_virtualenv.py took 0.129 seconds
[2025-08-02T02:17:12.253+0000] {processor.py:161} INFO - Started process (PID=3272) to work on /home/airflow/.local/lib/python3.8/site-packages/airflow/example_dags/tutorial_taskflow_api_virtualenv.py
[2025-08-02T02:17:12.260+0000] {processor.py:830} INFO - Processing file /home/airflow/.local/lib/python3.8/site-packages/airflow/example_dags/tutorial_taskflow_api_virtualenv.py for tasks to queue
[2025-08-02T02:17:12.274+0000] {logging_mixin.py:188} INFO - [2025-08-02T02:17:12.265+0000] {dagbag.py:540} INFO - Filling up the DagBag from /home/airflow/.local/lib/python3.8/site-packages/airflow/example_dags/tutorial_taskflow_api_virtualenv.py
[2025-08-02T02:17:12.358+0000] {processor.py:840} INFO - DAG(s) 'tutorial_taskflow_api_virtualenv' retrieved from /home/airflow/.local/lib/python3.8/site-packages/airflow/example_dags/tutorial_taskflow_api_virtualenv.py
[2025-08-02T02:17:12.521+0000] {logging_mixin.py:188} INFO - [2025-08-02T02:17:12.519+0000] {dag.py:3047} INFO - Sync 1 DAGs
[2025-08-02T02:17:12.622+0000] {logging_mixin.py:188} INFO - [2025-08-02T02:17:12.621+0000] {dag.py:3834} INFO - Setting next_dagrun for tutorial_taskflow_api_virtualenv to None, run_after=None
[2025-08-02T02:17:12.789+0000] {processor.py:183} INFO - Processing /home/airflow/.local/lib/python3.8/site-packages/airflow/example_dags/tutorial_taskflow_api_virtualenv.py took 0.552 seconds
[2025-08-02T02:17:54.861+0000] {processor.py:161} INFO - Started process (PID=3328) to work on /home/airflow/.local/lib/python3.8/site-packages/airflow/example_dags/tutorial_taskflow_api_virtualenv.py
[2025-08-02T02:17:54.880+0000] {processor.py:830} INFO - Processing file /home/airflow/.local/lib/python3.8/site-packages/airflow/example_dags/tutorial_taskflow_api_virtualenv.py for tasks to queue
[2025-08-02T02:17:54.883+0000] {logging_mixin.py:188} INFO - [2025-08-02T02:17:54.882+0000] {dagbag.py:540} INFO - Filling up the DagBag from /home/airflow/.local/lib/python3.8/site-packages/airflow/example_dags/tutorial_taskflow_api_virtualenv.py
[2025-08-02T02:17:54.936+0000] {processor.py:840} INFO - DAG(s) 'tutorial_taskflow_api_virtualenv' retrieved from /home/airflow/.local/lib/python3.8/site-packages/airflow/example_dags/tutorial_taskflow_api_virtualenv.py
[2025-08-02T02:17:55.079+0000] {logging_mixin.py:188} INFO - [2025-08-02T02:17:55.078+0000] {dag.py:3047} INFO - Sync 1 DAGs
[2025-08-02T02:17:57.781+0000] {logging_mixin.py:188} INFO - [2025-08-02T02:17:57.763+0000] {dag.py:3834} INFO - Setting next_dagrun for tutorial_taskflow_api_virtualenv to None, run_after=None
[2025-08-02T02:18:00.893+0000] {processor.py:183} INFO - Processing /home/airflow/.local/lib/python3.8/site-packages/airflow/example_dags/tutorial_taskflow_api_virtualenv.py took 6.064 seconds
[2025-08-02T02:18:49.146+0000] {processor.py:161} INFO - Started process (PID=3394) to work on /home/airflow/.local/lib/python3.8/site-packages/airflow/example_dags/tutorial_taskflow_api_virtualenv.py
[2025-08-02T02:18:49.152+0000] {processor.py:830} INFO - Processing file /home/airflow/.local/lib/python3.8/site-packages/airflow/example_dags/tutorial_taskflow_api_virtualenv.py for tasks to queue
[2025-08-02T02:18:49.155+0000] {logging_mixin.py:188} INFO - [2025-08-02T02:18:49.154+0000] {dagbag.py:540} INFO - Filling up the DagBag from /home/airflow/.local/lib/python3.8/site-packages/airflow/example_dags/tutorial_taskflow_api_virtualenv.py
[2025-08-02T02:18:49.238+0000] {processor.py:840} INFO - DAG(s) 'tutorial_taskflow_api_virtualenv' retrieved from /home/airflow/.local/lib/python3.8/site-packages/airflow/example_dags/tutorial_taskflow_api_virtualenv.py
[2025-08-02T02:18:49.383+0000] {logging_mixin.py:188} INFO - [2025-08-02T02:18:49.382+0000] {dag.py:3047} INFO - Sync 1 DAGs
[2025-08-02T02:18:49.411+0000] {logging_mixin.py:188} INFO - [2025-08-02T02:18:49.410+0000] {dag.py:3834} INFO - Setting next_dagrun for tutorial_taskflow_api_virtualenv to None, run_after=None
[2025-08-02T02:18:53.652+0000] {processor.py:183} INFO - Processing /home/airflow/.local/lib/python3.8/site-packages/airflow/example_dags/tutorial_taskflow_api_virtualenv.py took 4.544 seconds
[2025-08-02T02:19:23.837+0000] {processor.py:161} INFO - Started process (PID=3451) to work on /home/airflow/.local/lib/python3.8/site-packages/airflow/example_dags/tutorial_taskflow_api_virtualenv.py
[2025-08-02T02:19:23.855+0000] {processor.py:830} INFO - Processing file /home/airflow/.local/lib/python3.8/site-packages/airflow/example_dags/tutorial_taskflow_api_virtualenv.py for tasks to queue
[2025-08-02T02:19:23.859+0000] {logging_mixin.py:188} INFO - [2025-08-02T02:19:23.857+0000] {dagbag.py:540} INFO - Filling up the DagBag from /home/airflow/.local/lib/python3.8/site-packages/airflow/example_dags/tutorial_taskflow_api_virtualenv.py
[2025-08-02T02:19:23.986+0000] {processor.py:840} INFO - DAG(s) 'tutorial_taskflow_api_virtualenv' retrieved from /home/airflow/.local/lib/python3.8/site-packages/airflow/example_dags/tutorial_taskflow_api_virtualenv.py
[2025-08-02T02:19:24.292+0000] {logging_mixin.py:188} INFO - [2025-08-02T02:19:24.286+0000] {dag.py:3047} INFO - Sync 1 DAGs
[2025-08-02T02:19:24.417+0000] {logging_mixin.py:188} INFO - [2025-08-02T02:19:24.386+0000] {dag.py:3834} INFO - Setting next_dagrun for tutorial_taskflow_api_virtualenv to None, run_after=None
[2025-08-02T02:19:24.704+0000] {processor.py:183} INFO - Processing /home/airflow/.local/lib/python3.8/site-packages/airflow/example_dags/tutorial_taskflow_api_virtualenv.py took 0.876 seconds
[2025-08-02T02:19:56.128+0000] {processor.py:161} INFO - Started process (PID=3508) to work on /home/airflow/.local/lib/python3.8/site-packages/airflow/example_dags/tutorial_taskflow_api_virtualenv.py
[2025-08-02T02:19:56.130+0000] {processor.py:830} INFO - Processing file /home/airflow/.local/lib/python3.8/site-packages/airflow/example_dags/tutorial_taskflow_api_virtualenv.py for tasks to queue
[2025-08-02T02:19:56.131+0000] {logging_mixin.py:188} INFO - [2025-08-02T02:19:56.130+0000] {dagbag.py:540} INFO - Filling up the DagBag from /home/airflow/.local/lib/python3.8/site-packages/airflow/example_dags/tutorial_taskflow_api_virtualenv.py
[2025-08-02T02:19:56.157+0000] {processor.py:840} INFO - DAG(s) 'tutorial_taskflow_api_virtualenv' retrieved from /home/airflow/.local/lib/python3.8/site-packages/airflow/example_dags/tutorial_taskflow_api_virtualenv.py
[2025-08-02T02:19:56.177+0000] {logging_mixin.py:188} INFO - [2025-08-02T02:19:56.177+0000] {dag.py:3047} INFO - Sync 1 DAGs
[2025-08-02T02:19:56.184+0000] {logging_mixin.py:188} INFO - [2025-08-02T02:19:56.184+0000] {dag.py:3834} INFO - Setting next_dagrun for tutorial_taskflow_api_virtualenv to None, run_after=None
[2025-08-02T02:19:56.195+0000] {processor.py:183} INFO - Processing /home/airflow/.local/lib/python3.8/site-packages/airflow/example_dags/tutorial_taskflow_api_virtualenv.py took 0.070 seconds
[2025-08-02T02:20:31.277+0000] {processor.py:161} INFO - Started process (PID=3562) to work on /home/airflow/.local/lib/python3.8/site-packages/airflow/example_dags/tutorial_taskflow_api_virtualenv.py
[2025-08-02T02:20:31.281+0000] {processor.py:830} INFO - Processing file /home/airflow/.local/lib/python3.8/site-packages/airflow/example_dags/tutorial_taskflow_api_virtualenv.py for tasks to queue
[2025-08-02T02:20:31.283+0000] {logging_mixin.py:188} INFO - [2025-08-02T02:20:31.282+0000] {dagbag.py:540} INFO - Filling up the DagBag from /home/airflow/.local/lib/python3.8/site-packages/airflow/example_dags/tutorial_taskflow_api_virtualenv.py
[2025-08-02T02:20:31.307+0000] {processor.py:840} INFO - DAG(s) 'tutorial_taskflow_api_virtualenv' retrieved from /home/airflow/.local/lib/python3.8/site-packages/airflow/example_dags/tutorial_taskflow_api_virtualenv.py
[2025-08-02T02:20:31.794+0000] {logging_mixin.py:188} INFO - [2025-08-02T02:20:31.780+0000] {dag.py:3047} INFO - Sync 1 DAGs
[2025-08-02T02:20:31.857+0000] {logging_mixin.py:188} INFO - [2025-08-02T02:20:31.857+0000] {dag.py:3834} INFO - Setting next_dagrun for tutorial_taskflow_api_virtualenv to None, run_after=None
[2025-08-02T02:20:31.907+0000] {processor.py:183} INFO - Processing /home/airflow/.local/lib/python3.8/site-packages/airflow/example_dags/tutorial_taskflow_api_virtualenv.py took 0.636 seconds
[2025-08-02T02:21:03.216+0000] {processor.py:161} INFO - Started process (PID=3618) to work on /home/airflow/.local/lib/python3.8/site-packages/airflow/example_dags/tutorial_taskflow_api_virtualenv.py
[2025-08-02T02:21:03.239+0000] {processor.py:830} INFO - Processing file /home/airflow/.local/lib/python3.8/site-packages/airflow/example_dags/tutorial_taskflow_api_virtualenv.py for tasks to queue
[2025-08-02T02:21:03.243+0000] {logging_mixin.py:188} INFO - [2025-08-02T02:21:03.241+0000] {dagbag.py:540} INFO - Filling up the DagBag from /home/airflow/.local/lib/python3.8/site-packages/airflow/example_dags/tutorial_taskflow_api_virtualenv.py
[2025-08-02T02:21:03.345+0000] {processor.py:840} INFO - DAG(s) 'tutorial_taskflow_api_virtualenv' retrieved from /home/airflow/.local/lib/python3.8/site-packages/airflow/example_dags/tutorial_taskflow_api_virtualenv.py
[2025-08-02T02:21:03.502+0000] {logging_mixin.py:188} INFO - [2025-08-02T02:21:03.501+0000] {dag.py:3047} INFO - Sync 1 DAGs
[2025-08-02T02:21:03.530+0000] {logging_mixin.py:188} INFO - [2025-08-02T02:21:03.529+0000] {dag.py:3834} INFO - Setting next_dagrun for tutorial_taskflow_api_virtualenv to None, run_after=None
[2025-08-02T02:21:03.567+0000] {processor.py:183} INFO - Processing /home/airflow/.local/lib/python3.8/site-packages/airflow/example_dags/tutorial_taskflow_api_virtualenv.py took 0.375 seconds
[2025-08-02T02:21:34.580+0000] {processor.py:161} INFO - Started process (PID=3674) to work on /home/airflow/.local/lib/python3.8/site-packages/airflow/example_dags/tutorial_taskflow_api_virtualenv.py
[2025-08-02T02:21:34.595+0000] {processor.py:830} INFO - Processing file /home/airflow/.local/lib/python3.8/site-packages/airflow/example_dags/tutorial_taskflow_api_virtualenv.py for tasks to queue
[2025-08-02T02:21:34.612+0000] {logging_mixin.py:188} INFO - [2025-08-02T02:21:34.605+0000] {dagbag.py:540} INFO - Filling up the DagBag from /home/airflow/.local/lib/python3.8/site-packages/airflow/example_dags/tutorial_taskflow_api_virtualenv.py
[2025-08-02T02:21:34.681+0000] {processor.py:840} INFO - DAG(s) 'tutorial_taskflow_api_virtualenv' retrieved from /home/airflow/.local/lib/python3.8/site-packages/airflow/example_dags/tutorial_taskflow_api_virtualenv.py
[2025-08-02T02:21:34.772+0000] {logging_mixin.py:188} INFO - [2025-08-02T02:21:34.772+0000] {dag.py:3047} INFO - Sync 1 DAGs
[2025-08-02T02:21:34.801+0000] {logging_mixin.py:188} INFO - [2025-08-02T02:21:34.800+0000] {dag.py:3834} INFO - Setting next_dagrun for tutorial_taskflow_api_virtualenv to None, run_after=None
[2025-08-02T02:21:34.836+0000] {processor.py:183} INFO - Processing /home/airflow/.local/lib/python3.8/site-packages/airflow/example_dags/tutorial_taskflow_api_virtualenv.py took 0.269 seconds
[2025-08-02T02:22:05.140+0000] {processor.py:161} INFO - Started process (PID=3730) to work on /home/airflow/.local/lib/python3.8/site-packages/airflow/example_dags/tutorial_taskflow_api_virtualenv.py
[2025-08-02T02:22:05.142+0000] {processor.py:830} INFO - Processing file /home/airflow/.local/lib/python3.8/site-packages/airflow/example_dags/tutorial_taskflow_api_virtualenv.py for tasks to queue
[2025-08-02T02:22:05.143+0000] {logging_mixin.py:188} INFO - [2025-08-02T02:22:05.143+0000] {dagbag.py:540} INFO - Filling up the DagBag from /home/airflow/.local/lib/python3.8/site-packages/airflow/example_dags/tutorial_taskflow_api_virtualenv.py
[2025-08-02T02:22:05.164+0000] {processor.py:840} INFO - DAG(s) 'tutorial_taskflow_api_virtualenv' retrieved from /home/airflow/.local/lib/python3.8/site-packages/airflow/example_dags/tutorial_taskflow_api_virtualenv.py
[2025-08-02T02:22:05.231+0000] {logging_mixin.py:188} INFO - [2025-08-02T02:22:05.230+0000] {dag.py:3047} INFO - Sync 1 DAGs
[2025-08-02T02:22:05.243+0000] {logging_mixin.py:188} INFO - [2025-08-02T02:22:05.243+0000] {dag.py:3834} INFO - Setting next_dagrun for tutorial_taskflow_api_virtualenv to None, run_after=None
[2025-08-02T02:22:05.255+0000] {processor.py:183} INFO - Processing /home/airflow/.local/lib/python3.8/site-packages/airflow/example_dags/tutorial_taskflow_api_virtualenv.py took 0.121 seconds
[2025-08-02T02:22:40.526+0000] {processor.py:161} INFO - Started process (PID=3788) to work on /home/airflow/.local/lib/python3.8/site-packages/airflow/example_dags/tutorial_taskflow_api_virtualenv.py
[2025-08-02T02:22:40.531+0000] {processor.py:830} INFO - Processing file /home/airflow/.local/lib/python3.8/site-packages/airflow/example_dags/tutorial_taskflow_api_virtualenv.py for tasks to queue
[2025-08-02T02:22:40.532+0000] {logging_mixin.py:188} INFO - [2025-08-02T02:22:40.532+0000] {dagbag.py:540} INFO - Filling up the DagBag from /home/airflow/.local/lib/python3.8/site-packages/airflow/example_dags/tutorial_taskflow_api_virtualenv.py
[2025-08-02T02:22:40.558+0000] {processor.py:840} INFO - DAG(s) 'tutorial_taskflow_api_virtualenv' retrieved from /home/airflow/.local/lib/python3.8/site-packages/airflow/example_dags/tutorial_taskflow_api_virtualenv.py
[2025-08-02T02:22:40.616+0000] {logging_mixin.py:188} INFO - [2025-08-02T02:22:40.616+0000] {dag.py:3047} INFO - Sync 1 DAGs
[2025-08-02T02:22:40.673+0000] {logging_mixin.py:188} INFO - [2025-08-02T02:22:40.672+0000] {dag.py:3834} INFO - Setting next_dagrun for tutorial_taskflow_api_virtualenv to None, run_after=None
[2025-08-02T02:22:40.728+0000] {processor.py:183} INFO - Processing /home/airflow/.local/lib/python3.8/site-packages/airflow/example_dags/tutorial_taskflow_api_virtualenv.py took 0.210 seconds
[2025-08-02T02:23:11.694+0000] {processor.py:161} INFO - Started process (PID=3844) to work on /home/airflow/.local/lib/python3.8/site-packages/airflow/example_dags/tutorial_taskflow_api_virtualenv.py
[2025-08-02T02:23:11.697+0000] {processor.py:830} INFO - Processing file /home/airflow/.local/lib/python3.8/site-packages/airflow/example_dags/tutorial_taskflow_api_virtualenv.py for tasks to queue
[2025-08-02T02:23:11.698+0000] {logging_mixin.py:188} INFO - [2025-08-02T02:23:11.698+0000] {dagbag.py:540} INFO - Filling up the DagBag from /home/airflow/.local/lib/python3.8/site-packages/airflow/example_dags/tutorial_taskflow_api_virtualenv.py
[2025-08-02T02:23:11.711+0000] {processor.py:840} INFO - DAG(s) 'tutorial_taskflow_api_virtualenv' retrieved from /home/airflow/.local/lib/python3.8/site-packages/airflow/example_dags/tutorial_taskflow_api_virtualenv.py
[2025-08-02T02:23:11.754+0000] {logging_mixin.py:188} INFO - [2025-08-02T02:23:11.754+0000] {dag.py:3047} INFO - Sync 1 DAGs
[2025-08-02T02:23:11.777+0000] {logging_mixin.py:188} INFO - [2025-08-02T02:23:11.777+0000] {dag.py:3834} INFO - Setting next_dagrun for tutorial_taskflow_api_virtualenv to None, run_after=None
[2025-08-02T02:23:11.823+0000] {processor.py:183} INFO - Processing /home/airflow/.local/lib/python3.8/site-packages/airflow/example_dags/tutorial_taskflow_api_virtualenv.py took 0.134 seconds
[2025-08-02T02:23:42.243+0000] {processor.py:161} INFO - Started process (PID=3899) to work on /home/airflow/.local/lib/python3.8/site-packages/airflow/example_dags/tutorial_taskflow_api_virtualenv.py
[2025-08-02T02:23:42.246+0000] {processor.py:830} INFO - Processing file /home/airflow/.local/lib/python3.8/site-packages/airflow/example_dags/tutorial_taskflow_api_virtualenv.py for tasks to queue
[2025-08-02T02:23:42.248+0000] {logging_mixin.py:188} INFO - [2025-08-02T02:23:42.248+0000] {dagbag.py:540} INFO - Filling up the DagBag from /home/airflow/.local/lib/python3.8/site-packages/airflow/example_dags/tutorial_taskflow_api_virtualenv.py
[2025-08-02T02:23:42.271+0000] {processor.py:840} INFO - DAG(s) 'tutorial_taskflow_api_virtualenv' retrieved from /home/airflow/.local/lib/python3.8/site-packages/airflow/example_dags/tutorial_taskflow_api_virtualenv.py
[2025-08-02T02:23:42.303+0000] {logging_mixin.py:188} INFO - [2025-08-02T02:23:42.303+0000] {dag.py:3047} INFO - Sync 1 DAGs
[2025-08-02T02:23:42.312+0000] {logging_mixin.py:188} INFO - [2025-08-02T02:23:42.311+0000] {dag.py:3834} INFO - Setting next_dagrun for tutorial_taskflow_api_virtualenv to None, run_after=None
[2025-08-02T02:23:42.322+0000] {processor.py:183} INFO - Processing /home/airflow/.local/lib/python3.8/site-packages/airflow/example_dags/tutorial_taskflow_api_virtualenv.py took 0.086 seconds
[2025-08-02T02:24:14.553+0000] {processor.py:161} INFO - Started process (PID=3955) to work on /home/airflow/.local/lib/python3.8/site-packages/airflow/example_dags/tutorial_taskflow_api_virtualenv.py
[2025-08-02T02:24:14.556+0000] {processor.py:830} INFO - Processing file /home/airflow/.local/lib/python3.8/site-packages/airflow/example_dags/tutorial_taskflow_api_virtualenv.py for tasks to queue
[2025-08-02T02:24:14.571+0000] {logging_mixin.py:188} INFO - [2025-08-02T02:24:14.560+0000] {dagbag.py:540} INFO - Filling up the DagBag from /home/airflow/.local/lib/python3.8/site-packages/airflow/example_dags/tutorial_taskflow_api_virtualenv.py
[2025-08-02T02:24:14.646+0000] {processor.py:840} INFO - DAG(s) 'tutorial_taskflow_api_virtualenv' retrieved from /home/airflow/.local/lib/python3.8/site-packages/airflow/example_dags/tutorial_taskflow_api_virtualenv.py
[2025-08-02T02:24:14.839+0000] {logging_mixin.py:188} INFO - [2025-08-02T02:24:14.838+0000] {dag.py:3047} INFO - Sync 1 DAGs
[2025-08-02T02:24:14.899+0000] {logging_mixin.py:188} INFO - [2025-08-02T02:24:14.898+0000] {dag.py:3834} INFO - Setting next_dagrun for tutorial_taskflow_api_virtualenv to None, run_after=None
[2025-08-02T02:24:14.969+0000] {processor.py:183} INFO - Processing /home/airflow/.local/lib/python3.8/site-packages/airflow/example_dags/tutorial_taskflow_api_virtualenv.py took 0.433 seconds
[2025-08-02T02:24:45.889+0000] {processor.py:161} INFO - Started process (PID=4015) to work on /home/airflow/.local/lib/python3.8/site-packages/airflow/example_dags/tutorial_taskflow_api_virtualenv.py
[2025-08-02T02:24:45.893+0000] {processor.py:830} INFO - Processing file /home/airflow/.local/lib/python3.8/site-packages/airflow/example_dags/tutorial_taskflow_api_virtualenv.py for tasks to queue
[2025-08-02T02:24:45.897+0000] {logging_mixin.py:188} INFO - [2025-08-02T02:24:45.896+0000] {dagbag.py:540} INFO - Filling up the DagBag from /home/airflow/.local/lib/python3.8/site-packages/airflow/example_dags/tutorial_taskflow_api_virtualenv.py
[2025-08-02T02:24:45.946+0000] {processor.py:840} INFO - DAG(s) 'tutorial_taskflow_api_virtualenv' retrieved from /home/airflow/.local/lib/python3.8/site-packages/airflow/example_dags/tutorial_taskflow_api_virtualenv.py
[2025-08-02T02:24:46.044+0000] {logging_mixin.py:188} INFO - [2025-08-02T02:24:46.043+0000] {dag.py:3047} INFO - Sync 1 DAGs
[2025-08-02T02:24:46.080+0000] {logging_mixin.py:188} INFO - [2025-08-02T02:24:46.080+0000] {dag.py:3834} INFO - Setting next_dagrun for tutorial_taskflow_api_virtualenv to None, run_after=None
[2025-08-02T02:24:46.142+0000] {processor.py:183} INFO - Processing /home/airflow/.local/lib/python3.8/site-packages/airflow/example_dags/tutorial_taskflow_api_virtualenv.py took 0.289 seconds
[2025-08-02T02:25:39.701+0000] {processor.py:161} INFO - Started process (PID=4068) to work on /home/airflow/.local/lib/python3.8/site-packages/airflow/example_dags/tutorial_taskflow_api_virtualenv.py
[2025-08-02T02:25:39.705+0000] {processor.py:830} INFO - Processing file /home/airflow/.local/lib/python3.8/site-packages/airflow/example_dags/tutorial_taskflow_api_virtualenv.py for tasks to queue
[2025-08-02T02:25:39.706+0000] {logging_mixin.py:188} INFO - [2025-08-02T02:25:39.706+0000] {dagbag.py:540} INFO - Filling up the DagBag from /home/airflow/.local/lib/python3.8/site-packages/airflow/example_dags/tutorial_taskflow_api_virtualenv.py
[2025-08-02T02:25:39.753+0000] {processor.py:840} INFO - DAG(s) 'tutorial_taskflow_api_virtualenv' retrieved from /home/airflow/.local/lib/python3.8/site-packages/airflow/example_dags/tutorial_taskflow_api_virtualenv.py
[2025-08-02T02:25:39.898+0000] {logging_mixin.py:188} INFO - [2025-08-02T02:25:39.896+0000] {dag.py:3047} INFO - Sync 1 DAGs
[2025-08-02T02:25:40.049+0000] {logging_mixin.py:188} INFO - [2025-08-02T02:25:40.048+0000] {dag.py:3834} INFO - Setting next_dagrun for tutorial_taskflow_api_virtualenv to None, run_after=None
[2025-08-02T02:25:40.205+0000] {processor.py:183} INFO - Processing /home/airflow/.local/lib/python3.8/site-packages/airflow/example_dags/tutorial_taskflow_api_virtualenv.py took 0.513 seconds
[2025-08-02T02:26:21.757+0000] {processor.py:161} INFO - Started process (PID=4137) to work on /home/airflow/.local/lib/python3.8/site-packages/airflow/example_dags/tutorial_taskflow_api_virtualenv.py
[2025-08-02T02:26:21.769+0000] {processor.py:830} INFO - Processing file /home/airflow/.local/lib/python3.8/site-packages/airflow/example_dags/tutorial_taskflow_api_virtualenv.py for tasks to queue
[2025-08-02T02:26:21.780+0000] {logging_mixin.py:188} INFO - [2025-08-02T02:26:21.777+0000] {dagbag.py:540} INFO - Filling up the DagBag from /home/airflow/.local/lib/python3.8/site-packages/airflow/example_dags/tutorial_taskflow_api_virtualenv.py
[2025-08-02T02:26:21.877+0000] {processor.py:840} INFO - DAG(s) 'tutorial_taskflow_api_virtualenv' retrieved from /home/airflow/.local/lib/python3.8/site-packages/airflow/example_dags/tutorial_taskflow_api_virtualenv.py
[2025-08-02T02:26:22.135+0000] {logging_mixin.py:188} INFO - [2025-08-02T02:26:22.134+0000] {dag.py:3047} INFO - Sync 1 DAGs
[2025-08-02T02:26:22.218+0000] {logging_mixin.py:188} INFO - [2025-08-02T02:26:22.217+0000] {dag.py:3834} INFO - Setting next_dagrun for tutorial_taskflow_api_virtualenv to None, run_after=None
[2025-08-02T02:26:22.265+0000] {processor.py:183} INFO - Processing /home/airflow/.local/lib/python3.8/site-packages/airflow/example_dags/tutorial_taskflow_api_virtualenv.py took 0.529 seconds
[2025-08-02T02:27:11.682+0000] {processor.py:161} INFO - Started process (PID=4192) to work on /home/airflow/.local/lib/python3.8/site-packages/airflow/example_dags/tutorial_taskflow_api_virtualenv.py
[2025-08-02T02:27:11.687+0000] {processor.py:830} INFO - Processing file /home/airflow/.local/lib/python3.8/site-packages/airflow/example_dags/tutorial_taskflow_api_virtualenv.py for tasks to queue
[2025-08-02T02:27:11.690+0000] {logging_mixin.py:188} INFO - [2025-08-02T02:27:11.690+0000] {dagbag.py:540} INFO - Filling up the DagBag from /home/airflow/.local/lib/python3.8/site-packages/airflow/example_dags/tutorial_taskflow_api_virtualenv.py
[2025-08-02T02:27:11.871+0000] {processor.py:840} INFO - DAG(s) 'tutorial_taskflow_api_virtualenv' retrieved from /home/airflow/.local/lib/python3.8/site-packages/airflow/example_dags/tutorial_taskflow_api_virtualenv.py
[2025-08-02T02:27:12.079+0000] {logging_mixin.py:188} INFO - [2025-08-02T02:27:12.076+0000] {dag.py:3047} INFO - Sync 1 DAGs
[2025-08-02T02:27:12.127+0000] {logging_mixin.py:188} INFO - [2025-08-02T02:27:12.126+0000] {dag.py:3834} INFO - Setting next_dagrun for tutorial_taskflow_api_virtualenv to None, run_after=None
[2025-08-02T02:27:12.194+0000] {processor.py:183} INFO - Processing /home/airflow/.local/lib/python3.8/site-packages/airflow/example_dags/tutorial_taskflow_api_virtualenv.py took 0.546 seconds
[2025-08-02T02:27:42.699+0000] {processor.py:161} INFO - Started process (PID=4248) to work on /home/airflow/.local/lib/python3.8/site-packages/airflow/example_dags/tutorial_taskflow_api_virtualenv.py
[2025-08-02T02:27:42.701+0000] {processor.py:830} INFO - Processing file /home/airflow/.local/lib/python3.8/site-packages/airflow/example_dags/tutorial_taskflow_api_virtualenv.py for tasks to queue
[2025-08-02T02:27:42.702+0000] {logging_mixin.py:188} INFO - [2025-08-02T02:27:42.701+0000] {dagbag.py:540} INFO - Filling up the DagBag from /home/airflow/.local/lib/python3.8/site-packages/airflow/example_dags/tutorial_taskflow_api_virtualenv.py
[2025-08-02T02:27:42.714+0000] {processor.py:840} INFO - DAG(s) 'tutorial_taskflow_api_virtualenv' retrieved from /home/airflow/.local/lib/python3.8/site-packages/airflow/example_dags/tutorial_taskflow_api_virtualenv.py
[2025-08-02T02:27:42.732+0000] {logging_mixin.py:188} INFO - [2025-08-02T02:27:42.732+0000] {dag.py:3047} INFO - Sync 1 DAGs
[2025-08-02T02:27:42.763+0000] {logging_mixin.py:188} INFO - [2025-08-02T02:27:42.762+0000] {dag.py:3834} INFO - Setting next_dagrun for tutorial_taskflow_api_virtualenv to None, run_after=None
[2025-08-02T02:27:42.782+0000] {processor.py:183} INFO - Processing /home/airflow/.local/lib/python3.8/site-packages/airflow/example_dags/tutorial_taskflow_api_virtualenv.py took 0.088 seconds
[2025-08-02T02:28:15.087+0000] {processor.py:161} INFO - Started process (PID=4308) to work on /home/airflow/.local/lib/python3.8/site-packages/airflow/example_dags/tutorial_taskflow_api_virtualenv.py
[2025-08-02T02:28:15.093+0000] {processor.py:830} INFO - Processing file /home/airflow/.local/lib/python3.8/site-packages/airflow/example_dags/tutorial_taskflow_api_virtualenv.py for tasks to queue
[2025-08-02T02:28:15.100+0000] {logging_mixin.py:188} INFO - [2025-08-02T02:28:15.099+0000] {dagbag.py:540} INFO - Filling up the DagBag from /home/airflow/.local/lib/python3.8/site-packages/airflow/example_dags/tutorial_taskflow_api_virtualenv.py
[2025-08-02T02:28:15.139+0000] {processor.py:840} INFO - DAG(s) 'tutorial_taskflow_api_virtualenv' retrieved from /home/airflow/.local/lib/python3.8/site-packages/airflow/example_dags/tutorial_taskflow_api_virtualenv.py
[2025-08-02T02:28:15.200+0000] {logging_mixin.py:188} INFO - [2025-08-02T02:28:15.199+0000] {dag.py:3047} INFO - Sync 1 DAGs
[2025-08-02T02:28:15.213+0000] {logging_mixin.py:188} INFO - [2025-08-02T02:28:15.212+0000] {dag.py:3834} INFO - Setting next_dagrun for tutorial_taskflow_api_virtualenv to None, run_after=None
[2025-08-02T02:28:15.253+0000] {processor.py:183} INFO - Processing /home/airflow/.local/lib/python3.8/site-packages/airflow/example_dags/tutorial_taskflow_api_virtualenv.py took 0.185 seconds
[2025-08-02T02:29:14.433+0000] {processor.py:161} INFO - Started process (PID=4399) to work on /home/airflow/.local/lib/python3.8/site-packages/airflow/example_dags/tutorial_taskflow_api_virtualenv.py
[2025-08-02T02:29:14.436+0000] {processor.py:830} INFO - Processing file /home/airflow/.local/lib/python3.8/site-packages/airflow/example_dags/tutorial_taskflow_api_virtualenv.py for tasks to queue
[2025-08-02T02:29:14.437+0000] {logging_mixin.py:188} INFO - [2025-08-02T02:29:14.436+0000] {dagbag.py:540} INFO - Filling up the DagBag from /home/airflow/.local/lib/python3.8/site-packages/airflow/example_dags/tutorial_taskflow_api_virtualenv.py
[2025-08-02T02:29:14.478+0000] {processor.py:840} INFO - DAG(s) 'tutorial_taskflow_api_virtualenv' retrieved from /home/airflow/.local/lib/python3.8/site-packages/airflow/example_dags/tutorial_taskflow_api_virtualenv.py
[2025-08-02T02:29:14.566+0000] {logging_mixin.py:188} INFO - [2025-08-02T02:29:14.565+0000] {dag.py:3047} INFO - Sync 1 DAGs
[2025-08-02T02:29:14.587+0000] {logging_mixin.py:188} INFO - [2025-08-02T02:29:14.587+0000] {dag.py:3834} INFO - Setting next_dagrun for tutorial_taskflow_api_virtualenv to None, run_after=None
[2025-08-02T02:29:14.648+0000] {processor.py:183} INFO - Processing /home/airflow/.local/lib/python3.8/site-packages/airflow/example_dags/tutorial_taskflow_api_virtualenv.py took 0.221 seconds
[2025-08-02T02:30:14.153+0000] {processor.py:161} INFO - Started process (PID=4460) to work on /home/airflow/.local/lib/python3.8/site-packages/airflow/example_dags/tutorial_taskflow_api_virtualenv.py
[2025-08-02T02:30:14.156+0000] {processor.py:830} INFO - Processing file /home/airflow/.local/lib/python3.8/site-packages/airflow/example_dags/tutorial_taskflow_api_virtualenv.py for tasks to queue
[2025-08-02T02:30:14.159+0000] {logging_mixin.py:188} INFO - [2025-08-02T02:30:14.158+0000] {dagbag.py:540} INFO - Filling up the DagBag from /home/airflow/.local/lib/python3.8/site-packages/airflow/example_dags/tutorial_taskflow_api_virtualenv.py
[2025-08-02T02:30:14.189+0000] {processor.py:840} INFO - DAG(s) 'tutorial_taskflow_api_virtualenv' retrieved from /home/airflow/.local/lib/python3.8/site-packages/airflow/example_dags/tutorial_taskflow_api_virtualenv.py
[2025-08-02T02:30:14.238+0000] {logging_mixin.py:188} INFO - [2025-08-02T02:30:14.238+0000] {dag.py:3047} INFO - Sync 1 DAGs
[2025-08-02T02:30:14.266+0000] {logging_mixin.py:188} INFO - [2025-08-02T02:30:14.265+0000] {dag.py:3834} INFO - Setting next_dagrun for tutorial_taskflow_api_virtualenv to None, run_after=None
[2025-08-02T02:30:14.300+0000] {processor.py:183} INFO - Processing /home/airflow/.local/lib/python3.8/site-packages/airflow/example_dags/tutorial_taskflow_api_virtualenv.py took 0.162 seconds
[2025-08-02T02:30:46.565+0000] {processor.py:161} INFO - Started process (PID=4516) to work on /home/airflow/.local/lib/python3.8/site-packages/airflow/example_dags/tutorial_taskflow_api_virtualenv.py
[2025-08-02T02:30:46.572+0000] {processor.py:830} INFO - Processing file /home/airflow/.local/lib/python3.8/site-packages/airflow/example_dags/tutorial_taskflow_api_virtualenv.py for tasks to queue
[2025-08-02T02:30:46.582+0000] {logging_mixin.py:188} INFO - [2025-08-02T02:30:46.575+0000] {dagbag.py:540} INFO - Filling up the DagBag from /home/airflow/.local/lib/python3.8/site-packages/airflow/example_dags/tutorial_taskflow_api_virtualenv.py
[2025-08-02T02:30:46.637+0000] {processor.py:840} INFO - DAG(s) 'tutorial_taskflow_api_virtualenv' retrieved from /home/airflow/.local/lib/python3.8/site-packages/airflow/example_dags/tutorial_taskflow_api_virtualenv.py
[2025-08-02T02:30:46.778+0000] {logging_mixin.py:188} INFO - [2025-08-02T02:30:46.777+0000] {dag.py:3047} INFO - Sync 1 DAGs
[2025-08-02T02:30:46.851+0000] {logging_mixin.py:188} INFO - [2025-08-02T02:30:46.851+0000] {dag.py:3834} INFO - Setting next_dagrun for tutorial_taskflow_api_virtualenv to None, run_after=None
[2025-08-02T02:30:46.922+0000] {processor.py:183} INFO - Processing /home/airflow/.local/lib/python3.8/site-packages/airflow/example_dags/tutorial_taskflow_api_virtualenv.py took 0.379 seconds
[2025-08-02T02:36:57.616+0000] {processor.py:161} INFO - Started process (PID=100) to work on /home/airflow/.local/lib/python3.8/site-packages/airflow/example_dags/tutorial_taskflow_api_virtualenv.py
[2025-08-02T02:36:57.618+0000] {processor.py:830} INFO - Processing file /home/airflow/.local/lib/python3.8/site-packages/airflow/example_dags/tutorial_taskflow_api_virtualenv.py for tasks to queue
[2025-08-02T02:36:57.621+0000] {logging_mixin.py:188} INFO - [2025-08-02T02:36:57.620+0000] {dagbag.py:540} INFO - Filling up the DagBag from /home/airflow/.local/lib/python3.8/site-packages/airflow/example_dags/tutorial_taskflow_api_virtualenv.py
[2025-08-02T02:36:57.638+0000] {processor.py:840} INFO - DAG(s) 'tutorial_taskflow_api_virtualenv' retrieved from /home/airflow/.local/lib/python3.8/site-packages/airflow/example_dags/tutorial_taskflow_api_virtualenv.py
[2025-08-02T02:36:58.073+0000] {logging_mixin.py:188} INFO - [2025-08-02T02:36:58.072+0000] {dag.py:3047} INFO - Sync 1 DAGs
[2025-08-02T02:36:58.105+0000] {logging_mixin.py:188} INFO - [2025-08-02T02:36:58.103+0000] {dag.py:3834} INFO - Setting next_dagrun for tutorial_taskflow_api_virtualenv to None, run_after=None
[2025-08-02T02:36:58.189+0000] {processor.py:183} INFO - Processing /home/airflow/.local/lib/python3.8/site-packages/airflow/example_dags/tutorial_taskflow_api_virtualenv.py took 0.578 seconds
[2025-08-02T02:37:28.295+0000] {processor.py:161} INFO - Started process (PID=157) to work on /home/airflow/.local/lib/python3.8/site-packages/airflow/example_dags/tutorial_taskflow_api_virtualenv.py
[2025-08-02T02:37:28.298+0000] {processor.py:830} INFO - Processing file /home/airflow/.local/lib/python3.8/site-packages/airflow/example_dags/tutorial_taskflow_api_virtualenv.py for tasks to queue
[2025-08-02T02:37:28.300+0000] {logging_mixin.py:188} INFO - [2025-08-02T02:37:28.300+0000] {dagbag.py:540} INFO - Filling up the DagBag from /home/airflow/.local/lib/python3.8/site-packages/airflow/example_dags/tutorial_taskflow_api_virtualenv.py
[2025-08-02T02:37:28.315+0000] {processor.py:840} INFO - DAG(s) 'tutorial_taskflow_api_virtualenv' retrieved from /home/airflow/.local/lib/python3.8/site-packages/airflow/example_dags/tutorial_taskflow_api_virtualenv.py
[2025-08-02T02:37:28.358+0000] {logging_mixin.py:188} INFO - [2025-08-02T02:37:28.357+0000] {dag.py:3047} INFO - Sync 1 DAGs
[2025-08-02T02:37:28.366+0000] {logging_mixin.py:188} INFO - [2025-08-02T02:37:28.366+0000] {dag.py:3834} INFO - Setting next_dagrun for tutorial_taskflow_api_virtualenv to None, run_after=None
[2025-08-02T02:37:28.384+0000] {processor.py:183} INFO - Processing /home/airflow/.local/lib/python3.8/site-packages/airflow/example_dags/tutorial_taskflow_api_virtualenv.py took 0.102 seconds
[2025-08-02T02:37:58.702+0000] {processor.py:161} INFO - Started process (PID=212) to work on /home/airflow/.local/lib/python3.8/site-packages/airflow/example_dags/tutorial_taskflow_api_virtualenv.py
[2025-08-02T02:37:58.703+0000] {processor.py:830} INFO - Processing file /home/airflow/.local/lib/python3.8/site-packages/airflow/example_dags/tutorial_taskflow_api_virtualenv.py for tasks to queue
[2025-08-02T02:37:58.705+0000] {logging_mixin.py:188} INFO - [2025-08-02T02:37:58.704+0000] {dagbag.py:540} INFO - Filling up the DagBag from /home/airflow/.local/lib/python3.8/site-packages/airflow/example_dags/tutorial_taskflow_api_virtualenv.py
[2025-08-02T02:37:58.711+0000] {processor.py:840} INFO - DAG(s) 'tutorial_taskflow_api_virtualenv' retrieved from /home/airflow/.local/lib/python3.8/site-packages/airflow/example_dags/tutorial_taskflow_api_virtualenv.py
[2025-08-02T02:37:58.724+0000] {logging_mixin.py:188} INFO - [2025-08-02T02:37:58.724+0000] {dag.py:3047} INFO - Sync 1 DAGs
[2025-08-02T02:37:58.732+0000] {logging_mixin.py:188} INFO - [2025-08-02T02:37:58.732+0000] {dag.py:3834} INFO - Setting next_dagrun for tutorial_taskflow_api_virtualenv to None, run_after=None
[2025-08-02T02:37:58.743+0000] {processor.py:183} INFO - Processing /home/airflow/.local/lib/python3.8/site-packages/airflow/example_dags/tutorial_taskflow_api_virtualenv.py took 0.043 seconds
[2025-08-02T02:38:29.281+0000] {processor.py:161} INFO - Started process (PID=268) to work on /home/airflow/.local/lib/python3.8/site-packages/airflow/example_dags/tutorial_taskflow_api_virtualenv.py
[2025-08-02T02:38:29.282+0000] {processor.py:830} INFO - Processing file /home/airflow/.local/lib/python3.8/site-packages/airflow/example_dags/tutorial_taskflow_api_virtualenv.py for tasks to queue
[2025-08-02T02:38:29.284+0000] {logging_mixin.py:188} INFO - [2025-08-02T02:38:29.283+0000] {dagbag.py:540} INFO - Filling up the DagBag from /home/airflow/.local/lib/python3.8/site-packages/airflow/example_dags/tutorial_taskflow_api_virtualenv.py
[2025-08-02T02:38:29.291+0000] {processor.py:840} INFO - DAG(s) 'tutorial_taskflow_api_virtualenv' retrieved from /home/airflow/.local/lib/python3.8/site-packages/airflow/example_dags/tutorial_taskflow_api_virtualenv.py
[2025-08-02T02:38:29.306+0000] {logging_mixin.py:188} INFO - [2025-08-02T02:38:29.306+0000] {dag.py:3047} INFO - Sync 1 DAGs
[2025-08-02T02:38:29.314+0000] {logging_mixin.py:188} INFO - [2025-08-02T02:38:29.314+0000] {dag.py:3834} INFO - Setting next_dagrun for tutorial_taskflow_api_virtualenv to None, run_after=None
[2025-08-02T02:38:29.327+0000] {processor.py:183} INFO - Processing /home/airflow/.local/lib/python3.8/site-packages/airflow/example_dags/tutorial_taskflow_api_virtualenv.py took 0.050 seconds
[2025-08-02T02:38:59.669+0000] {processor.py:161} INFO - Started process (PID=324) to work on /home/airflow/.local/lib/python3.8/site-packages/airflow/example_dags/tutorial_taskflow_api_virtualenv.py
[2025-08-02T02:38:59.670+0000] {processor.py:830} INFO - Processing file /home/airflow/.local/lib/python3.8/site-packages/airflow/example_dags/tutorial_taskflow_api_virtualenv.py for tasks to queue
[2025-08-02T02:38:59.671+0000] {logging_mixin.py:188} INFO - [2025-08-02T02:38:59.671+0000] {dagbag.py:540} INFO - Filling up the DagBag from /home/airflow/.local/lib/python3.8/site-packages/airflow/example_dags/tutorial_taskflow_api_virtualenv.py
[2025-08-02T02:38:59.684+0000] {processor.py:840} INFO - DAG(s) 'tutorial_taskflow_api_virtualenv' retrieved from /home/airflow/.local/lib/python3.8/site-packages/airflow/example_dags/tutorial_taskflow_api_virtualenv.py
[2025-08-02T02:38:59.699+0000] {logging_mixin.py:188} INFO - [2025-08-02T02:38:59.699+0000] {dag.py:3047} INFO - Sync 1 DAGs
[2025-08-02T02:38:59.712+0000] {logging_mixin.py:188} INFO - [2025-08-02T02:38:59.711+0000] {dag.py:3834} INFO - Setting next_dagrun for tutorial_taskflow_api_virtualenv to None, run_after=None
[2025-08-02T02:38:59.730+0000] {processor.py:183} INFO - Processing /home/airflow/.local/lib/python3.8/site-packages/airflow/example_dags/tutorial_taskflow_api_virtualenv.py took 0.063 seconds
[2025-08-02T02:39:31.072+0000] {processor.py:161} INFO - Started process (PID=379) to work on /home/airflow/.local/lib/python3.8/site-packages/airflow/example_dags/tutorial_taskflow_api_virtualenv.py
[2025-08-02T02:39:31.073+0000] {processor.py:830} INFO - Processing file /home/airflow/.local/lib/python3.8/site-packages/airflow/example_dags/tutorial_taskflow_api_virtualenv.py for tasks to queue
[2025-08-02T02:39:31.080+0000] {logging_mixin.py:188} INFO - [2025-08-02T02:39:31.079+0000] {dagbag.py:540} INFO - Filling up the DagBag from /home/airflow/.local/lib/python3.8/site-packages/airflow/example_dags/tutorial_taskflow_api_virtualenv.py
[2025-08-02T02:39:31.103+0000] {processor.py:840} INFO - DAG(s) 'tutorial_taskflow_api_virtualenv' retrieved from /home/airflow/.local/lib/python3.8/site-packages/airflow/example_dags/tutorial_taskflow_api_virtualenv.py
[2025-08-02T02:39:31.132+0000] {logging_mixin.py:188} INFO - [2025-08-02T02:39:31.132+0000] {dag.py:3047} INFO - Sync 1 DAGs
[2025-08-02T02:39:31.143+0000] {logging_mixin.py:188} INFO - [2025-08-02T02:39:31.143+0000] {dag.py:3834} INFO - Setting next_dagrun for tutorial_taskflow_api_virtualenv to None, run_after=None
[2025-08-02T02:39:31.185+0000] {processor.py:183} INFO - Processing /home/airflow/.local/lib/python3.8/site-packages/airflow/example_dags/tutorial_taskflow_api_virtualenv.py took 0.117 seconds
[2025-08-02T02:40:01.374+0000] {processor.py:161} INFO - Started process (PID=435) to work on /home/airflow/.local/lib/python3.8/site-packages/airflow/example_dags/tutorial_taskflow_api_virtualenv.py
[2025-08-02T02:40:01.378+0000] {processor.py:830} INFO - Processing file /home/airflow/.local/lib/python3.8/site-packages/airflow/example_dags/tutorial_taskflow_api_virtualenv.py for tasks to queue
[2025-08-02T02:40:01.381+0000] {logging_mixin.py:188} INFO - [2025-08-02T02:40:01.381+0000] {dagbag.py:540} INFO - Filling up the DagBag from /home/airflow/.local/lib/python3.8/site-packages/airflow/example_dags/tutorial_taskflow_api_virtualenv.py
[2025-08-02T02:40:01.401+0000] {processor.py:840} INFO - DAG(s) 'tutorial_taskflow_api_virtualenv' retrieved from /home/airflow/.local/lib/python3.8/site-packages/airflow/example_dags/tutorial_taskflow_api_virtualenv.py
[2025-08-02T02:40:01.448+0000] {logging_mixin.py:188} INFO - [2025-08-02T02:40:01.448+0000] {dag.py:3047} INFO - Sync 1 DAGs
[2025-08-02T02:40:01.478+0000] {logging_mixin.py:188} INFO - [2025-08-02T02:40:01.478+0000] {dag.py:3834} INFO - Setting next_dagrun for tutorial_taskflow_api_virtualenv to None, run_after=None
[2025-08-02T02:40:01.512+0000] {processor.py:183} INFO - Processing /home/airflow/.local/lib/python3.8/site-packages/airflow/example_dags/tutorial_taskflow_api_virtualenv.py took 0.151 seconds
[2025-08-02T02:40:32.478+0000] {processor.py:161} INFO - Started process (PID=491) to work on /home/airflow/.local/lib/python3.8/site-packages/airflow/example_dags/tutorial_taskflow_api_virtualenv.py
[2025-08-02T02:40:32.479+0000] {processor.py:830} INFO - Processing file /home/airflow/.local/lib/python3.8/site-packages/airflow/example_dags/tutorial_taskflow_api_virtualenv.py for tasks to queue
[2025-08-02T02:40:32.481+0000] {logging_mixin.py:188} INFO - [2025-08-02T02:40:32.481+0000] {dagbag.py:540} INFO - Filling up the DagBag from /home/airflow/.local/lib/python3.8/site-packages/airflow/example_dags/tutorial_taskflow_api_virtualenv.py
[2025-08-02T02:40:32.493+0000] {processor.py:840} INFO - DAG(s) 'tutorial_taskflow_api_virtualenv' retrieved from /home/airflow/.local/lib/python3.8/site-packages/airflow/example_dags/tutorial_taskflow_api_virtualenv.py
[2025-08-02T02:40:32.515+0000] {logging_mixin.py:188} INFO - [2025-08-02T02:40:32.515+0000] {dag.py:3047} INFO - Sync 1 DAGs
[2025-08-02T02:40:32.523+0000] {logging_mixin.py:188} INFO - [2025-08-02T02:40:32.523+0000] {dag.py:3834} INFO - Setting next_dagrun for tutorial_taskflow_api_virtualenv to None, run_after=None
[2025-08-02T02:40:32.540+0000] {processor.py:183} INFO - Processing /home/airflow/.local/lib/python3.8/site-packages/airflow/example_dags/tutorial_taskflow_api_virtualenv.py took 0.067 seconds
[2025-08-02T02:41:03.202+0000] {processor.py:161} INFO - Started process (PID=547) to work on /home/airflow/.local/lib/python3.8/site-packages/airflow/example_dags/tutorial_taskflow_api_virtualenv.py
[2025-08-02T02:41:03.223+0000] {processor.py:830} INFO - Processing file /home/airflow/.local/lib/python3.8/site-packages/airflow/example_dags/tutorial_taskflow_api_virtualenv.py for tasks to queue
[2025-08-02T02:41:03.256+0000] {logging_mixin.py:188} INFO - [2025-08-02T02:41:03.254+0000] {dagbag.py:540} INFO - Filling up the DagBag from /home/airflow/.local/lib/python3.8/site-packages/airflow/example_dags/tutorial_taskflow_api_virtualenv.py
[2025-08-02T02:41:03.343+0000] {processor.py:840} INFO - DAG(s) 'tutorial_taskflow_api_virtualenv' retrieved from /home/airflow/.local/lib/python3.8/site-packages/airflow/example_dags/tutorial_taskflow_api_virtualenv.py
[2025-08-02T02:41:03.525+0000] {logging_mixin.py:188} INFO - [2025-08-02T02:41:03.525+0000] {dag.py:3047} INFO - Sync 1 DAGs
[2025-08-02T02:41:03.627+0000] {logging_mixin.py:188} INFO - [2025-08-02T02:41:03.626+0000] {dag.py:3834} INFO - Setting next_dagrun for tutorial_taskflow_api_virtualenv to None, run_after=None
[2025-08-02T02:41:03.883+0000] {processor.py:183} INFO - Processing /home/airflow/.local/lib/python3.8/site-packages/airflow/example_dags/tutorial_taskflow_api_virtualenv.py took 0.733 seconds
[2025-08-02T02:41:34.669+0000] {processor.py:161} INFO - Started process (PID=603) to work on /home/airflow/.local/lib/python3.8/site-packages/airflow/example_dags/tutorial_taskflow_api_virtualenv.py
[2025-08-02T02:41:34.673+0000] {processor.py:830} INFO - Processing file /home/airflow/.local/lib/python3.8/site-packages/airflow/example_dags/tutorial_taskflow_api_virtualenv.py for tasks to queue
[2025-08-02T02:41:34.679+0000] {logging_mixin.py:188} INFO - [2025-08-02T02:41:34.679+0000] {dagbag.py:540} INFO - Filling up the DagBag from /home/airflow/.local/lib/python3.8/site-packages/airflow/example_dags/tutorial_taskflow_api_virtualenv.py
[2025-08-02T02:41:34.721+0000] {processor.py:840} INFO - DAG(s) 'tutorial_taskflow_api_virtualenv' retrieved from /home/airflow/.local/lib/python3.8/site-packages/airflow/example_dags/tutorial_taskflow_api_virtualenv.py
[2025-08-02T02:41:34.784+0000] {logging_mixin.py:188} INFO - [2025-08-02T02:41:34.783+0000] {dag.py:3047} INFO - Sync 1 DAGs
[2025-08-02T02:41:34.820+0000] {logging_mixin.py:188} INFO - [2025-08-02T02:41:34.820+0000] {dag.py:3834} INFO - Setting next_dagrun for tutorial_taskflow_api_virtualenv to None, run_after=None
[2025-08-02T02:41:34.881+0000] {processor.py:183} INFO - Processing /home/airflow/.local/lib/python3.8/site-packages/airflow/example_dags/tutorial_taskflow_api_virtualenv.py took 0.227 seconds
[2025-08-02T02:42:05.091+0000] {processor.py:161} INFO - Started process (PID=659) to work on /home/airflow/.local/lib/python3.8/site-packages/airflow/example_dags/tutorial_taskflow_api_virtualenv.py
[2025-08-02T02:42:05.095+0000] {processor.py:830} INFO - Processing file /home/airflow/.local/lib/python3.8/site-packages/airflow/example_dags/tutorial_taskflow_api_virtualenv.py for tasks to queue
[2025-08-02T02:42:05.102+0000] {logging_mixin.py:188} INFO - [2025-08-02T02:42:05.101+0000] {dagbag.py:540} INFO - Filling up the DagBag from /home/airflow/.local/lib/python3.8/site-packages/airflow/example_dags/tutorial_taskflow_api_virtualenv.py
[2025-08-02T02:42:05.157+0000] {processor.py:840} INFO - DAG(s) 'tutorial_taskflow_api_virtualenv' retrieved from /home/airflow/.local/lib/python3.8/site-packages/airflow/example_dags/tutorial_taskflow_api_virtualenv.py
[2025-08-02T02:42:05.210+0000] {logging_mixin.py:188} INFO - [2025-08-02T02:42:05.210+0000] {dag.py:3047} INFO - Sync 1 DAGs
[2025-08-02T02:42:05.227+0000] {logging_mixin.py:188} INFO - [2025-08-02T02:42:05.227+0000] {dag.py:3834} INFO - Setting next_dagrun for tutorial_taskflow_api_virtualenv to None, run_after=None
[2025-08-02T02:42:05.267+0000] {processor.py:183} INFO - Processing /home/airflow/.local/lib/python3.8/site-packages/airflow/example_dags/tutorial_taskflow_api_virtualenv.py took 0.217 seconds
[2025-08-02T02:42:35.355+0000] {processor.py:161} INFO - Started process (PID=715) to work on /home/airflow/.local/lib/python3.8/site-packages/airflow/example_dags/tutorial_taskflow_api_virtualenv.py
[2025-08-02T02:42:35.358+0000] {processor.py:830} INFO - Processing file /home/airflow/.local/lib/python3.8/site-packages/airflow/example_dags/tutorial_taskflow_api_virtualenv.py for tasks to queue
[2025-08-02T02:42:35.362+0000] {logging_mixin.py:188} INFO - [2025-08-02T02:42:35.361+0000] {dagbag.py:540} INFO - Filling up the DagBag from /home/airflow/.local/lib/python3.8/site-packages/airflow/example_dags/tutorial_taskflow_api_virtualenv.py
[2025-08-02T02:42:35.565+0000] {processor.py:840} INFO - DAG(s) 'tutorial_taskflow_api_virtualenv' retrieved from /home/airflow/.local/lib/python3.8/site-packages/airflow/example_dags/tutorial_taskflow_api_virtualenv.py
[2025-08-02T02:42:35.664+0000] {logging_mixin.py:188} INFO - [2025-08-02T02:42:35.664+0000] {dag.py:3047} INFO - Sync 1 DAGs
[2025-08-02T02:42:35.697+0000] {logging_mixin.py:188} INFO - [2025-08-02T02:42:35.696+0000] {dag.py:3834} INFO - Setting next_dagrun for tutorial_taskflow_api_virtualenv to None, run_after=None
[2025-08-02T02:42:35.749+0000] {processor.py:183} INFO - Processing /home/airflow/.local/lib/python3.8/site-packages/airflow/example_dags/tutorial_taskflow_api_virtualenv.py took 0.402 seconds
[2025-08-02T02:46:32.134+0000] {processor.py:161} INFO - Started process (PID=100) to work on /home/airflow/.local/lib/python3.8/site-packages/airflow/example_dags/tutorial_taskflow_api_virtualenv.py
[2025-08-02T02:46:32.138+0000] {processor.py:830} INFO - Processing file /home/airflow/.local/lib/python3.8/site-packages/airflow/example_dags/tutorial_taskflow_api_virtualenv.py for tasks to queue
[2025-08-02T02:46:32.157+0000] {logging_mixin.py:188} INFO - [2025-08-02T02:46:32.155+0000] {dagbag.py:540} INFO - Filling up the DagBag from /home/airflow/.local/lib/python3.8/site-packages/airflow/example_dags/tutorial_taskflow_api_virtualenv.py
[2025-08-02T02:46:32.328+0000] {processor.py:840} INFO - DAG(s) 'tutorial_taskflow_api_virtualenv' retrieved from /home/airflow/.local/lib/python3.8/site-packages/airflow/example_dags/tutorial_taskflow_api_virtualenv.py
[2025-08-02T02:46:32.989+0000] {logging_mixin.py:188} INFO - [2025-08-02T02:46:32.983+0000] {dag.py:3047} INFO - Sync 1 DAGs
[2025-08-02T02:46:33.073+0000] {logging_mixin.py:188} INFO - [2025-08-02T02:46:33.073+0000] {dag.py:3834} INFO - Setting next_dagrun for tutorial_taskflow_api_virtualenv to None, run_after=None
[2025-08-02T02:46:33.201+0000] {processor.py:183} INFO - Processing /home/airflow/.local/lib/python3.8/site-packages/airflow/example_dags/tutorial_taskflow_api_virtualenv.py took 1.096 seconds
[2025-08-02T02:47:08.458+0000] {processor.py:161} INFO - Started process (PID=157) to work on /home/airflow/.local/lib/python3.8/site-packages/airflow/example_dags/tutorial_taskflow_api_virtualenv.py
[2025-08-02T02:47:08.467+0000] {processor.py:830} INFO - Processing file /home/airflow/.local/lib/python3.8/site-packages/airflow/example_dags/tutorial_taskflow_api_virtualenv.py for tasks to queue
[2025-08-02T02:47:08.491+0000] {logging_mixin.py:188} INFO - [2025-08-02T02:47:08.489+0000] {dagbag.py:540} INFO - Filling up the DagBag from /home/airflow/.local/lib/python3.8/site-packages/airflow/example_dags/tutorial_taskflow_api_virtualenv.py
[2025-08-02T02:47:08.543+0000] {processor.py:840} INFO - DAG(s) 'tutorial_taskflow_api_virtualenv' retrieved from /home/airflow/.local/lib/python3.8/site-packages/airflow/example_dags/tutorial_taskflow_api_virtualenv.py
[2025-08-02T02:47:08.661+0000] {logging_mixin.py:188} INFO - [2025-08-02T02:47:08.660+0000] {dag.py:3047} INFO - Sync 1 DAGs
[2025-08-02T02:47:08.721+0000] {logging_mixin.py:188} INFO - [2025-08-02T02:47:08.721+0000] {dag.py:3834} INFO - Setting next_dagrun for tutorial_taskflow_api_virtualenv to None, run_after=None
[2025-08-02T02:47:08.861+0000] {processor.py:183} INFO - Processing /home/airflow/.local/lib/python3.8/site-packages/airflow/example_dags/tutorial_taskflow_api_virtualenv.py took 0.562 seconds
[2025-08-02T02:47:42.735+0000] {processor.py:161} INFO - Started process (PID=213) to work on /home/airflow/.local/lib/python3.8/site-packages/airflow/example_dags/tutorial_taskflow_api_virtualenv.py
[2025-08-02T02:47:42.737+0000] {processor.py:830} INFO - Processing file /home/airflow/.local/lib/python3.8/site-packages/airflow/example_dags/tutorial_taskflow_api_virtualenv.py for tasks to queue
[2025-08-02T02:47:42.746+0000] {logging_mixin.py:188} INFO - [2025-08-02T02:47:42.745+0000] {dagbag.py:540} INFO - Filling up the DagBag from /home/airflow/.local/lib/python3.8/site-packages/airflow/example_dags/tutorial_taskflow_api_virtualenv.py
[2025-08-02T02:47:42.790+0000] {processor.py:840} INFO - DAG(s) 'tutorial_taskflow_api_virtualenv' retrieved from /home/airflow/.local/lib/python3.8/site-packages/airflow/example_dags/tutorial_taskflow_api_virtualenv.py
[2025-08-02T02:47:42.875+0000] {logging_mixin.py:188} INFO - [2025-08-02T02:47:42.874+0000] {dag.py:3047} INFO - Sync 1 DAGs
[2025-08-02T02:47:42.892+0000] {logging_mixin.py:188} INFO - [2025-08-02T02:47:42.892+0000] {dag.py:3834} INFO - Setting next_dagrun for tutorial_taskflow_api_virtualenv to None, run_after=None
[2025-08-02T02:47:42.967+0000] {processor.py:183} INFO - Processing /home/airflow/.local/lib/python3.8/site-packages/airflow/example_dags/tutorial_taskflow_api_virtualenv.py took 0.239 seconds
[2025-08-02T02:48:13.659+0000] {processor.py:161} INFO - Started process (PID=268) to work on /home/airflow/.local/lib/python3.8/site-packages/airflow/example_dags/tutorial_taskflow_api_virtualenv.py
[2025-08-02T02:48:13.661+0000] {processor.py:830} INFO - Processing file /home/airflow/.local/lib/python3.8/site-packages/airflow/example_dags/tutorial_taskflow_api_virtualenv.py for tasks to queue
[2025-08-02T02:48:13.662+0000] {logging_mixin.py:188} INFO - [2025-08-02T02:48:13.662+0000] {dagbag.py:540} INFO - Filling up the DagBag from /home/airflow/.local/lib/python3.8/site-packages/airflow/example_dags/tutorial_taskflow_api_virtualenv.py
[2025-08-02T02:48:13.672+0000] {processor.py:840} INFO - DAG(s) 'tutorial_taskflow_api_virtualenv' retrieved from /home/airflow/.local/lib/python3.8/site-packages/airflow/example_dags/tutorial_taskflow_api_virtualenv.py
[2025-08-02T02:48:13.695+0000] {logging_mixin.py:188} INFO - [2025-08-02T02:48:13.695+0000] {dag.py:3047} INFO - Sync 1 DAGs
[2025-08-02T02:48:13.709+0000] {logging_mixin.py:188} INFO - [2025-08-02T02:48:13.709+0000] {dag.py:3834} INFO - Setting next_dagrun for tutorial_taskflow_api_virtualenv to None, run_after=None
[2025-08-02T02:48:13.734+0000] {processor.py:183} INFO - Processing /home/airflow/.local/lib/python3.8/site-packages/airflow/example_dags/tutorial_taskflow_api_virtualenv.py took 0.078 seconds
[2025-08-02T02:48:43.827+0000] {processor.py:161} INFO - Started process (PID=324) to work on /home/airflow/.local/lib/python3.8/site-packages/airflow/example_dags/tutorial_taskflow_api_virtualenv.py
[2025-08-02T02:48:43.828+0000] {processor.py:830} INFO - Processing file /home/airflow/.local/lib/python3.8/site-packages/airflow/example_dags/tutorial_taskflow_api_virtualenv.py for tasks to queue
[2025-08-02T02:48:43.831+0000] {logging_mixin.py:188} INFO - [2025-08-02T02:48:43.831+0000] {dagbag.py:540} INFO - Filling up the DagBag from /home/airflow/.local/lib/python3.8/site-packages/airflow/example_dags/tutorial_taskflow_api_virtualenv.py
[2025-08-02T02:48:43.839+0000] {processor.py:840} INFO - DAG(s) 'tutorial_taskflow_api_virtualenv' retrieved from /home/airflow/.local/lib/python3.8/site-packages/airflow/example_dags/tutorial_taskflow_api_virtualenv.py
[2025-08-02T02:48:43.867+0000] {logging_mixin.py:188} INFO - [2025-08-02T02:48:43.867+0000] {dag.py:3047} INFO - Sync 1 DAGs
[2025-08-02T02:48:43.877+0000] {logging_mixin.py:188} INFO - [2025-08-02T02:48:43.877+0000] {dag.py:3834} INFO - Setting next_dagrun for tutorial_taskflow_api_virtualenv to None, run_after=None
[2025-08-02T02:48:43.890+0000] {processor.py:183} INFO - Processing /home/airflow/.local/lib/python3.8/site-packages/airflow/example_dags/tutorial_taskflow_api_virtualenv.py took 0.065 seconds
[2025-08-02T02:49:14.339+0000] {processor.py:161} INFO - Started process (PID=380) to work on /home/airflow/.local/lib/python3.8/site-packages/airflow/example_dags/tutorial_taskflow_api_virtualenv.py
[2025-08-02T02:49:14.344+0000] {processor.py:830} INFO - Processing file /home/airflow/.local/lib/python3.8/site-packages/airflow/example_dags/tutorial_taskflow_api_virtualenv.py for tasks to queue
[2025-08-02T02:49:14.345+0000] {logging_mixin.py:188} INFO - [2025-08-02T02:49:14.345+0000] {dagbag.py:540} INFO - Filling up the DagBag from /home/airflow/.local/lib/python3.8/site-packages/airflow/example_dags/tutorial_taskflow_api_virtualenv.py
[2025-08-02T02:49:14.352+0000] {processor.py:840} INFO - DAG(s) 'tutorial_taskflow_api_virtualenv' retrieved from /home/airflow/.local/lib/python3.8/site-packages/airflow/example_dags/tutorial_taskflow_api_virtualenv.py
[2025-08-02T02:49:14.364+0000] {logging_mixin.py:188} INFO - [2025-08-02T02:49:14.364+0000] {dag.py:3047} INFO - Sync 1 DAGs
[2025-08-02T02:49:14.374+0000] {logging_mixin.py:188} INFO - [2025-08-02T02:49:14.374+0000] {dag.py:3834} INFO - Setting next_dagrun for tutorial_taskflow_api_virtualenv to None, run_after=None
[2025-08-02T02:49:14.391+0000] {processor.py:183} INFO - Processing /home/airflow/.local/lib/python3.8/site-packages/airflow/example_dags/tutorial_taskflow_api_virtualenv.py took 0.054 seconds
[2025-08-02T02:49:44.917+0000] {processor.py:161} INFO - Started process (PID=436) to work on /home/airflow/.local/lib/python3.8/site-packages/airflow/example_dags/tutorial_taskflow_api_virtualenv.py
[2025-08-02T02:49:44.920+0000] {processor.py:830} INFO - Processing file /home/airflow/.local/lib/python3.8/site-packages/airflow/example_dags/tutorial_taskflow_api_virtualenv.py for tasks to queue
[2025-08-02T02:49:44.923+0000] {logging_mixin.py:188} INFO - [2025-08-02T02:49:44.922+0000] {dagbag.py:540} INFO - Filling up the DagBag from /home/airflow/.local/lib/python3.8/site-packages/airflow/example_dags/tutorial_taskflow_api_virtualenv.py
[2025-08-02T02:49:44.941+0000] {processor.py:840} INFO - DAG(s) 'tutorial_taskflow_api_virtualenv' retrieved from /home/airflow/.local/lib/python3.8/site-packages/airflow/example_dags/tutorial_taskflow_api_virtualenv.py
[2025-08-02T02:49:44.977+0000] {logging_mixin.py:188} INFO - [2025-08-02T02:49:44.977+0000] {dag.py:3047} INFO - Sync 1 DAGs
[2025-08-02T02:49:44.987+0000] {logging_mixin.py:188} INFO - [2025-08-02T02:49:44.987+0000] {dag.py:3834} INFO - Setting next_dagrun for tutorial_taskflow_api_virtualenv to None, run_after=None
[2025-08-02T02:49:45.002+0000] {processor.py:183} INFO - Processing /home/airflow/.local/lib/python3.8/site-packages/airflow/example_dags/tutorial_taskflow_api_virtualenv.py took 0.091 seconds
[2025-08-02T02:50:15.494+0000] {processor.py:161} INFO - Started process (PID=492) to work on /home/airflow/.local/lib/python3.8/site-packages/airflow/example_dags/tutorial_taskflow_api_virtualenv.py
[2025-08-02T02:50:15.497+0000] {processor.py:830} INFO - Processing file /home/airflow/.local/lib/python3.8/site-packages/airflow/example_dags/tutorial_taskflow_api_virtualenv.py for tasks to queue
[2025-08-02T02:50:15.499+0000] {logging_mixin.py:188} INFO - [2025-08-02T02:50:15.499+0000] {dagbag.py:540} INFO - Filling up the DagBag from /home/airflow/.local/lib/python3.8/site-packages/airflow/example_dags/tutorial_taskflow_api_virtualenv.py
[2025-08-02T02:50:15.508+0000] {processor.py:840} INFO - DAG(s) 'tutorial_taskflow_api_virtualenv' retrieved from /home/airflow/.local/lib/python3.8/site-packages/airflow/example_dags/tutorial_taskflow_api_virtualenv.py
[2025-08-02T02:50:15.527+0000] {logging_mixin.py:188} INFO - [2025-08-02T02:50:15.527+0000] {dag.py:3047} INFO - Sync 1 DAGs
[2025-08-02T02:50:15.573+0000] {logging_mixin.py:188} INFO - [2025-08-02T02:50:15.573+0000] {dag.py:3834} INFO - Setting next_dagrun for tutorial_taskflow_api_virtualenv to None, run_after=None
[2025-08-02T02:50:15.593+0000] {processor.py:183} INFO - Processing /home/airflow/.local/lib/python3.8/site-packages/airflow/example_dags/tutorial_taskflow_api_virtualenv.py took 0.101 seconds
[2025-08-02T02:50:46.428+0000] {processor.py:161} INFO - Started process (PID=548) to work on /home/airflow/.local/lib/python3.8/site-packages/airflow/example_dags/tutorial_taskflow_api_virtualenv.py
[2025-08-02T02:50:46.432+0000] {processor.py:830} INFO - Processing file /home/airflow/.local/lib/python3.8/site-packages/airflow/example_dags/tutorial_taskflow_api_virtualenv.py for tasks to queue
[2025-08-02T02:50:46.433+0000] {logging_mixin.py:188} INFO - [2025-08-02T02:50:46.433+0000] {dagbag.py:540} INFO - Filling up the DagBag from /home/airflow/.local/lib/python3.8/site-packages/airflow/example_dags/tutorial_taskflow_api_virtualenv.py
[2025-08-02T02:50:46.439+0000] {processor.py:840} INFO - DAG(s) 'tutorial_taskflow_api_virtualenv' retrieved from /home/airflow/.local/lib/python3.8/site-packages/airflow/example_dags/tutorial_taskflow_api_virtualenv.py
[2025-08-02T02:50:46.455+0000] {logging_mixin.py:188} INFO - [2025-08-02T02:50:46.455+0000] {dag.py:3047} INFO - Sync 1 DAGs
[2025-08-02T02:50:46.463+0000] {logging_mixin.py:188} INFO - [2025-08-02T02:50:46.462+0000] {dag.py:3834} INFO - Setting next_dagrun for tutorial_taskflow_api_virtualenv to None, run_after=None
[2025-08-02T02:50:46.472+0000] {processor.py:183} INFO - Processing /home/airflow/.local/lib/python3.8/site-packages/airflow/example_dags/tutorial_taskflow_api_virtualenv.py took 0.049 seconds
[2025-08-02T02:51:17.098+0000] {processor.py:161} INFO - Started process (PID=604) to work on /home/airflow/.local/lib/python3.8/site-packages/airflow/example_dags/tutorial_taskflow_api_virtualenv.py
[2025-08-02T02:51:17.101+0000] {processor.py:830} INFO - Processing file /home/airflow/.local/lib/python3.8/site-packages/airflow/example_dags/tutorial_taskflow_api_virtualenv.py for tasks to queue
[2025-08-02T02:51:17.105+0000] {logging_mixin.py:188} INFO - [2025-08-02T02:51:17.105+0000] {dagbag.py:540} INFO - Filling up the DagBag from /home/airflow/.local/lib/python3.8/site-packages/airflow/example_dags/tutorial_taskflow_api_virtualenv.py
[2025-08-02T02:51:17.116+0000] {processor.py:840} INFO - DAG(s) 'tutorial_taskflow_api_virtualenv' retrieved from /home/airflow/.local/lib/python3.8/site-packages/airflow/example_dags/tutorial_taskflow_api_virtualenv.py
[2025-08-02T02:51:17.139+0000] {logging_mixin.py:188} INFO - [2025-08-02T02:51:17.138+0000] {dag.py:3047} INFO - Sync 1 DAGs
[2025-08-02T02:51:17.162+0000] {logging_mixin.py:188} INFO - [2025-08-02T02:51:17.161+0000] {dag.py:3834} INFO - Setting next_dagrun for tutorial_taskflow_api_virtualenv to None, run_after=None
[2025-08-02T02:51:17.181+0000] {processor.py:183} INFO - Processing /home/airflow/.local/lib/python3.8/site-packages/airflow/example_dags/tutorial_taskflow_api_virtualenv.py took 0.087 seconds
[2025-08-02T02:51:47.416+0000] {processor.py:161} INFO - Started process (PID=660) to work on /home/airflow/.local/lib/python3.8/site-packages/airflow/example_dags/tutorial_taskflow_api_virtualenv.py
[2025-08-02T02:51:47.418+0000] {processor.py:830} INFO - Processing file /home/airflow/.local/lib/python3.8/site-packages/airflow/example_dags/tutorial_taskflow_api_virtualenv.py for tasks to queue
[2025-08-02T02:51:47.420+0000] {logging_mixin.py:188} INFO - [2025-08-02T02:51:47.419+0000] {dagbag.py:540} INFO - Filling up the DagBag from /home/airflow/.local/lib/python3.8/site-packages/airflow/example_dags/tutorial_taskflow_api_virtualenv.py
[2025-08-02T02:51:47.433+0000] {processor.py:840} INFO - DAG(s) 'tutorial_taskflow_api_virtualenv' retrieved from /home/airflow/.local/lib/python3.8/site-packages/airflow/example_dags/tutorial_taskflow_api_virtualenv.py
[2025-08-02T02:51:47.466+0000] {logging_mixin.py:188} INFO - [2025-08-02T02:51:47.466+0000] {dag.py:3047} INFO - Sync 1 DAGs
[2025-08-02T02:51:47.495+0000] {logging_mixin.py:188} INFO - [2025-08-02T02:51:47.495+0000] {dag.py:3834} INFO - Setting next_dagrun for tutorial_taskflow_api_virtualenv to None, run_after=None
[2025-08-02T02:51:47.525+0000] {processor.py:183} INFO - Processing /home/airflow/.local/lib/python3.8/site-packages/airflow/example_dags/tutorial_taskflow_api_virtualenv.py took 0.113 seconds
[2025-08-02T02:52:18.139+0000] {processor.py:161} INFO - Started process (PID=716) to work on /home/airflow/.local/lib/python3.8/site-packages/airflow/example_dags/tutorial_taskflow_api_virtualenv.py
[2025-08-02T02:52:18.140+0000] {processor.py:830} INFO - Processing file /home/airflow/.local/lib/python3.8/site-packages/airflow/example_dags/tutorial_taskflow_api_virtualenv.py for tasks to queue
[2025-08-02T02:52:18.143+0000] {logging_mixin.py:188} INFO - [2025-08-02T02:52:18.143+0000] {dagbag.py:540} INFO - Filling up the DagBag from /home/airflow/.local/lib/python3.8/site-packages/airflow/example_dags/tutorial_taskflow_api_virtualenv.py
[2025-08-02T02:52:18.154+0000] {processor.py:840} INFO - DAG(s) 'tutorial_taskflow_api_virtualenv' retrieved from /home/airflow/.local/lib/python3.8/site-packages/airflow/example_dags/tutorial_taskflow_api_virtualenv.py
[2025-08-02T02:52:18.182+0000] {logging_mixin.py:188} INFO - [2025-08-02T02:52:18.182+0000] {dag.py:3047} INFO - Sync 1 DAGs
[2025-08-02T02:52:18.203+0000] {logging_mixin.py:188} INFO - [2025-08-02T02:52:18.202+0000] {dag.py:3834} INFO - Setting next_dagrun for tutorial_taskflow_api_virtualenv to None, run_after=None
[2025-08-02T02:52:18.229+0000] {processor.py:183} INFO - Processing /home/airflow/.local/lib/python3.8/site-packages/airflow/example_dags/tutorial_taskflow_api_virtualenv.py took 0.093 seconds
[2025-08-02T02:52:48.561+0000] {processor.py:161} INFO - Started process (PID=772) to work on /home/airflow/.local/lib/python3.8/site-packages/airflow/example_dags/tutorial_taskflow_api_virtualenv.py
[2025-08-02T02:52:48.562+0000] {processor.py:830} INFO - Processing file /home/airflow/.local/lib/python3.8/site-packages/airflow/example_dags/tutorial_taskflow_api_virtualenv.py for tasks to queue
[2025-08-02T02:52:48.563+0000] {logging_mixin.py:188} INFO - [2025-08-02T02:52:48.563+0000] {dagbag.py:540} INFO - Filling up the DagBag from /home/airflow/.local/lib/python3.8/site-packages/airflow/example_dags/tutorial_taskflow_api_virtualenv.py
[2025-08-02T02:52:48.572+0000] {processor.py:840} INFO - DAG(s) 'tutorial_taskflow_api_virtualenv' retrieved from /home/airflow/.local/lib/python3.8/site-packages/airflow/example_dags/tutorial_taskflow_api_virtualenv.py
[2025-08-02T02:52:48.586+0000] {logging_mixin.py:188} INFO - [2025-08-02T02:52:48.586+0000] {dag.py:3047} INFO - Sync 1 DAGs
[2025-08-02T02:52:48.594+0000] {logging_mixin.py:188} INFO - [2025-08-02T02:52:48.594+0000] {dag.py:3834} INFO - Setting next_dagrun for tutorial_taskflow_api_virtualenv to None, run_after=None
[2025-08-02T02:52:48.604+0000] {processor.py:183} INFO - Processing /home/airflow/.local/lib/python3.8/site-packages/airflow/example_dags/tutorial_taskflow_api_virtualenv.py took 0.044 seconds
[2025-08-02T02:56:46.258+0000] {processor.py:161} INFO - Started process (PID=94) to work on /home/airflow/.local/lib/python3.8/site-packages/airflow/example_dags/tutorial_taskflow_api_virtualenv.py
[2025-08-02T02:56:46.264+0000] {processor.py:830} INFO - Processing file /home/airflow/.local/lib/python3.8/site-packages/airflow/example_dags/tutorial_taskflow_api_virtualenv.py for tasks to queue
[2025-08-02T02:56:46.268+0000] {logging_mixin.py:188} INFO - [2025-08-02T02:56:46.267+0000] {dagbag.py:540} INFO - Filling up the DagBag from /home/airflow/.local/lib/python3.8/site-packages/airflow/example_dags/tutorial_taskflow_api_virtualenv.py
[2025-08-02T02:56:46.325+0000] {processor.py:840} INFO - DAG(s) 'tutorial_taskflow_api_virtualenv' retrieved from /home/airflow/.local/lib/python3.8/site-packages/airflow/example_dags/tutorial_taskflow_api_virtualenv.py
[2025-08-02T02:56:46.763+0000] {logging_mixin.py:188} INFO - [2025-08-02T02:56:46.758+0000] {dag.py:3047} INFO - Sync 1 DAGs
[2025-08-02T02:56:46.798+0000] {logging_mixin.py:188} INFO - [2025-08-02T02:56:46.797+0000] {dag.py:3834} INFO - Setting next_dagrun for tutorial_taskflow_api_virtualenv to None, run_after=None
[2025-08-02T02:56:46.880+0000] {processor.py:183} INFO - Processing /home/airflow/.local/lib/python3.8/site-packages/airflow/example_dags/tutorial_taskflow_api_virtualenv.py took 0.628 seconds
[2025-08-02T02:57:17.243+0000] {processor.py:161} INFO - Started process (PID=150) to work on /home/airflow/.local/lib/python3.8/site-packages/airflow/example_dags/tutorial_taskflow_api_virtualenv.py
[2025-08-02T02:57:17.244+0000] {processor.py:830} INFO - Processing file /home/airflow/.local/lib/python3.8/site-packages/airflow/example_dags/tutorial_taskflow_api_virtualenv.py for tasks to queue
[2025-08-02T02:57:17.245+0000] {logging_mixin.py:188} INFO - [2025-08-02T02:57:17.245+0000] {dagbag.py:540} INFO - Filling up the DagBag from /home/airflow/.local/lib/python3.8/site-packages/airflow/example_dags/tutorial_taskflow_api_virtualenv.py
[2025-08-02T02:57:17.252+0000] {processor.py:840} INFO - DAG(s) 'tutorial_taskflow_api_virtualenv' retrieved from /home/airflow/.local/lib/python3.8/site-packages/airflow/example_dags/tutorial_taskflow_api_virtualenv.py
[2025-08-02T02:57:17.264+0000] {logging_mixin.py:188} INFO - [2025-08-02T02:57:17.264+0000] {dag.py:3047} INFO - Sync 1 DAGs
[2025-08-02T02:57:17.271+0000] {logging_mixin.py:188} INFO - [2025-08-02T02:57:17.270+0000] {dag.py:3834} INFO - Setting next_dagrun for tutorial_taskflow_api_virtualenv to None, run_after=None
[2025-08-02T02:57:17.279+0000] {processor.py:183} INFO - Processing /home/airflow/.local/lib/python3.8/site-packages/airflow/example_dags/tutorial_taskflow_api_virtualenv.py took 0.039 seconds
[2025-08-02T02:57:48.122+0000] {processor.py:161} INFO - Started process (PID=206) to work on /home/airflow/.local/lib/python3.8/site-packages/airflow/example_dags/tutorial_taskflow_api_virtualenv.py
[2025-08-02T02:57:48.125+0000] {processor.py:830} INFO - Processing file /home/airflow/.local/lib/python3.8/site-packages/airflow/example_dags/tutorial_taskflow_api_virtualenv.py for tasks to queue
[2025-08-02T02:57:48.127+0000] {logging_mixin.py:188} INFO - [2025-08-02T02:57:48.127+0000] {dagbag.py:540} INFO - Filling up the DagBag from /home/airflow/.local/lib/python3.8/site-packages/airflow/example_dags/tutorial_taskflow_api_virtualenv.py
[2025-08-02T02:57:48.160+0000] {processor.py:840} INFO - DAG(s) 'tutorial_taskflow_api_virtualenv' retrieved from /home/airflow/.local/lib/python3.8/site-packages/airflow/example_dags/tutorial_taskflow_api_virtualenv.py
[2025-08-02T02:57:48.392+0000] {logging_mixin.py:188} INFO - [2025-08-02T02:57:48.391+0000] {dag.py:3047} INFO - Sync 1 DAGs
[2025-08-02T02:57:48.424+0000] {logging_mixin.py:188} INFO - [2025-08-02T02:57:48.423+0000] {dag.py:3834} INFO - Setting next_dagrun for tutorial_taskflow_api_virtualenv to None, run_after=None
[2025-08-02T02:57:48.471+0000] {processor.py:183} INFO - Processing /home/airflow/.local/lib/python3.8/site-packages/airflow/example_dags/tutorial_taskflow_api_virtualenv.py took 0.354 seconds
[2025-08-02T02:58:19.249+0000] {processor.py:161} INFO - Started process (PID=262) to work on /home/airflow/.local/lib/python3.8/site-packages/airflow/example_dags/tutorial_taskflow_api_virtualenv.py
[2025-08-02T02:58:19.253+0000] {processor.py:830} INFO - Processing file /home/airflow/.local/lib/python3.8/site-packages/airflow/example_dags/tutorial_taskflow_api_virtualenv.py for tasks to queue
[2025-08-02T02:58:19.259+0000] {logging_mixin.py:188} INFO - [2025-08-02T02:58:19.258+0000] {dagbag.py:540} INFO - Filling up the DagBag from /home/airflow/.local/lib/python3.8/site-packages/airflow/example_dags/tutorial_taskflow_api_virtualenv.py
[2025-08-02T02:58:19.285+0000] {processor.py:840} INFO - DAG(s) 'tutorial_taskflow_api_virtualenv' retrieved from /home/airflow/.local/lib/python3.8/site-packages/airflow/example_dags/tutorial_taskflow_api_virtualenv.py
[2025-08-02T02:58:19.329+0000] {logging_mixin.py:188} INFO - [2025-08-02T02:58:19.329+0000] {dag.py:3047} INFO - Sync 1 DAGs
[2025-08-02T02:58:19.339+0000] {logging_mixin.py:188} INFO - [2025-08-02T02:58:19.339+0000] {dag.py:3834} INFO - Setting next_dagrun for tutorial_taskflow_api_virtualenv to None, run_after=None
[2025-08-02T02:58:19.375+0000] {processor.py:183} INFO - Processing /home/airflow/.local/lib/python3.8/site-packages/airflow/example_dags/tutorial_taskflow_api_virtualenv.py took 0.138 seconds
[2025-08-02T02:58:49.939+0000] {processor.py:161} INFO - Started process (PID=318) to work on /home/airflow/.local/lib/python3.8/site-packages/airflow/example_dags/tutorial_taskflow_api_virtualenv.py
[2025-08-02T02:58:49.941+0000] {processor.py:830} INFO - Processing file /home/airflow/.local/lib/python3.8/site-packages/airflow/example_dags/tutorial_taskflow_api_virtualenv.py for tasks to queue
[2025-08-02T02:58:49.944+0000] {logging_mixin.py:188} INFO - [2025-08-02T02:58:49.943+0000] {dagbag.py:540} INFO - Filling up the DagBag from /home/airflow/.local/lib/python3.8/site-packages/airflow/example_dags/tutorial_taskflow_api_virtualenv.py
[2025-08-02T02:58:49.952+0000] {processor.py:840} INFO - DAG(s) 'tutorial_taskflow_api_virtualenv' retrieved from /home/airflow/.local/lib/python3.8/site-packages/airflow/example_dags/tutorial_taskflow_api_virtualenv.py
[2025-08-02T02:58:49.981+0000] {logging_mixin.py:188} INFO - [2025-08-02T02:58:49.981+0000] {dag.py:3047} INFO - Sync 1 DAGs
[2025-08-02T02:58:49.994+0000] {logging_mixin.py:188} INFO - [2025-08-02T02:58:49.994+0000] {dag.py:3834} INFO - Setting next_dagrun for tutorial_taskflow_api_virtualenv to None, run_after=None
[2025-08-02T02:58:50.016+0000] {processor.py:183} INFO - Processing /home/airflow/.local/lib/python3.8/site-packages/airflow/example_dags/tutorial_taskflow_api_virtualenv.py took 0.081 seconds
[2025-08-02T02:59:20.464+0000] {processor.py:161} INFO - Started process (PID=374) to work on /home/airflow/.local/lib/python3.8/site-packages/airflow/example_dags/tutorial_taskflow_api_virtualenv.py
[2025-08-02T02:59:20.475+0000] {processor.py:830} INFO - Processing file /home/airflow/.local/lib/python3.8/site-packages/airflow/example_dags/tutorial_taskflow_api_virtualenv.py for tasks to queue
[2025-08-02T02:59:20.482+0000] {logging_mixin.py:188} INFO - [2025-08-02T02:59:20.481+0000] {dagbag.py:540} INFO - Filling up the DagBag from /home/airflow/.local/lib/python3.8/site-packages/airflow/example_dags/tutorial_taskflow_api_virtualenv.py
[2025-08-02T02:59:20.527+0000] {processor.py:840} INFO - DAG(s) 'tutorial_taskflow_api_virtualenv' retrieved from /home/airflow/.local/lib/python3.8/site-packages/airflow/example_dags/tutorial_taskflow_api_virtualenv.py
[2025-08-02T02:59:20.586+0000] {logging_mixin.py:188} INFO - [2025-08-02T02:59:20.585+0000] {dag.py:3047} INFO - Sync 1 DAGs
[2025-08-02T02:59:20.606+0000] {logging_mixin.py:188} INFO - [2025-08-02T02:59:20.606+0000] {dag.py:3834} INFO - Setting next_dagrun for tutorial_taskflow_api_virtualenv to None, run_after=None
[2025-08-02T02:59:20.656+0000] {processor.py:183} INFO - Processing /home/airflow/.local/lib/python3.8/site-packages/airflow/example_dags/tutorial_taskflow_api_virtualenv.py took 0.212 seconds
[2025-08-02T02:59:51.670+0000] {processor.py:161} INFO - Started process (PID=430) to work on /home/airflow/.local/lib/python3.8/site-packages/airflow/example_dags/tutorial_taskflow_api_virtualenv.py
[2025-08-02T02:59:51.673+0000] {processor.py:830} INFO - Processing file /home/airflow/.local/lib/python3.8/site-packages/airflow/example_dags/tutorial_taskflow_api_virtualenv.py for tasks to queue
[2025-08-02T02:59:51.680+0000] {logging_mixin.py:188} INFO - [2025-08-02T02:59:51.680+0000] {dagbag.py:540} INFO - Filling up the DagBag from /home/airflow/.local/lib/python3.8/site-packages/airflow/example_dags/tutorial_taskflow_api_virtualenv.py
[2025-08-02T02:59:51.706+0000] {processor.py:840} INFO - DAG(s) 'tutorial_taskflow_api_virtualenv' retrieved from /home/airflow/.local/lib/python3.8/site-packages/airflow/example_dags/tutorial_taskflow_api_virtualenv.py
[2025-08-02T02:59:51.741+0000] {logging_mixin.py:188} INFO - [2025-08-02T02:59:51.741+0000] {dag.py:3047} INFO - Sync 1 DAGs
[2025-08-02T02:59:51.758+0000] {logging_mixin.py:188} INFO - [2025-08-02T02:59:51.758+0000] {dag.py:3834} INFO - Setting next_dagrun for tutorial_taskflow_api_virtualenv to None, run_after=None
[2025-08-02T02:59:51.790+0000] {processor.py:183} INFO - Processing /home/airflow/.local/lib/python3.8/site-packages/airflow/example_dags/tutorial_taskflow_api_virtualenv.py took 0.127 seconds
[2025-08-02T03:00:22.810+0000] {processor.py:161} INFO - Started process (PID=486) to work on /home/airflow/.local/lib/python3.8/site-packages/airflow/example_dags/tutorial_taskflow_api_virtualenv.py
[2025-08-02T03:00:22.814+0000] {processor.py:830} INFO - Processing file /home/airflow/.local/lib/python3.8/site-packages/airflow/example_dags/tutorial_taskflow_api_virtualenv.py for tasks to queue
[2025-08-02T03:00:22.821+0000] {logging_mixin.py:188} INFO - [2025-08-02T03:00:22.821+0000] {dagbag.py:540} INFO - Filling up the DagBag from /home/airflow/.local/lib/python3.8/site-packages/airflow/example_dags/tutorial_taskflow_api_virtualenv.py
[2025-08-02T03:00:22.840+0000] {processor.py:840} INFO - DAG(s) 'tutorial_taskflow_api_virtualenv' retrieved from /home/airflow/.local/lib/python3.8/site-packages/airflow/example_dags/tutorial_taskflow_api_virtualenv.py
[2025-08-02T03:00:22.868+0000] {logging_mixin.py:188} INFO - [2025-08-02T03:00:22.868+0000] {dag.py:3047} INFO - Sync 1 DAGs
[2025-08-02T03:00:22.912+0000] {logging_mixin.py:188} INFO - [2025-08-02T03:00:22.911+0000] {dag.py:3834} INFO - Setting next_dagrun for tutorial_taskflow_api_virtualenv to None, run_after=None
[2025-08-02T03:00:22.938+0000] {processor.py:183} INFO - Processing /home/airflow/.local/lib/python3.8/site-packages/airflow/example_dags/tutorial_taskflow_api_virtualenv.py took 0.139 seconds
[2025-08-02T03:00:53.725+0000] {processor.py:161} INFO - Started process (PID=542) to work on /home/airflow/.local/lib/python3.8/site-packages/airflow/example_dags/tutorial_taskflow_api_virtualenv.py
[2025-08-02T03:00:53.735+0000] {processor.py:830} INFO - Processing file /home/airflow/.local/lib/python3.8/site-packages/airflow/example_dags/tutorial_taskflow_api_virtualenv.py for tasks to queue
[2025-08-02T03:00:53.751+0000] {logging_mixin.py:188} INFO - [2025-08-02T03:00:53.750+0000] {dagbag.py:540} INFO - Filling up the DagBag from /home/airflow/.local/lib/python3.8/site-packages/airflow/example_dags/tutorial_taskflow_api_virtualenv.py
[2025-08-02T03:00:53.798+0000] {processor.py:840} INFO - DAG(s) 'tutorial_taskflow_api_virtualenv' retrieved from /home/airflow/.local/lib/python3.8/site-packages/airflow/example_dags/tutorial_taskflow_api_virtualenv.py
[2025-08-02T03:00:53.866+0000] {logging_mixin.py:188} INFO - [2025-08-02T03:00:53.865+0000] {dag.py:3047} INFO - Sync 1 DAGs
[2025-08-02T03:00:53.890+0000] {logging_mixin.py:188} INFO - [2025-08-02T03:00:53.890+0000] {dag.py:3834} INFO - Setting next_dagrun for tutorial_taskflow_api_virtualenv to None, run_after=None
[2025-08-02T03:00:53.929+0000] {processor.py:183} INFO - Processing /home/airflow/.local/lib/python3.8/site-packages/airflow/example_dags/tutorial_taskflow_api_virtualenv.py took 0.235 seconds
[2025-08-02T03:01:24.083+0000] {processor.py:161} INFO - Started process (PID=598) to work on /home/airflow/.local/lib/python3.8/site-packages/airflow/example_dags/tutorial_taskflow_api_virtualenv.py
[2025-08-02T03:01:24.085+0000] {processor.py:830} INFO - Processing file /home/airflow/.local/lib/python3.8/site-packages/airflow/example_dags/tutorial_taskflow_api_virtualenv.py for tasks to queue
[2025-08-02T03:01:24.089+0000] {logging_mixin.py:188} INFO - [2025-08-02T03:01:24.089+0000] {dagbag.py:540} INFO - Filling up the DagBag from /home/airflow/.local/lib/python3.8/site-packages/airflow/example_dags/tutorial_taskflow_api_virtualenv.py
[2025-08-02T03:01:24.111+0000] {processor.py:840} INFO - DAG(s) 'tutorial_taskflow_api_virtualenv' retrieved from /home/airflow/.local/lib/python3.8/site-packages/airflow/example_dags/tutorial_taskflow_api_virtualenv.py
[2025-08-02T03:01:24.204+0000] {logging_mixin.py:188} INFO - [2025-08-02T03:01:24.203+0000] {dag.py:3047} INFO - Sync 1 DAGs
[2025-08-02T03:01:24.246+0000] {logging_mixin.py:188} INFO - [2025-08-02T03:01:24.246+0000] {dag.py:3834} INFO - Setting next_dagrun for tutorial_taskflow_api_virtualenv to None, run_after=None
[2025-08-02T03:01:24.290+0000] {processor.py:183} INFO - Processing /home/airflow/.local/lib/python3.8/site-packages/airflow/example_dags/tutorial_taskflow_api_virtualenv.py took 0.226 seconds
[2025-08-02T03:01:54.919+0000] {processor.py:161} INFO - Started process (PID=654) to work on /home/airflow/.local/lib/python3.8/site-packages/airflow/example_dags/tutorial_taskflow_api_virtualenv.py
[2025-08-02T03:01:54.922+0000] {processor.py:830} INFO - Processing file /home/airflow/.local/lib/python3.8/site-packages/airflow/example_dags/tutorial_taskflow_api_virtualenv.py for tasks to queue
[2025-08-02T03:01:54.924+0000] {logging_mixin.py:188} INFO - [2025-08-02T03:01:54.924+0000] {dagbag.py:540} INFO - Filling up the DagBag from /home/airflow/.local/lib/python3.8/site-packages/airflow/example_dags/tutorial_taskflow_api_virtualenv.py
[2025-08-02T03:01:54.943+0000] {processor.py:840} INFO - DAG(s) 'tutorial_taskflow_api_virtualenv' retrieved from /home/airflow/.local/lib/python3.8/site-packages/airflow/example_dags/tutorial_taskflow_api_virtualenv.py
[2025-08-02T03:01:54.981+0000] {logging_mixin.py:188} INFO - [2025-08-02T03:01:54.981+0000] {dag.py:3047} INFO - Sync 1 DAGs
[2025-08-02T03:01:54.993+0000] {logging_mixin.py:188} INFO - [2025-08-02T03:01:54.993+0000] {dag.py:3834} INFO - Setting next_dagrun for tutorial_taskflow_api_virtualenv to None, run_after=None
[2025-08-02T03:01:55.026+0000] {processor.py:183} INFO - Processing /home/airflow/.local/lib/python3.8/site-packages/airflow/example_dags/tutorial_taskflow_api_virtualenv.py took 0.118 seconds
[2025-08-02T03:02:25.893+0000] {processor.py:161} INFO - Started process (PID=710) to work on /home/airflow/.local/lib/python3.8/site-packages/airflow/example_dags/tutorial_taskflow_api_virtualenv.py
[2025-08-02T03:02:25.899+0000] {processor.py:830} INFO - Processing file /home/airflow/.local/lib/python3.8/site-packages/airflow/example_dags/tutorial_taskflow_api_virtualenv.py for tasks to queue
[2025-08-02T03:02:25.901+0000] {logging_mixin.py:188} INFO - [2025-08-02T03:02:25.901+0000] {dagbag.py:540} INFO - Filling up the DagBag from /home/airflow/.local/lib/python3.8/site-packages/airflow/example_dags/tutorial_taskflow_api_virtualenv.py
[2025-08-02T03:02:25.941+0000] {processor.py:840} INFO - DAG(s) 'tutorial_taskflow_api_virtualenv' retrieved from /home/airflow/.local/lib/python3.8/site-packages/airflow/example_dags/tutorial_taskflow_api_virtualenv.py
[2025-08-02T03:02:25.967+0000] {logging_mixin.py:188} INFO - [2025-08-02T03:02:25.967+0000] {dag.py:3047} INFO - Sync 1 DAGs
[2025-08-02T03:02:26.000+0000] {logging_mixin.py:188} INFO - [2025-08-02T03:02:26.000+0000] {dag.py:3834} INFO - Setting next_dagrun for tutorial_taskflow_api_virtualenv to None, run_after=None
[2025-08-02T03:02:26.018+0000] {processor.py:183} INFO - Processing /home/airflow/.local/lib/python3.8/site-packages/airflow/example_dags/tutorial_taskflow_api_virtualenv.py took 0.129 seconds
[2025-08-02T03:02:58.479+0000] {processor.py:161} INFO - Started process (PID=766) to work on /home/airflow/.local/lib/python3.8/site-packages/airflow/example_dags/tutorial_taskflow_api_virtualenv.py
[2025-08-02T03:02:58.482+0000] {processor.py:830} INFO - Processing file /home/airflow/.local/lib/python3.8/site-packages/airflow/example_dags/tutorial_taskflow_api_virtualenv.py for tasks to queue
[2025-08-02T03:02:58.484+0000] {logging_mixin.py:188} INFO - [2025-08-02T03:02:58.484+0000] {dagbag.py:540} INFO - Filling up the DagBag from /home/airflow/.local/lib/python3.8/site-packages/airflow/example_dags/tutorial_taskflow_api_virtualenv.py
[2025-08-02T03:02:58.518+0000] {processor.py:840} INFO - DAG(s) 'tutorial_taskflow_api_virtualenv' retrieved from /home/airflow/.local/lib/python3.8/site-packages/airflow/example_dags/tutorial_taskflow_api_virtualenv.py
[2025-08-02T03:02:58.561+0000] {logging_mixin.py:188} INFO - [2025-08-02T03:02:58.561+0000] {dag.py:3047} INFO - Sync 1 DAGs
[2025-08-02T03:02:58.574+0000] {logging_mixin.py:188} INFO - [2025-08-02T03:02:58.574+0000] {dag.py:3834} INFO - Setting next_dagrun for tutorial_taskflow_api_virtualenv to None, run_after=None
[2025-08-02T03:02:58.608+0000] {processor.py:183} INFO - Processing /home/airflow/.local/lib/python3.8/site-packages/airflow/example_dags/tutorial_taskflow_api_virtualenv.py took 0.133 seconds
[2025-08-02T03:03:28.981+0000] {processor.py:161} INFO - Started process (PID=822) to work on /home/airflow/.local/lib/python3.8/site-packages/airflow/example_dags/tutorial_taskflow_api_virtualenv.py
[2025-08-02T03:03:28.982+0000] {processor.py:830} INFO - Processing file /home/airflow/.local/lib/python3.8/site-packages/airflow/example_dags/tutorial_taskflow_api_virtualenv.py for tasks to queue
[2025-08-02T03:03:28.983+0000] {logging_mixin.py:188} INFO - [2025-08-02T03:03:28.983+0000] {dagbag.py:540} INFO - Filling up the DagBag from /home/airflow/.local/lib/python3.8/site-packages/airflow/example_dags/tutorial_taskflow_api_virtualenv.py
[2025-08-02T03:03:28.991+0000] {processor.py:840} INFO - DAG(s) 'tutorial_taskflow_api_virtualenv' retrieved from /home/airflow/.local/lib/python3.8/site-packages/airflow/example_dags/tutorial_taskflow_api_virtualenv.py
[2025-08-02T03:03:29.013+0000] {logging_mixin.py:188} INFO - [2025-08-02T03:03:29.013+0000] {dag.py:3047} INFO - Sync 1 DAGs
[2025-08-02T03:03:29.022+0000] {logging_mixin.py:188} INFO - [2025-08-02T03:03:29.022+0000] {dag.py:3834} INFO - Setting next_dagrun for tutorial_taskflow_api_virtualenv to None, run_after=None
[2025-08-02T03:03:29.038+0000] {processor.py:183} INFO - Processing /home/airflow/.local/lib/python3.8/site-packages/airflow/example_dags/tutorial_taskflow_api_virtualenv.py took 0.059 seconds
[2025-08-02T03:03:59.789+0000] {processor.py:161} INFO - Started process (PID=878) to work on /home/airflow/.local/lib/python3.8/site-packages/airflow/example_dags/tutorial_taskflow_api_virtualenv.py
[2025-08-02T03:03:59.791+0000] {processor.py:830} INFO - Processing file /home/airflow/.local/lib/python3.8/site-packages/airflow/example_dags/tutorial_taskflow_api_virtualenv.py for tasks to queue
[2025-08-02T03:03:59.792+0000] {logging_mixin.py:188} INFO - [2025-08-02T03:03:59.792+0000] {dagbag.py:540} INFO - Filling up the DagBag from /home/airflow/.local/lib/python3.8/site-packages/airflow/example_dags/tutorial_taskflow_api_virtualenv.py
[2025-08-02T03:03:59.799+0000] {processor.py:840} INFO - DAG(s) 'tutorial_taskflow_api_virtualenv' retrieved from /home/airflow/.local/lib/python3.8/site-packages/airflow/example_dags/tutorial_taskflow_api_virtualenv.py
[2025-08-02T03:03:59.820+0000] {logging_mixin.py:188} INFO - [2025-08-02T03:03:59.820+0000] {dag.py:3047} INFO - Sync 1 DAGs
[2025-08-02T03:03:59.831+0000] {logging_mixin.py:188} INFO - [2025-08-02T03:03:59.831+0000] {dag.py:3834} INFO - Setting next_dagrun for tutorial_taskflow_api_virtualenv to None, run_after=None
[2025-08-02T03:03:59.843+0000] {processor.py:183} INFO - Processing /home/airflow/.local/lib/python3.8/site-packages/airflow/example_dags/tutorial_taskflow_api_virtualenv.py took 0.058 seconds
[2025-08-02T03:04:30.795+0000] {processor.py:161} INFO - Started process (PID=934) to work on /home/airflow/.local/lib/python3.8/site-packages/airflow/example_dags/tutorial_taskflow_api_virtualenv.py
[2025-08-02T03:04:30.796+0000] {processor.py:830} INFO - Processing file /home/airflow/.local/lib/python3.8/site-packages/airflow/example_dags/tutorial_taskflow_api_virtualenv.py for tasks to queue
[2025-08-02T03:04:30.800+0000] {logging_mixin.py:188} INFO - [2025-08-02T03:04:30.800+0000] {dagbag.py:540} INFO - Filling up the DagBag from /home/airflow/.local/lib/python3.8/site-packages/airflow/example_dags/tutorial_taskflow_api_virtualenv.py
[2025-08-02T03:04:30.807+0000] {processor.py:840} INFO - DAG(s) 'tutorial_taskflow_api_virtualenv' retrieved from /home/airflow/.local/lib/python3.8/site-packages/airflow/example_dags/tutorial_taskflow_api_virtualenv.py
[2025-08-02T03:04:30.820+0000] {logging_mixin.py:188} INFO - [2025-08-02T03:04:30.820+0000] {dag.py:3047} INFO - Sync 1 DAGs
[2025-08-02T03:04:30.828+0000] {logging_mixin.py:188} INFO - [2025-08-02T03:04:30.828+0000] {dag.py:3834} INFO - Setting next_dagrun for tutorial_taskflow_api_virtualenv to None, run_after=None
[2025-08-02T03:04:30.848+0000] {processor.py:183} INFO - Processing /home/airflow/.local/lib/python3.8/site-packages/airflow/example_dags/tutorial_taskflow_api_virtualenv.py took 0.055 seconds
[2025-08-02T03:05:01.376+0000] {processor.py:161} INFO - Started process (PID=991) to work on /home/airflow/.local/lib/python3.8/site-packages/airflow/example_dags/tutorial_taskflow_api_virtualenv.py
[2025-08-02T03:05:01.377+0000] {processor.py:830} INFO - Processing file /home/airflow/.local/lib/python3.8/site-packages/airflow/example_dags/tutorial_taskflow_api_virtualenv.py for tasks to queue
[2025-08-02T03:05:01.378+0000] {logging_mixin.py:188} INFO - [2025-08-02T03:05:01.378+0000] {dagbag.py:540} INFO - Filling up the DagBag from /home/airflow/.local/lib/python3.8/site-packages/airflow/example_dags/tutorial_taskflow_api_virtualenv.py
[2025-08-02T03:05:01.385+0000] {processor.py:840} INFO - DAG(s) 'tutorial_taskflow_api_virtualenv' retrieved from /home/airflow/.local/lib/python3.8/site-packages/airflow/example_dags/tutorial_taskflow_api_virtualenv.py
[2025-08-02T03:05:01.403+0000] {logging_mixin.py:188} INFO - [2025-08-02T03:05:01.402+0000] {dag.py:3047} INFO - Sync 1 DAGs
[2025-08-02T03:05:01.424+0000] {logging_mixin.py:188} INFO - [2025-08-02T03:05:01.423+0000] {dag.py:3834} INFO - Setting next_dagrun for tutorial_taskflow_api_virtualenv to None, run_after=None
[2025-08-02T03:05:01.456+0000] {processor.py:183} INFO - Processing /home/airflow/.local/lib/python3.8/site-packages/airflow/example_dags/tutorial_taskflow_api_virtualenv.py took 0.083 seconds
[2025-08-02T03:05:31.864+0000] {processor.py:161} INFO - Started process (PID=1047) to work on /home/airflow/.local/lib/python3.8/site-packages/airflow/example_dags/tutorial_taskflow_api_virtualenv.py
[2025-08-02T03:05:31.866+0000] {processor.py:830} INFO - Processing file /home/airflow/.local/lib/python3.8/site-packages/airflow/example_dags/tutorial_taskflow_api_virtualenv.py for tasks to queue
[2025-08-02T03:05:31.867+0000] {logging_mixin.py:188} INFO - [2025-08-02T03:05:31.867+0000] {dagbag.py:540} INFO - Filling up the DagBag from /home/airflow/.local/lib/python3.8/site-packages/airflow/example_dags/tutorial_taskflow_api_virtualenv.py
[2025-08-02T03:05:31.887+0000] {processor.py:840} INFO - DAG(s) 'tutorial_taskflow_api_virtualenv' retrieved from /home/airflow/.local/lib/python3.8/site-packages/airflow/example_dags/tutorial_taskflow_api_virtualenv.py
[2025-08-02T03:05:31.910+0000] {logging_mixin.py:188} INFO - [2025-08-02T03:05:31.910+0000] {dag.py:3047} INFO - Sync 1 DAGs
[2025-08-02T03:05:31.921+0000] {logging_mixin.py:188} INFO - [2025-08-02T03:05:31.921+0000] {dag.py:3834} INFO - Setting next_dagrun for tutorial_taskflow_api_virtualenv to None, run_after=None
[2025-08-02T03:05:31.936+0000] {processor.py:183} INFO - Processing /home/airflow/.local/lib/python3.8/site-packages/airflow/example_dags/tutorial_taskflow_api_virtualenv.py took 0.074 seconds
[2025-08-02T03:06:02.825+0000] {processor.py:161} INFO - Started process (PID=1103) to work on /home/airflow/.local/lib/python3.8/site-packages/airflow/example_dags/tutorial_taskflow_api_virtualenv.py
[2025-08-02T03:06:02.828+0000] {processor.py:830} INFO - Processing file /home/airflow/.local/lib/python3.8/site-packages/airflow/example_dags/tutorial_taskflow_api_virtualenv.py for tasks to queue
[2025-08-02T03:06:02.829+0000] {logging_mixin.py:188} INFO - [2025-08-02T03:06:02.829+0000] {dagbag.py:540} INFO - Filling up the DagBag from /home/airflow/.local/lib/python3.8/site-packages/airflow/example_dags/tutorial_taskflow_api_virtualenv.py
[2025-08-02T03:06:02.838+0000] {processor.py:840} INFO - DAG(s) 'tutorial_taskflow_api_virtualenv' retrieved from /home/airflow/.local/lib/python3.8/site-packages/airflow/example_dags/tutorial_taskflow_api_virtualenv.py
[2025-08-02T03:06:02.852+0000] {logging_mixin.py:188} INFO - [2025-08-02T03:06:02.852+0000] {dag.py:3047} INFO - Sync 1 DAGs
[2025-08-02T03:06:02.858+0000] {logging_mixin.py:188} INFO - [2025-08-02T03:06:02.858+0000] {dag.py:3834} INFO - Setting next_dagrun for tutorial_taskflow_api_virtualenv to None, run_after=None
[2025-08-02T03:06:02.870+0000] {processor.py:183} INFO - Processing /home/airflow/.local/lib/python3.8/site-packages/airflow/example_dags/tutorial_taskflow_api_virtualenv.py took 0.051 seconds
[2025-08-02T03:06:37.927+0000] {processor.py:161} INFO - Started process (PID=1159) to work on /home/airflow/.local/lib/python3.8/site-packages/airflow/example_dags/tutorial_taskflow_api_virtualenv.py
[2025-08-02T03:06:37.930+0000] {processor.py:830} INFO - Processing file /home/airflow/.local/lib/python3.8/site-packages/airflow/example_dags/tutorial_taskflow_api_virtualenv.py for tasks to queue
[2025-08-02T03:06:37.944+0000] {logging_mixin.py:188} INFO - [2025-08-02T03:06:37.944+0000] {dagbag.py:540} INFO - Filling up the DagBag from /home/airflow/.local/lib/python3.8/site-packages/airflow/example_dags/tutorial_taskflow_api_virtualenv.py
[2025-08-02T03:06:37.976+0000] {processor.py:840} INFO - DAG(s) 'tutorial_taskflow_api_virtualenv' retrieved from /home/airflow/.local/lib/python3.8/site-packages/airflow/example_dags/tutorial_taskflow_api_virtualenv.py
[2025-08-02T03:06:38.028+0000] {logging_mixin.py:188} INFO - [2025-08-02T03:06:38.028+0000] {dag.py:3047} INFO - Sync 1 DAGs
[2025-08-02T03:06:38.038+0000] {logging_mixin.py:188} INFO - [2025-08-02T03:06:38.038+0000] {dag.py:3834} INFO - Setting next_dagrun for tutorial_taskflow_api_virtualenv to None, run_after=None
[2025-08-02T03:06:38.055+0000] {processor.py:183} INFO - Processing /home/airflow/.local/lib/python3.8/site-packages/airflow/example_dags/tutorial_taskflow_api_virtualenv.py took 0.133 seconds
[2025-08-02T03:07:12.323+0000] {processor.py:161} INFO - Started process (PID=1215) to work on /home/airflow/.local/lib/python3.8/site-packages/airflow/example_dags/tutorial_taskflow_api_virtualenv.py
[2025-08-02T03:07:12.326+0000] {processor.py:830} INFO - Processing file /home/airflow/.local/lib/python3.8/site-packages/airflow/example_dags/tutorial_taskflow_api_virtualenv.py for tasks to queue
[2025-08-02T03:07:12.330+0000] {logging_mixin.py:188} INFO - [2025-08-02T03:07:12.329+0000] {dagbag.py:540} INFO - Filling up the DagBag from /home/airflow/.local/lib/python3.8/site-packages/airflow/example_dags/tutorial_taskflow_api_virtualenv.py
[2025-08-02T03:07:12.365+0000] {processor.py:840} INFO - DAG(s) 'tutorial_taskflow_api_virtualenv' retrieved from /home/airflow/.local/lib/python3.8/site-packages/airflow/example_dags/tutorial_taskflow_api_virtualenv.py
[2025-08-02T03:07:12.411+0000] {logging_mixin.py:188} INFO - [2025-08-02T03:07:12.410+0000] {dag.py:3047} INFO - Sync 1 DAGs
[2025-08-02T03:07:12.436+0000] {logging_mixin.py:188} INFO - [2025-08-02T03:07:12.436+0000] {dag.py:3834} INFO - Setting next_dagrun for tutorial_taskflow_api_virtualenv to None, run_after=None
[2025-08-02T03:07:12.516+0000] {processor.py:183} INFO - Processing /home/airflow/.local/lib/python3.8/site-packages/airflow/example_dags/tutorial_taskflow_api_virtualenv.py took 0.197 seconds
[2025-08-02T03:07:42.813+0000] {processor.py:161} INFO - Started process (PID=1271) to work on /home/airflow/.local/lib/python3.8/site-packages/airflow/example_dags/tutorial_taskflow_api_virtualenv.py
[2025-08-02T03:07:42.818+0000] {processor.py:830} INFO - Processing file /home/airflow/.local/lib/python3.8/site-packages/airflow/example_dags/tutorial_taskflow_api_virtualenv.py for tasks to queue
[2025-08-02T03:07:42.823+0000] {logging_mixin.py:188} INFO - [2025-08-02T03:07:42.822+0000] {dagbag.py:540} INFO - Filling up the DagBag from /home/airflow/.local/lib/python3.8/site-packages/airflow/example_dags/tutorial_taskflow_api_virtualenv.py
[2025-08-02T03:07:42.859+0000] {processor.py:840} INFO - DAG(s) 'tutorial_taskflow_api_virtualenv' retrieved from /home/airflow/.local/lib/python3.8/site-packages/airflow/example_dags/tutorial_taskflow_api_virtualenv.py
[2025-08-02T03:07:43.006+0000] {logging_mixin.py:188} INFO - [2025-08-02T03:07:43.005+0000] {dag.py:3047} INFO - Sync 1 DAGs
[2025-08-02T03:07:43.069+0000] {logging_mixin.py:188} INFO - [2025-08-02T03:07:43.069+0000] {dag.py:3834} INFO - Setting next_dagrun for tutorial_taskflow_api_virtualenv to None, run_after=None
[2025-08-02T03:07:43.145+0000] {processor.py:183} INFO - Processing /home/airflow/.local/lib/python3.8/site-packages/airflow/example_dags/tutorial_taskflow_api_virtualenv.py took 0.368 seconds
[2025-08-02T03:09:08.910+0000] {processor.py:161} INFO - Started process (PID=104) to work on /home/airflow/.local/lib/python3.8/site-packages/airflow/example_dags/tutorial_taskflow_api_virtualenv.py
[2025-08-02T03:09:08.912+0000] {processor.py:830} INFO - Processing file /home/airflow/.local/lib/python3.8/site-packages/airflow/example_dags/tutorial_taskflow_api_virtualenv.py for tasks to queue
[2025-08-02T03:09:08.917+0000] {logging_mixin.py:188} INFO - [2025-08-02T03:09:08.916+0000] {dagbag.py:540} INFO - Filling up the DagBag from /home/airflow/.local/lib/python3.8/site-packages/airflow/example_dags/tutorial_taskflow_api_virtualenv.py
[2025-08-02T03:09:08.953+0000] {processor.py:840} INFO - DAG(s) 'tutorial_taskflow_api_virtualenv' retrieved from /home/airflow/.local/lib/python3.8/site-packages/airflow/example_dags/tutorial_taskflow_api_virtualenv.py
[2025-08-02T03:09:09.333+0000] {logging_mixin.py:188} INFO - [2025-08-02T03:09:09.326+0000] {dag.py:3047} INFO - Sync 1 DAGs
[2025-08-02T03:09:09.406+0000] {logging_mixin.py:188} INFO - [2025-08-02T03:09:09.405+0000] {dag.py:3834} INFO - Setting next_dagrun for tutorial_taskflow_api_virtualenv to None, run_after=None
[2025-08-02T03:09:09.538+0000] {processor.py:183} INFO - Processing /home/airflow/.local/lib/python3.8/site-packages/airflow/example_dags/tutorial_taskflow_api_virtualenv.py took 0.639 seconds
[2025-08-02T03:09:40.269+0000] {processor.py:161} INFO - Started process (PID=160) to work on /home/airflow/.local/lib/python3.8/site-packages/airflow/example_dags/tutorial_taskflow_api_virtualenv.py
[2025-08-02T03:09:40.286+0000] {processor.py:830} INFO - Processing file /home/airflow/.local/lib/python3.8/site-packages/airflow/example_dags/tutorial_taskflow_api_virtualenv.py for tasks to queue
[2025-08-02T03:09:40.296+0000] {logging_mixin.py:188} INFO - [2025-08-02T03:09:40.295+0000] {dagbag.py:540} INFO - Filling up the DagBag from /home/airflow/.local/lib/python3.8/site-packages/airflow/example_dags/tutorial_taskflow_api_virtualenv.py
[2025-08-02T03:09:40.374+0000] {processor.py:840} INFO - DAG(s) 'tutorial_taskflow_api_virtualenv' retrieved from /home/airflow/.local/lib/python3.8/site-packages/airflow/example_dags/tutorial_taskflow_api_virtualenv.py
[2025-08-02T03:09:40.489+0000] {logging_mixin.py:188} INFO - [2025-08-02T03:09:40.488+0000] {dag.py:3047} INFO - Sync 1 DAGs
[2025-08-02T03:09:40.529+0000] {logging_mixin.py:188} INFO - [2025-08-02T03:09:40.528+0000] {dag.py:3834} INFO - Setting next_dagrun for tutorial_taskflow_api_virtualenv to None, run_after=None
[2025-08-02T03:09:40.635+0000] {processor.py:183} INFO - Processing /home/airflow/.local/lib/python3.8/site-packages/airflow/example_dags/tutorial_taskflow_api_virtualenv.py took 0.396 seconds
[2025-08-02T03:10:11.133+0000] {processor.py:161} INFO - Started process (PID=215) to work on /home/airflow/.local/lib/python3.8/site-packages/airflow/example_dags/tutorial_taskflow_api_virtualenv.py
[2025-08-02T03:10:11.135+0000] {processor.py:830} INFO - Processing file /home/airflow/.local/lib/python3.8/site-packages/airflow/example_dags/tutorial_taskflow_api_virtualenv.py for tasks to queue
[2025-08-02T03:10:11.139+0000] {logging_mixin.py:188} INFO - [2025-08-02T03:10:11.138+0000] {dagbag.py:540} INFO - Filling up the DagBag from /home/airflow/.local/lib/python3.8/site-packages/airflow/example_dags/tutorial_taskflow_api_virtualenv.py
[2025-08-02T03:10:11.156+0000] {processor.py:840} INFO - DAG(s) 'tutorial_taskflow_api_virtualenv' retrieved from /home/airflow/.local/lib/python3.8/site-packages/airflow/example_dags/tutorial_taskflow_api_virtualenv.py
[2025-08-02T03:10:11.194+0000] {logging_mixin.py:188} INFO - [2025-08-02T03:10:11.194+0000] {dag.py:3047} INFO - Sync 1 DAGs
[2025-08-02T03:10:11.218+0000] {logging_mixin.py:188} INFO - [2025-08-02T03:10:11.218+0000] {dag.py:3834} INFO - Setting next_dagrun for tutorial_taskflow_api_virtualenv to None, run_after=None
[2025-08-02T03:10:11.240+0000] {processor.py:183} INFO - Processing /home/airflow/.local/lib/python3.8/site-packages/airflow/example_dags/tutorial_taskflow_api_virtualenv.py took 0.113 seconds
[2025-08-02T03:10:41.610+0000] {processor.py:161} INFO - Started process (PID=271) to work on /home/airflow/.local/lib/python3.8/site-packages/airflow/example_dags/tutorial_taskflow_api_virtualenv.py
[2025-08-02T03:10:41.627+0000] {processor.py:830} INFO - Processing file /home/airflow/.local/lib/python3.8/site-packages/airflow/example_dags/tutorial_taskflow_api_virtualenv.py for tasks to queue
[2025-08-02T03:10:41.636+0000] {logging_mixin.py:188} INFO - [2025-08-02T03:10:41.635+0000] {dagbag.py:540} INFO - Filling up the DagBag from /home/airflow/.local/lib/python3.8/site-packages/airflow/example_dags/tutorial_taskflow_api_virtualenv.py
[2025-08-02T03:10:41.685+0000] {processor.py:840} INFO - DAG(s) 'tutorial_taskflow_api_virtualenv' retrieved from /home/airflow/.local/lib/python3.8/site-packages/airflow/example_dags/tutorial_taskflow_api_virtualenv.py
[2025-08-02T03:10:41.792+0000] {logging_mixin.py:188} INFO - [2025-08-02T03:10:41.791+0000] {dag.py:3047} INFO - Sync 1 DAGs
[2025-08-02T03:10:41.898+0000] {logging_mixin.py:188} INFO - [2025-08-02T03:10:41.896+0000] {dag.py:3834} INFO - Setting next_dagrun for tutorial_taskflow_api_virtualenv to None, run_after=None
[2025-08-02T03:10:41.980+0000] {processor.py:183} INFO - Processing /home/airflow/.local/lib/python3.8/site-packages/airflow/example_dags/tutorial_taskflow_api_virtualenv.py took 0.394 seconds
[2025-08-02T03:11:12.940+0000] {processor.py:161} INFO - Started process (PID=327) to work on /home/airflow/.local/lib/python3.8/site-packages/airflow/example_dags/tutorial_taskflow_api_virtualenv.py
[2025-08-02T03:11:12.946+0000] {processor.py:830} INFO - Processing file /home/airflow/.local/lib/python3.8/site-packages/airflow/example_dags/tutorial_taskflow_api_virtualenv.py for tasks to queue
[2025-08-02T03:11:12.959+0000] {logging_mixin.py:188} INFO - [2025-08-02T03:11:12.957+0000] {dagbag.py:540} INFO - Filling up the DagBag from /home/airflow/.local/lib/python3.8/site-packages/airflow/example_dags/tutorial_taskflow_api_virtualenv.py
[2025-08-02T03:11:13.002+0000] {processor.py:840} INFO - DAG(s) 'tutorial_taskflow_api_virtualenv' retrieved from /home/airflow/.local/lib/python3.8/site-packages/airflow/example_dags/tutorial_taskflow_api_virtualenv.py
[2025-08-02T03:11:13.093+0000] {logging_mixin.py:188} INFO - [2025-08-02T03:11:13.093+0000] {dag.py:3047} INFO - Sync 1 DAGs
[2025-08-02T03:11:13.137+0000] {logging_mixin.py:188} INFO - [2025-08-02T03:11:13.137+0000] {dag.py:3834} INFO - Setting next_dagrun for tutorial_taskflow_api_virtualenv to None, run_after=None
[2025-08-02T03:11:13.187+0000] {processor.py:183} INFO - Processing /home/airflow/.local/lib/python3.8/site-packages/airflow/example_dags/tutorial_taskflow_api_virtualenv.py took 0.277 seconds
[2025-08-02T03:11:44.213+0000] {processor.py:161} INFO - Started process (PID=383) to work on /home/airflow/.local/lib/python3.8/site-packages/airflow/example_dags/tutorial_taskflow_api_virtualenv.py
[2025-08-02T03:11:44.216+0000] {processor.py:830} INFO - Processing file /home/airflow/.local/lib/python3.8/site-packages/airflow/example_dags/tutorial_taskflow_api_virtualenv.py for tasks to queue
[2025-08-02T03:11:44.220+0000] {logging_mixin.py:188} INFO - [2025-08-02T03:11:44.220+0000] {dagbag.py:540} INFO - Filling up the DagBag from /home/airflow/.local/lib/python3.8/site-packages/airflow/example_dags/tutorial_taskflow_api_virtualenv.py
[2025-08-02T03:11:44.267+0000] {processor.py:840} INFO - DAG(s) 'tutorial_taskflow_api_virtualenv' retrieved from /home/airflow/.local/lib/python3.8/site-packages/airflow/example_dags/tutorial_taskflow_api_virtualenv.py
[2025-08-02T03:11:44.312+0000] {logging_mixin.py:188} INFO - [2025-08-02T03:11:44.312+0000] {dag.py:3047} INFO - Sync 1 DAGs
[2025-08-02T03:11:44.330+0000] {logging_mixin.py:188} INFO - [2025-08-02T03:11:44.330+0000] {dag.py:3834} INFO - Setting next_dagrun for tutorial_taskflow_api_virtualenv to None, run_after=None
[2025-08-02T03:11:44.394+0000] {processor.py:183} INFO - Processing /home/airflow/.local/lib/python3.8/site-packages/airflow/example_dags/tutorial_taskflow_api_virtualenv.py took 0.192 seconds
[2025-08-02T03:12:15.397+0000] {processor.py:161} INFO - Started process (PID=439) to work on /home/airflow/.local/lib/python3.8/site-packages/airflow/example_dags/tutorial_taskflow_api_virtualenv.py
[2025-08-02T03:12:15.410+0000] {processor.py:830} INFO - Processing file /home/airflow/.local/lib/python3.8/site-packages/airflow/example_dags/tutorial_taskflow_api_virtualenv.py for tasks to queue
[2025-08-02T03:12:15.425+0000] {logging_mixin.py:188} INFO - [2025-08-02T03:12:15.424+0000] {dagbag.py:540} INFO - Filling up the DagBag from /home/airflow/.local/lib/python3.8/site-packages/airflow/example_dags/tutorial_taskflow_api_virtualenv.py
[2025-08-02T03:12:15.446+0000] {processor.py:840} INFO - DAG(s) 'tutorial_taskflow_api_virtualenv' retrieved from /home/airflow/.local/lib/python3.8/site-packages/airflow/example_dags/tutorial_taskflow_api_virtualenv.py
[2025-08-02T03:12:15.483+0000] {logging_mixin.py:188} INFO - [2025-08-02T03:12:15.482+0000] {dag.py:3047} INFO - Sync 1 DAGs
[2025-08-02T03:12:15.500+0000] {logging_mixin.py:188} INFO - [2025-08-02T03:12:15.500+0000] {dag.py:3834} INFO - Setting next_dagrun for tutorial_taskflow_api_virtualenv to None, run_after=None
[2025-08-02T03:12:15.539+0000] {processor.py:183} INFO - Processing /home/airflow/.local/lib/python3.8/site-packages/airflow/example_dags/tutorial_taskflow_api_virtualenv.py took 0.154 seconds
[2025-08-02T03:12:45.857+0000] {processor.py:161} INFO - Started process (PID=495) to work on /home/airflow/.local/lib/python3.8/site-packages/airflow/example_dags/tutorial_taskflow_api_virtualenv.py
[2025-08-02T03:12:45.860+0000] {processor.py:830} INFO - Processing file /home/airflow/.local/lib/python3.8/site-packages/airflow/example_dags/tutorial_taskflow_api_virtualenv.py for tasks to queue
[2025-08-02T03:12:45.865+0000] {logging_mixin.py:188} INFO - [2025-08-02T03:12:45.864+0000] {dagbag.py:540} INFO - Filling up the DagBag from /home/airflow/.local/lib/python3.8/site-packages/airflow/example_dags/tutorial_taskflow_api_virtualenv.py
[2025-08-02T03:12:45.894+0000] {processor.py:840} INFO - DAG(s) 'tutorial_taskflow_api_virtualenv' retrieved from /home/airflow/.local/lib/python3.8/site-packages/airflow/example_dags/tutorial_taskflow_api_virtualenv.py
[2025-08-02T03:12:45.934+0000] {logging_mixin.py:188} INFO - [2025-08-02T03:12:45.934+0000] {dag.py:3047} INFO - Sync 1 DAGs
[2025-08-02T03:12:45.949+0000] {logging_mixin.py:188} INFO - [2025-08-02T03:12:45.949+0000] {dag.py:3834} INFO - Setting next_dagrun for tutorial_taskflow_api_virtualenv to None, run_after=None
[2025-08-02T03:12:45.968+0000] {processor.py:183} INFO - Processing /home/airflow/.local/lib/python3.8/site-packages/airflow/example_dags/tutorial_taskflow_api_virtualenv.py took 0.121 seconds
[2025-08-02T03:13:16.753+0000] {processor.py:161} INFO - Started process (PID=551) to work on /home/airflow/.local/lib/python3.8/site-packages/airflow/example_dags/tutorial_taskflow_api_virtualenv.py
[2025-08-02T03:13:16.757+0000] {processor.py:830} INFO - Processing file /home/airflow/.local/lib/python3.8/site-packages/airflow/example_dags/tutorial_taskflow_api_virtualenv.py for tasks to queue
[2025-08-02T03:13:16.776+0000] {logging_mixin.py:188} INFO - [2025-08-02T03:13:16.775+0000] {dagbag.py:540} INFO - Filling up the DagBag from /home/airflow/.local/lib/python3.8/site-packages/airflow/example_dags/tutorial_taskflow_api_virtualenv.py
[2025-08-02T03:13:16.798+0000] {processor.py:840} INFO - DAG(s) 'tutorial_taskflow_api_virtualenv' retrieved from /home/airflow/.local/lib/python3.8/site-packages/airflow/example_dags/tutorial_taskflow_api_virtualenv.py
[2025-08-02T03:13:16.835+0000] {logging_mixin.py:188} INFO - [2025-08-02T03:13:16.835+0000] {dag.py:3047} INFO - Sync 1 DAGs
[2025-08-02T03:13:16.847+0000] {logging_mixin.py:188} INFO - [2025-08-02T03:13:16.847+0000] {dag.py:3834} INFO - Setting next_dagrun for tutorial_taskflow_api_virtualenv to None, run_after=None
[2025-08-02T03:13:16.866+0000] {processor.py:183} INFO - Processing /home/airflow/.local/lib/python3.8/site-packages/airflow/example_dags/tutorial_taskflow_api_virtualenv.py took 0.124 seconds
[2025-08-02T03:13:47.918+0000] {processor.py:161} INFO - Started process (PID=607) to work on /home/airflow/.local/lib/python3.8/site-packages/airflow/example_dags/tutorial_taskflow_api_virtualenv.py
[2025-08-02T03:13:47.925+0000] {processor.py:830} INFO - Processing file /home/airflow/.local/lib/python3.8/site-packages/airflow/example_dags/tutorial_taskflow_api_virtualenv.py for tasks to queue
[2025-08-02T03:13:47.929+0000] {logging_mixin.py:188} INFO - [2025-08-02T03:13:47.929+0000] {dagbag.py:540} INFO - Filling up the DagBag from /home/airflow/.local/lib/python3.8/site-packages/airflow/example_dags/tutorial_taskflow_api_virtualenv.py
[2025-08-02T03:13:47.949+0000] {processor.py:840} INFO - DAG(s) 'tutorial_taskflow_api_virtualenv' retrieved from /home/airflow/.local/lib/python3.8/site-packages/airflow/example_dags/tutorial_taskflow_api_virtualenv.py
[2025-08-02T03:13:48.051+0000] {logging_mixin.py:188} INFO - [2025-08-02T03:13:48.051+0000] {dag.py:3047} INFO - Sync 1 DAGs
[2025-08-02T03:13:48.068+0000] {logging_mixin.py:188} INFO - [2025-08-02T03:13:48.068+0000] {dag.py:3834} INFO - Setting next_dagrun for tutorial_taskflow_api_virtualenv to None, run_after=None
[2025-08-02T03:13:48.100+0000] {processor.py:183} INFO - Processing /home/airflow/.local/lib/python3.8/site-packages/airflow/example_dags/tutorial_taskflow_api_virtualenv.py took 0.208 seconds
[2025-08-02T03:14:18.908+0000] {processor.py:161} INFO - Started process (PID=663) to work on /home/airflow/.local/lib/python3.8/site-packages/airflow/example_dags/tutorial_taskflow_api_virtualenv.py
[2025-08-02T03:14:18.913+0000] {processor.py:830} INFO - Processing file /home/airflow/.local/lib/python3.8/site-packages/airflow/example_dags/tutorial_taskflow_api_virtualenv.py for tasks to queue
[2025-08-02T03:14:18.920+0000] {logging_mixin.py:188} INFO - [2025-08-02T03:14:18.919+0000] {dagbag.py:540} INFO - Filling up the DagBag from /home/airflow/.local/lib/python3.8/site-packages/airflow/example_dags/tutorial_taskflow_api_virtualenv.py
[2025-08-02T03:14:18.975+0000] {processor.py:840} INFO - DAG(s) 'tutorial_taskflow_api_virtualenv' retrieved from /home/airflow/.local/lib/python3.8/site-packages/airflow/example_dags/tutorial_taskflow_api_virtualenv.py
[2025-08-02T03:14:19.045+0000] {logging_mixin.py:188} INFO - [2025-08-02T03:14:19.045+0000] {dag.py:3047} INFO - Sync 1 DAGs
[2025-08-02T03:14:19.064+0000] {logging_mixin.py:188} INFO - [2025-08-02T03:14:19.064+0000] {dag.py:3834} INFO - Setting next_dagrun for tutorial_taskflow_api_virtualenv to None, run_after=None
[2025-08-02T03:14:19.186+0000] {processor.py:183} INFO - Processing /home/airflow/.local/lib/python3.8/site-packages/airflow/example_dags/tutorial_taskflow_api_virtualenv.py took 0.341 seconds
