[2025-08-02T01:42:46.545+0000] {processor.py:161} INFO - Started process (PID=112) to work on /home/airflow/.local/lib/python3.8/site-packages/airflow/example_dags/subdags/subdag.py
[2025-08-02T01:42:46.546+0000] {processor.py:830} INFO - Processing file /home/airflow/.local/lib/python3.8/site-packages/airflow/example_dags/subdags/subdag.py for tasks to queue
[2025-08-02T01:42:46.548+0000] {logging_mixin.py:188} INFO - [2025-08-02T01:42:46.548+0000] {dagbag.py:540} INFO - Filling up the DagBag from /home/airflow/.local/lib/python3.8/site-packages/airflow/example_dags/subdags/subdag.py
[2025-08-02T01:42:46.551+0000] {processor.py:842} WARNING - No viable dags retrieved from /home/airflow/.local/lib/python3.8/site-packages/airflow/example_dags/subdags/subdag.py
[2025-08-02T01:42:46.570+0000] {processor.py:183} INFO - Processing /home/airflow/.local/lib/python3.8/site-packages/airflow/example_dags/subdags/subdag.py took 0.028 seconds
[2025-08-02T01:43:16.899+0000] {processor.py:161} INFO - Started process (PID=166) to work on /home/airflow/.local/lib/python3.8/site-packages/airflow/example_dags/subdags/subdag.py
[2025-08-02T01:43:16.900+0000] {processor.py:830} INFO - Processing file /home/airflow/.local/lib/python3.8/site-packages/airflow/example_dags/subdags/subdag.py for tasks to queue
[2025-08-02T01:43:16.901+0000] {logging_mixin.py:188} INFO - [2025-08-02T01:43:16.901+0000] {dagbag.py:540} INFO - Filling up the DagBag from /home/airflow/.local/lib/python3.8/site-packages/airflow/example_dags/subdags/subdag.py
[2025-08-02T01:43:16.903+0000] {processor.py:842} WARNING - No viable dags retrieved from /home/airflow/.local/lib/python3.8/site-packages/airflow/example_dags/subdags/subdag.py
[2025-08-02T01:43:16.913+0000] {processor.py:183} INFO - Processing /home/airflow/.local/lib/python3.8/site-packages/airflow/example_dags/subdags/subdag.py took 0.017 seconds
[2025-08-02T01:43:47.195+0000] {processor.py:161} INFO - Started process (PID=222) to work on /home/airflow/.local/lib/python3.8/site-packages/airflow/example_dags/subdags/subdag.py
[2025-08-02T01:43:47.196+0000] {processor.py:830} INFO - Processing file /home/airflow/.local/lib/python3.8/site-packages/airflow/example_dags/subdags/subdag.py for tasks to queue
[2025-08-02T01:43:47.199+0000] {logging_mixin.py:188} INFO - [2025-08-02T01:43:47.198+0000] {dagbag.py:540} INFO - Filling up the DagBag from /home/airflow/.local/lib/python3.8/site-packages/airflow/example_dags/subdags/subdag.py
[2025-08-02T01:43:47.204+0000] {processor.py:842} WARNING - No viable dags retrieved from /home/airflow/.local/lib/python3.8/site-packages/airflow/example_dags/subdags/subdag.py
[2025-08-02T01:43:47.211+0000] {processor.py:183} INFO - Processing /home/airflow/.local/lib/python3.8/site-packages/airflow/example_dags/subdags/subdag.py took 0.018 seconds
[2025-08-02T01:44:18.550+0000] {processor.py:161} INFO - Started process (PID=278) to work on /home/airflow/.local/lib/python3.8/site-packages/airflow/example_dags/subdags/subdag.py
[2025-08-02T01:44:18.552+0000] {processor.py:830} INFO - Processing file /home/airflow/.local/lib/python3.8/site-packages/airflow/example_dags/subdags/subdag.py for tasks to queue
[2025-08-02T01:44:18.553+0000] {logging_mixin.py:188} INFO - [2025-08-02T01:44:18.553+0000] {dagbag.py:540} INFO - Filling up the DagBag from /home/airflow/.local/lib/python3.8/site-packages/airflow/example_dags/subdags/subdag.py
[2025-08-02T01:44:18.555+0000] {processor.py:842} WARNING - No viable dags retrieved from /home/airflow/.local/lib/python3.8/site-packages/airflow/example_dags/subdags/subdag.py
[2025-08-02T01:44:18.570+0000] {processor.py:183} INFO - Processing /home/airflow/.local/lib/python3.8/site-packages/airflow/example_dags/subdags/subdag.py took 0.026 seconds
[2025-08-02T01:44:49.184+0000] {processor.py:161} INFO - Started process (PID=334) to work on /home/airflow/.local/lib/python3.8/site-packages/airflow/example_dags/subdags/subdag.py
[2025-08-02T01:44:49.185+0000] {processor.py:830} INFO - Processing file /home/airflow/.local/lib/python3.8/site-packages/airflow/example_dags/subdags/subdag.py for tasks to queue
[2025-08-02T01:44:49.188+0000] {logging_mixin.py:188} INFO - [2025-08-02T01:44:49.187+0000] {dagbag.py:540} INFO - Filling up the DagBag from /home/airflow/.local/lib/python3.8/site-packages/airflow/example_dags/subdags/subdag.py
[2025-08-02T01:44:49.193+0000] {processor.py:842} WARNING - No viable dags retrieved from /home/airflow/.local/lib/python3.8/site-packages/airflow/example_dags/subdags/subdag.py
[2025-08-02T01:44:49.208+0000] {processor.py:183} INFO - Processing /home/airflow/.local/lib/python3.8/site-packages/airflow/example_dags/subdags/subdag.py took 0.027 seconds
[2025-08-02T01:45:20.285+0000] {processor.py:161} INFO - Started process (PID=390) to work on /home/airflow/.local/lib/python3.8/site-packages/airflow/example_dags/subdags/subdag.py
[2025-08-02T01:45:20.286+0000] {processor.py:830} INFO - Processing file /home/airflow/.local/lib/python3.8/site-packages/airflow/example_dags/subdags/subdag.py for tasks to queue
[2025-08-02T01:45:20.289+0000] {logging_mixin.py:188} INFO - [2025-08-02T01:45:20.288+0000] {dagbag.py:540} INFO - Filling up the DagBag from /home/airflow/.local/lib/python3.8/site-packages/airflow/example_dags/subdags/subdag.py
[2025-08-02T01:45:20.292+0000] {processor.py:842} WARNING - No viable dags retrieved from /home/airflow/.local/lib/python3.8/site-packages/airflow/example_dags/subdags/subdag.py
[2025-08-02T01:45:20.301+0000] {processor.py:183} INFO - Processing /home/airflow/.local/lib/python3.8/site-packages/airflow/example_dags/subdags/subdag.py took 0.019 seconds
[2025-08-02T01:45:50.720+0000] {processor.py:161} INFO - Started process (PID=446) to work on /home/airflow/.local/lib/python3.8/site-packages/airflow/example_dags/subdags/subdag.py
[2025-08-02T01:45:50.721+0000] {processor.py:830} INFO - Processing file /home/airflow/.local/lib/python3.8/site-packages/airflow/example_dags/subdags/subdag.py for tasks to queue
[2025-08-02T01:45:50.722+0000] {logging_mixin.py:188} INFO - [2025-08-02T01:45:50.722+0000] {dagbag.py:540} INFO - Filling up the DagBag from /home/airflow/.local/lib/python3.8/site-packages/airflow/example_dags/subdags/subdag.py
[2025-08-02T01:45:50.724+0000] {processor.py:842} WARNING - No viable dags retrieved from /home/airflow/.local/lib/python3.8/site-packages/airflow/example_dags/subdags/subdag.py
[2025-08-02T01:45:50.738+0000] {processor.py:183} INFO - Processing /home/airflow/.local/lib/python3.8/site-packages/airflow/example_dags/subdags/subdag.py took 0.020 seconds
[2025-08-02T01:46:21.780+0000] {processor.py:161} INFO - Started process (PID=503) to work on /home/airflow/.local/lib/python3.8/site-packages/airflow/example_dags/subdags/subdag.py
[2025-08-02T01:46:21.783+0000] {processor.py:830} INFO - Processing file /home/airflow/.local/lib/python3.8/site-packages/airflow/example_dags/subdags/subdag.py for tasks to queue
[2025-08-02T01:46:21.785+0000] {logging_mixin.py:188} INFO - [2025-08-02T01:46:21.785+0000] {dagbag.py:540} INFO - Filling up the DagBag from /home/airflow/.local/lib/python3.8/site-packages/airflow/example_dags/subdags/subdag.py
[2025-08-02T01:46:21.789+0000] {processor.py:842} WARNING - No viable dags retrieved from /home/airflow/.local/lib/python3.8/site-packages/airflow/example_dags/subdags/subdag.py
[2025-08-02T01:46:21.852+0000] {processor.py:183} INFO - Processing /home/airflow/.local/lib/python3.8/site-packages/airflow/example_dags/subdags/subdag.py took 0.084 seconds
[2025-08-02T01:46:51.896+0000] {processor.py:161} INFO - Started process (PID=559) to work on /home/airflow/.local/lib/python3.8/site-packages/airflow/example_dags/subdags/subdag.py
[2025-08-02T01:46:51.898+0000] {processor.py:830} INFO - Processing file /home/airflow/.local/lib/python3.8/site-packages/airflow/example_dags/subdags/subdag.py for tasks to queue
[2025-08-02T01:46:51.903+0000] {logging_mixin.py:188} INFO - [2025-08-02T01:46:51.903+0000] {dagbag.py:540} INFO - Filling up the DagBag from /home/airflow/.local/lib/python3.8/site-packages/airflow/example_dags/subdags/subdag.py
[2025-08-02T01:46:51.907+0000] {processor.py:842} WARNING - No viable dags retrieved from /home/airflow/.local/lib/python3.8/site-packages/airflow/example_dags/subdags/subdag.py
[2025-08-02T01:46:51.921+0000] {processor.py:183} INFO - Processing /home/airflow/.local/lib/python3.8/site-packages/airflow/example_dags/subdags/subdag.py took 0.031 seconds
[2025-08-02T01:47:22.470+0000] {processor.py:161} INFO - Started process (PID=615) to work on /home/airflow/.local/lib/python3.8/site-packages/airflow/example_dags/subdags/subdag.py
[2025-08-02T01:47:22.471+0000] {processor.py:830} INFO - Processing file /home/airflow/.local/lib/python3.8/site-packages/airflow/example_dags/subdags/subdag.py for tasks to queue
[2025-08-02T01:47:22.474+0000] {logging_mixin.py:188} INFO - [2025-08-02T01:47:22.472+0000] {dagbag.py:540} INFO - Filling up the DagBag from /home/airflow/.local/lib/python3.8/site-packages/airflow/example_dags/subdags/subdag.py
[2025-08-02T01:47:22.478+0000] {processor.py:842} WARNING - No viable dags retrieved from /home/airflow/.local/lib/python3.8/site-packages/airflow/example_dags/subdags/subdag.py
[2025-08-02T01:47:22.485+0000] {processor.py:183} INFO - Processing /home/airflow/.local/lib/python3.8/site-packages/airflow/example_dags/subdags/subdag.py took 0.017 seconds
[2025-08-02T01:47:53.465+0000] {processor.py:161} INFO - Started process (PID=671) to work on /home/airflow/.local/lib/python3.8/site-packages/airflow/example_dags/subdags/subdag.py
[2025-08-02T01:47:53.467+0000] {processor.py:830} INFO - Processing file /home/airflow/.local/lib/python3.8/site-packages/airflow/example_dags/subdags/subdag.py for tasks to queue
[2025-08-02T01:47:53.468+0000] {logging_mixin.py:188} INFO - [2025-08-02T01:47:53.468+0000] {dagbag.py:540} INFO - Filling up the DagBag from /home/airflow/.local/lib/python3.8/site-packages/airflow/example_dags/subdags/subdag.py
[2025-08-02T01:47:53.472+0000] {processor.py:842} WARNING - No viable dags retrieved from /home/airflow/.local/lib/python3.8/site-packages/airflow/example_dags/subdags/subdag.py
[2025-08-02T01:47:53.481+0000] {processor.py:183} INFO - Processing /home/airflow/.local/lib/python3.8/site-packages/airflow/example_dags/subdags/subdag.py took 0.019 seconds
[2025-08-02T01:48:24.085+0000] {processor.py:161} INFO - Started process (PID=727) to work on /home/airflow/.local/lib/python3.8/site-packages/airflow/example_dags/subdags/subdag.py
[2025-08-02T01:48:24.086+0000] {processor.py:830} INFO - Processing file /home/airflow/.local/lib/python3.8/site-packages/airflow/example_dags/subdags/subdag.py for tasks to queue
[2025-08-02T01:48:24.089+0000] {logging_mixin.py:188} INFO - [2025-08-02T01:48:24.089+0000] {dagbag.py:540} INFO - Filling up the DagBag from /home/airflow/.local/lib/python3.8/site-packages/airflow/example_dags/subdags/subdag.py
[2025-08-02T01:48:24.097+0000] {processor.py:842} WARNING - No viable dags retrieved from /home/airflow/.local/lib/python3.8/site-packages/airflow/example_dags/subdags/subdag.py
[2025-08-02T01:48:24.147+0000] {processor.py:183} INFO - Processing /home/airflow/.local/lib/python3.8/site-packages/airflow/example_dags/subdags/subdag.py took 0.065 seconds
[2025-08-02T01:48:55.319+0000] {processor.py:161} INFO - Started process (PID=783) to work on /home/airflow/.local/lib/python3.8/site-packages/airflow/example_dags/subdags/subdag.py
[2025-08-02T01:48:55.321+0000] {processor.py:830} INFO - Processing file /home/airflow/.local/lib/python3.8/site-packages/airflow/example_dags/subdags/subdag.py for tasks to queue
[2025-08-02T01:48:55.322+0000] {logging_mixin.py:188} INFO - [2025-08-02T01:48:55.322+0000] {dagbag.py:540} INFO - Filling up the DagBag from /home/airflow/.local/lib/python3.8/site-packages/airflow/example_dags/subdags/subdag.py
[2025-08-02T01:48:55.324+0000] {processor.py:842} WARNING - No viable dags retrieved from /home/airflow/.local/lib/python3.8/site-packages/airflow/example_dags/subdags/subdag.py
[2025-08-02T01:48:55.332+0000] {processor.py:183} INFO - Processing /home/airflow/.local/lib/python3.8/site-packages/airflow/example_dags/subdags/subdag.py took 0.016 seconds
[2025-08-02T01:49:26.258+0000] {processor.py:161} INFO - Started process (PID=840) to work on /home/airflow/.local/lib/python3.8/site-packages/airflow/example_dags/subdags/subdag.py
[2025-08-02T01:49:26.259+0000] {processor.py:830} INFO - Processing file /home/airflow/.local/lib/python3.8/site-packages/airflow/example_dags/subdags/subdag.py for tasks to queue
[2025-08-02T01:49:26.260+0000] {logging_mixin.py:188} INFO - [2025-08-02T01:49:26.260+0000] {dagbag.py:540} INFO - Filling up the DagBag from /home/airflow/.local/lib/python3.8/site-packages/airflow/example_dags/subdags/subdag.py
[2025-08-02T01:49:26.262+0000] {processor.py:842} WARNING - No viable dags retrieved from /home/airflow/.local/lib/python3.8/site-packages/airflow/example_dags/subdags/subdag.py
[2025-08-02T01:49:26.274+0000] {processor.py:183} INFO - Processing /home/airflow/.local/lib/python3.8/site-packages/airflow/example_dags/subdags/subdag.py took 0.018 seconds
[2025-08-02T01:49:57.776+0000] {processor.py:161} INFO - Started process (PID=896) to work on /home/airflow/.local/lib/python3.8/site-packages/airflow/example_dags/subdags/subdag.py
[2025-08-02T01:49:57.778+0000] {processor.py:830} INFO - Processing file /home/airflow/.local/lib/python3.8/site-packages/airflow/example_dags/subdags/subdag.py for tasks to queue
[2025-08-02T01:49:57.782+0000] {logging_mixin.py:188} INFO - [2025-08-02T01:49:57.781+0000] {dagbag.py:540} INFO - Filling up the DagBag from /home/airflow/.local/lib/python3.8/site-packages/airflow/example_dags/subdags/subdag.py
[2025-08-02T01:49:57.786+0000] {processor.py:842} WARNING - No viable dags retrieved from /home/airflow/.local/lib/python3.8/site-packages/airflow/example_dags/subdags/subdag.py
[2025-08-02T01:49:57.818+0000] {processor.py:183} INFO - Processing /home/airflow/.local/lib/python3.8/site-packages/airflow/example_dags/subdags/subdag.py took 0.048 seconds
[2025-08-02T01:50:28.848+0000] {processor.py:161} INFO - Started process (PID=952) to work on /home/airflow/.local/lib/python3.8/site-packages/airflow/example_dags/subdags/subdag.py
[2025-08-02T01:50:28.849+0000] {processor.py:830} INFO - Processing file /home/airflow/.local/lib/python3.8/site-packages/airflow/example_dags/subdags/subdag.py for tasks to queue
[2025-08-02T01:50:28.850+0000] {logging_mixin.py:188} INFO - [2025-08-02T01:50:28.850+0000] {dagbag.py:540} INFO - Filling up the DagBag from /home/airflow/.local/lib/python3.8/site-packages/airflow/example_dags/subdags/subdag.py
[2025-08-02T01:50:28.852+0000] {processor.py:842} WARNING - No viable dags retrieved from /home/airflow/.local/lib/python3.8/site-packages/airflow/example_dags/subdags/subdag.py
[2025-08-02T01:50:28.861+0000] {processor.py:183} INFO - Processing /home/airflow/.local/lib/python3.8/site-packages/airflow/example_dags/subdags/subdag.py took 0.015 seconds
[2025-08-02T01:51:03.287+0000] {processor.py:161} INFO - Started process (PID=1009) to work on /home/airflow/.local/lib/python3.8/site-packages/airflow/example_dags/subdags/subdag.py
[2025-08-02T01:51:03.288+0000] {processor.py:830} INFO - Processing file /home/airflow/.local/lib/python3.8/site-packages/airflow/example_dags/subdags/subdag.py for tasks to queue
[2025-08-02T01:51:03.291+0000] {logging_mixin.py:188} INFO - [2025-08-02T01:51:03.290+0000] {dagbag.py:540} INFO - Filling up the DagBag from /home/airflow/.local/lib/python3.8/site-packages/airflow/example_dags/subdags/subdag.py
[2025-08-02T01:51:03.295+0000] {processor.py:842} WARNING - No viable dags retrieved from /home/airflow/.local/lib/python3.8/site-packages/airflow/example_dags/subdags/subdag.py
[2025-08-02T01:51:03.313+0000] {processor.py:183} INFO - Processing /home/airflow/.local/lib/python3.8/site-packages/airflow/example_dags/subdags/subdag.py took 0.031 seconds
[2025-08-02T01:51:33.422+0000] {processor.py:161} INFO - Started process (PID=1065) to work on /home/airflow/.local/lib/python3.8/site-packages/airflow/example_dags/subdags/subdag.py
[2025-08-02T01:51:33.423+0000] {processor.py:830} INFO - Processing file /home/airflow/.local/lib/python3.8/site-packages/airflow/example_dags/subdags/subdag.py for tasks to queue
[2025-08-02T01:51:33.425+0000] {logging_mixin.py:188} INFO - [2025-08-02T01:51:33.424+0000] {dagbag.py:540} INFO - Filling up the DagBag from /home/airflow/.local/lib/python3.8/site-packages/airflow/example_dags/subdags/subdag.py
[2025-08-02T01:51:33.427+0000] {processor.py:842} WARNING - No viable dags retrieved from /home/airflow/.local/lib/python3.8/site-packages/airflow/example_dags/subdags/subdag.py
[2025-08-02T01:51:33.438+0000] {processor.py:183} INFO - Processing /home/airflow/.local/lib/python3.8/site-packages/airflow/example_dags/subdags/subdag.py took 0.019 seconds
[2025-08-02T01:52:03.685+0000] {processor.py:161} INFO - Started process (PID=1121) to work on /home/airflow/.local/lib/python3.8/site-packages/airflow/example_dags/subdags/subdag.py
[2025-08-02T01:52:03.689+0000] {processor.py:830} INFO - Processing file /home/airflow/.local/lib/python3.8/site-packages/airflow/example_dags/subdags/subdag.py for tasks to queue
[2025-08-02T01:52:03.697+0000] {logging_mixin.py:188} INFO - [2025-08-02T01:52:03.697+0000] {dagbag.py:540} INFO - Filling up the DagBag from /home/airflow/.local/lib/python3.8/site-packages/airflow/example_dags/subdags/subdag.py
[2025-08-02T01:52:03.700+0000] {processor.py:842} WARNING - No viable dags retrieved from /home/airflow/.local/lib/python3.8/site-packages/airflow/example_dags/subdags/subdag.py
[2025-08-02T01:52:03.711+0000] {processor.py:183} INFO - Processing /home/airflow/.local/lib/python3.8/site-packages/airflow/example_dags/subdags/subdag.py took 0.030 seconds
[2025-08-02T01:52:34.848+0000] {processor.py:161} INFO - Started process (PID=1177) to work on /home/airflow/.local/lib/python3.8/site-packages/airflow/example_dags/subdags/subdag.py
[2025-08-02T01:52:34.850+0000] {processor.py:830} INFO - Processing file /home/airflow/.local/lib/python3.8/site-packages/airflow/example_dags/subdags/subdag.py for tasks to queue
[2025-08-02T01:52:34.854+0000] {logging_mixin.py:188} INFO - [2025-08-02T01:52:34.854+0000] {dagbag.py:540} INFO - Filling up the DagBag from /home/airflow/.local/lib/python3.8/site-packages/airflow/example_dags/subdags/subdag.py
[2025-08-02T01:52:34.856+0000] {processor.py:842} WARNING - No viable dags retrieved from /home/airflow/.local/lib/python3.8/site-packages/airflow/example_dags/subdags/subdag.py
[2025-08-02T01:52:34.879+0000] {processor.py:183} INFO - Processing /home/airflow/.local/lib/python3.8/site-packages/airflow/example_dags/subdags/subdag.py took 0.035 seconds
[2025-08-02T01:53:05.353+0000] {processor.py:161} INFO - Started process (PID=1233) to work on /home/airflow/.local/lib/python3.8/site-packages/airflow/example_dags/subdags/subdag.py
[2025-08-02T01:53:05.355+0000] {processor.py:830} INFO - Processing file /home/airflow/.local/lib/python3.8/site-packages/airflow/example_dags/subdags/subdag.py for tasks to queue
[2025-08-02T01:53:05.356+0000] {logging_mixin.py:188} INFO - [2025-08-02T01:53:05.356+0000] {dagbag.py:540} INFO - Filling up the DagBag from /home/airflow/.local/lib/python3.8/site-packages/airflow/example_dags/subdags/subdag.py
[2025-08-02T01:53:05.358+0000] {processor.py:842} WARNING - No viable dags retrieved from /home/airflow/.local/lib/python3.8/site-packages/airflow/example_dags/subdags/subdag.py
[2025-08-02T01:53:05.370+0000] {processor.py:183} INFO - Processing /home/airflow/.local/lib/python3.8/site-packages/airflow/example_dags/subdags/subdag.py took 0.028 seconds
[2025-08-02T01:53:35.730+0000] {processor.py:161} INFO - Started process (PID=1289) to work on /home/airflow/.local/lib/python3.8/site-packages/airflow/example_dags/subdags/subdag.py
[2025-08-02T01:53:35.731+0000] {processor.py:830} INFO - Processing file /home/airflow/.local/lib/python3.8/site-packages/airflow/example_dags/subdags/subdag.py for tasks to queue
[2025-08-02T01:53:35.732+0000] {logging_mixin.py:188} INFO - [2025-08-02T01:53:35.732+0000] {dagbag.py:540} INFO - Filling up the DagBag from /home/airflow/.local/lib/python3.8/site-packages/airflow/example_dags/subdags/subdag.py
[2025-08-02T01:53:35.734+0000] {processor.py:842} WARNING - No viable dags retrieved from /home/airflow/.local/lib/python3.8/site-packages/airflow/example_dags/subdags/subdag.py
[2025-08-02T01:53:35.741+0000] {processor.py:183} INFO - Processing /home/airflow/.local/lib/python3.8/site-packages/airflow/example_dags/subdags/subdag.py took 0.013 seconds
[2025-08-02T01:54:06.484+0000] {processor.py:161} INFO - Started process (PID=1345) to work on /home/airflow/.local/lib/python3.8/site-packages/airflow/example_dags/subdags/subdag.py
[2025-08-02T01:54:06.485+0000] {processor.py:830} INFO - Processing file /home/airflow/.local/lib/python3.8/site-packages/airflow/example_dags/subdags/subdag.py for tasks to queue
[2025-08-02T01:54:06.487+0000] {logging_mixin.py:188} INFO - [2025-08-02T01:54:06.487+0000] {dagbag.py:540} INFO - Filling up the DagBag from /home/airflow/.local/lib/python3.8/site-packages/airflow/example_dags/subdags/subdag.py
[2025-08-02T01:54:06.489+0000] {processor.py:842} WARNING - No viable dags retrieved from /home/airflow/.local/lib/python3.8/site-packages/airflow/example_dags/subdags/subdag.py
[2025-08-02T01:54:06.500+0000] {processor.py:183} INFO - Processing /home/airflow/.local/lib/python3.8/site-packages/airflow/example_dags/subdags/subdag.py took 0.018 seconds
[2025-08-02T01:54:37.003+0000] {processor.py:161} INFO - Started process (PID=1401) to work on /home/airflow/.local/lib/python3.8/site-packages/airflow/example_dags/subdags/subdag.py
[2025-08-02T01:54:37.005+0000] {processor.py:830} INFO - Processing file /home/airflow/.local/lib/python3.8/site-packages/airflow/example_dags/subdags/subdag.py for tasks to queue
[2025-08-02T01:54:37.007+0000] {logging_mixin.py:188} INFO - [2025-08-02T01:54:37.006+0000] {dagbag.py:540} INFO - Filling up the DagBag from /home/airflow/.local/lib/python3.8/site-packages/airflow/example_dags/subdags/subdag.py
[2025-08-02T01:54:37.017+0000] {processor.py:842} WARNING - No viable dags retrieved from /home/airflow/.local/lib/python3.8/site-packages/airflow/example_dags/subdags/subdag.py
[2025-08-02T01:54:37.039+0000] {processor.py:183} INFO - Processing /home/airflow/.local/lib/python3.8/site-packages/airflow/example_dags/subdags/subdag.py took 0.043 seconds
[2025-08-02T01:55:07.649+0000] {processor.py:161} INFO - Started process (PID=1457) to work on /home/airflow/.local/lib/python3.8/site-packages/airflow/example_dags/subdags/subdag.py
[2025-08-02T01:55:07.650+0000] {processor.py:830} INFO - Processing file /home/airflow/.local/lib/python3.8/site-packages/airflow/example_dags/subdags/subdag.py for tasks to queue
[2025-08-02T01:55:07.652+0000] {logging_mixin.py:188} INFO - [2025-08-02T01:55:07.652+0000] {dagbag.py:540} INFO - Filling up the DagBag from /home/airflow/.local/lib/python3.8/site-packages/airflow/example_dags/subdags/subdag.py
[2025-08-02T01:55:07.655+0000] {processor.py:842} WARNING - No viable dags retrieved from /home/airflow/.local/lib/python3.8/site-packages/airflow/example_dags/subdags/subdag.py
[2025-08-02T01:55:07.666+0000] {processor.py:183} INFO - Processing /home/airflow/.local/lib/python3.8/site-packages/airflow/example_dags/subdags/subdag.py took 0.020 seconds
[2025-08-02T01:55:37.898+0000] {processor.py:161} INFO - Started process (PID=1512) to work on /home/airflow/.local/lib/python3.8/site-packages/airflow/example_dags/subdags/subdag.py
[2025-08-02T01:55:37.904+0000] {processor.py:830} INFO - Processing file /home/airflow/.local/lib/python3.8/site-packages/airflow/example_dags/subdags/subdag.py for tasks to queue
[2025-08-02T01:55:37.908+0000] {logging_mixin.py:188} INFO - [2025-08-02T01:55:37.907+0000] {dagbag.py:540} INFO - Filling up the DagBag from /home/airflow/.local/lib/python3.8/site-packages/airflow/example_dags/subdags/subdag.py
[2025-08-02T01:55:37.912+0000] {processor.py:842} WARNING - No viable dags retrieved from /home/airflow/.local/lib/python3.8/site-packages/airflow/example_dags/subdags/subdag.py
[2025-08-02T01:55:37.928+0000] {processor.py:183} INFO - Processing /home/airflow/.local/lib/python3.8/site-packages/airflow/example_dags/subdags/subdag.py took 0.035 seconds
[2025-08-02T01:56:09.411+0000] {processor.py:161} INFO - Started process (PID=1568) to work on /home/airflow/.local/lib/python3.8/site-packages/airflow/example_dags/subdags/subdag.py
[2025-08-02T01:56:09.411+0000] {processor.py:830} INFO - Processing file /home/airflow/.local/lib/python3.8/site-packages/airflow/example_dags/subdags/subdag.py for tasks to queue
[2025-08-02T01:56:09.412+0000] {logging_mixin.py:188} INFO - [2025-08-02T01:56:09.412+0000] {dagbag.py:540} INFO - Filling up the DagBag from /home/airflow/.local/lib/python3.8/site-packages/airflow/example_dags/subdags/subdag.py
[2025-08-02T01:56:09.414+0000] {processor.py:842} WARNING - No viable dags retrieved from /home/airflow/.local/lib/python3.8/site-packages/airflow/example_dags/subdags/subdag.py
[2025-08-02T01:56:09.422+0000] {processor.py:183} INFO - Processing /home/airflow/.local/lib/python3.8/site-packages/airflow/example_dags/subdags/subdag.py took 0.014 seconds
[2025-08-02T01:56:40.067+0000] {processor.py:161} INFO - Started process (PID=1623) to work on /home/airflow/.local/lib/python3.8/site-packages/airflow/example_dags/subdags/subdag.py
[2025-08-02T01:56:40.068+0000] {processor.py:830} INFO - Processing file /home/airflow/.local/lib/python3.8/site-packages/airflow/example_dags/subdags/subdag.py for tasks to queue
[2025-08-02T01:56:40.070+0000] {logging_mixin.py:188} INFO - [2025-08-02T01:56:40.070+0000] {dagbag.py:540} INFO - Filling up the DagBag from /home/airflow/.local/lib/python3.8/site-packages/airflow/example_dags/subdags/subdag.py
[2025-08-02T01:56:40.071+0000] {processor.py:842} WARNING - No viable dags retrieved from /home/airflow/.local/lib/python3.8/site-packages/airflow/example_dags/subdags/subdag.py
[2025-08-02T01:56:40.078+0000] {processor.py:183} INFO - Processing /home/airflow/.local/lib/python3.8/site-packages/airflow/example_dags/subdags/subdag.py took 0.013 seconds
[2025-08-02T01:57:15.730+0000] {processor.py:161} INFO - Started process (PID=1685) to work on /home/airflow/.local/lib/python3.8/site-packages/airflow/example_dags/subdags/subdag.py
[2025-08-02T01:57:15.731+0000] {processor.py:830} INFO - Processing file /home/airflow/.local/lib/python3.8/site-packages/airflow/example_dags/subdags/subdag.py for tasks to queue
[2025-08-02T01:57:15.733+0000] {logging_mixin.py:188} INFO - [2025-08-02T01:57:15.733+0000] {dagbag.py:540} INFO - Filling up the DagBag from /home/airflow/.local/lib/python3.8/site-packages/airflow/example_dags/subdags/subdag.py
[2025-08-02T01:57:15.735+0000] {processor.py:842} WARNING - No viable dags retrieved from /home/airflow/.local/lib/python3.8/site-packages/airflow/example_dags/subdags/subdag.py
[2025-08-02T01:57:15.744+0000] {processor.py:183} INFO - Processing /home/airflow/.local/lib/python3.8/site-packages/airflow/example_dags/subdags/subdag.py took 0.017 seconds
[2025-08-02T01:57:49.826+0000] {processor.py:161} INFO - Started process (PID=1740) to work on /home/airflow/.local/lib/python3.8/site-packages/airflow/example_dags/subdags/subdag.py
[2025-08-02T01:57:49.828+0000] {processor.py:830} INFO - Processing file /home/airflow/.local/lib/python3.8/site-packages/airflow/example_dags/subdags/subdag.py for tasks to queue
[2025-08-02T01:57:49.831+0000] {logging_mixin.py:188} INFO - [2025-08-02T01:57:49.830+0000] {dagbag.py:540} INFO - Filling up the DagBag from /home/airflow/.local/lib/python3.8/site-packages/airflow/example_dags/subdags/subdag.py
[2025-08-02T01:57:49.840+0000] {processor.py:842} WARNING - No viable dags retrieved from /home/airflow/.local/lib/python3.8/site-packages/airflow/example_dags/subdags/subdag.py
[2025-08-02T01:57:49.930+0000] {processor.py:183} INFO - Processing /home/airflow/.local/lib/python3.8/site-packages/airflow/example_dags/subdags/subdag.py took 0.111 seconds
[2025-08-02T01:58:21.645+0000] {processor.py:161} INFO - Started process (PID=1794) to work on /home/airflow/.local/lib/python3.8/site-packages/airflow/example_dags/subdags/subdag.py
[2025-08-02T01:58:21.646+0000] {processor.py:830} INFO - Processing file /home/airflow/.local/lib/python3.8/site-packages/airflow/example_dags/subdags/subdag.py for tasks to queue
[2025-08-02T01:58:21.647+0000] {logging_mixin.py:188} INFO - [2025-08-02T01:58:21.647+0000] {dagbag.py:540} INFO - Filling up the DagBag from /home/airflow/.local/lib/python3.8/site-packages/airflow/example_dags/subdags/subdag.py
[2025-08-02T01:58:21.650+0000] {processor.py:842} WARNING - No viable dags retrieved from /home/airflow/.local/lib/python3.8/site-packages/airflow/example_dags/subdags/subdag.py
[2025-08-02T01:58:21.659+0000] {processor.py:183} INFO - Processing /home/airflow/.local/lib/python3.8/site-packages/airflow/example_dags/subdags/subdag.py took 0.015 seconds
[2025-08-02T01:58:51.891+0000] {processor.py:161} INFO - Started process (PID=1850) to work on /home/airflow/.local/lib/python3.8/site-packages/airflow/example_dags/subdags/subdag.py
[2025-08-02T01:58:51.893+0000] {processor.py:830} INFO - Processing file /home/airflow/.local/lib/python3.8/site-packages/airflow/example_dags/subdags/subdag.py for tasks to queue
[2025-08-02T01:58:51.894+0000] {logging_mixin.py:188} INFO - [2025-08-02T01:58:51.894+0000] {dagbag.py:540} INFO - Filling up the DagBag from /home/airflow/.local/lib/python3.8/site-packages/airflow/example_dags/subdags/subdag.py
[2025-08-02T01:58:51.896+0000] {processor.py:842} WARNING - No viable dags retrieved from /home/airflow/.local/lib/python3.8/site-packages/airflow/example_dags/subdags/subdag.py
[2025-08-02T01:58:51.907+0000] {processor.py:183} INFO - Processing /home/airflow/.local/lib/python3.8/site-packages/airflow/example_dags/subdags/subdag.py took 0.018 seconds
[2025-08-02T01:59:22.472+0000] {processor.py:161} INFO - Started process (PID=1906) to work on /home/airflow/.local/lib/python3.8/site-packages/airflow/example_dags/subdags/subdag.py
[2025-08-02T01:59:22.473+0000] {processor.py:830} INFO - Processing file /home/airflow/.local/lib/python3.8/site-packages/airflow/example_dags/subdags/subdag.py for tasks to queue
[2025-08-02T01:59:22.475+0000] {logging_mixin.py:188} INFO - [2025-08-02T01:59:22.475+0000] {dagbag.py:540} INFO - Filling up the DagBag from /home/airflow/.local/lib/python3.8/site-packages/airflow/example_dags/subdags/subdag.py
[2025-08-02T01:59:22.478+0000] {processor.py:842} WARNING - No viable dags retrieved from /home/airflow/.local/lib/python3.8/site-packages/airflow/example_dags/subdags/subdag.py
[2025-08-02T01:59:22.487+0000] {processor.py:183} INFO - Processing /home/airflow/.local/lib/python3.8/site-packages/airflow/example_dags/subdags/subdag.py took 0.019 seconds
[2025-08-02T01:59:53.143+0000] {processor.py:161} INFO - Started process (PID=1962) to work on /home/airflow/.local/lib/python3.8/site-packages/airflow/example_dags/subdags/subdag.py
[2025-08-02T01:59:53.144+0000] {processor.py:830} INFO - Processing file /home/airflow/.local/lib/python3.8/site-packages/airflow/example_dags/subdags/subdag.py for tasks to queue
[2025-08-02T01:59:53.145+0000] {logging_mixin.py:188} INFO - [2025-08-02T01:59:53.145+0000] {dagbag.py:540} INFO - Filling up the DagBag from /home/airflow/.local/lib/python3.8/site-packages/airflow/example_dags/subdags/subdag.py
[2025-08-02T01:59:53.147+0000] {processor.py:842} WARNING - No viable dags retrieved from /home/airflow/.local/lib/python3.8/site-packages/airflow/example_dags/subdags/subdag.py
[2025-08-02T01:59:53.155+0000] {processor.py:183} INFO - Processing /home/airflow/.local/lib/python3.8/site-packages/airflow/example_dags/subdags/subdag.py took 0.013 seconds
[2025-08-02T02:00:24.108+0000] {processor.py:161} INFO - Started process (PID=2018) to work on /home/airflow/.local/lib/python3.8/site-packages/airflow/example_dags/subdags/subdag.py
[2025-08-02T02:00:24.111+0000] {processor.py:830} INFO - Processing file /home/airflow/.local/lib/python3.8/site-packages/airflow/example_dags/subdags/subdag.py for tasks to queue
[2025-08-02T02:00:24.114+0000] {logging_mixin.py:188} INFO - [2025-08-02T02:00:24.114+0000] {dagbag.py:540} INFO - Filling up the DagBag from /home/airflow/.local/lib/python3.8/site-packages/airflow/example_dags/subdags/subdag.py
[2025-08-02T02:00:24.121+0000] {processor.py:842} WARNING - No viable dags retrieved from /home/airflow/.local/lib/python3.8/site-packages/airflow/example_dags/subdags/subdag.py
[2025-08-02T02:00:24.136+0000] {processor.py:183} INFO - Processing /home/airflow/.local/lib/python3.8/site-packages/airflow/example_dags/subdags/subdag.py took 0.032 seconds
[2025-08-02T02:01:12.590+0000] {processor.py:161} INFO - Started process (PID=2074) to work on /home/airflow/.local/lib/python3.8/site-packages/airflow/example_dags/subdags/subdag.py
[2025-08-02T02:01:12.591+0000] {processor.py:830} INFO - Processing file /home/airflow/.local/lib/python3.8/site-packages/airflow/example_dags/subdags/subdag.py for tasks to queue
[2025-08-02T02:01:12.593+0000] {logging_mixin.py:188} INFO - [2025-08-02T02:01:12.593+0000] {dagbag.py:540} INFO - Filling up the DagBag from /home/airflow/.local/lib/python3.8/site-packages/airflow/example_dags/subdags/subdag.py
[2025-08-02T02:01:12.598+0000] {processor.py:842} WARNING - No viable dags retrieved from /home/airflow/.local/lib/python3.8/site-packages/airflow/example_dags/subdags/subdag.py
[2025-08-02T02:01:12.622+0000] {processor.py:183} INFO - Processing /home/airflow/.local/lib/python3.8/site-packages/airflow/example_dags/subdags/subdag.py took 0.036 seconds
[2025-08-02T02:02:41.817+0000] {processor.py:161} INFO - Started process (PID=2175) to work on /home/airflow/.local/lib/python3.8/site-packages/airflow/example_dags/subdags/subdag.py
[2025-08-02T02:02:41.820+0000] {processor.py:830} INFO - Processing file /home/airflow/.local/lib/python3.8/site-packages/airflow/example_dags/subdags/subdag.py for tasks to queue
[2025-08-02T02:02:41.825+0000] {logging_mixin.py:188} INFO - [2025-08-02T02:02:41.824+0000] {dagbag.py:540} INFO - Filling up the DagBag from /home/airflow/.local/lib/python3.8/site-packages/airflow/example_dags/subdags/subdag.py
[2025-08-02T02:02:41.833+0000] {processor.py:842} WARNING - No viable dags retrieved from /home/airflow/.local/lib/python3.8/site-packages/airflow/example_dags/subdags/subdag.py
[2025-08-02T02:02:41.886+0000] {processor.py:183} INFO - Processing /home/airflow/.local/lib/python3.8/site-packages/airflow/example_dags/subdags/subdag.py took 0.079 seconds
[2025-08-02T02:03:21.899+0000] {processor.py:161} INFO - Started process (PID=2233) to work on /home/airflow/.local/lib/python3.8/site-packages/airflow/example_dags/subdags/subdag.py
[2025-08-02T02:03:21.904+0000] {processor.py:830} INFO - Processing file /home/airflow/.local/lib/python3.8/site-packages/airflow/example_dags/subdags/subdag.py for tasks to queue
[2025-08-02T02:03:21.914+0000] {logging_mixin.py:188} INFO - [2025-08-02T02:03:21.913+0000] {dagbag.py:540} INFO - Filling up the DagBag from /home/airflow/.local/lib/python3.8/site-packages/airflow/example_dags/subdags/subdag.py
[2025-08-02T02:03:21.930+0000] {processor.py:842} WARNING - No viable dags retrieved from /home/airflow/.local/lib/python3.8/site-packages/airflow/example_dags/subdags/subdag.py
[2025-08-02T02:03:22.037+0000] {processor.py:183} INFO - Processing /home/airflow/.local/lib/python3.8/site-packages/airflow/example_dags/subdags/subdag.py took 0.153 seconds
[2025-08-02T02:03:54.513+0000] {processor.py:161} INFO - Started process (PID=2288) to work on /home/airflow/.local/lib/python3.8/site-packages/airflow/example_dags/subdags/subdag.py
[2025-08-02T02:03:54.516+0000] {processor.py:830} INFO - Processing file /home/airflow/.local/lib/python3.8/site-packages/airflow/example_dags/subdags/subdag.py for tasks to queue
[2025-08-02T02:03:54.523+0000] {logging_mixin.py:188} INFO - [2025-08-02T02:03:54.523+0000] {dagbag.py:540} INFO - Filling up the DagBag from /home/airflow/.local/lib/python3.8/site-packages/airflow/example_dags/subdags/subdag.py
[2025-08-02T02:03:54.528+0000] {processor.py:842} WARNING - No viable dags retrieved from /home/airflow/.local/lib/python3.8/site-packages/airflow/example_dags/subdags/subdag.py
[2025-08-02T02:03:54.547+0000] {processor.py:183} INFO - Processing /home/airflow/.local/lib/python3.8/site-packages/airflow/example_dags/subdags/subdag.py took 0.053 seconds
[2025-08-02T02:04:27.052+0000] {processor.py:161} INFO - Started process (PID=2350) to work on /home/airflow/.local/lib/python3.8/site-packages/airflow/example_dags/subdags/subdag.py
[2025-08-02T02:04:27.053+0000] {processor.py:830} INFO - Processing file /home/airflow/.local/lib/python3.8/site-packages/airflow/example_dags/subdags/subdag.py for tasks to queue
[2025-08-02T02:04:27.056+0000] {logging_mixin.py:188} INFO - [2025-08-02T02:04:27.056+0000] {dagbag.py:540} INFO - Filling up the DagBag from /home/airflow/.local/lib/python3.8/site-packages/airflow/example_dags/subdags/subdag.py
[2025-08-02T02:04:27.059+0000] {processor.py:842} WARNING - No viable dags retrieved from /home/airflow/.local/lib/python3.8/site-packages/airflow/example_dags/subdags/subdag.py
[2025-08-02T02:04:27.071+0000] {processor.py:183} INFO - Processing /home/airflow/.local/lib/python3.8/site-packages/airflow/example_dags/subdags/subdag.py took 0.023 seconds
[2025-08-02T02:05:10.934+0000] {processor.py:161} INFO - Started process (PID=2406) to work on /home/airflow/.local/lib/python3.8/site-packages/airflow/example_dags/subdags/subdag.py
[2025-08-02T02:05:10.939+0000] {processor.py:830} INFO - Processing file /home/airflow/.local/lib/python3.8/site-packages/airflow/example_dags/subdags/subdag.py for tasks to queue
[2025-08-02T02:05:10.981+0000] {logging_mixin.py:188} INFO - [2025-08-02T02:05:10.979+0000] {dagbag.py:540} INFO - Filling up the DagBag from /home/airflow/.local/lib/python3.8/site-packages/airflow/example_dags/subdags/subdag.py
[2025-08-02T02:05:11.056+0000] {processor.py:842} WARNING - No viable dags retrieved from /home/airflow/.local/lib/python3.8/site-packages/airflow/example_dags/subdags/subdag.py
[2025-08-02T02:05:11.250+0000] {processor.py:183} INFO - Processing /home/airflow/.local/lib/python3.8/site-packages/airflow/example_dags/subdags/subdag.py took 0.391 seconds
[2025-08-02T02:08:37.552+0000] {processor.py:161} INFO - Started process (PID=2467) to work on /home/airflow/.local/lib/python3.8/site-packages/airflow/example_dags/subdags/subdag.py
[2025-08-02T02:08:37.559+0000] {processor.py:830} INFO - Processing file /home/airflow/.local/lib/python3.8/site-packages/airflow/example_dags/subdags/subdag.py for tasks to queue
[2025-08-02T02:08:37.581+0000] {logging_mixin.py:188} INFO - [2025-08-02T02:08:37.570+0000] {dagbag.py:540} INFO - Filling up the DagBag from /home/airflow/.local/lib/python3.8/site-packages/airflow/example_dags/subdags/subdag.py
[2025-08-02T02:08:37.602+0000] {processor.py:842} WARNING - No viable dags retrieved from /home/airflow/.local/lib/python3.8/site-packages/airflow/example_dags/subdags/subdag.py
[2025-08-02T02:08:37.780+0000] {processor.py:183} INFO - Processing /home/airflow/.local/lib/python3.8/site-packages/airflow/example_dags/subdags/subdag.py took 0.242 seconds
[2025-08-02T02:09:13.500+0000] {processor.py:161} INFO - Started process (PID=2525) to work on /home/airflow/.local/lib/python3.8/site-packages/airflow/example_dags/subdags/subdag.py
[2025-08-02T02:09:13.502+0000] {processor.py:830} INFO - Processing file /home/airflow/.local/lib/python3.8/site-packages/airflow/example_dags/subdags/subdag.py for tasks to queue
[2025-08-02T02:09:13.503+0000] {logging_mixin.py:188} INFO - [2025-08-02T02:09:13.503+0000] {dagbag.py:540} INFO - Filling up the DagBag from /home/airflow/.local/lib/python3.8/site-packages/airflow/example_dags/subdags/subdag.py
[2025-08-02T02:09:13.511+0000] {processor.py:842} WARNING - No viable dags retrieved from /home/airflow/.local/lib/python3.8/site-packages/airflow/example_dags/subdags/subdag.py
[2025-08-02T02:09:13.531+0000] {processor.py:183} INFO - Processing /home/airflow/.local/lib/python3.8/site-packages/airflow/example_dags/subdags/subdag.py took 0.039 seconds
[2025-08-02T02:09:55.755+0000] {processor.py:161} INFO - Started process (PID=2592) to work on /home/airflow/.local/lib/python3.8/site-packages/airflow/example_dags/subdags/subdag.py
[2025-08-02T02:09:55.756+0000] {processor.py:830} INFO - Processing file /home/airflow/.local/lib/python3.8/site-packages/airflow/example_dags/subdags/subdag.py for tasks to queue
[2025-08-02T02:09:55.758+0000] {logging_mixin.py:188} INFO - [2025-08-02T02:09:55.757+0000] {dagbag.py:540} INFO - Filling up the DagBag from /home/airflow/.local/lib/python3.8/site-packages/airflow/example_dags/subdags/subdag.py
[2025-08-02T02:09:55.763+0000] {processor.py:842} WARNING - No viable dags retrieved from /home/airflow/.local/lib/python3.8/site-packages/airflow/example_dags/subdags/subdag.py
[2025-08-02T02:09:55.812+0000] {processor.py:183} INFO - Processing /home/airflow/.local/lib/python3.8/site-packages/airflow/example_dags/subdags/subdag.py took 0.062 seconds
[2025-08-02T02:10:38.053+0000] {processor.py:161} INFO - Started process (PID=2656) to work on /home/airflow/.local/lib/python3.8/site-packages/airflow/example_dags/subdags/subdag.py
[2025-08-02T02:10:38.056+0000] {processor.py:830} INFO - Processing file /home/airflow/.local/lib/python3.8/site-packages/airflow/example_dags/subdags/subdag.py for tasks to queue
[2025-08-02T02:10:38.059+0000] {logging_mixin.py:188} INFO - [2025-08-02T02:10:38.058+0000] {dagbag.py:540} INFO - Filling up the DagBag from /home/airflow/.local/lib/python3.8/site-packages/airflow/example_dags/subdags/subdag.py
[2025-08-02T02:10:38.066+0000] {processor.py:842} WARNING - No viable dags retrieved from /home/airflow/.local/lib/python3.8/site-packages/airflow/example_dags/subdags/subdag.py
[2025-08-02T02:10:38.088+0000] {processor.py:183} INFO - Processing /home/airflow/.local/lib/python3.8/site-packages/airflow/example_dags/subdags/subdag.py took 0.055 seconds
[2025-08-02T02:11:13.250+0000] {processor.py:161} INFO - Started process (PID=2716) to work on /home/airflow/.local/lib/python3.8/site-packages/airflow/example_dags/subdags/subdag.py
[2025-08-02T02:11:13.253+0000] {processor.py:830} INFO - Processing file /home/airflow/.local/lib/python3.8/site-packages/airflow/example_dags/subdags/subdag.py for tasks to queue
[2025-08-02T02:11:13.258+0000] {logging_mixin.py:188} INFO - [2025-08-02T02:11:13.255+0000] {dagbag.py:540} INFO - Filling up the DagBag from /home/airflow/.local/lib/python3.8/site-packages/airflow/example_dags/subdags/subdag.py
[2025-08-02T02:11:13.281+0000] {processor.py:842} WARNING - No viable dags retrieved from /home/airflow/.local/lib/python3.8/site-packages/airflow/example_dags/subdags/subdag.py
[2025-08-02T02:11:13.377+0000] {processor.py:183} INFO - Processing /home/airflow/.local/lib/python3.8/site-packages/airflow/example_dags/subdags/subdag.py took 0.138 seconds
[2025-08-02T02:11:44.076+0000] {processor.py:161} INFO - Started process (PID=2773) to work on /home/airflow/.local/lib/python3.8/site-packages/airflow/example_dags/subdags/subdag.py
[2025-08-02T02:11:44.078+0000] {processor.py:830} INFO - Processing file /home/airflow/.local/lib/python3.8/site-packages/airflow/example_dags/subdags/subdag.py for tasks to queue
[2025-08-02T02:11:44.079+0000] {logging_mixin.py:188} INFO - [2025-08-02T02:11:44.078+0000] {dagbag.py:540} INFO - Filling up the DagBag from /home/airflow/.local/lib/python3.8/site-packages/airflow/example_dags/subdags/subdag.py
[2025-08-02T02:11:44.082+0000] {processor.py:842} WARNING - No viable dags retrieved from /home/airflow/.local/lib/python3.8/site-packages/airflow/example_dags/subdags/subdag.py
[2025-08-02T02:11:44.100+0000] {processor.py:183} INFO - Processing /home/airflow/.local/lib/python3.8/site-packages/airflow/example_dags/subdags/subdag.py took 0.038 seconds
[2025-08-02T02:12:26.790+0000] {processor.py:161} INFO - Started process (PID=2829) to work on /home/airflow/.local/lib/python3.8/site-packages/airflow/example_dags/subdags/subdag.py
[2025-08-02T02:12:26.793+0000] {processor.py:830} INFO - Processing file /home/airflow/.local/lib/python3.8/site-packages/airflow/example_dags/subdags/subdag.py for tasks to queue
[2025-08-02T02:12:26.794+0000] {logging_mixin.py:188} INFO - [2025-08-02T02:12:26.794+0000] {dagbag.py:540} INFO - Filling up the DagBag from /home/airflow/.local/lib/python3.8/site-packages/airflow/example_dags/subdags/subdag.py
[2025-08-02T02:12:26.805+0000] {processor.py:842} WARNING - No viable dags retrieved from /home/airflow/.local/lib/python3.8/site-packages/airflow/example_dags/subdags/subdag.py
[2025-08-02T02:12:26.848+0000] {processor.py:183} INFO - Processing /home/airflow/.local/lib/python3.8/site-packages/airflow/example_dags/subdags/subdag.py took 0.065 seconds
[2025-08-02T02:13:09.127+0000] {processor.py:161} INFO - Started process (PID=2902) to work on /home/airflow/.local/lib/python3.8/site-packages/airflow/example_dags/subdags/subdag.py
[2025-08-02T02:13:09.131+0000] {processor.py:830} INFO - Processing file /home/airflow/.local/lib/python3.8/site-packages/airflow/example_dags/subdags/subdag.py for tasks to queue
[2025-08-02T02:13:09.134+0000] {logging_mixin.py:188} INFO - [2025-08-02T02:13:09.134+0000] {dagbag.py:540} INFO - Filling up the DagBag from /home/airflow/.local/lib/python3.8/site-packages/airflow/example_dags/subdags/subdag.py
[2025-08-02T02:13:09.138+0000] {processor.py:842} WARNING - No viable dags retrieved from /home/airflow/.local/lib/python3.8/site-packages/airflow/example_dags/subdags/subdag.py
[2025-08-02T02:13:09.192+0000] {processor.py:183} INFO - Processing /home/airflow/.local/lib/python3.8/site-packages/airflow/example_dags/subdags/subdag.py took 0.068 seconds
[2025-08-02T02:13:49.694+0000] {processor.py:161} INFO - Started process (PID=2978) to work on /home/airflow/.local/lib/python3.8/site-packages/airflow/example_dags/subdags/subdag.py
[2025-08-02T02:13:49.699+0000] {processor.py:830} INFO - Processing file /home/airflow/.local/lib/python3.8/site-packages/airflow/example_dags/subdags/subdag.py for tasks to queue
[2025-08-02T02:13:49.701+0000] {logging_mixin.py:188} INFO - [2025-08-02T02:13:49.700+0000] {dagbag.py:540} INFO - Filling up the DagBag from /home/airflow/.local/lib/python3.8/site-packages/airflow/example_dags/subdags/subdag.py
[2025-08-02T02:13:49.723+0000] {processor.py:842} WARNING - No viable dags retrieved from /home/airflow/.local/lib/python3.8/site-packages/airflow/example_dags/subdags/subdag.py
[2025-08-02T02:13:49.839+0000] {processor.py:183} INFO - Processing /home/airflow/.local/lib/python3.8/site-packages/airflow/example_dags/subdags/subdag.py took 0.156 seconds
[2025-08-02T02:14:20.064+0000] {processor.py:161} INFO - Started process (PID=3034) to work on /home/airflow/.local/lib/python3.8/site-packages/airflow/example_dags/subdags/subdag.py
[2025-08-02T02:14:20.066+0000] {processor.py:830} INFO - Processing file /home/airflow/.local/lib/python3.8/site-packages/airflow/example_dags/subdags/subdag.py for tasks to queue
[2025-08-02T02:14:20.067+0000] {logging_mixin.py:188} INFO - [2025-08-02T02:14:20.067+0000] {dagbag.py:540} INFO - Filling up the DagBag from /home/airflow/.local/lib/python3.8/site-packages/airflow/example_dags/subdags/subdag.py
[2025-08-02T02:14:20.071+0000] {processor.py:842} WARNING - No viable dags retrieved from /home/airflow/.local/lib/python3.8/site-packages/airflow/example_dags/subdags/subdag.py
[2025-08-02T02:14:20.114+0000] {processor.py:183} INFO - Processing /home/airflow/.local/lib/python3.8/site-packages/airflow/example_dags/subdags/subdag.py took 0.058 seconds
[2025-08-02T02:15:08.700+0000] {processor.py:161} INFO - Started process (PID=3102) to work on /home/airflow/.local/lib/python3.8/site-packages/airflow/example_dags/subdags/subdag.py
[2025-08-02T02:15:08.703+0000] {processor.py:830} INFO - Processing file /home/airflow/.local/lib/python3.8/site-packages/airflow/example_dags/subdags/subdag.py for tasks to queue
[2025-08-02T02:15:08.705+0000] {logging_mixin.py:188} INFO - [2025-08-02T02:15:08.704+0000] {dagbag.py:540} INFO - Filling up the DagBag from /home/airflow/.local/lib/python3.8/site-packages/airflow/example_dags/subdags/subdag.py
[2025-08-02T02:15:08.708+0000] {processor.py:842} WARNING - No viable dags retrieved from /home/airflow/.local/lib/python3.8/site-packages/airflow/example_dags/subdags/subdag.py
[2025-08-02T02:15:08.762+0000] {processor.py:183} INFO - Processing /home/airflow/.local/lib/python3.8/site-packages/airflow/example_dags/subdags/subdag.py took 0.068 seconds
[2025-08-02T02:15:48.899+0000] {processor.py:161} INFO - Started process (PID=3167) to work on /home/airflow/.local/lib/python3.8/site-packages/airflow/example_dags/subdags/subdag.py
[2025-08-02T02:15:48.907+0000] {processor.py:830} INFO - Processing file /home/airflow/.local/lib/python3.8/site-packages/airflow/example_dags/subdags/subdag.py for tasks to queue
[2025-08-02T02:15:48.910+0000] {logging_mixin.py:188} INFO - [2025-08-02T02:15:48.910+0000] {dagbag.py:540} INFO - Filling up the DagBag from /home/airflow/.local/lib/python3.8/site-packages/airflow/example_dags/subdags/subdag.py
[2025-08-02T02:15:48.920+0000] {processor.py:842} WARNING - No viable dags retrieved from /home/airflow/.local/lib/python3.8/site-packages/airflow/example_dags/subdags/subdag.py
[2025-08-02T02:15:48.965+0000] {processor.py:183} INFO - Processing /home/airflow/.local/lib/python3.8/site-packages/airflow/example_dags/subdags/subdag.py took 0.072 seconds
[2025-08-02T02:16:34.594+0000] {processor.py:161} INFO - Started process (PID=3228) to work on /home/airflow/.local/lib/python3.8/site-packages/airflow/example_dags/subdags/subdag.py
[2025-08-02T02:16:34.598+0000] {processor.py:830} INFO - Processing file /home/airflow/.local/lib/python3.8/site-packages/airflow/example_dags/subdags/subdag.py for tasks to queue
[2025-08-02T02:16:34.612+0000] {logging_mixin.py:188} INFO - [2025-08-02T02:16:34.601+0000] {dagbag.py:540} INFO - Filling up the DagBag from /home/airflow/.local/lib/python3.8/site-packages/airflow/example_dags/subdags/subdag.py
[2025-08-02T02:16:34.651+0000] {processor.py:842} WARNING - No viable dags retrieved from /home/airflow/.local/lib/python3.8/site-packages/airflow/example_dags/subdags/subdag.py
[2025-08-02T02:16:34.929+0000] {processor.py:183} INFO - Processing /home/airflow/.local/lib/python3.8/site-packages/airflow/example_dags/subdags/subdag.py took 0.373 seconds
[2025-08-02T02:17:15.526+0000] {processor.py:161} INFO - Started process (PID=3284) to work on /home/airflow/.local/lib/python3.8/site-packages/airflow/example_dags/subdags/subdag.py
[2025-08-02T02:17:15.537+0000] {processor.py:830} INFO - Processing file /home/airflow/.local/lib/python3.8/site-packages/airflow/example_dags/subdags/subdag.py for tasks to queue
[2025-08-02T02:17:15.543+0000] {logging_mixin.py:188} INFO - [2025-08-02T02:17:15.541+0000] {dagbag.py:540} INFO - Filling up the DagBag from /home/airflow/.local/lib/python3.8/site-packages/airflow/example_dags/subdags/subdag.py
[2025-08-02T02:17:15.563+0000] {processor.py:842} WARNING - No viable dags retrieved from /home/airflow/.local/lib/python3.8/site-packages/airflow/example_dags/subdags/subdag.py
[2025-08-02T02:17:15.622+0000] {processor.py:183} INFO - Processing /home/airflow/.local/lib/python3.8/site-packages/airflow/example_dags/subdags/subdag.py took 0.113 seconds
[2025-08-02T02:18:13.718+0000] {processor.py:161} INFO - Started process (PID=3344) to work on /home/airflow/.local/lib/python3.8/site-packages/airflow/example_dags/subdags/subdag.py
[2025-08-02T02:18:13.735+0000] {processor.py:830} INFO - Processing file /home/airflow/.local/lib/python3.8/site-packages/airflow/example_dags/subdags/subdag.py for tasks to queue
[2025-08-02T02:18:13.760+0000] {logging_mixin.py:188} INFO - [2025-08-02T02:18:13.758+0000] {dagbag.py:540} INFO - Filling up the DagBag from /home/airflow/.local/lib/python3.8/site-packages/airflow/example_dags/subdags/subdag.py
[2025-08-02T02:18:13.818+0000] {processor.py:842} WARNING - No viable dags retrieved from /home/airflow/.local/lib/python3.8/site-packages/airflow/example_dags/subdags/subdag.py
[2025-08-02T02:18:14.494+0000] {processor.py:183} INFO - Processing /home/airflow/.local/lib/python3.8/site-packages/airflow/example_dags/subdags/subdag.py took 0.846 seconds
[2025-08-02T02:19:05.402+0000] {processor.py:161} INFO - Started process (PID=3415) to work on /home/airflow/.local/lib/python3.8/site-packages/airflow/example_dags/subdags/subdag.py
[2025-08-02T02:19:05.405+0000] {processor.py:830} INFO - Processing file /home/airflow/.local/lib/python3.8/site-packages/airflow/example_dags/subdags/subdag.py for tasks to queue
[2025-08-02T02:19:05.408+0000] {logging_mixin.py:188} INFO - [2025-08-02T02:19:05.407+0000] {dagbag.py:540} INFO - Filling up the DagBag from /home/airflow/.local/lib/python3.8/site-packages/airflow/example_dags/subdags/subdag.py
[2025-08-02T02:19:05.420+0000] {processor.py:842} WARNING - No viable dags retrieved from /home/airflow/.local/lib/python3.8/site-packages/airflow/example_dags/subdags/subdag.py
[2025-08-02T02:19:05.486+0000] {processor.py:183} INFO - Processing /home/airflow/.local/lib/python3.8/site-packages/airflow/example_dags/subdags/subdag.py took 0.089 seconds
[2025-08-02T02:19:39.419+0000] {processor.py:161} INFO - Started process (PID=3471) to work on /home/airflow/.local/lib/python3.8/site-packages/airflow/example_dags/subdags/subdag.py
[2025-08-02T02:19:39.421+0000] {processor.py:830} INFO - Processing file /home/airflow/.local/lib/python3.8/site-packages/airflow/example_dags/subdags/subdag.py for tasks to queue
[2025-08-02T02:19:39.423+0000] {logging_mixin.py:188} INFO - [2025-08-02T02:19:39.423+0000] {dagbag.py:540} INFO - Filling up the DagBag from /home/airflow/.local/lib/python3.8/site-packages/airflow/example_dags/subdags/subdag.py
[2025-08-02T02:19:39.430+0000] {processor.py:842} WARNING - No viable dags retrieved from /home/airflow/.local/lib/python3.8/site-packages/airflow/example_dags/subdags/subdag.py
[2025-08-02T02:19:39.465+0000] {processor.py:183} INFO - Processing /home/airflow/.local/lib/python3.8/site-packages/airflow/example_dags/subdags/subdag.py took 0.062 seconds
[2025-08-02T02:20:11.380+0000] {processor.py:161} INFO - Started process (PID=3526) to work on /home/airflow/.local/lib/python3.8/site-packages/airflow/example_dags/subdags/subdag.py
[2025-08-02T02:20:11.628+0000] {processor.py:830} INFO - Processing file /home/airflow/.local/lib/python3.8/site-packages/airflow/example_dags/subdags/subdag.py for tasks to queue
[2025-08-02T02:20:11.683+0000] {logging_mixin.py:188} INFO - [2025-08-02T02:20:11.676+0000] {dagbag.py:540} INFO - Filling up the DagBag from /home/airflow/.local/lib/python3.8/site-packages/airflow/example_dags/subdags/subdag.py
[2025-08-02T02:20:11.710+0000] {processor.py:842} WARNING - No viable dags retrieved from /home/airflow/.local/lib/python3.8/site-packages/airflow/example_dags/subdags/subdag.py
[2025-08-02T02:20:12.785+0000] {processor.py:183} INFO - Processing /home/airflow/.local/lib/python3.8/site-packages/airflow/example_dags/subdags/subdag.py took 1.414 seconds
[2025-08-02T02:20:44.726+0000] {processor.py:161} INFO - Started process (PID=3583) to work on /home/airflow/.local/lib/python3.8/site-packages/airflow/example_dags/subdags/subdag.py
[2025-08-02T02:20:44.727+0000] {processor.py:830} INFO - Processing file /home/airflow/.local/lib/python3.8/site-packages/airflow/example_dags/subdags/subdag.py for tasks to queue
[2025-08-02T02:20:44.728+0000] {logging_mixin.py:188} INFO - [2025-08-02T02:20:44.728+0000] {dagbag.py:540} INFO - Filling up the DagBag from /home/airflow/.local/lib/python3.8/site-packages/airflow/example_dags/subdags/subdag.py
[2025-08-02T02:20:44.730+0000] {processor.py:842} WARNING - No viable dags retrieved from /home/airflow/.local/lib/python3.8/site-packages/airflow/example_dags/subdags/subdag.py
[2025-08-02T02:20:44.740+0000] {processor.py:183} INFO - Processing /home/airflow/.local/lib/python3.8/site-packages/airflow/example_dags/subdags/subdag.py took 0.016 seconds
[2025-08-02T02:21:15.713+0000] {processor.py:161} INFO - Started process (PID=3641) to work on /home/airflow/.local/lib/python3.8/site-packages/airflow/example_dags/subdags/subdag.py
[2025-08-02T02:21:15.724+0000] {processor.py:830} INFO - Processing file /home/airflow/.local/lib/python3.8/site-packages/airflow/example_dags/subdags/subdag.py for tasks to queue
[2025-08-02T02:21:15.729+0000] {logging_mixin.py:188} INFO - [2025-08-02T02:21:15.727+0000] {dagbag.py:540} INFO - Filling up the DagBag from /home/airflow/.local/lib/python3.8/site-packages/airflow/example_dags/subdags/subdag.py
[2025-08-02T02:21:15.740+0000] {processor.py:842} WARNING - No viable dags retrieved from /home/airflow/.local/lib/python3.8/site-packages/airflow/example_dags/subdags/subdag.py
[2025-08-02T02:21:15.765+0000] {processor.py:183} INFO - Processing /home/airflow/.local/lib/python3.8/site-packages/airflow/example_dags/subdags/subdag.py took 0.068 seconds
[2025-08-02T02:21:51.429+0000] {processor.py:161} INFO - Started process (PID=3697) to work on /home/airflow/.local/lib/python3.8/site-packages/airflow/example_dags/subdags/subdag.py
[2025-08-02T02:21:51.439+0000] {processor.py:830} INFO - Processing file /home/airflow/.local/lib/python3.8/site-packages/airflow/example_dags/subdags/subdag.py for tasks to queue
[2025-08-02T02:21:51.443+0000] {logging_mixin.py:188} INFO - [2025-08-02T02:21:51.441+0000] {dagbag.py:540} INFO - Filling up the DagBag from /home/airflow/.local/lib/python3.8/site-packages/airflow/example_dags/subdags/subdag.py
[2025-08-02T02:21:51.460+0000] {processor.py:842} WARNING - No viable dags retrieved from /home/airflow/.local/lib/python3.8/site-packages/airflow/example_dags/subdags/subdag.py
[2025-08-02T02:21:51.531+0000] {processor.py:183} INFO - Processing /home/airflow/.local/lib/python3.8/site-packages/airflow/example_dags/subdags/subdag.py took 0.158 seconds
[2025-08-02T02:22:25.158+0000] {processor.py:161} INFO - Started process (PID=3759) to work on /home/airflow/.local/lib/python3.8/site-packages/airflow/example_dags/subdags/subdag.py
[2025-08-02T02:22:25.159+0000] {processor.py:830} INFO - Processing file /home/airflow/.local/lib/python3.8/site-packages/airflow/example_dags/subdags/subdag.py for tasks to queue
[2025-08-02T02:22:25.161+0000] {logging_mixin.py:188} INFO - [2025-08-02T02:22:25.161+0000] {dagbag.py:540} INFO - Filling up the DagBag from /home/airflow/.local/lib/python3.8/site-packages/airflow/example_dags/subdags/subdag.py
[2025-08-02T02:22:25.183+0000] {processor.py:842} WARNING - No viable dags retrieved from /home/airflow/.local/lib/python3.8/site-packages/airflow/example_dags/subdags/subdag.py
[2025-08-02T02:22:25.339+0000] {processor.py:183} INFO - Processing /home/airflow/.local/lib/python3.8/site-packages/airflow/example_dags/subdags/subdag.py took 0.185 seconds
[2025-08-02T02:22:56.367+0000] {processor.py:161} INFO - Started process (PID=3816) to work on /home/airflow/.local/lib/python3.8/site-packages/airflow/example_dags/subdags/subdag.py
[2025-08-02T02:22:56.368+0000] {processor.py:830} INFO - Processing file /home/airflow/.local/lib/python3.8/site-packages/airflow/example_dags/subdags/subdag.py for tasks to queue
[2025-08-02T02:22:56.369+0000] {logging_mixin.py:188} INFO - [2025-08-02T02:22:56.369+0000] {dagbag.py:540} INFO - Filling up the DagBag from /home/airflow/.local/lib/python3.8/site-packages/airflow/example_dags/subdags/subdag.py
[2025-08-02T02:22:56.371+0000] {processor.py:842} WARNING - No viable dags retrieved from /home/airflow/.local/lib/python3.8/site-packages/airflow/example_dags/subdags/subdag.py
[2025-08-02T02:22:56.381+0000] {processor.py:183} INFO - Processing /home/airflow/.local/lib/python3.8/site-packages/airflow/example_dags/subdags/subdag.py took 0.016 seconds
[2025-08-02T02:23:32.138+0000] {processor.py:161} INFO - Started process (PID=3874) to work on /home/airflow/.local/lib/python3.8/site-packages/airflow/example_dags/subdags/subdag.py
[2025-08-02T02:23:32.145+0000] {processor.py:830} INFO - Processing file /home/airflow/.local/lib/python3.8/site-packages/airflow/example_dags/subdags/subdag.py for tasks to queue
[2025-08-02T02:23:32.150+0000] {logging_mixin.py:188} INFO - [2025-08-02T02:23:32.148+0000] {dagbag.py:540} INFO - Filling up the DagBag from /home/airflow/.local/lib/python3.8/site-packages/airflow/example_dags/subdags/subdag.py
[2025-08-02T02:23:32.184+0000] {processor.py:842} WARNING - No viable dags retrieved from /home/airflow/.local/lib/python3.8/site-packages/airflow/example_dags/subdags/subdag.py
[2025-08-02T02:23:32.327+0000] {processor.py:183} INFO - Processing /home/airflow/.local/lib/python3.8/site-packages/airflow/example_dags/subdags/subdag.py took 0.219 seconds
[2025-08-02T02:24:03.334+0000] {processor.py:161} INFO - Started process (PID=3930) to work on /home/airflow/.local/lib/python3.8/site-packages/airflow/example_dags/subdags/subdag.py
[2025-08-02T02:24:03.336+0000] {processor.py:830} INFO - Processing file /home/airflow/.local/lib/python3.8/site-packages/airflow/example_dags/subdags/subdag.py for tasks to queue
[2025-08-02T02:24:03.337+0000] {logging_mixin.py:188} INFO - [2025-08-02T02:24:03.337+0000] {dagbag.py:540} INFO - Filling up the DagBag from /home/airflow/.local/lib/python3.8/site-packages/airflow/example_dags/subdags/subdag.py
[2025-08-02T02:24:03.341+0000] {processor.py:842} WARNING - No viable dags retrieved from /home/airflow/.local/lib/python3.8/site-packages/airflow/example_dags/subdags/subdag.py
[2025-08-02T02:24:03.360+0000] {processor.py:183} INFO - Processing /home/airflow/.local/lib/python3.8/site-packages/airflow/example_dags/subdags/subdag.py took 0.031 seconds
[2025-08-02T02:24:37.077+0000] {processor.py:161} INFO - Started process (PID=3985) to work on /home/airflow/.local/lib/python3.8/site-packages/airflow/example_dags/subdags/subdag.py
[2025-08-02T02:24:37.083+0000] {processor.py:830} INFO - Processing file /home/airflow/.local/lib/python3.8/site-packages/airflow/example_dags/subdags/subdag.py for tasks to queue
[2025-08-02T02:24:37.091+0000] {logging_mixin.py:188} INFO - [2025-08-02T02:24:37.090+0000] {dagbag.py:540} INFO - Filling up the DagBag from /home/airflow/.local/lib/python3.8/site-packages/airflow/example_dags/subdags/subdag.py
[2025-08-02T02:24:37.099+0000] {processor.py:842} WARNING - No viable dags retrieved from /home/airflow/.local/lib/python3.8/site-packages/airflow/example_dags/subdags/subdag.py
[2025-08-02T02:24:37.118+0000] {processor.py:183} INFO - Processing /home/airflow/.local/lib/python3.8/site-packages/airflow/example_dags/subdags/subdag.py took 0.045 seconds
[2025-08-02T02:25:41.980+0000] {processor.py:161} INFO - Started process (PID=4074) to work on /home/airflow/.local/lib/python3.8/site-packages/airflow/example_dags/subdags/subdag.py
[2025-08-02T02:25:41.985+0000] {processor.py:830} INFO - Processing file /home/airflow/.local/lib/python3.8/site-packages/airflow/example_dags/subdags/subdag.py for tasks to queue
[2025-08-02T02:25:41.989+0000] {logging_mixin.py:188} INFO - [2025-08-02T02:25:41.988+0000] {dagbag.py:540} INFO - Filling up the DagBag from /home/airflow/.local/lib/python3.8/site-packages/airflow/example_dags/subdags/subdag.py
[2025-08-02T02:25:42.003+0000] {processor.py:842} WARNING - No viable dags retrieved from /home/airflow/.local/lib/python3.8/site-packages/airflow/example_dags/subdags/subdag.py
[2025-08-02T02:25:42.068+0000] {processor.py:183} INFO - Processing /home/airflow/.local/lib/python3.8/site-packages/airflow/example_dags/subdags/subdag.py took 0.110 seconds
[2025-08-02T02:26:23.808+0000] {processor.py:161} INFO - Started process (PID=4147) to work on /home/airflow/.local/lib/python3.8/site-packages/airflow/example_dags/subdags/subdag.py
[2025-08-02T02:26:23.811+0000] {processor.py:830} INFO - Processing file /home/airflow/.local/lib/python3.8/site-packages/airflow/example_dags/subdags/subdag.py for tasks to queue
[2025-08-02T02:26:23.811+0000] {logging_mixin.py:188} INFO - [2025-08-02T02:26:23.811+0000] {dagbag.py:540} INFO - Filling up the DagBag from /home/airflow/.local/lib/python3.8/site-packages/airflow/example_dags/subdags/subdag.py
[2025-08-02T02:26:23.817+0000] {processor.py:842} WARNING - No viable dags retrieved from /home/airflow/.local/lib/python3.8/site-packages/airflow/example_dags/subdags/subdag.py
[2025-08-02T02:26:23.863+0000] {processor.py:183} INFO - Processing /home/airflow/.local/lib/python3.8/site-packages/airflow/example_dags/subdags/subdag.py took 0.059 seconds
[2025-08-02T02:27:21.406+0000] {processor.py:161} INFO - Started process (PID=4226) to work on /home/airflow/.local/lib/python3.8/site-packages/airflow/example_dags/subdags/subdag.py
[2025-08-02T02:27:21.411+0000] {processor.py:830} INFO - Processing file /home/airflow/.local/lib/python3.8/site-packages/airflow/example_dags/subdags/subdag.py for tasks to queue
[2025-08-02T02:27:21.413+0000] {logging_mixin.py:188} INFO - [2025-08-02T02:27:21.413+0000] {dagbag.py:540} INFO - Filling up the DagBag from /home/airflow/.local/lib/python3.8/site-packages/airflow/example_dags/subdags/subdag.py
[2025-08-02T02:27:21.483+0000] {processor.py:842} WARNING - No viable dags retrieved from /home/airflow/.local/lib/python3.8/site-packages/airflow/example_dags/subdags/subdag.py
[2025-08-02T02:27:21.633+0000] {processor.py:183} INFO - Processing /home/airflow/.local/lib/python3.8/site-packages/airflow/example_dags/subdags/subdag.py took 0.246 seconds
[2025-08-02T02:27:52.106+0000] {processor.py:161} INFO - Started process (PID=4281) to work on /home/airflow/.local/lib/python3.8/site-packages/airflow/example_dags/subdags/subdag.py
[2025-08-02T02:27:52.114+0000] {processor.py:830} INFO - Processing file /home/airflow/.local/lib/python3.8/site-packages/airflow/example_dags/subdags/subdag.py for tasks to queue
[2025-08-02T02:27:52.122+0000] {logging_mixin.py:188} INFO - [2025-08-02T02:27:52.119+0000] {dagbag.py:540} INFO - Filling up the DagBag from /home/airflow/.local/lib/python3.8/site-packages/airflow/example_dags/subdags/subdag.py
[2025-08-02T02:27:52.156+0000] {processor.py:842} WARNING - No viable dags retrieved from /home/airflow/.local/lib/python3.8/site-packages/airflow/example_dags/subdags/subdag.py
[2025-08-02T02:27:52.423+0000] {processor.py:183} INFO - Processing /home/airflow/.local/lib/python3.8/site-packages/airflow/example_dags/subdags/subdag.py took 0.355 seconds
[2025-08-02T02:28:27.680+0000] {processor.py:161} INFO - Started process (PID=4341) to work on /home/airflow/.local/lib/python3.8/site-packages/airflow/example_dags/subdags/subdag.py
[2025-08-02T02:28:27.709+0000] {processor.py:830} INFO - Processing file /home/airflow/.local/lib/python3.8/site-packages/airflow/example_dags/subdags/subdag.py for tasks to queue
[2025-08-02T02:28:27.749+0000] {logging_mixin.py:188} INFO - [2025-08-02T02:28:27.742+0000] {dagbag.py:540} INFO - Filling up the DagBag from /home/airflow/.local/lib/python3.8/site-packages/airflow/example_dags/subdags/subdag.py
[2025-08-02T02:28:27.865+0000] {processor.py:842} WARNING - No viable dags retrieved from /home/airflow/.local/lib/python3.8/site-packages/airflow/example_dags/subdags/subdag.py
[2025-08-02T02:28:28.334+0000] {processor.py:183} INFO - Processing /home/airflow/.local/lib/python3.8/site-packages/airflow/example_dags/subdags/subdag.py took 0.674 seconds
[2025-08-02T02:29:16.777+0000] {processor.py:161} INFO - Started process (PID=4410) to work on /home/airflow/.local/lib/python3.8/site-packages/airflow/example_dags/subdags/subdag.py
[2025-08-02T02:29:16.790+0000] {processor.py:830} INFO - Processing file /home/airflow/.local/lib/python3.8/site-packages/airflow/example_dags/subdags/subdag.py for tasks to queue
[2025-08-02T02:29:16.795+0000] {logging_mixin.py:188} INFO - [2025-08-02T02:29:16.794+0000] {dagbag.py:540} INFO - Filling up the DagBag from /home/airflow/.local/lib/python3.8/site-packages/airflow/example_dags/subdags/subdag.py
[2025-08-02T02:29:16.812+0000] {processor.py:842} WARNING - No viable dags retrieved from /home/airflow/.local/lib/python3.8/site-packages/airflow/example_dags/subdags/subdag.py
[2025-08-02T02:29:16.905+0000] {processor.py:183} INFO - Processing /home/airflow/.local/lib/python3.8/site-packages/airflow/example_dags/subdags/subdag.py took 0.175 seconds
[2025-08-02T02:30:21.542+0000] {processor.py:161} INFO - Started process (PID=4501) to work on /home/airflow/.local/lib/python3.8/site-packages/airflow/example_dags/subdags/subdag.py
[2025-08-02T02:30:21.544+0000] {processor.py:830} INFO - Processing file /home/airflow/.local/lib/python3.8/site-packages/airflow/example_dags/subdags/subdag.py for tasks to queue
[2025-08-02T02:30:21.544+0000] {logging_mixin.py:188} INFO - [2025-08-02T02:30:21.544+0000] {dagbag.py:540} INFO - Filling up the DagBag from /home/airflow/.local/lib/python3.8/site-packages/airflow/example_dags/subdags/subdag.py
[2025-08-02T02:30:21.548+0000] {processor.py:842} WARNING - No viable dags retrieved from /home/airflow/.local/lib/python3.8/site-packages/airflow/example_dags/subdags/subdag.py
[2025-08-02T02:30:21.578+0000] {processor.py:183} INFO - Processing /home/airflow/.local/lib/python3.8/site-packages/airflow/example_dags/subdags/subdag.py took 0.040 seconds
[2025-08-02T02:30:55.632+0000] {processor.py:161} INFO - Started process (PID=4559) to work on /home/airflow/.local/lib/python3.8/site-packages/airflow/example_dags/subdags/subdag.py
[2025-08-02T02:30:55.638+0000] {processor.py:830} INFO - Processing file /home/airflow/.local/lib/python3.8/site-packages/airflow/example_dags/subdags/subdag.py for tasks to queue
[2025-08-02T02:30:55.643+0000] {logging_mixin.py:188} INFO - [2025-08-02T02:30:55.641+0000] {dagbag.py:540} INFO - Filling up the DagBag from /home/airflow/.local/lib/python3.8/site-packages/airflow/example_dags/subdags/subdag.py
[2025-08-02T02:30:55.657+0000] {processor.py:842} WARNING - No viable dags retrieved from /home/airflow/.local/lib/python3.8/site-packages/airflow/example_dags/subdags/subdag.py
[2025-08-02T02:30:55.686+0000] {processor.py:183} INFO - Processing /home/airflow/.local/lib/python3.8/site-packages/airflow/example_dags/subdags/subdag.py took 0.071 seconds
[2025-08-02T02:36:59.849+0000] {processor.py:161} INFO - Started process (PID=112) to work on /home/airflow/.local/lib/python3.8/site-packages/airflow/example_dags/subdags/subdag.py
[2025-08-02T02:36:59.852+0000] {processor.py:830} INFO - Processing file /home/airflow/.local/lib/python3.8/site-packages/airflow/example_dags/subdags/subdag.py for tasks to queue
[2025-08-02T02:36:59.855+0000] {logging_mixin.py:188} INFO - [2025-08-02T02:36:59.855+0000] {dagbag.py:540} INFO - Filling up the DagBag from /home/airflow/.local/lib/python3.8/site-packages/airflow/example_dags/subdags/subdag.py
[2025-08-02T02:36:59.861+0000] {processor.py:842} WARNING - No viable dags retrieved from /home/airflow/.local/lib/python3.8/site-packages/airflow/example_dags/subdags/subdag.py
[2025-08-02T02:36:59.879+0000] {processor.py:183} INFO - Processing /home/airflow/.local/lib/python3.8/site-packages/airflow/example_dags/subdags/subdag.py took 0.036 seconds
[2025-08-02T02:37:30.769+0000] {processor.py:161} INFO - Started process (PID=166) to work on /home/airflow/.local/lib/python3.8/site-packages/airflow/example_dags/subdags/subdag.py
[2025-08-02T02:37:30.777+0000] {processor.py:830} INFO - Processing file /home/airflow/.local/lib/python3.8/site-packages/airflow/example_dags/subdags/subdag.py for tasks to queue
[2025-08-02T02:37:30.780+0000] {logging_mixin.py:188} INFO - [2025-08-02T02:37:30.780+0000] {dagbag.py:540} INFO - Filling up the DagBag from /home/airflow/.local/lib/python3.8/site-packages/airflow/example_dags/subdags/subdag.py
[2025-08-02T02:37:30.785+0000] {processor.py:842} WARNING - No viable dags retrieved from /home/airflow/.local/lib/python3.8/site-packages/airflow/example_dags/subdags/subdag.py
[2025-08-02T02:37:30.827+0000] {processor.py:183} INFO - Processing /home/airflow/.local/lib/python3.8/site-packages/airflow/example_dags/subdags/subdag.py took 0.067 seconds
[2025-08-02T02:38:01.345+0000] {processor.py:161} INFO - Started process (PID=222) to work on /home/airflow/.local/lib/python3.8/site-packages/airflow/example_dags/subdags/subdag.py
[2025-08-02T02:38:01.349+0000] {processor.py:830} INFO - Processing file /home/airflow/.local/lib/python3.8/site-packages/airflow/example_dags/subdags/subdag.py for tasks to queue
[2025-08-02T02:38:01.350+0000] {logging_mixin.py:188} INFO - [2025-08-02T02:38:01.350+0000] {dagbag.py:540} INFO - Filling up the DagBag from /home/airflow/.local/lib/python3.8/site-packages/airflow/example_dags/subdags/subdag.py
[2025-08-02T02:38:01.351+0000] {processor.py:842} WARNING - No viable dags retrieved from /home/airflow/.local/lib/python3.8/site-packages/airflow/example_dags/subdags/subdag.py
[2025-08-02T02:38:01.362+0000] {processor.py:183} INFO - Processing /home/airflow/.local/lib/python3.8/site-packages/airflow/example_dags/subdags/subdag.py took 0.019 seconds
[2025-08-02T02:38:32.795+0000] {processor.py:161} INFO - Started process (PID=278) to work on /home/airflow/.local/lib/python3.8/site-packages/airflow/example_dags/subdags/subdag.py
[2025-08-02T02:38:32.799+0000] {processor.py:830} INFO - Processing file /home/airflow/.local/lib/python3.8/site-packages/airflow/example_dags/subdags/subdag.py for tasks to queue
[2025-08-02T02:38:32.803+0000] {logging_mixin.py:188} INFO - [2025-08-02T02:38:32.803+0000] {dagbag.py:540} INFO - Filling up the DagBag from /home/airflow/.local/lib/python3.8/site-packages/airflow/example_dags/subdags/subdag.py
[2025-08-02T02:38:32.811+0000] {processor.py:842} WARNING - No viable dags retrieved from /home/airflow/.local/lib/python3.8/site-packages/airflow/example_dags/subdags/subdag.py
[2025-08-02T02:38:32.845+0000] {processor.py:183} INFO - Processing /home/airflow/.local/lib/python3.8/site-packages/airflow/example_dags/subdags/subdag.py took 0.058 seconds
[2025-08-02T02:39:04.044+0000] {processor.py:161} INFO - Started process (PID=334) to work on /home/airflow/.local/lib/python3.8/site-packages/airflow/example_dags/subdags/subdag.py
[2025-08-02T02:39:04.047+0000] {processor.py:830} INFO - Processing file /home/airflow/.local/lib/python3.8/site-packages/airflow/example_dags/subdags/subdag.py for tasks to queue
[2025-08-02T02:39:04.060+0000] {logging_mixin.py:188} INFO - [2025-08-02T02:39:04.053+0000] {dagbag.py:540} INFO - Filling up the DagBag from /home/airflow/.local/lib/python3.8/site-packages/airflow/example_dags/subdags/subdag.py
[2025-08-02T02:39:04.092+0000] {processor.py:842} WARNING - No viable dags retrieved from /home/airflow/.local/lib/python3.8/site-packages/airflow/example_dags/subdags/subdag.py
[2025-08-02T02:39:04.177+0000] {processor.py:183} INFO - Processing /home/airflow/.local/lib/python3.8/site-packages/airflow/example_dags/subdags/subdag.py took 0.147 seconds
[2025-08-02T02:39:34.736+0000] {processor.py:161} INFO - Started process (PID=389) to work on /home/airflow/.local/lib/python3.8/site-packages/airflow/example_dags/subdags/subdag.py
[2025-08-02T02:39:34.739+0000] {processor.py:830} INFO - Processing file /home/airflow/.local/lib/python3.8/site-packages/airflow/example_dags/subdags/subdag.py for tasks to queue
[2025-08-02T02:39:34.741+0000] {logging_mixin.py:188} INFO - [2025-08-02T02:39:34.740+0000] {dagbag.py:540} INFO - Filling up the DagBag from /home/airflow/.local/lib/python3.8/site-packages/airflow/example_dags/subdags/subdag.py
[2025-08-02T02:39:34.743+0000] {processor.py:842} WARNING - No viable dags retrieved from /home/airflow/.local/lib/python3.8/site-packages/airflow/example_dags/subdags/subdag.py
[2025-08-02T02:39:34.749+0000] {processor.py:183} INFO - Processing /home/airflow/.local/lib/python3.8/site-packages/airflow/example_dags/subdags/subdag.py took 0.016 seconds
[2025-08-02T02:40:05.377+0000] {processor.py:161} INFO - Started process (PID=445) to work on /home/airflow/.local/lib/python3.8/site-packages/airflow/example_dags/subdags/subdag.py
[2025-08-02T02:40:05.378+0000] {processor.py:830} INFO - Processing file /home/airflow/.local/lib/python3.8/site-packages/airflow/example_dags/subdags/subdag.py for tasks to queue
[2025-08-02T02:40:05.379+0000] {logging_mixin.py:188} INFO - [2025-08-02T02:40:05.379+0000] {dagbag.py:540} INFO - Filling up the DagBag from /home/airflow/.local/lib/python3.8/site-packages/airflow/example_dags/subdags/subdag.py
[2025-08-02T02:40:05.381+0000] {processor.py:842} WARNING - No viable dags retrieved from /home/airflow/.local/lib/python3.8/site-packages/airflow/example_dags/subdags/subdag.py
[2025-08-02T02:40:05.388+0000] {processor.py:183} INFO - Processing /home/airflow/.local/lib/python3.8/site-packages/airflow/example_dags/subdags/subdag.py took 0.014 seconds
[2025-08-02T02:40:36.061+0000] {processor.py:161} INFO - Started process (PID=501) to work on /home/airflow/.local/lib/python3.8/site-packages/airflow/example_dags/subdags/subdag.py
[2025-08-02T02:40:36.063+0000] {processor.py:830} INFO - Processing file /home/airflow/.local/lib/python3.8/site-packages/airflow/example_dags/subdags/subdag.py for tasks to queue
[2025-08-02T02:40:36.066+0000] {logging_mixin.py:188} INFO - [2025-08-02T02:40:36.066+0000] {dagbag.py:540} INFO - Filling up the DagBag from /home/airflow/.local/lib/python3.8/site-packages/airflow/example_dags/subdags/subdag.py
[2025-08-02T02:40:36.070+0000] {processor.py:842} WARNING - No viable dags retrieved from /home/airflow/.local/lib/python3.8/site-packages/airflow/example_dags/subdags/subdag.py
[2025-08-02T02:40:36.081+0000] {processor.py:183} INFO - Processing /home/airflow/.local/lib/python3.8/site-packages/airflow/example_dags/subdags/subdag.py took 0.024 seconds
[2025-08-02T02:41:06.817+0000] {processor.py:161} INFO - Started process (PID=557) to work on /home/airflow/.local/lib/python3.8/site-packages/airflow/example_dags/subdags/subdag.py
[2025-08-02T02:41:06.819+0000] {processor.py:830} INFO - Processing file /home/airflow/.local/lib/python3.8/site-packages/airflow/example_dags/subdags/subdag.py for tasks to queue
[2025-08-02T02:41:06.821+0000] {logging_mixin.py:188} INFO - [2025-08-02T02:41:06.821+0000] {dagbag.py:540} INFO - Filling up the DagBag from /home/airflow/.local/lib/python3.8/site-packages/airflow/example_dags/subdags/subdag.py
[2025-08-02T02:41:06.829+0000] {processor.py:842} WARNING - No viable dags retrieved from /home/airflow/.local/lib/python3.8/site-packages/airflow/example_dags/subdags/subdag.py
[2025-08-02T02:41:06.878+0000] {processor.py:183} INFO - Processing /home/airflow/.local/lib/python3.8/site-packages/airflow/example_dags/subdags/subdag.py took 0.075 seconds
[2025-08-02T02:41:37.680+0000] {processor.py:161} INFO - Started process (PID=613) to work on /home/airflow/.local/lib/python3.8/site-packages/airflow/example_dags/subdags/subdag.py
[2025-08-02T02:41:37.681+0000] {processor.py:830} INFO - Processing file /home/airflow/.local/lib/python3.8/site-packages/airflow/example_dags/subdags/subdag.py for tasks to queue
[2025-08-02T02:41:37.683+0000] {logging_mixin.py:188} INFO - [2025-08-02T02:41:37.683+0000] {dagbag.py:540} INFO - Filling up the DagBag from /home/airflow/.local/lib/python3.8/site-packages/airflow/example_dags/subdags/subdag.py
[2025-08-02T02:41:37.687+0000] {processor.py:842} WARNING - No viable dags retrieved from /home/airflow/.local/lib/python3.8/site-packages/airflow/example_dags/subdags/subdag.py
[2025-08-02T02:41:37.703+0000] {processor.py:183} INFO - Processing /home/airflow/.local/lib/python3.8/site-packages/airflow/example_dags/subdags/subdag.py took 0.026 seconds
[2025-08-02T02:42:08.902+0000] {processor.py:161} INFO - Started process (PID=669) to work on /home/airflow/.local/lib/python3.8/site-packages/airflow/example_dags/subdags/subdag.py
[2025-08-02T02:42:08.903+0000] {processor.py:830} INFO - Processing file /home/airflow/.local/lib/python3.8/site-packages/airflow/example_dags/subdags/subdag.py for tasks to queue
[2025-08-02T02:42:08.904+0000] {logging_mixin.py:188} INFO - [2025-08-02T02:42:08.904+0000] {dagbag.py:540} INFO - Filling up the DagBag from /home/airflow/.local/lib/python3.8/site-packages/airflow/example_dags/subdags/subdag.py
[2025-08-02T02:42:08.906+0000] {processor.py:842} WARNING - No viable dags retrieved from /home/airflow/.local/lib/python3.8/site-packages/airflow/example_dags/subdags/subdag.py
[2025-08-02T02:42:08.918+0000] {processor.py:183} INFO - Processing /home/airflow/.local/lib/python3.8/site-packages/airflow/example_dags/subdags/subdag.py took 0.019 seconds
[2025-08-02T02:42:39.422+0000] {processor.py:161} INFO - Started process (PID=725) to work on /home/airflow/.local/lib/python3.8/site-packages/airflow/example_dags/subdags/subdag.py
[2025-08-02T02:42:39.424+0000] {processor.py:830} INFO - Processing file /home/airflow/.local/lib/python3.8/site-packages/airflow/example_dags/subdags/subdag.py for tasks to queue
[2025-08-02T02:42:39.425+0000] {logging_mixin.py:188} INFO - [2025-08-02T02:42:39.425+0000] {dagbag.py:540} INFO - Filling up the DagBag from /home/airflow/.local/lib/python3.8/site-packages/airflow/example_dags/subdags/subdag.py
[2025-08-02T02:42:39.427+0000] {processor.py:842} WARNING - No viable dags retrieved from /home/airflow/.local/lib/python3.8/site-packages/airflow/example_dags/subdags/subdag.py
[2025-08-02T02:42:39.434+0000] {processor.py:183} INFO - Processing /home/airflow/.local/lib/python3.8/site-packages/airflow/example_dags/subdags/subdag.py took 0.015 seconds
[2025-08-02T02:46:35.922+0000] {processor.py:161} INFO - Started process (PID=111) to work on /home/airflow/.local/lib/python3.8/site-packages/airflow/example_dags/subdags/subdag.py
[2025-08-02T02:46:35.923+0000] {processor.py:830} INFO - Processing file /home/airflow/.local/lib/python3.8/site-packages/airflow/example_dags/subdags/subdag.py for tasks to queue
[2025-08-02T02:46:35.924+0000] {logging_mixin.py:188} INFO - [2025-08-02T02:46:35.924+0000] {dagbag.py:540} INFO - Filling up the DagBag from /home/airflow/.local/lib/python3.8/site-packages/airflow/example_dags/subdags/subdag.py
[2025-08-02T02:46:35.926+0000] {processor.py:842} WARNING - No viable dags retrieved from /home/airflow/.local/lib/python3.8/site-packages/airflow/example_dags/subdags/subdag.py
[2025-08-02T02:46:35.951+0000] {processor.py:183} INFO - Processing /home/airflow/.local/lib/python3.8/site-packages/airflow/example_dags/subdags/subdag.py took 0.033 seconds
[2025-08-02T02:47:11.422+0000] {processor.py:161} INFO - Started process (PID=169) to work on /home/airflow/.local/lib/python3.8/site-packages/airflow/example_dags/subdags/subdag.py
[2025-08-02T02:47:11.439+0000] {processor.py:830} INFO - Processing file /home/airflow/.local/lib/python3.8/site-packages/airflow/example_dags/subdags/subdag.py for tasks to queue
[2025-08-02T02:47:11.449+0000] {logging_mixin.py:188} INFO - [2025-08-02T02:47:11.447+0000] {dagbag.py:540} INFO - Filling up the DagBag from /home/airflow/.local/lib/python3.8/site-packages/airflow/example_dags/subdags/subdag.py
[2025-08-02T02:47:11.479+0000] {processor.py:842} WARNING - No viable dags retrieved from /home/airflow/.local/lib/python3.8/site-packages/airflow/example_dags/subdags/subdag.py
[2025-08-02T02:47:11.625+0000] {processor.py:183} INFO - Processing /home/airflow/.local/lib/python3.8/site-packages/airflow/example_dags/subdags/subdag.py took 0.245 seconds
[2025-08-02T02:47:50.129+0000] {processor.py:161} INFO - Started process (PID=224) to work on /home/airflow/.local/lib/python3.8/site-packages/airflow/example_dags/subdags/subdag.py
[2025-08-02T02:47:50.137+0000] {processor.py:830} INFO - Processing file /home/airflow/.local/lib/python3.8/site-packages/airflow/example_dags/subdags/subdag.py for tasks to queue
[2025-08-02T02:47:50.167+0000] {logging_mixin.py:188} INFO - [2025-08-02T02:47:50.166+0000] {dagbag.py:540} INFO - Filling up the DagBag from /home/airflow/.local/lib/python3.8/site-packages/airflow/example_dags/subdags/subdag.py
[2025-08-02T02:47:50.233+0000] {processor.py:842} WARNING - No viable dags retrieved from /home/airflow/.local/lib/python3.8/site-packages/airflow/example_dags/subdags/subdag.py
[2025-08-02T02:47:50.346+0000] {processor.py:183} INFO - Processing /home/airflow/.local/lib/python3.8/site-packages/airflow/example_dags/subdags/subdag.py took 0.245 seconds
[2025-08-02T02:48:21.218+0000] {processor.py:161} INFO - Started process (PID=278) to work on /home/airflow/.local/lib/python3.8/site-packages/airflow/example_dags/subdags/subdag.py
[2025-08-02T02:48:21.221+0000] {processor.py:830} INFO - Processing file /home/airflow/.local/lib/python3.8/site-packages/airflow/example_dags/subdags/subdag.py for tasks to queue
[2025-08-02T02:48:21.231+0000] {logging_mixin.py:188} INFO - [2025-08-02T02:48:21.230+0000] {dagbag.py:540} INFO - Filling up the DagBag from /home/airflow/.local/lib/python3.8/site-packages/airflow/example_dags/subdags/subdag.py
[2025-08-02T02:48:21.236+0000] {processor.py:842} WARNING - No viable dags retrieved from /home/airflow/.local/lib/python3.8/site-packages/airflow/example_dags/subdags/subdag.py
[2025-08-02T02:48:21.259+0000] {processor.py:183} INFO - Processing /home/airflow/.local/lib/python3.8/site-packages/airflow/example_dags/subdags/subdag.py took 0.046 seconds
[2025-08-02T02:48:51.579+0000] {processor.py:161} INFO - Started process (PID=334) to work on /home/airflow/.local/lib/python3.8/site-packages/airflow/example_dags/subdags/subdag.py
[2025-08-02T02:48:51.582+0000] {processor.py:830} INFO - Processing file /home/airflow/.local/lib/python3.8/site-packages/airflow/example_dags/subdags/subdag.py for tasks to queue
[2025-08-02T02:48:51.595+0000] {logging_mixin.py:188} INFO - [2025-08-02T02:48:51.593+0000] {dagbag.py:540} INFO - Filling up the DagBag from /home/airflow/.local/lib/python3.8/site-packages/airflow/example_dags/subdags/subdag.py
[2025-08-02T02:48:51.615+0000] {processor.py:842} WARNING - No viable dags retrieved from /home/airflow/.local/lib/python3.8/site-packages/airflow/example_dags/subdags/subdag.py
[2025-08-02T02:48:51.646+0000] {processor.py:183} INFO - Processing /home/airflow/.local/lib/python3.8/site-packages/airflow/example_dags/subdags/subdag.py took 0.074 seconds
[2025-08-02T02:49:21.994+0000] {processor.py:161} INFO - Started process (PID=390) to work on /home/airflow/.local/lib/python3.8/site-packages/airflow/example_dags/subdags/subdag.py
[2025-08-02T02:49:21.995+0000] {processor.py:830} INFO - Processing file /home/airflow/.local/lib/python3.8/site-packages/airflow/example_dags/subdags/subdag.py for tasks to queue
[2025-08-02T02:49:21.996+0000] {logging_mixin.py:188} INFO - [2025-08-02T02:49:21.996+0000] {dagbag.py:540} INFO - Filling up the DagBag from /home/airflow/.local/lib/python3.8/site-packages/airflow/example_dags/subdags/subdag.py
[2025-08-02T02:49:21.998+0000] {processor.py:842} WARNING - No viable dags retrieved from /home/airflow/.local/lib/python3.8/site-packages/airflow/example_dags/subdags/subdag.py
[2025-08-02T02:49:22.009+0000] {processor.py:183} INFO - Processing /home/airflow/.local/lib/python3.8/site-packages/airflow/example_dags/subdags/subdag.py took 0.019 seconds
[2025-08-02T02:49:52.929+0000] {processor.py:161} INFO - Started process (PID=446) to work on /home/airflow/.local/lib/python3.8/site-packages/airflow/example_dags/subdags/subdag.py
[2025-08-02T02:49:52.931+0000] {processor.py:830} INFO - Processing file /home/airflow/.local/lib/python3.8/site-packages/airflow/example_dags/subdags/subdag.py for tasks to queue
[2025-08-02T02:49:52.940+0000] {logging_mixin.py:188} INFO - [2025-08-02T02:49:52.939+0000] {dagbag.py:540} INFO - Filling up the DagBag from /home/airflow/.local/lib/python3.8/site-packages/airflow/example_dags/subdags/subdag.py
[2025-08-02T02:49:52.956+0000] {processor.py:842} WARNING - No viable dags retrieved from /home/airflow/.local/lib/python3.8/site-packages/airflow/example_dags/subdags/subdag.py
[2025-08-02T02:49:52.978+0000] {processor.py:183} INFO - Processing /home/airflow/.local/lib/python3.8/site-packages/airflow/example_dags/subdags/subdag.py took 0.055 seconds
[2025-08-02T02:50:23.365+0000] {processor.py:161} INFO - Started process (PID=502) to work on /home/airflow/.local/lib/python3.8/site-packages/airflow/example_dags/subdags/subdag.py
[2025-08-02T02:50:23.368+0000] {processor.py:830} INFO - Processing file /home/airflow/.local/lib/python3.8/site-packages/airflow/example_dags/subdags/subdag.py for tasks to queue
[2025-08-02T02:50:23.371+0000] {logging_mixin.py:188} INFO - [2025-08-02T02:50:23.371+0000] {dagbag.py:540} INFO - Filling up the DagBag from /home/airflow/.local/lib/python3.8/site-packages/airflow/example_dags/subdags/subdag.py
[2025-08-02T02:50:23.377+0000] {processor.py:842} WARNING - No viable dags retrieved from /home/airflow/.local/lib/python3.8/site-packages/airflow/example_dags/subdags/subdag.py
[2025-08-02T02:50:23.412+0000] {processor.py:183} INFO - Processing /home/airflow/.local/lib/python3.8/site-packages/airflow/example_dags/subdags/subdag.py took 0.054 seconds
[2025-08-02T02:50:53.959+0000] {processor.py:161} INFO - Started process (PID=558) to work on /home/airflow/.local/lib/python3.8/site-packages/airflow/example_dags/subdags/subdag.py
[2025-08-02T02:50:53.970+0000] {processor.py:830} INFO - Processing file /home/airflow/.local/lib/python3.8/site-packages/airflow/example_dags/subdags/subdag.py for tasks to queue
[2025-08-02T02:50:53.973+0000] {logging_mixin.py:188} INFO - [2025-08-02T02:50:53.972+0000] {dagbag.py:540} INFO - Filling up the DagBag from /home/airflow/.local/lib/python3.8/site-packages/airflow/example_dags/subdags/subdag.py
[2025-08-02T02:50:53.980+0000] {processor.py:842} WARNING - No viable dags retrieved from /home/airflow/.local/lib/python3.8/site-packages/airflow/example_dags/subdags/subdag.py
[2025-08-02T02:50:54.016+0000] {processor.py:183} INFO - Processing /home/airflow/.local/lib/python3.8/site-packages/airflow/example_dags/subdags/subdag.py took 0.064 seconds
[2025-08-02T02:51:24.923+0000] {processor.py:161} INFO - Started process (PID=614) to work on /home/airflow/.local/lib/python3.8/site-packages/airflow/example_dags/subdags/subdag.py
[2025-08-02T02:51:24.926+0000] {processor.py:830} INFO - Processing file /home/airflow/.local/lib/python3.8/site-packages/airflow/example_dags/subdags/subdag.py for tasks to queue
[2025-08-02T02:51:24.930+0000] {logging_mixin.py:188} INFO - [2025-08-02T02:51:24.930+0000] {dagbag.py:540} INFO - Filling up the DagBag from /home/airflow/.local/lib/python3.8/site-packages/airflow/example_dags/subdags/subdag.py
[2025-08-02T02:51:24.938+0000] {processor.py:842} WARNING - No viable dags retrieved from /home/airflow/.local/lib/python3.8/site-packages/airflow/example_dags/subdags/subdag.py
[2025-08-02T02:51:24.968+0000] {processor.py:183} INFO - Processing /home/airflow/.local/lib/python3.8/site-packages/airflow/example_dags/subdags/subdag.py took 0.054 seconds
[2025-08-02T02:51:55.389+0000] {processor.py:161} INFO - Started process (PID=676) to work on /home/airflow/.local/lib/python3.8/site-packages/airflow/example_dags/subdags/subdag.py
[2025-08-02T02:51:55.397+0000] {processor.py:830} INFO - Processing file /home/airflow/.local/lib/python3.8/site-packages/airflow/example_dags/subdags/subdag.py for tasks to queue
[2025-08-02T02:51:55.408+0000] {logging_mixin.py:188} INFO - [2025-08-02T02:51:55.407+0000] {dagbag.py:540} INFO - Filling up the DagBag from /home/airflow/.local/lib/python3.8/site-packages/airflow/example_dags/subdags/subdag.py
[2025-08-02T02:51:55.427+0000] {processor.py:842} WARNING - No viable dags retrieved from /home/airflow/.local/lib/python3.8/site-packages/airflow/example_dags/subdags/subdag.py
[2025-08-02T02:51:55.470+0000] {processor.py:183} INFO - Processing /home/airflow/.local/lib/python3.8/site-packages/airflow/example_dags/subdags/subdag.py took 0.088 seconds
[2025-08-02T02:52:25.781+0000] {processor.py:161} INFO - Started process (PID=732) to work on /home/airflow/.local/lib/python3.8/site-packages/airflow/example_dags/subdags/subdag.py
[2025-08-02T02:52:25.783+0000] {processor.py:830} INFO - Processing file /home/airflow/.local/lib/python3.8/site-packages/airflow/example_dags/subdags/subdag.py for tasks to queue
[2025-08-02T02:52:25.785+0000] {logging_mixin.py:188} INFO - [2025-08-02T02:52:25.785+0000] {dagbag.py:540} INFO - Filling up the DagBag from /home/airflow/.local/lib/python3.8/site-packages/airflow/example_dags/subdags/subdag.py
[2025-08-02T02:52:25.789+0000] {processor.py:842} WARNING - No viable dags retrieved from /home/airflow/.local/lib/python3.8/site-packages/airflow/example_dags/subdags/subdag.py
[2025-08-02T02:52:25.803+0000] {processor.py:183} INFO - Processing /home/airflow/.local/lib/python3.8/site-packages/airflow/example_dags/subdags/subdag.py took 0.036 seconds
[2025-08-02T02:56:50.381+0000] {processor.py:161} INFO - Started process (PID=106) to work on /home/airflow/.local/lib/python3.8/site-packages/airflow/example_dags/subdags/subdag.py
[2025-08-02T02:56:50.386+0000] {processor.py:830} INFO - Processing file /home/airflow/.local/lib/python3.8/site-packages/airflow/example_dags/subdags/subdag.py for tasks to queue
[2025-08-02T02:56:50.397+0000] {logging_mixin.py:188} INFO - [2025-08-02T02:56:50.394+0000] {dagbag.py:540} INFO - Filling up the DagBag from /home/airflow/.local/lib/python3.8/site-packages/airflow/example_dags/subdags/subdag.py
[2025-08-02T02:56:50.415+0000] {processor.py:842} WARNING - No viable dags retrieved from /home/airflow/.local/lib/python3.8/site-packages/airflow/example_dags/subdags/subdag.py
[2025-08-02T02:56:50.480+0000] {processor.py:183} INFO - Processing /home/airflow/.local/lib/python3.8/site-packages/airflow/example_dags/subdags/subdag.py took 0.107 seconds
[2025-08-02T02:57:21.046+0000] {processor.py:161} INFO - Started process (PID=160) to work on /home/airflow/.local/lib/python3.8/site-packages/airflow/example_dags/subdags/subdag.py
[2025-08-02T02:57:21.048+0000] {processor.py:830} INFO - Processing file /home/airflow/.local/lib/python3.8/site-packages/airflow/example_dags/subdags/subdag.py for tasks to queue
[2025-08-02T02:57:21.050+0000] {logging_mixin.py:188} INFO - [2025-08-02T02:57:21.049+0000] {dagbag.py:540} INFO - Filling up the DagBag from /home/airflow/.local/lib/python3.8/site-packages/airflow/example_dags/subdags/subdag.py
[2025-08-02T02:57:21.052+0000] {processor.py:842} WARNING - No viable dags retrieved from /home/airflow/.local/lib/python3.8/site-packages/airflow/example_dags/subdags/subdag.py
[2025-08-02T02:57:21.069+0000] {processor.py:183} INFO - Processing /home/airflow/.local/lib/python3.8/site-packages/airflow/example_dags/subdags/subdag.py took 0.032 seconds
[2025-08-02T02:57:51.781+0000] {processor.py:161} INFO - Started process (PID=216) to work on /home/airflow/.local/lib/python3.8/site-packages/airflow/example_dags/subdags/subdag.py
[2025-08-02T02:57:51.783+0000] {processor.py:830} INFO - Processing file /home/airflow/.local/lib/python3.8/site-packages/airflow/example_dags/subdags/subdag.py for tasks to queue
[2025-08-02T02:57:51.788+0000] {logging_mixin.py:188} INFO - [2025-08-02T02:57:51.787+0000] {dagbag.py:540} INFO - Filling up the DagBag from /home/airflow/.local/lib/python3.8/site-packages/airflow/example_dags/subdags/subdag.py
[2025-08-02T02:57:51.800+0000] {processor.py:842} WARNING - No viable dags retrieved from /home/airflow/.local/lib/python3.8/site-packages/airflow/example_dags/subdags/subdag.py
[2025-08-02T02:57:51.829+0000] {processor.py:183} INFO - Processing /home/airflow/.local/lib/python3.8/site-packages/airflow/example_dags/subdags/subdag.py took 0.051 seconds
[2025-08-02T02:58:22.255+0000] {processor.py:161} INFO - Started process (PID=272) to work on /home/airflow/.local/lib/python3.8/site-packages/airflow/example_dags/subdags/subdag.py
[2025-08-02T02:58:22.258+0000] {processor.py:830} INFO - Processing file /home/airflow/.local/lib/python3.8/site-packages/airflow/example_dags/subdags/subdag.py for tasks to queue
[2025-08-02T02:58:22.262+0000] {logging_mixin.py:188} INFO - [2025-08-02T02:58:22.261+0000] {dagbag.py:540} INFO - Filling up the DagBag from /home/airflow/.local/lib/python3.8/site-packages/airflow/example_dags/subdags/subdag.py
[2025-08-02T02:58:22.266+0000] {processor.py:842} WARNING - No viable dags retrieved from /home/airflow/.local/lib/python3.8/site-packages/airflow/example_dags/subdags/subdag.py
[2025-08-02T02:58:22.286+0000] {processor.py:183} INFO - Processing /home/airflow/.local/lib/python3.8/site-packages/airflow/example_dags/subdags/subdag.py took 0.041 seconds
[2025-08-02T02:58:52.538+0000] {processor.py:161} INFO - Started process (PID=328) to work on /home/airflow/.local/lib/python3.8/site-packages/airflow/example_dags/subdags/subdag.py
[2025-08-02T02:58:52.541+0000] {processor.py:830} INFO - Processing file /home/airflow/.local/lib/python3.8/site-packages/airflow/example_dags/subdags/subdag.py for tasks to queue
[2025-08-02T02:58:52.544+0000] {logging_mixin.py:188} INFO - [2025-08-02T02:58:52.544+0000] {dagbag.py:540} INFO - Filling up the DagBag from /home/airflow/.local/lib/python3.8/site-packages/airflow/example_dags/subdags/subdag.py
[2025-08-02T02:58:52.547+0000] {processor.py:842} WARNING - No viable dags retrieved from /home/airflow/.local/lib/python3.8/site-packages/airflow/example_dags/subdags/subdag.py
[2025-08-02T02:58:52.579+0000] {processor.py:183} INFO - Processing /home/airflow/.local/lib/python3.8/site-packages/airflow/example_dags/subdags/subdag.py took 0.048 seconds
[2025-08-02T02:59:23.229+0000] {processor.py:161} INFO - Started process (PID=384) to work on /home/airflow/.local/lib/python3.8/site-packages/airflow/example_dags/subdags/subdag.py
[2025-08-02T02:59:23.230+0000] {processor.py:830} INFO - Processing file /home/airflow/.local/lib/python3.8/site-packages/airflow/example_dags/subdags/subdag.py for tasks to queue
[2025-08-02T02:59:23.232+0000] {logging_mixin.py:188} INFO - [2025-08-02T02:59:23.232+0000] {dagbag.py:540} INFO - Filling up the DagBag from /home/airflow/.local/lib/python3.8/site-packages/airflow/example_dags/subdags/subdag.py
[2025-08-02T02:59:23.234+0000] {processor.py:842} WARNING - No viable dags retrieved from /home/airflow/.local/lib/python3.8/site-packages/airflow/example_dags/subdags/subdag.py
[2025-08-02T02:59:23.242+0000] {processor.py:183} INFO - Processing /home/airflow/.local/lib/python3.8/site-packages/airflow/example_dags/subdags/subdag.py took 0.015 seconds
[2025-08-02T02:59:54.337+0000] {processor.py:161} INFO - Started process (PID=440) to work on /home/airflow/.local/lib/python3.8/site-packages/airflow/example_dags/subdags/subdag.py
[2025-08-02T02:59:54.338+0000] {processor.py:830} INFO - Processing file /home/airflow/.local/lib/python3.8/site-packages/airflow/example_dags/subdags/subdag.py for tasks to queue
[2025-08-02T02:59:54.341+0000] {logging_mixin.py:188} INFO - [2025-08-02T02:59:54.341+0000] {dagbag.py:540} INFO - Filling up the DagBag from /home/airflow/.local/lib/python3.8/site-packages/airflow/example_dags/subdags/subdag.py
[2025-08-02T02:59:54.343+0000] {processor.py:842} WARNING - No viable dags retrieved from /home/airflow/.local/lib/python3.8/site-packages/airflow/example_dags/subdags/subdag.py
[2025-08-02T02:59:54.351+0000] {processor.py:183} INFO - Processing /home/airflow/.local/lib/python3.8/site-packages/airflow/example_dags/subdags/subdag.py took 0.017 seconds
[2025-08-02T03:00:24.553+0000] {processor.py:161} INFO - Started process (PID=496) to work on /home/airflow/.local/lib/python3.8/site-packages/airflow/example_dags/subdags/subdag.py
[2025-08-02T03:00:24.555+0000] {processor.py:830} INFO - Processing file /home/airflow/.local/lib/python3.8/site-packages/airflow/example_dags/subdags/subdag.py for tasks to queue
[2025-08-02T03:00:24.556+0000] {logging_mixin.py:188} INFO - [2025-08-02T03:00:24.556+0000] {dagbag.py:540} INFO - Filling up the DagBag from /home/airflow/.local/lib/python3.8/site-packages/airflow/example_dags/subdags/subdag.py
[2025-08-02T03:00:24.558+0000] {processor.py:842} WARNING - No viable dags retrieved from /home/airflow/.local/lib/python3.8/site-packages/airflow/example_dags/subdags/subdag.py
[2025-08-02T03:00:24.574+0000] {processor.py:183} INFO - Processing /home/airflow/.local/lib/python3.8/site-packages/airflow/example_dags/subdags/subdag.py took 0.023 seconds
[2025-08-02T03:00:54.964+0000] {processor.py:161} INFO - Started process (PID=552) to work on /home/airflow/.local/lib/python3.8/site-packages/airflow/example_dags/subdags/subdag.py
[2025-08-02T03:00:54.967+0000] {processor.py:830} INFO - Processing file /home/airflow/.local/lib/python3.8/site-packages/airflow/example_dags/subdags/subdag.py for tasks to queue
[2025-08-02T03:00:54.972+0000] {logging_mixin.py:188} INFO - [2025-08-02T03:00:54.972+0000] {dagbag.py:540} INFO - Filling up the DagBag from /home/airflow/.local/lib/python3.8/site-packages/airflow/example_dags/subdags/subdag.py
[2025-08-02T03:00:54.979+0000] {processor.py:842} WARNING - No viable dags retrieved from /home/airflow/.local/lib/python3.8/site-packages/airflow/example_dags/subdags/subdag.py
[2025-08-02T03:00:55.015+0000] {processor.py:183} INFO - Processing /home/airflow/.local/lib/python3.8/site-packages/airflow/example_dags/subdags/subdag.py took 0.056 seconds
[2025-08-02T03:01:25.904+0000] {processor.py:161} INFO - Started process (PID=608) to work on /home/airflow/.local/lib/python3.8/site-packages/airflow/example_dags/subdags/subdag.py
[2025-08-02T03:01:25.908+0000] {processor.py:830} INFO - Processing file /home/airflow/.local/lib/python3.8/site-packages/airflow/example_dags/subdags/subdag.py for tasks to queue
[2025-08-02T03:01:25.910+0000] {logging_mixin.py:188} INFO - [2025-08-02T03:01:25.909+0000] {dagbag.py:540} INFO - Filling up the DagBag from /home/airflow/.local/lib/python3.8/site-packages/airflow/example_dags/subdags/subdag.py
[2025-08-02T03:01:25.912+0000] {processor.py:842} WARNING - No viable dags retrieved from /home/airflow/.local/lib/python3.8/site-packages/airflow/example_dags/subdags/subdag.py
[2025-08-02T03:01:25.932+0000] {processor.py:183} INFO - Processing /home/airflow/.local/lib/python3.8/site-packages/airflow/example_dags/subdags/subdag.py took 0.032 seconds
[2025-08-02T03:01:56.735+0000] {processor.py:161} INFO - Started process (PID=664) to work on /home/airflow/.local/lib/python3.8/site-packages/airflow/example_dags/subdags/subdag.py
[2025-08-02T03:01:56.737+0000] {processor.py:830} INFO - Processing file /home/airflow/.local/lib/python3.8/site-packages/airflow/example_dags/subdags/subdag.py for tasks to queue
[2025-08-02T03:01:56.738+0000] {logging_mixin.py:188} INFO - [2025-08-02T03:01:56.738+0000] {dagbag.py:540} INFO - Filling up the DagBag from /home/airflow/.local/lib/python3.8/site-packages/airflow/example_dags/subdags/subdag.py
[2025-08-02T03:01:56.742+0000] {processor.py:842} WARNING - No viable dags retrieved from /home/airflow/.local/lib/python3.8/site-packages/airflow/example_dags/subdags/subdag.py
[2025-08-02T03:01:56.762+0000] {processor.py:183} INFO - Processing /home/airflow/.local/lib/python3.8/site-packages/airflow/example_dags/subdags/subdag.py took 0.030 seconds
[2025-08-02T03:02:27.671+0000] {processor.py:161} INFO - Started process (PID=720) to work on /home/airflow/.local/lib/python3.8/site-packages/airflow/example_dags/subdags/subdag.py
[2025-08-02T03:02:27.675+0000] {processor.py:830} INFO - Processing file /home/airflow/.local/lib/python3.8/site-packages/airflow/example_dags/subdags/subdag.py for tasks to queue
[2025-08-02T03:02:27.677+0000] {logging_mixin.py:188} INFO - [2025-08-02T03:02:27.677+0000] {dagbag.py:540} INFO - Filling up the DagBag from /home/airflow/.local/lib/python3.8/site-packages/airflow/example_dags/subdags/subdag.py
[2025-08-02T03:02:27.679+0000] {processor.py:842} WARNING - No viable dags retrieved from /home/airflow/.local/lib/python3.8/site-packages/airflow/example_dags/subdags/subdag.py
[2025-08-02T03:02:27.690+0000] {processor.py:183} INFO - Processing /home/airflow/.local/lib/python3.8/site-packages/airflow/example_dags/subdags/subdag.py took 0.024 seconds
[2025-08-02T03:02:59.628+0000] {processor.py:161} INFO - Started process (PID=776) to work on /home/airflow/.local/lib/python3.8/site-packages/airflow/example_dags/subdags/subdag.py
[2025-08-02T03:02:59.631+0000] {processor.py:830} INFO - Processing file /home/airflow/.local/lib/python3.8/site-packages/airflow/example_dags/subdags/subdag.py for tasks to queue
[2025-08-02T03:02:59.636+0000] {logging_mixin.py:188} INFO - [2025-08-02T03:02:59.635+0000] {dagbag.py:540} INFO - Filling up the DagBag from /home/airflow/.local/lib/python3.8/site-packages/airflow/example_dags/subdags/subdag.py
[2025-08-02T03:02:59.640+0000] {processor.py:842} WARNING - No viable dags retrieved from /home/airflow/.local/lib/python3.8/site-packages/airflow/example_dags/subdags/subdag.py
[2025-08-02T03:02:59.659+0000] {processor.py:183} INFO - Processing /home/airflow/.local/lib/python3.8/site-packages/airflow/example_dags/subdags/subdag.py took 0.041 seconds
[2025-08-02T03:03:30.568+0000] {processor.py:161} INFO - Started process (PID=832) to work on /home/airflow/.local/lib/python3.8/site-packages/airflow/example_dags/subdags/subdag.py
[2025-08-02T03:03:30.569+0000] {processor.py:830} INFO - Processing file /home/airflow/.local/lib/python3.8/site-packages/airflow/example_dags/subdags/subdag.py for tasks to queue
[2025-08-02T03:03:30.570+0000] {logging_mixin.py:188} INFO - [2025-08-02T03:03:30.570+0000] {dagbag.py:540} INFO - Filling up the DagBag from /home/airflow/.local/lib/python3.8/site-packages/airflow/example_dags/subdags/subdag.py
[2025-08-02T03:03:30.572+0000] {processor.py:842} WARNING - No viable dags retrieved from /home/airflow/.local/lib/python3.8/site-packages/airflow/example_dags/subdags/subdag.py
[2025-08-02T03:03:30.587+0000] {processor.py:183} INFO - Processing /home/airflow/.local/lib/python3.8/site-packages/airflow/example_dags/subdags/subdag.py took 0.021 seconds
[2025-08-02T03:04:01.371+0000] {processor.py:161} INFO - Started process (PID=888) to work on /home/airflow/.local/lib/python3.8/site-packages/airflow/example_dags/subdags/subdag.py
[2025-08-02T03:04:01.373+0000] {processor.py:830} INFO - Processing file /home/airflow/.local/lib/python3.8/site-packages/airflow/example_dags/subdags/subdag.py for tasks to queue
[2025-08-02T03:04:01.374+0000] {logging_mixin.py:188} INFO - [2025-08-02T03:04:01.374+0000] {dagbag.py:540} INFO - Filling up the DagBag from /home/airflow/.local/lib/python3.8/site-packages/airflow/example_dags/subdags/subdag.py
[2025-08-02T03:04:01.377+0000] {processor.py:842} WARNING - No viable dags retrieved from /home/airflow/.local/lib/python3.8/site-packages/airflow/example_dags/subdags/subdag.py
[2025-08-02T03:04:01.389+0000] {processor.py:183} INFO - Processing /home/airflow/.local/lib/python3.8/site-packages/airflow/example_dags/subdags/subdag.py took 0.024 seconds
[2025-08-02T03:04:32.190+0000] {processor.py:161} INFO - Started process (PID=944) to work on /home/airflow/.local/lib/python3.8/site-packages/airflow/example_dags/subdags/subdag.py
[2025-08-02T03:04:32.191+0000] {processor.py:830} INFO - Processing file /home/airflow/.local/lib/python3.8/site-packages/airflow/example_dags/subdags/subdag.py for tasks to queue
[2025-08-02T03:04:32.192+0000] {logging_mixin.py:188} INFO - [2025-08-02T03:04:32.192+0000] {dagbag.py:540} INFO - Filling up the DagBag from /home/airflow/.local/lib/python3.8/site-packages/airflow/example_dags/subdags/subdag.py
[2025-08-02T03:04:32.196+0000] {processor.py:842} WARNING - No viable dags retrieved from /home/airflow/.local/lib/python3.8/site-packages/airflow/example_dags/subdags/subdag.py
[2025-08-02T03:04:32.207+0000] {processor.py:183} INFO - Processing /home/airflow/.local/lib/python3.8/site-packages/airflow/example_dags/subdags/subdag.py took 0.020 seconds
[2025-08-02T03:05:02.948+0000] {processor.py:161} INFO - Started process (PID=1001) to work on /home/airflow/.local/lib/python3.8/site-packages/airflow/example_dags/subdags/subdag.py
[2025-08-02T03:05:02.949+0000] {processor.py:830} INFO - Processing file /home/airflow/.local/lib/python3.8/site-packages/airflow/example_dags/subdags/subdag.py for tasks to queue
[2025-08-02T03:05:02.952+0000] {logging_mixin.py:188} INFO - [2025-08-02T03:05:02.952+0000] {dagbag.py:540} INFO - Filling up the DagBag from /home/airflow/.local/lib/python3.8/site-packages/airflow/example_dags/subdags/subdag.py
[2025-08-02T03:05:02.956+0000] {processor.py:842} WARNING - No viable dags retrieved from /home/airflow/.local/lib/python3.8/site-packages/airflow/example_dags/subdags/subdag.py
[2025-08-02T03:05:02.966+0000] {processor.py:183} INFO - Processing /home/airflow/.local/lib/python3.8/site-packages/airflow/example_dags/subdags/subdag.py took 0.021 seconds
[2025-08-02T03:05:33.319+0000] {processor.py:161} INFO - Started process (PID=1057) to work on /home/airflow/.local/lib/python3.8/site-packages/airflow/example_dags/subdags/subdag.py
[2025-08-02T03:05:33.322+0000] {processor.py:830} INFO - Processing file /home/airflow/.local/lib/python3.8/site-packages/airflow/example_dags/subdags/subdag.py for tasks to queue
[2025-08-02T03:05:33.325+0000] {logging_mixin.py:188} INFO - [2025-08-02T03:05:33.324+0000] {dagbag.py:540} INFO - Filling up the DagBag from /home/airflow/.local/lib/python3.8/site-packages/airflow/example_dags/subdags/subdag.py
[2025-08-02T03:05:33.330+0000] {processor.py:842} WARNING - No viable dags retrieved from /home/airflow/.local/lib/python3.8/site-packages/airflow/example_dags/subdags/subdag.py
[2025-08-02T03:05:33.341+0000] {processor.py:183} INFO - Processing /home/airflow/.local/lib/python3.8/site-packages/airflow/example_dags/subdags/subdag.py took 0.028 seconds
[2025-08-02T03:06:04.246+0000] {processor.py:161} INFO - Started process (PID=1113) to work on /home/airflow/.local/lib/python3.8/site-packages/airflow/example_dags/subdags/subdag.py
[2025-08-02T03:06:04.253+0000] {processor.py:830} INFO - Processing file /home/airflow/.local/lib/python3.8/site-packages/airflow/example_dags/subdags/subdag.py for tasks to queue
[2025-08-02T03:06:04.259+0000] {logging_mixin.py:188} INFO - [2025-08-02T03:06:04.257+0000] {dagbag.py:540} INFO - Filling up the DagBag from /home/airflow/.local/lib/python3.8/site-packages/airflow/example_dags/subdags/subdag.py
[2025-08-02T03:06:04.278+0000] {processor.py:842} WARNING - No viable dags retrieved from /home/airflow/.local/lib/python3.8/site-packages/airflow/example_dags/subdags/subdag.py
[2025-08-02T03:06:04.317+0000] {processor.py:183} INFO - Processing /home/airflow/.local/lib/python3.8/site-packages/airflow/example_dags/subdags/subdag.py took 0.075 seconds
[2025-08-02T03:06:38.594+0000] {processor.py:161} INFO - Started process (PID=1169) to work on /home/airflow/.local/lib/python3.8/site-packages/airflow/example_dags/subdags/subdag.py
[2025-08-02T03:06:38.596+0000] {processor.py:830} INFO - Processing file /home/airflow/.local/lib/python3.8/site-packages/airflow/example_dags/subdags/subdag.py for tasks to queue
[2025-08-02T03:06:38.598+0000] {logging_mixin.py:188} INFO - [2025-08-02T03:06:38.598+0000] {dagbag.py:540} INFO - Filling up the DagBag from /home/airflow/.local/lib/python3.8/site-packages/airflow/example_dags/subdags/subdag.py
[2025-08-02T03:06:38.600+0000] {processor.py:842} WARNING - No viable dags retrieved from /home/airflow/.local/lib/python3.8/site-packages/airflow/example_dags/subdags/subdag.py
[2025-08-02T03:06:38.614+0000] {processor.py:183} INFO - Processing /home/airflow/.local/lib/python3.8/site-packages/airflow/example_dags/subdags/subdag.py took 0.023 seconds
[2025-08-02T03:07:13.384+0000] {processor.py:161} INFO - Started process (PID=1231) to work on /home/airflow/.local/lib/python3.8/site-packages/airflow/example_dags/subdags/subdag.py
[2025-08-02T03:07:13.386+0000] {processor.py:830} INFO - Processing file /home/airflow/.local/lib/python3.8/site-packages/airflow/example_dags/subdags/subdag.py for tasks to queue
[2025-08-02T03:07:13.387+0000] {logging_mixin.py:188} INFO - [2025-08-02T03:07:13.387+0000] {dagbag.py:540} INFO - Filling up the DagBag from /home/airflow/.local/lib/python3.8/site-packages/airflow/example_dags/subdags/subdag.py
[2025-08-02T03:07:13.390+0000] {processor.py:842} WARNING - No viable dags retrieved from /home/airflow/.local/lib/python3.8/site-packages/airflow/example_dags/subdags/subdag.py
[2025-08-02T03:07:13.406+0000] {processor.py:183} INFO - Processing /home/airflow/.local/lib/python3.8/site-packages/airflow/example_dags/subdags/subdag.py took 0.026 seconds
[2025-08-02T03:07:45.152+0000] {processor.py:161} INFO - Started process (PID=1286) to work on /home/airflow/.local/lib/python3.8/site-packages/airflow/example_dags/subdags/subdag.py
[2025-08-02T03:07:45.156+0000] {processor.py:830} INFO - Processing file /home/airflow/.local/lib/python3.8/site-packages/airflow/example_dags/subdags/subdag.py for tasks to queue
[2025-08-02T03:07:45.160+0000] {logging_mixin.py:188} INFO - [2025-08-02T03:07:45.160+0000] {dagbag.py:540} INFO - Filling up the DagBag from /home/airflow/.local/lib/python3.8/site-packages/airflow/example_dags/subdags/subdag.py
[2025-08-02T03:07:45.167+0000] {processor.py:842} WARNING - No viable dags retrieved from /home/airflow/.local/lib/python3.8/site-packages/airflow/example_dags/subdags/subdag.py
[2025-08-02T03:07:45.272+0000] {processor.py:183} INFO - Processing /home/airflow/.local/lib/python3.8/site-packages/airflow/example_dags/subdags/subdag.py took 0.125 seconds
[2025-08-02T03:09:11.250+0000] {processor.py:161} INFO - Started process (PID=115) to work on /home/airflow/.local/lib/python3.8/site-packages/airflow/example_dags/subdags/subdag.py
[2025-08-02T03:09:11.253+0000] {processor.py:830} INFO - Processing file /home/airflow/.local/lib/python3.8/site-packages/airflow/example_dags/subdags/subdag.py for tasks to queue
[2025-08-02T03:09:11.254+0000] {logging_mixin.py:188} INFO - [2025-08-02T03:09:11.254+0000] {dagbag.py:540} INFO - Filling up the DagBag from /home/airflow/.local/lib/python3.8/site-packages/airflow/example_dags/subdags/subdag.py
[2025-08-02T03:09:11.256+0000] {processor.py:842} WARNING - No viable dags retrieved from /home/airflow/.local/lib/python3.8/site-packages/airflow/example_dags/subdags/subdag.py
[2025-08-02T03:09:11.288+0000] {processor.py:183} INFO - Processing /home/airflow/.local/lib/python3.8/site-packages/airflow/example_dags/subdags/subdag.py took 0.041 seconds
[2025-08-02T03:09:42.248+0000] {processor.py:161} INFO - Started process (PID=170) to work on /home/airflow/.local/lib/python3.8/site-packages/airflow/example_dags/subdags/subdag.py
[2025-08-02T03:09:42.249+0000] {processor.py:830} INFO - Processing file /home/airflow/.local/lib/python3.8/site-packages/airflow/example_dags/subdags/subdag.py for tasks to queue
[2025-08-02T03:09:42.251+0000] {logging_mixin.py:188} INFO - [2025-08-02T03:09:42.250+0000] {dagbag.py:540} INFO - Filling up the DagBag from /home/airflow/.local/lib/python3.8/site-packages/airflow/example_dags/subdags/subdag.py
[2025-08-02T03:09:42.254+0000] {processor.py:842} WARNING - No viable dags retrieved from /home/airflow/.local/lib/python3.8/site-packages/airflow/example_dags/subdags/subdag.py
[2025-08-02T03:09:42.268+0000] {processor.py:183} INFO - Processing /home/airflow/.local/lib/python3.8/site-packages/airflow/example_dags/subdags/subdag.py took 0.024 seconds
[2025-08-02T03:10:12.669+0000] {processor.py:161} INFO - Started process (PID=225) to work on /home/airflow/.local/lib/python3.8/site-packages/airflow/example_dags/subdags/subdag.py
[2025-08-02T03:10:12.673+0000] {processor.py:830} INFO - Processing file /home/airflow/.local/lib/python3.8/site-packages/airflow/example_dags/subdags/subdag.py for tasks to queue
[2025-08-02T03:10:12.674+0000] {logging_mixin.py:188} INFO - [2025-08-02T03:10:12.674+0000] {dagbag.py:540} INFO - Filling up the DagBag from /home/airflow/.local/lib/python3.8/site-packages/airflow/example_dags/subdags/subdag.py
[2025-08-02T03:10:12.676+0000] {processor.py:842} WARNING - No viable dags retrieved from /home/airflow/.local/lib/python3.8/site-packages/airflow/example_dags/subdags/subdag.py
[2025-08-02T03:10:12.684+0000] {processor.py:183} INFO - Processing /home/airflow/.local/lib/python3.8/site-packages/airflow/example_dags/subdags/subdag.py took 0.018 seconds
[2025-08-02T03:10:43.115+0000] {processor.py:161} INFO - Started process (PID=281) to work on /home/airflow/.local/lib/python3.8/site-packages/airflow/example_dags/subdags/subdag.py
[2025-08-02T03:10:43.116+0000] {processor.py:830} INFO - Processing file /home/airflow/.local/lib/python3.8/site-packages/airflow/example_dags/subdags/subdag.py for tasks to queue
[2025-08-02T03:10:43.119+0000] {logging_mixin.py:188} INFO - [2025-08-02T03:10:43.118+0000] {dagbag.py:540} INFO - Filling up the DagBag from /home/airflow/.local/lib/python3.8/site-packages/airflow/example_dags/subdags/subdag.py
[2025-08-02T03:10:43.122+0000] {processor.py:842} WARNING - No viable dags retrieved from /home/airflow/.local/lib/python3.8/site-packages/airflow/example_dags/subdags/subdag.py
[2025-08-02T03:10:43.132+0000] {processor.py:183} INFO - Processing /home/airflow/.local/lib/python3.8/site-packages/airflow/example_dags/subdags/subdag.py took 0.020 seconds
[2025-08-02T03:11:14.327+0000] {processor.py:161} INFO - Started process (PID=337) to work on /home/airflow/.local/lib/python3.8/site-packages/airflow/example_dags/subdags/subdag.py
[2025-08-02T03:11:14.328+0000] {processor.py:830} INFO - Processing file /home/airflow/.local/lib/python3.8/site-packages/airflow/example_dags/subdags/subdag.py for tasks to queue
[2025-08-02T03:11:14.332+0000] {logging_mixin.py:188} INFO - [2025-08-02T03:11:14.331+0000] {dagbag.py:540} INFO - Filling up the DagBag from /home/airflow/.local/lib/python3.8/site-packages/airflow/example_dags/subdags/subdag.py
[2025-08-02T03:11:14.337+0000] {processor.py:842} WARNING - No viable dags retrieved from /home/airflow/.local/lib/python3.8/site-packages/airflow/example_dags/subdags/subdag.py
[2025-08-02T03:11:14.356+0000] {processor.py:183} INFO - Processing /home/airflow/.local/lib/python3.8/site-packages/airflow/example_dags/subdags/subdag.py took 0.036 seconds
[2025-08-02T03:11:44.844+0000] {processor.py:161} INFO - Started process (PID=393) to work on /home/airflow/.local/lib/python3.8/site-packages/airflow/example_dags/subdags/subdag.py
[2025-08-02T03:11:44.844+0000] {processor.py:830} INFO - Processing file /home/airflow/.local/lib/python3.8/site-packages/airflow/example_dags/subdags/subdag.py for tasks to queue
[2025-08-02T03:11:44.845+0000] {logging_mixin.py:188} INFO - [2025-08-02T03:11:44.845+0000] {dagbag.py:540} INFO - Filling up the DagBag from /home/airflow/.local/lib/python3.8/site-packages/airflow/example_dags/subdags/subdag.py
[2025-08-02T03:11:44.847+0000] {processor.py:842} WARNING - No viable dags retrieved from /home/airflow/.local/lib/python3.8/site-packages/airflow/example_dags/subdags/subdag.py
[2025-08-02T03:11:44.854+0000] {processor.py:183} INFO - Processing /home/airflow/.local/lib/python3.8/site-packages/airflow/example_dags/subdags/subdag.py took 0.012 seconds
[2025-08-02T03:12:16.143+0000] {processor.py:161} INFO - Started process (PID=449) to work on /home/airflow/.local/lib/python3.8/site-packages/airflow/example_dags/subdags/subdag.py
[2025-08-02T03:12:16.145+0000] {processor.py:830} INFO - Processing file /home/airflow/.local/lib/python3.8/site-packages/airflow/example_dags/subdags/subdag.py for tasks to queue
[2025-08-02T03:12:16.147+0000] {logging_mixin.py:188} INFO - [2025-08-02T03:12:16.146+0000] {dagbag.py:540} INFO - Filling up the DagBag from /home/airflow/.local/lib/python3.8/site-packages/airflow/example_dags/subdags/subdag.py
[2025-08-02T03:12:16.150+0000] {processor.py:842} WARNING - No viable dags retrieved from /home/airflow/.local/lib/python3.8/site-packages/airflow/example_dags/subdags/subdag.py
[2025-08-02T03:12:16.172+0000] {processor.py:183} INFO - Processing /home/airflow/.local/lib/python3.8/site-packages/airflow/example_dags/subdags/subdag.py took 0.033 seconds
[2025-08-02T03:12:46.450+0000] {processor.py:161} INFO - Started process (PID=505) to work on /home/airflow/.local/lib/python3.8/site-packages/airflow/example_dags/subdags/subdag.py
[2025-08-02T03:12:46.454+0000] {processor.py:830} INFO - Processing file /home/airflow/.local/lib/python3.8/site-packages/airflow/example_dags/subdags/subdag.py for tasks to queue
[2025-08-02T03:12:46.456+0000] {logging_mixin.py:188} INFO - [2025-08-02T03:12:46.456+0000] {dagbag.py:540} INFO - Filling up the DagBag from /home/airflow/.local/lib/python3.8/site-packages/airflow/example_dags/subdags/subdag.py
[2025-08-02T03:12:46.459+0000] {processor.py:842} WARNING - No viable dags retrieved from /home/airflow/.local/lib/python3.8/site-packages/airflow/example_dags/subdags/subdag.py
[2025-08-02T03:12:46.494+0000] {processor.py:183} INFO - Processing /home/airflow/.local/lib/python3.8/site-packages/airflow/example_dags/subdags/subdag.py took 0.047 seconds
[2025-08-02T03:13:17.724+0000] {processor.py:161} INFO - Started process (PID=561) to work on /home/airflow/.local/lib/python3.8/site-packages/airflow/example_dags/subdags/subdag.py
[2025-08-02T03:13:17.729+0000] {processor.py:830} INFO - Processing file /home/airflow/.local/lib/python3.8/site-packages/airflow/example_dags/subdags/subdag.py for tasks to queue
[2025-08-02T03:13:17.733+0000] {logging_mixin.py:188} INFO - [2025-08-02T03:13:17.733+0000] {dagbag.py:540} INFO - Filling up the DagBag from /home/airflow/.local/lib/python3.8/site-packages/airflow/example_dags/subdags/subdag.py
[2025-08-02T03:13:17.737+0000] {processor.py:842} WARNING - No viable dags retrieved from /home/airflow/.local/lib/python3.8/site-packages/airflow/example_dags/subdags/subdag.py
[2025-08-02T03:13:17.754+0000] {processor.py:183} INFO - Processing /home/airflow/.local/lib/python3.8/site-packages/airflow/example_dags/subdags/subdag.py took 0.046 seconds
[2025-08-02T03:13:48.397+0000] {processor.py:161} INFO - Started process (PID=617) to work on /home/airflow/.local/lib/python3.8/site-packages/airflow/example_dags/subdags/subdag.py
[2025-08-02T03:13:48.399+0000] {processor.py:830} INFO - Processing file /home/airflow/.local/lib/python3.8/site-packages/airflow/example_dags/subdags/subdag.py for tasks to queue
[2025-08-02T03:13:48.401+0000] {logging_mixin.py:188} INFO - [2025-08-02T03:13:48.401+0000] {dagbag.py:540} INFO - Filling up the DagBag from /home/airflow/.local/lib/python3.8/site-packages/airflow/example_dags/subdags/subdag.py
[2025-08-02T03:13:48.402+0000] {processor.py:842} WARNING - No viable dags retrieved from /home/airflow/.local/lib/python3.8/site-packages/airflow/example_dags/subdags/subdag.py
[2025-08-02T03:13:48.409+0000] {processor.py:183} INFO - Processing /home/airflow/.local/lib/python3.8/site-packages/airflow/example_dags/subdags/subdag.py took 0.014 seconds
[2025-08-02T03:14:19.790+0000] {processor.py:161} INFO - Started process (PID=673) to work on /home/airflow/.local/lib/python3.8/site-packages/airflow/example_dags/subdags/subdag.py
[2025-08-02T03:14:19.791+0000] {processor.py:830} INFO - Processing file /home/airflow/.local/lib/python3.8/site-packages/airflow/example_dags/subdags/subdag.py for tasks to queue
[2025-08-02T03:14:19.793+0000] {logging_mixin.py:188} INFO - [2025-08-02T03:14:19.793+0000] {dagbag.py:540} INFO - Filling up the DagBag from /home/airflow/.local/lib/python3.8/site-packages/airflow/example_dags/subdags/subdag.py
[2025-08-02T03:14:19.795+0000] {processor.py:842} WARNING - No viable dags retrieved from /home/airflow/.local/lib/python3.8/site-packages/airflow/example_dags/subdags/subdag.py
[2025-08-02T03:14:19.802+0000] {processor.py:183} INFO - Processing /home/airflow/.local/lib/python3.8/site-packages/airflow/example_dags/subdags/subdag.py took 0.015 seconds
