[2025-08-14T17:36:50.278+0000] {processor.py:161} INFO - Started process (PID=99) to work on /home/airflow/.local/lib/python3.8/site-packages/airflow/example_dags/example_datasets.py
[2025-08-14T17:36:50.286+0000] {processor.py:830} INFO - Processing file /home/airflow/.local/lib/python3.8/site-packages/airflow/example_dags/example_datasets.py for tasks to queue
[2025-08-14T17:36:50.296+0000] {logging_mixin.py:188} INFO - [2025-08-14T17:36:50.295+0000] {dagbag.py:540} INFO - Filling up the DagBag from /home/airflow/.local/lib/python3.8/site-packages/airflow/example_dags/example_datasets.py
[2025-08-14T17:36:50.335+0000] {processor.py:840} INFO - DAG(s) 'dataset_produces_2', 'dataset_produces_1', 'dataset_consumes_unknown_never_scheduled', 'dataset_consumes_1', 'dataset_consumes_1_never_scheduled', 'dataset_consumes_1_and_2' retrieved from /home/airflow/.local/lib/python3.8/site-packages/airflow/example_dags/example_datasets.py
[2025-08-14T17:36:50.430+0000] {logging_mixin.py:188} INFO - [2025-08-14T17:36:50.429+0000] {dag.py:3047} INFO - Sync 6 DAGs
[2025-08-14T17:36:50.509+0000] {logging_mixin.py:188} INFO - [2025-08-14T17:36:50.508+0000] {dag.py:3834} INFO - Setting next_dagrun for dataset_consumes_1 to None, run_after=None
[2025-08-14T17:36:50.515+0000] {logging_mixin.py:188} INFO - [2025-08-14T17:36:50.514+0000] {dag.py:3834} INFO - Setting next_dagrun for dataset_consumes_1_and_2 to None, run_after=None
[2025-08-14T17:36:50.516+0000] {logging_mixin.py:188} INFO - [2025-08-14T17:36:50.516+0000] {dag.py:3834} INFO - Setting next_dagrun for dataset_consumes_1_never_scheduled to None, run_after=None
[2025-08-14T17:36:50.517+0000] {logging_mixin.py:188} INFO - [2025-08-14T17:36:50.517+0000] {dag.py:3834} INFO - Setting next_dagrun for dataset_consumes_unknown_never_scheduled to None, run_after=None
[2025-08-14T17:36:50.521+0000] {logging_mixin.py:188} INFO - [2025-08-14T17:36:50.521+0000] {dag.py:3834} INFO - Setting next_dagrun for dataset_produces_1 to 2025-08-13 00:00:00+00:00, run_after=2025-08-14 00:00:00+00:00
[2025-08-14T17:36:50.522+0000] {logging_mixin.py:188} INFO - [2025-08-14T17:36:50.522+0000] {dag.py:3834} INFO - Setting next_dagrun for dataset_produces_2 to None, run_after=None
[2025-08-14T17:36:50.595+0000] {processor.py:183} INFO - Processing /home/airflow/.local/lib/python3.8/site-packages/airflow/example_dags/example_datasets.py took 0.322 seconds
[2025-08-14T17:37:20.927+0000] {processor.py:161} INFO - Started process (PID=155) to work on /home/airflow/.local/lib/python3.8/site-packages/airflow/example_dags/example_datasets.py
[2025-08-14T17:37:20.931+0000] {processor.py:830} INFO - Processing file /home/airflow/.local/lib/python3.8/site-packages/airflow/example_dags/example_datasets.py for tasks to queue
[2025-08-14T17:37:20.932+0000] {logging_mixin.py:188} INFO - [2025-08-14T17:37:20.932+0000] {dagbag.py:540} INFO - Filling up the DagBag from /home/airflow/.local/lib/python3.8/site-packages/airflow/example_dags/example_datasets.py
[2025-08-14T17:37:20.937+0000] {processor.py:840} INFO - DAG(s) 'dataset_produces_2', 'dataset_consumes_1', 'dataset_consumes_unknown_never_scheduled', 'dataset_produces_1', 'dataset_consumes_1_and_2', 'dataset_consumes_1_never_scheduled' retrieved from /home/airflow/.local/lib/python3.8/site-packages/airflow/example_dags/example_datasets.py
[2025-08-14T17:37:21.009+0000] {logging_mixin.py:188} INFO - [2025-08-14T17:37:21.009+0000] {dag.py:3047} INFO - Sync 6 DAGs
[2025-08-14T17:37:21.020+0000] {logging_mixin.py:188} INFO - [2025-08-14T17:37:21.019+0000] {dag.py:3834} INFO - Setting next_dagrun for dataset_consumes_1 to None, run_after=None
[2025-08-14T17:37:21.021+0000] {logging_mixin.py:188} INFO - [2025-08-14T17:37:21.021+0000] {dag.py:3834} INFO - Setting next_dagrun for dataset_consumes_1_and_2 to None, run_after=None
[2025-08-14T17:37:21.021+0000] {logging_mixin.py:188} INFO - [2025-08-14T17:37:21.021+0000] {dag.py:3834} INFO - Setting next_dagrun for dataset_consumes_1_never_scheduled to None, run_after=None
[2025-08-14T17:37:21.022+0000] {logging_mixin.py:188} INFO - [2025-08-14T17:37:21.022+0000] {dag.py:3834} INFO - Setting next_dagrun for dataset_consumes_unknown_never_scheduled to None, run_after=None
[2025-08-14T17:37:21.023+0000] {logging_mixin.py:188} INFO - [2025-08-14T17:37:21.023+0000] {dag.py:3834} INFO - Setting next_dagrun for dataset_produces_1 to 2025-08-13 00:00:00+00:00, run_after=2025-08-14 00:00:00+00:00
[2025-08-14T17:37:21.024+0000] {logging_mixin.py:188} INFO - [2025-08-14T17:37:21.024+0000] {dag.py:3834} INFO - Setting next_dagrun for dataset_produces_2 to None, run_after=None
[2025-08-14T17:37:21.038+0000] {processor.py:183} INFO - Processing /home/airflow/.local/lib/python3.8/site-packages/airflow/example_dags/example_datasets.py took 0.113 seconds
[2025-08-14T17:37:51.551+0000] {processor.py:161} INFO - Started process (PID=211) to work on /home/airflow/.local/lib/python3.8/site-packages/airflow/example_dags/example_datasets.py
[2025-08-14T17:37:51.553+0000] {processor.py:830} INFO - Processing file /home/airflow/.local/lib/python3.8/site-packages/airflow/example_dags/example_datasets.py for tasks to queue
[2025-08-14T17:37:51.555+0000] {logging_mixin.py:188} INFO - [2025-08-14T17:37:51.554+0000] {dagbag.py:540} INFO - Filling up the DagBag from /home/airflow/.local/lib/python3.8/site-packages/airflow/example_dags/example_datasets.py
[2025-08-14T17:37:51.575+0000] {processor.py:840} INFO - DAG(s) 'dataset_produces_1', 'dataset_consumes_unknown_never_scheduled', 'dataset_consumes_1', 'dataset_produces_2', 'dataset_consumes_1_never_scheduled', 'dataset_consumes_1_and_2' retrieved from /home/airflow/.local/lib/python3.8/site-packages/airflow/example_dags/example_datasets.py
[2025-08-14T17:37:51.623+0000] {logging_mixin.py:188} INFO - [2025-08-14T17:37:51.622+0000] {dag.py:3047} INFO - Sync 6 DAGs
[2025-08-14T17:37:51.670+0000] {logging_mixin.py:188} INFO - [2025-08-14T17:37:51.669+0000] {dag.py:3834} INFO - Setting next_dagrun for dataset_consumes_1 to None, run_after=None
[2025-08-14T17:37:51.679+0000] {logging_mixin.py:188} INFO - [2025-08-14T17:37:51.679+0000] {dag.py:3834} INFO - Setting next_dagrun for dataset_consumes_1_and_2 to None, run_after=None
[2025-08-14T17:37:51.682+0000] {logging_mixin.py:188} INFO - [2025-08-14T17:37:51.682+0000] {dag.py:3834} INFO - Setting next_dagrun for dataset_consumes_1_never_scheduled to None, run_after=None
[2025-08-14T17:37:51.684+0000] {logging_mixin.py:188} INFO - [2025-08-14T17:37:51.683+0000] {dag.py:3834} INFO - Setting next_dagrun for dataset_consumes_unknown_never_scheduled to None, run_after=None
[2025-08-14T17:37:51.688+0000] {logging_mixin.py:188} INFO - [2025-08-14T17:37:51.687+0000] {dag.py:3834} INFO - Setting next_dagrun for dataset_produces_1 to 2025-08-13 00:00:00+00:00, run_after=2025-08-14 00:00:00+00:00
[2025-08-14T17:37:51.689+0000] {logging_mixin.py:188} INFO - [2025-08-14T17:37:51.689+0000] {dag.py:3834} INFO - Setting next_dagrun for dataset_produces_2 to None, run_after=None
[2025-08-14T17:37:51.725+0000] {processor.py:183} INFO - Processing /home/airflow/.local/lib/python3.8/site-packages/airflow/example_dags/example_datasets.py took 0.180 seconds
[2025-08-14T17:38:22.179+0000] {processor.py:161} INFO - Started process (PID=267) to work on /home/airflow/.local/lib/python3.8/site-packages/airflow/example_dags/example_datasets.py
[2025-08-14T17:38:22.181+0000] {processor.py:830} INFO - Processing file /home/airflow/.local/lib/python3.8/site-packages/airflow/example_dags/example_datasets.py for tasks to queue
[2025-08-14T17:38:22.182+0000] {logging_mixin.py:188} INFO - [2025-08-14T17:38:22.182+0000] {dagbag.py:540} INFO - Filling up the DagBag from /home/airflow/.local/lib/python3.8/site-packages/airflow/example_dags/example_datasets.py
[2025-08-14T17:38:22.191+0000] {processor.py:840} INFO - DAG(s) 'dataset_produces_1', 'dataset_consumes_1', 'dataset_consumes_1_never_scheduled', 'dataset_produces_2', 'dataset_consumes_1_and_2', 'dataset_consumes_unknown_never_scheduled' retrieved from /home/airflow/.local/lib/python3.8/site-packages/airflow/example_dags/example_datasets.py
[2025-08-14T17:38:22.231+0000] {logging_mixin.py:188} INFO - [2025-08-14T17:38:22.231+0000] {dag.py:3047} INFO - Sync 6 DAGs
[2025-08-14T17:38:22.273+0000] {logging_mixin.py:188} INFO - [2025-08-14T17:38:22.273+0000] {dag.py:3834} INFO - Setting next_dagrun for dataset_consumes_1 to None, run_after=None
[2025-08-14T17:38:22.278+0000] {logging_mixin.py:188} INFO - [2025-08-14T17:38:22.278+0000] {dag.py:3834} INFO - Setting next_dagrun for dataset_consumes_1_and_2 to None, run_after=None
[2025-08-14T17:38:22.283+0000] {logging_mixin.py:188} INFO - [2025-08-14T17:38:22.282+0000] {dag.py:3834} INFO - Setting next_dagrun for dataset_consumes_1_never_scheduled to None, run_after=None
[2025-08-14T17:38:22.284+0000] {logging_mixin.py:188} INFO - [2025-08-14T17:38:22.284+0000] {dag.py:3834} INFO - Setting next_dagrun for dataset_consumes_unknown_never_scheduled to None, run_after=None
[2025-08-14T17:38:22.287+0000] {logging_mixin.py:188} INFO - [2025-08-14T17:38:22.287+0000] {dag.py:3834} INFO - Setting next_dagrun for dataset_produces_1 to 2025-08-13 00:00:00+00:00, run_after=2025-08-14 00:00:00+00:00
[2025-08-14T17:38:22.290+0000] {logging_mixin.py:188} INFO - [2025-08-14T17:38:22.289+0000] {dag.py:3834} INFO - Setting next_dagrun for dataset_produces_2 to None, run_after=None
[2025-08-14T17:38:22.350+0000] {processor.py:183} INFO - Processing /home/airflow/.local/lib/python3.8/site-packages/airflow/example_dags/example_datasets.py took 0.174 seconds
[2025-08-14T17:38:52.558+0000] {processor.py:161} INFO - Started process (PID=324) to work on /home/airflow/.local/lib/python3.8/site-packages/airflow/example_dags/example_datasets.py
[2025-08-14T17:38:52.559+0000] {processor.py:830} INFO - Processing file /home/airflow/.local/lib/python3.8/site-packages/airflow/example_dags/example_datasets.py for tasks to queue
[2025-08-14T17:38:52.560+0000] {logging_mixin.py:188} INFO - [2025-08-14T17:38:52.560+0000] {dagbag.py:540} INFO - Filling up the DagBag from /home/airflow/.local/lib/python3.8/site-packages/airflow/example_dags/example_datasets.py
[2025-08-14T17:38:52.566+0000] {processor.py:840} INFO - DAG(s) 'dataset_produces_2', 'dataset_consumes_1', 'dataset_consumes_1_never_scheduled', 'dataset_consumes_unknown_never_scheduled', 'dataset_consumes_1_and_2', 'dataset_produces_1' retrieved from /home/airflow/.local/lib/python3.8/site-packages/airflow/example_dags/example_datasets.py
[2025-08-14T17:38:52.589+0000] {logging_mixin.py:188} INFO - [2025-08-14T17:38:52.589+0000] {dag.py:3047} INFO - Sync 6 DAGs
[2025-08-14T17:38:52.602+0000] {logging_mixin.py:188} INFO - [2025-08-14T17:38:52.602+0000] {dag.py:3834} INFO - Setting next_dagrun for dataset_consumes_1 to None, run_after=None
[2025-08-14T17:38:52.605+0000] {logging_mixin.py:188} INFO - [2025-08-14T17:38:52.605+0000] {dag.py:3834} INFO - Setting next_dagrun for dataset_consumes_1_and_2 to None, run_after=None
[2025-08-14T17:38:52.606+0000] {logging_mixin.py:188} INFO - [2025-08-14T17:38:52.605+0000] {dag.py:3834} INFO - Setting next_dagrun for dataset_consumes_1_never_scheduled to None, run_after=None
[2025-08-14T17:38:52.606+0000] {logging_mixin.py:188} INFO - [2025-08-14T17:38:52.606+0000] {dag.py:3834} INFO - Setting next_dagrun for dataset_consumes_unknown_never_scheduled to None, run_after=None
[2025-08-14T17:38:52.608+0000] {logging_mixin.py:188} INFO - [2025-08-14T17:38:52.607+0000] {dag.py:3834} INFO - Setting next_dagrun for dataset_produces_1 to 2025-08-13 00:00:00+00:00, run_after=2025-08-14 00:00:00+00:00
[2025-08-14T17:38:52.608+0000] {logging_mixin.py:188} INFO - [2025-08-14T17:38:52.608+0000] {dag.py:3834} INFO - Setting next_dagrun for dataset_produces_2 to None, run_after=None
[2025-08-14T17:38:52.631+0000] {processor.py:183} INFO - Processing /home/airflow/.local/lib/python3.8/site-packages/airflow/example_dags/example_datasets.py took 0.076 seconds
[2025-08-14T17:39:22.947+0000] {processor.py:161} INFO - Started process (PID=380) to work on /home/airflow/.local/lib/python3.8/site-packages/airflow/example_dags/example_datasets.py
[2025-08-14T17:39:22.947+0000] {processor.py:830} INFO - Processing file /home/airflow/.local/lib/python3.8/site-packages/airflow/example_dags/example_datasets.py for tasks to queue
[2025-08-14T17:39:22.948+0000] {logging_mixin.py:188} INFO - [2025-08-14T17:39:22.948+0000] {dagbag.py:540} INFO - Filling up the DagBag from /home/airflow/.local/lib/python3.8/site-packages/airflow/example_dags/example_datasets.py
[2025-08-14T17:39:22.954+0000] {processor.py:840} INFO - DAG(s) 'dataset_produces_2', 'dataset_consumes_1', 'dataset_consumes_1_and_2', 'dataset_consumes_unknown_never_scheduled', 'dataset_consumes_1_never_scheduled', 'dataset_produces_1' retrieved from /home/airflow/.local/lib/python3.8/site-packages/airflow/example_dags/example_datasets.py
[2025-08-14T17:39:22.975+0000] {logging_mixin.py:188} INFO - [2025-08-14T17:39:22.974+0000] {dag.py:3047} INFO - Sync 6 DAGs
[2025-08-14T17:39:22.988+0000] {logging_mixin.py:188} INFO - [2025-08-14T17:39:22.988+0000] {dag.py:3834} INFO - Setting next_dagrun for dataset_consumes_1 to None, run_after=None
[2025-08-14T17:39:22.992+0000] {logging_mixin.py:188} INFO - [2025-08-14T17:39:22.991+0000] {dag.py:3834} INFO - Setting next_dagrun for dataset_consumes_1_and_2 to None, run_after=None
[2025-08-14T17:39:22.992+0000] {logging_mixin.py:188} INFO - [2025-08-14T17:39:22.992+0000] {dag.py:3834} INFO - Setting next_dagrun for dataset_consumes_1_never_scheduled to None, run_after=None
[2025-08-14T17:39:22.993+0000] {logging_mixin.py:188} INFO - [2025-08-14T17:39:22.993+0000] {dag.py:3834} INFO - Setting next_dagrun for dataset_consumes_unknown_never_scheduled to None, run_after=None
[2025-08-14T17:39:22.994+0000] {logging_mixin.py:188} INFO - [2025-08-14T17:39:22.994+0000] {dag.py:3834} INFO - Setting next_dagrun for dataset_produces_1 to 2025-08-13 00:00:00+00:00, run_after=2025-08-14 00:00:00+00:00
[2025-08-14T17:39:22.995+0000] {logging_mixin.py:188} INFO - [2025-08-14T17:39:22.995+0000] {dag.py:3834} INFO - Setting next_dagrun for dataset_produces_2 to None, run_after=None
[2025-08-14T17:39:23.020+0000] {processor.py:183} INFO - Processing /home/airflow/.local/lib/python3.8/site-packages/airflow/example_dags/example_datasets.py took 0.075 seconds
[2025-08-14T17:39:53.869+0000] {processor.py:161} INFO - Started process (PID=436) to work on /home/airflow/.local/lib/python3.8/site-packages/airflow/example_dags/example_datasets.py
[2025-08-14T17:39:53.870+0000] {processor.py:830} INFO - Processing file /home/airflow/.local/lib/python3.8/site-packages/airflow/example_dags/example_datasets.py for tasks to queue
[2025-08-14T17:39:53.871+0000] {logging_mixin.py:188} INFO - [2025-08-14T17:39:53.871+0000] {dagbag.py:540} INFO - Filling up the DagBag from /home/airflow/.local/lib/python3.8/site-packages/airflow/example_dags/example_datasets.py
[2025-08-14T17:39:53.878+0000] {processor.py:840} INFO - DAG(s) 'dataset_consumes_1_never_scheduled', 'dataset_produces_1', 'dataset_consumes_unknown_never_scheduled', 'dataset_consumes_1_and_2', 'dataset_consumes_1', 'dataset_produces_2' retrieved from /home/airflow/.local/lib/python3.8/site-packages/airflow/example_dags/example_datasets.py
[2025-08-14T17:39:53.936+0000] {logging_mixin.py:188} INFO - [2025-08-14T17:39:53.935+0000] {dag.py:3047} INFO - Sync 6 DAGs
[2025-08-14T17:39:53.959+0000] {logging_mixin.py:188} INFO - [2025-08-14T17:39:53.958+0000] {dag.py:3834} INFO - Setting next_dagrun for dataset_consumes_1 to None, run_after=None
[2025-08-14T17:39:53.963+0000] {logging_mixin.py:188} INFO - [2025-08-14T17:39:53.963+0000] {dag.py:3834} INFO - Setting next_dagrun for dataset_consumes_1_and_2 to None, run_after=None
[2025-08-14T17:39:53.965+0000] {logging_mixin.py:188} INFO - [2025-08-14T17:39:53.965+0000] {dag.py:3834} INFO - Setting next_dagrun for dataset_consumes_1_never_scheduled to None, run_after=None
[2025-08-14T17:39:53.966+0000] {logging_mixin.py:188} INFO - [2025-08-14T17:39:53.965+0000] {dag.py:3834} INFO - Setting next_dagrun for dataset_consumes_unknown_never_scheduled to None, run_after=None
[2025-08-14T17:39:53.967+0000] {logging_mixin.py:188} INFO - [2025-08-14T17:39:53.967+0000] {dag.py:3834} INFO - Setting next_dagrun for dataset_produces_1 to 2025-08-13 00:00:00+00:00, run_after=2025-08-14 00:00:00+00:00
[2025-08-14T17:39:53.968+0000] {logging_mixin.py:188} INFO - [2025-08-14T17:39:53.968+0000] {dag.py:3834} INFO - Setting next_dagrun for dataset_produces_2 to None, run_after=None
[2025-08-14T17:39:54.004+0000] {processor.py:183} INFO - Processing /home/airflow/.local/lib/python3.8/site-packages/airflow/example_dags/example_datasets.py took 0.138 seconds
[2025-08-14T17:40:24.522+0000] {processor.py:161} INFO - Started process (PID=492) to work on /home/airflow/.local/lib/python3.8/site-packages/airflow/example_dags/example_datasets.py
[2025-08-14T17:40:24.523+0000] {processor.py:830} INFO - Processing file /home/airflow/.local/lib/python3.8/site-packages/airflow/example_dags/example_datasets.py for tasks to queue
[2025-08-14T17:40:24.524+0000] {logging_mixin.py:188} INFO - [2025-08-14T17:40:24.524+0000] {dagbag.py:540} INFO - Filling up the DagBag from /home/airflow/.local/lib/python3.8/site-packages/airflow/example_dags/example_datasets.py
[2025-08-14T17:40:24.530+0000] {processor.py:840} INFO - DAG(s) 'dataset_consumes_1_and_2', 'dataset_consumes_unknown_never_scheduled', 'dataset_produces_2', 'dataset_consumes_1_never_scheduled', 'dataset_produces_1', 'dataset_consumes_1' retrieved from /home/airflow/.local/lib/python3.8/site-packages/airflow/example_dags/example_datasets.py
[2025-08-14T17:40:24.569+0000] {logging_mixin.py:188} INFO - [2025-08-14T17:40:24.569+0000] {dag.py:3047} INFO - Sync 6 DAGs
[2025-08-14T17:40:24.588+0000] {logging_mixin.py:188} INFO - [2025-08-14T17:40:24.588+0000] {dag.py:3834} INFO - Setting next_dagrun for dataset_consumes_1 to None, run_after=None
[2025-08-14T17:40:24.591+0000] {logging_mixin.py:188} INFO - [2025-08-14T17:40:24.591+0000] {dag.py:3834} INFO - Setting next_dagrun for dataset_consumes_1_and_2 to None, run_after=None
[2025-08-14T17:40:24.593+0000] {logging_mixin.py:188} INFO - [2025-08-14T17:40:24.593+0000] {dag.py:3834} INFO - Setting next_dagrun for dataset_consumes_1_never_scheduled to None, run_after=None
[2025-08-14T17:40:24.594+0000] {logging_mixin.py:188} INFO - [2025-08-14T17:40:24.594+0000] {dag.py:3834} INFO - Setting next_dagrun for dataset_consumes_unknown_never_scheduled to None, run_after=None
[2025-08-14T17:40:24.597+0000] {logging_mixin.py:188} INFO - [2025-08-14T17:40:24.597+0000] {dag.py:3834} INFO - Setting next_dagrun for dataset_produces_1 to 2025-08-13 00:00:00+00:00, run_after=2025-08-14 00:00:00+00:00
[2025-08-14T17:40:24.600+0000] {logging_mixin.py:188} INFO - [2025-08-14T17:40:24.600+0000] {dag.py:3834} INFO - Setting next_dagrun for dataset_produces_2 to None, run_after=None
[2025-08-14T17:40:24.631+0000] {processor.py:183} INFO - Processing /home/airflow/.local/lib/python3.8/site-packages/airflow/example_dags/example_datasets.py took 0.112 seconds
[2025-08-14T17:40:55.135+0000] {processor.py:161} INFO - Started process (PID=548) to work on /home/airflow/.local/lib/python3.8/site-packages/airflow/example_dags/example_datasets.py
[2025-08-14T17:40:55.137+0000] {processor.py:830} INFO - Processing file /home/airflow/.local/lib/python3.8/site-packages/airflow/example_dags/example_datasets.py for tasks to queue
[2025-08-14T17:40:55.138+0000] {logging_mixin.py:188} INFO - [2025-08-14T17:40:55.138+0000] {dagbag.py:540} INFO - Filling up the DagBag from /home/airflow/.local/lib/python3.8/site-packages/airflow/example_dags/example_datasets.py
[2025-08-14T17:40:55.144+0000] {processor.py:840} INFO - DAG(s) 'dataset_consumes_1_never_scheduled', 'dataset_consumes_1', 'dataset_produces_1', 'dataset_produces_2', 'dataset_consumes_1_and_2', 'dataset_consumes_unknown_never_scheduled' retrieved from /home/airflow/.local/lib/python3.8/site-packages/airflow/example_dags/example_datasets.py
[2025-08-14T17:40:55.168+0000] {logging_mixin.py:188} INFO - [2025-08-14T17:40:55.168+0000] {dag.py:3047} INFO - Sync 6 DAGs
[2025-08-14T17:40:55.181+0000] {logging_mixin.py:188} INFO - [2025-08-14T17:40:55.181+0000] {dag.py:3834} INFO - Setting next_dagrun for dataset_consumes_1 to None, run_after=None
[2025-08-14T17:40:55.183+0000] {logging_mixin.py:188} INFO - [2025-08-14T17:40:55.183+0000] {dag.py:3834} INFO - Setting next_dagrun for dataset_consumes_1_and_2 to None, run_after=None
[2025-08-14T17:40:55.184+0000] {logging_mixin.py:188} INFO - [2025-08-14T17:40:55.183+0000] {dag.py:3834} INFO - Setting next_dagrun for dataset_consumes_1_never_scheduled to None, run_after=None
[2025-08-14T17:40:55.184+0000] {logging_mixin.py:188} INFO - [2025-08-14T17:40:55.184+0000] {dag.py:3834} INFO - Setting next_dagrun for dataset_consumes_unknown_never_scheduled to None, run_after=None
[2025-08-14T17:40:55.185+0000] {logging_mixin.py:188} INFO - [2025-08-14T17:40:55.185+0000] {dag.py:3834} INFO - Setting next_dagrun for dataset_produces_1 to 2025-08-13 00:00:00+00:00, run_after=2025-08-14 00:00:00+00:00
[2025-08-14T17:40:55.186+0000] {logging_mixin.py:188} INFO - [2025-08-14T17:40:55.186+0000] {dag.py:3834} INFO - Setting next_dagrun for dataset_produces_2 to None, run_after=None
[2025-08-14T17:40:55.209+0000] {processor.py:183} INFO - Processing /home/airflow/.local/lib/python3.8/site-packages/airflow/example_dags/example_datasets.py took 0.076 seconds
[2025-08-14T17:41:25.465+0000] {processor.py:161} INFO - Started process (PID=606) to work on /home/airflow/.local/lib/python3.8/site-packages/airflow/example_dags/example_datasets.py
[2025-08-14T17:41:25.466+0000] {processor.py:830} INFO - Processing file /home/airflow/.local/lib/python3.8/site-packages/airflow/example_dags/example_datasets.py for tasks to queue
[2025-08-14T17:41:25.467+0000] {logging_mixin.py:188} INFO - [2025-08-14T17:41:25.466+0000] {dagbag.py:540} INFO - Filling up the DagBag from /home/airflow/.local/lib/python3.8/site-packages/airflow/example_dags/example_datasets.py
[2025-08-14T17:41:25.472+0000] {processor.py:840} INFO - DAG(s) 'dataset_produces_1', 'dataset_consumes_1_and_2', 'dataset_produces_2', 'dataset_consumes_1_never_scheduled', 'dataset_consumes_unknown_never_scheduled', 'dataset_consumes_1' retrieved from /home/airflow/.local/lib/python3.8/site-packages/airflow/example_dags/example_datasets.py
[2025-08-14T17:41:25.493+0000] {logging_mixin.py:188} INFO - [2025-08-14T17:41:25.493+0000] {dag.py:3047} INFO - Sync 6 DAGs
[2025-08-14T17:41:25.505+0000] {logging_mixin.py:188} INFO - [2025-08-14T17:41:25.505+0000] {dag.py:3834} INFO - Setting next_dagrun for dataset_consumes_1 to None, run_after=None
[2025-08-14T17:41:25.507+0000] {logging_mixin.py:188} INFO - [2025-08-14T17:41:25.507+0000] {dag.py:3834} INFO - Setting next_dagrun for dataset_consumes_1_and_2 to None, run_after=None
[2025-08-14T17:41:25.507+0000] {logging_mixin.py:188} INFO - [2025-08-14T17:41:25.507+0000] {dag.py:3834} INFO - Setting next_dagrun for dataset_consumes_1_never_scheduled to None, run_after=None
[2025-08-14T17:41:25.508+0000] {logging_mixin.py:188} INFO - [2025-08-14T17:41:25.508+0000] {dag.py:3834} INFO - Setting next_dagrun for dataset_consumes_unknown_never_scheduled to None, run_after=None
[2025-08-14T17:41:25.509+0000] {logging_mixin.py:188} INFO - [2025-08-14T17:41:25.509+0000] {dag.py:3834} INFO - Setting next_dagrun for dataset_produces_1 to 2025-08-13 00:00:00+00:00, run_after=2025-08-14 00:00:00+00:00
[2025-08-14T17:41:25.510+0000] {logging_mixin.py:188} INFO - [2025-08-14T17:41:25.510+0000] {dag.py:3834} INFO - Setting next_dagrun for dataset_produces_2 to None, run_after=None
[2025-08-14T17:41:25.523+0000] {processor.py:183} INFO - Processing /home/airflow/.local/lib/python3.8/site-packages/airflow/example_dags/example_datasets.py took 0.060 seconds
[2025-08-14T17:41:56.849+0000] {processor.py:161} INFO - Started process (PID=660) to work on /home/airflow/.local/lib/python3.8/site-packages/airflow/example_dags/example_datasets.py
[2025-08-14T17:41:56.852+0000] {processor.py:830} INFO - Processing file /home/airflow/.local/lib/python3.8/site-packages/airflow/example_dags/example_datasets.py for tasks to queue
[2025-08-14T17:41:56.855+0000] {logging_mixin.py:188} INFO - [2025-08-14T17:41:56.855+0000] {dagbag.py:540} INFO - Filling up the DagBag from /home/airflow/.local/lib/python3.8/site-packages/airflow/example_dags/example_datasets.py
[2025-08-14T17:41:56.874+0000] {processor.py:840} INFO - DAG(s) 'dataset_consumes_1_and_2', 'dataset_produces_1', 'dataset_consumes_1', 'dataset_produces_2', 'dataset_consumes_unknown_never_scheduled', 'dataset_consumes_1_never_scheduled' retrieved from /home/airflow/.local/lib/python3.8/site-packages/airflow/example_dags/example_datasets.py
[2025-08-14T17:41:56.926+0000] {logging_mixin.py:188} INFO - [2025-08-14T17:41:56.926+0000] {dag.py:3047} INFO - Sync 6 DAGs
[2025-08-14T17:41:56.953+0000] {logging_mixin.py:188} INFO - [2025-08-14T17:41:56.953+0000] {dag.py:3834} INFO - Setting next_dagrun for dataset_consumes_1 to None, run_after=None
[2025-08-14T17:41:56.957+0000] {logging_mixin.py:188} INFO - [2025-08-14T17:41:56.956+0000] {dag.py:3834} INFO - Setting next_dagrun for dataset_consumes_1_and_2 to None, run_after=None
[2025-08-14T17:41:56.959+0000] {logging_mixin.py:188} INFO - [2025-08-14T17:41:56.958+0000] {dag.py:3834} INFO - Setting next_dagrun for dataset_consumes_1_never_scheduled to None, run_after=None
[2025-08-14T17:41:56.960+0000] {logging_mixin.py:188} INFO - [2025-08-14T17:41:56.959+0000] {dag.py:3834} INFO - Setting next_dagrun for dataset_consumes_unknown_never_scheduled to None, run_after=None
[2025-08-14T17:41:56.961+0000] {logging_mixin.py:188} INFO - [2025-08-14T17:41:56.961+0000] {dag.py:3834} INFO - Setting next_dagrun for dataset_produces_1 to 2025-08-13 00:00:00+00:00, run_after=2025-08-14 00:00:00+00:00
[2025-08-14T17:41:56.963+0000] {logging_mixin.py:188} INFO - [2025-08-14T17:41:56.962+0000] {dag.py:3834} INFO - Setting next_dagrun for dataset_produces_2 to None, run_after=None
[2025-08-14T17:41:56.999+0000] {processor.py:183} INFO - Processing /home/airflow/.local/lib/python3.8/site-packages/airflow/example_dags/example_datasets.py took 0.159 seconds
[2025-08-14T17:42:27.038+0000] {processor.py:161} INFO - Started process (PID=719) to work on /home/airflow/.local/lib/python3.8/site-packages/airflow/example_dags/example_datasets.py
[2025-08-14T17:42:27.039+0000] {processor.py:830} INFO - Processing file /home/airflow/.local/lib/python3.8/site-packages/airflow/example_dags/example_datasets.py for tasks to queue
[2025-08-14T17:42:27.040+0000] {logging_mixin.py:188} INFO - [2025-08-14T17:42:27.040+0000] {dagbag.py:540} INFO - Filling up the DagBag from /home/airflow/.local/lib/python3.8/site-packages/airflow/example_dags/example_datasets.py
[2025-08-14T17:42:27.047+0000] {processor.py:840} INFO - DAG(s) 'dataset_consumes_1_and_2', 'dataset_consumes_1', 'dataset_consumes_unknown_never_scheduled', 'dataset_produces_2', 'dataset_produces_1', 'dataset_consumes_1_never_scheduled' retrieved from /home/airflow/.local/lib/python3.8/site-packages/airflow/example_dags/example_datasets.py
[2025-08-14T17:42:27.070+0000] {logging_mixin.py:188} INFO - [2025-08-14T17:42:27.070+0000] {dag.py:3047} INFO - Sync 6 DAGs
[2025-08-14T17:42:27.095+0000] {logging_mixin.py:188} INFO - [2025-08-14T17:42:27.095+0000] {dag.py:3834} INFO - Setting next_dagrun for dataset_consumes_1 to None, run_after=None
[2025-08-14T17:42:27.098+0000] {logging_mixin.py:188} INFO - [2025-08-14T17:42:27.098+0000] {dag.py:3834} INFO - Setting next_dagrun for dataset_consumes_1_and_2 to None, run_after=None
[2025-08-14T17:42:27.099+0000] {logging_mixin.py:188} INFO - [2025-08-14T17:42:27.099+0000] {dag.py:3834} INFO - Setting next_dagrun for dataset_consumes_1_never_scheduled to None, run_after=None
[2025-08-14T17:42:27.100+0000] {logging_mixin.py:188} INFO - [2025-08-14T17:42:27.100+0000] {dag.py:3834} INFO - Setting next_dagrun for dataset_consumes_unknown_never_scheduled to None, run_after=None
[2025-08-14T17:42:27.102+0000] {logging_mixin.py:188} INFO - [2025-08-14T17:42:27.101+0000] {dag.py:3834} INFO - Setting next_dagrun for dataset_produces_1 to 2025-08-13 00:00:00+00:00, run_after=2025-08-14 00:00:00+00:00
[2025-08-14T17:42:27.102+0000] {logging_mixin.py:188} INFO - [2025-08-14T17:42:27.102+0000] {dag.py:3834} INFO - Setting next_dagrun for dataset_produces_2 to None, run_after=None
[2025-08-14T17:42:27.121+0000] {processor.py:183} INFO - Processing /home/airflow/.local/lib/python3.8/site-packages/airflow/example_dags/example_datasets.py took 0.087 seconds
[2025-08-14T17:42:57.292+0000] {processor.py:161} INFO - Started process (PID=775) to work on /home/airflow/.local/lib/python3.8/site-packages/airflow/example_dags/example_datasets.py
[2025-08-14T17:42:57.293+0000] {processor.py:830} INFO - Processing file /home/airflow/.local/lib/python3.8/site-packages/airflow/example_dags/example_datasets.py for tasks to queue
[2025-08-14T17:42:57.294+0000] {logging_mixin.py:188} INFO - [2025-08-14T17:42:57.294+0000] {dagbag.py:540} INFO - Filling up the DagBag from /home/airflow/.local/lib/python3.8/site-packages/airflow/example_dags/example_datasets.py
[2025-08-14T17:42:57.300+0000] {processor.py:840} INFO - DAG(s) 'dataset_produces_1', 'dataset_produces_2', 'dataset_consumes_1_never_scheduled', 'dataset_consumes_1', 'dataset_consumes_1_and_2', 'dataset_consumes_unknown_never_scheduled' retrieved from /home/airflow/.local/lib/python3.8/site-packages/airflow/example_dags/example_datasets.py
[2025-08-14T17:42:57.320+0000] {logging_mixin.py:188} INFO - [2025-08-14T17:42:57.320+0000] {dag.py:3047} INFO - Sync 6 DAGs
[2025-08-14T17:42:57.333+0000] {logging_mixin.py:188} INFO - [2025-08-14T17:42:57.333+0000] {dag.py:3834} INFO - Setting next_dagrun for dataset_consumes_1 to None, run_after=None
[2025-08-14T17:42:57.335+0000] {logging_mixin.py:188} INFO - [2025-08-14T17:42:57.335+0000] {dag.py:3834} INFO - Setting next_dagrun for dataset_consumes_1_and_2 to None, run_after=None
[2025-08-14T17:42:57.336+0000] {logging_mixin.py:188} INFO - [2025-08-14T17:42:57.336+0000] {dag.py:3834} INFO - Setting next_dagrun for dataset_consumes_1_never_scheduled to None, run_after=None
[2025-08-14T17:42:57.337+0000] {logging_mixin.py:188} INFO - [2025-08-14T17:42:57.337+0000] {dag.py:3834} INFO - Setting next_dagrun for dataset_consumes_unknown_never_scheduled to None, run_after=None
[2025-08-14T17:42:57.340+0000] {logging_mixin.py:188} INFO - [2025-08-14T17:42:57.340+0000] {dag.py:3834} INFO - Setting next_dagrun for dataset_produces_1 to 2025-08-13 00:00:00+00:00, run_after=2025-08-14 00:00:00+00:00
[2025-08-14T17:42:57.341+0000] {logging_mixin.py:188} INFO - [2025-08-14T17:42:57.341+0000] {dag.py:3834} INFO - Setting next_dagrun for dataset_produces_2 to None, run_after=None
[2025-08-14T17:42:57.357+0000] {processor.py:183} INFO - Processing /home/airflow/.local/lib/python3.8/site-packages/airflow/example_dags/example_datasets.py took 0.067 seconds
[2025-08-14T17:43:27.934+0000] {processor.py:161} INFO - Started process (PID=828) to work on /home/airflow/.local/lib/python3.8/site-packages/airflow/example_dags/example_datasets.py
[2025-08-14T17:43:27.935+0000] {processor.py:830} INFO - Processing file /home/airflow/.local/lib/python3.8/site-packages/airflow/example_dags/example_datasets.py for tasks to queue
[2025-08-14T17:43:27.937+0000] {logging_mixin.py:188} INFO - [2025-08-14T17:43:27.937+0000] {dagbag.py:540} INFO - Filling up the DagBag from /home/airflow/.local/lib/python3.8/site-packages/airflow/example_dags/example_datasets.py
[2025-08-14T17:43:27.949+0000] {processor.py:840} INFO - DAG(s) 'dataset_produces_1', 'dataset_consumes_1_and_2', 'dataset_produces_2', 'dataset_consumes_1', 'dataset_consumes_unknown_never_scheduled', 'dataset_consumes_1_never_scheduled' retrieved from /home/airflow/.local/lib/python3.8/site-packages/airflow/example_dags/example_datasets.py
[2025-08-14T17:43:27.979+0000] {logging_mixin.py:188} INFO - [2025-08-14T17:43:27.979+0000] {dag.py:3047} INFO - Sync 6 DAGs
[2025-08-14T17:43:27.992+0000] {logging_mixin.py:188} INFO - [2025-08-14T17:43:27.992+0000] {dag.py:3834} INFO - Setting next_dagrun for dataset_consumes_1 to None, run_after=None
[2025-08-14T17:43:27.995+0000] {logging_mixin.py:188} INFO - [2025-08-14T17:43:27.995+0000] {dag.py:3834} INFO - Setting next_dagrun for dataset_consumes_1_and_2 to None, run_after=None
[2025-08-14T17:43:27.996+0000] {logging_mixin.py:188} INFO - [2025-08-14T17:43:27.996+0000] {dag.py:3834} INFO - Setting next_dagrun for dataset_consumes_1_never_scheduled to None, run_after=None
[2025-08-14T17:43:27.998+0000] {logging_mixin.py:188} INFO - [2025-08-14T17:43:27.998+0000] {dag.py:3834} INFO - Setting next_dagrun for dataset_consumes_unknown_never_scheduled to None, run_after=None
[2025-08-14T17:43:28.001+0000] {logging_mixin.py:188} INFO - [2025-08-14T17:43:28.001+0000] {dag.py:3834} INFO - Setting next_dagrun for dataset_produces_1 to 2025-08-13 00:00:00+00:00, run_after=2025-08-14 00:00:00+00:00
[2025-08-14T17:43:28.004+0000] {logging_mixin.py:188} INFO - [2025-08-14T17:43:28.003+0000] {dag.py:3834} INFO - Setting next_dagrun for dataset_produces_2 to None, run_after=None
[2025-08-14T17:43:28.040+0000] {processor.py:183} INFO - Processing /home/airflow/.local/lib/python3.8/site-packages/airflow/example_dags/example_datasets.py took 0.110 seconds
[2025-08-14T17:43:58.285+0000] {processor.py:161} INFO - Started process (PID=884) to work on /home/airflow/.local/lib/python3.8/site-packages/airflow/example_dags/example_datasets.py
[2025-08-14T17:43:58.287+0000] {processor.py:830} INFO - Processing file /home/airflow/.local/lib/python3.8/site-packages/airflow/example_dags/example_datasets.py for tasks to queue
[2025-08-14T17:43:58.289+0000] {logging_mixin.py:188} INFO - [2025-08-14T17:43:58.288+0000] {dagbag.py:540} INFO - Filling up the DagBag from /home/airflow/.local/lib/python3.8/site-packages/airflow/example_dags/example_datasets.py
[2025-08-14T17:43:58.295+0000] {processor.py:840} INFO - DAG(s) 'dataset_produces_2', 'dataset_consumes_1', 'dataset_produces_1', 'dataset_consumes_1_and_2', 'dataset_consumes_1_never_scheduled', 'dataset_consumes_unknown_never_scheduled' retrieved from /home/airflow/.local/lib/python3.8/site-packages/airflow/example_dags/example_datasets.py
[2025-08-14T17:43:58.324+0000] {logging_mixin.py:188} INFO - [2025-08-14T17:43:58.324+0000] {dag.py:3047} INFO - Sync 6 DAGs
[2025-08-14T17:43:58.335+0000] {logging_mixin.py:188} INFO - [2025-08-14T17:43:58.335+0000] {dag.py:3834} INFO - Setting next_dagrun for dataset_consumes_1 to None, run_after=None
[2025-08-14T17:43:58.338+0000] {logging_mixin.py:188} INFO - [2025-08-14T17:43:58.337+0000] {dag.py:3834} INFO - Setting next_dagrun for dataset_consumes_1_and_2 to None, run_after=None
[2025-08-14T17:43:58.339+0000] {logging_mixin.py:188} INFO - [2025-08-14T17:43:58.339+0000] {dag.py:3834} INFO - Setting next_dagrun for dataset_consumes_1_never_scheduled to None, run_after=None
[2025-08-14T17:43:58.340+0000] {logging_mixin.py:188} INFO - [2025-08-14T17:43:58.340+0000] {dag.py:3834} INFO - Setting next_dagrun for dataset_consumes_unknown_never_scheduled to None, run_after=None
[2025-08-14T17:43:58.341+0000] {logging_mixin.py:188} INFO - [2025-08-14T17:43:58.341+0000] {dag.py:3834} INFO - Setting next_dagrun for dataset_produces_1 to 2025-08-13 00:00:00+00:00, run_after=2025-08-14 00:00:00+00:00
[2025-08-14T17:43:58.342+0000] {logging_mixin.py:188} INFO - [2025-08-14T17:43:58.342+0000] {dag.py:3834} INFO - Setting next_dagrun for dataset_produces_2 to None, run_after=None
[2025-08-14T17:43:58.366+0000] {processor.py:183} INFO - Processing /home/airflow/.local/lib/python3.8/site-packages/airflow/example_dags/example_datasets.py took 0.084 seconds
[2025-08-14T17:44:28.388+0000] {processor.py:161} INFO - Started process (PID=940) to work on /home/airflow/.local/lib/python3.8/site-packages/airflow/example_dags/example_datasets.py
[2025-08-14T17:44:28.390+0000] {processor.py:830} INFO - Processing file /home/airflow/.local/lib/python3.8/site-packages/airflow/example_dags/example_datasets.py for tasks to queue
[2025-08-14T17:44:28.392+0000] {logging_mixin.py:188} INFO - [2025-08-14T17:44:28.392+0000] {dagbag.py:540} INFO - Filling up the DagBag from /home/airflow/.local/lib/python3.8/site-packages/airflow/example_dags/example_datasets.py
[2025-08-14T17:44:28.397+0000] {processor.py:840} INFO - DAG(s) 'dataset_consumes_1_and_2', 'dataset_produces_1', 'dataset_consumes_1_never_scheduled', 'dataset_produces_2', 'dataset_consumes_1', 'dataset_consumes_unknown_never_scheduled' retrieved from /home/airflow/.local/lib/python3.8/site-packages/airflow/example_dags/example_datasets.py
[2025-08-14T17:44:28.421+0000] {logging_mixin.py:188} INFO - [2025-08-14T17:44:28.421+0000] {dag.py:3047} INFO - Sync 6 DAGs
[2025-08-14T17:44:28.445+0000] {logging_mixin.py:188} INFO - [2025-08-14T17:44:28.444+0000] {dag.py:3834} INFO - Setting next_dagrun for dataset_consumes_1 to None, run_after=None
[2025-08-14T17:44:28.448+0000] {logging_mixin.py:188} INFO - [2025-08-14T17:44:28.448+0000] {dag.py:3834} INFO - Setting next_dagrun for dataset_consumes_1_and_2 to None, run_after=None
[2025-08-14T17:44:28.450+0000] {logging_mixin.py:188} INFO - [2025-08-14T17:44:28.450+0000] {dag.py:3834} INFO - Setting next_dagrun for dataset_consumes_1_never_scheduled to None, run_after=None
[2025-08-14T17:44:28.451+0000] {logging_mixin.py:188} INFO - [2025-08-14T17:44:28.451+0000] {dag.py:3834} INFO - Setting next_dagrun for dataset_consumes_unknown_never_scheduled to None, run_after=None
[2025-08-14T17:44:28.456+0000] {logging_mixin.py:188} INFO - [2025-08-14T17:44:28.456+0000] {dag.py:3834} INFO - Setting next_dagrun for dataset_produces_1 to 2025-08-13 00:00:00+00:00, run_after=2025-08-14 00:00:00+00:00
[2025-08-14T17:44:28.458+0000] {logging_mixin.py:188} INFO - [2025-08-14T17:44:28.458+0000] {dag.py:3834} INFO - Setting next_dagrun for dataset_produces_2 to None, run_after=None
[2025-08-14T17:44:28.478+0000] {processor.py:183} INFO - Processing /home/airflow/.local/lib/python3.8/site-packages/airflow/example_dags/example_datasets.py took 0.092 seconds
[2025-08-14T17:44:58.598+0000] {processor.py:161} INFO - Started process (PID=996) to work on /home/airflow/.local/lib/python3.8/site-packages/airflow/example_dags/example_datasets.py
[2025-08-14T17:44:58.600+0000] {processor.py:830} INFO - Processing file /home/airflow/.local/lib/python3.8/site-packages/airflow/example_dags/example_datasets.py for tasks to queue
[2025-08-14T17:44:58.601+0000] {logging_mixin.py:188} INFO - [2025-08-14T17:44:58.601+0000] {dagbag.py:540} INFO - Filling up the DagBag from /home/airflow/.local/lib/python3.8/site-packages/airflow/example_dags/example_datasets.py
[2025-08-14T17:44:58.607+0000] {processor.py:840} INFO - DAG(s) 'dataset_produces_1', 'dataset_consumes_1_never_scheduled', 'dataset_consumes_unknown_never_scheduled', 'dataset_produces_2', 'dataset_consumes_1_and_2', 'dataset_consumes_1' retrieved from /home/airflow/.local/lib/python3.8/site-packages/airflow/example_dags/example_datasets.py
[2025-08-14T17:44:58.630+0000] {logging_mixin.py:188} INFO - [2025-08-14T17:44:58.630+0000] {dag.py:3047} INFO - Sync 6 DAGs
[2025-08-14T17:44:58.642+0000] {logging_mixin.py:188} INFO - [2025-08-14T17:44:58.642+0000] {dag.py:3834} INFO - Setting next_dagrun for dataset_consumes_1 to None, run_after=None
[2025-08-14T17:44:58.645+0000] {logging_mixin.py:188} INFO - [2025-08-14T17:44:58.645+0000] {dag.py:3834} INFO - Setting next_dagrun for dataset_consumes_1_and_2 to None, run_after=None
[2025-08-14T17:44:58.646+0000] {logging_mixin.py:188} INFO - [2025-08-14T17:44:58.645+0000] {dag.py:3834} INFO - Setting next_dagrun for dataset_consumes_1_never_scheduled to None, run_after=None
[2025-08-14T17:44:58.646+0000] {logging_mixin.py:188} INFO - [2025-08-14T17:44:58.646+0000] {dag.py:3834} INFO - Setting next_dagrun for dataset_consumes_unknown_never_scheduled to None, run_after=None
[2025-08-14T17:44:58.648+0000] {logging_mixin.py:188} INFO - [2025-08-14T17:44:58.648+0000] {dag.py:3834} INFO - Setting next_dagrun for dataset_produces_1 to 2025-08-13 00:00:00+00:00, run_after=2025-08-14 00:00:00+00:00
[2025-08-14T17:44:58.649+0000] {logging_mixin.py:188} INFO - [2025-08-14T17:44:58.649+0000] {dag.py:3834} INFO - Setting next_dagrun for dataset_produces_2 to None, run_after=None
[2025-08-14T17:44:58.668+0000] {processor.py:183} INFO - Processing /home/airflow/.local/lib/python3.8/site-packages/airflow/example_dags/example_datasets.py took 0.072 seconds
[2025-08-14T17:45:28.980+0000] {processor.py:161} INFO - Started process (PID=1053) to work on /home/airflow/.local/lib/python3.8/site-packages/airflow/example_dags/example_datasets.py
[2025-08-14T17:45:28.981+0000] {processor.py:830} INFO - Processing file /home/airflow/.local/lib/python3.8/site-packages/airflow/example_dags/example_datasets.py for tasks to queue
[2025-08-14T17:45:28.983+0000] {logging_mixin.py:188} INFO - [2025-08-14T17:45:28.983+0000] {dagbag.py:540} INFO - Filling up the DagBag from /home/airflow/.local/lib/python3.8/site-packages/airflow/example_dags/example_datasets.py
[2025-08-14T17:45:28.991+0000] {processor.py:840} INFO - DAG(s) 'dataset_produces_2', 'dataset_produces_1', 'dataset_consumes_1_and_2', 'dataset_consumes_1', 'dataset_consumes_1_never_scheduled', 'dataset_consumes_unknown_never_scheduled' retrieved from /home/airflow/.local/lib/python3.8/site-packages/airflow/example_dags/example_datasets.py
[2025-08-14T17:45:29.019+0000] {logging_mixin.py:188} INFO - [2025-08-14T17:45:29.019+0000] {dag.py:3047} INFO - Sync 6 DAGs
[2025-08-14T17:45:29.031+0000] {logging_mixin.py:188} INFO - [2025-08-14T17:45:29.031+0000] {dag.py:3834} INFO - Setting next_dagrun for dataset_consumes_1 to None, run_after=None
[2025-08-14T17:45:29.033+0000] {logging_mixin.py:188} INFO - [2025-08-14T17:45:29.033+0000] {dag.py:3834} INFO - Setting next_dagrun for dataset_consumes_1_and_2 to None, run_after=None
[2025-08-14T17:45:29.034+0000] {logging_mixin.py:188} INFO - [2025-08-14T17:45:29.034+0000] {dag.py:3834} INFO - Setting next_dagrun for dataset_consumes_1_never_scheduled to None, run_after=None
[2025-08-14T17:45:29.035+0000] {logging_mixin.py:188} INFO - [2025-08-14T17:45:29.035+0000] {dag.py:3834} INFO - Setting next_dagrun for dataset_consumes_unknown_never_scheduled to None, run_after=None
[2025-08-14T17:45:29.037+0000] {logging_mixin.py:188} INFO - [2025-08-14T17:45:29.037+0000] {dag.py:3834} INFO - Setting next_dagrun for dataset_produces_1 to 2025-08-13 00:00:00+00:00, run_after=2025-08-14 00:00:00+00:00
[2025-08-14T17:45:29.038+0000] {logging_mixin.py:188} INFO - [2025-08-14T17:45:29.038+0000] {dag.py:3834} INFO - Setting next_dagrun for dataset_produces_2 to None, run_after=None
[2025-08-14T17:45:29.055+0000] {processor.py:183} INFO - Processing /home/airflow/.local/lib/python3.8/site-packages/airflow/example_dags/example_datasets.py took 0.078 seconds
[2025-08-14T17:45:59.661+0000] {processor.py:161} INFO - Started process (PID=1108) to work on /home/airflow/.local/lib/python3.8/site-packages/airflow/example_dags/example_datasets.py
[2025-08-14T17:45:59.664+0000] {processor.py:830} INFO - Processing file /home/airflow/.local/lib/python3.8/site-packages/airflow/example_dags/example_datasets.py for tasks to queue
[2025-08-14T17:45:59.665+0000] {logging_mixin.py:188} INFO - [2025-08-14T17:45:59.665+0000] {dagbag.py:540} INFO - Filling up the DagBag from /home/airflow/.local/lib/python3.8/site-packages/airflow/example_dags/example_datasets.py
[2025-08-14T17:45:59.673+0000] {processor.py:840} INFO - DAG(s) 'dataset_produces_2', 'dataset_produces_1', 'dataset_consumes_1_and_2', 'dataset_consumes_unknown_never_scheduled', 'dataset_consumes_1', 'dataset_consumes_1_never_scheduled' retrieved from /home/airflow/.local/lib/python3.8/site-packages/airflow/example_dags/example_datasets.py
[2025-08-14T17:45:59.695+0000] {logging_mixin.py:188} INFO - [2025-08-14T17:45:59.695+0000] {dag.py:3047} INFO - Sync 6 DAGs
[2025-08-14T17:45:59.708+0000] {logging_mixin.py:188} INFO - [2025-08-14T17:45:59.708+0000] {dag.py:3834} INFO - Setting next_dagrun for dataset_consumes_1 to None, run_after=None
[2025-08-14T17:45:59.710+0000] {logging_mixin.py:188} INFO - [2025-08-14T17:45:59.710+0000] {dag.py:3834} INFO - Setting next_dagrun for dataset_consumes_1_and_2 to None, run_after=None
[2025-08-14T17:45:59.711+0000] {logging_mixin.py:188} INFO - [2025-08-14T17:45:59.711+0000] {dag.py:3834} INFO - Setting next_dagrun for dataset_consumes_1_never_scheduled to None, run_after=None
[2025-08-14T17:45:59.713+0000] {logging_mixin.py:188} INFO - [2025-08-14T17:45:59.713+0000] {dag.py:3834} INFO - Setting next_dagrun for dataset_consumes_unknown_never_scheduled to None, run_after=None
[2025-08-14T17:45:59.715+0000] {logging_mixin.py:188} INFO - [2025-08-14T17:45:59.715+0000] {dag.py:3834} INFO - Setting next_dagrun for dataset_produces_1 to 2025-08-13 00:00:00+00:00, run_after=2025-08-14 00:00:00+00:00
[2025-08-14T17:45:59.717+0000] {logging_mixin.py:188} INFO - [2025-08-14T17:45:59.717+0000] {dag.py:3834} INFO - Setting next_dagrun for dataset_produces_2 to None, run_after=None
[2025-08-14T17:45:59.735+0000] {processor.py:183} INFO - Processing /home/airflow/.local/lib/python3.8/site-packages/airflow/example_dags/example_datasets.py took 0.076 seconds
[2025-08-14T17:46:29.843+0000] {processor.py:161} INFO - Started process (PID=1164) to work on /home/airflow/.local/lib/python3.8/site-packages/airflow/example_dags/example_datasets.py
[2025-08-14T17:46:29.844+0000] {processor.py:830} INFO - Processing file /home/airflow/.local/lib/python3.8/site-packages/airflow/example_dags/example_datasets.py for tasks to queue
[2025-08-14T17:46:29.846+0000] {logging_mixin.py:188} INFO - [2025-08-14T17:46:29.846+0000] {dagbag.py:540} INFO - Filling up the DagBag from /home/airflow/.local/lib/python3.8/site-packages/airflow/example_dags/example_datasets.py
[2025-08-14T17:46:29.851+0000] {processor.py:840} INFO - DAG(s) 'dataset_produces_2', 'dataset_consumes_1', 'dataset_consumes_1_and_2', 'dataset_consumes_unknown_never_scheduled', 'dataset_produces_1', 'dataset_consumes_1_never_scheduled' retrieved from /home/airflow/.local/lib/python3.8/site-packages/airflow/example_dags/example_datasets.py
[2025-08-14T17:46:29.871+0000] {logging_mixin.py:188} INFO - [2025-08-14T17:46:29.871+0000] {dag.py:3047} INFO - Sync 6 DAGs
[2025-08-14T17:46:29.886+0000] {logging_mixin.py:188} INFO - [2025-08-14T17:46:29.886+0000] {dag.py:3834} INFO - Setting next_dagrun for dataset_consumes_1 to None, run_after=None
[2025-08-14T17:46:29.891+0000] {logging_mixin.py:188} INFO - [2025-08-14T17:46:29.891+0000] {dag.py:3834} INFO - Setting next_dagrun for dataset_consumes_1_and_2 to None, run_after=None
[2025-08-14T17:46:29.891+0000] {logging_mixin.py:188} INFO - [2025-08-14T17:46:29.891+0000] {dag.py:3834} INFO - Setting next_dagrun for dataset_consumes_1_never_scheduled to None, run_after=None
[2025-08-14T17:46:29.892+0000] {logging_mixin.py:188} INFO - [2025-08-14T17:46:29.892+0000] {dag.py:3834} INFO - Setting next_dagrun for dataset_consumes_unknown_never_scheduled to None, run_after=None
[2025-08-14T17:46:29.894+0000] {logging_mixin.py:188} INFO - [2025-08-14T17:46:29.894+0000] {dag.py:3834} INFO - Setting next_dagrun for dataset_produces_1 to 2025-08-13 00:00:00+00:00, run_after=2025-08-14 00:00:00+00:00
[2025-08-14T17:46:29.894+0000] {logging_mixin.py:188} INFO - [2025-08-14T17:46:29.894+0000] {dag.py:3834} INFO - Setting next_dagrun for dataset_produces_2 to None, run_after=None
[2025-08-14T17:46:29.919+0000] {processor.py:183} INFO - Processing /home/airflow/.local/lib/python3.8/site-packages/airflow/example_dags/example_datasets.py took 0.078 seconds
[2025-08-14T17:46:59.988+0000] {processor.py:161} INFO - Started process (PID=1221) to work on /home/airflow/.local/lib/python3.8/site-packages/airflow/example_dags/example_datasets.py
[2025-08-14T17:46:59.989+0000] {processor.py:830} INFO - Processing file /home/airflow/.local/lib/python3.8/site-packages/airflow/example_dags/example_datasets.py for tasks to queue
[2025-08-14T17:46:59.991+0000] {logging_mixin.py:188} INFO - [2025-08-14T17:46:59.990+0000] {dagbag.py:540} INFO - Filling up the DagBag from /home/airflow/.local/lib/python3.8/site-packages/airflow/example_dags/example_datasets.py
[2025-08-14T17:46:59.996+0000] {processor.py:840} INFO - DAG(s) 'dataset_consumes_1_never_scheduled', 'dataset_produces_2', 'dataset_consumes_1_and_2', 'dataset_consumes_1', 'dataset_consumes_unknown_never_scheduled', 'dataset_produces_1' retrieved from /home/airflow/.local/lib/python3.8/site-packages/airflow/example_dags/example_datasets.py
[2025-08-14T17:47:00.032+0000] {logging_mixin.py:188} INFO - [2025-08-14T17:47:00.032+0000] {dag.py:3047} INFO - Sync 6 DAGs
[2025-08-14T17:47:00.049+0000] {logging_mixin.py:188} INFO - [2025-08-14T17:47:00.049+0000] {dag.py:3834} INFO - Setting next_dagrun for dataset_consumes_1 to None, run_after=None
[2025-08-14T17:47:00.052+0000] {logging_mixin.py:188} INFO - [2025-08-14T17:47:00.052+0000] {dag.py:3834} INFO - Setting next_dagrun for dataset_consumes_1_and_2 to None, run_after=None
[2025-08-14T17:47:00.052+0000] {logging_mixin.py:188} INFO - [2025-08-14T17:47:00.052+0000] {dag.py:3834} INFO - Setting next_dagrun for dataset_consumes_1_never_scheduled to None, run_after=None
[2025-08-14T17:47:00.053+0000] {logging_mixin.py:188} INFO - [2025-08-14T17:47:00.053+0000] {dag.py:3834} INFO - Setting next_dagrun for dataset_consumes_unknown_never_scheduled to None, run_after=None
[2025-08-14T17:47:00.055+0000] {logging_mixin.py:188} INFO - [2025-08-14T17:47:00.055+0000] {dag.py:3834} INFO - Setting next_dagrun for dataset_produces_1 to 2025-08-13 00:00:00+00:00, run_after=2025-08-14 00:00:00+00:00
[2025-08-14T17:47:00.056+0000] {logging_mixin.py:188} INFO - [2025-08-14T17:47:00.055+0000] {dag.py:3834} INFO - Setting next_dagrun for dataset_produces_2 to None, run_after=None
[2025-08-14T17:47:00.077+0000] {processor.py:183} INFO - Processing /home/airflow/.local/lib/python3.8/site-packages/airflow/example_dags/example_datasets.py took 0.091 seconds
[2025-08-14T17:47:30.742+0000] {processor.py:161} INFO - Started process (PID=1277) to work on /home/airflow/.local/lib/python3.8/site-packages/airflow/example_dags/example_datasets.py
[2025-08-14T17:47:30.744+0000] {processor.py:830} INFO - Processing file /home/airflow/.local/lib/python3.8/site-packages/airflow/example_dags/example_datasets.py for tasks to queue
[2025-08-14T17:47:30.745+0000] {logging_mixin.py:188} INFO - [2025-08-14T17:47:30.745+0000] {dagbag.py:540} INFO - Filling up the DagBag from /home/airflow/.local/lib/python3.8/site-packages/airflow/example_dags/example_datasets.py
[2025-08-14T17:47:30.753+0000] {processor.py:840} INFO - DAG(s) 'dataset_consumes_1_and_2', 'dataset_consumes_1', 'dataset_consumes_unknown_never_scheduled', 'dataset_produces_2', 'dataset_produces_1', 'dataset_consumes_1_never_scheduled' retrieved from /home/airflow/.local/lib/python3.8/site-packages/airflow/example_dags/example_datasets.py
[2025-08-14T17:47:30.777+0000] {logging_mixin.py:188} INFO - [2025-08-14T17:47:30.777+0000] {dag.py:3047} INFO - Sync 6 DAGs
[2025-08-14T17:47:30.788+0000] {logging_mixin.py:188} INFO - [2025-08-14T17:47:30.788+0000] {dag.py:3834} INFO - Setting next_dagrun for dataset_consumes_1 to None, run_after=None
[2025-08-14T17:47:30.792+0000] {logging_mixin.py:188} INFO - [2025-08-14T17:47:30.792+0000] {dag.py:3834} INFO - Setting next_dagrun for dataset_consumes_1_and_2 to None, run_after=None
[2025-08-14T17:47:30.794+0000] {logging_mixin.py:188} INFO - [2025-08-14T17:47:30.793+0000] {dag.py:3834} INFO - Setting next_dagrun for dataset_consumes_1_never_scheduled to None, run_after=None
[2025-08-14T17:47:30.794+0000] {logging_mixin.py:188} INFO - [2025-08-14T17:47:30.794+0000] {dag.py:3834} INFO - Setting next_dagrun for dataset_consumes_unknown_never_scheduled to None, run_after=None
[2025-08-14T17:47:30.796+0000] {logging_mixin.py:188} INFO - [2025-08-14T17:47:30.796+0000] {dag.py:3834} INFO - Setting next_dagrun for dataset_produces_1 to 2025-08-13 00:00:00+00:00, run_after=2025-08-14 00:00:00+00:00
[2025-08-14T17:47:30.796+0000] {logging_mixin.py:188} INFO - [2025-08-14T17:47:30.796+0000] {dag.py:3834} INFO - Setting next_dagrun for dataset_produces_2 to None, run_after=None
[2025-08-14T17:47:30.814+0000] {processor.py:183} INFO - Processing /home/airflow/.local/lib/python3.8/site-packages/airflow/example_dags/example_datasets.py took 0.074 seconds
[2025-08-14T17:48:01.014+0000] {processor.py:161} INFO - Started process (PID=1332) to work on /home/airflow/.local/lib/python3.8/site-packages/airflow/example_dags/example_datasets.py
[2025-08-14T17:48:01.016+0000] {processor.py:830} INFO - Processing file /home/airflow/.local/lib/python3.8/site-packages/airflow/example_dags/example_datasets.py for tasks to queue
[2025-08-14T17:48:01.018+0000] {logging_mixin.py:188} INFO - [2025-08-14T17:48:01.017+0000] {dagbag.py:540} INFO - Filling up the DagBag from /home/airflow/.local/lib/python3.8/site-packages/airflow/example_dags/example_datasets.py
[2025-08-14T17:48:01.028+0000] {processor.py:840} INFO - DAG(s) 'dataset_consumes_1_and_2', 'dataset_produces_1', 'dataset_consumes_unknown_never_scheduled', 'dataset_produces_2', 'dataset_consumes_1_never_scheduled', 'dataset_consumes_1' retrieved from /home/airflow/.local/lib/python3.8/site-packages/airflow/example_dags/example_datasets.py
[2025-08-14T17:48:01.074+0000] {logging_mixin.py:188} INFO - [2025-08-14T17:48:01.074+0000] {dag.py:3047} INFO - Sync 6 DAGs
[2025-08-14T17:48:01.088+0000] {logging_mixin.py:188} INFO - [2025-08-14T17:48:01.087+0000] {dag.py:3834} INFO - Setting next_dagrun for dataset_consumes_1 to None, run_after=None
[2025-08-14T17:48:01.091+0000] {logging_mixin.py:188} INFO - [2025-08-14T17:48:01.091+0000] {dag.py:3834} INFO - Setting next_dagrun for dataset_consumes_1_and_2 to None, run_after=None
[2025-08-14T17:48:01.092+0000] {logging_mixin.py:188} INFO - [2025-08-14T17:48:01.092+0000] {dag.py:3834} INFO - Setting next_dagrun for dataset_consumes_1_never_scheduled to None, run_after=None
[2025-08-14T17:48:01.094+0000] {logging_mixin.py:188} INFO - [2025-08-14T17:48:01.094+0000] {dag.py:3834} INFO - Setting next_dagrun for dataset_consumes_unknown_never_scheduled to None, run_after=None
[2025-08-14T17:48:01.096+0000] {logging_mixin.py:188} INFO - [2025-08-14T17:48:01.096+0000] {dag.py:3834} INFO - Setting next_dagrun for dataset_produces_1 to 2025-08-13 00:00:00+00:00, run_after=2025-08-14 00:00:00+00:00
[2025-08-14T17:48:01.097+0000] {logging_mixin.py:188} INFO - [2025-08-14T17:48:01.096+0000] {dag.py:3834} INFO - Setting next_dagrun for dataset_produces_2 to None, run_after=None
[2025-08-14T17:48:01.123+0000] {processor.py:183} INFO - Processing /home/airflow/.local/lib/python3.8/site-packages/airflow/example_dags/example_datasets.py took 0.111 seconds
[2025-08-14T17:48:31.353+0000] {processor.py:161} INFO - Started process (PID=1388) to work on /home/airflow/.local/lib/python3.8/site-packages/airflow/example_dags/example_datasets.py
[2025-08-14T17:48:31.354+0000] {processor.py:830} INFO - Processing file /home/airflow/.local/lib/python3.8/site-packages/airflow/example_dags/example_datasets.py for tasks to queue
[2025-08-14T17:48:31.358+0000] {logging_mixin.py:188} INFO - [2025-08-14T17:48:31.357+0000] {dagbag.py:540} INFO - Filling up the DagBag from /home/airflow/.local/lib/python3.8/site-packages/airflow/example_dags/example_datasets.py
[2025-08-14T17:48:31.366+0000] {processor.py:840} INFO - DAG(s) 'dataset_consumes_unknown_never_scheduled', 'dataset_produces_2', 'dataset_produces_1', 'dataset_consumes_1', 'dataset_consumes_1_and_2', 'dataset_consumes_1_never_scheduled' retrieved from /home/airflow/.local/lib/python3.8/site-packages/airflow/example_dags/example_datasets.py
[2025-08-14T17:48:31.390+0000] {logging_mixin.py:188} INFO - [2025-08-14T17:48:31.390+0000] {dag.py:3047} INFO - Sync 6 DAGs
[2025-08-14T17:48:31.405+0000] {logging_mixin.py:188} INFO - [2025-08-14T17:48:31.404+0000] {dag.py:3834} INFO - Setting next_dagrun for dataset_consumes_1 to None, run_after=None
[2025-08-14T17:48:31.407+0000] {logging_mixin.py:188} INFO - [2025-08-14T17:48:31.407+0000] {dag.py:3834} INFO - Setting next_dagrun for dataset_consumes_1_and_2 to None, run_after=None
[2025-08-14T17:48:31.408+0000] {logging_mixin.py:188} INFO - [2025-08-14T17:48:31.407+0000] {dag.py:3834} INFO - Setting next_dagrun for dataset_consumes_1_never_scheduled to None, run_after=None
[2025-08-14T17:48:31.408+0000] {logging_mixin.py:188} INFO - [2025-08-14T17:48:31.408+0000] {dag.py:3834} INFO - Setting next_dagrun for dataset_consumes_unknown_never_scheduled to None, run_after=None
[2025-08-14T17:48:31.410+0000] {logging_mixin.py:188} INFO - [2025-08-14T17:48:31.410+0000] {dag.py:3834} INFO - Setting next_dagrun for dataset_produces_1 to 2025-08-13 00:00:00+00:00, run_after=2025-08-14 00:00:00+00:00
[2025-08-14T17:48:31.411+0000] {logging_mixin.py:188} INFO - [2025-08-14T17:48:31.411+0000] {dag.py:3834} INFO - Setting next_dagrun for dataset_produces_2 to None, run_after=None
[2025-08-14T17:48:31.430+0000] {processor.py:183} INFO - Processing /home/airflow/.local/lib/python3.8/site-packages/airflow/example_dags/example_datasets.py took 0.079 seconds
[2025-08-14T17:49:02.059+0000] {processor.py:161} INFO - Started process (PID=1444) to work on /home/airflow/.local/lib/python3.8/site-packages/airflow/example_dags/example_datasets.py
[2025-08-14T17:49:02.060+0000] {processor.py:830} INFO - Processing file /home/airflow/.local/lib/python3.8/site-packages/airflow/example_dags/example_datasets.py for tasks to queue
[2025-08-14T17:49:02.061+0000] {logging_mixin.py:188} INFO - [2025-08-14T17:49:02.061+0000] {dagbag.py:540} INFO - Filling up the DagBag from /home/airflow/.local/lib/python3.8/site-packages/airflow/example_dags/example_datasets.py
[2025-08-14T17:49:02.070+0000] {processor.py:840} INFO - DAG(s) 'dataset_consumes_1_never_scheduled', 'dataset_consumes_1_and_2', 'dataset_consumes_1', 'dataset_produces_1', 'dataset_consumes_unknown_never_scheduled', 'dataset_produces_2' retrieved from /home/airflow/.local/lib/python3.8/site-packages/airflow/example_dags/example_datasets.py
[2025-08-14T17:49:02.097+0000] {logging_mixin.py:188} INFO - [2025-08-14T17:49:02.096+0000] {dag.py:3047} INFO - Sync 6 DAGs
[2025-08-14T17:49:02.108+0000] {logging_mixin.py:188} INFO - [2025-08-14T17:49:02.107+0000] {dag.py:3834} INFO - Setting next_dagrun for dataset_consumes_1 to None, run_after=None
[2025-08-14T17:49:02.110+0000] {logging_mixin.py:188} INFO - [2025-08-14T17:49:02.110+0000] {dag.py:3834} INFO - Setting next_dagrun for dataset_consumes_1_and_2 to None, run_after=None
[2025-08-14T17:49:02.111+0000] {logging_mixin.py:188} INFO - [2025-08-14T17:49:02.111+0000] {dag.py:3834} INFO - Setting next_dagrun for dataset_consumes_1_never_scheduled to None, run_after=None
[2025-08-14T17:49:02.112+0000] {logging_mixin.py:188} INFO - [2025-08-14T17:49:02.111+0000] {dag.py:3834} INFO - Setting next_dagrun for dataset_consumes_unknown_never_scheduled to None, run_after=None
[2025-08-14T17:49:02.113+0000] {logging_mixin.py:188} INFO - [2025-08-14T17:49:02.113+0000] {dag.py:3834} INFO - Setting next_dagrun for dataset_produces_1 to 2025-08-13 00:00:00+00:00, run_after=2025-08-14 00:00:00+00:00
[2025-08-14T17:49:02.114+0000] {logging_mixin.py:188} INFO - [2025-08-14T17:49:02.114+0000] {dag.py:3834} INFO - Setting next_dagrun for dataset_produces_2 to None, run_after=None
[2025-08-14T17:49:02.136+0000] {processor.py:183} INFO - Processing /home/airflow/.local/lib/python3.8/site-packages/airflow/example_dags/example_datasets.py took 0.080 seconds
[2025-08-14T17:49:32.479+0000] {processor.py:161} INFO - Started process (PID=1500) to work on /home/airflow/.local/lib/python3.8/site-packages/airflow/example_dags/example_datasets.py
[2025-08-14T17:49:32.482+0000] {processor.py:830} INFO - Processing file /home/airflow/.local/lib/python3.8/site-packages/airflow/example_dags/example_datasets.py for tasks to queue
[2025-08-14T17:49:32.483+0000] {logging_mixin.py:188} INFO - [2025-08-14T17:49:32.483+0000] {dagbag.py:540} INFO - Filling up the DagBag from /home/airflow/.local/lib/python3.8/site-packages/airflow/example_dags/example_datasets.py
[2025-08-14T17:49:32.489+0000] {processor.py:840} INFO - DAG(s) 'dataset_produces_2', 'dataset_consumes_1_never_scheduled', 'dataset_produces_1', 'dataset_consumes_1', 'dataset_consumes_1_and_2', 'dataset_consumes_unknown_never_scheduled' retrieved from /home/airflow/.local/lib/python3.8/site-packages/airflow/example_dags/example_datasets.py
[2025-08-14T17:49:32.515+0000] {logging_mixin.py:188} INFO - [2025-08-14T17:49:32.515+0000] {dag.py:3047} INFO - Sync 6 DAGs
[2025-08-14T17:49:32.530+0000] {logging_mixin.py:188} INFO - [2025-08-14T17:49:32.530+0000] {dag.py:3834} INFO - Setting next_dagrun for dataset_consumes_1 to None, run_after=None
[2025-08-14T17:49:32.532+0000] {logging_mixin.py:188} INFO - [2025-08-14T17:49:32.532+0000] {dag.py:3834} INFO - Setting next_dagrun for dataset_consumes_1_and_2 to None, run_after=None
[2025-08-14T17:49:32.533+0000] {logging_mixin.py:188} INFO - [2025-08-14T17:49:32.533+0000] {dag.py:3834} INFO - Setting next_dagrun for dataset_consumes_1_never_scheduled to None, run_after=None
[2025-08-14T17:49:32.534+0000] {logging_mixin.py:188} INFO - [2025-08-14T17:49:32.533+0000] {dag.py:3834} INFO - Setting next_dagrun for dataset_consumes_unknown_never_scheduled to None, run_after=None
[2025-08-14T17:49:32.535+0000] {logging_mixin.py:188} INFO - [2025-08-14T17:49:32.535+0000] {dag.py:3834} INFO - Setting next_dagrun for dataset_produces_1 to 2025-08-13 00:00:00+00:00, run_after=2025-08-14 00:00:00+00:00
[2025-08-14T17:49:32.536+0000] {logging_mixin.py:188} INFO - [2025-08-14T17:49:32.536+0000] {dag.py:3834} INFO - Setting next_dagrun for dataset_produces_2 to None, run_after=None
[2025-08-14T17:49:32.556+0000] {processor.py:183} INFO - Processing /home/airflow/.local/lib/python3.8/site-packages/airflow/example_dags/example_datasets.py took 0.079 seconds
[2025-08-14T17:50:03.712+0000] {processor.py:161} INFO - Started process (PID=1556) to work on /home/airflow/.local/lib/python3.8/site-packages/airflow/example_dags/example_datasets.py
[2025-08-14T17:50:03.716+0000] {processor.py:830} INFO - Processing file /home/airflow/.local/lib/python3.8/site-packages/airflow/example_dags/example_datasets.py for tasks to queue
[2025-08-14T17:50:03.721+0000] {logging_mixin.py:188} INFO - [2025-08-14T17:50:03.720+0000] {dagbag.py:540} INFO - Filling up the DagBag from /home/airflow/.local/lib/python3.8/site-packages/airflow/example_dags/example_datasets.py
[2025-08-14T17:50:03.764+0000] {processor.py:840} INFO - DAG(s) 'dataset_consumes_unknown_never_scheduled', 'dataset_consumes_1_and_2', 'dataset_consumes_1_never_scheduled', 'dataset_consumes_1', 'dataset_produces_2', 'dataset_produces_1' retrieved from /home/airflow/.local/lib/python3.8/site-packages/airflow/example_dags/example_datasets.py
[2025-08-14T17:50:03.845+0000] {logging_mixin.py:188} INFO - [2025-08-14T17:50:03.844+0000] {dag.py:3047} INFO - Sync 6 DAGs
[2025-08-14T17:50:03.889+0000] {logging_mixin.py:188} INFO - [2025-08-14T17:50:03.889+0000] {dag.py:3834} INFO - Setting next_dagrun for dataset_consumes_1 to None, run_after=None
[2025-08-14T17:50:03.893+0000] {logging_mixin.py:188} INFO - [2025-08-14T17:50:03.893+0000] {dag.py:3834} INFO - Setting next_dagrun for dataset_consumes_1_and_2 to None, run_after=None
[2025-08-14T17:50:03.895+0000] {logging_mixin.py:188} INFO - [2025-08-14T17:50:03.894+0000] {dag.py:3834} INFO - Setting next_dagrun for dataset_consumes_1_never_scheduled to None, run_after=None
[2025-08-14T17:50:03.896+0000] {logging_mixin.py:188} INFO - [2025-08-14T17:50:03.896+0000] {dag.py:3834} INFO - Setting next_dagrun for dataset_consumes_unknown_never_scheduled to None, run_after=None
[2025-08-14T17:50:03.910+0000] {logging_mixin.py:188} INFO - [2025-08-14T17:50:03.909+0000] {dag.py:3834} INFO - Setting next_dagrun for dataset_produces_1 to 2025-08-13 00:00:00+00:00, run_after=2025-08-14 00:00:00+00:00
[2025-08-14T17:50:03.911+0000] {logging_mixin.py:188} INFO - [2025-08-14T17:50:03.911+0000] {dag.py:3834} INFO - Setting next_dagrun for dataset_produces_2 to None, run_after=None
[2025-08-14T17:50:03.983+0000] {processor.py:183} INFO - Processing /home/airflow/.local/lib/python3.8/site-packages/airflow/example_dags/example_datasets.py took 0.278 seconds
[2025-08-14T17:50:34.806+0000] {processor.py:161} INFO - Started process (PID=1612) to work on /home/airflow/.local/lib/python3.8/site-packages/airflow/example_dags/example_datasets.py
[2025-08-14T17:50:34.809+0000] {processor.py:830} INFO - Processing file /home/airflow/.local/lib/python3.8/site-packages/airflow/example_dags/example_datasets.py for tasks to queue
[2025-08-14T17:50:34.812+0000] {logging_mixin.py:188} INFO - [2025-08-14T17:50:34.812+0000] {dagbag.py:540} INFO - Filling up the DagBag from /home/airflow/.local/lib/python3.8/site-packages/airflow/example_dags/example_datasets.py
[2025-08-14T17:50:34.823+0000] {processor.py:840} INFO - DAG(s) 'dataset_consumes_unknown_never_scheduled', 'dataset_consumes_1_never_scheduled', 'dataset_produces_2', 'dataset_consumes_1_and_2', 'dataset_produces_1', 'dataset_consumes_1' retrieved from /home/airflow/.local/lib/python3.8/site-packages/airflow/example_dags/example_datasets.py
[2025-08-14T17:50:34.874+0000] {logging_mixin.py:188} INFO - [2025-08-14T17:50:34.874+0000] {dag.py:3047} INFO - Sync 6 DAGs
[2025-08-14T17:50:34.897+0000] {logging_mixin.py:188} INFO - [2025-08-14T17:50:34.897+0000] {dag.py:3834} INFO - Setting next_dagrun for dataset_consumes_1 to None, run_after=None
[2025-08-14T17:50:34.901+0000] {logging_mixin.py:188} INFO - [2025-08-14T17:50:34.901+0000] {dag.py:3834} INFO - Setting next_dagrun for dataset_consumes_1_and_2 to None, run_after=None
[2025-08-14T17:50:34.904+0000] {logging_mixin.py:188} INFO - [2025-08-14T17:50:34.904+0000] {dag.py:3834} INFO - Setting next_dagrun for dataset_consumes_1_never_scheduled to None, run_after=None
[2025-08-14T17:50:34.905+0000] {logging_mixin.py:188} INFO - [2025-08-14T17:50:34.905+0000] {dag.py:3834} INFO - Setting next_dagrun for dataset_consumes_unknown_never_scheduled to None, run_after=None
[2025-08-14T17:50:34.907+0000] {logging_mixin.py:188} INFO - [2025-08-14T17:50:34.907+0000] {dag.py:3834} INFO - Setting next_dagrun for dataset_produces_1 to 2025-08-13 00:00:00+00:00, run_after=2025-08-14 00:00:00+00:00
[2025-08-14T17:50:34.908+0000] {logging_mixin.py:188} INFO - [2025-08-14T17:50:34.908+0000] {dag.py:3834} INFO - Setting next_dagrun for dataset_produces_2 to None, run_after=None
[2025-08-14T17:50:34.930+0000] {processor.py:183} INFO - Processing /home/airflow/.local/lib/python3.8/site-packages/airflow/example_dags/example_datasets.py took 0.128 seconds
[2025-08-14T17:51:05.680+0000] {processor.py:161} INFO - Started process (PID=1668) to work on /home/airflow/.local/lib/python3.8/site-packages/airflow/example_dags/example_datasets.py
[2025-08-14T17:51:05.686+0000] {processor.py:830} INFO - Processing file /home/airflow/.local/lib/python3.8/site-packages/airflow/example_dags/example_datasets.py for tasks to queue
[2025-08-14T17:51:05.690+0000] {logging_mixin.py:188} INFO - [2025-08-14T17:51:05.689+0000] {dagbag.py:540} INFO - Filling up the DagBag from /home/airflow/.local/lib/python3.8/site-packages/airflow/example_dags/example_datasets.py
[2025-08-14T17:51:05.698+0000] {processor.py:840} INFO - DAG(s) 'dataset_consumes_1_never_scheduled', 'dataset_produces_2', 'dataset_produces_1', 'dataset_consumes_1_and_2', 'dataset_consumes_1', 'dataset_consumes_unknown_never_scheduled' retrieved from /home/airflow/.local/lib/python3.8/site-packages/airflow/example_dags/example_datasets.py
[2025-08-14T17:51:05.722+0000] {logging_mixin.py:188} INFO - [2025-08-14T17:51:05.722+0000] {dag.py:3047} INFO - Sync 6 DAGs
[2025-08-14T17:51:05.738+0000] {logging_mixin.py:188} INFO - [2025-08-14T17:51:05.738+0000] {dag.py:3834} INFO - Setting next_dagrun for dataset_consumes_1 to None, run_after=None
[2025-08-14T17:51:05.741+0000] {logging_mixin.py:188} INFO - [2025-08-14T17:51:05.741+0000] {dag.py:3834} INFO - Setting next_dagrun for dataset_consumes_1_and_2 to None, run_after=None
[2025-08-14T17:51:05.743+0000] {logging_mixin.py:188} INFO - [2025-08-14T17:51:05.743+0000] {dag.py:3834} INFO - Setting next_dagrun for dataset_consumes_1_never_scheduled to None, run_after=None
[2025-08-14T17:51:05.745+0000] {logging_mixin.py:188} INFO - [2025-08-14T17:51:05.745+0000] {dag.py:3834} INFO - Setting next_dagrun for dataset_consumes_unknown_never_scheduled to None, run_after=None
[2025-08-14T17:51:05.747+0000] {logging_mixin.py:188} INFO - [2025-08-14T17:51:05.747+0000] {dag.py:3834} INFO - Setting next_dagrun for dataset_produces_1 to 2025-08-13 00:00:00+00:00, run_after=2025-08-14 00:00:00+00:00
[2025-08-14T17:51:05.748+0000] {logging_mixin.py:188} INFO - [2025-08-14T17:51:05.748+0000] {dag.py:3834} INFO - Setting next_dagrun for dataset_produces_2 to None, run_after=None
[2025-08-14T17:51:05.768+0000] {processor.py:183} INFO - Processing /home/airflow/.local/lib/python3.8/site-packages/airflow/example_dags/example_datasets.py took 0.091 seconds
[2025-08-14T17:51:36.275+0000] {processor.py:161} INFO - Started process (PID=1724) to work on /home/airflow/.local/lib/python3.8/site-packages/airflow/example_dags/example_datasets.py
[2025-08-14T17:51:36.279+0000] {processor.py:830} INFO - Processing file /home/airflow/.local/lib/python3.8/site-packages/airflow/example_dags/example_datasets.py for tasks to queue
[2025-08-14T17:51:36.282+0000] {logging_mixin.py:188} INFO - [2025-08-14T17:51:36.282+0000] {dagbag.py:540} INFO - Filling up the DagBag from /home/airflow/.local/lib/python3.8/site-packages/airflow/example_dags/example_datasets.py
[2025-08-14T17:51:36.317+0000] {processor.py:840} INFO - DAG(s) 'dataset_produces_2', 'dataset_consumes_1', 'dataset_consumes_1_never_scheduled', 'dataset_consumes_unknown_never_scheduled', 'dataset_consumes_1_and_2', 'dataset_produces_1' retrieved from /home/airflow/.local/lib/python3.8/site-packages/airflow/example_dags/example_datasets.py
[2025-08-14T17:51:36.360+0000] {logging_mixin.py:188} INFO - [2025-08-14T17:51:36.360+0000] {dag.py:3047} INFO - Sync 6 DAGs
[2025-08-14T17:51:36.393+0000] {logging_mixin.py:188} INFO - [2025-08-14T17:51:36.393+0000] {dag.py:3834} INFO - Setting next_dagrun for dataset_consumes_1 to None, run_after=None
[2025-08-14T17:51:36.396+0000] {logging_mixin.py:188} INFO - [2025-08-14T17:51:36.396+0000] {dag.py:3834} INFO - Setting next_dagrun for dataset_consumes_1_and_2 to None, run_after=None
[2025-08-14T17:51:36.398+0000] {logging_mixin.py:188} INFO - [2025-08-14T17:51:36.398+0000] {dag.py:3834} INFO - Setting next_dagrun for dataset_consumes_1_never_scheduled to None, run_after=None
[2025-08-14T17:51:36.401+0000] {logging_mixin.py:188} INFO - [2025-08-14T17:51:36.400+0000] {dag.py:3834} INFO - Setting next_dagrun for dataset_consumes_unknown_never_scheduled to None, run_after=None
[2025-08-14T17:51:36.403+0000] {logging_mixin.py:188} INFO - [2025-08-14T17:51:36.403+0000] {dag.py:3834} INFO - Setting next_dagrun for dataset_produces_1 to 2025-08-13 00:00:00+00:00, run_after=2025-08-14 00:00:00+00:00
[2025-08-14T17:51:36.405+0000] {logging_mixin.py:188} INFO - [2025-08-14T17:51:36.405+0000] {dag.py:3834} INFO - Setting next_dagrun for dataset_produces_2 to None, run_after=None
[2025-08-14T17:51:36.426+0000] {processor.py:183} INFO - Processing /home/airflow/.local/lib/python3.8/site-packages/airflow/example_dags/example_datasets.py took 0.158 seconds
[2025-08-14T17:52:06.988+0000] {processor.py:161} INFO - Started process (PID=1780) to work on /home/airflow/.local/lib/python3.8/site-packages/airflow/example_dags/example_datasets.py
[2025-08-14T17:52:06.990+0000] {processor.py:830} INFO - Processing file /home/airflow/.local/lib/python3.8/site-packages/airflow/example_dags/example_datasets.py for tasks to queue
[2025-08-14T17:52:06.993+0000] {logging_mixin.py:188} INFO - [2025-08-14T17:52:06.993+0000] {dagbag.py:540} INFO - Filling up the DagBag from /home/airflow/.local/lib/python3.8/site-packages/airflow/example_dags/example_datasets.py
[2025-08-14T17:52:07.009+0000] {processor.py:840} INFO - DAG(s) 'dataset_consumes_1_and_2', 'dataset_produces_2', 'dataset_produces_1', 'dataset_consumes_1', 'dataset_consumes_unknown_never_scheduled', 'dataset_consumes_1_never_scheduled' retrieved from /home/airflow/.local/lib/python3.8/site-packages/airflow/example_dags/example_datasets.py
[2025-08-14T17:52:07.044+0000] {logging_mixin.py:188} INFO - [2025-08-14T17:52:07.044+0000] {dag.py:3047} INFO - Sync 6 DAGs
[2025-08-14T17:52:07.063+0000] {logging_mixin.py:188} INFO - [2025-08-14T17:52:07.063+0000] {dag.py:3834} INFO - Setting next_dagrun for dataset_consumes_1 to None, run_after=None
[2025-08-14T17:52:07.066+0000] {logging_mixin.py:188} INFO - [2025-08-14T17:52:07.066+0000] {dag.py:3834} INFO - Setting next_dagrun for dataset_consumes_1_and_2 to None, run_after=None
[2025-08-14T17:52:07.067+0000] {logging_mixin.py:188} INFO - [2025-08-14T17:52:07.067+0000] {dag.py:3834} INFO - Setting next_dagrun for dataset_consumes_1_never_scheduled to None, run_after=None
[2025-08-14T17:52:07.068+0000] {logging_mixin.py:188} INFO - [2025-08-14T17:52:07.068+0000] {dag.py:3834} INFO - Setting next_dagrun for dataset_consumes_unknown_never_scheduled to None, run_after=None
[2025-08-14T17:52:07.070+0000] {logging_mixin.py:188} INFO - [2025-08-14T17:52:07.070+0000] {dag.py:3834} INFO - Setting next_dagrun for dataset_produces_1 to 2025-08-13 00:00:00+00:00, run_after=2025-08-14 00:00:00+00:00
[2025-08-14T17:52:07.071+0000] {logging_mixin.py:188} INFO - [2025-08-14T17:52:07.071+0000] {dag.py:3834} INFO - Setting next_dagrun for dataset_produces_2 to None, run_after=None
[2025-08-14T17:52:07.095+0000] {processor.py:183} INFO - Processing /home/airflow/.local/lib/python3.8/site-packages/airflow/example_dags/example_datasets.py took 0.112 seconds
[2025-08-14T17:52:37.125+0000] {processor.py:161} INFO - Started process (PID=1836) to work on /home/airflow/.local/lib/python3.8/site-packages/airflow/example_dags/example_datasets.py
[2025-08-14T17:52:37.129+0000] {processor.py:830} INFO - Processing file /home/airflow/.local/lib/python3.8/site-packages/airflow/example_dags/example_datasets.py for tasks to queue
[2025-08-14T17:52:37.131+0000] {logging_mixin.py:188} INFO - [2025-08-14T17:52:37.131+0000] {dagbag.py:540} INFO - Filling up the DagBag from /home/airflow/.local/lib/python3.8/site-packages/airflow/example_dags/example_datasets.py
[2025-08-14T17:52:37.142+0000] {processor.py:840} INFO - DAG(s) 'dataset_consumes_1_and_2', 'dataset_consumes_1_never_scheduled', 'dataset_consumes_1', 'dataset_produces_2', 'dataset_consumes_unknown_never_scheduled', 'dataset_produces_1' retrieved from /home/airflow/.local/lib/python3.8/site-packages/airflow/example_dags/example_datasets.py
[2025-08-14T17:52:37.180+0000] {logging_mixin.py:188} INFO - [2025-08-14T17:52:37.179+0000] {dag.py:3047} INFO - Sync 6 DAGs
[2025-08-14T17:52:37.206+0000] {logging_mixin.py:188} INFO - [2025-08-14T17:52:37.205+0000] {dag.py:3834} INFO - Setting next_dagrun for dataset_consumes_1 to None, run_after=None
[2025-08-14T17:52:37.210+0000] {logging_mixin.py:188} INFO - [2025-08-14T17:52:37.210+0000] {dag.py:3834} INFO - Setting next_dagrun for dataset_consumes_1_and_2 to None, run_after=None
[2025-08-14T17:52:37.212+0000] {logging_mixin.py:188} INFO - [2025-08-14T17:52:37.212+0000] {dag.py:3834} INFO - Setting next_dagrun for dataset_consumes_1_never_scheduled to None, run_after=None
[2025-08-14T17:52:37.213+0000] {logging_mixin.py:188} INFO - [2025-08-14T17:52:37.213+0000] {dag.py:3834} INFO - Setting next_dagrun for dataset_consumes_unknown_never_scheduled to None, run_after=None
[2025-08-14T17:52:37.217+0000] {logging_mixin.py:188} INFO - [2025-08-14T17:52:37.216+0000] {dag.py:3834} INFO - Setting next_dagrun for dataset_produces_1 to 2025-08-13 00:00:00+00:00, run_after=2025-08-14 00:00:00+00:00
[2025-08-14T17:52:37.221+0000] {logging_mixin.py:188} INFO - [2025-08-14T17:52:37.221+0000] {dag.py:3834} INFO - Setting next_dagrun for dataset_produces_2 to None, run_after=None
[2025-08-14T17:52:37.240+0000] {processor.py:183} INFO - Processing /home/airflow/.local/lib/python3.8/site-packages/airflow/example_dags/example_datasets.py took 0.119 seconds
[2025-08-14T17:53:08.095+0000] {processor.py:161} INFO - Started process (PID=1892) to work on /home/airflow/.local/lib/python3.8/site-packages/airflow/example_dags/example_datasets.py
[2025-08-14T17:53:08.097+0000] {processor.py:830} INFO - Processing file /home/airflow/.local/lib/python3.8/site-packages/airflow/example_dags/example_datasets.py for tasks to queue
[2025-08-14T17:53:08.100+0000] {logging_mixin.py:188} INFO - [2025-08-14T17:53:08.099+0000] {dagbag.py:540} INFO - Filling up the DagBag from /home/airflow/.local/lib/python3.8/site-packages/airflow/example_dags/example_datasets.py
[2025-08-14T17:53:08.112+0000] {processor.py:840} INFO - DAG(s) 'dataset_produces_2', 'dataset_consumes_1', 'dataset_consumes_1_and_2', 'dataset_consumes_1_never_scheduled', 'dataset_consumes_unknown_never_scheduled', 'dataset_produces_1' retrieved from /home/airflow/.local/lib/python3.8/site-packages/airflow/example_dags/example_datasets.py
[2025-08-14T17:53:08.178+0000] {logging_mixin.py:188} INFO - [2025-08-14T17:53:08.178+0000] {dag.py:3047} INFO - Sync 6 DAGs
[2025-08-14T17:53:08.216+0000] {logging_mixin.py:188} INFO - [2025-08-14T17:53:08.216+0000] {dag.py:3834} INFO - Setting next_dagrun for dataset_consumes_1 to None, run_after=None
[2025-08-14T17:53:08.221+0000] {logging_mixin.py:188} INFO - [2025-08-14T17:53:08.221+0000] {dag.py:3834} INFO - Setting next_dagrun for dataset_consumes_1_and_2 to None, run_after=None
[2025-08-14T17:53:08.223+0000] {logging_mixin.py:188} INFO - [2025-08-14T17:53:08.223+0000] {dag.py:3834} INFO - Setting next_dagrun for dataset_consumes_1_never_scheduled to None, run_after=None
[2025-08-14T17:53:08.224+0000] {logging_mixin.py:188} INFO - [2025-08-14T17:53:08.224+0000] {dag.py:3834} INFO - Setting next_dagrun for dataset_consumes_unknown_never_scheduled to None, run_after=None
[2025-08-14T17:53:08.226+0000] {logging_mixin.py:188} INFO - [2025-08-14T17:53:08.226+0000] {dag.py:3834} INFO - Setting next_dagrun for dataset_produces_1 to 2025-08-13 00:00:00+00:00, run_after=2025-08-14 00:00:00+00:00
[2025-08-14T17:53:08.227+0000] {logging_mixin.py:188} INFO - [2025-08-14T17:53:08.227+0000] {dag.py:3834} INFO - Setting next_dagrun for dataset_produces_2 to None, run_after=None
[2025-08-14T17:53:08.261+0000] {processor.py:183} INFO - Processing /home/airflow/.local/lib/python3.8/site-packages/airflow/example_dags/example_datasets.py took 0.171 seconds
[2025-08-14T17:53:38.301+0000] {processor.py:161} INFO - Started process (PID=1948) to work on /home/airflow/.local/lib/python3.8/site-packages/airflow/example_dags/example_datasets.py
[2025-08-14T17:53:38.309+0000] {processor.py:830} INFO - Processing file /home/airflow/.local/lib/python3.8/site-packages/airflow/example_dags/example_datasets.py for tasks to queue
[2025-08-14T17:53:38.310+0000] {logging_mixin.py:188} INFO - [2025-08-14T17:53:38.310+0000] {dagbag.py:540} INFO - Filling up the DagBag from /home/airflow/.local/lib/python3.8/site-packages/airflow/example_dags/example_datasets.py
[2025-08-14T17:53:38.319+0000] {processor.py:840} INFO - DAG(s) 'dataset_produces_1', 'dataset_consumes_1_never_scheduled', 'dataset_produces_2', 'dataset_consumes_1', 'dataset_consumes_unknown_never_scheduled', 'dataset_consumes_1_and_2' retrieved from /home/airflow/.local/lib/python3.8/site-packages/airflow/example_dags/example_datasets.py
[2025-08-14T17:53:38.350+0000] {logging_mixin.py:188} INFO - [2025-08-14T17:53:38.350+0000] {dag.py:3047} INFO - Sync 6 DAGs
[2025-08-14T17:53:38.363+0000] {logging_mixin.py:188} INFO - [2025-08-14T17:53:38.363+0000] {dag.py:3834} INFO - Setting next_dagrun for dataset_consumes_1 to None, run_after=None
[2025-08-14T17:53:38.367+0000] {logging_mixin.py:188} INFO - [2025-08-14T17:53:38.366+0000] {dag.py:3834} INFO - Setting next_dagrun for dataset_consumes_1_and_2 to None, run_after=None
[2025-08-14T17:53:38.368+0000] {logging_mixin.py:188} INFO - [2025-08-14T17:53:38.368+0000] {dag.py:3834} INFO - Setting next_dagrun for dataset_consumes_1_never_scheduled to None, run_after=None
[2025-08-14T17:53:38.369+0000] {logging_mixin.py:188} INFO - [2025-08-14T17:53:38.369+0000] {dag.py:3834} INFO - Setting next_dagrun for dataset_consumes_unknown_never_scheduled to None, run_after=None
[2025-08-14T17:53:38.371+0000] {logging_mixin.py:188} INFO - [2025-08-14T17:53:38.371+0000] {dag.py:3834} INFO - Setting next_dagrun for dataset_produces_1 to 2025-08-13 00:00:00+00:00, run_after=2025-08-14 00:00:00+00:00
[2025-08-14T17:53:38.372+0000] {logging_mixin.py:188} INFO - [2025-08-14T17:53:38.372+0000] {dag.py:3834} INFO - Setting next_dagrun for dataset_produces_2 to None, run_after=None
[2025-08-14T17:53:38.389+0000] {processor.py:183} INFO - Processing /home/airflow/.local/lib/python3.8/site-packages/airflow/example_dags/example_datasets.py took 0.091 seconds
[2025-08-14T17:54:08.547+0000] {processor.py:161} INFO - Started process (PID=2004) to work on /home/airflow/.local/lib/python3.8/site-packages/airflow/example_dags/example_datasets.py
[2025-08-14T17:54:08.554+0000] {processor.py:830} INFO - Processing file /home/airflow/.local/lib/python3.8/site-packages/airflow/example_dags/example_datasets.py for tasks to queue
[2025-08-14T17:54:08.556+0000] {logging_mixin.py:188} INFO - [2025-08-14T17:54:08.556+0000] {dagbag.py:540} INFO - Filling up the DagBag from /home/airflow/.local/lib/python3.8/site-packages/airflow/example_dags/example_datasets.py
[2025-08-14T17:54:08.566+0000] {processor.py:840} INFO - DAG(s) 'dataset_consumes_1_and_2', 'dataset_consumes_1', 'dataset_consumes_1_never_scheduled', 'dataset_consumes_unknown_never_scheduled', 'dataset_produces_1', 'dataset_produces_2' retrieved from /home/airflow/.local/lib/python3.8/site-packages/airflow/example_dags/example_datasets.py
[2025-08-14T17:54:08.593+0000] {logging_mixin.py:188} INFO - [2025-08-14T17:54:08.593+0000] {dag.py:3047} INFO - Sync 6 DAGs
[2025-08-14T17:54:08.621+0000] {logging_mixin.py:188} INFO - [2025-08-14T17:54:08.621+0000] {dag.py:3834} INFO - Setting next_dagrun for dataset_consumes_1 to None, run_after=None
[2025-08-14T17:54:08.625+0000] {logging_mixin.py:188} INFO - [2025-08-14T17:54:08.625+0000] {dag.py:3834} INFO - Setting next_dagrun for dataset_consumes_1_and_2 to None, run_after=None
[2025-08-14T17:54:08.627+0000] {logging_mixin.py:188} INFO - [2025-08-14T17:54:08.627+0000] {dag.py:3834} INFO - Setting next_dagrun for dataset_consumes_1_never_scheduled to None, run_after=None
[2025-08-14T17:54:08.629+0000] {logging_mixin.py:188} INFO - [2025-08-14T17:54:08.628+0000] {dag.py:3834} INFO - Setting next_dagrun for dataset_consumes_unknown_never_scheduled to None, run_after=None
[2025-08-14T17:54:08.631+0000] {logging_mixin.py:188} INFO - [2025-08-14T17:54:08.631+0000] {dag.py:3834} INFO - Setting next_dagrun for dataset_produces_1 to 2025-08-13 00:00:00+00:00, run_after=2025-08-14 00:00:00+00:00
[2025-08-14T17:54:08.632+0000] {logging_mixin.py:188} INFO - [2025-08-14T17:54:08.632+0000] {dag.py:3834} INFO - Setting next_dagrun for dataset_produces_2 to None, run_after=None
[2025-08-14T17:54:08.654+0000] {processor.py:183} INFO - Processing /home/airflow/.local/lib/python3.8/site-packages/airflow/example_dags/example_datasets.py took 0.112 seconds
[2025-08-14T17:54:38.891+0000] {processor.py:161} INFO - Started process (PID=2060) to work on /home/airflow/.local/lib/python3.8/site-packages/airflow/example_dags/example_datasets.py
[2025-08-14T17:54:38.893+0000] {processor.py:830} INFO - Processing file /home/airflow/.local/lib/python3.8/site-packages/airflow/example_dags/example_datasets.py for tasks to queue
[2025-08-14T17:54:38.895+0000] {logging_mixin.py:188} INFO - [2025-08-14T17:54:38.895+0000] {dagbag.py:540} INFO - Filling up the DagBag from /home/airflow/.local/lib/python3.8/site-packages/airflow/example_dags/example_datasets.py
[2025-08-14T17:54:38.905+0000] {processor.py:840} INFO - DAG(s) 'dataset_consumes_1', 'dataset_produces_2', 'dataset_consumes_unknown_never_scheduled', 'dataset_consumes_1_and_2', 'dataset_produces_1', 'dataset_consumes_1_never_scheduled' retrieved from /home/airflow/.local/lib/python3.8/site-packages/airflow/example_dags/example_datasets.py
[2025-08-14T17:54:38.933+0000] {logging_mixin.py:188} INFO - [2025-08-14T17:54:38.933+0000] {dag.py:3047} INFO - Sync 6 DAGs
[2025-08-14T17:54:38.953+0000] {logging_mixin.py:188} INFO - [2025-08-14T17:54:38.953+0000] {dag.py:3834} INFO - Setting next_dagrun for dataset_consumes_1 to None, run_after=None
[2025-08-14T17:54:38.957+0000] {logging_mixin.py:188} INFO - [2025-08-14T17:54:38.957+0000] {dag.py:3834} INFO - Setting next_dagrun for dataset_consumes_1_and_2 to None, run_after=None
[2025-08-14T17:54:38.958+0000] {logging_mixin.py:188} INFO - [2025-08-14T17:54:38.958+0000] {dag.py:3834} INFO - Setting next_dagrun for dataset_consumes_1_never_scheduled to None, run_after=None
[2025-08-14T17:54:38.960+0000] {logging_mixin.py:188} INFO - [2025-08-14T17:54:38.960+0000] {dag.py:3834} INFO - Setting next_dagrun for dataset_consumes_unknown_never_scheduled to None, run_after=None
[2025-08-14T17:54:38.971+0000] {logging_mixin.py:188} INFO - [2025-08-14T17:54:38.970+0000] {dag.py:3834} INFO - Setting next_dagrun for dataset_produces_1 to 2025-08-13 00:00:00+00:00, run_after=2025-08-14 00:00:00+00:00
[2025-08-14T17:54:38.975+0000] {logging_mixin.py:188} INFO - [2025-08-14T17:54:38.973+0000] {dag.py:3834} INFO - Setting next_dagrun for dataset_produces_2 to None, run_after=None
[2025-08-14T17:54:39.034+0000] {processor.py:183} INFO - Processing /home/airflow/.local/lib/python3.8/site-packages/airflow/example_dags/example_datasets.py took 0.147 seconds
[2025-08-14T17:55:09.486+0000] {processor.py:161} INFO - Started process (PID=2116) to work on /home/airflow/.local/lib/python3.8/site-packages/airflow/example_dags/example_datasets.py
[2025-08-14T17:55:09.491+0000] {processor.py:830} INFO - Processing file /home/airflow/.local/lib/python3.8/site-packages/airflow/example_dags/example_datasets.py for tasks to queue
[2025-08-14T17:55:09.493+0000] {logging_mixin.py:188} INFO - [2025-08-14T17:55:09.493+0000] {dagbag.py:540} INFO - Filling up the DagBag from /home/airflow/.local/lib/python3.8/site-packages/airflow/example_dags/example_datasets.py
[2025-08-14T17:55:09.507+0000] {processor.py:840} INFO - DAG(s) 'dataset_consumes_1_never_scheduled', 'dataset_produces_1', 'dataset_consumes_1_and_2', 'dataset_consumes_unknown_never_scheduled', 'dataset_produces_2', 'dataset_consumes_1' retrieved from /home/airflow/.local/lib/python3.8/site-packages/airflow/example_dags/example_datasets.py
[2025-08-14T17:55:09.545+0000] {logging_mixin.py:188} INFO - [2025-08-14T17:55:09.545+0000] {dag.py:3047} INFO - Sync 6 DAGs
[2025-08-14T17:55:09.568+0000] {logging_mixin.py:188} INFO - [2025-08-14T17:55:09.567+0000] {dag.py:3834} INFO - Setting next_dagrun for dataset_consumes_1 to None, run_after=None
[2025-08-14T17:55:09.570+0000] {logging_mixin.py:188} INFO - [2025-08-14T17:55:09.570+0000] {dag.py:3834} INFO - Setting next_dagrun for dataset_consumes_1_and_2 to None, run_after=None
[2025-08-14T17:55:09.571+0000] {logging_mixin.py:188} INFO - [2025-08-14T17:55:09.571+0000] {dag.py:3834} INFO - Setting next_dagrun for dataset_consumes_1_never_scheduled to None, run_after=None
[2025-08-14T17:55:09.572+0000] {logging_mixin.py:188} INFO - [2025-08-14T17:55:09.572+0000] {dag.py:3834} INFO - Setting next_dagrun for dataset_consumes_unknown_never_scheduled to None, run_after=None
[2025-08-14T17:55:09.574+0000] {logging_mixin.py:188} INFO - [2025-08-14T17:55:09.574+0000] {dag.py:3834} INFO - Setting next_dagrun for dataset_produces_1 to 2025-08-13 00:00:00+00:00, run_after=2025-08-14 00:00:00+00:00
[2025-08-14T17:55:09.576+0000] {logging_mixin.py:188} INFO - [2025-08-14T17:55:09.576+0000] {dag.py:3834} INFO - Setting next_dagrun for dataset_produces_2 to None, run_after=None
[2025-08-14T17:55:09.600+0000] {processor.py:183} INFO - Processing /home/airflow/.local/lib/python3.8/site-packages/airflow/example_dags/example_datasets.py took 0.126 seconds
[2025-08-14T17:55:40.044+0000] {processor.py:161} INFO - Started process (PID=2172) to work on /home/airflow/.local/lib/python3.8/site-packages/airflow/example_dags/example_datasets.py
[2025-08-14T17:55:40.045+0000] {processor.py:830} INFO - Processing file /home/airflow/.local/lib/python3.8/site-packages/airflow/example_dags/example_datasets.py for tasks to queue
[2025-08-14T17:55:40.046+0000] {logging_mixin.py:188} INFO - [2025-08-14T17:55:40.046+0000] {dagbag.py:540} INFO - Filling up the DagBag from /home/airflow/.local/lib/python3.8/site-packages/airflow/example_dags/example_datasets.py
[2025-08-14T17:55:40.053+0000] {processor.py:840} INFO - DAG(s) 'dataset_consumes_1_never_scheduled', 'dataset_produces_1', 'dataset_produces_2', 'dataset_consumes_1_and_2', 'dataset_consumes_unknown_never_scheduled', 'dataset_consumes_1' retrieved from /home/airflow/.local/lib/python3.8/site-packages/airflow/example_dags/example_datasets.py
[2025-08-14T17:55:40.090+0000] {logging_mixin.py:188} INFO - [2025-08-14T17:55:40.090+0000] {dag.py:3047} INFO - Sync 6 DAGs
[2025-08-14T17:55:40.107+0000] {logging_mixin.py:188} INFO - [2025-08-14T17:55:40.107+0000] {dag.py:3834} INFO - Setting next_dagrun for dataset_consumes_1 to None, run_after=None
[2025-08-14T17:55:40.111+0000] {logging_mixin.py:188} INFO - [2025-08-14T17:55:40.110+0000] {dag.py:3834} INFO - Setting next_dagrun for dataset_consumes_1_and_2 to None, run_after=None
[2025-08-14T17:55:40.114+0000] {logging_mixin.py:188} INFO - [2025-08-14T17:55:40.114+0000] {dag.py:3834} INFO - Setting next_dagrun for dataset_consumes_1_never_scheduled to None, run_after=None
[2025-08-14T17:55:40.115+0000] {logging_mixin.py:188} INFO - [2025-08-14T17:55:40.115+0000] {dag.py:3834} INFO - Setting next_dagrun for dataset_consumes_unknown_never_scheduled to None, run_after=None
[2025-08-14T17:55:40.119+0000] {logging_mixin.py:188} INFO - [2025-08-14T17:55:40.119+0000] {dag.py:3834} INFO - Setting next_dagrun for dataset_produces_1 to 2025-08-13 00:00:00+00:00, run_after=2025-08-14 00:00:00+00:00
[2025-08-14T17:55:40.120+0000] {logging_mixin.py:188} INFO - [2025-08-14T17:55:40.120+0000] {dag.py:3834} INFO - Setting next_dagrun for dataset_produces_2 to None, run_after=None
[2025-08-14T17:55:40.154+0000] {processor.py:183} INFO - Processing /home/airflow/.local/lib/python3.8/site-packages/airflow/example_dags/example_datasets.py took 0.113 seconds
[2025-08-14T17:56:10.627+0000] {processor.py:161} INFO - Started process (PID=2228) to work on /home/airflow/.local/lib/python3.8/site-packages/airflow/example_dags/example_datasets.py
[2025-08-14T17:56:10.630+0000] {processor.py:830} INFO - Processing file /home/airflow/.local/lib/python3.8/site-packages/airflow/example_dags/example_datasets.py for tasks to queue
[2025-08-14T17:56:10.635+0000] {logging_mixin.py:188} INFO - [2025-08-14T17:56:10.634+0000] {dagbag.py:540} INFO - Filling up the DagBag from /home/airflow/.local/lib/python3.8/site-packages/airflow/example_dags/example_datasets.py
[2025-08-14T17:56:10.645+0000] {processor.py:840} INFO - DAG(s) 'dataset_produces_2', 'dataset_consumes_1_and_2', 'dataset_consumes_1_never_scheduled', 'dataset_consumes_unknown_never_scheduled', 'dataset_produces_1', 'dataset_consumes_1' retrieved from /home/airflow/.local/lib/python3.8/site-packages/airflow/example_dags/example_datasets.py
[2025-08-14T17:56:10.674+0000] {logging_mixin.py:188} INFO - [2025-08-14T17:56:10.674+0000] {dag.py:3047} INFO - Sync 6 DAGs
[2025-08-14T17:56:10.690+0000] {logging_mixin.py:188} INFO - [2025-08-14T17:56:10.690+0000] {dag.py:3834} INFO - Setting next_dagrun for dataset_consumes_1 to None, run_after=None
[2025-08-14T17:56:10.692+0000] {logging_mixin.py:188} INFO - [2025-08-14T17:56:10.692+0000] {dag.py:3834} INFO - Setting next_dagrun for dataset_consumes_1_and_2 to None, run_after=None
[2025-08-14T17:56:10.693+0000] {logging_mixin.py:188} INFO - [2025-08-14T17:56:10.693+0000] {dag.py:3834} INFO - Setting next_dagrun for dataset_consumes_1_never_scheduled to None, run_after=None
[2025-08-14T17:56:10.694+0000] {logging_mixin.py:188} INFO - [2025-08-14T17:56:10.694+0000] {dag.py:3834} INFO - Setting next_dagrun for dataset_consumes_unknown_never_scheduled to None, run_after=None
[2025-08-14T17:56:10.695+0000] {logging_mixin.py:188} INFO - [2025-08-14T17:56:10.695+0000] {dag.py:3834} INFO - Setting next_dagrun for dataset_produces_1 to 2025-08-13 00:00:00+00:00, run_after=2025-08-14 00:00:00+00:00
[2025-08-14T17:56:10.696+0000] {logging_mixin.py:188} INFO - [2025-08-14T17:56:10.696+0000] {dag.py:3834} INFO - Setting next_dagrun for dataset_produces_2 to None, run_after=None
[2025-08-14T17:56:10.717+0000] {processor.py:183} INFO - Processing /home/airflow/.local/lib/python3.8/site-packages/airflow/example_dags/example_datasets.py took 0.093 seconds
[2025-08-14T17:56:40.918+0000] {processor.py:161} INFO - Started process (PID=2284) to work on /home/airflow/.local/lib/python3.8/site-packages/airflow/example_dags/example_datasets.py
[2025-08-14T17:56:40.927+0000] {processor.py:830} INFO - Processing file /home/airflow/.local/lib/python3.8/site-packages/airflow/example_dags/example_datasets.py for tasks to queue
[2025-08-14T17:56:40.929+0000] {logging_mixin.py:188} INFO - [2025-08-14T17:56:40.929+0000] {dagbag.py:540} INFO - Filling up the DagBag from /home/airflow/.local/lib/python3.8/site-packages/airflow/example_dags/example_datasets.py
[2025-08-14T17:56:40.937+0000] {processor.py:840} INFO - DAG(s) 'dataset_consumes_1_never_scheduled', 'dataset_consumes_unknown_never_scheduled', 'dataset_produces_2', 'dataset_produces_1', 'dataset_consumes_1', 'dataset_consumes_1_and_2' retrieved from /home/airflow/.local/lib/python3.8/site-packages/airflow/example_dags/example_datasets.py
[2025-08-14T17:56:40.962+0000] {logging_mixin.py:188} INFO - [2025-08-14T17:56:40.962+0000] {dag.py:3047} INFO - Sync 6 DAGs
[2025-08-14T17:56:40.975+0000] {logging_mixin.py:188} INFO - [2025-08-14T17:56:40.975+0000] {dag.py:3834} INFO - Setting next_dagrun for dataset_consumes_1 to None, run_after=None
[2025-08-14T17:56:40.977+0000] {logging_mixin.py:188} INFO - [2025-08-14T17:56:40.977+0000] {dag.py:3834} INFO - Setting next_dagrun for dataset_consumes_1_and_2 to None, run_after=None
[2025-08-14T17:56:40.979+0000] {logging_mixin.py:188} INFO - [2025-08-14T17:56:40.979+0000] {dag.py:3834} INFO - Setting next_dagrun for dataset_consumes_1_never_scheduled to None, run_after=None
[2025-08-14T17:56:40.979+0000] {logging_mixin.py:188} INFO - [2025-08-14T17:56:40.979+0000] {dag.py:3834} INFO - Setting next_dagrun for dataset_consumes_unknown_never_scheduled to None, run_after=None
[2025-08-14T17:56:40.982+0000] {logging_mixin.py:188} INFO - [2025-08-14T17:56:40.981+0000] {dag.py:3834} INFO - Setting next_dagrun for dataset_produces_1 to 2025-08-13 00:00:00+00:00, run_after=2025-08-14 00:00:00+00:00
[2025-08-14T17:56:40.983+0000] {logging_mixin.py:188} INFO - [2025-08-14T17:56:40.983+0000] {dag.py:3834} INFO - Setting next_dagrun for dataset_produces_2 to None, run_after=None
[2025-08-14T17:56:41.000+0000] {processor.py:183} INFO - Processing /home/airflow/.local/lib/python3.8/site-packages/airflow/example_dags/example_datasets.py took 0.085 seconds
[2025-08-14T17:57:11.317+0000] {processor.py:161} INFO - Started process (PID=2340) to work on /home/airflow/.local/lib/python3.8/site-packages/airflow/example_dags/example_datasets.py
[2025-08-14T17:57:11.319+0000] {processor.py:830} INFO - Processing file /home/airflow/.local/lib/python3.8/site-packages/airflow/example_dags/example_datasets.py for tasks to queue
[2025-08-14T17:57:11.322+0000] {logging_mixin.py:188} INFO - [2025-08-14T17:57:11.321+0000] {dagbag.py:540} INFO - Filling up the DagBag from /home/airflow/.local/lib/python3.8/site-packages/airflow/example_dags/example_datasets.py
[2025-08-14T17:57:11.331+0000] {processor.py:840} INFO - DAG(s) 'dataset_consumes_1_never_scheduled', 'dataset_produces_2', 'dataset_consumes_1_and_2', 'dataset_consumes_1', 'dataset_consumes_unknown_never_scheduled', 'dataset_produces_1' retrieved from /home/airflow/.local/lib/python3.8/site-packages/airflow/example_dags/example_datasets.py
[2025-08-14T17:57:11.357+0000] {logging_mixin.py:188} INFO - [2025-08-14T17:57:11.356+0000] {dag.py:3047} INFO - Sync 6 DAGs
[2025-08-14T17:57:11.372+0000] {logging_mixin.py:188} INFO - [2025-08-14T17:57:11.372+0000] {dag.py:3834} INFO - Setting next_dagrun for dataset_consumes_1 to None, run_after=None
[2025-08-14T17:57:11.375+0000] {logging_mixin.py:188} INFO - [2025-08-14T17:57:11.375+0000] {dag.py:3834} INFO - Setting next_dagrun for dataset_consumes_1_and_2 to None, run_after=None
[2025-08-14T17:57:11.376+0000] {logging_mixin.py:188} INFO - [2025-08-14T17:57:11.376+0000] {dag.py:3834} INFO - Setting next_dagrun for dataset_consumes_1_never_scheduled to None, run_after=None
[2025-08-14T17:57:11.379+0000] {logging_mixin.py:188} INFO - [2025-08-14T17:57:11.379+0000] {dag.py:3834} INFO - Setting next_dagrun for dataset_consumes_unknown_never_scheduled to None, run_after=None
[2025-08-14T17:57:11.380+0000] {logging_mixin.py:188} INFO - [2025-08-14T17:57:11.380+0000] {dag.py:3834} INFO - Setting next_dagrun for dataset_produces_1 to 2025-08-13 00:00:00+00:00, run_after=2025-08-14 00:00:00+00:00
[2025-08-14T17:57:11.382+0000] {logging_mixin.py:188} INFO - [2025-08-14T17:57:11.382+0000] {dag.py:3834} INFO - Setting next_dagrun for dataset_produces_2 to None, run_after=None
[2025-08-14T17:57:11.409+0000] {processor.py:183} INFO - Processing /home/airflow/.local/lib/python3.8/site-packages/airflow/example_dags/example_datasets.py took 0.095 seconds
[2025-08-14T17:57:41.775+0000] {processor.py:161} INFO - Started process (PID=2396) to work on /home/airflow/.local/lib/python3.8/site-packages/airflow/example_dags/example_datasets.py
[2025-08-14T17:57:41.777+0000] {processor.py:830} INFO - Processing file /home/airflow/.local/lib/python3.8/site-packages/airflow/example_dags/example_datasets.py for tasks to queue
[2025-08-14T17:57:41.779+0000] {logging_mixin.py:188} INFO - [2025-08-14T17:57:41.779+0000] {dagbag.py:540} INFO - Filling up the DagBag from /home/airflow/.local/lib/python3.8/site-packages/airflow/example_dags/example_datasets.py
[2025-08-14T17:57:41.791+0000] {processor.py:840} INFO - DAG(s) 'dataset_produces_2', 'dataset_consumes_unknown_never_scheduled', 'dataset_produces_1', 'dataset_consumes_1_and_2', 'dataset_consumes_1', 'dataset_consumes_1_never_scheduled' retrieved from /home/airflow/.local/lib/python3.8/site-packages/airflow/example_dags/example_datasets.py
[2025-08-14T17:57:41.827+0000] {logging_mixin.py:188} INFO - [2025-08-14T17:57:41.826+0000] {dag.py:3047} INFO - Sync 6 DAGs
[2025-08-14T17:57:41.848+0000] {logging_mixin.py:188} INFO - [2025-08-14T17:57:41.848+0000] {dag.py:3834} INFO - Setting next_dagrun for dataset_consumes_1 to None, run_after=None
[2025-08-14T17:57:41.850+0000] {logging_mixin.py:188} INFO - [2025-08-14T17:57:41.850+0000] {dag.py:3834} INFO - Setting next_dagrun for dataset_consumes_1_and_2 to None, run_after=None
[2025-08-14T17:57:41.851+0000] {logging_mixin.py:188} INFO - [2025-08-14T17:57:41.851+0000] {dag.py:3834} INFO - Setting next_dagrun for dataset_consumes_1_never_scheduled to None, run_after=None
[2025-08-14T17:57:41.852+0000] {logging_mixin.py:188} INFO - [2025-08-14T17:57:41.851+0000] {dag.py:3834} INFO - Setting next_dagrun for dataset_consumes_unknown_never_scheduled to None, run_after=None
[2025-08-14T17:57:41.853+0000] {logging_mixin.py:188} INFO - [2025-08-14T17:57:41.853+0000] {dag.py:3834} INFO - Setting next_dagrun for dataset_produces_1 to 2025-08-13 00:00:00+00:00, run_after=2025-08-14 00:00:00+00:00
[2025-08-14T17:57:41.854+0000] {logging_mixin.py:188} INFO - [2025-08-14T17:57:41.854+0000] {dag.py:3834} INFO - Setting next_dagrun for dataset_produces_2 to None, run_after=None
[2025-08-14T17:57:41.871+0000] {processor.py:183} INFO - Processing /home/airflow/.local/lib/python3.8/site-packages/airflow/example_dags/example_datasets.py took 0.101 seconds
[2025-08-14T17:58:12.654+0000] {processor.py:161} INFO - Started process (PID=2452) to work on /home/airflow/.local/lib/python3.8/site-packages/airflow/example_dags/example_datasets.py
[2025-08-14T17:58:12.658+0000] {processor.py:830} INFO - Processing file /home/airflow/.local/lib/python3.8/site-packages/airflow/example_dags/example_datasets.py for tasks to queue
[2025-08-14T17:58:12.661+0000] {logging_mixin.py:188} INFO - [2025-08-14T17:58:12.661+0000] {dagbag.py:540} INFO - Filling up the DagBag from /home/airflow/.local/lib/python3.8/site-packages/airflow/example_dags/example_datasets.py
[2025-08-14T17:58:12.669+0000] {processor.py:840} INFO - DAG(s) 'dataset_consumes_1', 'dataset_consumes_1_never_scheduled', 'dataset_consumes_unknown_never_scheduled', 'dataset_produces_1', 'dataset_consumes_1_and_2', 'dataset_produces_2' retrieved from /home/airflow/.local/lib/python3.8/site-packages/airflow/example_dags/example_datasets.py
[2025-08-14T17:58:12.697+0000] {logging_mixin.py:188} INFO - [2025-08-14T17:58:12.697+0000] {dag.py:3047} INFO - Sync 6 DAGs
[2025-08-14T17:58:12.711+0000] {logging_mixin.py:188} INFO - [2025-08-14T17:58:12.710+0000] {dag.py:3834} INFO - Setting next_dagrun for dataset_consumes_1 to None, run_after=None
[2025-08-14T17:58:12.714+0000] {logging_mixin.py:188} INFO - [2025-08-14T17:58:12.714+0000] {dag.py:3834} INFO - Setting next_dagrun for dataset_consumes_1_and_2 to None, run_after=None
[2025-08-14T17:58:12.715+0000] {logging_mixin.py:188} INFO - [2025-08-14T17:58:12.715+0000] {dag.py:3834} INFO - Setting next_dagrun for dataset_consumes_1_never_scheduled to None, run_after=None
[2025-08-14T17:58:12.716+0000] {logging_mixin.py:188} INFO - [2025-08-14T17:58:12.716+0000] {dag.py:3834} INFO - Setting next_dagrun for dataset_consumes_unknown_never_scheduled to None, run_after=None
[2025-08-14T17:58:12.718+0000] {logging_mixin.py:188} INFO - [2025-08-14T17:58:12.718+0000] {dag.py:3834} INFO - Setting next_dagrun for dataset_produces_1 to 2025-08-13 00:00:00+00:00, run_after=2025-08-14 00:00:00+00:00
[2025-08-14T17:58:12.720+0000] {logging_mixin.py:188} INFO - [2025-08-14T17:58:12.720+0000] {dag.py:3834} INFO - Setting next_dagrun for dataset_produces_2 to None, run_after=None
[2025-08-14T17:58:12.741+0000] {processor.py:183} INFO - Processing /home/airflow/.local/lib/python3.8/site-packages/airflow/example_dags/example_datasets.py took 0.088 seconds
[2025-08-14T17:58:43.582+0000] {processor.py:161} INFO - Started process (PID=2508) to work on /home/airflow/.local/lib/python3.8/site-packages/airflow/example_dags/example_datasets.py
[2025-08-14T17:58:43.585+0000] {processor.py:830} INFO - Processing file /home/airflow/.local/lib/python3.8/site-packages/airflow/example_dags/example_datasets.py for tasks to queue
[2025-08-14T17:58:43.587+0000] {logging_mixin.py:188} INFO - [2025-08-14T17:58:43.587+0000] {dagbag.py:540} INFO - Filling up the DagBag from /home/airflow/.local/lib/python3.8/site-packages/airflow/example_dags/example_datasets.py
[2025-08-14T17:58:43.600+0000] {processor.py:840} INFO - DAG(s) 'dataset_consumes_1', 'dataset_consumes_unknown_never_scheduled', 'dataset_produces_2', 'dataset_produces_1', 'dataset_consumes_1_and_2', 'dataset_consumes_1_never_scheduled' retrieved from /home/airflow/.local/lib/python3.8/site-packages/airflow/example_dags/example_datasets.py
[2025-08-14T17:58:43.661+0000] {logging_mixin.py:188} INFO - [2025-08-14T17:58:43.660+0000] {dag.py:3047} INFO - Sync 6 DAGs
[2025-08-14T17:58:43.687+0000] {logging_mixin.py:188} INFO - [2025-08-14T17:58:43.686+0000] {dag.py:3834} INFO - Setting next_dagrun for dataset_consumes_1 to None, run_after=None
[2025-08-14T17:58:43.691+0000] {logging_mixin.py:188} INFO - [2025-08-14T17:58:43.690+0000] {dag.py:3834} INFO - Setting next_dagrun for dataset_consumes_1_and_2 to None, run_after=None
[2025-08-14T17:58:43.693+0000] {logging_mixin.py:188} INFO - [2025-08-14T17:58:43.692+0000] {dag.py:3834} INFO - Setting next_dagrun for dataset_consumes_1_never_scheduled to None, run_after=None
[2025-08-14T17:58:43.695+0000] {logging_mixin.py:188} INFO - [2025-08-14T17:58:43.695+0000] {dag.py:3834} INFO - Setting next_dagrun for dataset_consumes_unknown_never_scheduled to None, run_after=None
[2025-08-14T17:58:43.701+0000] {logging_mixin.py:188} INFO - [2025-08-14T17:58:43.700+0000] {dag.py:3834} INFO - Setting next_dagrun for dataset_produces_1 to 2025-08-13 00:00:00+00:00, run_after=2025-08-14 00:00:00+00:00
[2025-08-14T17:58:43.703+0000] {logging_mixin.py:188} INFO - [2025-08-14T17:58:43.702+0000] {dag.py:3834} INFO - Setting next_dagrun for dataset_produces_2 to None, run_after=None
[2025-08-14T17:58:43.727+0000] {processor.py:183} INFO - Processing /home/airflow/.local/lib/python3.8/site-packages/airflow/example_dags/example_datasets.py took 0.149 seconds
[2025-08-14T17:59:13.855+0000] {processor.py:161} INFO - Started process (PID=2564) to work on /home/airflow/.local/lib/python3.8/site-packages/airflow/example_dags/example_datasets.py
[2025-08-14T17:59:13.857+0000] {processor.py:830} INFO - Processing file /home/airflow/.local/lib/python3.8/site-packages/airflow/example_dags/example_datasets.py for tasks to queue
[2025-08-14T17:59:13.859+0000] {logging_mixin.py:188} INFO - [2025-08-14T17:59:13.859+0000] {dagbag.py:540} INFO - Filling up the DagBag from /home/airflow/.local/lib/python3.8/site-packages/airflow/example_dags/example_datasets.py
[2025-08-14T17:59:13.873+0000] {processor.py:840} INFO - DAG(s) 'dataset_produces_1', 'dataset_consumes_1_never_scheduled', 'dataset_consumes_unknown_never_scheduled', 'dataset_consumes_1_and_2', 'dataset_consumes_1', 'dataset_produces_2' retrieved from /home/airflow/.local/lib/python3.8/site-packages/airflow/example_dags/example_datasets.py
[2025-08-14T17:59:13.925+0000] {logging_mixin.py:188} INFO - [2025-08-14T17:59:13.925+0000] {dag.py:3047} INFO - Sync 6 DAGs
[2025-08-14T17:59:13.949+0000] {logging_mixin.py:188} INFO - [2025-08-14T17:59:13.949+0000] {dag.py:3834} INFO - Setting next_dagrun for dataset_consumes_1 to None, run_after=None
[2025-08-14T17:59:13.952+0000] {logging_mixin.py:188} INFO - [2025-08-14T17:59:13.952+0000] {dag.py:3834} INFO - Setting next_dagrun for dataset_consumes_1_and_2 to None, run_after=None
[2025-08-14T17:59:13.953+0000] {logging_mixin.py:188} INFO - [2025-08-14T17:59:13.953+0000] {dag.py:3834} INFO - Setting next_dagrun for dataset_consumes_1_never_scheduled to None, run_after=None
[2025-08-14T17:59:13.957+0000] {logging_mixin.py:188} INFO - [2025-08-14T17:59:13.957+0000] {dag.py:3834} INFO - Setting next_dagrun for dataset_consumes_unknown_never_scheduled to None, run_after=None
[2025-08-14T17:59:13.959+0000] {logging_mixin.py:188} INFO - [2025-08-14T17:59:13.959+0000] {dag.py:3834} INFO - Setting next_dagrun for dataset_produces_1 to 2025-08-13 00:00:00+00:00, run_after=2025-08-14 00:00:00+00:00
[2025-08-14T17:59:13.962+0000] {logging_mixin.py:188} INFO - [2025-08-14T17:59:13.962+0000] {dag.py:3834} INFO - Setting next_dagrun for dataset_produces_2 to None, run_after=None
[2025-08-14T17:59:13.984+0000] {processor.py:183} INFO - Processing /home/airflow/.local/lib/python3.8/site-packages/airflow/example_dags/example_datasets.py took 0.133 seconds
[2025-08-14T17:59:44.994+0000] {processor.py:161} INFO - Started process (PID=2620) to work on /home/airflow/.local/lib/python3.8/site-packages/airflow/example_dags/example_datasets.py
[2025-08-14T17:59:44.998+0000] {processor.py:830} INFO - Processing file /home/airflow/.local/lib/python3.8/site-packages/airflow/example_dags/example_datasets.py for tasks to queue
[2025-08-14T17:59:45.001+0000] {logging_mixin.py:188} INFO - [2025-08-14T17:59:45.001+0000] {dagbag.py:540} INFO - Filling up the DagBag from /home/airflow/.local/lib/python3.8/site-packages/airflow/example_dags/example_datasets.py
[2025-08-14T17:59:45.011+0000] {processor.py:840} INFO - DAG(s) 'dataset_produces_2', 'dataset_consumes_unknown_never_scheduled', 'dataset_produces_1', 'dataset_consumes_1_and_2', 'dataset_consumes_1_never_scheduled', 'dataset_consumes_1' retrieved from /home/airflow/.local/lib/python3.8/site-packages/airflow/example_dags/example_datasets.py
[2025-08-14T17:59:45.051+0000] {logging_mixin.py:188} INFO - [2025-08-14T17:59:45.051+0000] {dag.py:3047} INFO - Sync 6 DAGs
[2025-08-14T17:59:45.066+0000] {logging_mixin.py:188} INFO - [2025-08-14T17:59:45.066+0000] {dag.py:3834} INFO - Setting next_dagrun for dataset_consumes_1 to None, run_after=None
[2025-08-14T17:59:45.069+0000] {logging_mixin.py:188} INFO - [2025-08-14T17:59:45.069+0000] {dag.py:3834} INFO - Setting next_dagrun for dataset_consumes_1_and_2 to None, run_after=None
[2025-08-14T17:59:45.070+0000] {logging_mixin.py:188} INFO - [2025-08-14T17:59:45.069+0000] {dag.py:3834} INFO - Setting next_dagrun for dataset_consumes_1_never_scheduled to None, run_after=None
[2025-08-14T17:59:45.070+0000] {logging_mixin.py:188} INFO - [2025-08-14T17:59:45.070+0000] {dag.py:3834} INFO - Setting next_dagrun for dataset_consumes_unknown_never_scheduled to None, run_after=None
[2025-08-14T17:59:45.072+0000] {logging_mixin.py:188} INFO - [2025-08-14T17:59:45.072+0000] {dag.py:3834} INFO - Setting next_dagrun for dataset_produces_1 to 2025-08-13 00:00:00+00:00, run_after=2025-08-14 00:00:00+00:00
[2025-08-14T17:59:45.073+0000] {logging_mixin.py:188} INFO - [2025-08-14T17:59:45.073+0000] {dag.py:3834} INFO - Setting next_dagrun for dataset_produces_2 to None, run_after=None
[2025-08-14T17:59:45.092+0000] {processor.py:183} INFO - Processing /home/airflow/.local/lib/python3.8/site-packages/airflow/example_dags/example_datasets.py took 0.103 seconds
[2025-08-14T18:00:15.573+0000] {processor.py:161} INFO - Started process (PID=2675) to work on /home/airflow/.local/lib/python3.8/site-packages/airflow/example_dags/example_datasets.py
[2025-08-14T18:00:15.581+0000] {processor.py:830} INFO - Processing file /home/airflow/.local/lib/python3.8/site-packages/airflow/example_dags/example_datasets.py for tasks to queue
[2025-08-14T18:00:15.583+0000] {logging_mixin.py:188} INFO - [2025-08-14T18:00:15.583+0000] {dagbag.py:540} INFO - Filling up the DagBag from /home/airflow/.local/lib/python3.8/site-packages/airflow/example_dags/example_datasets.py
[2025-08-14T18:00:15.595+0000] {processor.py:840} INFO - DAG(s) 'dataset_consumes_1', 'dataset_consumes_unknown_never_scheduled', 'dataset_produces_2', 'dataset_consumes_1_and_2', 'dataset_consumes_1_never_scheduled', 'dataset_produces_1' retrieved from /home/airflow/.local/lib/python3.8/site-packages/airflow/example_dags/example_datasets.py
[2025-08-14T18:00:15.656+0000] {logging_mixin.py:188} INFO - [2025-08-14T18:00:15.656+0000] {dag.py:3047} INFO - Sync 6 DAGs
[2025-08-14T18:00:15.687+0000] {logging_mixin.py:188} INFO - [2025-08-14T18:00:15.687+0000] {dag.py:3834} INFO - Setting next_dagrun for dataset_consumes_1 to None, run_after=None
[2025-08-14T18:00:15.689+0000] {logging_mixin.py:188} INFO - [2025-08-14T18:00:15.689+0000] {dag.py:3834} INFO - Setting next_dagrun for dataset_consumes_1_and_2 to None, run_after=None
[2025-08-14T18:00:15.691+0000] {logging_mixin.py:188} INFO - [2025-08-14T18:00:15.691+0000] {dag.py:3834} INFO - Setting next_dagrun for dataset_consumes_1_never_scheduled to None, run_after=None
[2025-08-14T18:00:15.692+0000] {logging_mixin.py:188} INFO - [2025-08-14T18:00:15.691+0000] {dag.py:3834} INFO - Setting next_dagrun for dataset_consumes_unknown_never_scheduled to None, run_after=None
[2025-08-14T18:00:15.693+0000] {logging_mixin.py:188} INFO - [2025-08-14T18:00:15.693+0000] {dag.py:3834} INFO - Setting next_dagrun for dataset_produces_1 to 2025-08-13 00:00:00+00:00, run_after=2025-08-14 00:00:00+00:00
[2025-08-14T18:00:15.695+0000] {logging_mixin.py:188} INFO - [2025-08-14T18:00:15.695+0000] {dag.py:3834} INFO - Setting next_dagrun for dataset_produces_2 to None, run_after=None
[2025-08-14T18:00:15.715+0000] {processor.py:183} INFO - Processing /home/airflow/.local/lib/python3.8/site-packages/airflow/example_dags/example_datasets.py took 0.149 seconds
[2025-08-14T18:00:45.797+0000] {processor.py:161} INFO - Started process (PID=2731) to work on /home/airflow/.local/lib/python3.8/site-packages/airflow/example_dags/example_datasets.py
[2025-08-14T18:00:45.798+0000] {processor.py:830} INFO - Processing file /home/airflow/.local/lib/python3.8/site-packages/airflow/example_dags/example_datasets.py for tasks to queue
[2025-08-14T18:00:45.800+0000] {logging_mixin.py:188} INFO - [2025-08-14T18:00:45.800+0000] {dagbag.py:540} INFO - Filling up the DagBag from /home/airflow/.local/lib/python3.8/site-packages/airflow/example_dags/example_datasets.py
[2025-08-14T18:00:45.809+0000] {processor.py:840} INFO - DAG(s) 'dataset_consumes_unknown_never_scheduled', 'dataset_consumes_1_and_2', 'dataset_produces_1', 'dataset_consumes_1_never_scheduled', 'dataset_produces_2', 'dataset_consumes_1' retrieved from /home/airflow/.local/lib/python3.8/site-packages/airflow/example_dags/example_datasets.py
[2025-08-14T18:00:45.843+0000] {logging_mixin.py:188} INFO - [2025-08-14T18:00:45.843+0000] {dag.py:3047} INFO - Sync 6 DAGs
[2025-08-14T18:00:45.862+0000] {logging_mixin.py:188} INFO - [2025-08-14T18:00:45.862+0000] {dag.py:3834} INFO - Setting next_dagrun for dataset_consumes_1 to None, run_after=None
[2025-08-14T18:00:45.865+0000] {logging_mixin.py:188} INFO - [2025-08-14T18:00:45.865+0000] {dag.py:3834} INFO - Setting next_dagrun for dataset_consumes_1_and_2 to None, run_after=None
[2025-08-14T18:00:45.867+0000] {logging_mixin.py:188} INFO - [2025-08-14T18:00:45.867+0000] {dag.py:3834} INFO - Setting next_dagrun for dataset_consumes_1_never_scheduled to None, run_after=None
[2025-08-14T18:00:45.868+0000] {logging_mixin.py:188} INFO - [2025-08-14T18:00:45.868+0000] {dag.py:3834} INFO - Setting next_dagrun for dataset_consumes_unknown_never_scheduled to None, run_after=None
[2025-08-14T18:00:45.870+0000] {logging_mixin.py:188} INFO - [2025-08-14T18:00:45.870+0000] {dag.py:3834} INFO - Setting next_dagrun for dataset_produces_1 to 2025-08-13 00:00:00+00:00, run_after=2025-08-14 00:00:00+00:00
[2025-08-14T18:00:45.871+0000] {logging_mixin.py:188} INFO - [2025-08-14T18:00:45.871+0000] {dag.py:3834} INFO - Setting next_dagrun for dataset_produces_2 to None, run_after=None
[2025-08-14T18:00:45.891+0000] {processor.py:183} INFO - Processing /home/airflow/.local/lib/python3.8/site-packages/airflow/example_dags/example_datasets.py took 0.098 seconds
[2025-08-14T18:01:16.104+0000] {processor.py:161} INFO - Started process (PID=2787) to work on /home/airflow/.local/lib/python3.8/site-packages/airflow/example_dags/example_datasets.py
[2025-08-14T18:01:16.108+0000] {processor.py:830} INFO - Processing file /home/airflow/.local/lib/python3.8/site-packages/airflow/example_dags/example_datasets.py for tasks to queue
[2025-08-14T18:01:16.110+0000] {logging_mixin.py:188} INFO - [2025-08-14T18:01:16.109+0000] {dagbag.py:540} INFO - Filling up the DagBag from /home/airflow/.local/lib/python3.8/site-packages/airflow/example_dags/example_datasets.py
[2025-08-14T18:01:16.120+0000] {processor.py:840} INFO - DAG(s) 'dataset_consumes_1_never_scheduled', 'dataset_consumes_1', 'dataset_produces_1', 'dataset_consumes_1_and_2', 'dataset_produces_2', 'dataset_consumes_unknown_never_scheduled' retrieved from /home/airflow/.local/lib/python3.8/site-packages/airflow/example_dags/example_datasets.py
[2025-08-14T18:01:16.163+0000] {logging_mixin.py:188} INFO - [2025-08-14T18:01:16.163+0000] {dag.py:3047} INFO - Sync 6 DAGs
[2025-08-14T18:01:16.185+0000] {logging_mixin.py:188} INFO - [2025-08-14T18:01:16.185+0000] {dag.py:3834} INFO - Setting next_dagrun for dataset_consumes_1 to None, run_after=None
[2025-08-14T18:01:16.188+0000] {logging_mixin.py:188} INFO - [2025-08-14T18:01:16.187+0000] {dag.py:3834} INFO - Setting next_dagrun for dataset_consumes_1_and_2 to None, run_after=None
[2025-08-14T18:01:16.188+0000] {logging_mixin.py:188} INFO - [2025-08-14T18:01:16.188+0000] {dag.py:3834} INFO - Setting next_dagrun for dataset_consumes_1_never_scheduled to None, run_after=None
[2025-08-14T18:01:16.190+0000] {logging_mixin.py:188} INFO - [2025-08-14T18:01:16.190+0000] {dag.py:3834} INFO - Setting next_dagrun for dataset_consumes_unknown_never_scheduled to None, run_after=None
[2025-08-14T18:01:16.192+0000] {logging_mixin.py:188} INFO - [2025-08-14T18:01:16.192+0000] {dag.py:3834} INFO - Setting next_dagrun for dataset_produces_1 to 2025-08-13 00:00:00+00:00, run_after=2025-08-14 00:00:00+00:00
[2025-08-14T18:01:16.195+0000] {logging_mixin.py:188} INFO - [2025-08-14T18:01:16.195+0000] {dag.py:3834} INFO - Setting next_dagrun for dataset_produces_2 to None, run_after=None
[2025-08-14T18:01:16.219+0000] {processor.py:183} INFO - Processing /home/airflow/.local/lib/python3.8/site-packages/airflow/example_dags/example_datasets.py took 0.118 seconds
[2025-08-14T18:01:46.672+0000] {processor.py:161} INFO - Started process (PID=2843) to work on /home/airflow/.local/lib/python3.8/site-packages/airflow/example_dags/example_datasets.py
[2025-08-14T18:01:46.677+0000] {processor.py:830} INFO - Processing file /home/airflow/.local/lib/python3.8/site-packages/airflow/example_dags/example_datasets.py for tasks to queue
[2025-08-14T18:01:46.685+0000] {logging_mixin.py:188} INFO - [2025-08-14T18:01:46.684+0000] {dagbag.py:540} INFO - Filling up the DagBag from /home/airflow/.local/lib/python3.8/site-packages/airflow/example_dags/example_datasets.py
[2025-08-14T18:01:46.709+0000] {processor.py:840} INFO - DAG(s) 'dataset_consumes_1', 'dataset_consumes_1_and_2', 'dataset_consumes_1_never_scheduled', 'dataset_consumes_unknown_never_scheduled', 'dataset_produces_1', 'dataset_produces_2' retrieved from /home/airflow/.local/lib/python3.8/site-packages/airflow/example_dags/example_datasets.py
[2025-08-14T18:01:46.739+0000] {logging_mixin.py:188} INFO - [2025-08-14T18:01:46.739+0000] {dag.py:3047} INFO - Sync 6 DAGs
[2025-08-14T18:01:46.774+0000] {logging_mixin.py:188} INFO - [2025-08-14T18:01:46.773+0000] {dag.py:3834} INFO - Setting next_dagrun for dataset_consumes_1 to None, run_after=None
[2025-08-14T18:01:46.779+0000] {logging_mixin.py:188} INFO - [2025-08-14T18:01:46.779+0000] {dag.py:3834} INFO - Setting next_dagrun for dataset_consumes_1_and_2 to None, run_after=None
[2025-08-14T18:01:46.781+0000] {logging_mixin.py:188} INFO - [2025-08-14T18:01:46.781+0000] {dag.py:3834} INFO - Setting next_dagrun for dataset_consumes_1_never_scheduled to None, run_after=None
[2025-08-14T18:01:46.782+0000] {logging_mixin.py:188} INFO - [2025-08-14T18:01:46.782+0000] {dag.py:3834} INFO - Setting next_dagrun for dataset_consumes_unknown_never_scheduled to None, run_after=None
[2025-08-14T18:01:46.784+0000] {logging_mixin.py:188} INFO - [2025-08-14T18:01:46.784+0000] {dag.py:3834} INFO - Setting next_dagrun for dataset_produces_1 to 2025-08-13 00:00:00+00:00, run_after=2025-08-14 00:00:00+00:00
[2025-08-14T18:01:46.785+0000] {logging_mixin.py:188} INFO - [2025-08-14T18:01:46.785+0000] {dag.py:3834} INFO - Setting next_dagrun for dataset_produces_2 to None, run_after=None
[2025-08-14T18:01:46.811+0000] {processor.py:183} INFO - Processing /home/airflow/.local/lib/python3.8/site-packages/airflow/example_dags/example_datasets.py took 0.141 seconds
[2025-08-14T18:02:17.288+0000] {processor.py:161} INFO - Started process (PID=2899) to work on /home/airflow/.local/lib/python3.8/site-packages/airflow/example_dags/example_datasets.py
[2025-08-14T18:02:17.290+0000] {processor.py:830} INFO - Processing file /home/airflow/.local/lib/python3.8/site-packages/airflow/example_dags/example_datasets.py for tasks to queue
[2025-08-14T18:02:17.298+0000] {logging_mixin.py:188} INFO - [2025-08-14T18:02:17.297+0000] {dagbag.py:540} INFO - Filling up the DagBag from /home/airflow/.local/lib/python3.8/site-packages/airflow/example_dags/example_datasets.py
[2025-08-14T18:02:17.314+0000] {processor.py:840} INFO - DAG(s) 'dataset_produces_1', 'dataset_consumes_1_and_2', 'dataset_produces_2', 'dataset_consumes_1_never_scheduled', 'dataset_consumes_1', 'dataset_consumes_unknown_never_scheduled' retrieved from /home/airflow/.local/lib/python3.8/site-packages/airflow/example_dags/example_datasets.py
[2025-08-14T18:02:17.363+0000] {logging_mixin.py:188} INFO - [2025-08-14T18:02:17.363+0000] {dag.py:3047} INFO - Sync 6 DAGs
[2025-08-14T18:02:17.384+0000] {logging_mixin.py:188} INFO - [2025-08-14T18:02:17.384+0000] {dag.py:3834} INFO - Setting next_dagrun for dataset_consumes_1 to None, run_after=None
[2025-08-14T18:02:17.387+0000] {logging_mixin.py:188} INFO - [2025-08-14T18:02:17.387+0000] {dag.py:3834} INFO - Setting next_dagrun for dataset_consumes_1_and_2 to None, run_after=None
[2025-08-14T18:02:17.388+0000] {logging_mixin.py:188} INFO - [2025-08-14T18:02:17.388+0000] {dag.py:3834} INFO - Setting next_dagrun for dataset_consumes_1_never_scheduled to None, run_after=None
[2025-08-14T18:02:17.391+0000] {logging_mixin.py:188} INFO - [2025-08-14T18:02:17.391+0000] {dag.py:3834} INFO - Setting next_dagrun for dataset_consumes_unknown_never_scheduled to None, run_after=None
[2025-08-14T18:02:17.393+0000] {logging_mixin.py:188} INFO - [2025-08-14T18:02:17.393+0000] {dag.py:3834} INFO - Setting next_dagrun for dataset_produces_1 to 2025-08-13 00:00:00+00:00, run_after=2025-08-14 00:00:00+00:00
[2025-08-14T18:02:17.394+0000] {logging_mixin.py:188} INFO - [2025-08-14T18:02:17.394+0000] {dag.py:3834} INFO - Setting next_dagrun for dataset_produces_2 to None, run_after=None
[2025-08-14T18:02:17.416+0000] {processor.py:183} INFO - Processing /home/airflow/.local/lib/python3.8/site-packages/airflow/example_dags/example_datasets.py took 0.134 seconds
[2025-08-14T18:02:48.111+0000] {processor.py:161} INFO - Started process (PID=2955) to work on /home/airflow/.local/lib/python3.8/site-packages/airflow/example_dags/example_datasets.py
[2025-08-14T18:02:48.114+0000] {processor.py:830} INFO - Processing file /home/airflow/.local/lib/python3.8/site-packages/airflow/example_dags/example_datasets.py for tasks to queue
[2025-08-14T18:02:48.120+0000] {logging_mixin.py:188} INFO - [2025-08-14T18:02:48.120+0000] {dagbag.py:540} INFO - Filling up the DagBag from /home/airflow/.local/lib/python3.8/site-packages/airflow/example_dags/example_datasets.py
[2025-08-14T18:02:48.141+0000] {processor.py:840} INFO - DAG(s) 'dataset_produces_1', 'dataset_consumes_1_and_2', 'dataset_consumes_1', 'dataset_produces_2', 'dataset_consumes_1_never_scheduled', 'dataset_consumes_unknown_never_scheduled' retrieved from /home/airflow/.local/lib/python3.8/site-packages/airflow/example_dags/example_datasets.py
[2025-08-14T18:02:48.183+0000] {logging_mixin.py:188} INFO - [2025-08-14T18:02:48.182+0000] {dag.py:3047} INFO - Sync 6 DAGs
[2025-08-14T18:02:48.213+0000] {logging_mixin.py:188} INFO - [2025-08-14T18:02:48.213+0000] {dag.py:3834} INFO - Setting next_dagrun for dataset_consumes_1 to None, run_after=None
[2025-08-14T18:02:48.218+0000] {logging_mixin.py:188} INFO - [2025-08-14T18:02:48.218+0000] {dag.py:3834} INFO - Setting next_dagrun for dataset_consumes_1_and_2 to None, run_after=None
[2025-08-14T18:02:48.220+0000] {logging_mixin.py:188} INFO - [2025-08-14T18:02:48.220+0000] {dag.py:3834} INFO - Setting next_dagrun for dataset_consumes_1_never_scheduled to None, run_after=None
[2025-08-14T18:02:48.222+0000] {logging_mixin.py:188} INFO - [2025-08-14T18:02:48.222+0000] {dag.py:3834} INFO - Setting next_dagrun for dataset_consumes_unknown_never_scheduled to None, run_after=None
[2025-08-14T18:02:48.225+0000] {logging_mixin.py:188} INFO - [2025-08-14T18:02:48.225+0000] {dag.py:3834} INFO - Setting next_dagrun for dataset_produces_1 to 2025-08-13 00:00:00+00:00, run_after=2025-08-14 00:00:00+00:00
[2025-08-14T18:02:48.227+0000] {logging_mixin.py:188} INFO - [2025-08-14T18:02:48.227+0000] {dag.py:3834} INFO - Setting next_dagrun for dataset_produces_2 to None, run_after=None
[2025-08-14T18:02:48.248+0000] {processor.py:183} INFO - Processing /home/airflow/.local/lib/python3.8/site-packages/airflow/example_dags/example_datasets.py took 0.145 seconds
[2025-08-14T18:03:19.245+0000] {processor.py:161} INFO - Started process (PID=3011) to work on /home/airflow/.local/lib/python3.8/site-packages/airflow/example_dags/example_datasets.py
[2025-08-14T18:03:19.249+0000] {processor.py:830} INFO - Processing file /home/airflow/.local/lib/python3.8/site-packages/airflow/example_dags/example_datasets.py for tasks to queue
[2025-08-14T18:03:19.253+0000] {logging_mixin.py:188} INFO - [2025-08-14T18:03:19.253+0000] {dagbag.py:540} INFO - Filling up the DagBag from /home/airflow/.local/lib/python3.8/site-packages/airflow/example_dags/example_datasets.py
[2025-08-14T18:03:19.275+0000] {processor.py:840} INFO - DAG(s) 'dataset_consumes_1', 'dataset_consumes_1_never_scheduled', 'dataset_produces_1', 'dataset_produces_2', 'dataset_consumes_1_and_2', 'dataset_consumes_unknown_never_scheduled' retrieved from /home/airflow/.local/lib/python3.8/site-packages/airflow/example_dags/example_datasets.py
[2025-08-14T18:03:19.327+0000] {logging_mixin.py:188} INFO - [2025-08-14T18:03:19.327+0000] {dag.py:3047} INFO - Sync 6 DAGs
[2025-08-14T18:03:19.346+0000] {logging_mixin.py:188} INFO - [2025-08-14T18:03:19.346+0000] {dag.py:3834} INFO - Setting next_dagrun for dataset_consumes_1 to None, run_after=None
[2025-08-14T18:03:19.349+0000] {logging_mixin.py:188} INFO - [2025-08-14T18:03:19.349+0000] {dag.py:3834} INFO - Setting next_dagrun for dataset_consumes_1_and_2 to None, run_after=None
[2025-08-14T18:03:19.351+0000] {logging_mixin.py:188} INFO - [2025-08-14T18:03:19.351+0000] {dag.py:3834} INFO - Setting next_dagrun for dataset_consumes_1_never_scheduled to None, run_after=None
[2025-08-14T18:03:19.354+0000] {logging_mixin.py:188} INFO - [2025-08-14T18:03:19.353+0000] {dag.py:3834} INFO - Setting next_dagrun for dataset_consumes_unknown_never_scheduled to None, run_after=None
[2025-08-14T18:03:19.355+0000] {logging_mixin.py:188} INFO - [2025-08-14T18:03:19.355+0000] {dag.py:3834} INFO - Setting next_dagrun for dataset_produces_1 to 2025-08-13 00:00:00+00:00, run_after=2025-08-14 00:00:00+00:00
[2025-08-14T18:03:19.357+0000] {logging_mixin.py:188} INFO - [2025-08-14T18:03:19.356+0000] {dag.py:3834} INFO - Setting next_dagrun for dataset_produces_2 to None, run_after=None
[2025-08-14T18:03:19.394+0000] {processor.py:183} INFO - Processing /home/airflow/.local/lib/python3.8/site-packages/airflow/example_dags/example_datasets.py took 0.156 seconds
[2025-08-14T18:03:50.427+0000] {processor.py:161} INFO - Started process (PID=3073) to work on /home/airflow/.local/lib/python3.8/site-packages/airflow/example_dags/example_datasets.py
[2025-08-14T18:03:50.429+0000] {processor.py:830} INFO - Processing file /home/airflow/.local/lib/python3.8/site-packages/airflow/example_dags/example_datasets.py for tasks to queue
[2025-08-14T18:03:50.434+0000] {logging_mixin.py:188} INFO - [2025-08-14T18:03:50.434+0000] {dagbag.py:540} INFO - Filling up the DagBag from /home/airflow/.local/lib/python3.8/site-packages/airflow/example_dags/example_datasets.py
[2025-08-14T18:03:50.452+0000] {processor.py:840} INFO - DAG(s) 'dataset_produces_1', 'dataset_consumes_1', 'dataset_consumes_1_and_2', 'dataset_consumes_unknown_never_scheduled', 'dataset_consumes_1_never_scheduled', 'dataset_produces_2' retrieved from /home/airflow/.local/lib/python3.8/site-packages/airflow/example_dags/example_datasets.py
[2025-08-14T18:03:50.495+0000] {logging_mixin.py:188} INFO - [2025-08-14T18:03:50.494+0000] {dag.py:3047} INFO - Sync 6 DAGs
[2025-08-14T18:03:50.511+0000] {logging_mixin.py:188} INFO - [2025-08-14T18:03:50.511+0000] {dag.py:3834} INFO - Setting next_dagrun for dataset_consumes_1 to None, run_after=None
[2025-08-14T18:03:50.515+0000] {logging_mixin.py:188} INFO - [2025-08-14T18:03:50.514+0000] {dag.py:3834} INFO - Setting next_dagrun for dataset_consumes_1_and_2 to None, run_after=None
[2025-08-14T18:03:50.515+0000] {logging_mixin.py:188} INFO - [2025-08-14T18:03:50.515+0000] {dag.py:3834} INFO - Setting next_dagrun for dataset_consumes_1_never_scheduled to None, run_after=None
[2025-08-14T18:03:50.516+0000] {logging_mixin.py:188} INFO - [2025-08-14T18:03:50.516+0000] {dag.py:3834} INFO - Setting next_dagrun for dataset_consumes_unknown_never_scheduled to None, run_after=None
[2025-08-14T18:03:50.518+0000] {logging_mixin.py:188} INFO - [2025-08-14T18:03:50.518+0000] {dag.py:3834} INFO - Setting next_dagrun for dataset_produces_1 to 2025-08-13 00:00:00+00:00, run_after=2025-08-14 00:00:00+00:00
[2025-08-14T18:03:50.520+0000] {logging_mixin.py:188} INFO - [2025-08-14T18:03:50.520+0000] {dag.py:3834} INFO - Setting next_dagrun for dataset_produces_2 to None, run_after=None
[2025-08-14T18:03:50.541+0000] {processor.py:183} INFO - Processing /home/airflow/.local/lib/python3.8/site-packages/airflow/example_dags/example_datasets.py took 0.118 seconds
[2025-08-14T18:04:21.177+0000] {processor.py:161} INFO - Started process (PID=3129) to work on /home/airflow/.local/lib/python3.8/site-packages/airflow/example_dags/example_datasets.py
[2025-08-14T18:04:21.180+0000] {processor.py:830} INFO - Processing file /home/airflow/.local/lib/python3.8/site-packages/airflow/example_dags/example_datasets.py for tasks to queue
[2025-08-14T18:04:21.184+0000] {logging_mixin.py:188} INFO - [2025-08-14T18:04:21.184+0000] {dagbag.py:540} INFO - Filling up the DagBag from /home/airflow/.local/lib/python3.8/site-packages/airflow/example_dags/example_datasets.py
[2025-08-14T18:04:21.203+0000] {processor.py:840} INFO - DAG(s) 'dataset_produces_1', 'dataset_consumes_1', 'dataset_consumes_unknown_never_scheduled', 'dataset_consumes_1_and_2', 'dataset_consumes_1_never_scheduled', 'dataset_produces_2' retrieved from /home/airflow/.local/lib/python3.8/site-packages/airflow/example_dags/example_datasets.py
[2025-08-14T18:04:21.247+0000] {logging_mixin.py:188} INFO - [2025-08-14T18:04:21.246+0000] {dag.py:3047} INFO - Sync 6 DAGs
[2025-08-14T18:04:21.264+0000] {logging_mixin.py:188} INFO - [2025-08-14T18:04:21.264+0000] {dag.py:3834} INFO - Setting next_dagrun for dataset_consumes_1 to None, run_after=None
[2025-08-14T18:04:21.267+0000] {logging_mixin.py:188} INFO - [2025-08-14T18:04:21.267+0000] {dag.py:3834} INFO - Setting next_dagrun for dataset_consumes_1_and_2 to None, run_after=None
[2025-08-14T18:04:21.268+0000] {logging_mixin.py:188} INFO - [2025-08-14T18:04:21.268+0000] {dag.py:3834} INFO - Setting next_dagrun for dataset_consumes_1_never_scheduled to None, run_after=None
[2025-08-14T18:04:21.271+0000] {logging_mixin.py:188} INFO - [2025-08-14T18:04:21.271+0000] {dag.py:3834} INFO - Setting next_dagrun for dataset_consumes_unknown_never_scheduled to None, run_after=None
[2025-08-14T18:04:21.273+0000] {logging_mixin.py:188} INFO - [2025-08-14T18:04:21.273+0000] {dag.py:3834} INFO - Setting next_dagrun for dataset_produces_1 to 2025-08-13 00:00:00+00:00, run_after=2025-08-14 00:00:00+00:00
[2025-08-14T18:04:21.275+0000] {logging_mixin.py:188} INFO - [2025-08-14T18:04:21.275+0000] {dag.py:3834} INFO - Setting next_dagrun for dataset_produces_2 to None, run_after=None
[2025-08-14T18:04:21.303+0000] {processor.py:183} INFO - Processing /home/airflow/.local/lib/python3.8/site-packages/airflow/example_dags/example_datasets.py took 0.133 seconds
[2025-08-14T18:04:51.679+0000] {processor.py:161} INFO - Started process (PID=3185) to work on /home/airflow/.local/lib/python3.8/site-packages/airflow/example_dags/example_datasets.py
[2025-08-14T18:04:51.682+0000] {processor.py:830} INFO - Processing file /home/airflow/.local/lib/python3.8/site-packages/airflow/example_dags/example_datasets.py for tasks to queue
[2025-08-14T18:04:51.685+0000] {logging_mixin.py:188} INFO - [2025-08-14T18:04:51.685+0000] {dagbag.py:540} INFO - Filling up the DagBag from /home/airflow/.local/lib/python3.8/site-packages/airflow/example_dags/example_datasets.py
[2025-08-14T18:04:51.702+0000] {processor.py:840} INFO - DAG(s) 'dataset_consumes_1_never_scheduled', 'dataset_consumes_1', 'dataset_produces_1', 'dataset_consumes_unknown_never_scheduled', 'dataset_produces_2', 'dataset_consumes_1_and_2' retrieved from /home/airflow/.local/lib/python3.8/site-packages/airflow/example_dags/example_datasets.py
[2025-08-14T18:04:51.752+0000] {logging_mixin.py:188} INFO - [2025-08-14T18:04:51.751+0000] {dag.py:3047} INFO - Sync 6 DAGs
[2025-08-14T18:04:51.772+0000] {logging_mixin.py:188} INFO - [2025-08-14T18:04:51.772+0000] {dag.py:3834} INFO - Setting next_dagrun for dataset_consumes_1 to None, run_after=None
[2025-08-14T18:04:51.774+0000] {logging_mixin.py:188} INFO - [2025-08-14T18:04:51.774+0000] {dag.py:3834} INFO - Setting next_dagrun for dataset_consumes_1_and_2 to None, run_after=None
[2025-08-14T18:04:51.775+0000] {logging_mixin.py:188} INFO - [2025-08-14T18:04:51.775+0000] {dag.py:3834} INFO - Setting next_dagrun for dataset_consumes_1_never_scheduled to None, run_after=None
[2025-08-14T18:04:51.776+0000] {logging_mixin.py:188} INFO - [2025-08-14T18:04:51.776+0000] {dag.py:3834} INFO - Setting next_dagrun for dataset_consumes_unknown_never_scheduled to None, run_after=None
[2025-08-14T18:04:51.781+0000] {logging_mixin.py:188} INFO - [2025-08-14T18:04:51.781+0000] {dag.py:3834} INFO - Setting next_dagrun for dataset_produces_1 to 2025-08-13 00:00:00+00:00, run_after=2025-08-14 00:00:00+00:00
[2025-08-14T18:04:51.782+0000] {logging_mixin.py:188} INFO - [2025-08-14T18:04:51.782+0000] {dag.py:3834} INFO - Setting next_dagrun for dataset_produces_2 to None, run_after=None
[2025-08-14T18:04:51.808+0000] {processor.py:183} INFO - Processing /home/airflow/.local/lib/python3.8/site-packages/airflow/example_dags/example_datasets.py took 0.147 seconds
[2025-08-14T18:05:22.560+0000] {processor.py:161} INFO - Started process (PID=3241) to work on /home/airflow/.local/lib/python3.8/site-packages/airflow/example_dags/example_datasets.py
[2025-08-14T18:05:22.567+0000] {processor.py:830} INFO - Processing file /home/airflow/.local/lib/python3.8/site-packages/airflow/example_dags/example_datasets.py for tasks to queue
[2025-08-14T18:05:22.570+0000] {logging_mixin.py:188} INFO - [2025-08-14T18:05:22.570+0000] {dagbag.py:540} INFO - Filling up the DagBag from /home/airflow/.local/lib/python3.8/site-packages/airflow/example_dags/example_datasets.py
[2025-08-14T18:05:22.607+0000] {processor.py:840} INFO - DAG(s) 'dataset_produces_1', 'dataset_consumes_1_never_scheduled', 'dataset_consumes_1_and_2', 'dataset_consumes_1', 'dataset_consumes_unknown_never_scheduled', 'dataset_produces_2' retrieved from /home/airflow/.local/lib/python3.8/site-packages/airflow/example_dags/example_datasets.py
[2025-08-14T18:05:22.702+0000] {logging_mixin.py:188} INFO - [2025-08-14T18:05:22.698+0000] {dag.py:3047} INFO - Sync 6 DAGs
[2025-08-14T18:05:22.734+0000] {logging_mixin.py:188} INFO - [2025-08-14T18:05:22.734+0000] {dag.py:3834} INFO - Setting next_dagrun for dataset_consumes_1 to None, run_after=None
[2025-08-14T18:05:22.737+0000] {logging_mixin.py:188} INFO - [2025-08-14T18:05:22.737+0000] {dag.py:3834} INFO - Setting next_dagrun for dataset_consumes_1_and_2 to None, run_after=None
[2025-08-14T18:05:22.946+0000] {logging_mixin.py:188} INFO - [2025-08-14T18:05:22.946+0000] {dag.py:3834} INFO - Setting next_dagrun for dataset_consumes_1_never_scheduled to None, run_after=None
[2025-08-14T18:05:22.947+0000] {logging_mixin.py:188} INFO - [2025-08-14T18:05:22.947+0000] {dag.py:3834} INFO - Setting next_dagrun for dataset_consumes_unknown_never_scheduled to None, run_after=None
[2025-08-14T18:05:22.949+0000] {logging_mixin.py:188} INFO - [2025-08-14T18:05:22.949+0000] {dag.py:3834} INFO - Setting next_dagrun for dataset_produces_1 to 2025-08-13 00:00:00+00:00, run_after=2025-08-14 00:00:00+00:00
[2025-08-14T18:05:22.950+0000] {logging_mixin.py:188} INFO - [2025-08-14T18:05:22.950+0000] {dag.py:3834} INFO - Setting next_dagrun for dataset_produces_2 to None, run_after=None
[2025-08-14T18:05:22.970+0000] {processor.py:183} INFO - Processing /home/airflow/.local/lib/python3.8/site-packages/airflow/example_dags/example_datasets.py took 0.418 seconds
[2025-08-14T18:05:53.136+0000] {processor.py:161} INFO - Started process (PID=3297) to work on /home/airflow/.local/lib/python3.8/site-packages/airflow/example_dags/example_datasets.py
[2025-08-14T18:05:53.137+0000] {processor.py:830} INFO - Processing file /home/airflow/.local/lib/python3.8/site-packages/airflow/example_dags/example_datasets.py for tasks to queue
[2025-08-14T18:05:53.139+0000] {logging_mixin.py:188} INFO - [2025-08-14T18:05:53.139+0000] {dagbag.py:540} INFO - Filling up the DagBag from /home/airflow/.local/lib/python3.8/site-packages/airflow/example_dags/example_datasets.py
[2025-08-14T18:05:53.146+0000] {processor.py:840} INFO - DAG(s) 'dataset_consumes_unknown_never_scheduled', 'dataset_consumes_1_never_scheduled', 'dataset_consumes_1', 'dataset_produces_2', 'dataset_consumes_1_and_2', 'dataset_produces_1' retrieved from /home/airflow/.local/lib/python3.8/site-packages/airflow/example_dags/example_datasets.py
[2025-08-14T18:05:53.170+0000] {logging_mixin.py:188} INFO - [2025-08-14T18:05:53.170+0000] {dag.py:3047} INFO - Sync 6 DAGs
[2025-08-14T18:05:53.184+0000] {logging_mixin.py:188} INFO - [2025-08-14T18:05:53.183+0000] {dag.py:3834} INFO - Setting next_dagrun for dataset_consumes_1 to None, run_after=None
[2025-08-14T18:05:53.187+0000] {logging_mixin.py:188} INFO - [2025-08-14T18:05:53.187+0000] {dag.py:3834} INFO - Setting next_dagrun for dataset_consumes_1_and_2 to None, run_after=None
[2025-08-14T18:05:53.188+0000] {logging_mixin.py:188} INFO - [2025-08-14T18:05:53.188+0000] {dag.py:3834} INFO - Setting next_dagrun for dataset_consumes_1_never_scheduled to None, run_after=None
[2025-08-14T18:05:53.189+0000] {logging_mixin.py:188} INFO - [2025-08-14T18:05:53.189+0000] {dag.py:3834} INFO - Setting next_dagrun for dataset_consumes_unknown_never_scheduled to None, run_after=None
[2025-08-14T18:05:53.194+0000] {logging_mixin.py:188} INFO - [2025-08-14T18:05:53.194+0000] {dag.py:3834} INFO - Setting next_dagrun for dataset_produces_1 to 2025-08-13 00:00:00+00:00, run_after=2025-08-14 00:00:00+00:00
[2025-08-14T18:05:53.195+0000] {logging_mixin.py:188} INFO - [2025-08-14T18:05:53.195+0000] {dag.py:3834} INFO - Setting next_dagrun for dataset_produces_2 to None, run_after=None
[2025-08-14T18:05:53.403+0000] {processor.py:183} INFO - Processing /home/airflow/.local/lib/python3.8/site-packages/airflow/example_dags/example_datasets.py took 0.271 seconds
